timestamp,frame,joint,pos_x,pos_y,pos_z,rot_x,rot_y,rot_z,rot_w
1783532866.9783,0,root,-9.194572e-05,0.01817653,-0.0033142166,0.005177412,-0.0055591976,-0.0014726613,0.99997
1783532866.9783,0,hips_joint,-9.194572e-05,0.01817653,-0.0033142166,0.005177412,-0.0055591976,-0.0014726613,0.99997
1783532866.9783,0,left_upLeg_joint,0.1003586,-0.007112292,-0.0014987106,0.59781325,-0.4101107,0.5414156,-0.4257904
1783532866.9783,0,left_leg_joint,0.13293351,-0.40774706,0.12402655,-0.34998196,0.6332578,-0.33635014,0.6027982
1783532866.9783,0,left_foot_joint,0.11999464,-0.7958906,-0.117440745,0.6660292,-0.282678,0.636516,-0.26710603
1783532866.9783,0,left_toes_joint,0.12444789,-0.90268356,-0.013585482,0.7075344,-0.15131816,0.67560434,-0.14162175
1783532866.9783,0,left_toesEnd_joint,0.12695493,-0.9272805,0.04180738,0.70753443,-0.15131797,0.6756043,-0.14162196
1783532866.9783,0,right_upLeg_joint,-0.10070808,-0.0065037357,-0.003730721,0.42694232,0.52459943,0.5009899,0.5399302
1783532866.9783,0,right_leg_joint,-0.07864662,-0.42294243,0.05467768,0.5792919,0.3555722,0.6453511,0.34858426
1783532866.9783,0,right_foot_joint,-0.039399948,-0.81708527,-0.17388391,0.23674785,0.6371501,0.2930596,0.67238826
1783532866.9783,0,right_toes_joint,-0.041830864,-0.9207797,-0.066869855,0.111694336,0.67047316,0.16030577,0.71574575
1783532866.9783,0,right_toesEnd_joint,-0.044835676,-0.9437851,-0.010822224,0.111694835,0.67047334,0.1603053,0.7157456
1783532866.9783,0,spine_1_joint,-9.196549e-05,0.01817653,-0.0033142169,0.4793826,0.5147004,0.49285275,0.5122224
1783532866.9783,0,spine_2_joint,-0.0009921482,0.075636014,-0.0064653503,0.46870118,0.52499723,0.4867189,0.5174957
1783532866.9783,0,spine_3_joint,-0.0024329736,0.13295197,-0.0114791365,0.47372326,0.5174775,0.49678543,0.510889
1783532866.9783,0,spine_4_joint,-0.0039799,0.18589404,-0.014559965,0.49447,0.49433142,0.5195803,0.49109316
1783532866.9783,0,spine_5_joint,-0.0059953714,0.256306,-0.012788215,0.53368443,0.44849098,0.55833256,0.44977987
1783532866.9783,0,spine_6_joint,-0.008422425,0.3482531,0.005816357,0.54672503,0.42856288,0.5757113,0.43125683
1783532866.9783,0,spine_7_joint,-0.011674606,0.45142138,0.03434741,0.53983754,0.43678716,0.56966597,0.4396291
1783532866.9783,0,left_shoulder_1_joint,0.07434165,0.56381255,0.058327515,-0.6114366,0.025362467,-0.11754884,0.7821027
1783532866.9783,0,left_arm_joint,0.2151963,0.53264344,0.073423594,-0.35672766,0.33565176,-0.50760645,0.7088155
1783532866.9783,0,left_forearm_joint,0.28417918,0.27754354,0.043187346,-0.41507623,0.21679157,-0.6960289,0.54429555
1783532866.9783,0,left_hand_joint,0.26732138,0.026278324,0.13478294,0.6590601,-0.5920189,0.42540383,-0.1848935
1783532866.9783,0,left_handIndexStart_joint,0.25267416,0.007495929,0.15281582,0.6298552,-0.6031431,0.46695948,-0.14645956
1783532866.9783,0,left_handIndex_1_joint,0.23953013,-0.06450785,0.18586856,0.6298552,-0.6031431,0.46695948,-0.14645956
1783532866.9783,0,left_handIndex_2_joint,0.23188826,-0.1063705,0.20508528,0.6298552,-0.6031431,0.46695948,-0.14645956
1783532866.9783,0,left_handIndex_3_joint,0.22760883,-0.1298136,0.21584663,0.6298552,-0.6031431,0.46695948,-0.14645956
1783532866.9783,0,left_handIndexEnd_joint,0.22455208,-0.14655866,0.22353332,0.6298552,-0.6031431,0.46695948,-0.14645956
1783532866.9783,0,left_handMidStart_joint,0.26241636,0.0024869703,0.1462298,0.6601346,-0.59167814,0.42344508,-0.1866393
1783532866.9783,0,left_handMid_1_joint,0.2579484,-0.068909034,0.17193809,0.6601346,-0.59167814,0.42344508,-0.1866393
1783532866.9783,0,left_handMid_2_joint,0.25480878,-0.119079195,0.19000337,0.6601346,-0.59167814,0.42344508,-0.1866393
1783532866.9783,0,left_handMid_3_joint,0.25299746,-0.14802353,0.20042564,0.6601346,-0.59167814,0.42344508,-0.1866393
1783532866.9783,0,left_handMidEnd_joint,0.2517899,-0.16731974,0.20737383,0.6601346,-0.59167814,0.42344508,-0.1866393
1783532866.9783,0,left_handPinkyStart_joint,0.28208244,-0.0045842743,0.12800217,0.6804981,-0.59303814,0.3432716,-0.25960225
1783532866.9783,0,left_handPinky_1_joint,0.28595227,-0.06715539,0.13811688,0.6804981,-0.59303814,0.3432716,-0.25960225
1783532866.9783,0,left_handPinky_2_joint,0.28834248,-0.10580227,0.14436421,0.6804981,-0.59303814,0.3432716,-0.25960225
1783532866.9783,0,left_handPinky_3_joint,0.28959447,-0.12604587,0.1476366,0.6804981,-0.59303814,0.3432716,-0.25960225
1783532866.9783,0,left_handPinkyEnd_joint,0.29073265,-0.14444913,0.15061152,0.6804981,-0.59303814,0.3432716,-0.25960225
1783532866.9783,0,left_handRingStart_joint,0.27145398,-0.0012935733,0.13785543,0.6711459,-0.5929028,0.38446352,-0.22409348
1783532866.9783,0,left_handRing_1_joint,0.27154538,-0.068921,0.15534142,0.6711459,-0.5929028,0.38446352,-0.22409348
1783532866.9783,0,left_handRing_2_joint,0.2716099,-0.11665802,0.16768448,0.6711459,-0.5929028,0.38446352,-0.22409348
1783532866.9783,0,left_handRing_3_joint,0.27165022,-0.14649366,0.17539889,0.6711459,-0.5929028,0.38446352,-0.22409348
1783532866.9783,0,left_handRingEnd_joint,0.27167708,-0.16638409,0.18054181,0.6711459,-0.5929028,0.38446352,-0.22409348
1783532866.9783,0,left_handThumbStart_joint,0.24397884,0.0068737757,0.14518322,0.26464683,-0.14462498,0.9060489,-0.2968528
1783532866.9783,0,left_handThumb_1_joint,0.20726928,-0.026123561,0.16632208,0.26464683,-0.14462498,0.9060489,-0.2968528
1783532866.9783,0,left_handThumb_2_joint,0.1810289,-0.049707726,0.18143272,0.26464683,-0.14462496,0.9060489,-0.2968528
1783532866.9783,0,left_handThumbEnd_joint,0.16353531,-0.06543051,0.19150648,0.26464683,-0.14462493,0.9060489,-0.2968528
1783532866.9783,0,neck_1_joint,-0.01556966,0.5833044,0.058797196,0.58276004,0.37495574,0.6181169,0.37112123
1783532866.9783,0,neck_2_joint,-0.016929282,0.61017877,0.072060786,0.57206935,0.38870645,0.6126553,0.3824895
1783532866.9783,0,neck_3_joint,-0.019044423,0.64671487,0.0882052,0.55288976,0.41271943,0.6013239,0.40297145
1783532866.9783,0,neck_4_joint,-0.021598648,0.6843552,0.10149733,0.5342335,0.43470836,0.58934736,0.4222483
1783532866.9783,0,head_joint,-0.024949368,0.7288108,0.11418936,0.4746638,0.49776572,0.5386778,0.48657027
1783532866.9783,0,jaw_joint,-0.023310477,0.70373714,0.118505634,0.4746638,0.49776572,0.5386778,0.48657027
1783532866.9783,0,chin_joint,-0.0246827,0.6508037,0.21697482,0.4746638,0.49776572,0.5386778,0.48657027
1783532866.9783,0,left_eye_joint,0.0002521777,0.7610346,0.20325656,0.47898692,0.49360722,0.5429008,0.4818539
1783532866.9783,0,left_eyeLowerLid_joint,0.0002521777,0.7610346,0.20325656,0.47898692,0.49360722,0.5429008,0.4818539
1783532866.9783,0,left_eyeUpperLid_joint,0.0002521777,0.7610346,0.20325656,0.47898692,0.49360722,0.5429008,0.4818539
1783532866.9783,0,left_eyeball_joint,0.0002521777,0.7610346,0.20325656,0.47898692,0.49360722,0.5429008,0.4818539
1783532866.9783,0,nose_joint,-0.030632708,0.72540534,0.22398971,0.47898948,0.4936046,0.54290336,0.48185095
1783532866.9783,0,right_eye_joint,-0.06410988,0.75622857,0.19977611,0.47898692,0.49360722,0.5429008,0.4818539
1783532866.9783,0,right_eyeLowerLid_joint,-0.06410988,0.75622857,0.19977611,0.47898692,0.49360722,0.5429008,0.4818539
1783532866.9783,0,right_eyeUpperLid_joint,-0.06410988,0.75622857,0.19977611,0.47898692,0.49360722,0.5429008,0.4818539
1783532866.9783,0,right_eyeball_joint,-0.06410988,0.75622857,0.19977611,0.47898692,0.49360722,0.5429008,0.4818539
1783532866.9783,0,right_shoulder_1_joint,-0.1042294,0.5597034,0.05196722,0.78701395,0.12310147,0.06791922,0.6007019
1783532866.9783,0,right_arm_joint,-0.24354424,0.51976216,0.05791248,0.6900388,0.5135597,0.35496688,0.36619923
1783532866.9783,0,right_forearm_joint,-0.30219683,0.26209375,0.027656164,0.5265558,0.6983576,0.26289588,0.40733534
1783532866.9783,0,right_hand_joint,-0.27174586,0.0076229665,0.105923094,0.17538567,0.39951873,0.6302402,0.6422013
1783532866.9783,0,right_handIndexStart_joint,-0.25769526,-0.011185373,0.1224986,0.13197683,0.44238254,0.6412146,0.6129634
1783532866.9783,0,right_handIndex_1_joint,-0.24053152,-0.08369357,0.15246046,0.13197683,0.44238254,0.6412146,0.6129634
1783532866.9783,0,right_handIndex_2_joint,-0.23055214,-0.1258497,0.16987973,0.13197683,0.44238254,0.6412146,0.6129634
1783532866.9783,0,right_handIndex_3_joint,-0.22496425,-0.1494574,0.17963521,0.13197683,0.44238254,0.6412146,0.6129634
1783532866.9783,0,right_handIndexEnd_joint,-0.22097288,-0.16631974,0.18660337,0.13197683,0.44238254,0.6412146,0.6129634
1783532866.9783,0,right_handMidStart_joint,-0.26674598,-0.016536277,0.115230456,0.17476681,0.40005788,0.6306455,0.64163625
1783532866.9783,0,right_handMid_1_joint,-0.2579647,-0.08868448,0.13749923,0.17476681,0.40005788,0.6306455,0.64163625
1783532866.9783,0,right_handMid_2_joint,-0.25179443,-0.13938257,0.1531478,0.17476681,0.40005788,0.6306455,0.64163625
1783532866.9783,0,right_handMid_3_joint,-0.24823442,-0.16863164,0.16217571,0.17476681,0.40005788,0.6306455,0.64163625
1783532866.9783,0,right_handMidEnd_joint,-0.24586137,-0.18813066,0.16819443,0.17476681,0.40005788,0.6306455,0.64163625
1783532866.9783,0,right_handPinkyStart_joint,-0.28504083,-0.02404851,0.09579155,0.25112844,0.32222906,0.63228124,0.65827346
1783532866.9783,0,right_handPinky_1_joint,-0.28458226,-0.087185286,0.10256465,0.25112844,0.32222906,0.63228124,0.65827346
1783532866.9783,0,right_handPinky_2_joint,-0.28429934,-0.12618229,0.10674859,0.25112844,0.32222906,0.63228124,0.65827346
1783532866.9783,0,right_handPinky_3_joint,-0.28415066,-0.14660893,0.1089395,0.25112844,0.32222906,0.63228124,0.65827346
1783532866.9783,0,right_handPinkyEnd_joint,-0.28401586,-0.1651785,0.1109315,0.25112844,0.32222906,0.63228124,0.65827346
1783532866.9783,0,right_handRingStart_joint,-0.27511337,-0.020517856,0.10627295,0.21388745,0.36225125,0.6320882,0.650762
1783532866.9783,0,right_handRing_1_joint,-0.27081606,-0.08880719,0.12031933,0.21388745,0.36225125,0.6320882,0.650762
1783532866.9783,0,right_handRing_2_joint,-0.26778257,-0.13701099,0.13023412,0.21388745,0.36225125,0.6320882,0.650762
1783532866.9783,0,right_handRing_3_joint,-0.26588693,-0.16713879,0.13643137,0.21388745,0.36225125,0.6320882,0.650762
1783532866.9783,0,right_handRingEnd_joint,-0.26462248,-0.18722445,0.1405622,0.21388745,0.36225125,0.6320882,0.650762
1783532866.9783,0,right_handThumbStart_joint,-0.24866596,-0.010758359,0.115249164,0.26635143,0.906426,0.18433724,0.27105162
1783532866.9783,0,right_handThumb_1_joint,-0.2104796,-0.042054247,0.13635968,0.26635143,0.906426,0.18433723,0.27105162
1783532866.9783,0,right_handThumb_2_joint,-0.18318416,-0.064422004,0.15145053,0.26635143,0.906426,0.18433721,0.27105162
1783532866.9783,0,right_handThumbEnd_joint,-0.1649871,-0.07933402,0.16151032,0.26635143,0.906426,0.18433717,0.27105162
1783532866.9783,0,camera,-0.11869706,0.006649427,0.13605645,-0.06991269,-0.10774816,-0.71016544,0.6922193
1783532867.0119,1,root,5.5236425e-05,0.01845525,-0.003188945,0.005213045,-0.0051117777,-0.0009282457,0.9999729
1783532867.0119,1,hips_joint,5.5236425e-05,0.01845525,-0.003188945,0.005213045,-0.0051117777,-0.0009282457,0.9999729
1783532867.0119,1,left_upLeg_joint,0.10053496,-0.006723797,-0.0014644408,0.59859425,-0.41026142,0.54024124,-0.42603964
1783532867.0119,1,left_leg_joint,0.13407561,-0.40739653,0.12368479,-0.34952676,0.6347369,-0.33469045,0.6024302
1783532867.0119,1,left_foot_joint,0.12043994,-0.79472166,-0.11905497,0.66658306,-0.2841231,0.6349825,-0.26783985
1783532867.0119,1,left_toes_joint,0.1252302,-0.90186524,-0.0155764865,0.7083521,-0.15263209,0.67423767,-0.14263292
1783532867.0119,1,left_toesEnd_joint,0.1279126,-0.9266493,0.039724655,0.70835215,-0.1526319,0.67423767,-0.14263314
1783532867.0119,1,right_upLeg_joint,-0.10053418,-0.006335034,-0.0035176482,0.4267549,0.52540386,0.5009438,0.5393387
1783532867.0119,1,right_leg_joint,-0.0778003,-0.4227094,0.05509042,0.57924426,0.3569785,0.64432245,0.34912902
1783532867.0119,1,right_foot_joint,-0.03885041,-0.8175748,-0.17227188,0.23584314,0.6382278,0.29191402,0.6721827
1783532867.0119,1,right_toes_joint,-0.041071422,-0.92092574,-0.06492139,0.11060174,0.6713599,0.15921988,0.7153267
1783532867.0119,1,right_toesEnd_joint,-0.043973997,-0.94375175,-0.00879507,0.11060223,0.67136,0.15921941,0.7153266
1783532867.0119,1,spine_1_joint,5.5216646e-05,0.01845525,-0.0031889454,0.4793713,0.51504725,0.4929377,0.5118025
1783532867.0119,1,spine_2_joint,-0.0008957015,0.07591438,-0.0063315914,0.46869814,0.5252356,0.48680657,0.517174
1783532867.0119,1,spine_3_joint,-0.00237517,0.13323021,-0.011335571,0.4737052,0.5176424,0.4968707,0.5106557
1783532867.0119,1,spine_4_joint,-0.0039491905,0.1861719,-0.014409195,0.49440485,0.4944623,0.5196718,0.49092948
1783532867.0119,1,spine_5_joint,-0.0059963334,0.25658283,-0.012633513,0.5335613,0.44862542,0.5584298,0.4496703
1783532867.0119,1,spine_6_joint,-0.008466359,0.34852982,0.0059657427,0.54652,0.4287179,0.57583517,0.43119648
1783532867.0119,1,spine_7_joint,-0.011777573,0.45170158,0.03447726,0.5395118,0.43695626,0.5698641,0.4396033
1783532867.0119,1,left_shoulder_1_joint,0.074153386,0.564157,0.058461647,-0.61150026,0.024086265,-0.11726354,0.78213584
1783532867.0119,1,left_arm_joint,0.21504577,0.53327745,0.07379861,-0.35648644,0.3344673,-0.5076135,0.7094911
1783532867.0119,1,left_forearm_joint,0.28444704,0.27826014,0.043825004,-0.4136974,0.216072,-0.697355,0.54393333
1783532867.0119,1,left_hand_joint,0.26676577,0.027063217,0.1354522,0.657741,-0.59224224,0.42689607,-0.18543388
1783532867.0119,1,left_handIndexStart_joint,0.2520163,0.008316255,0.15343852,0.62844235,-0.6034002,0.46836293,-0.14698532
1783532867.0119,1,left_handIndex_1_joint,0.23861156,-0.06364917,0.18646996,0.62844235,-0.6034002,0.46836293,-0.14698532
1783532867.0119,1,left_handIndex_2_joint,0.2308181,-0.10548954,0.20567428,0.62844235,-0.6034002,0.46836293,-0.14698532
1783532867.0119,1,left_handIndex_3_joint,0.22645375,-0.12892014,0.2164287,0.62844235,-0.6034002,0.46836293,-0.14698532
1783532867.0119,1,left_handIndexEnd_joint,0.22333637,-0.14565629,0.22411042,0.62844235,-0.6034002,0.46836293,-0.14698532
1783532867.0119,1,left_handMidStart_joint,0.2617727,0.00328583,0.14688995,0.6588196,-0.5918998,0.4249409,-0.18718076
1783532867.0119,1,left_handMid_1_joint,0.25707194,-0.06809151,0.17260839,0.6588196,-0.5918998,0.4249409,-0.18718076
1783532867.0119,1,left_handMid_2_joint,0.25376868,-0.118248574,0.1906808,0.6588196,-0.5918998,0.4249409,-0.18718076
1783532867.0119,1,left_handMid_3_joint,0.25186297,-0.14718534,0.20110719,0.6588196,-0.5918998,0.4249409,-0.18718076
1783532867.0119,1,left_handMidEnd_joint,0.25059247,-0.16647652,0.20805812,0.6588196,-0.5918998,0.4249409,-0.18718076
1783532867.0119,1,left_handPinkyStart_joint,0.28149128,-0.0038306355,0.12873684,0.6793418,-0.59316164,0.34487617,-0.26022023
1783532867.0119,1,left_handPinky_1_joint,0.28520223,-0.06640529,0.13888894,0.6793418,-0.59316164,0.34487617,-0.26022023
1783532867.0119,1,left_handPinky_2_joint,0.28749433,-0.10505434,0.14515935,0.6793418,-0.59316164,0.34487617,-0.26022023
1783532867.0119,1,left_handPinky_3_joint,0.28869495,-0.12529908,0.14844386,0.6793418,-0.59316164,0.34487617,-0.26022023
1783532867.0119,1,left_handPinkyEnd_joint,0.2897864,-0.14370339,0.15142977,0.6793418,-0.59316164,0.34487617,-0.26022023
1783532867.0119,1,left_handRingStart_joint,0.2708334,-0.00051549193,0.13855001,0.66990787,-0.5930742,0.3860163,-0.22467303
1783532867.0119,1,left_handRing_1_joint,0.27072927,-0.06813628,0.15606144,0.66990787,-0.5930742,0.3860163,-0.22467303
1783532867.0119,1,left_handRing_2_joint,0.27065575,-0.115868606,0.16842246,0.66990787,-0.5930742,0.3860163,-0.22467303
1783532867.0119,1,left_handRing_3_joint,0.2706098,-0.1457013,0.1761481,0.66990787,-0.5930742,0.3860163,-0.22467303
1783532867.0119,1,left_handRingEnd_joint,0.27057916,-0.16558976,0.18129852,0.66990787,-0.5930742,0.3860163,-0.22467303
1783532867.0119,1,left_handThumbStart_joint,0.24334769,0.0077081476,0.1457745,0.2629091,-0.14417057,0.90684575,-0.29618314
1783532867.0119,1,left_handThumb_1_joint,0.20649712,-0.02520956,0.16679163,0.2629091,-0.14417057,0.90684575,-0.29618314
1783532867.0119,1,left_handThumb_2_joint,0.18015592,-0.0487368,0.18181525,0.2629091,-0.14417055,0.90684575,-0.29618314
1783532867.0119,1,left_handThumbEnd_joint,0.16259514,-0.06442163,0.19183101,0.2629091,-0.14417054,0.90684575,-0.29618314
1783532867.0119,1,neck_1_joint,-0.015771113,0.5835887,0.058888678,0.5824545,0.37516025,0.6183095,0.3710724
1783532867.0119,1,neck_2_joint,-0.01715422,0.6104658,0.0721442,0.57175875,0.38890424,0.61284757,0.38244385
1783532867.0119,1,neck_3_joint,-0.019300507,0.64700496,0.08827756,0.5525705,0.41290492,0.60151577,0.40293184
1783532867.0119,1,neck_4_joint,-0.021885447,0.68464726,0.10155815,0.53390676,0.434882,0.5895388,0.4222147
1783532867.0119,1,head_joint,-0.0252712,0.72910404,0.11423639,0.47431737,0.4978989,0.53886974,0.48655823
1783532867.0119,1,jaw_joint,-0.023617297,0.7040328,0.11856033,0.47431737,0.4978989,0.53886974,0.48655823
1783532867.0119,1,chin_joint,-0.024994781,0.6511259,0.21704364,0.47431737,0.4978989,0.53886974,0.48655823
1783532867.0119,1,left_eye_joint,-0.00012810946,0.7613696,0.20330499,0.47864172,0.49374342,0.54309267,0.48184016
1783532867.0119,1,left_eyeLowerLid_joint,-0.00012810946,0.7613696,0.20330499,0.47864172,0.49374342,0.54309267,0.48184016
1783532867.0119,1,left_eyeUpperLid_joint,-0.00012810946,0.7613696,0.20330499,0.47864172,0.49374342,0.54309267,0.48184016
1783532867.0119,1,left_eyeball_joint,-0.00012810946,0.7613696,0.20330499,0.47864172,0.49374342,0.54309267,0.48184016
1783532867.0119,1,nose_joint,-0.030997662,0.7257254,0.22403526,0.47864425,0.49374086,0.5430952,0.48183727
1783532867.0119,1,right_eye_joint,-0.06448543,0.75651944,0.19979925,0.47864172,0.49374342,0.54309267,0.48184016
1783532867.0119,1,right_eyeLowerLid_joint,-0.06448543,0.75651944,0.19979925,0.47864172,0.49374342,0.54309267,0.48184016
1783532867.0119,1,right_eyeUpperLid_joint,-0.06448543,0.75651944,0.19979925,0.47864172,0.49374342,0.54309267,0.48184016
1783532867.0119,1,right_eyeball_joint,-0.06448543,0.75651944,0.19979925,0.47864172,0.49374342,0.54309267,0.48184016
1783532867.0119,1,right_shoulder_1_joint,-0.10441213,0.55992633,0.052028596,0.786917,0.123284295,0.068339795,0.6007432
1783532867.0119,1,right_arm_joint,-0.24369726,0.51987267,0.057913087,0.68978083,0.5137066,0.35523468,0.36621892
1783532867.0119,1,right_forearm_joint,-0.3021683,0.26216498,0.027641244,0.5261832,0.6985001,0.2630994,0.40744033
1783532867.0119,1,right_hand_joint,-0.27155337,0.007734184,0.1059737,0.1750249,0.39950988,0.63048834,0.64206123
1783532867.0119,1,right_handIndexStart_joint,-0.25749543,-0.01105978,0.12255925,0.13159996,0.44236442,0.6414375,0.612824
1783532867.0119,1,right_handIndex_1_joint,-0.24028835,-0.08354839,0.15254351,0.13159996,0.44236442,0.6414375,0.612824
1783532867.0119,1,right_handIndex_2_joint,-0.23028377,-0.12569313,0.16997583,0.13159996,0.44236442,0.6414375,0.612824
1783532867.0119,1,right_handIndex_3_joint,-0.22468178,-0.14929447,0.17973861,0.13159996,0.44236442,0.6414375,0.612824
1783532867.0119,1,right_handIndexEnd_joint,-0.22068033,-0.16615227,0.186712,0.13159996,0.44236442,0.6414375,0.612824
1783532867.0119,1,right_handMidStart_joint,-0.26653874,-0.016419232,0.115288205,0.17440583,0.40004897,0.63089323,0.64149606
1783532867.0119,1,right_handMid_1_joint,-0.25771102,-0.08855597,0.13757561,0.17440583,0.40004897,0.63089323,0.64149606
1783532867.0119,1,right_handMid_2_joint,-0.2515081,-0.139246,0.1532373,0.17440583,0.40004897,0.63089323,0.64149606
1783532867.0119,1,right_handMid_3_joint,-0.24792926,-0.16849042,0.16227275,0.17440583,0.40004897,0.63089323,0.64149606
1783532867.0119,1,right_handMidEnd_joint,-0.24554366,-0.18798634,0.1682965,0.17440583,0.40004897,0.63089323,0.64149606
1783532867.0119,1,right_handPinkyStart_joint,-0.28481913,-0.023949722,0.09584277,0.25079572,0.32224652,0.63256025,0.65812325
1783532867.0119,1,right_handPinky_1_joint,-0.2843143,-0.08708469,0.102629,0.25079572,0.32224652,0.63256025,0.65812325
1783532867.0119,1,right_handPinky_2_joint,-0.28400278,-0.12608059,0.10682106,0.25079572,0.32224652,0.63256025,0.65812325
1783532867.0119,1,right_handPinky_3_joint,-0.28383914,-0.14650665,0.10901622,0.25079572,0.32224652,0.63256025,0.65812325
1783532867.0119,1,right_handPinkyEnd_joint,-0.28369072,-0.16507566,0.11101207,0.25079572,0.32224652,0.63256025,0.65812325
1783532867.0119,1,right_handRingStart_joint,-0.27489907,-0.020409174,0.106327824,0.21353997,0.36225575,0.63235205,0.6506168
1783532867.0119,1,right_handRing_1_joint,-0.27055472,-0.0886922,0.12039007,0.21353997,0.36225575,0.63235205,0.6506168
1783532867.0119,1,right_handRing_2_joint,-0.26748797,-0.13689157,0.13031608,0.21353997,0.36225575,0.63235205,0.6506168
1783532867.0119,1,right_handRing_3_joint,-0.26557156,-0.1670166,0.13652031,0.21353997,0.36225575,0.63235205,0.6506168
1783532867.0119,1,right_handRingEnd_joint,-0.26429328,-0.18710041,0.14065582,0.21353997,0.36225575,0.63235205,0.6506168
1783532867.0119,1,right_handThumbStart_joint,-0.24846326,-0.010627203,0.11531371,0.2659291,0.90648884,0.18440887,0.27120668
1783532867.0119,1,right_handThumb_1_joint,-0.21026184,-0.041888934,0.13644746,0.2659291,0.90648884,0.18440887,0.27120668
1783532867.0119,1,right_handThumb_2_joint,-0.18295564,-0.064232275,0.15155491,0.26592907,0.90648884,0.18440884,0.27120668
1783532867.0119,1,right_handThumbEnd_joint,-0.16475141,-0.07912801,0.16162576,0.2659291,0.90648884,0.18440881,0.27120668
1783532867.0119,1,camera,-0.11900321,0.006691906,0.13591138,-0.06904463,-0.1074247,-0.7102108,0.6923102
1783532867.0439,2,root,-4.7436068e-05,0.018326242,-0.0034195413,0.005395483,-0.0051044174,-0.0008800431,0.9999721
1783532867.0439,2,hips_joint,-4.7436068e-05,0.018326242,-0.0034195413,0.005395483,-0.0051044174,-0.0008800431,0.9999721
1783532867.0439,2,left_upLeg_joint,0.10043479,-0.00684355,-0.0017056043,0.5985306,-0.41028506,0.54030067,-0.4260314
1783532867.0439,2,left_leg_joint,0.13390513,-0.40752372,0.123439014,-0.35088634,0.63386375,-0.33595774,0.6018539
1783532867.0439,2,left_foot_joint,0.12050528,-0.79587907,-0.11766263,0.66711473,-0.2825973,0.63562477,-0.26660472
1783532867.0439,2,left_toes_joint,0.12531008,-0.90258145,-0.013729973,0.7085849,-0.15103315,0.6746343,-0.14129846
1783532867.0439,2,left_toesEnd_joint,0.1279865,-0.92713004,0.041676417,0.708585,-0.15103294,0.6746341,-0.14129864
1783532867.0439,2,right_upLeg_joint,-0.10063441,-0.0064738127,-0.0037558847,0.427069,0.5253078,0.5018104,0.5383777
1783532867.0439,2,right_leg_joint,-0.07725379,-0.42294014,0.053939257,0.5788942,0.3579712,0.64387774,0.34951347
1783532867.0439,2,right_foot_joint,-0.03817874,-0.8183013,-0.17253849,0.23495544,0.6387936,0.29132688,0.67221105
1783532867.0439,2,right_toes_joint,-0.040286522,-0.92140776,-0.06495089,0.109622896,0.671747,0.15863793,0.71524334
1783532867.0439,2,right_toesEnd_joint,-0.043148454,-0.9441071,-0.008771123,0.109623395,0.67174715,0.15863746,0.7152433
1783532867.0439,2,spine_1_joint,-4.7455844e-05,0.018326242,-0.0034195418,0.47943023,0.51506585,0.49292225,0.5117437
1783532867.0439,2,spine_2_joint,-0.000998827,0.075785644,-0.0065573133,0.468768,0.5253247,0.48665997,0.5171583
1783532867.0439,2,spine_3_joint,-0.0024726354,0.1331009,-0.011569642,0.47379363,0.51778466,0.49661198,0.5106814
1783532867.0439,2,spine_4_joint,-0.0040350114,0.18604194,-0.0146607375,0.49453393,0.49463803,0.5193157,0.49100015
1783532867.0439,2,spine_5_joint,-0.006054636,0.2564545,-0.012917482,0.53375995,0.44879892,0.5580011,0.44979456
1783532867.0439,2,spine_6_joint,-0.008463732,0.34841266,0.005634639,0.54680574,0.42886323,0.5753498,0.43133834
1783532867.0439,2,spine_7_joint,-0.0116815055,0.45160067,0.034098223,0.53988534,0.43706894,0.5693383,0.43971443
1783532867.0439,2,left_shoulder_1_joint,0.07436247,0.563997,0.057954416,-0.61141115,0.024515212,-0.11705223,0.7822239
1783532867.0439,2,left_arm_joint,0.21526317,0.5330869,0.073152915,-0.35629547,0.33490327,-0.50729084,0.70961213
1783532867.0439,2,left_forearm_joint,0.2846834,0.2781101,0.042880468,-0.41330442,0.21679045,-0.697293,0.5440259
1783532867.0439,2,left_hand_joint,0.2668819,0.026783008,0.1341268,0.65748286,-0.5927786,0.42641404,-0.18574436
1783532867.0439,2,left_handIndexStart_joint,0.2521262,0.008016864,0.15208799,0.62821555,-0.6039553,0.46786508,-0.14726023
1783532867.0439,2,left_handIndex_1_joint,0.23868869,-0.0639915,0.18501234,0.62821555,-0.6039553,0.46786508,-0.14726023
1783532867.0439,2,left_handIndex_2_joint,0.23087619,-0.105856836,0.20415439,0.62821555,-0.6039553,0.46786508,-0.14726023
1783532867.0439,2,left_handIndex_3_joint,0.2265012,-0.12930141,0.21487395,0.62821555,-0.6039553,0.46786508,-0.14726023
1783532867.0439,2,left_handIndexEnd_joint,0.2233762,-0.14604755,0.22253078,0.62821555,-0.6039553,0.46786508,-0.14726023
1783532867.0439,2,left_handMidStart_joint,0.26187813,0.0029909492,0.14552933,0.65856004,-0.59243536,0.42445955,-0.1874927
1783532867.0439,2,left_handMid_1_joint,0.2571431,-0.06842308,0.17113946,0.65856004,-0.59243536,0.42445955,-0.1874927
1783532867.0439,2,left_handMid_2_joint,0.2538158,-0.11860592,0.18913577,0.65856004,-0.59243536,0.42445955,-0.1874927
1783532867.0439,2,left_handMid_3_joint,0.2518962,-0.14755756,0.19951826,0.65856004,-0.59243536,0.42445955,-0.1874927
1783532867.0439,2,left_handMidEnd_joint,0.25061646,-0.16685863,0.20643991,0.65856004,-0.59243536,0.42445955,-0.1874927
1783532867.0439,2,left_handPinkyStart_joint,0.2815882,-0.004108863,0.12736048,0.679016,-0.59365034,0.34441197,-0.26057044
1783532867.0439,2,left_handPinky_1_joint,0.28526613,-0.0667011,0.13741574,0.679016,-0.59365034,0.34441197,-0.26057044
1783532867.0439,2,left_handPinky_2_joint,0.2875378,-0.105361015,0.14362633,0.679016,-0.59365034,0.34441197,-0.26057044
1783532867.0439,2,left_handPinky_3_joint,0.28872773,-0.12561144,0.14687951,0.679016,-0.59365034,0.34441197,-0.26057044
1783532867.0439,2,left_handPinkyEnd_joint,0.2898095,-0.14402092,0.14983694,0.679016,-0.59365034,0.34441197,-0.26057044
1783532867.0439,2,left_handRingStart_joint,0.27093464,-0.00080272194,0.13718134,0.66961443,-0.5935874,0.38554323,-0.2250043
1783532867.0439,2,left_handRing_1_joint,0.2707964,-0.068450205,0.15458913,0.66961443,-0.5935874,0.38554323,-0.2250043
1783532867.0439,2,left_handRing_2_joint,0.27069882,-0.11620138,0.16687696,0.66961443,-0.5935874,0.38554323,-0.2250043
1783532867.0439,2,left_handRing_3_joint,0.2706378,-0.14604585,0.17455687,0.66961443,-0.5935874,0.38554323,-0.2250043
1783532867.0439,2,left_handRingEnd_joint,0.27059716,-0.16594216,0.1796768,0.66961443,-0.5935874,0.38554323,-0.2250043
1783532867.0439,2,left_handThumbStart_joint,0.24345535,0.0074254237,0.14442515,0.2627521,-0.14497653,0.9067868,-0.29610962
1783532867.0439,2,left_handThumb_1_joint,0.20659122,-0.025503563,0.16540085,0.2627521,-0.14497653,0.9067868,-0.29610962
1783532867.0439,2,left_handThumb_2_joint,0.18024035,-0.04903887,0.18039484,0.26275212,-0.14497651,0.9067868,-0.29610962
1783532867.0439,2,left_handThumbEnd_joint,0.16267309,-0.06472907,0.19039083,0.26275206,-0.14497648,0.9067868,-0.29610962
1783532867.0439,2,neck_1_joint,-0.015546137,0.58350027,0.058463544,0.5828407,0.37523094,0.61780125,0.37124166
1783532867.0439,2,neck_2_joint,-0.01689474,0.61038345,0.071710244,0.5721456,0.3889838,0.6123375,0.38260207
1783532867.0439,2,neck_3_joint,-0.018995995,0.6469304,0.08783187,0.55295736,0.4130002,0.6010026,0.40307003
1783532867.0439,2,neck_4_joint,-0.02153786,0.68457973,0.10110073,0.5342926,0.43499187,0.5890231,0.4223336
1783532867.0439,2,head_joint,-0.02487573,0.729044,0.11376546,0.47469097,0.498055,0.5383462,0.48661453
1783532867.0439,2,jaw_joint,-0.02323741,0.70397305,0.118097275,0.47469097,0.498055,0.5383462,0.48661453
1783532867.0439,2,chin_joint,-0.024558859,0.6511045,0.21660201,0.47469097,0.498055,0.5383462,0.48661453
1783532867.0439,2,left_eye_joint,0.00038157462,0.7613233,0.20279677,0.47901657,0.49389616,0.5425696,0.48190096
1783532867.0439,2,left_eyeLowerLid_joint,0.00038157462,0.7613233,0.20279677,0.47901657,0.49389616,0.5425696,0.48190096
1783532867.0439,2,left_eyeUpperLid_joint,0.00038157462,0.7613233,0.20279677,0.47901657,0.49389616,0.5425696,0.48190096
1783532867.0439,2,left_eyeball_joint,0.00038157462,0.7613233,0.20279677,0.47901657,0.49389616,0.5425696,0.48190096
1783532867.0439,2,nose_joint,-0.03049562,0.7257114,0.22357132,0.47901922,0.49389368,0.54257214,0.48189813
1783532867.0439,2,right_eye_joint,-0.06398307,0.7565229,0.19935691,0.47901657,0.49389616,0.5425696,0.48190096
1783532867.0439,2,right_eyeLowerLid_joint,-0.06398307,0.7565229,0.19935691,0.47901657,0.49389616,0.5425696,0.48190096
1783532867.0439,2,right_eyeUpperLid_joint,-0.06398307,0.7565229,0.19935691,0.47901657,0.49389616,0.5425696,0.48190096
1783532867.0439,2,right_eyeball_joint,-0.06398307,0.7565229,0.19935691,0.47901657,0.49389616,0.5425696,0.48190096
1783532867.0439,2,right_shoulder_1_joint,-0.10421271,0.5599056,0.051700648,0.78681165,0.12335579,0.06772152,0.6009366
1783532867.0439,2,right_arm_joint,-0.24351713,0.51994336,0.057747733,0.6899647,0.513828,0.35455644,0.36635995
1783532867.0439,2,right_forearm_joint,-0.302178,0.26224643,0.027752249,0.5261462,0.6987942,0.26220816,0.4075587
1783532867.0439,2,right_hand_joint,-0.2715937,0.007924519,0.106449805,0.17492409,0.40028116,0.6299537,0.6421334
1783532867.0439,2,right_handIndexStart_joint,-0.25752726,-0.010849665,0.12305059,0.13153648,0.44313896,0.6408973,0.61284345
1783532867.0439,2,right_handIndex_1_joint,-0.24032131,-0.08329896,0.15313043,0.13153648,0.44313896,0.6408973,0.61284345
1783532867.0439,2,right_handIndex_2_joint,-0.23031738,-0.12542084,0.17061833,0.13153648,0.44313896,0.6408973,0.61284345
1783532867.0439,2,right_handIndex_3_joint,-0.22471574,-0.14900936,0.18041222,0.13153648,0.44313896,0.6408973,0.61284345
1783532867.0439,2,right_handIndexEnd_joint,-0.22071457,-0.16585802,0.1874078,0.13153648,0.44313896,0.6408973,0.61284345
1783532867.0439,2,right_handMidStart_joint,-0.26658008,-0.016216543,0.11579687,0.17430577,0.4008204,0.6303586,0.6415676
1783532867.0439,2,right_handMid_1_joint,-0.25776097,-0.08832235,0.13818765,0.17430577,0.4008204,0.6303586,0.6415676
1783532867.0439,2,right_handMid_2_joint,-0.2515641,-0.13899064,0.15392196,0.17430577,0.4008204,0.6303586,0.6415676
1783532867.0439,2,right_handMid_3_joint,-0.24798873,-0.16822252,0.16299932,0.17430577,0.4008204,0.6303586,0.6415676
1783532867.0439,2,right_handMidEnd_joint,-0.24560547,-0.18771008,0.16905102,0.17430577,0.4008204,0.6303586,0.6415676
1783532867.0439,2,right_handPinkyStart_joint,-0.284883,-0.023769429,0.09638132,0.25066695,0.3230112,0.6320446,0.65829307
1783532867.0439,2,right_handPinky_1_joint,-0.28439835,-0.086894006,0.103265196,0.25066695,0.3230112,0.6320446,0.65829307
1783532867.0439,2,right_handPinky_2_joint,-0.28409928,-0.12588347,0.10751756,0.25066695,0.3230112,0.6320446,0.65829307
1783532867.0439,2,right_handPinky_3_joint,-0.2839422,-0.14630617,0.10974432,0.25066695,0.3230112,0.6320446,0.65829307
1783532867.0439,2,right_handPinkyEnd_joint,-0.2837997,-0.16487212,0.1117689,0.25066695,0.3230112,0.6320446,0.65829307
1783532867.0439,2,right_handRingStart_joint,-0.274951,-0.020216832,0.10685101,0.21342546,0.36302453,0.6318254,0.6507379
1783532867.0439,2,right_handRing_1_joint,-0.27062178,-0.08847981,0.121015094,0.21342546,0.36302453,0.6318254,0.6507379
1783532867.0439,2,right_handRing_2_joint,-0.26756573,-0.13666502,0.13101299,0.21342546,0.36302453,0.6318254,0.6507379
1783532867.0439,2,right_handRing_3_joint,-0.265656,-0.16678119,0.13726217,0.21342546,0.36302453,0.6318254,0.6507379
1783532867.0439,2,right_handRingEnd_joint,-0.26438215,-0.1868591,0.14142762,0.21342546,0.36302453,0.6318254,0.6507379
1783532867.0439,2,right_handThumbStart_joint,-0.24850212,-0.010432211,0.115795426,0.2660034,0.90670973,0.18351434,0.27100283
1783532867.0439,2,right_handThumb_1_joint,-0.21029302,-0.04167741,0.13693985,0.2660034,0.90670973,0.18351433,0.27100283
1783532867.0439,2,right_handThumb_2_joint,-0.18298133,-0.06400893,0.15205492,0.2660034,0.90670973,0.18351431,0.27100283
1783532867.0439,2,right_handThumbEnd_joint,-0.16477343,-0.0788968,0.16213086,0.2660034,0.90670973,0.1835143,0.27100283
1783532867.0439,2,camera,-0.1191194,0.006887347,0.13594116,-0.06905389,-0.107853174,-0.71000594,0.6924527
1783532867.0784,3,root,-0.00013022493,0.01827689,-0.0034899015,0.0056857024,-0.005155019,-0.0012165441,0.9999698
1783532867.0784,3,hips_joint,-0.00013022493,0.01827689,-0.0034899015,0.0056857024,-0.005155019,-0.0012165441,0.9999698
1783532867.0784,3,left_upLeg_joint,0.10033493,-0.0069612777,-0.0017808216,0.59793055,-0.41029173,0.54108363,-0.42587358
1783532867.0784,3,left_leg_joint,0.13308746,-0.40764654,0.123537146,-0.3531603,0.63161105,-0.33866987,0.60137177
1783532867.0784,3,left_foot_joint,0.12062149,-0.79793626,-0.114471175,0.6675157,-0.27942157,0.63746244,-0.26455256
1783532867.0784,3,left_toes_joint,0.12526092,-0.9037967,-0.009673643,0.7083767,-0.14783905,0.67604965,-0.13893518
1783532867.0784,3,left_toesEnd_joint,0.1278212,-0.92789733,0.04593449,0.70837677,-0.14783886,0.6760496,-0.13893539
1783532867.0784,3,right_upLeg_joint,-0.10073377,-0.0064555057,-0.003850572,0.42806128,0.52461,0.5028543,0.53729445
1783532867.0784,3,right_leg_joint,-0.077086695,-0.4231239,0.05225379,0.57948667,0.35740793,0.6439983,0.34888515
1783532867.0784,3,right_foot_joint,-0.0382382,-0.8180489,-0.1750222,0.23576917,0.6387154,0.29180917,0.6717907
1783532867.0784,3,right_toes_joint,-0.040291872,-0.9213649,-0.067634836,0.1104367,0.67182446,0.15919118,0.7149221
1783532867.0784,3,right_toesEnd_joint,-0.043119837,-0.9441734,-0.011497612,0.1104372,0.67182463,0.15919073,0.71492195
1783532867.0784,3,spine_1_joint,-0.0001302447,0.01827689,-0.003489902,0.4796606,0.5149663,0.49268964,0.51185185
1783532867.0784,3,spine_2_joint,-0.0010434164,0.07573688,-0.00662799,0.4689892,0.5253989,0.48623604,0.51728094
1783532867.0784,3,spine_3_joint,-0.002478725,0.13305114,-0.011662645,0.47403294,0.51800734,0.49602726,0.51080155
1783532867.0784,3,spine_4_joint,-0.0040039984,0.18599117,-0.0147892,0.4948328,0.49498665,0.5185863,0.49111852
1783532867.0784,3,spine_5_joint,-0.005965816,0.25640684,-0.013107334,0.53418857,0.4492234,0.55716556,0.44989732
1783532867.0784,3,spine_6_joint,-0.008270751,0.34838438,0.0053615114,0.54738617,0.42932203,0.5744521,0.43134207
1783532867.0784,3,spine_7_joint,-0.011350489,0.45159757,0.033748828,0.5406295,0.43749854,0.56845295,0.4395183
1783532867.0784,3,left_shoulder_1_joint,0.07483269,0.56393945,0.05735782,-0.6110047,0.025463914,-0.11606974,0.7826577
1783532867.0784,3,left_arm_joint,0.21578608,0.5330724,0.07214989,-0.35590744,0.33637136,-0.50599605,0.710037
1783532867.0784,3,left_forearm_joint,0.28538007,0.27826118,0.04089734,-0.4129311,0.21876761,-0.69612116,0.5450176
1783532867.0784,3,left_hand_joint,0.26799202,0.026511572,0.13105215,0.65778154,-0.5936526,0.42428842,-0.18676098
1783532867.0784,3,left_handIndexStart_joint,0.2532914,0.0076521873,0.1489608,0.62865055,-0.60489315,0.4657625,-0.14821695
1783532867.0784,3,left_handIndex_1_joint,0.2399871,-0.06451492,0.1815904,0.62865055,-0.60489315,0.4657625,-0.14821695
1783532867.0784,3,left_handIndex_2_joint,0.23225205,-0.106472544,0.2005611,0.62865055,-0.60489315,0.4657625,-0.14821695
1783532867.0784,3,left_handIndex_3_joint,0.22792041,-0.1299688,0.21118468,0.62865055,-0.60489315,0.4657625,-0.14821695
1783532867.0784,3,left_handIndexEnd_joint,0.2248264,-0.14675185,0.21877296,0.62865055,-0.60489315,0.4657625,-0.14821695
1783532867.0784,3,left_handMidStart_joint,0.2630334,0.0026642226,0.1423585,0.6588525,-0.5933063,0.42233276,-0.18851121
1783532867.0784,3,left_handMid_1_joint,0.25841516,-0.06886816,0.1676578,0.6588525,-0.5933063,0.42233276,-0.18851121
1783532867.0784,3,left_handMid_2_joint,0.25516993,-0.11913416,0.18543567,0.6588525,-0.5933063,0.42233276,-0.18851121
1783532867.0784,3,left_handMid_3_joint,0.25329766,-0.14813377,0.19569214,0.6588525,-0.5933063,0.42233276,-0.18851121
1783532867.0784,3,left_handMidEnd_joint,0.2520495,-0.16746685,0.20252979,0.6588525,-0.5933063,0.42233276,-0.18851121
1783532867.0784,3,left_handPinkyStart_joint,0.28271008,-0.004336853,0.12411525,0.679058,-0.5944121,0.3422291,-0.2615989
1783532867.0784,3,left_handPinky_1_joint,0.28646347,-0.06697041,0.13388124,0.679058,-0.5944121,0.3422291,-0.2615989
1783532867.0784,3,left_handPinky_2_joint,0.28878173,-0.10565584,0.13991317,0.679058,-0.5944121,0.3422291,-0.2615989
1783532867.0784,3,left_handPinky_3_joint,0.28999606,-0.12591964,0.14307275,0.679058,-0.5944121,0.3422291,-0.2615989
1783532867.0784,3,left_handPinkyEnd_joint,0.2911,-0.14434126,0.1459451,0.679058,-0.5944121,0.3422291,-0.2615989
1783532867.0784,3,left_handRingStart_joint,0.272075,-0.0010840773,0.13397394,0.66978097,-0.59440696,0.38338584,-0.22602953
1783532867.0784,3,left_handRing_1_joint,0.27203247,-0.06880917,0.15107794,0.66978097,-0.59440696,0.38338584,-0.22602953
1783532867.0784,3,left_handRing_2_joint,0.2720025,-0.1166151,0.16315134,0.66978097,-0.59440696,0.38338584,-0.22602953
1783532867.0784,3,left_handRing_3_joint,0.2719837,-0.1464938,0.17069721,0.66978097,-0.59440696,0.38338584,-0.22602953
1783532867.0784,3,left_handRingEnd_joint,0.2719712,-0.16641296,0.17572778,0.66978097,-0.59440696,0.38338584,-0.22602953
1783532867.0784,3,left_handThumbStart_joint,0.24460447,0.007087649,0.1413142,0.2631324,-0.14722031,0.9060459,-0.2969321
1783532867.0784,3,left_handThumb_1_joint,0.20781417,-0.025967125,0.16222163,0.2631324,-0.14722031,0.9060459,-0.2969321
1783532867.0784,3,left_handThumb_2_joint,0.18151607,-0.049592346,0.17716682,0.2631324,-0.14722031,0.9060459,-0.2969321
1783532867.0784,3,left_handThumbEnd_joint,0.16398402,-0.06534249,0.18713029,0.2631324,-0.14722028,0.9060459,-0.2969321
1783532867.0784,3,neck_1_joint,-0.015059987,0.5835096,0.058070704,0.58363247,0.37557378,0.61690295,0.3711448
1783532867.0784,3,neck_2_joint,-0.016357485,0.61039907,0.07130985,0.5729337,0.38934284,0.6114449,0.3824848
1783532867.0784,3,neck_3_joint,-0.018393703,0.64695394,0.08742183,0.553737,0.41338816,0.6001202,0.40291652
1783532867.0784,3,neck_4_joint,-0.020876426,0.6846105,0.10068165,0.5350625,0.43540707,0.58815116,0.42214605
1783532867.0784,3,head_joint,-0.02415152,0.7290822,0.1133365,0.47541186,0.49855775,0.537508,0.48632208
1783532867.0784,3,jaw_joint,-0.022521602,0.7040118,0.11767442,0.47541186,0.49855775,0.537508,0.48632208
1783532867.0784,3,chin_joint,-0.0236505,0.6511833,0.216203,0.47541186,0.49855775,0.537508,0.48632208
1783532867.0784,3,left_eye_joint,0.0013391089,0.761378,0.2022953,0.47974184,0.4943926,0.5417289,0.4816158
1783532867.0784,3,left_eyeLowerLid_joint,0.0013391089,0.761378,0.2022953,0.47974184,0.4943926,0.5417289,0.4816158
1783532867.0784,3,left_eyeUpperLid_joint,0.0013391089,0.761378,0.2022953,0.47974184,0.4943926,0.5417289,0.4816158
1783532867.0784,3,left_eyeball_joint,0.0013391089,0.761378,0.2022953,0.47974184,0.4943926,0.5417289,0.4816158
1783532867.0784,3,nose_joint,-0.029515514,0.72579736,0.22315654,0.4797444,0.49438998,0.5417315,0.48161286
1783532867.0784,3,right_eye_joint,-0.06303697,0.75662404,0.19900876,0.47974184,0.4943926,0.5417289,0.4816158
1783532867.0784,3,right_eyeLowerLid_joint,-0.06303697,0.75662404,0.19900876,0.47974184,0.4943926,0.5417289,0.4816158
1783532867.0784,3,right_eyeUpperLid_joint,-0.06303697,0.75662404,0.19900876,0.47974184,0.4943926,0.5417289,0.4816158
1783532867.0784,3,right_eyeball_joint,-0.06303697,0.75662404,0.19900876,0.47974184,0.4943926,0.5417289,0.4816158
1783532867.0784,3,right_shoulder_1_joint,-0.10375971,0.5599781,0.05152579,0.78678024,0.12362865,0.066604085,0.60104674
1783532867.0784,3,right_arm_joint,-0.24308813,0.52014744,0.057880063,0.6905844,0.5137835,0.35336393,0.36640692
1783532867.0784,3,right_forearm_joint,-0.30222237,0.262521,0.028209938,0.5267237,0.69889796,0.26086098,0.40749937
1783532867.0784,3,right_hand_joint,-0.27193797,0.008256054,0.10720706,0.17542109,0.40117484,0.6289402,0.6424336
1783532867.0784,3,right_handIndexStart_joint,-0.25787336,-0.010519649,0.123807654,0.1321022,0.44405088,0.6399205,0.6130824
1783532867.0784,3,right_handIndex_1_joint,-0.24073836,-0.08295698,0.15395679,0.1321022,0.44405088,0.6399205,0.6130824
1783532867.0784,3,right_handIndex_2_joint,-0.23077571,-0.1250719,0.17148496,0.1321022,0.44405088,0.6399205,0.6130824
1783532867.0784,3,right_handIndex_3_joint,-0.22519718,-0.14865653,0.18130141,0.1321022,0.44405088,0.6399205,0.6130824
1783532867.0784,3,right_handIndexEnd_joint,-0.22121249,-0.16550241,0.18831314,0.1321022,0.44405088,0.6399205,0.6130824
1783532867.0784,3,right_handMidStart_joint,-0.26694933,-0.015880696,0.11657858,0.17480402,0.40171435,0.62934583,0.64186716
1783532867.0784,3,right_handMid_1_joint,-0.25821507,-0.0879705,0.13905402,0.17480402,0.40171435,0.62934583,0.64186716
1783532867.0784,3,right_handMid_2_joint,-0.25207785,-0.13862754,0.15484782,0.17480402,0.40171435,0.62934583,0.64186716
1783532867.0784,3,right_handMid_3_joint,-0.2485369,-0.16785294,0.1639595,0.17480402,0.40171435,0.62934583,0.64186716
1783532867.0784,3,right_handMidEnd_joint,-0.24617656,-0.18733618,0.17003408,0.17480402,0.40171435,0.62934583,0.64186716
1783532867.0784,3,right_handPinkyStart_joint,-0.28530216,-0.02342846,0.09720823,0.25108626,0.32385483,0.6309996,0.6587212
1783532867.0784,3,right_handPinky_1_joint,-0.2849158,-0.08654408,0.10417991,0.25108626,0.32385483,0.6309996,0.6587212
1783532867.0784,3,right_handPinky_2_joint,-0.28467748,-0.12552802,0.10848652,0.25108626,0.32385483,0.6309996,0.6587212
1783532867.0784,3,right_handPinky_3_joint,-0.28455216,-0.14594783,0.11074167,0.25108626,0.32385483,0.6309996,0.6587212
1783532867.0784,3,right_handPinkyEnd_joint,-0.2844386,-0.16451116,0.11279208,0.25108626,0.32385483,0.6309996,0.6587212
1783532867.0784,3,right_handRingStart_joint,-0.27534416,-0.019878732,0.10765416,0.21388528,0.36389375,0.63079417,0.6511018
1783532867.0784,3,right_handRing_1_joint,-0.27110857,-0.08812933,0.12190599,0.21388528,0.36389375,0.63079417,0.6511018
1783532867.0784,3,right_handRing_2_joint,-0.2681186,-0.1363058,0.13196583,0.21388528,0.36389375,0.63079417,0.6511018
1783532867.0784,3,right_handRing_3_joint,-0.2662502,-0.16641651,0.1382537,0.21388528,0.36389375,0.63079417,0.6511018
1783532867.0784,3,right_handRingEnd_joint,-0.2650039,-0.18649077,0.14244497,0.21388528,0.36389375,0.63079417,0.6511018
1783532867.0784,3,right_handThumbStart_joint,-0.2488612,-0.010128312,0.11653489,0.2667863,0.9068587,0.18238738,0.27049524
1783532867.0784,3,right_handThumb_1_joint,-0.21066736,-0.04141128,0.13765107,0.2667863,0.9068587,0.18238738,0.27049524
1783532867.0784,3,right_handThumb_2_joint,-0.18336658,-0.063769795,0.15274596,0.2667863,0.9068587,0.18238735,0.27049524
1783532867.0784,3,right_handThumbEnd_joint,-0.16516598,-0.07867566,0.16280845,0.2667863,0.9068587,0.18238734,0.27049527
1783532867.0784,3,camera,-0.119113766,0.007099964,0.13588037,-0.07033814,-0.10806975,-0.70995426,0.6923426
1783532867.1121,4,root,-0.00016888478,0.018289078,-0.0033017918,0.0055808118,-0.00510002,-0.0011651935,0.9999708
1783532867.1121,4,hips_joint,-0.00016888478,0.018289078,-0.0033017918,0.0055808118,-0.00510002,-0.0011651935,0.9999708
1783532867.1121,4,left_upLeg_joint,0.10029903,-0.0069384584,-0.0015984273,0.5985033,-0.40934485,0.5415878,-0.4253392
1783532867.1121,4,left_leg_joint,0.13324554,-0.4072814,0.12475855,-0.3553293,0.6300972,-0.34026507,0.6007817
1783532867.1121,4,left_foot_joint,0.12153595,-0.7990258,-0.11088686,0.6682894,-0.27689236,0.6383544,-0.26310447
1783532867.1121,4,left_toes_joint,0.12625562,-0.9042417,-0.00544569,0.7086571,-0.14520897,0.6766509,-0.13734424
1783532867.1121,4,left_toesEnd_joint,0.12881075,-0.92800087,0.05030949,0.70865715,-0.14520876,0.6766508,-0.13734445
1783532867.1121,4,right_upLeg_joint,-0.100769944,-0.006453677,-0.0036462292,0.4284792,0.52444106,0.50319624,0.536806
1783532867.1121,4,right_leg_joint,-0.076982446,-0.42319345,0.051865578,0.5799503,0.3570242,0.6440869,0.348344
1783532867.1121,4,right_foot_joint,-0.038280323,-0.817776,-0.17602962,0.23637077,0.6386992,0.29221272,0.67141944
1783532867.1121,4,right_toes_joint,-0.040269956,-0.92125386,-0.068796955,0.111030474,0.6719226,0.15965778,0.71463394
1783532867.1121,4,right_toesEnd_joint,-0.043063883,-0.944147,-0.012692456,0.11103097,0.6719227,0.15965733,0.7146339
1783532867.1121,4,spine_1_joint,-0.00016890456,0.018289078,-0.003301792,0.47971243,0.5150553,0.49265346,0.5117487
1783532867.1121,4,spine_2_joint,-0.001088528,0.075749084,-0.006438064,0.4691155,0.5254872,0.4861987,0.51711196
1783532867.1121,4,spine_3_joint,-0.0025303357,0.13306406,-0.011462702,0.47421113,0.51811266,0.49596128,0.5105936
1783532867.1121,4,spine_4_joint,-0.0040602298,0.18600467,-0.014577481,0.49506024,0.49510932,0.518474,0.49088448
1783532867.1121,4,spine_5_joint,-0.00602291,0.25641993,-0.012878985,0.5344495,0.44936758,0.5569872,0.44966453
1783532867.1121,4,spine_6_joint,-0.008314447,0.34839445,0.005606711,0.5476756,0.4295242,0.5742087,0.4310981
1783532867.1121,4,spine_7_joint,-0.011370801,0.45160544,0.03400485,0.54091483,0.43782294,0.56809545,0.43930694
1783532867.1121,4,left_shoulder_1_joint,0.07483712,0.5639544,0.057489328,-0.61125493,0.025647674,-0.11603109,0.7824622
1783532867.1121,4,left_arm_joint,0.2157904,0.53306836,0.072242685,-0.35613003,0.33616075,-0.50631565,0.7097975
1783532867.1121,4,left_forearm_joint,0.2852876,0.27820095,0.04123297,-0.41277894,0.21874142,-0.69645804,0.5447135
1783532867.1121,4,left_hand_joint,0.26765442,0.026490115,0.13144875,0.6574769,-0.59383434,0.42457312,-0.18660997
1783532867.1121,4,left_handIndexStart_joint,0.25293118,0.0076478217,0.14935681,0.628328,-0.60506463,0.4660271,-0.1480547
1783532867.1121,4,left_handIndex_1_joint,0.23955397,-0.06449939,0.18200067,0.628328,-0.60506463,0.4660271,-0.1480547
1783532867.1121,4,left_handIndex_2_joint,0.23177654,-0.106445454,0.20097966,0.628328,-0.60506463,0.4660271,-0.1480547
1783532867.1121,4,left_handIndex_3_joint,0.22742116,-0.12993525,0.2116079,0.628328,-0.60506463,0.4660271,-0.1480547
1783532867.1121,4,left_handIndexEnd_joint,0.22431019,-0.14671366,0.2191995,0.628328,-0.60506463,0.4660271,-0.1480547
1783532867.1121,4,left_handMidStart_joint,0.2626715,0.0026499461,0.14275959,0.6585486,-0.59348845,0.42261836,-0.18836081
1783532867.1121,4,left_handMid_1_joint,0.25798374,-0.06887178,0.16807632,0.6585486,-0.59348845,0.42261836,-0.18836081
1783532867.1121,4,left_handMid_2_joint,0.25468963,-0.11913028,0.18586645,0.6585486,-0.59348845,0.42261836,-0.18836081
1783532867.1121,4,left_handMid_3_joint,0.2527892,-0.14812557,0.19613,0.6585486,-0.59348845,0.42261836,-0.18836081
1783532867.1121,4,left_handMidEnd_joint,0.25152224,-0.16745576,0.20297235,0.6585486,-0.59348845,0.42261836,-0.18836081
1783532867.1121,4,left_handPinkyStart_joint,0.28234938,-0.00437247,0.12452581,0.67877895,-0.5945993,0.3425492,-0.26147944
1783532867.1121,4,left_handPinky_1_joint,0.28604668,-0.067006536,0.13431007,0.67877895,-0.5945993,0.3425492,-0.26147944
1783532867.1121,4,left_handPinky_2_joint,0.2883303,-0.10569229,0.14035329,0.67877895,-0.5945993,0.3425492,-0.26147944
1783532867.1121,4,left_handPinky_3_joint,0.28952646,-0.12595625,0.14351878,0.67877895,-0.5945993,0.3425492,-0.26147944
1783532867.1121,4,left_handPinkyEnd_joint,0.2906139,-0.14437804,0.1463965,0.67877895,-0.5945993,0.3425492,-0.26147944
1783532867.1121,4,left_handRingStart_joint,0.27171323,-0.0011081576,0.13437954,0.66948915,-0.5945917,0.38368943,-0.22589414
1783532867.1121,4,left_handRing_1_joint,0.27160752,-0.06882861,0.1515017,0.66948915,-0.5945917,0.38368943,-0.22589414
1783532867.1121,4,left_handRing_2_joint,0.2715329,-0.11663128,0.16358793,0.66948915,-0.5945917,0.38368943,-0.22589414
1783532867.1121,4,left_handRing_3_joint,0.27148625,-0.14650795,0.17114183,0.66948915,-0.5945917,0.38368943,-0.22589414
1783532867.1121,4,left_handRingEnd_joint,0.27145517,-0.16642572,0.17617777,0.66948915,-0.5945917,0.38368943,-0.22589414
1783532867.1121,4,left_handThumbStart_joint,0.2442467,0.007088474,0.141707,0.26293612,-0.1471512,0.9062404,-0.29654685
1783532867.1121,4,left_handThumb_1_joint,0.20742072,-0.025929956,0.1626091,0.26293612,-0.1471512,0.9062404,-0.29654685
1783532867.1121,4,left_handThumb_2_joint,0.18109712,-0.0495292,0.17755051,0.2629361,-0.14715119,0.9062404,-0.29654685
1783532867.1121,4,left_handThumbEnd_joint,0.16354805,-0.06526203,0.18751144,0.26293612,-0.14715117,0.90624034,-0.29654688
1783532867.1121,4,neck_1_joint,-0.015055227,0.5835223,0.058304437,0.5839542,0.37586322,0.61652535,0.3709737
1783532867.1121,4,neck_2_joint,-0.01633783,0.6104144,0.07153967,0.57325095,0.38963833,0.6110723,0.3823046
1783532867.1121,4,neck_3_joint,-0.018356029,0.6469725,0.08764666,0.55404514,0.4136943,0.5997568,0.40272033
1783532867.1121,4,neck_4_joint,-0.020824129,0.68463165,0.100901805,0.5353615,0.43572313,0.5877968,0.4219352
1783532867.1121,4,head_joint,-0.024085509,0.7291059,0.11355155,0.47567356,0.49890578,0.5371834,0.48606858
1783532867.1121,4,jaw_joint,-0.022449777,0.7040364,0.11789259,0.47567356,0.49890578,0.5371834,0.48606858
1783532867.1121,4,chin_joint,-0.023460833,0.6512277,0.21643318,0.47567356,0.49890578,0.5371834,0.48606858
1783532867.1121,4,left_eye_joint,0.0015092873,0.76142025,0.20247367,0.48000658,0.4947383,0.54140216,0.48136517
1783532867.1121,4,left_eyeLowerLid_joint,0.0015092873,0.76142025,0.20247367,0.48000658,0.4947383,0.54140216,0.48136517
1783532867.1121,4,left_eyeUpperLid_joint,0.0015092873,0.76142025,0.20247367,0.48000658,0.4947383,0.54140216,0.48136517
1783532867.1121,4,left_eyeball_joint,0.0015092873,0.76142025,0.20247367,0.48000658,0.4947383,0.54140216,0.48136517
1783532867.1121,4,nose_joint,-0.02931971,0.72584295,0.22337855,0.48000923,0.49473584,0.54140466,0.48136234
1783532867.1121,4,right_eye_joint,-0.06287054,0.756664,0.19926418,0.48000658,0.4947383,0.54140216,0.48136517
1783532867.1121,4,right_eyeLowerLid_joint,-0.06287054,0.756664,0.19926418,0.48000658,0.4947383,0.54140216,0.48136517
1783532867.1121,4,right_eyeUpperLid_joint,-0.06287054,0.756664,0.19926418,0.48000658,0.4947383,0.54140216,0.48136517
1783532867.1121,4,right_eyeball_joint,-0.06287054,0.756664,0.19926418,0.48000658,0.4947383,0.54140216,0.48136517
1783532867.1121,4,right_shoulder_1_joint,-0.103761986,0.5599871,0.051869057,0.7866071,0.124558255,0.066262856,0.6011196
1783532867.1121,4,right_arm_joint,-0.24303661,0.5200086,0.058469266,0.6903476,0.514807,0.35282436,0.3659369
1783532867.1121,4,right_forearm_joint,-0.3018136,0.26226446,0.02911259,0.5260706,0.69993454,0.26038226,0.40687025
1783532867.1121,4,right_hand_joint,-0.27088574,0.008144283,0.10832642,0.17527805,0.40229094,0.6291818,0.64153785
1783532867.1121,4,right_handIndexStart_joint,-0.25675336,-0.01058611,0.12492065,0.13194376,0.44510305,0.6401513,0.6121122
1783532867.1121,4,right_handIndex_1_joint,-0.23942065,-0.08295742,0.15511546,0.13194376,0.44510305,0.6401513,0.6121122
1783532867.1121,4,right_handIndex_2_joint,-0.22934304,-0.12503394,0.17267017,0.13194376,0.44510305,0.6401513,0.6121122
1783532867.1121,4,right_handIndex_3_joint,-0.22370014,-0.14859709,0.18250151,0.13194376,0.44510305,0.6401513,0.6121122
1783532867.1121,4,right_handIndexEnd_joint,-0.21966948,-0.16542761,0.18952385,0.13194376,0.44510305,0.6401513,0.6121122
1783532867.1121,4,right_handMidStart_joint,-0.26583248,-0.015972592,0.11771452,0.17466111,0.4028296,0.6295872,0.6409702
1783532867.1121,4,right_handMid_1_joint,-0.25691566,-0.08802098,0.14025111,0.17466111,0.4028296,0.6295872,0.6409702
1783532867.1121,4,right_handMid_2_joint,-0.2506501,-0.13864893,0.1560879,0.17466111,0.4028296,0.6295872,0.6409702
1783532867.1121,4,right_handMid_3_joint,-0.24703516,-0.16785753,0.16522437,0.17466111,0.4028296,0.6295872,0.6409702
1783532867.1121,4,right_handMidEnd_joint,-0.24462546,-0.18732958,0.17131548,0.17466111,0.4028296,0.6295872,0.6409702
1783532867.1121,4,right_handPinkyStart_joint,-0.28420714,-0.023576936,0.09838702,0.25101152,0.325061,0.6312274,0.6579373
1783532867.1121,4,right_handPinky_1_joint,-0.2836849,-0.086684145,0.10542598,0.25101152,0.325061,0.6312274,0.6579373
1783532867.1121,4,right_handPinky_2_joint,-0.28336263,-0.1256629,0.10977415,0.25101152,0.325061,0.6312274,0.6579373
1783532867.1121,4,right_handPinky_3_joint,-0.28319335,-0.14607999,0.11205108,0.25101152,0.325061,0.6312274,0.6579373
1783532867.1121,4,right_handPinkyEnd_joint,-0.28303984,-0.16464084,0.11412127,0.25101152,0.325061,0.6312274,0.6579373
1783532867.1121,4,right_handRingStart_joint,-0.27423638,-0.01999658,0.10881029,0.2137755,0.36505643,0.63102806,0.6502603
1783532867.1121,4,right_handRing_1_joint,-0.26984116,-0.0882234,0.12312766,0.2137755,0.36505643,0.63102806,0.6502603
1783532867.1121,4,right_handRing_2_joint,-0.26673853,-0.13638309,0.13323376,0.2137755,0.36505643,0.63102806,0.6502603
1783532867.1121,4,right_handRing_3_joint,-0.2647997,-0.1664833,0.13955055,0.2137755,0.36505643,0.63102806,0.6502603
1783532867.1121,4,right_handRingEnd_joint,-0.26350647,-0.18655059,0.14376108,0.2137755,0.36505643,0.63102806,0.6502603
1783532867.1121,4,right_handThumbStart_joint,-0.24775569,-0.010185132,0.11763045,0.2659311,0.9074709,0.18190868,0.26960582
1783532867.1121,4,right_handThumb_1_joint,-0.20946132,-0.04137101,0.13870817,0.26593113,0.9074709,0.18190865,0.2696058
1783532867.1121,4,right_handThumb_2_joint,-0.18208867,-0.06366012,0.15377556,0.26593113,0.9074709,0.18190864,0.2696058
1783532867.1121,4,right_handThumbEnd_joint,-0.16384014,-0.078519724,0.16381969,0.26593113,0.9074709,0.18190862,0.26960582
1783532867.1121,4,camera,-0.1195112,0.0069682472,0.13553855,-0.07056788,-0.10764907,-0.710052,0.6922846
1783532867.1449,5,root,-0.00013030703,0.0183705,-0.0030065214,0.005314794,-0.0046727285,-0.000963276,0.9999745
1783532867.1449,5,hips_joint,-0.00013030703,0.0183705,-0.0030065214,0.005314794,-0.0046727285,-0.000963276,0.9999745
1783532867.1449,5,left_upLeg_joint,0.10034926,-0.0068153655,-0.0013754189,0.59982264,-0.4087912,0.5410289,-0.4247235
1783532867.1449,5,left_leg_joint,0.1341867,-0.40685278,0.12571125,-0.35559538,0.63115865,-0.3394792,0.5999538
1783532867.1449,5,left_foot_joint,0.12174124,-0.79840684,-0.11021219,0.66915363,-0.27756378,0.6372251,-0.26293725
1783532867.1449,5,left_toes_joint,0.12677927,-0.9037076,-0.004870653,0.7096329,-0.1457045,0.6755105,-0.13739412
1783532867.1449,5,left_toesEnd_joint,0.129504,-0.92751175,0.050857313,0.7096329,-0.1457043,0.6755105,-0.13739434
1783532867.1449,5,right_upLeg_joint,-0.100721575,-0.0064132437,-0.003251952,0.4285443,0.52484035,0.5028842,0.5366562
1783532867.1449,5,right_leg_joint,-0.07684565,-0.4231214,0.052459206,0.5807278,0.35652864,0.64409935,0.3475321
1783532867.1449,5,right_foot_joint,-0.03845229,-0.8172203,-0.17632324,0.23728842,0.6387886,0.2927231,0.67078793
1783532867.1449,5,right_toes_joint,-0.04031886,-0.9209262,-0.06930894,0.11191454,0.67218435,0.16027865,0.7141106
1783532867.1449,5,right_toesEnd_joint,-0.043046,-0.94393855,-0.013249974,0.11191503,0.67218447,0.16027819,0.71411055
1783532867.1449,5,spine_1_joint,-0.00013032682,0.0183705,-0.0030065216,0.47979707,0.51537174,0.4925084,0.51149
1783532867.1449,5,spine_2_joint,-0.0010710454,0.07582979,-0.0061492943,0.46930668,0.5256846,0.48613542,0.5167969
1783532867.1449,5,spine_3_joint,-0.0025296758,0.13314562,-0.011159329,0.47449243,0.51823074,0.4959462,0.5102264
1783532867.1449,5,spine_4_joint,-0.0040709805,0.18608749,-0.0142462645,0.49539253,0.4951733,0.51847094,0.49048668
1783532867.1449,5,spine_5_joint,-0.0060423254,0.25650132,-0.012500387,0.5347672,0.4494226,0.55693424,0.44929656
1783532867.1449,5,spine_6_joint,-0.0083316015,0.34846497,0.00603953,0.5479924,0.42952493,0.5741286,0.43080035
1783532867.1449,5,spine_7_joint,-0.011367881,0.45166078,0.034494467,0.5411787,0.43783733,0.5679687,0.43913046
1783532867.1449,5,left_shoulder_1_joint,0.07486845,0.5639919,0.057960026,-0.6114946,0.025504235,-0.11621224,0.7822523
1783532867.1449,5,left_arm_joint,0.21581165,0.53309536,0.07278771,-0.35649973,0.33527458,-0.5066466,0.70979446
1783532867.1449,5,left_forearm_joint,0.285447,0.27820578,0.042275522,-0.41279143,0.2178401,-0.6968064,0.544619
1783532867.1449,5,left_hand_joint,0.26776448,0.026626434,0.13284726,0.6574301,-0.59332424,0.42539385,-0.18652672
1783532867.1449,5,left_handIndexStart_joint,0.253024,0.0078075095,0.15076572,0.62822866,-0.60455024,0.46684313,-0.14800508
1783532867.1449,5,left_handIndex_1_joint,0.23962447,-0.06429383,0.18350153,0.62822866,-0.60455024,0.46684313,-0.14800508
1783532867.1449,5,left_handIndex_2_joint,0.23183404,-0.10621321,0.20253399,0.62822866,-0.60455024,0.46684313,-0.14800508
1783532867.1449,5,left_handIndex_3_joint,0.2274714,-0.12968807,0.21319215,0.62822866,-0.60455024,0.46684313,-0.14800508
1783532867.1449,5,left_handIndexEnd_joint,0.22435524,-0.14645582,0.22080512,0.62822866,-0.60455024,0.46684313,-0.14800508
1783532867.1449,5,left_handMidStart_joint,0.2627735,0.002802081,0.14418781,0.65850437,-0.5929785,0.42343923,-0.1882763
1783532867.1449,5,left_handMid_1_joint,0.2580721,-0.06868267,0.16960609,0.65850437,-0.5929785,0.42343923,-0.1882763
1783532867.1449,5,left_handMid_2_joint,0.25476843,-0.1189152,0.18746758,0.65850437,-0.5929785,0.42343923,-0.1882763
1783532867.1449,5,left_handMid_3_joint,0.25286245,-0.1478955,0.19777226,0.65850437,-0.5929785,0.42343923,-0.1882763
1783532867.1449,5,left_handMidEnd_joint,0.2515918,-0.1672157,0.20464209,0.65850437,-0.5929785,0.42343923,-0.1882763
1783532867.1449,5,left_handPinkyStart_joint,0.2824751,-0.004242966,0.12598844,0.678838,-0.59410286,0.34337455,-0.26137084
1783532867.1449,5,left_handPinky_1_joint,0.28617543,-0.06686137,0.1358711,0.678838,-0.59410286,0.34337455,-0.26137084
1783532867.1449,5,left_handPinky_2_joint,0.2884609,-0.105537444,0.14197509,0.678838,-0.59410286,0.34337455,-0.26137084
1783532867.1449,5,left_handPinky_3_joint,0.28965807,-0.12579633,0.14517242,0.678838,-0.59410286,0.34337455,-0.26137084
1783532867.1449,5,left_handPinkyEnd_joint,0.2907464,-0.14421351,0.14807908,0.678838,-0.59410286,0.34337455,-0.26137084
1783532867.1449,5,left_handRingStart_joint,0.27182627,-0.0009664273,0.13582437,0.66949666,-0.594087,0.3845133,-0.22579744
1783532867.1449,5,left_handRing_1_joint,0.27171594,-0.068661116,0.15304793,0.66949666,-0.594087,0.3845133,-0.22579744
1783532867.1449,5,left_handRing_2_joint,0.27163807,-0.11644559,0.16520576,0.66949666,-0.594087,0.3845133,-0.22579744
1783532867.1449,5,left_handRing_3_joint,0.2715894,-0.1463109,0.17280439,0.66949666,-0.594087,0.3845133,-0.22579744
1783532867.1449,5,left_handRingEnd_joint,0.2715569,-0.1662211,0.17787014,0.66949666,-0.594087,0.3845133,-0.22579744
1783532867.1449,5,left_handThumbStart_joint,0.24434896,0.0072346223,0.14310625,0.26262724,-0.14626068,0.906474,-0.2965464
1783532867.1449,5,left_handThumb_1_joint,0.20750557,-0.025761208,0.16401325,0.26262724,-0.14626068,0.906474,-0.2965464
1783532867.1449,5,left_handThumb_2_joint,0.18116951,-0.04934429,0.17895816,0.26262724,-0.14626068,0.906474,-0.2965464
1783532867.1449,5,left_handThumbEnd_joint,0.16361213,-0.06506635,0.18892142,0.26262724,-0.14626065,0.906474,-0.2965464
1783532867.1449,5,neck_1_joint,-0.015020826,0.5835709,0.05883519,0.5842187,0.3758472,0.6163808,0.3708127
1783532867.1449,5,neck_2_joint,-0.016292011,0.6104592,0.07207912,0.5735163,0.38962722,0.61093235,0.38214073
1783532867.1449,5,neck_3_joint,-0.018295828,0.64701277,0.0881981,0.5543116,0.41369224,0.59962493,0.40255123
1783532867.1449,5,neck_4_joint,-0.02075113,0.68466836,0.101465836,0.53562856,0.4357299,0.5876726,0.4217615
1783532867.1449,5,head_joint,-0.02399921,0.7291392,0.11413065,0.47593874,0.498943,0.53708255,0.4858813
1783532867.1449,5,jaw_joint,-0.022364045,0.7040683,0.11846332,0.47593874,0.498943,0.53708255,0.4858813
1783532867.1449,5,chin_joint,-0.023322277,0.65123075,0.21698886,0.47593874,0.498943,0.53708255,0.4858813
1783532867.1449,5,left_eye_joint,0.001653397,0.76142424,0.2030468,0.48027214,0.49477327,0.5412996,0.48117888
1783532867.1449,5,left_eyeLowerLid_joint,0.001653397,0.76142424,0.2030468,0.48027214,0.49477327,0.5412996,0.48117888
1783532867.1449,5,left_eyeUpperLid_joint,0.001653397,0.76142424,0.2030468,0.48027214,0.49477327,0.5412996,0.48117888
1783532867.1449,5,left_eyeball_joint,0.001653397,0.76142424,0.2030468,0.48027214,0.49477327,0.5412996,0.48117888
1783532867.1449,5,nose_joint,-0.029167466,0.7258446,0.22395979,0.48027465,0.49477062,0.54130214,0.4811759
1783532867.1449,5,right_eye_joint,-0.06272893,0.7566769,0.19987476,0.48027214,0.49477327,0.5412996,0.48117888
1783532867.1449,5,right_eyeLowerLid_joint,-0.06272893,0.7566769,0.19987476,0.48027214,0.49477327,0.5412996,0.48117888
1783532867.1449,5,right_eyeUpperLid_joint,-0.06272893,0.7566769,0.19987476,0.48027214,0.49477327,0.5412996,0.48117888
1783532867.1449,5,right_eyeball_joint,-0.06272893,0.7566769,0.19987476,0.48027214,0.49477327,0.5412996,0.48117888
1783532867.1449,5,right_shoulder_1_joint,-0.103734426,0.5600488,0.052446432,0.78656834,0.12513703,0.066123426,0.60106456
1783532867.1449,5,right_arm_joint,-0.24297248,0.519965,0.059178118,0.6901939,0.5154569,0.35255247,0.36557257
1783532867.1449,5,right_forearm_joint,-0.3014952,0.2621455,0.029976776,0.5255654,0.70066047,0.2601396,0.40642744
1783532867.1449,5,right_hand_joint,-0.27009025,0.008124981,0.10932143,0.17514107,0.40301642,0.6294247,0.6408805
1783532867.1449,5,right_handIndexStart_joint,-0.25590977,-0.0105731115,0.12591103,0.13179097,0.4457818,0.64038384,0.6114067
1783532867.1449,5,right_handIndex_1_joint,-0.23843208,-0.08289815,0.15613282,0.13179097,0.4457818,0.64038384,0.6114067
1783532867.1449,5,right_handIndex_2_joint,-0.22827016,-0.12494779,0.17370322,0.13179097,0.4457818,0.64038384,0.6114067
1783532867.1449,5,right_handIndex_3_joint,-0.22258005,-0.14849585,0.18354335,0.13179097,0.4457818,0.64038384,0.6114067
1783532867.1449,5,right_handIndexEnd_joint,-0.21851566,-0.16531563,0.19057198,0.13179097,0.4457818,0.64038384,0.6114067
1783532867.1449,5,right_handMidStart_joint,-0.26498947,-0.015978014,0.118719384,0.1745242,0.40355438,0.6298298,0.6403121
1783532867.1449,5,right_handMid_1_joint,-0.25593728,-0.08799788,0.1412929,0.1745242,0.40355438,0.6298298,0.6403121
1783532867.1449,5,right_handMid_2_joint,-0.24957664,-0.13860579,0.15715562,0.1745242,0.40355438,0.6298298,0.6403121
1783532867.1449,5,right_handMid_3_joint,-0.2459068,-0.16780283,0.16630706,0.1745242,0.40355438,0.6298298,0.6403121
1783532867.1449,5,right_handMidEnd_joint,-0.24346054,-0.18726717,0.17240813,0.1745242,0.40355438,0.6298298,0.6403121
1783532867.1449,5,right_handPinkyStart_joint,-0.28337586,-0.023622788,0.099419035,0.25092825,0.32585406,0.63146263,0.65734994
1783532867.1449,5,right_handPinky_1_joint,-0.2827503,-0.08672439,0.106499135,0.25092825,0.32585406,0.63146263,0.65734994
1783532867.1449,5,right_handPinky_2_joint,-0.28236422,-0.12569967,0.11087269,0.25092825,0.32585406,0.63146263,0.65734994
1783532867.1449,5,right_handPinky_3_joint,-0.2821615,-0.14611495,0.11316293,0.25092825,0.32585406,0.63146263,0.65734994
1783532867.1449,5,right_handPinkyEnd_joint,-0.28197762,-0.16467415,0.115245216,0.25092825,0.32585406,0.63146263,0.65734994
1783532867.1449,5,right_handRingStart_joint,-0.27339798,-0.020020531,0.109827936,0.2136647,0.36581674,0.6312666,0.64963675
1783532867.1449,5,right_handRing_1_joint,-0.26888305,-0.08823107,0.12418514,0.2136647,0.36581674,0.6312666,0.64963675
1783532867.1449,5,right_handRing_2_joint,-0.2656959,-0.13637927,0.13431935,0.2136647,0.36581674,0.6312666,0.64963675
1783532867.1449,5,right_handRing_3_joint,-0.26370427,-0.16647232,0.14065371,0.2136647,0.36581674,0.6312666,0.64963675
1783532867.1449,5,right_handRingEnd_joint,-0.2623758,-0.1865348,0.14487599,0.2136647,0.36581674,0.6312666,0.64963675
1783532867.1449,5,right_handThumbStart_joint,-0.24692154,-0.010163456,0.118609756,0.26526856,0.9078924,0.18165058,0.2690112
1783532867.1449,5,right_handThumb_1_joint,-0.20855506,-0.041277707,0.13966201,0.26526856,0.9078924,0.18165056,0.2690112
1783532867.1449,5,right_handThumb_2_joint,-0.1811309,-0.063515626,0.1547112,0.26526856,0.9078924,0.18165055,0.2690112
1783532867.1449,5,right_handThumbEnd_joint,-0.16284803,-0.07834109,0.16474319,0.26526856,0.9078924,0.18165052,0.2690112
1783532867.1449,5,camera,-0.11952385,0.0072503425,0.13580105,-0.06990342,-0.10732877,-0.7101494,0.69230187
1783532867.1787,6,root,-0.0001819939,0.01842857,-0.002882433,0.004833701,-0.004599177,-0.00080181565,0.99997747
1783532867.1787,6,hips_joint,-0.0001819939,0.01842857,-0.002882433,0.004833701,-0.004599177,-0.00080181565,0.99997747
1783532867.1787,6,left_upLeg_joint,0.10030586,-0.0067236456,-0.0012417829,0.6009655,-0.40763757,0.54133815,-0.4238221
1783532867.1787,6,left_leg_joint,0.13465469,-0.4062703,0.1272443,-0.35563862,0.6316191,-0.3391449,0.59963286
1783532867.1787,6,left_foot_joint,0.121885106,-0.797716,-0.10884174,0.66947144,-0.27789947,0.636764,-0.26289088
1783532867.1787,6,left_toes_joint,0.12704265,-0.90306526,-0.0035543155,0.71000856,-0.14597385,0.6750489,-0.137436
1783532867.1787,6,left_toesEnd_joint,0.12983347,-0.9268949,0.052159447,0.7100086,-0.14597364,0.6750488,-0.13743621
1783532867.1787,6,right_upLeg_joint,-0.10076537,-0.0063874996,-0.0030892475,0.4284479,0.5249685,0.5025661,0.53690577
1783532867.1787,6,right_leg_joint,-0.07704551,-0.4230611,0.052945804,0.5813228,0.3556469,0.6444434,0.3468023
1783532867.1787,6,right_foot_joint,-0.038820982,-0.8165643,-0.17688774,0.23830049,0.63846135,0.29344407,0.67042565
1783532867.1787,6,right_toes_joint,-0.040686168,-0.92055213,-0.07014732,0.11297029,0.6720549,0.1610552,0.71389157
1783532867.1787,6,right_toesEnd_joint,-0.04340415,-0.9437118,-0.014148607,0.11297079,0.672055,0.16105475,0.7138915
1783532867.1787,6,spine_1_joint,-0.0001820137,0.01842857,-0.0028824331,0.47959083,0.51563436,0.4924117,0.5115121
1783532867.1787,6,spine_2_joint,-0.0011429216,0.07588567,-0.006059017,0.46919706,0.52583694,0.48614419,0.5167335
1783532867.1787,6,spine_3_joint,-0.0026209545,0.13320005,-0.01107995,0.47450256,0.5182465,0.49607426,0.51007694
1783532867.1787,6,spine_4_joint,-0.004177456,0.18614234,-0.014152544,0.49550036,0.49506062,0.51868,0.49027103
1783532867.1787,6,spine_5_joint,-0.00616364,0.25655463,-0.01236134,0.5349507,0.44916487,0.55718625,0.44902396
1783532867.1787,6,spine_6_joint,-0.008462176,0.34850004,0.006267674,0.5482235,0.42916802,0.5743721,0.4305379
1783532867.1787,6,spine_7_joint,-0.011492801,0.45166466,0.034836467,0.5414608,0.43742254,0.5681604,0.438949
1783532867.1787,6,left_shoulder_1_joint,0.07477742,0.5639426,0.058431663,-0.6112282,0.025507513,-0.116765425,0.7823783
1783532867.1787,6,left_arm_joint,0.21568316,0.5329177,0.07334678,-0.35601997,0.33495,-0.5071879,0.7098023
1783532867.1787,6,left_forearm_joint,0.28514233,0.27796862,0.042928923,-0.41214925,0.21767487,-0.69745165,0.5443459
1783532867.1787,6,left_hand_joint,0.2670163,0.026414508,0.13348341,0.6567528,-0.5935806,0.42600864,-0.18669526
1783532867.1787,6,left_handIndexStart_joint,0.25222608,0.0076143513,0.1513806,0.6275129,-0.6048166,0.46741268,-0.14815712
1783532867.1787,6,left_handIndex_1_joint,0.23868935,-0.06446929,0.18409906,0.6275129,-0.6048166,0.46741268,-0.14815712
1783532867.1787,6,left_handIndex_2_joint,0.23081912,-0.106378384,0.20312141,0.6275129,-0.6048166,0.46741268,-0.14815712
1783532867.1787,6,left_handIndex_3_joint,0.22641182,-0.12984748,0.21377394,0.6275129,-0.6048166,0.46741268,-0.14815712
1783532867.1787,6,left_handIndexEnd_joint,0.22326374,-0.14661111,0.22138289,0.6275129,-0.6048166,0.46741268,-0.14815712
1783532867.1787,6,left_handMidStart_joint,0.26197922,0.0025967145,0.14481738,0.6578287,-0.5932343,0.4240558,-0.18844578
1783532867.1787,6,left_handMid_1_joint,0.25715226,-0.06888129,0.17023122,0.6578287,-0.5932343,0.4240558,-0.18844578
1783532867.1787,6,left_handMid_2_joint,0.25376034,-0.11910907,0.1880896,0.6578287,-0.5932343,0.4240558,-0.18844578
1783532867.1787,6,left_handMid_3_joint,0.25180346,-0.14808664,0.1983925,0.6578287,-0.5932343,0.4240558,-0.18844578
1783532867.1787,6,left_handMidEnd_joint,0.2504989,-0.16740501,0.20526111,0.6578287,-0.5932343,0.4240558,-0.18844578
1783532867.1787,6,left_handPinkyStart_joint,0.28169924,-0.0044731903,0.1266476,0.67822266,-0.5943182,0.34405118,-0.26158985
1783532867.1787,6,left_handPinky_1_joint,0.285308,-0.067095734,0.13653803,0.67822266,-0.5943182,0.34405118,-0.26158985
1783532867.1787,6,left_handPinky_2_joint,0.28753695,-0.105774365,0.14264683,0.67822266,-0.5943182,0.34405118,-0.26158985
1783532867.1787,6,left_handPinky_3_joint,0.2887045,-0.1260346,0.14584668,0.67822266,-0.5943182,0.34405118,-0.26158985
1783532867.1787,6,left_handPinkyEnd_joint,0.2897659,-0.144453,0.14875564,0.67822266,-0.5943182,0.34405118,-0.26158985
1783532867.1787,6,left_handRingStart_joint,0.2710398,-0.0011832118,0.13646755,0.66885006,-0.5943224,0.38516116,-0.22599143
1783532867.1787,6,left_handRing_1_joint,0.27082077,-0.06887708,0.1536934,0.66885006,-0.5943224,0.38516116,-0.22599143
1783532867.1787,6,left_handRing_2_joint,0.27066615,-0.11666098,0.16585281,0.66885006,-0.5943224,0.38516116,-0.22599143
1783532867.1787,6,left_handRing_3_joint,0.2705695,-0.14652592,0.17345245,0.66885006,-0.5943224,0.38516116,-0.22599143
1783532867.1787,6,left_handRingEnd_joint,0.27050507,-0.16643588,0.17851888,0.66885006,-0.5943224,0.38516116,-0.22599143
1783532867.1787,6,left_handThumbStart_joint,0.24356174,0.0070518074,0.14370826,0.26186824,-0.14618413,0.9068538,-0.29609445
1783532867.1787,6,left_handThumb_1_joint,0.20664679,-0.025898026,0.1645616,0.26186824,-0.14618413,0.9068538,-0.29609445
1783532867.1787,6,left_handThumb_2_joint,0.18025957,-0.049448233,0.17946813,0.26186824,-0.14618412,0.9068538,-0.29609445
1783532867.1787,6,left_handThumbEnd_joint,0.1626681,-0.06514837,0.18940581,0.2618682,-0.14618406,0.90685385,-0.29609442
1783532867.1787,6,neck_1_joint,-0.01510572,0.58354956,0.059319776,0.58445156,0.3754024,0.6165519,0.3706128
1783532867.1787,6,neck_2_joint,-0.016369514,0.6104239,0.07259273,0.5737578,0.38918647,0.61110866,0.38194636
1783532867.1787,6,neck_3_joint,-0.018363113,0.6469607,0.08875113,0.55456865,0.41325983,0.59980994,0.40236667
1783532867.1787,6,neck_4_joint,-0.020807572,0.6846026,0.10205944,0.53589994,0.4353059,0.5878657,0.421586
1783532867.1787,6,head_joint,-0.024042564,0.7290608,0.11477215,0.4762575,0.49855322,0.5372968,0.4857331
1783532867.1787,6,jaw_joint,-0.022415841,0.70398456,0.119077794,0.4762575,0.49855322,0.5372968,0.4857331
1783532867.1787,6,chin_joint,-0.023400174,0.65104055,0.21754596,0.4762575,0.49855322,0.5372968,0.4857331
1783532867.1787,6,left_eye_joint,0.0016121626,0.76124114,0.20372562,0.48058742,0.49438065,0.5415125,0.4810287
1783532867.1787,6,left_eyeLowerLid_joint,0.0016121626,0.76124114,0.20372562,0.48058742,0.49438065,0.5415125,0.4810287
1783532867.1787,6,left_eyeUpperLid_joint,0.0016121626,0.76124114,0.20372562,0.48058742,0.49438065,0.5415125,0.4810287
1783532867.1787,6,left_eyeball_joint,0.0016121626,0.76124114,0.20372562,0.48058742,0.49438065,0.5415125,0.4810287
1783532867.1787,6,nose_joint,-0.029222075,0.72564876,0.22459722,0.48059005,0.49437815,0.541515,0.48102582
1783532867.1787,6,right_eye_joint,-0.062771425,0.75651795,0.20054252,0.48058742,0.49438065,0.5415125,0.4810287
1783532867.1787,6,right_eyeLowerLid_joint,-0.062771425,0.75651795,0.20054252,0.48058742,0.49438065,0.5415125,0.4810287
1783532867.1787,6,right_eyeUpperLid_joint,-0.062771425,0.75651795,0.20054252,0.48058742,0.49438065,0.5415125,0.4810287
1783532867.1787,6,right_eyeball_joint,-0.062771425,0.75651795,0.20054252,0.48058742,0.49438065,0.5415125,0.4810287
1783532867.1787,6,right_shoulder_1_joint,-0.103826314,0.5600629,0.05289737,0.78674316,0.12534985,0.06618609,0.6007853
1783532867.1787,6,right_arm_joint,-0.2430465,0.51991856,0.05963837,0.6901621,0.51570994,0.35252434,0.3653037
1783532867.1787,6,right_forearm_joint,-0.30144104,0.26207086,0.030428736,0.5252707,0.7010454,0.26011285,0.40616274
1783532867.1787,6,right_hand_joint,-0.2697543,0.008095379,0.10980644,0.17506503,0.40334022,0.6296352,0.6404915
1783532867.1787,6,right_handIndexStart_joint,-0.25554705,-0.0105861705,0.12639184,0.13170095,0.4460783,0.6405885,0.6109962
1783532867.1787,6,right_handIndex_1_joint,-0.23798484,-0.082888894,0.15661827,0.13170095,0.4460783,0.6405885,0.6109962
1783532867.1787,6,right_handIndex_2_joint,-0.2277738,-0.124925554,0.17419137,0.13170095,0.4460783,0.6405885,0.6109962
1783532867.1787,6,right_handIndex_3_joint,-0.22205618,-0.14846635,0.184033,0.13170095,0.4460783,0.6405885,0.6109962
1783532867.1787,6,right_handIndexEnd_joint,-0.21797214,-0.16528092,0.19106269,0.13170095,0.4460783,0.6405885,0.6109962
1783532867.1787,6,right_handMidStart_joint,-0.26462573,-0.016000988,0.11920635,0.17444807,0.4038778,0.6300402,0.6399226
1783532867.1787,6,right_handMid_1_joint,-0.2554936,-0.08800793,0.14178915,0.17444807,0.4038778,0.6300402,0.6399226
1783532867.1787,6,right_handMid_2_joint,-0.24907678,-0.13860674,0.1576584,0.17444807,0.4038778,0.6300402,0.6399226
1783532867.1787,6,right_handMid_3_joint,-0.24537455,-0.16779853,0.1668136,0.17444807,0.4038778,0.6300402,0.6399226
1783532867.1787,6,right_handMidEnd_joint,-0.24290667,-0.18725939,0.17291719,0.17444807,0.4038778,0.6300402,0.6399226
1783532867.1787,6,right_handPinkyStart_joint,-0.2830158,-0.023666784,0.09991781,0.25088722,0.32621798,0.63166726,0.6569891
1783532867.1787,6,right_handPinky_1_joint,-0.2823273,-0.086766414,0.10701011,0.25088722,0.32621798,0.63166726,0.6569891
1783532867.1787,6,right_handPinky_2_joint,-0.2819023,-0.12574047,0.11139122,0.25088722,0.32621798,0.63166726,0.6569891
1783532867.1787,6,right_handPinky_3_joint,-0.28167927,-0.1461551,0.11368539,0.25088722,0.32621798,0.63166726,0.6569891
1783532867.1787,6,right_handPinkyEnd_joint,-0.28147683,-0.16471373,0.11577128,0.25088722,0.32621798,0.63166726,0.6569891
1783532867.1787,6,right_handRingStart_joint,-0.27303544,-0.020053133,0.11032041,0.21360569,0.3661611,0.6314742,0.64926106
1783532867.1787,6,right_handRing_1_joint,-0.26844868,-0.088256635,0.12468868,0.21360569,0.3661611,0.6314742,0.64926106
1783532867.1787,6,right_handRing_2_joint,-0.26521087,-0.13639985,0.1348307,0.21360569,0.3661611,0.6314742,0.64926106
1783532867.1787,6,right_handRing_3_joint,-0.26318753,-0.1664898,0.14116995,0.21360569,0.3661611,0.6314742,0.64926106
1783532867.1787,6,right_handRingEnd_joint,-0.26183796,-0.18655021,0.14539547,0.21360569,0.3661611,0.6314742,0.64926106
1783532867.1787,6,right_handThumbStart_joint,-0.24656327,-0.010169567,0.11908545,0.2648687,0.90810966,0.18161167,0.26869926
1783532867.1787,6,right_handThumb_1_joint,-0.20815593,-0.04124381,0.14012247,0.2648687,0.90810966,0.18161166,0.26869926
1783532867.1787,6,right_handThumb_2_joint,-0.18070255,-0.06345312,0.15516075,0.2648687,0.90810966,0.18161164,0.26869926
1783532867.1787,6,right_handThumbEnd_joint,-0.1624002,-0.07825952,0.16518551,0.2648687,0.90810966,0.18161161,0.26869926
1783532867.1787,6,camera,-0.11958408,0.007554033,0.136079,-0.06939052,-0.10706282,-0.7101789,0.69236434
1783532867.2112,7,root,-0.00018935624,0.018432932,-0.0029143423,0.0048136567,-0.0042395527,-0.000580957,0.9999792
1783532867.2112,7,hips_joint,-0.00018935624,0.018432932,-0.0029143423,0.0048136567,-0.0042395527,-0.000580957,0.9999792
1783532867.2112,7,left_upLeg_joint,0.10031083,-0.006674496,-0.001344717,0.6015387,-0.4079438,0.540366,-0.42395458
1783532867.2112,7,left_leg_joint,0.13533501,-0.4062863,0.12675534,-0.35494924,0.6331002,-0.3377198,0.5992832
1783532867.2112,7,left_foot_joint,0.12173425,-0.7969252,-0.110617,0.66984236,-0.27949062,0.63542646,-0.26349437
1783532867.2112,7,left_toes_joint,0.12713459,-0.9026323,-0.00570117,0.71067435,-0.14746581,0.67385,-0.13828206
1783532867.2112,7,left_toesEnd_joint,0.1300685,-0.92665154,0.049923733,0.71067435,-0.14746565,0.67385,-0.13828227
1783532867.2112,7,right_upLeg_joint,-0.1007618,-0.006427902,-0.0030479955,0.42808494,0.5256538,0.5020183,0.53703725
1783532867.2112,7,right_leg_joint,-0.07689908,-0.422996,0.053706273,0.5816712,0.355737,0.6442412,0.34650126
1783532867.2112,7,right_foot_joint,-0.038854226,-0.81641906,-0.17629443,0.23851927,0.6387471,0.29347056,0.670064
1783532867.2112,7,right_toes_joint,-0.040606003,-0.92044246,-0.06958679,0.11313094,0.67237693,0.16114977,0.7135415
1783532867.2112,7,right_toesEnd_joint,-0.043267768,-0.94362104,-0.013593177,0.11313143,0.67237705,0.16114931,0.71354145
1783532867.2112,7,spine_1_joint,-0.00018937602,0.018432932,-0.0029143426,0.47952464,0.51588666,0.49249512,0.5112391
1783532867.2112,7,spine_2_joint,-0.0011897088,0.075889476,-0.0060887192,0.4690417,0.526034,0.4863339,0.5164951
1783532867.2112,7,spine_3_joint,-0.0027128553,0.13320304,-0.011105384,0.47426894,0.51839334,0.49634475,0.5098815
1783532867.2112,7,spine_4_joint,-0.004314003,0.18614423,-0.014173858,0.49521008,0.4951258,0.51901424,0.49014458
1783532867.2112,7,spine_5_joint,-0.0063580656,0.2565547,-0.012376226,0.5346022,0.4491439,0.55757344,0.44897875
1783532867.2112,7,spine_6_joint,-0.008734422,0.3484965,0.0062607527,0.547805,0.429061,0.57477915,0.43063357
1783532867.2112,7,spine_7_joint,-0.011846223,0.45165938,0.03482687,0.54097176,0.43722045,0.5685417,0.43925878
1783532867.2112,7,left_shoulder_1_joint,0.07436901,0.5639586,0.05852162,-0.61171037,0.024511278,-0.11742998,0.78193337
1783532867.2112,7,left_arm_joint,0.21524408,0.5329712,0.07380028,-0.35646904,0.33303973,-0.5080018,0.7098934
1783532867.2112,7,left_forearm_joint,0.28494248,0.27797243,0.044363134,-0.41212472,0.21555397,-0.6983437,0.54406416
1783532867.2112,7,left_hand_joint,0.26664153,0.026734866,0.13575682,0.65656376,-0.5924235,0.4279974,-0.18648481
1783532867.2112,7,left_handIndexStart_joint,0.25180542,0.007992816,0.15367688,0.6271964,-0.6036484,0.46938533,-0.14802307
1783532867.2112,7,left_handIndex_1_joint,0.23819856,-0.06397924,0.1866111,0.6271964,-0.6036484,0.46938533,-0.14802307
1783532867.2112,7,left_handIndex_2_joint,0.2302876,-0.10582346,0.20575888,0.6271964,-0.6036484,0.46938533,-0.14802307
1783532867.2112,7,left_handIndex_3_joint,0.22585747,-0.12925623,0.21648166,0.6271964,-0.6036484,0.46938533,-0.14802307
1783532867.2112,7,left_handIndexEnd_joint,0.22269307,-0.14599392,0.22414078,0.6271964,-0.6036484,0.46938533,-0.14802307
1783532867.2112,7,left_handMidStart_joint,0.26157975,0.0029555892,0.1471604,0.6576456,-0.5920779,0.42604533,-0.18823254
1783532867.2112,7,left_handMid_1_joint,0.25670403,-0.06843347,0.17281368,0.6576456,-0.5920779,0.42604533,-0.18823254
1783532867.2112,7,left_handMid_2_joint,0.25327784,-0.11859875,0.1908403,0.6576456,-0.5920779,0.42604533,-0.18823254
1783532867.2112,7,left_handMid_3_joint,0.2513012,-0.14754026,0.20124027,0.6576456,-0.5920779,0.42604533,-0.18823254
1783532867.2112,7,left_handMidEnd_joint,0.24998342,-0.1668346,0.20817357,0.6576456,-0.5920779,0.42604533,-0.18823254
1783532867.2112,7,left_handPinkyStart_joint,0.28135598,-0.0041713426,0.12907423,0.67828786,-0.59319204,0.3460593,-0.26132688
1783532867.2112,7,left_handPinky_1_joint,0.28495857,-0.066756964,0.13919772,0.67828786,-0.59319204,0.3460593,-0.26132688
1783532867.2112,7,left_handPinky_2_joint,0.28718367,-0.10541279,0.14545047,0.67828786,-0.59319204,0.3460593,-0.26132688
1783532867.2112,7,left_handPinky_3_joint,0.2883492,-0.12566108,0.14872572,0.67828786,-0.59319204,0.3460593,-0.26132688
1783532867.2112,7,left_handPinkyEnd_joint,0.2894088,-0.14406861,0.15170321,0.67828786,-0.59319204,0.3460593,-0.26132688
1783532867.2112,7,left_handRingStart_joint,0.27066633,-0.00085054396,0.13885088,0.6687913,-0.5931775,0.38716197,-0.22575283
1783532867.2112,7,left_handRing_1_joint,0.27042133,-0.06848284,0.15631641,0.6687913,-0.5931775,0.38716197,-0.22575283
1783532867.2112,7,left_handRing_2_joint,0.27024838,-0.11622328,0.16864501,0.6687913,-0.5931775,0.38716197,-0.22575283
1783532867.2112,7,left_handRing_3_joint,0.27014026,-0.14606106,0.1763504,0.6687913,-0.5931775,0.38716197,-0.22575283
1783532867.2112,7,left_handRingEnd_joint,0.2700682,-0.1659529,0.18148732,0.6687913,-0.5931775,0.38716197,-0.22575283
1783532867.2112,7,left_handThumbStart_joint,0.243164,0.0073997485,0.14598103,0.26108044,-0.1440864,0.9074426,-0.2960136
1783532867.2112,7,left_handThumb_1_joint,0.20619972,-0.025489755,0.16684212,0.26108044,-0.1440864,0.9074426,-0.2960136
1783532867.2112,7,left_handThumb_2_joint,0.17977725,-0.048996832,0.18175419,0.26108044,-0.14408638,0.9074426,-0.2960136
1783532867.2112,7,left_handThumbEnd_joint,0.16216227,-0.06466822,0.19169557,0.2610804,-0.14408635,0.9074426,-0.2960136
1783532867.2112,7,neck_1_joint,-0.015519003,0.5835485,0.059278388,0.58394104,0.37525776,0.6169633,0.37087843
1783532867.2112,7,neck_2_joint,-0.016806731,0.61042523,0.0725441,0.5732486,0.38903224,0.6115121,0.38222116
1783532867.2112,7,neck_3_joint,-0.01883019,0.64696485,0.08869227,0.5540632,0.41308817,0.60019946,0.40265766
1783532867.2112,7,neck_4_joint,-0.021300687,0.684609,0.10198949,0.5353989,0.43511763,0.5882416,0.42189187
1783532867.2112,7,head_joint,-0.024562176,0.7290691,0.11468862,0.4757798,0.49830866,0.5376302,0.48608252
1783532867.2112,7,jaw_joint,-0.022936763,0.7039941,0.119001634,0.4757798,0.49830866,0.5376302,0.48608252
1783532867.2112,7,chin_joint,-0.024050498,0.6510699,0.21747896,0.4757798,0.49830866,0.5376302,0.48608252
1783532867.2112,7,left_eye_joint,0.0009603357,0.7612723,0.20367183,0.4801076,0.4941403,0.541849,0.4813752
1783532867.2112,7,left_eyeLowerLid_joint,0.0009603357,0.7612723,0.20367183,0.4801076,0.4941403,0.541849,0.4813752
1783532867.2112,7,left_eyeUpperLid_joint,0.0009603357,0.7612723,0.20367183,0.4801076,0.4941403,0.541849,0.4813752
1783532867.2112,7,left_eyeball_joint,0.0009603357,0.7612723,0.20367183,0.4801076,0.4941403,0.541849,0.4813752
1783532867.2112,7,nose_joint,-0.029896626,0.7256783,0.22450688,0.48011017,0.4941377,0.5418515,0.48137227
1783532867.2112,7,right_eye_joint,-0.06341774,0.7565362,0.20039842,0.4801076,0.4941403,0.541849,0.4813752
1783532867.2112,7,right_eyeLowerLid_joint,-0.06341774,0.7565362,0.20039842,0.4801076,0.4941403,0.541849,0.4813752
1783532867.2112,7,right_eyeUpperLid_joint,-0.06341774,0.7565362,0.20039842,0.4801076,0.4941403,0.541849,0.4813752
1783532867.2112,7,right_eyeball_joint,-0.06341774,0.7565362,0.20039842,0.4801076,0.4941403,0.541849,0.4813752
1783532867.2112,7,right_shoulder_1_joint,-0.10422586,0.5600435,0.052734986,0.7866001,0.12518977,0.0668496,0.6009318
1783532867.2112,7,right_arm_joint,-0.24343207,0.5198225,0.059304737,0.6896461,0.5159249,0.35302854,0.3654869
1783532867.2112,7,right_forearm_joint,-0.30151933,0.261905,0.03009897,0.5242148,0.7015615,0.2604228,0.40643615
1783532867.2112,7,right_hand_joint,-0.26935828,0.00807558,0.10975189,0.17405728,0.40356565,0.6301931,0.64007473
1783532867.2112,7,right_handIndexStart_joint,-0.25512522,-0.010559395,0.12636748,0.13065754,0.44627517,0.64107597,0.6105644
1783532867.2112,7,right_handIndex_1_joint,-0.23743442,-0.08279487,0.15667939,0.13065754,0.44627517,0.64107597,0.6105644
1783532867.2112,7,right_handIndex_2_joint,-0.2271486,-0.12479242,0.1743022,0.13065754,0.44627517,0.64107597,0.6105644
1783532867.2112,7,right_handIndex_3_joint,-0.2213891,-0.14831133,0.18417168,0.13065754,0.44627517,0.64107597,0.6105644
1783532867.2112,7,right_handIndexEnd_joint,-0.21727516,-0.16511026,0.19122125,0.13065754,0.44627517,0.64107597,0.6105644
1783532867.2112,7,right_handMidStart_joint,-0.2641863,-0.016000576,0.11917969,0.17343985,0.40410295,0.63059694,0.63950527
1783532867.2112,7,right_handMid_1_joint,-0.25491974,-0.08796571,0.14184064,0.17343985,0.40410295,0.63059694,0.63950527
1783532867.2112,7,right_handMid_2_joint,-0.24840847,-0.13853516,0.1577648,0.17343985,0.40410295,0.63059694,0.63950527
1783532867.2112,7,right_handMid_3_joint,-0.24465173,-0.16770999,0.16695169,0.17343985,0.40410295,0.63059694,0.63950527
1783532867.2112,7,right_handMidEnd_joint,-0.24214754,-0.18715954,0.17307639,0.17343985,0.40410295,0.63059694,0.63950527
1783532867.2112,7,right_handPinkyStart_joint,-0.28254372,-0.02372442,0.09988326,0.24995264,0.32651842,0.63231236,0.65657485
1783532867.2112,7,right_handPinky_1_joint,-0.28172675,-0.08681543,0.10703794,0.24995264,0.32651842,0.63231236,0.65657485
1783532867.2112,7,right_handPinky_2_joint,-0.2812224,-0.12578416,0.11145757,0.24995264,0.32651842,0.63231236,0.65657485
1783532867.2112,7,right_handPinky_3_joint,-0.2809578,-0.14619602,0.11377193,0.24995264,0.32651842,0.63231236,0.65657485
1783532867.2112,7,right_handPinkyEnd_joint,-0.28071758,-0.1647521,0.11587616,0.24995264,0.32651842,0.63231236,0.65657485
1783532867.2112,7,right_handRingStart_joint,-0.27257985,-0.020079328,0.11029068,0.21263243,0.3664249,0.6320758,0.6488456
1783532867.2112,7,right_handRing_1_joint,-0.2678599,-0.08825877,0.124729574,0.21263243,0.3664249,0.6320758,0.6488456
1783532867.2112,7,right_handRing_2_joint,-0.26452804,-0.13638502,0.13492145,0.21263243,0.3664249,0.6320758,0.6488456
1783532867.2112,7,right_handRing_3_joint,-0.26244593,-0.16646433,0.14129186,0.21263243,0.3664249,0.6320758,0.6488456
1783532867.2112,7,right_handRingEnd_joint,-0.26105717,-0.18651767,0.14553815,0.21263243,0.3664249,0.6320758,0.6488456
1783532867.2112,7,right_handThumbStart_joint,-0.2461362,-0.01013079,0.11906823,0.2636927,0.9083673,0.18156461,0.269016
1783532867.2112,7,right_handThumb_1_joint,-0.20768045,-0.041102465,0.14016785,0.2636927,0.9083673,0.18156461,0.269016
1783532867.2112,7,right_handThumb_2_joint,-0.18019247,-0.063238464,0.15525088,0.26369274,0.9083673,0.18156458,0.269016
1783532867.2112,7,right_handThumbEnd_joint,-0.16186707,-0.07799599,0.16530547,0.2636927,0.9083673,0.18156454,0.269016
1783532867.2112,7,camera,-0.11924499,0.006597976,0.13600177,-0.069579355,-0.10729418,-0.7100354,0.69245684
1783532867.2451,8,root,-7.7747354e-05,0.018509034,-0.0027816764,0.0046675717,-0.0038354378,-0.00017540352,0.99998176
1783532867.2451,8,hips_joint,-7.7747354e-05,0.018509034,-0.0027816764,0.0046675717,-0.0038354378,-0.00017540352,0.99998176
1783532867.2451,8,left_upLeg_joint,0.10044406,-0.006516151,-0.0012855133,0.6029318,-0.4080376,0.5387435,-0.42395037
1783532867.2451,8,left_leg_joint,0.13687836,-0.40607297,0.12659264,-0.35237926,0.6367129,-0.3340777,0.599014
1783532867.2451,8,left_foot_joint,0.12131977,-0.79430944,-0.11457073,0.67004704,-0.28391942,0.6323933,-0.26552847
1783532867.2451,8,left_toes_joint,0.12712258,-0.90106326,-0.010741873,0.7117147,-0.1517756,0.67125744,-0.14085416
1783532867.2451,8,left_toesEnd_joint,0.1303231,-0.9256393,0.044624556,0.71171474,-0.15177538,0.6712573,-0.14085436
1783532867.2451,8,right_upLeg_joint,-0.10062999,-0.0064336583,-0.0028270774,0.42736447,0.52669203,0.5008908,0.5376462
1783532867.2451,8,right_leg_joint,-0.07679943,-0.4228034,0.05537729,0.58168554,0.35648784,0.6434781,0.34712252
1783532867.2451,8,right_foot_joint,-0.039164312,-0.81675446,-0.17378536,0.23806751,0.6393471,0.2924866,0.67008245
1783532867.2451,8,right_toes_joint,-0.040859345,-0.92053956,-0.06684502,0.11257366,0.67288035,0.16018014,0.7133731
1783532867.2451,8,right_toesEnd_joint,-0.043476716,-0.94359225,-0.010797429,0.11257415,0.6728805,0.16017967,0.71337306
1783532867.2451,8,spine_1_joint,-7.776713e-05,0.018509034,-0.0027816766,0.4793877,0.51616603,0.4926579,0.5109291
1783532867.2451,8,spine_2_joint,-0.0011297223,0.07596485,-0.0059528626,0.46882635,0.5261299,0.48668447,0.516263
1783532867.2451,8,spine_3_joint,-0.0027037284,0.13327838,-0.010954313,0.47401655,0.518307,0.49683836,0.50972354
1783532867.2451,8,spine_4_joint,-0.004347386,0.1862197,-0.013997893,0.4948878,0.49488503,0.51963097,0.49006006
1783532867.2451,8,spine_5_joint,-0.006447892,0.2566274,-0.012158283,0.53419447,0.44873163,0.5583227,0.44894552
1783532867.2451,8,spine_6_joint,-0.008912482,0.34855273,0.006548593,0.547257,0.42852753,0.57563,0.43072513
1783532867.2451,8,spine_7_joint,-0.012137312,0.45169196,0.0351876,0.5402696,0.43659475,0.5694577,0.43955877
1783532867.2451,8,left_shoulder_1_joint,0.07397089,0.56401205,0.05917064,-0.61195904,0.022871464,-0.118191265,0.7816738
1783532867.2451,8,left_arm_joint,0.21481645,0.53315026,0.07496662,-0.35667366,0.33065575,-0.5087365,0.71037877
1783532867.2451,8,left_forearm_joint,0.2849592,0.27815878,0.046539105,-0.41180292,0.21285605,-0.6995141,0.5438667
1783532867.2451,8,left_hand_joint,0.26640087,0.027286567,0.13887984,0.65618783,-0.59097326,0.4305558,-0.18652086
1783532867.2451,8,left_handIndexStart_joint,0.25149834,0.00860978,0.1568129,0.6266567,-0.6022035,0.47191414,-0.14815427
1783532867.2451,8,left_handIndex_1_joint,0.23778902,-0.06323458,0.18998264,0.6266567,-0.6022035,0.47191414,-0.14815427
1783532867.2451,8,left_handIndex_2_joint,0.2298185,-0.10500456,0.20926736,0.6266567,-0.6022035,0.47191414,-0.14815427
1783532867.2451,8,left_handIndex_3_joint,0.22535498,-0.12839575,0.22006682,0.6266567,-0.6022035,0.47191414,-0.14815427
1783532867.2451,8,left_handIndexEnd_joint,0.22216678,-0.14510374,0.2277807,0.6266567,-0.6022035,0.47191414,-0.14815427
1783532867.2451,8,left_handMidStart_joint,0.26130304,0.0035513043,0.15035881,0.6572773,-0.59062773,0.42860487,-0.18826513
1783532867.2451,8,left_handMid_1_joint,0.25635552,-0.06773505,0.17628255,0.6572773,-0.59062773,0.42860487,-0.18826513
1783532867.2451,8,left_handMid_2_joint,0.2528789,-0.11782817,0.19449924,0.6572773,-0.59062773,0.42860487,-0.18826513
1783532867.2451,8,left_handMid_3_joint,0.25087315,-0.14672804,0.20500886,0.6572773,-0.59062773,0.42860487,-0.18826513
1783532867.2451,8,left_handMidEnd_joint,0.249536,-0.16599461,0.21201529,0.6572773,-0.59062773,0.42860487,-0.18826513
1783532867.2451,8,left_handPinkyStart_joint,0.28116,-0.0036386657,0.13238639,0.6782397,-0.5917438,0.3486459,-0.26129794
1783532867.2451,8,left_handPinky_1_joint,0.28475234,-0.06618047,0.14278081,0.6782397,-0.5917438,0.3486459,-0.26129794
1783532867.2451,8,left_handPinky_2_joint,0.28697112,-0.104809225,0.14920089,0.6782397,-0.5917438,0.3486459,-0.26129794
1783532867.2451,8,left_handPinky_3_joint,0.28813335,-0.12504333,0.1525638,0.6782397,-0.5917438,0.3486459,-0.26129794
1783532867.2451,8,left_handPinkyEnd_joint,0.28918993,-0.14343797,0.15562098,0.6782397,-0.5917438,0.3486459,-0.26129794
1783532867.2451,8,left_handRingStart_joint,0.270427,-0.00028378487,0.14210372,0.6685828,-0.5917236,0.38973764,-0.22575441
1783532867.2451,8,left_handRing_1_joint,0.2701431,-0.067844324,0.15984426,0.6685828,-0.5917236,0.38973764,-0.22575441
1783532867.2451,8,left_handRing_2_joint,0.2699427,-0.11553411,0.17236702,0.6685828,-0.5917236,0.38973764,-0.22575441
1783532867.2451,8,left_handRing_3_joint,0.26981744,-0.14534023,0.18019372,0.6685828,-0.5917236,0.38973764,-0.22575441
1783532867.2451,8,left_handRingEnd_joint,0.26973394,-0.16521096,0.18541154,0.6685828,-0.5917236,0.38973764,-0.22575441
1783532867.2451,8,left_handThumbStart_joint,0.24289012,0.007980581,0.14908276,0.25978753,-0.14153111,0.90821046,-0.29602936
1783532867.2451,8,left_handThumb_1_joint,0.20585452,-0.024843574,0.16992027,0.25978753,-0.14153111,0.90821046,-0.29602936
1783532867.2451,8,left_handThumb_2_joint,0.17938106,-0.048303943,0.1848155,0.25978753,-0.1415311,0.90821046,-0.29602936
1783532867.2451,8,left_handThumbEnd_joint,0.16173209,-0.06394419,0.19474564,0.2597875,-0.14153107,0.90821046,-0.29602936
1783532867.2451,8,neck_1_joint,-0.015926642,0.5835656,0.05970472,0.58316875,0.37471583,0.6179038,0.37107593
1783532867.2451,8,neck_2_joint,-0.01725967,0.6104343,0.07298237,0.5724838,0.38847497,0.612445,0.3824407
1783532867.2451,8,neck_3_joint,-0.019339811,0.6469639,0.08914608,0.5533141,0.41250366,0.6011183,0.4029162
1783532867.2451,8,neck_4_joint,-0.02186001,0.68459946,0.102458306,0.5346665,0.43450776,0.58914626,0.4221868
1783532867.2451,8,head_joint,-0.025172373,0.72905093,0.11517426,0.4751189,0.49761766,0.53848827,0.48648673
1783532867.2451,8,jaw_joint,-0.023548122,0.7039741,0.11947718,0.4751189,0.49761766,0.53848827,0.48648673
1783532867.2451,8,chin_joint,-0.024896804,0.6509931,0.21792106,0.4751189,0.49761766,0.53848827,0.48648673
1783532867.2451,8,left_eye_joint,0.000105617044,0.76121354,0.20424193,0.47944057,0.49345502,0.5427106,0.48177183
1783532867.2451,8,left_eyeLowerLid_joint,0.000105617044,0.76121354,0.20424193,0.47944057,0.49345502,0.5427106,0.48177183
1783532867.2451,8,left_eyeUpperLid_joint,0.000105617044,0.76121354,0.20424193,0.47944057,0.49345502,0.5427106,0.48177183
1783532867.2451,8,left_eyeball_joint,0.000105617044,0.76121354,0.20424193,0.47944057,0.49345502,0.5427106,0.48177183
1783532867.2451,8,nose_joint,-0.030791154,0.7255953,0.2249763,0.4794432,0.49345252,0.54271317,0.48176897
1783532867.2451,8,right_eye_joint,-0.06426181,0.7564535,0.20079833,0.47944057,0.49345502,0.5427106,0.48177183
1783532867.2451,8,right_eyeLowerLid_joint,-0.06426181,0.7564535,0.20079833,0.47944057,0.49345502,0.5427106,0.48177183
1783532867.2451,8,right_eyeUpperLid_joint,-0.06426181,0.7564535,0.20079833,0.47944057,0.49345502,0.5427106,0.48177183
1783532867.2451,8,right_eyeball_joint,-0.06426181,0.7564535,0.20079833,0.47944057,0.49345502,0.5427106,0.48177183
1783532867.2451,8,right_shoulder_1_joint,-0.10460674,0.5600289,0.052917164,0.7866318,0.124646306,0.0680731,0.6008661
1783532867.2451,8,right_arm_joint,-0.24380447,0.5197187,0.05910998,0.68910736,0.5156428,0.35412806,0.3658374
1783532867.2451,8,right_forearm_joint,-0.30163294,0.26177278,0.029643597,0.52354896,0.70133793,0.26129702,0.40711856
1783532867.2451,8,right_hand_joint,-0.2693955,0.007970448,0.109351955,0.17311475,0.40286097,0.63075686,0.6402189
1783532867.2451,8,right_handIndexStart_joint,-0.25518274,-0.010650954,0.12600012,0.12967816,0.4455825,0.64157367,0.61075616
1783532867.2451,8,right_handIndex_1_joint,-0.23748861,-0.082870364,0.15634832,0.12967816,0.4455825,0.64157367,0.61075616
1783532867.2451,8,right_handIndex_2_joint,-0.22720085,-0.12485859,0.17399222,0.12967816,0.4455825,0.64157367,0.61075616
1783532867.2451,8,right_handIndex_3_joint,-0.22144027,-0.14837226,0.18387347,0.12967816,0.4455825,0.64157367,0.61075616
1783532867.2451,8,right_handIndexEnd_joint,-0.21732555,-0.16516747,0.19093148,0.12967816,0.4455825,0.64157367,0.61075616
1783532867.2451,8,right_handMidStart_joint,-0.26422077,-0.016101064,0.11879011,0.17249654,0.40339863,0.6311597,0.63965005
1783532867.2451,8,right_handMid_1_joint,-0.25493276,-0.088058375,0.14146712,0.17249654,0.40339863,0.6311597,0.63965005
1783532867.2451,8,right_handMid_2_joint,-0.24840641,-0.13862231,0.15740259,0.17249654,0.40339863,0.6311597,0.63965005
1783532867.2451,8,right_handMid_3_joint,-0.24464096,-0.16779399,0.166596,0.17249654,0.40339863,0.6311597,0.63965005
1783532867.2451,8,right_handMidEnd_joint,-0.24213096,-0.18724142,0.17272505,0.17249654,0.40339863,0.6311597,0.63965005
1783532867.2451,8,right_handPinkyStart_joint,-0.28252363,-0.023842582,0.099448964,0.24904886,0.3258339,0.6329726,0.6566222
1783532867.2451,8,right_handPinky_1_joint,-0.28165725,-0.08693332,0.10660022,0.24904886,0.3258339,0.6329726,0.6566222
1783532867.2451,8,right_handPinky_2_joint,-0.28112242,-0.1259019,0.111017734,0.24904886,0.3258339,0.6329726,0.6566222
1783532867.2451,8,right_handPinky_3_joint,-0.28084183,-0.14631365,0.11333098,0.24904886,0.3258339,0.6329726,0.6566222
1783532867.2451,8,right_handPinkyEnd_joint,-0.28058708,-0.16486967,0.11543421,0.24904886,0.3258339,0.6329726,0.6566222
1783532867.2451,8,right_handRingStart_joint,-0.27258864,-0.020187892,0.1098806,0.21170759,0.36572996,0.6326889,0.6489426
1783532867.2451,8,right_handRing_1_joint,-0.26783144,-0.088363566,0.124325,0.21170759,0.36572996,0.6326889,0.6489426
1783532867.2451,8,right_handRing_2_joint,-0.2644733,-0.13648716,0.13452075,0.21170759,0.36572996,0.6326889,0.6489426
1783532867.2451,8,right_handRing_3_joint,-0.26237476,-0.16656482,0.1408936,0.21170759,0.36572996,0.6326889,0.6489426
1783532867.2451,8,right_handRingEnd_joint,-0.26097506,-0.18661706,0.1451415,0.21170759,0.36572996,0.6326889,0.6489426
1783532867.2451,8,right_handThumbStart_joint,-0.24617669,-0.010212228,0.11872252,0.26300675,0.9081745,0.1820624,0.26999986
1783532867.2451,8,right_handThumb_1_joint,-0.2077391,-0.041145157,0.13991185,0.26300675,0.9081745,0.18206239,0.2699999
1783532867.2451,8,right_handThumb_2_joint,-0.1802641,-0.063253455,0.155059,0.26300675,0.9081745,0.18206237,0.2699999
1783532867.2451,8,right_handThumbEnd_joint,-0.16194734,-0.07799252,0.1651563,0.26300675,0.9081745,0.18206234,0.26999986
1783532867.2451,8,camera,-0.1192271,0.0066763014,0.13624188,-0.069328964,-0.107452,-0.70998794,0.6925061
1783532867.2787,9,root,-0.00011598057,0.018565055,-0.0027957978,0.004604165,-0.0035660844,-0.00045501094,0.99998295
1783532867.2787,9,hips_joint,-0.00011598057,0.018565055,-0.0027957978,0.004604165,-0.0035660844,-0.00045501094,0.99998295
1783532867.2787,9,left_upLeg_joint,0.10039267,-0.006515951,-0.0013509266,0.60311306,-0.4088677,0.5377026,-0.42421418
1783532867.2787,9,left_leg_joint,0.1371995,-0.40630457,0.12569354,-0.3515077,0.6382065,-0.3328378,0.5986266
1783532867.2787,9,left_foot_joint,0.120655544,-0.7937165,-0.11672692,0.67028207,-0.2856327,0.63117844,-0.2659881
1783532867.2787,9,left_toes_joint,0.12662509,-0.9008228,-0.013271227,0.7122702,-0.15341327,0.67015165,-0.14153579
1783532867.2787,9,left_toesEnd_joint,0.12994492,-0.92558706,0.042004216,0.7122702,-0.15341307,0.67015165,-0.14153601
1783532867.2787,9,right_upLeg_joint,-0.100682124,-0.006321609,-0.0027836584,0.4266187,0.5272937,0.4996444,0.5388076
1783532867.2787,9,right_leg_joint,-0.077367835,-0.42250103,0.05697132,0.58161885,0.35622546,0.6436809,0.34712848
1783532867.2787,9,right_foot_joint,-0.039664898,-0.81635845,-0.17234138,0.23817684,0.63909936,0.2926427,0.67021215
1783532867.2787,9,right_toes_joint,-0.041427124,-0.9201893,-0.065446414,0.11272795,0.67265785,0.16030878,0.71353006
1783532867.2787,9,right_toesEnd_joint,-0.04407583,-0.9432659,-0.009410028,0.11272845,0.6726581,0.16030832,0.71352994
1783532867.2787,9,spine_1_joint,-0.00011600035,0.018565055,-0.0027957978,0.47954407,0.51613414,0.49258283,0.51088667
1783532867.2787,9,spine_2_joint,-0.0011556675,0.0760216,-0.005957855,0.46888876,0.5260354,0.48682132,0.51617354
1783532867.2787,9,spine_3_joint,-0.0027335642,0.13333692,-0.010937396,0.47397843,0.5181559,0.49714005,0.50961846
1783532867.2787,9,spine_4_joint,-0.0043924237,0.18627933,-0.013953865,0.49475023,0.49468645,0.52005845,0.48994607
1783532867.2787,9,spine_5_joint,-0.0065277335,0.25668493,-0.012072859,0.5339632,0.44849464,0.55884504,0.4488077
1783532867.2787,9,spine_6_joint,-0.0090623805,0.3485962,0.006693617,0.54694164,0.42825606,0.5762282,0.43059567
1783532867.2787,9,spine_7_joint,-0.012385659,0.4517134,0.035400584,0.5398816,0.43628344,0.57012254,0.43948275
1783532867.2787,9,left_shoulder_1_joint,0.073613964,0.5640752,0.05957728,-0.6118301,0.021767825,-0.11815041,0.7818125
1783532867.2787,9,left_arm_joint,0.21447662,0.53341466,0.07561097,-0.35656977,0.32959914,-0.508566,0.71104383
1783532867.2787,9,left_forearm_joint,0.28508276,0.27852637,0.04740567,-0.41146305,0.21168625,-0.699786,0.5442307
1783532867.2787,9,left_hand_joint,0.2665867,0.0277351,0.13997863,0.6561355,-0.5902026,0.43147692,-0.18701613
1783532867.2787,9,left_handIndexStart_joint,0.2516653,0.009062328,0.15790023,0.6265455,-0.6014665,0.4728297,-0.14869884
1783532867.2787,9,left_handIndex_1_joint,0.23795955,-0.06276025,0.19111858,0.6265455,-0.6014665,0.4728297,-0.14869884
1783532867.2787,9,left_handIndex_2_joint,0.2299911,-0.10451755,0.21043158,0.6265455,-0.6014665,0.4728297,-0.14869884
1783532867.2787,9,left_handIndex_3_joint,0.22552875,-0.12790164,0.22124685,0.6265455,-0.6014665,0.4728297,-0.14869884
1783532867.2787,9,left_handIndexEnd_joint,0.22234136,-0.14460458,0.22897205,0.6265455,-0.6014665,0.4728297,-0.14869884
1783532867.2787,9,left_handMidStart_joint,0.2614889,0.004007008,0.15147246,0.6572278,-0.5898556,0.42952603,-0.18875842
1783532867.2787,9,left_handMid_1_joint,0.25655982,-0.06725635,0.17746289,0.6572278,-0.5898556,0.42952603,-0.18875842
1783532867.2787,9,left_handMid_2_joint,0.25309607,-0.11733329,0.19572645,0.6572278,-0.5898556,0.42952603,-0.18875842
1783532867.2787,9,left_handMid_3_joint,0.2510978,-0.14622384,0.20626312,0.6572278,-0.5898556,0.42952603,-0.18875842
1783532867.2787,9,left_handMidEnd_joint,0.24976557,-0.16548419,0.21328756,0.6572278,-0.5898556,0.42952603,-0.18875842
1783532867.2787,9,left_handPinkyStart_joint,0.28139147,-0.0031818748,0.1335501,0.6783153,-0.5909266,0.3495524,-0.2617397
1783532867.2787,9,left_handPinky_1_joint,0.2850262,-0.065708645,0.14401993,0.6783153,-0.5909266,0.3495524,-0.2617397
1783532867.2787,9,left_handPinky_2_joint,0.28727114,-0.10432812,0.15048657,0.6783153,-0.5909266,0.3495524,-0.2617397
1783532867.2787,9,left_handPinky_3_joint,0.28844708,-0.12455736,0.15387388,0.6783153,-0.5909266,0.3495524,-0.2617397
1783532867.2787,9,left_handPinkyEnd_joint,0.28951612,-0.14294758,0.15695323,0.6783153,-0.5909266,0.3495524,-0.2617397
1783532867.2787,9,left_handRingStart_joint,0.27063438,0.00017242193,0.14324094,0.6685955,-0.59092695,0.39065212,-0.22622262
1783532867.2787,9,left_handRing_1_joint,0.2703824,-0.06736915,0.16105407,0.6685955,-0.59092695,0.39065212,-0.22622262
1783532867.2787,9,left_handRing_2_joint,0.27020454,-0.11504555,0.17362806,0.6685955,-0.59092695,0.39065212,-0.22622262
1783532867.2787,9,left_handRing_3_joint,0.27009338,-0.1448433,0.1814868,0.6685955,-0.59092695,0.39065212,-0.22622262
1783532867.2787,9,left_handRingEnd_joint,0.27001926,-0.16470847,0.18672596,0.6685955,-0.59092695,0.39065212,-0.22622262
1783532867.2787,9,left_handThumbStart_joint,0.24307422,0.008415869,0.15015247,0.25905484,-0.14059037,0.9084098,-0.29650775
1783532867.2787,9,left_handThumb_1_joint,0.20602822,-0.024423985,0.17094676,0.25905484,-0.14059037,0.9084098,-0.29650775
1783532867.2787,9,left_handThumb_2_joint,0.17954734,-0.047895573,0.18581107,0.25905484,-0.14059035,0.9084098,-0.29650775
1783532867.2787,9,left_handThumbEnd_joint,0.16189343,-0.063543305,0.19572063,0.25905484,-0.14059032,0.9084098,-0.29650775
1783532867.2787,9,neck_1_joint,-0.016297374,0.5835678,0.06000161,0.58274525,0.37444946,0.618554,0.37092677
1783532867.2787,9,neck_2_joint,-0.017666658,0.6104266,0.07329558,0.5720634,0.38819906,0.6130963,0.38230643
1783532867.2787,9,neck_3_joint,-0.01979351,0.6469438,0.08948109,0.5529002,0.41221106,0.60177153,0.4028086
1783532867.2787,9,neck_4_joint,-0.022357268,0.68456864,0.102815285,0.5342599,0.4341998,0.58980066,0.42210466
1783532867.2787,9,head_joint,-0.025716968,0.72900933,0.11555673,0.4747475,0.49726284,0.539145,0.48648486
1783532867.2787,9,jaw_joint,-0.024081701,0.7039307,0.11984493,0.4747475,0.49726284,0.539145,0.48648486
1783532867.2787,9,chin_joint,-0.025529265,0.6508821,0.21825106,0.4747475,0.49726284,0.539145,0.48648486
1783532867.2787,9,left_eye_joint,-0.0005824518,0.7611286,0.2046806,0.47906622,0.4931035,0.54336727,0.48176438
1783532867.2787,9,left_eyeLowerLid_joint,-0.0005824518,0.7611286,0.2046806,0.47906622,0.4931035,0.54336727,0.48176438
1783532867.2787,9,left_eyeUpperLid_joint,-0.0005824518,0.7611286,0.2046806,0.47906622,0.4931035,0.54336727,0.48176438
1783532867.2787,9,left_eyeball_joint,-0.0005824518,0.7611286,0.2046806,0.47906622,0.4931035,0.54336727,0.48176438
1783532867.2787,9,nose_joint,-0.03148353,0.72547555,0.22534865,0.47906882,0.49310097,0.54336977,0.4817615
1783532867.2787,9,right_eye_joint,-0.0649419,0.75632757,0.20114578,0.47906622,0.4931035,0.54336727,0.48176438
1783532867.2787,9,right_eyeLowerLid_joint,-0.0649419,0.75632757,0.20114578,0.47906622,0.4931035,0.54336727,0.48176438
1783532867.2787,9,right_eyeUpperLid_joint,-0.0649419,0.75632757,0.20114578,0.47906622,0.4931035,0.54336727,0.48176438
1783532867.2787,9,right_eyeball_joint,-0.0649419,0.75632757,0.20114578,0.47906622,0.4931035,0.54336727,0.48176438
1783532867.2787,9,right_shoulder_1_joint,-0.104952216,0.55997604,0.053076863,0.78673637,0.12434984,0.06874272,0.6007142
1783532867.2787,9,right_arm_joint,-0.24414478,0.51961607,0.059057627,0.6888856,0.5154077,0.3548041,0.3659312
1783532867.2787,9,right_forearm_joint,-0.30184722,0.2616678,0.029365247,0.52285874,0.70151466,0.2617913,0.4073835
1783532867.2787,9,right_hand_joint,-0.26933834,0.007930355,0.10916994,0.1724041,0.4027046,0.63125783,0.6400151
1783532867.2787,9,right_handIndexStart_joint,-0.25511768,-0.010666925,0.12583826,0.1289348,0.445413,0.6420247,0.61056316
1783532867.2787,9,right_handIndex_1_joint,-0.2373548,-0.08285397,0.15622327,0.1289348,0.445413,0.6420247,0.61056316
1783532867.2787,9,right_handIndex_2_joint,-0.22702709,-0.12482338,0.17388858,0.1289348,0.445413,0.6420247,0.61056316
1783532867.2787,9,right_handIndex_3_joint,-0.22124413,-0.14832652,0.18378185,0.1289348,0.445413,0.6420247,0.61056316
1783532867.2787,9,right_handIndexEnd_joint,-0.21711342,-0.1651142,0.19084843,0.1289348,0.445413,0.6420247,0.61056316
1783532867.2787,9,right_handMidStart_joint,-0.26413998,-0.01613155,0.11861956,0.17178532,0.40324214,0.6316598,0.6394461
1783532867.2787,9,right_handMid_1_joint,-0.2547751,-0.08807021,0.14132404,0.17178532,0.40324214,0.6316598,0.6394461
1783532867.2787,9,right_handMid_2_joint,-0.24819477,-0.13862105,0.1572788,0.17178532,0.40324214,0.6316598,0.6394461
1783532867.2787,9,right_handMid_3_joint,-0.24439816,-0.16778517,0.16648334,0.17178532,0.40324214,0.6316598,0.6394461
1783532867.2787,9,right_handMidEnd_joint,-0.24186741,-0.18722755,0.17261982,0.17178532,0.40324214,0.6316598,0.6394461
1783532867.2787,9,right_handPinkyStart_joint,-0.28241044,-0.023903595,0.09926004,0.24838956,0.3257226,0.6335364,0.65638316
1783532867.2787,9,right_handPinky_1_joint,-0.28146258,-0.08699134,0.10642734,0.24838956,0.3257226,0.6335364,0.65638316
1783532867.2787,9,right_handPinky_2_joint,-0.28087744,-0.12595806,0.11085477,0.24838956,0.3257226,0.6335364,0.65638316
1783532867.2787,9,right_handPinky_3_joint,-0.28057048,-0.14636885,0.11317322,0.24838956,0.3257226,0.6335364,0.65638316
1783532867.2787,9,right_handPinkyEnd_joint,-0.28029177,-0.16492397,0.11528116,0.24838956,0.3257226,0.6335364,0.65638316
1783532867.2787,9,right_handRingStart_joint,-0.2724922,-0.02023235,0.10970178,0.21102113,0.3655964,0.6332218,0.64872146
1783532867.2787,9,right_handRing_1_joint,-0.2676544,-0.08839778,0.12416775,0.21102113,0.3655964,0.6332218,0.64872146
1783532867.2787,9,right_handRing_2_joint,-0.2642393,-0.13651413,0.13437872,0.21102113,0.3655964,0.6332218,0.64872146
1783532867.2787,9,right_handRing_3_joint,-0.2621052,-0.16658725,0.14076106,0.21102113,0.3655964,0.6332218,0.64872146
1783532867.2787,9,right_handRingEnd_joint,-0.2606818,-0.18663648,0.14501531,0.21102113,0.3655964,0.6332218,0.64872146
1783532867.2787,9,right_handThumbStart_joint,-0.2461042,-0.010217166,0.118570514,0.2622302,0.90823287,0.18229078,0.27040422
1783532867.2787,9,right_handThumb_1_joint,-0.2076463,-0.041090544,0.13980971,0.2622302,0.90823287,0.18229076,0.2704042
1783532867.2787,9,right_handThumb_2_joint,-0.18015678,-0.06315628,0.15499252,0.2622302,0.90823287,0.18229075,0.2704042
1783532867.2787,9,right_handThumbEnd_joint,-0.16183035,-0.077866964,0.1651136,0.26223022,0.9082328,0.18229073,0.27040422
1783532867.2787,9,camera,-0.11917088,0.0069037094,0.13666578,-0.06880465,-0.106827155,-0.7101808,0.6924573
1783532867.3118,10,root,-0.00019700942,0.018366503,-0.0029989209,0.0042464286,-0.0037333267,-0.0008583493,0.9999836
1783532867.3118,10,hips_joint,-0.00019700942,0.018366503,-0.0029989209,0.0042464286,-0.0037333267,-0.0008583493,0.9999836
1783532867.3118,10,left_upLeg_joint,0.10029078,-0.006794934,-0.0015029366,0.60354465,-0.40818372,0.538695,-0.42299846
1783532867.3118,10,left_leg_joint,0.13666865,-0.40618747,0.1269037,-0.35328355,0.6371199,-0.33545008,0.597279
1783532867.3118,10,left_foot_joint,0.11979548,-0.7953017,-0.112751864,0.6710099,-0.28368208,0.63240373,-0.2633163
1783532867.3118,10,left_toes_joint,0.12563452,-0.9016733,-0.008533592,0.71261513,-0.15136006,0.67084837,-0.13868016
1783532867.3118,10,left_toesEnd_joint,0.12891693,-0.9260461,0.046917822,0.7126152,-0.15135987,0.6708483,-0.13868037
1783532867.3118,10,right_upLeg_joint,-0.100783296,-0.0064386176,-0.0030023064,0.42673132,0.52702254,0.49938384,0.53922474
1783532867.3118,10,right_leg_joint,-0.077928916,-0.42262787,0.056861028,0.58184385,0.3555822,0.64378524,0.34721676
1783532867.3118,10,right_foot_joint,-0.040521953,-0.81630147,-0.17281513,0.23875059,0.6387317,0.29267025,0.670346
1783532867.3118,10,right_toes_joint,-0.042419367,-0.92023265,-0.066020146,0.11336099,0.67240566,0.16031055,0.71366674
1783532867.3118,10,right_toesEnd_joint,-0.045109153,-0.9433602,-0.010006781,0.113361485,0.67240584,0.1603101,0.7136666
1783532867.3118,10,spine_1_joint,-0.0001970292,0.018366503,-0.0029989209,0.47956812,0.5159899,0.4924969,0.5110924
1783532867.3118,10,spine_2_joint,-0.0012098313,0.07582312,-0.006168091,0.4690057,0.52584094,0.4869246,0.51616776
1783532867.3118,10,spine_3_joint,-0.0027757739,0.13314086,-0.011123585,0.47417375,0.5179074,0.4973869,0.5094482
1783532867.3118,10,spine_4_joint,-0.0044333744,0.18608586,-0.014094533,0.4950121,0.49437556,0.5203924,0.48964012
1783532867.3118,10,spine_5_joint,-0.006574306,0.25648892,-0.012128253,0.5342604,0.4481129,0.5591874,0.44840822
1783532867.3118,10,spine_6_joint,-0.009116544,0.3483731,0.006769308,0.5472835,0.42783493,0.57650506,0.43020928
1783532867.3118,10,spine_7_joint,-0.0124309445,0.45144907,0.035624877,0.5402607,0.43589732,0.5702812,0.43919405
1783532867.3118,10,left_shoulder_1_joint,0.07360425,0.5637572,0.059924092,-0.61176234,0.021830678,-0.11837756,0.7818293
1783532867.3118,10,left_arm_joint,0.21445052,0.5330338,0.07598141,-0.35685498,0.32911286,-0.5088131,0.7109492
1783532867.3118,10,left_forearm_joint,0.28509337,0.27812,0.04810066,-0.4117812,0.21088381,-0.7001296,0.5438594
1783532867.3118,10,left_hand_joint,0.26652122,0.02750883,0.1411448,0.65616614,-0.5897686,0.43223423,-0.18652812
1783532867.3118,10,left_handIndexStart_joint,0.25158805,0.008871976,0.15909395,0.6265273,-0.60100186,0.4735878,-0.14824039
1783532867.3118,10,left_handIndex_1_joint,0.23785679,-0.062885314,0.19244258,0.6265273,-0.60100186,0.4735878,-0.14824039
1783532867.3118,10,left_handIndex_2_joint,0.2298735,-0.10460467,0.21183132,0.6265273,-0.60100186,0.4735878,-0.14824039
1783532867.3118,10,left_handIndex_3_joint,0.22540286,-0.1279675,0.22268902,0.6265273,-0.60100186,0.4735878,-0.14824039
1783532867.3118,10,left_handIndexEnd_joint,0.22220954,-0.14465526,0.2304445,0.6265273,-0.60100186,0.4735878,-0.14824039
1783532867.3118,10,left_handMidStart_joint,0.26141474,0.0038033603,0.15268135,0.65726066,-0.589423,0.43028343,-0.18826933
1783532867.3118,10,left_handMid_1_joint,0.25646418,-0.067409456,0.17880584,0.65726066,-0.589423,0.43028343,-0.18826933
1783532867.3118,10,left_handMid_2_joint,0.2529854,-0.11745089,0.1971636,0.65726066,-0.589423,0.43028343,-0.18826933
1783532867.3118,10,left_handMid_3_joint,0.25097838,-0.14632095,0.20775461,0.65726066,-0.589423,0.43028343,-0.18826933
1783532867.3118,10,left_handMidEnd_joint,0.24964039,-0.16556767,0.21481529,0.65726066,-0.589423,0.43028343,-0.18826933
1783532867.3118,10,left_handPinkyStart_joint,0.2813265,-0.0034218763,0.13478385,0.6784403,-0.5905516,0.35032025,-0.2612346
1783532867.3118,10,left_handPinky_1_joint,0.2849492,-0.06592877,0.14537574,0.6784403,-0.5905516,0.35032025,-0.2612346
1783532867.3118,10,left_handPinky_2_joint,0.28718674,-0.104535975,0.15191779,0.6784403,-0.5905516,0.35032025,-0.2612346
1783532867.3118,10,left_handPinky_3_joint,0.2883588,-0.124758795,0.15534458,0.6784403,-0.5905516,0.35032025,-0.2612346
1783532867.3118,10,left_handPinkyEnd_joint,0.2894243,-0.14314318,0.15845984,0.6784403,-0.5905516,0.35032025,-0.2612346
1783532867.3118,10,left_handRingStart_joint,0.27056438,-4.7924517e-05,0.14446227,0.668675,-0.5905219,0.3914155,-0.22572485
1783532867.3118,10,left_handRing_1_joint,0.27029583,-0.06755513,0.16240494,0.668675,-0.5905219,0.3914155,-0.22572485
1783532867.3118,10,left_handRing_2_joint,0.2701063,-0.11520727,0.17507035,0.668675,-0.5905219,0.3914155,-0.22572485
1783532867.3118,10,left_handRing_3_joint,0.26998782,-0.14498986,0.18298621,0.668675,-0.5905219,0.3914155,-0.22572485
1783532867.3118,10,left_handRingEnd_joint,0.26990885,-0.16484492,0.18826348,0.668675,-0.5905219,0.3914155,-0.22572485
1783532867.3118,10,left_handThumbStart_joint,0.24300121,0.008211485,0.15134269,0.25908104,-0.13964875,0.9086306,-0.29625297
1783532867.3118,10,left_handThumb_1_joint,0.20594047,-0.024584737,0.17217949,0.25908104,-0.13964875,0.9086306,-0.29625297
1783532867.3118,10,left_handThumb_2_joint,0.17944905,-0.048025135,0.18707418,0.25908104,-0.13964874,0.9086306,-0.29625297
1783532867.3118,10,left_handThumbEnd_joint,0.16178812,-0.063652076,0.19700398,0.25908104,-0.1396487,0.9086306,-0.29625297
1783532867.3118,10,neck_1_joint,-0.016301565,0.58327436,0.060387895,0.5830781,0.3740218,0.6186806,0.37062404
1783532867.3118,10,neck_2_joint,-0.017661044,0.6101173,0.07371496,0.57240456,0.38777724,0.6132307,0.3820082
1783532867.3118,10,neck_3_joint,-0.019774891,0.64661527,0.089945525,0.5532563,0.41180053,0.6019195,0.4025184
1783532867.3118,10,neck_4_joint,-0.022325832,0.6842245,0.103326194,0.5346299,0.43380094,0.589961,0.42182225
1783532867.3118,10,head_joint,-0.025670916,0.7286505,0.1161226,0.47516122,0.49690884,0.5393401,0.4862264
1783532867.3118,10,jaw_joint,-0.02404191,0.7035662,0.12037983,0.47516122,0.49690884,0.5393401,0.4862264
1783532867.3118,10,chin_joint,-0.025487218,0.6503977,0.21872123,0.47516122,0.49690884,0.5393401,0.4862264
1783532867.3118,10,left_eye_joint,-0.0005119824,0.7606537,0.20528135,0.47947684,0.4927459,0.5435601,0.48150414
1783532867.3118,10,left_eyeLowerLid_joint,-0.0005119824,0.7606537,0.20528135,0.47947684,0.4927459,0.5435601,0.48150414
1783532867.3118,10,left_eyeUpperLid_joint,-0.0005119824,0.7606537,0.20528135,0.47947684,0.4927459,0.5435601,0.48150414
1783532867.3118,10,left_eyeball_joint,-0.0005119824,0.7606537,0.20528135,0.47947684,0.4927459,0.5435601,0.48150414
1783532867.3118,10,nose_joint,-0.03141943,0.724984,0.22591111,0.47947943,0.49274337,0.5435626,0.48150128
1783532867.3118,10,right_eye_joint,-0.064873375,0.75587493,0.20175181,0.47947684,0.4927459,0.5435601,0.48150414
1783532867.3118,10,right_eyeLowerLid_joint,-0.064873375,0.75587493,0.20175181,0.47947684,0.4927459,0.5435601,0.48150414
1783532867.3118,10,right_eyeUpperLid_joint,-0.064873375,0.75587493,0.20175181,0.47947684,0.4927459,0.5435601,0.48150414
1783532867.3118,10,right_eyeball_joint,-0.064873375,0.75587493,0.20175181,0.47947684,0.4927459,0.5435601,0.48150414
1783532867.3118,10,right_shoulder_1_joint,-0.10496419,0.5597158,0.053449668,0.78695434,0.12438229,0.06839103,0.6004623
1783532867.3118,10,right_arm_joint,-0.24416839,0.51940686,0.059502944,0.68909687,0.51553094,0.35444427,0.3657086
1783532867.3118,10,right_forearm_joint,-0.30193898,0.26146752,0.029865546,0.52247965,0.70215964,0.26138747,0.40701807
1783532867.3118,10,right_hand_joint,-0.26905814,0.007831401,0.10983982,0.17232127,0.40346286,0.6313236,0.6394951
1783532867.3118,10,right_handIndexStart_joint,-0.25479653,-0.010736814,0.1265056,0.12884817,0.44613376,0.64208436,0.6099923
1783532867.3118,10,right_handIndex_1_joint,-0.23691814,-0.08287956,0.15692809,0.12884817,0.44613376,0.64208436,0.6099923
1783532867.3118,10,right_handIndex_2_joint,-0.22652324,-0.124823205,0.1746152,0.12884817,0.44613376,0.64208436,0.6099923
1783532867.3118,10,right_handIndex_3_joint,-0.22070266,-0.14831191,0.18452068,0.12884817,0.44613376,0.64208436,0.6099923
1783532867.3118,10,right_handIndexEnd_joint,-0.2165451,-0.16508928,0.19159597,0.12884817,0.44613376,0.64208436,0.6099923
1783532867.3118,10,right_handMidStart_joint,-0.26382208,-0.016217077,0.119302854,0.17170274,0.40399995,0.6317255,0.63892525
1783532867.3118,10,right_handMid_1_joint,-0.25435165,-0.08812681,0.14205524,0.17170274,0.40399995,0.6317255,0.63892525
1783532867.3118,10,right_handMid_2_joint,-0.2476971,-0.13865732,0.15804365,0.17170274,0.40399995,0.6317255,0.63892525
1783532867.3118,10,right_handMid_3_joint,-0.2438577,-0.16780971,0.16726762,0.17170274,0.40399995,0.6317255,0.63892525
1783532867.3118,10,right_handMidEnd_joint,-0.2412984,-0.18724428,0.17341705,0.17170274,0.40399995,0.6317255,0.63892525
1783532867.3118,10,right_handPinkyStart_joint,-0.28210863,-0.024024736,0.09997288,0.2483425,0.32653278,0.633595,0.6559421
1783532867.3118,10,right_handPinky_1_joint,-0.28108427,-0.087105475,0.10719137,0.2483425,0.32653278,0.633595,0.6559421
1783532867.3118,10,right_handPinky_2_joint,-0.28045186,-0.12606786,0.11165041,0.2483425,0.32653278,0.633595,0.6559421
1783532867.3118,10,right_handPinky_3_joint,-0.28012013,-0.14647637,0.11398541,0.2483425,0.32653278,0.633595,0.6559421
1783532867.3118,10,right_handPinkyEnd_joint,-0.27981892,-0.16502945,0.1161084,0.2483425,0.32653278,0.633595,0.6559421
1783532867.3118,10,right_handRingStart_joint,-0.27218115,-0.020334212,0.110399045,0.21095574,0.36638168,0.63328326,0.6482398
1783532867.3118,10,right_handRing_1_joint,-0.26725218,-0.088482395,0.124915496,0.21095574,0.36638168,0.63328326,0.6482398
1783532867.3118,10,right_handRing_2_joint,-0.2637728,-0.13658658,0.1351621,0.21095574,0.36638168,0.63328326,0.6482398
1783532867.3118,10,right_handRing_3_joint,-0.26159847,-0.1666521,0.14156674,0.21095574,0.36638168,0.63328326,0.6482398
1783532867.3118,10,right_handRingEnd_joint,-0.26014823,-0.18669626,0.14583583,0.21095574,0.36638168,0.63328326,0.6482398
1783532867.3118,10,right_handThumbStart_joint,-0.2457927,-0.0102834655,0.11922612,0.26174754,0.9086191,0.18189235,0.2698426
1783532867.3118,10,right_handThumb_1_joint,-0.207275,-0.04109808,0.14044239,0.26174754,0.9086191,0.18189234,0.2698426
1783532867.3118,10,right_handThumb_2_joint,-0.17974275,-0.06312181,0.1556088,0.26174757,0.9086191,0.18189232,0.2698426
1783532867.3118,10,right_handThumbEnd_joint,-0.16138782,-0.07780449,0.16571896,0.26174754,0.9086191,0.1818923,0.2698426
1783532867.3118,10,camera,-0.11835125,0.006352991,0.13680868,-0.068820216,-0.10652713,-0.7102736,0.6924067
1783532867.3455,11,root,-0.0002018872,0.018447887,-0.0028314127,0.0036045648,-0.0038270983,-0.0010539832,0.99998564
1783532867.3455,11,hips_joint,-0.0002018872,0.018447887,-0.0028314127,0.0036045648,-0.0038270983,-0.0010539832,0.99998564
1783532867.3455,11,left_upLeg_joint,0.100275636,-0.0067514754,-0.0012845712,0.60405356,-0.40730512,0.53993714,-0.42153272
1783532867.3455,11,left_leg_joint,0.13612853,-0.40564796,0.1288007,-0.3530277,0.63715804,-0.33653358,0.59678006
1783532867.3455,11,left_foot_joint,0.11854499,-0.7950637,-0.11031363,0.670832,-0.28386995,0.63294905,-0.2622554
1783532867.3455,11,left_toes_joint,0.1241466,-0.9013005,-0.0059448527,0.712476,-0.15157825,0.67118275,-0.13753513
1783532867.3455,11,left_toesEnd_joint,0.12736656,-0.92560184,0.049541526,0.7124761,-0.15157805,0.6711827,-0.13753533
1783532867.3455,11,right_upLeg_joint,-0.10079801,-0.00631731,-0.0028215987,0.4265384,0.52722955,0.4987277,0.53978217
1783532867.3455,11,right_leg_joint,-0.078311406,-0.4224314,0.057700075,0.5832453,0.3535639,0.64446557,0.34566152
1783532867.3455,11,right_foot_joint,-0.041411877,-0.81478345,-0.17430805,0.24109846,0.6380071,0.29416507,0.66954124
1783532867.3455,11,right_toes_joint,-0.04332361,-0.9193376,-0.06812312,0.11580365,0.67213917,0.16193072,0.7131598
1783532867.3455,11,right_toesEnd_joint,-0.04599354,-0.942791,-0.012244439,0.11580414,0.6721392,0.16193026,0.71315974
1783532867.3455,11,spine_1_joint,-0.00020190698,0.018447887,-0.0028314132,0.4793959,0.51613593,0.49230847,0.51128834
1783532867.3455,11,spine_2_joint,-0.0012106799,0.07590234,-0.00604098,0.46895728,0.5259362,0.48690778,0.51613086
1783532867.3455,11,spine_3_joint,-0.0027862596,0.13321923,-0.011003528,0.47426808,0.517937,0.49749804,0.5092217
1783532867.3455,11,spine_4_joint,-0.0044588516,0.18616496,-0.013953053,0.49526733,0.4943058,0.5205737,0.4892598
1783532867.3455,11,spine_5_joint,-0.0066167354,0.25656575,-0.011924088,0.53465873,0.44790304,0.5593565,0.4479321
1783532867.3455,11,spine_6_joint,-0.009158897,0.3484259,0.007089809,0.54781765,0.42751032,0.57658106,0.42974967
1783532867.3455,11,spine_7_joint,-0.012432175,0.451462,0.036091983,0.54091686,0.43554133,0.5701611,0.43889508
1783532867.3455,11,left_shoulder_1_joint,0.07370408,0.56367874,0.06045489,-0.61166704,0.022395315,-0.118631296,0.7818494
1783532867.3455,11,left_arm_joint,0.21452567,0.5327976,0.07642577,-0.35720024,0.32895857,-0.50892645,0.71076596
1783532867.3455,11,left_forearm_joint,0.28516114,0.27785936,0.048750438,-0.41236112,0.21020095,-0.70049924,0.543208
1783532867.3455,11,left_hand_joint,0.26646563,0.02747036,0.14236629,0.6562373,-0.58944577,0.43294045,-0.18565889
1783532867.3455,11,left_handIndexStart_joint,0.25152373,0.008882039,0.16035846,0.6265529,-0.60062355,0.47429755,-0.14739421
1783532867.3455,11,left_handIndex_1_joint,0.23775743,-0.06279208,0.19387111,0.6265529,-0.60062355,0.47429755,-0.14739421
1783532867.3455,11,left_handIndex_2_joint,0.22975376,-0.10446308,0.21335521,0.6265529,-0.60062355,0.47429755,-0.14739421
1783532867.3455,11,left_handIndex_3_joint,0.2252717,-0.12779884,0.22426632,0.6265529,-0.60062355,0.47429755,-0.14739421
1783532867.3455,11,left_handIndexEnd_joint,0.22207023,-0.14446723,0.23205996,0.6265529,-0.60062355,0.47429755,-0.14739421
1783532867.3455,11,left_handMidStart_joint,0.26134756,0.0037938356,0.15395705,0.65733385,-0.58910275,0.4309896,-0.18739936
1783532867.3455,11,left_handMid_1_joint,0.25636193,-0.067356735,0.18024398,0.65733385,-0.58910275,0.4309896,-0.18739936
1783532867.3455,11,left_handMid_2_joint,0.2528585,-0.11735443,0.1987159,0.65733385,-0.58910275,0.4309896,-0.18739936
1783532867.3455,11,left_handMid_3_joint,0.25083727,-0.14619926,0.20937276,0.65733385,-0.58910275,0.4309896,-0.18739936
1783532867.3455,11,left_handMidEnd_joint,0.24948978,-0.16542913,0.21647735,0.65733385,-0.58910275,0.4309896,-0.18739936
1783532867.3455,11,left_handPinkyStart_joint,0.28125495,-0.003482275,0.13607529,0.67859477,-0.5903292,0.35104585,-0.2603607
1783532867.3455,11,left_handPinky_1_joint,0.28484637,-0.0659667,0.14680949,0.67859477,-0.5903292,0.35104585,-0.2603607
1783532867.3455,11,left_handPinky_2_joint,0.2870646,-0.10456003,0.15343943,0.67859477,-0.5903292,0.35104585,-0.2603607
1783532867.3455,11,left_handPinky_3_joint,0.28822654,-0.12477558,0.15691225,0.67859477,-0.5903292,0.35104585,-0.2603607
1783532867.3455,11,left_handPinkyEnd_joint,0.28928286,-0.14315335,0.16006936,0.67859477,-0.5903292,0.35104585,-0.2603607
1783532867.3455,11,left_handRingStart_joint,0.27049494,-8.081197e-05,0.14574642,0.66878986,-0.5902495,0.39213225,-0.22485168
1783532867.3455,11,left_handRing_1_joint,0.2701929,-0.06754681,0.16384292,0.66878986,-0.5902495,0.39213225,-0.22485168
1783532867.3455,11,left_handRing_2_joint,0.2699797,-0.11516985,0.17661694,0.66878986,-0.5902495,0.39213225,-0.22485168
1783532867.3455,11,left_handRing_3_joint,0.26984644,-0.14493427,0.18460067,0.66878986,-0.5902495,0.39213225,-0.22485168
1783532867.3455,11,left_handRingEnd_joint,0.2697576,-0.1647772,0.18992317,0.66878986,-0.5902495,0.39213225,-0.22485168
1783532867.3455,11,left_handThumbStart_joint,0.24293622,0.008208242,0.15260908,0.25940108,-0.13868469,0.9088592,-0.2957243
1783532867.3455,11,left_handThumb_1_joint,0.20585968,-0.024521602,0.17352203,0.25940108,-0.13868469,0.9088592,-0.2957243
1783532867.3455,11,left_handThumb_2_joint,0.17935695,-0.047914553,0.18847115,0.25940108,-0.13868466,0.9088592,-0.2957243
1783532867.3455,11,left_handThumbEnd_joint,0.16168848,-0.06350986,0.19843724,0.25940108,-0.13868463,0.9088592,-0.2957243
1783532867.3455,11,neck_1_joint,-0.016187191,0.5832602,0.061016414,0.5836906,0.373593,0.61853045,0.3703423
1783532867.3455,11,neck_2_joint,-0.017516285,0.61008805,0.0743768,0.5730266,0.38736022,0.61308914,0.38172525
1783532867.3455,11,neck_3_joint,-0.019590374,0.646568,0.090652905,0.55389476,0.41140574,0.6017928,0.402233
1783532867.3455,11,neck_4_joint,-0.022103116,0.6841629,0.10408081,0.53528285,0.4334279,0.5898483,0.42153457
1783532867.3455,11,head_joint,-0.025405562,0.7285759,0.11693329,0.47585467,0.49661407,0.5392667,0.4859299
1783532867.3455,11,jaw_joint,-0.023791151,0.7034853,0.12115905,0.47585467,0.49661407,0.5392667,0.4859299
1783532867.3455,11,chin_joint,-0.025193658,0.6501999,0.21943767,0.47585467,0.49661407,0.5392667,0.4859299
1783532867.3455,11,left_eye_joint,-0.00014993668,0.7604539,0.20610954,0.48016784,0.49244526,0.5434841,0.4812085
1783532867.3455,11,left_eyeLowerLid_joint,-0.00014993668,0.7604539,0.20610954,0.48016784,0.49244526,0.5434841,0.4812085
1783532867.3455,11,left_eyeUpperLid_joint,-0.00014993668,0.7604539,0.20610954,0.48016784,0.49244526,0.5434841,0.4812085
1783532867.3455,11,left_eyeball_joint,-0.00014993668,0.7604539,0.20610954,0.48016784,0.49244526,0.5434841,0.4812085
1783532867.3455,11,nose_joint,-0.03106607,0.7247817,0.22672199,0.48017037,0.4924427,0.5434866,0.48120555
1783532867.3455,11,right_eye_joint,-0.06451763,0.75572574,0.20262745,0.48016784,0.49244526,0.5434841,0.4812085
1783532867.3455,11,right_eyeLowerLid_joint,-0.06451763,0.75572574,0.20262745,0.48016784,0.49244526,0.5434841,0.4812085
1783532867.3455,11,right_eyeUpperLid_joint,-0.06451763,0.75572574,0.20262745,0.48016784,0.49244526,0.5434841,0.4812085
1783532867.3455,11,right_eyeball_joint,-0.06451763,0.75572574,0.20262745,0.48016784,0.49244526,0.5434841,0.4812085
1783532867.3455,11,right_shoulder_1_joint,-0.10487247,0.5597739,0.05412319,0.7869935,0.12436184,0.067447454,0.60052156
1783532867.3455,11,right_arm_joint,-0.24411532,0.5196314,0.060389683,0.6894012,0.51581335,0.35314918,0.36598933
1783532867.3455,11,right_forearm_joint,-0.3022185,0.26170424,0.03130186,0.5215553,0.7034955,0.25966796,0.40699726
1783532867.3455,11,right_hand_joint,-0.26881146,0.008420544,0.112169795,0.17159557,0.40556455,0.6307543,0.6389222
1783532867.3455,11,right_handIndexStart_joint,-0.25448516,-0.010064884,0.12887205,0.12816456,0.44819185,0.6414667,0.6092771
1783532867.3455,11,right_handIndex_1_joint,-0.23643848,-0.082066804,0.15952794,0.12816456,0.44819185,0.6414667,0.6092771
1783532867.3455,11,right_handIndex_2_joint,-0.22594576,-0.12392857,0.17735073,0.12816456,0.44819185,0.6414667,0.6092771
1783532867.3455,11,right_handIndex_3_joint,-0.22007039,-0.14737144,0.18733218,0.12816456,0.44819185,0.6414667,0.6092771
1783532867.3455,11,right_handIndexEnd_joint,-0.21587369,-0.16411605,0.19446176,0.12816456,0.44819185,0.6414667,0.6092771
1783532867.3455,11,right_handMidStart_joint,-0.263521,-0.015584538,0.121712394,0.1709783,0.40610132,0.6311556,0.6383503
1783532867.3455,11,right_handMid_1_joint,-0.25390118,-0.087393865,0.1447178,0.1709783,0.40610132,0.6311556,0.6383503
1783532867.3455,11,right_handMid_2_joint,-0.24714164,-0.13785382,0.160884,0.1709783,0.40610132,0.6311556,0.6383503
1783532867.3455,11,right_handMid_3_joint,-0.24324168,-0.1669655,0.17021053,0.1709783,0.40610132,0.6311556,0.6383503
1783532867.3455,11,right_handMidEnd_joint,-0.24064201,-0.18637295,0.17642833,0.1709783,0.40610132,0.6311556,0.6383503
1783532867.3455,11,right_handPinkyStart_joint,-0.28184417,-0.023490243,0.1024571,0.24763796,0.32870862,0.6330918,0.65560734
1783532867.3455,11,right_handPinky_1_joint,-0.28071967,-0.08654135,0.10991539,0.24763796,0.32870862,0.6330918,0.65560734
1783532867.3455,11,right_handPinky_2_joint,-0.28002542,-0.12548544,0.11452254,0.24763796,0.32870862,0.6330918,0.65560734
1783532867.3455,11,right_handPinky_3_joint,-0.2796613,-0.14588438,0.11693513,0.24763796,0.32870862,0.6330918,0.65560734
1783532867.3455,11,right_handPinkyEnd_joint,-0.27933064,-0.16442873,0.11912865,0.24763796,0.32870862,0.6330918,0.65560734
1783532867.3455,11,right_handRingStart_joint,-0.27189624,-0.019746749,0.112844825,0.2102397,0.36852297,0.63274395,0.64778495
1783532867.3455,11,right_handRing_1_joint,-0.2668428,-0.08783213,0.12761097,0.2102397,0.36852297,0.63274395,0.64778495
1783532867.3455,11,right_handRing_2_joint,-0.26327553,-0.13589199,0.13803382,0.2102397,0.36852297,0.63274395,0.64778495
1783532867.3455,11,right_handRing_3_joint,-0.26104632,-0.16592981,0.14454861,0.2102397,0.36852297,0.63274395,0.64778495
1783532867.3455,11,right_handRingEnd_joint,-0.25955948,-0.18595548,0.14889115,0.2102397,0.36852297,0.63274395,0.64778495
1783532867.3455,11,right_handThumbStart_joint,-0.24549964,-0.009627824,0.121569,0.26085624,0.9094648,0.18000366,0.2691221
1783532867.3455,11,right_handThumb_1_joint,-0.20689021,-0.040310506,0.14280973,0.26085624,0.9094648,0.18000364,0.2691221
1783532867.3455,11,right_handThumb_2_joint,-0.17929241,-0.062239926,0.15799363,0.26085624,0.9094648,0.18000361,0.2691221
1783532867.3455,11,right_handThumbEnd_joint,-0.16089378,-0.07685974,0.16811544,0.26085627,0.9094648,0.18000358,0.2691221
1783532867.3455,11,camera,-0.118107446,0.0065160017,0.13710335,-0.069285564,-0.1065334,-0.71032965,0.69230187
1783532867.3776,12,root,-8.599668e-06,0.018600736,-0.0028077434,0.0028748726,-0.003789364,-0.0003693491,0.99998856
1783532867.3776,12,hips_joint,-8.599668e-06,0.018600736,-0.0028077434,0.0028748726,-0.003789364,-0.0003693491,0.99998856
1783532867.3776,12,left_upLeg_joint,0.10050331,-0.0064592706,-0.0012313433,0.6055124,-0.4061565,0.5396616,-0.42089987
1783532867.3776,12,left_leg_joint,0.13739356,-0.40488505,0.13000102,-0.351502,0.6391213,-0.33462638,0.5966532
1783532867.3776,12,left_foot_joint,0.11868881,-0.7929631,-0.11119351,0.6708419,-0.28635642,0.6313694,-0.26333156
1783532867.3776,12,left_toes_joint,0.12446307,-0.899777,-0.0074249553,0.712957,-0.15401779,0.6698356,-0.13889118
1783532867.3776,12,left_toesEnd_joint,0.12781173,-0.92438596,0.04791803,0.712957,-0.15401761,0.6698356,-0.1388914
1783532867.3776,12,right_upLeg_joint,-0.10057086,-0.006301597,-0.0027543083,0.42538685,0.528329,0.49802417,0.54026514
1783532867.3776,12,right_leg_joint,-0.07769748,-0.42218104,0.059217818,0.58265966,0.3548546,0.6439279,0.3463277
1783532867.3776,12,right_foot_joint,-0.040595274,-0.8152539,-0.17153433,0.23984157,0.6386621,0.2933309,0.6697341
1783532867.3776,12,right_toes_joint,-0.042403832,-0.9194662,-0.06501213,0.114445366,0.67254406,0.16107517,0.71319115
1783532867.3776,12,right_toesEnd_joint,-0.04504123,-0.9427411,-0.009057293,0.114445865,0.67254424,0.16107473,0.71319103
1783532867.3776,12,spine_1_joint,-8.619445e-06,0.018600736,-0.0028077438,0.4788408,0.5166377,0.492415,0.51119864
1783532867.3776,12,spine_2_joint,-0.0010891372,0.076051064,-0.006067079,0.46851763,0.5262531,0.48717374,0.51595557
1783532867.3776,12,spine_3_joint,-0.002732933,0.1333644,-0.011048134,0.4739687,0.5180654,0.49795288,0.5089248
1783532867.3776,12,spine_4_joint,-0.0044676955,0.18630902,-0.013981202,0.49509248,0.49425247,0.5211836,0.48884064
1783532867.3776,12,spine_5_joint,-0.006707609,0.2567054,-0.011889641,0.53453076,0.44771463,0.5600547,0.4473999
1783532867.3776,12,spine_6_joint,-0.009364984,0.34853798,0.007241262,0.54767215,0.42723867,0.5773479,0.4291753
1783532867.3776,12,spine_7_joint,-0.012778337,0.4515274,0.036392685,0.54070574,0.43524668,0.57099956,0.43835688
1783532867.3776,12,left_shoulder_1_joint,0.07319861,0.56381285,0.06100052,-0.6112714,0.021149041,-0.1180186,0.78228605
1783532867.3776,12,left_arm_joint,0.21407801,0.53327924,0.07712912,-0.3570672,0.32797402,-0.5082842,0.71174645
1783532867.3776,12,left_forearm_joint,0.285405,0.27852905,0.049497,-0.4120527,0.20879859,-0.70108485,0.54322684
1783532867.3776,12,left_hand_joint,0.26658443,0.028306922,0.1435326,0.6560024,-0.58867824,0.4342521,-0.18585937
1783532867.3776,12,left_handIndexStart_joint,0.2516063,0.009745853,0.16152272,0.6262341,-0.5998705,0.47559127,-0.14764465
1783532867.3776,12,left_handIndex_1_joint,0.23778777,-0.061871536,0.19513488,0.6262341,-0.5998705,0.47559127,-0.14764465
1783532867.3776,12,left_handIndex_2_joint,0.22975376,-0.10350956,0.21467686,0.6262341,-0.5998705,0.47559127,-0.14764465
1783532867.3776,12,left_handIndex_3_joint,0.2252547,-0.12682685,0.22562036,0.6262341,-0.5998705,0.47559127,-0.14764465
1783532867.3776,12,left_handIndexEnd_joint,0.22204109,-0.14348206,0.23343715,0.6262341,-0.5998705,0.47559127,-0.14764465
1783532867.3776,12,left_handMidStart_joint,0.26144788,0.00464987,0.15515484,0.6571028,-0.5883347,0.432302,-0.18759799
1783532867.3776,12,left_handMid_1_joint,0.25642747,-0.06645373,0.18156187,0.6571028,-0.5883347,0.432302,-0.18759799
1783532867.3776,12,left_handMid_2_joint,0.2528996,-0.116418414,0.20011815,0.6571028,-0.5883347,0.432302,-0.18759799
1783532867.3776,12,left_handMid_3_joint,0.25086427,-0.1452442,0.2108237,0.6571028,-0.5883347,0.432302,-0.18759799
1783532867.3776,12,left_handMidEnd_joint,0.2495074,-0.16446137,0.21796073,0.6571028,-0.5883347,0.432302,-0.18759799
1783532867.3776,12,left_handPinkyStart_joint,0.28140196,-0.0026511454,0.13733542,0.6785297,-0.5895418,0.35237026,-0.2605242
1783532867.3776,12,left_handPinky_1_joint,0.28499302,-0.06511396,0.14819464,0.6785297,-0.5895418,0.35237026,-0.2605242
1783532867.3776,12,left_handPinky_2_joint,0.28721103,-0.10369394,0.15490179,0.6785297,-0.5895418,0.35237026,-0.2605242
1783532867.3776,12,left_handPinky_3_joint,0.28837284,-0.12390249,0.15841505,0.6785297,-0.5895418,0.35237026,-0.2605242
1783532867.3776,12,left_handPinkyEnd_joint,0.28942904,-0.1422739,0.16160893,0.6785297,-0.5895418,0.35237026,-0.2605242
1783532867.3776,12,left_handRingStart_joint,0.2706169,0.00076379057,0.14697385,0.6686415,-0.5894693,0.39345193,-0.2250329
1783532867.3776,12,left_handRing_1_joint,0.27029857,-0.06666851,0.16519506,0.6686415,-0.5894693,0.39345193,-0.2250329
1783532867.3776,12,left_handRing_2_joint,0.27007386,-0.11426779,0.17805709,0.6686415,-0.5894693,0.39345193,-0.2250329
1783532867.3776,12,left_handRing_3_joint,0.26993343,-0.14401732,0.18609586,0.6686415,-0.5894693,0.39345193,-0.2250329
1783532867.3776,12,left_handRingEnd_joint,0.2698398,-0.16385037,0.19145505,0.6686415,-0.5894693,0.39345193,-0.2250329
1783532867.3776,12,left_handThumbStart_joint,0.24303806,0.009054049,0.15375361,0.2585929,-0.13742323,0.90924263,-0.2958416
1783532867.3776,12,left_handThumb_1_joint,0.20592406,-0.023652358,0.17463666,0.2585929,-0.13742323,0.90924263,-0.2958416
1783532867.3776,12,left_handThumb_2_joint,0.17939459,-0.047028556,0.18956442,0.2585929,-0.13742322,0.90924263,-0.2958416
1783532867.3776,12,left_handThumbEnd_joint,0.16170828,-0.06261269,0.19951625,0.2585929,-0.13742319,0.90924263,-0.2958416
1783532867.3776,12,neck_1_joint,-0.016716858,0.5832843,0.061506316,0.58344436,0.37332112,0.619302,0.3697145
1783532867.3776,12,neck_2_joint,-0.018091073,0.6100909,0.07490468,0.57278305,0.3870806,0.6138726,0.38111505
1783532867.3776,12,neck_3_joint,-0.020224746,0.64654446,0.091232166,0.5536567,0.4111131,0.6025974,0.4016549
1783532867.3776,12,neck_4_joint,-0.022795757,0.68411666,0.10471267,0.53505135,0.43312368,0.590672,0.42098773
1783532867.3776,12,head_joint,-0.02616422,0.72850674,0.11762701,0.47565567,0.49628067,0.54014784,0.48548692
1783532867.3776,12,jaw_joint,-0.02452327,0.703412,0.121817574,0.47565567,0.49628067,0.54014784,0.48548692
1783532867.3776,12,chin_joint,-0.025953041,0.6499811,0.22001684,0.47565567,0.49628067,0.54014784,0.48548692
1783532867.3776,12,left_eye_joint,-0.0010308838,0.7602848,0.20687348,0.4799659,0.49211356,0.5443613,0.48075777
1783532867.3776,12,left_eyeLowerLid_joint,-0.0010308838,0.7602848,0.20687348,0.4799659,0.49211356,0.5443613,0.48075777
1783532867.3776,12,left_eyeUpperLid_joint,-0.0010308838,0.7602848,0.20687348,0.4799659,0.49211356,0.5443613,0.48075777
1783532867.3776,12,left_eyeball_joint,-0.0010308838,0.7602848,0.20687348,0.4799659,0.49211356,0.5443613,0.48075777
1783532867.3776,12,nose_joint,-0.031922936,0.72454494,0.2274047,0.4799684,0.49211097,0.5443639,0.48075482
1783532867.3776,12,right_eye_joint,-0.06538951,0.7554836,0.20332408,0.4799659,0.49211356,0.5443613,0.48075777
1783532867.3776,12,right_eyeLowerLid_joint,-0.06538951,0.7554836,0.20332408,0.4799659,0.49211356,0.5443613,0.48075777
1783532867.3776,12,right_eyeUpperLid_joint,-0.06538951,0.7554836,0.20332408,0.4799659,0.49211356,0.5443613,0.48075777
1783532867.3776,12,right_eyeball_joint,-0.06538951,0.7554836,0.20332408,0.4799659,0.49211356,0.5443613,0.48075777
1783532867.3776,12,right_shoulder_1_joint,-0.10536705,0.5597004,0.05449554,0.78720576,0.124024235,0.06777962,0.6002756
1783532867.3776,12,right_arm_joint,-0.2446212,0.51957434,0.060614355,0.68956244,0.5153618,0.3531273,0.36634246
1783532867.3776,12,right_forearm_joint,-0.3029802,0.2617065,0.03151316,0.52099997,0.70379126,0.25920057,0.40749463
1783532867.3776,12,right_hand_joint,-0.26948008,0.008582439,0.11284101,0.17085272,0.4060819,0.6305589,0.6389853
1783532867.3776,12,right_handIndexStart_joint,-0.2551498,-0.009866724,0.1295799,0.12743714,0.44871286,0.64122087,0.6093046
1783532867.3776,12,right_handIndex_1_joint,-0.23707868,-0.08180572,0.16036873,0.12743714,0.44871286,0.64122087,0.6093046
1783532867.3776,12,right_handIndex_2_joint,-0.22657174,-0.12363091,0.1782688,0.12743714,0.44871286,0.64122087,0.6093046
1783532867.3776,12,right_handIndex_3_joint,-0.22068843,-0.1470533,0.18829355,0.12743714,0.44871286,0.64122087,0.6093046
1783532867.3776,12,right_handIndexEnd_joint,-0.21648605,-0.16378328,0.19545405,0.12743714,0.44871286,0.64122087,0.6093046
1783532867.3776,12,right_handMidStart_joint,-0.26418126,-0.015403201,0.12242775,0.17023575,0.40661892,0.63095945,0.63841283
1783532867.3776,12,right_handMid_1_joint,-0.2545351,-0.08716706,0.14556357,0.17023575,0.40661892,0.63095945,0.63841283
1783532867.3776,12,right_handMid_2_joint,-0.24775705,-0.13759506,0.16182142,0.17023575,0.40661892,0.63095945,0.63841283
1783532867.3776,12,right_handMid_3_joint,-0.24384642,-0.16668831,0.17120083,0.17023575,0.40661892,0.63095945,0.63841283
1783532867.3776,12,right_handMidEnd_joint,-0.24123962,-0.18608345,0.17745388,0.17023575,0.40661892,0.63095945,0.63841283
1783532867.3776,12,right_handPinkyStart_joint,-0.2824959,-0.023351474,0.10318182,0.24689725,0.32924312,0.6329787,0.6557276
1783532867.3776,12,right_handPinky_1_joint,-0.2813449,-0.086388685,0.11075274,0.24689725,0.32924312,0.6329787,0.6557276
1783532867.3776,12,right_handPinky_2_joint,-0.2806343,-0.12532417,0.115429476,0.24689725,0.32924312,0.6329787,0.6557276
1783532867.3776,12,right_handPinky_3_joint,-0.2802616,-0.14571862,0.117878504,0.24689725,0.32924312,0.6329787,0.6557276
1783532867.3776,12,right_handPinkyEnd_joint,-0.27992317,-0.16425888,0.12010516,0.24689725,0.32924312,0.6329787,0.6557276
1783532867.3776,12,right_handRingStart_joint,-0.27255234,-0.019584987,0.11356543,0.20949703,0.3690497,0.6325886,0.6478772
1783532867.3776,12,right_handRing_1_joint,-0.26747206,-0.08764165,0.1284542,0.20949703,0.3690497,0.6325886,0.6478772
1783532867.3776,12,right_handRing_2_joint,-0.2638859,-0.13568121,0.1389636,0.20949703,0.3690497,0.6325886,0.6478772
1783532867.3776,12,right_handRing_3_joint,-0.2616448,-0.16570637,0.14553247,0.20949703,0.3690497,0.6325886,0.6478772
1783532867.3776,12,right_handRingEnd_joint,-0.26015007,-0.1857236,0.14991108,0.20949703,0.3690497,0.6325886,0.6478772
1783532867.3776,12,right_handThumbStart_joint,-0.24616258,-0.009438629,0.12227842,0.26038778,0.90964854,0.17928775,0.26943198
1783532867.3776,12,right_handThumb_1_joint,-0.2075449,-0.040065974,0.14358382,0.26038778,0.90964854,0.17928773,0.26943198
1783532867.3776,12,right_handThumb_2_joint,-0.17994118,-0.061955843,0.15881392,0.26038778,0.90964854,0.17928772,0.26943198
1783532867.3776,12,right_handThumbEnd_joint,-0.1615386,-0.07654928,0.16896656,0.26038775,0.90964854,0.17928769,0.26943198
1783532867.3776,12,camera,-0.11791867,0.0067643262,0.13750947,-0.06948657,-0.10610027,-0.710584,0.69208723
1783532867.4103,13,root,-5.006992e-05,0.01861653,-0.0026873888,0.0024026816,-0.003771513,-0.0004134116,0.9999899
1783532867.4103,13,hips_joint,-5.006992e-05,0.01861653,-0.0026873888,0.0024026816,-0.003771513,-0.0004134116,0.9999899
1783532867.4103,13,left_upLeg_joint,0.100459605,-0.006451186,-0.0010909775,0.60581684,-0.40585294,0.5399285,-0.42041266
1783532867.4103,13,left_leg_joint,0.13731492,-0.4046992,0.13069011,-0.34911132,0.64071804,-0.33310974,0.59719324
1783532867.4103,13,left_foot_joint,0.117667474,-0.7912265,-0.11290819,0.66994435,-0.2890877,0.63050866,-0.2646921
1783532867.4103,13,left_toes_joint,0.123297065,-0.89869726,-0.009812021,0.71259344,-0.1568696,0.6692483,-0.1403902
1783532867.4103,13,left_toesEnd_joint,0.1266336,-0.92365783,0.04537406,0.7125935,-0.1568694,0.6692483,-0.14039041
1783532867.4103,13,right_upLeg_joint,-0.1006146,-0.0062765297,-0.0026067975,0.42477846,0.5289134,0.49760187,0.54056126
1783532867.4103,13,right_leg_joint,-0.07757505,-0.42202622,0.060169406,0.58381003,0.3531662,0.64501256,0.34409082
1783532867.4103,13,right_foot_joint,-0.040287457,-0.8135948,-0.17309679,0.24178834,0.6380423,0.2955643,0.6686421
1783532867.4103,13,right_toes_joint,-0.04193986,-0.9184827,-0.06723715,0.11647436,0.6723046,0.16347504,0.71254224
1783532867.4103,13,right_toesEnd_joint,-0.04452185,-0.9421145,-0.011429533,0.11647485,0.6723047,0.16347457,0.7125421
1783532867.4103,13,spine_1_joint,-5.0089697e-05,0.01861653,-0.0026873893,0.47870424,0.5168691,0.49209324,0.5114029
1783532867.4103,13,spine_2_joint,-0.0011216572,0.07606411,-0.005997977,0.46849102,0.5264511,0.48685473,0.5160792
1783532867.4103,13,spine_3_joint,-0.0027536706,0.13337448,-0.011016979,0.4740682,0.51819503,0.4976841,0.5089634
1783532867.4103,13,spine_4_joint,-0.00447428,0.18631862,-0.0139674395,0.49535277,0.49425048,0.52098984,0.48878625
1783532867.4103,13,spine_5_joint,-0.006685569,0.25671563,-0.011866343,0.5349351,0.44752577,0.55992866,0.44726443
1783532867.4103,13,spine_6_joint,-0.009284475,0.34853804,0.0073216045,0.54819715,0.42690745,0.57725435,0.42896116
1783532867.4103,13,spine_7_joint,-0.012613828,0.45150083,0.03657682,0.541315,0.43489844,0.5709301,0.43804172
1783532867.4103,13,left_shoulder_1_joint,0.073449545,0.5637042,0.061257083,-0.61046594,0.021654427,-0.1175811,0.7829671
1783532867.4103,13,left_arm_joint,0.21435256,0.5331621,0.07716166,-0.35644788,0.32901293,-0.50710046,0.71242183
1783532867.4103,13,left_forearm_joint,0.2859559,0.27858895,0.048626047,-0.41173148,0.21004747,-0.70009035,0.54427147
1783532867.4103,13,left_hand_joint,0.26760197,0.028024787,0.1418402,0.6563744,-0.589077,0.43270615,-0.1868872
1783532867.4103,13,left_handIndexStart_joint,0.25267267,0.009382358,0.15978682,0.626705,-0.60033506,0.47407204,-0.14864366
1783532867.4103,13,left_handIndex_1_joint,0.2389964,-0.0623672,0.1931747,0.626705,-0.60033506,0.47407204,-0.14864366
1783532867.4103,13,left_handIndex_2_joint,0.23104507,-0.104082055,0.21258627,0.626705,-0.60033506,0.47407204,-0.14864366
1783532867.4103,13,left_handIndex_3_joint,0.22659233,-0.12744237,0.22345674,0.626705,-0.60033506,0.47407204,-0.14864366
1783532867.4103,13,left_handIndexEnd_joint,0.2234118,-0.14412832,0.23122136,0.626705,-0.60033506,0.47407204,-0.14864366
1783532867.4103,13,left_handMidStart_joint,0.26251307,0.0043215323,0.15338908,0.6574704,-0.5887305,0.43075472,-0.18862659
1783532867.4103,13,left_handMid_1_joint,0.25762483,-0.06687774,0.17956226,0.6574704,-0.5887305,0.43075472,-0.18862659
1783532867.4103,13,left_handMid_2_joint,0.25418988,-0.11690965,0.19795424,0.6574704,-0.5887305,0.43075472,-0.18862659
1783532867.4103,13,left_handMid_3_joint,0.25220817,-0.14577422,0.20856498,0.6574704,-0.5887305,0.43075472,-0.18862659
1783532867.4103,13,left_handMidEnd_joint,0.25088704,-0.16501726,0.21563882,0.6574704,-0.5887305,0.43075472,-0.18862659
1783532867.4103,13,left_handPinkyStart_joint,0.2824542,-0.002891662,0.1355194,0.67872334,-0.5898349,0.3507569,-0.26153293
1783532867.4103,13,left_handPinky_1_joint,0.28614545,-0.06538579,0.14616296,0.67872334,-0.5898349,0.3507569,-0.26153293
1783532867.4103,13,left_handPinky_2_joint,0.28842536,-0.1039851,0.1527369,0.67872334,-0.5898349,0.3507569,-0.26153293
1783532867.4103,13,left_handPinky_3_joint,0.2896196,-0.124203786,0.15618041,0.67872334,-0.5898349,0.3507569,-0.26153293
1783532867.4103,13,left_handPinkyEnd_joint,0.29070526,-0.14258441,0.15931086,0.67872334,-0.5898349,0.3507569,-0.26153293
1783532867.4103,13,left_handRingStart_joint,0.27167687,0.0004757881,0.1451832,0.6689215,-0.58981586,0.39186954,-0.22605336
1783532867.4103,13,left_handRing_1_joint,0.2714751,-0.06701807,0.16317697,0.6689215,-0.58981586,0.39186954,-0.22605336
1783532867.4103,13,left_handRing_2_joint,0.27133265,-0.11466079,0.17587845,0.6689215,-0.58981586,0.39186954,-0.22605336
1783532867.4103,13,left_handRing_3_joint,0.27124363,-0.14443749,0.18381687,0.6689215,-0.58981586,0.39186954,-0.22605336
1783532867.4103,13,left_handRingEnd_joint,0.2711843,-0.16428863,0.18910915,0.6689215,-0.58981586,0.39186954,-0.22605336
1783532867.4103,13,left_handThumbStart_joint,0.2440954,0.008704914,0.15202644,0.25877437,-0.13897017,0.90863794,-0.29681763
1783532867.4103,13,left_handThumb_1_joint,0.20705353,-0.024123186,0.17284669,0.25877437,-0.13897017,0.90863794,-0.29681763
1783532867.4103,13,left_handThumb_2_joint,0.1805756,-0.04758637,0.18772957,0.25877437,-0.13897014,0.90863794,-0.29681763
1783532867.4103,13,left_handThumbEnd_joint,0.16292363,-0.063228495,0.19765148,0.25877437,-0.1389701,0.90863794,-0.29681763
1783532867.4103,13,neck_1_joint,-0.01645372,0.5832296,0.061853062,0.5840111,0.3729052,0.6192,0.36941102
1783532867.4103,13,neck_2_joint,-0.01780174,0.61002076,0.07528493,0.5733588,0.3866754,0.61377937,0.38081124
1783532867.4103,13,neck_3_joint,-0.019901183,0.6464558,0.09165817,0.55424803,0.4107281,0.60251963,0.40135035
1783532867.4103,13,neck_4_joint,-0.022439381,0.6840131,0.10518612,0.5356566,0.43275875,0.59060854,0.42068267
1783532867.4103,13,head_joint,-0.0257713,0.72838956,0.11815674,0.4763006,0.4959883,0.54012495,0.4851792
1783532867.4103,13,jaw_joint,-0.024142511,0.7032888,0.12231566,0.4763006,0.4959883,0.54012495,0.4851792
1783532867.4103,13,chin_joint,-0.025532166,0.6497397,0.22045112,0.4763006,0.4959883,0.54012495,0.4851792
1783532867.4103,13,left_eye_joint,-0.0005526614,0.7600441,0.20742302,0.4806081,0.49181545,0.54433584,0.48045015
1783532867.4103,13,left_eyeLowerLid_joint,-0.0005526614,0.7600441,0.20742302,0.4806081,0.49181545,0.54433584,0.48045015
1783532867.4103,13,left_eyeUpperLid_joint,-0.0005526614,0.7600441,0.20742302,0.4806081,0.49181545,0.54433584,0.48045015
1783532867.4103,13,left_eyeball_joint,-0.0005526614,0.7600441,0.20742302,0.4806081,0.49181545,0.54433584,0.48045015
1783532867.4103,13,nose_joint,-0.031451255,0.7242982,0.22793381,0.48061064,0.4918129,0.54433835,0.4804473
1783532867.4103,13,right_eye_joint,-0.06491681,0.75528634,0.20391548,0.4806081,0.49181545,0.54433584,0.48045015
1783532867.4103,13,right_eyeLowerLid_joint,-0.06491681,0.75528634,0.20391548,0.4806081,0.49181545,0.54433584,0.48045015
1783532867.4103,13,right_eyeUpperLid_joint,-0.06491681,0.75528634,0.20391548,0.4806081,0.49181545,0.54433584,0.48045015
1783532867.4103,13,right_eyeball_joint,-0.06491681,0.75528634,0.20391548,0.4806081,0.49181545,0.54433584,0.48045015
1783532867.4103,13,right_shoulder_1_joint,-0.10512344,0.5597082,0.054879334,0.787362,0.12367788,0.067062326,0.60022324
1783532867.4103,13,right_arm_joint,-0.24443054,0.5197815,0.061096735,0.69010735,0.5149903,0.3521327,0.36679652
1783532867.4103,13,right_forearm_joint,-0.30336642,0.2620094,0.03231028,0.5209637,0.7041126,0.2577473,0.40790823
1783532867.4103,13,right_hand_joint,-0.27002642,0.009069576,0.1142752,0.17057486,0.4072133,0.6295918,0.6392936
1783532867.4103,13,right_handIndexStart_joint,-0.25569507,-0.009349331,0.13104653,0.12722683,0.4498629,0.64023733,0.60953534
1783532867.4103,13,right_handIndex_1_joint,-0.23766044,-0.081224136,0.16200633,0.12722683,0.4498629,0.64023733,0.60953534
1783532867.4103,13,right_handIndex_2_joint,-0.22717471,-0.12301201,0.18000583,0.12722683,0.4498629,0.64023733,0.60953534
1783532867.4103,13,right_handIndex_3_joint,-0.22130327,-0.14641349,0.19008625,0.12722683,0.4498629,0.64023733,0.60953534
1783532867.4103,13,right_handIndexEnd_joint,-0.21710937,-0.16312854,0.19728649,0.12722683,0.4498629,0.64023733,0.60953534
1783532867.4103,13,right_handMidStart_joint,-0.2647406,-0.014895742,0.1239198,0.16995916,0.40775084,0.62999225,0.6387202
1783532867.4103,13,right_handMid_1_joint,-0.2551397,-0.0866073,0.14723608,0.16995916,0.40775084,0.62999225,0.6387202
1783532867.4103,13,right_handMid_2_joint,-0.2483935,-0.13699855,0.16362074,0.16995916,0.40775084,0.62999225,0.6387202
1783532867.4103,13,right_handMid_3_joint,-0.24450125,-0.16607061,0.1730733,0.16995916,0.40775084,0.62999225,0.6387202
1783532867.4103,13,right_handMidEnd_joint,-0.24190669,-0.18545161,0.17937513,0.16995916,0.40775084,0.62999225,0.6387202
1783532867.4103,13,right_handPinkyStart_joint,-0.28308585,-0.022876834,0.10471671,0.24655944,0.33034912,0.632061,0.6561839
1783532867.4103,13,right_handPinky_1_joint,-0.2819897,-0.08589475,0.11245479,0.24655944,0.33034912,0.632061,0.6561839
1783532867.4103,13,right_handPinky_2_joint,-0.2813129,-0.12481833,0.11723475,0.24655944,0.33034912,0.632061,0.6561839
1783532867.4103,13,right_handPinky_3_joint,-0.28095797,-0.14520654,0.11973786,0.24655944,0.33034912,0.632061,0.6561839
1783532867.4103,13,right_handPinkyEnd_joint,-0.28063563,-0.16374113,0.12201367,0.24655944,0.33034912,0.632061,0.6561839
1783532867.4103,13,right_handRingStart_joint,-0.2731263,-0.0190927,0.11507854,0.2091897,0.37016955,0.63164383,0.64825994
1783532867.4103,13,right_handRing_1_joint,-0.2680973,-0.08711449,0.13014323,0.2091897,0.37016955,0.63164383,0.64825994
1783532867.4103,13,right_handRing_2_joint,-0.2645473,-0.13512945,0.14077683,0.2091897,0.37016955,0.63164383,0.64825994
1783532867.4103,13,right_handRing_3_joint,-0.26232883,-0.16513923,0.14742333,0.2091897,0.37016955,0.63164383,0.64825994
1783532867.4103,13,right_handRingEnd_joint,-0.26084918,-0.18514621,0.15185367,0.2091897,0.37016955,0.63164383,0.64825994
1783532867.4103,13,right_handThumbStart_joint,-0.24671604,-0.008949856,0.12373337,0.26059356,0.9099138,0.17778252,0.26933604
1783532867.4103,13,right_handThumb_1_joint,-0.20810422,-0.039559342,0.14507525,0.26059356,0.9099138,0.1777825,0.26933604
1783532867.4103,13,right_handThumb_2_joint,-0.1805047,-0.06143644,0.16033141,0.26059356,0.9099138,0.17778249,0.26933604
1783532867.4103,13,right_handThumbEnd_joint,-0.1621049,-0.07602137,0.17050143,0.26059356,0.9099138,0.17778246,0.26933604
1783532867.4103,13,camera,-0.11804068,0.006425077,0.13778624,-0.06946558,-0.10597241,-0.71070606,0.6919835
1783532867.4448,14,root,-3.2816977e-05,0.018546427,-0.002968367,0.00214873,-0.00418262,0.00023399237,0.9999889
1783532867.4448,14,hips_joint,-3.2816977e-05,0.018546427,-0.002968367,0.00214873,-0.00418262,0.00023399237,0.9999889
1783532867.4448,14,left_upLeg_joint,0.10050777,-0.0063906787,-0.0012761817,0.60597444,-0.40516365,0.5397039,-0.42113793
1783532867.4448,14,left_leg_joint,0.13803805,-0.40459093,0.13045852,-0.3477874,0.6412505,-0.33128396,0.59840834
1783532867.4448,14,left_foot_joint,0.11887569,-0.78988266,-0.11512738,0.66923064,-0.2903233,0.62982064,-0.2667745
1783532867.4448,14,left_toes_joint,0.12455032,-0.8978751,-0.012580251,0.71212685,-0.1582181,0.6689675,-0.14256525
1783532867.4448,14,left_toesEnd_joint,0.12788087,-0.9231149,0.042478967,0.712127,-0.15821789,0.66896737,-0.14256544
1783532867.4448,14,right_upLeg_joint,-0.100565165,-0.0064764093,-0.0029579331,0.42355862,0.5294603,0.49751732,0.5410607
1783532867.4448,14,right_leg_joint,-0.077108935,-0.4220486,0.060831342,0.58177173,0.35572112,0.64429736,0.34624445
1783532867.4448,14,right_foot_joint,-0.039008234,-0.8153624,-0.1693471,0.23860826,0.6387967,0.29367316,0.6698964
1783532867.4448,14,right_toes_joint,-0.0407057,-0.91943204,-0.062683664,0.113208905,0.67244244,0.16138043,0.7134153
1783532867.4448,14,right_toesEnd_joint,-0.043347754,-0.9426354,-0.006699371,0.1132094,0.67244256,0.16137995,0.71341527
1783532867.4448,14,spine_1_joint,-3.2836753e-05,0.018546427,-0.0029683672,0.47814992,0.51705277,0.49245682,0.5113854
1783532867.4448,14,spine_2_joint,-0.0011674803,0.07599156,-0.0063000964,0.4680723,0.5265789,0.48720333,0.5159997
1783532867.4448,14,spine_3_joint,-0.0028540676,0.1332997,-0.011326551,0.47377968,0.5182803,0.4980279,0.50880873
1783532867.4448,14,spine_4_joint,-0.0046203868,0.18624265,-0.014271064,0.49518606,0.49429643,0.5213289,0.4885466
1783532867.4448,14,spine_5_joint,-0.0068878476,0.2566371,-0.012145019,0.5348487,0.44753724,0.56025106,0.4469517
1783532867.4448,14,spine_6_joint,-0.009556467,0.34844732,0.0070914445,0.54816335,0.42688417,0.57754874,0.42863068
1783532867.4448,14,spine_7_joint,-0.012954304,0.45139006,0.036409263,0.5412967,0.43489048,0.57120013,0.4377195
1783532867.4448,14,left_shoulder_1_joint,0.073039465,0.5636317,0.061157692,-0.61014277,0.021284997,-0.11702821,0.78331155
1783532867.4448,14,left_arm_joint,0.21398471,0.53327096,0.07703517,-0.3563587,0.32902208,-0.50621796,0.7130891
1783532867.4448,14,left_forearm_joint,0.2860605,0.2788664,0.048187952,-0.41171956,0.21007872,-0.69928867,0.54529744
1783532867.4448,14,left_hand_joint,0.26830068,0.02814602,0.14109617,0.6569824,-0.5886196,0.43204716,-0.18771358
1783532867.4448,14,left_handIndexStart_joint,0.25341836,0.009447432,0.15902334,0.62735474,-0.59993225,0.47345322,-0.14949743
1783532867.4448,14,left_handIndex_1_joint,0.2399139,-0.062374346,0.19232567,0.62735474,-0.59993225,0.47345322,-0.14949743
1783532867.4448,14,left_handIndex_2_joint,0.23206244,-0.1041312,0.21168749,0.62735474,-0.59993225,0.47345322,-0.14949743
1783532867.4448,14,left_handIndex_3_joint,0.22766565,-0.12751503,0.22253011,0.62735474,-0.59993225,0.47345322,-0.14949743
1783532867.4448,14,left_handIndexEnd_joint,0.22452506,-0.14421777,0.23027484,0.62735474,-0.59993225,0.47345322,-0.14949743
1783532867.4448,14,left_handMidStart_joint,0.26326868,0.0044169617,0.15261693,0.65807676,-0.58827084,0.43009385,-0.18945144
1783532867.4448,14,left_handMid_1_joint,0.25854918,-0.06682559,0.17870311,0.65807676,-0.58827084,0.43009385,-0.18945144
1783532867.4448,14,left_handMid_2_joint,0.25523278,-0.11688791,0.19703394,0.65807676,-0.58827084,0.43009385,-0.18945144
1783532867.4448,14,left_handMid_3_joint,0.25331944,-0.14577003,0.2076094,0.65807676,-0.58827084,0.43009385,-0.18945144
1783532867.4448,14,left_handMidEnd_joint,0.2520439,-0.16502476,0.21465972,0.65807676,-0.58827084,0.43009385,-0.18945144
1783532867.4448,14,left_handPinkyStart_joint,0.28322172,-0.002728653,0.13473347,0.67927593,-0.5893105,0.35000974,-0.26227957
1783532867.4448,14,left_handPinky_1_joint,0.287058,-0.06522731,0.14529872,0.67927593,-0.5893105,0.35000974,-0.26227957
1783532867.4448,14,left_handPinky_2_joint,0.28942746,-0.10382942,0.15182431,0.67927593,-0.5893105,0.35000974,-0.26227957
1783532867.4448,14,left_handPinky_3_joint,0.2906686,-0.124049574,0.15524247,0.67927593,-0.5893105,0.35000974,-0.26227957
1783532867.4448,14,left_handPinkyEnd_joint,0.29179692,-0.14243153,0.1583499,0.67927593,-0.5893105,0.35000974,-0.26227957
1783532867.4448,14,left_handRingStart_joint,0.27243915,0.00060226914,0.14440407,0.6695011,-0.58932364,0.39116398,-0.22684081
1783532867.4448,14,left_handRing_1_joint,0.2723956,-0.06691406,0.16231428,0.6695011,-0.58932364,0.39116398,-0.22684081
1783532867.4448,14,left_handRing_2_joint,0.27236488,-0.114572644,0.17495677,0.6695011,-0.58932364,0.39116398,-0.22684081
1783532867.4448,14,left_handRing_3_joint,0.2723457,-0.14435926,0.18285835,0.6695011,-0.58932364,0.39116398,-0.22684081
1783532867.4448,14,left_handRingEnd_joint,0.27233288,-0.16421701,0.18812606,0.6695011,-0.58932364,0.39116398,-0.22684081
1783532867.4448,14,left_handThumbStart_joint,0.24484071,0.00876006,0.15126425,0.25886065,-0.1392743,0.90818095,-0.2979953
1783532867.4448,14,left_handThumb_1_joint,0.20787895,-0.024178075,0.17205289,0.25886065,-0.1392743,0.90818095,-0.2979953
1783532867.4448,14,left_handThumb_2_joint,0.18145826,-0.047719914,0.18691318,0.25886065,-0.1392743,0.90818095,-0.2979953
1783532867.4448,14,left_handThumbEnd_joint,0.16384447,-0.06341448,0.19682002,0.25886065,-0.13927427,0.90818095,-0.2979953
1783532867.4448,14,neck_1_joint,-0.016875708,0.5831018,0.061761305,0.58399105,0.3728978,0.6194319,0.36906052
1783532867.4448,14,neck_2_joint,-0.018240625,0.6098844,0.07520856,0.573338,0.38666606,0.6140186,0.38046578
1783532867.4448,14,neck_3_joint,-0.02036299,0.64630866,0.09160271,0.5542261,0.41071585,0.60277164,0.40101436
1783532867.4448,14,neck_4_joint,-0.022924682,0.68385667,0.10515221,0.5356337,0.43274385,0.59087247,0.42035607
1783532867.4448,14,head_joint,-0.026284248,0.72822356,0.118148275,0.4762779,0.49596843,0.5404257,0.48488635
1783532867.4448,14,jaw_joint,-0.024640279,0.7031213,0.1222928,0.4762779,0.49596843,0.5404257,0.48488635
1783532867.4448,14,chin_joint,-0.026001057,0.64951485,0.2203973,0.4762779,0.49596843,0.5404257,0.48488635
1783532867.4448,14,left_eye_joint,-0.0010884833,0.759842,0.20743378,0.48058525,0.49179584,0.544634,0.48015466
1783532867.4448,14,left_eyeLowerLid_joint,-0.0010884833,0.759842,0.20743378,0.48058525,0.49179584,0.544634,0.48015466
1783532867.4448,14,left_eyeUpperLid_joint,-0.0010884833,0.759842,0.20743378,0.48058525,0.49179584,0.544634,0.48015466
1783532867.4448,14,left_eyeball_joint,-0.0010884833,0.759842,0.20743378,0.48058525,0.49179584,0.544634,0.48015466
1783532867.4448,14,nose_joint,-0.03196602,0.72406536,0.22792272,0.48058787,0.4917933,0.5446365,0.4801518
1783532867.4448,14,right_eye_joint,-0.065449566,0.75504696,0.20392093,0.48058525,0.49179584,0.544634,0.48015466
1783532867.4448,14,right_eyeLowerLid_joint,-0.065449566,0.75504696,0.20392093,0.48058525,0.49179584,0.544634,0.48015466
1783532867.4448,14,right_eyeUpperLid_joint,-0.065449566,0.75504696,0.20392093,0.48058525,0.49179584,0.544634,0.48015466
1783532867.4448,14,right_eyeball_joint,-0.065449566,0.75504696,0.20392093,0.48058525,0.49179584,0.544634,0.48015466
1783532867.4448,14,right_shoulder_1_joint,-0.10553067,0.5595302,0.05477044,0.7873328,0.12365053,0.066882625,0.60028666
1783532867.4448,14,right_arm_joint,-0.24484672,0.5196408,0.061026957,0.69041175,0.5147747,0.35138986,0.3672377
1783532867.4448,14,right_forearm_joint,-0.30417866,0.26192698,0.0325351,0.5212023,0.7040968,0.25682288,0.4082126
1783532867.4448,14,right_hand_joint,-0.27110562,0.009061737,0.11483664,0.17058222,0.4077568,0.6288438,0.6396805
1783532867.4448,14,right_handIndexStart_joint,-0.2567868,-0.009351497,0.1316248,0.1272857,0.45043164,0.63949186,0.60988456
1783532867.4448,14,right_handIndex_1_joint,-0.23882309,-0.08120508,0.16267475,0.1272857,0.45043164,0.63949186,0.60988456
1783532867.4448,14,right_handIndex_2_joint,-0.2283786,-0.12298061,0.18072663,0.1272857,0.45043164,0.63949186,0.60988456
1783532867.4448,14,right_handIndex_3_joint,-0.22253025,-0.14637518,0.19083638,0.1272857,0.45043164,0.63949186,0.60988456
1783532867.4448,14,right_handIndexEnd_joint,-0.21835282,-0.16308531,0.19805759,0.1272857,0.45043164,0.63949186,0.60988456
1783532867.4448,14,right_handMidStart_joint,-0.26584384,-0.014896543,0.12451176,0.1699674,0.40829477,0.62924445,0.63910675
1783532867.4448,14,right_handMid_1_joint,-0.25631863,-0.08658705,0.14792337,0.1699674,0.40829477,0.62924445,0.63910675
1783532867.4448,14,right_handMid_2_joint,-0.24962556,-0.1369635,0.16437502,0.1699674,0.40829477,0.62924445,0.63910675
1783532867.4448,14,right_handMid_3_joint,-0.24576396,-0.16602701,0.17386623,0.1699674,0.40829477,0.62924445,0.63910675
1783532867.4448,14,right_handMidEnd_joint,-0.24318984,-0.18540233,0.18019383,0.1699674,0.40829477,0.62924445,0.63910675
1783532867.4448,14,right_handPinkyStart_joint,-0.2842116,-0.022881607,0.1053318,0.24650697,0.33085182,0.6313322,0.65665096
1783532867.4448,14,right_handPinky_1_joint,-0.2831901,-0.08588978,0.113158405,0.24650697,0.33085182,0.6313322,0.65665096
1783532867.4448,14,right_handPinky_2_joint,-0.28255945,-0.124807335,0.11799306,0.24650697,0.33085182,0.6313322,0.65665096
1783532867.4448,14,right_handPinky_3_joint,-0.28222868,-0.14519238,0.1205248,0.24650697,0.33085182,0.6313322,0.65665096
1783532867.4448,14,right_handPinkyEnd_joint,-0.2819283,-0.1637241,0.12282666,0.24650697,0.33085182,0.6313322,0.65665096
1783532867.4448,14,right_handRingStart_joint,-0.27424058,-0.019095406,0.11568185,0.20916793,0.37069297,0.63090384,0.64868736
1783532867.4448,14,right_handRing_1_joint,-0.26928785,-0.08710204,0.13083959,0.20916793,0.37069297,0.63090384,0.64868736
1783532867.4448,14,right_handRing_2_joint,-0.26579168,-0.13510631,0.14153889,0.20916793,0.37069297,0.63090384,0.64868736
1783532867.4448,14,right_handRing_3_joint,-0.26360688,-0.16510938,0.14822644,0.20916793,0.37069297,0.63090384,0.64868736
1783532867.4448,14,right_handRingEnd_joint,-0.26214966,-0.1851119,0.15268417,0.20916793,0.37069297,0.63090384,0.64868736
1783532867.4448,14,right_handThumbStart_joint,-0.24781196,-0.008973738,0.12430532,0.2610348,0.9099609,0.17688395,0.2693393
1783532867.4448,14,right_handThumb_1_joint,-0.2092252,-0.039601736,0.14566565,0.2610348,0.9099609,0.17688394,0.2693393
1783532867.4448,14,right_handThumb_2_joint,-0.18164358,-0.06149206,0.160935,0.2610348,0.9099609,0.17688392,0.2693393
1783532867.4448,14,right_handThumbEnd_joint,-0.16325572,-0.07608581,0.17111379,0.2610348,0.9099609,0.1768839,0.2693393
1783532867.4448,14,camera,-0.11803265,0.006622967,0.13812147,-0.06944915,-0.10573356,-0.71073025,0.6919969
1783532867.4784,15,root,8.071308e-05,0.01858658,-0.0031019133,0.0019867604,-0.004587139,0.0007644581,0.9999872
1783532867.4784,15,hips_joint,8.071308e-05,0.01858658,-0.0031019133,0.0019867604,-0.004587139,0.0007644581,0.9999872
1783532867.4784,15,left_upLeg_joint,0.10064622,-0.0062435875,-0.0013199731,0.6055464,-0.40509441,0.53934026,-0.42228442
1783532867.4784,15,left_leg_joint,0.13855423,-0.40465426,0.12966812,-0.3448991,0.6424623,-0.32832056,0.6004102
1783532867.4784,15,left_foot_joint,0.11975694,-0.7876135,-0.1195672,0.6677043,-0.2930583,0.62872225,-0.27017784
1783532867.4784,15,left_toes_joint,0.12536798,-0.8965686,-0.01803997,0.7111465,-0.1611929,0.66853416,-0.14611511
1783532867.4784,15,left_toesEnd_joint,0.1286536,-0.92232674,0.03678142,0.71114653,-0.16119269,0.6685341,-0.14611532
1783532867.4784,15,right_upLeg_joint,-0.100425094,-0.0065425956,-0.0031648113,0.4224436,0.5301729,0.49749127,0.5412583
1783532867.4784,15,right_leg_joint,-0.076354705,-0.42194206,0.061513804,0.5795569,0.35916132,0.64276195,0.34924805
1783532867.4784,15,right_foot_joint,-0.03781203,-0.8176382,-0.16446948,0.23474309,0.6401388,0.2906122,0.671314
1783532867.4784,15,right_toes_joint,-0.039530907,-0.9205775,-0.056715067,0.10915945,0.6730278,0.15810631,0.714227
1783532867.4784,15,right_toesEnd_joint,-0.042204313,-0.94319046,-0.0004911852,0.109159924,0.6730278,0.15810584,0.714227
1783532867.4784,15,spine_1_joint,8.0693295e-05,0.01858658,-0.0031019135,0.4776544,0.5171867,0.49270728,0.5114719
1783532867.4784,15,spine_2_joint,-0.0010982961,0.07602923,-0.006461003,0.46765256,0.52669895,0.48736066,0.51610935
1783532867.4784,15,spine_3_joint,-0.0028170745,0.13333389,-0.011516307,0.47342867,0.5183982,0.49815103,0.50889486
1783532867.4784,15,spine_4_joint,-0.0046093767,0.18627468,-0.014484289,0.4949075,0.49440786,0.5214568,0.48857984
1783532867.4784,15,spine_5_joint,-0.006911079,0.2566687,-0.012379791,0.53464746,0.44765636,0.5603941,0.44689408
1783532867.4784,15,spine_6_joint,-0.009629861,0.3484799,0.006844734,0.54802316,0.42700857,0.5777369,0.42843264
1783532867.4784,15,spine_7_joint,-0.013096955,0.45141712,0.036173966,0.54118127,0.43502563,0.5715025,0.43733335
1783532867.4784,15,left_shoulder_1_joint,0.07278972,0.5637302,0.06097059,-0.6095594,0.02078059,-0.1157981,0.7839621
1783532867.4784,15,left_arm_joint,0.21382423,0.53371984,0.07672144,-0.35597637,0.32971016,-0.50463617,0.714083
1783532867.4784,15,left_forearm_joint,0.2865095,0.27958515,0.04703637,-0.41163734,0.21091354,-0.69772846,0.5470336
1783532867.4784,15,left_hand_joint,0.26972958,0.028496569,0.1391293,0.65796155,-0.58834726,0.4302987,-0.18914981
1783532867.4784,15,left_handIndexStart_joint,0.25493532,0.009687553,0.15701382,0.62844497,-0.59975386,0.47177085,-0.15094718
1783532867.4784,15,left_handIndex_1_joint,0.24172069,-0.062290736,0.19009387,0.62844497,-0.59975386,0.47177085,-0.15094718
1783532867.4784,15,left_handIndex_2_joint,0.23403776,-0.104138575,0.20932648,0.62844497,-0.59975386,0.47177085,-0.15094718
1783532867.4784,15,left_handIndex_3_joint,0.22973531,-0.12757336,0.22009672,0.62844497,-0.59975386,0.47177085,-0.15094718
1783532867.4784,15,left_handIndexEnd_joint,0.22666213,-0.1443125,0.22778976,0.62844497,-0.59975386,0.47177085,-0.15094718
1783532867.4784,15,left_handMidStart_joint,0.26479402,0.0047121285,0.1505774,0.65905106,-0.5879946,0.42834222,-0.19088641
1783532867.4784,15,left_handMid_1_joint,0.26035255,-0.06663286,0.17643146,0.65905106,-0.5879946,0.42834222,-0.19088641
1783532867.4784,15,left_handMid_2_joint,0.2572315,-0.116767175,0.19459918,0.65905106,-0.5879946,0.42834222,-0.19088641
1783532867.4784,15,left_handMid_3_joint,0.2554309,-0.14569081,0.20508057,0.65905106,-0.5879946,0.42834222,-0.19088641
1783532867.4784,15,left_handMidEnd_joint,0.25423053,-0.16497326,0.21206816,0.65905106,-0.5879946,0.42834222,-0.19088641
1783532867.4784,15,left_handPinkyStart_joint,0.28474703,-0.002305622,0.13264328,0.6800761,-0.5889135,0.34811825,-0.2636126
1783532867.4784,15,left_handPinky_1_joint,0.28881043,-0.0648258,0.14299425,0.6800761,-0.5889135,0.34811825,-0.2636126
1783532867.4784,15,left_handPinky_2_joint,0.2913202,-0.10344121,0.1493875,0.6800761,-0.5889135,0.34811825,-0.2636126
1783532867.4784,15,left_handPinky_3_joint,0.29263484,-0.12366833,0.15273635,0.6800761,-0.5889135,0.34811825,-0.2636126
1783532867.4784,15,left_handPinkyEnd_joint,0.29382998,-0.14205661,0.15578075,0.6800761,-0.5889135,0.34811825,-0.2636126
1783532867.4784,15,left_handRingStart_joint,0.2739663,0.0009561872,0.14233947,0.6703884,-0.588988,0.3893393,-0.22822772
1783532867.4784,15,left_handRing_1_joint,0.27417699,-0.066619374,0.1600238,0.6703884,-0.588988,0.3893393,-0.22822772
1783532867.4784,15,left_handRing_2_joint,0.2743257,-0.114319764,0.17250687,0.6703884,-0.588988,0.3893393,-0.22822772
1783532867.4784,15,left_handRing_3_joint,0.27441865,-0.14413251,0.18030877,0.6703884,-0.588988,0.3893393,-0.22822772
1783532867.4784,15,left_handRingEnd_joint,0.2744806,-0.16400766,0.18551005,0.6703884,-0.588988,0.3893393,-0.22822772
1783532867.4784,15,left_handThumbStart_joint,0.24634956,0.008996848,0.14926402,0.2592125,-0.14055188,0.907263,-0.29988065
1783532867.4784,15,left_handThumb_1_joint,0.20952837,-0.024136415,0.16999207,0.2592125,-0.14055188,0.907263,-0.29988065
1783532867.4784,15,left_handThumb_2_joint,0.18320815,-0.047817733,0.18480907,0.25921252,-0.14055187,0.907263,-0.29988065
1783532867.4784,15,left_handThumbEnd_joint,0.16566135,-0.063605286,0.19468705,0.2592125,-0.14055185,0.907263,-0.29988065
1783532867.4784,15,neck_1_joint,-0.017143995,0.5831143,0.061582047,0.58389026,0.3730432,0.6196886,0.36864212
1783532867.4784,15,neck_2_joint,-0.018534506,0.60988986,0.07504069,0.57323307,0.38680753,0.61428356,0.3800523
1783532867.4784,15,neck_3_joint,-0.020691654,0.64630514,0.09145035,0.5541141,0.41085047,0.6030514,0.4006103
1783532867.4784,15,neck_4_joint,-0.02328919,0.6838449,0.10501581,0.5355154,0.43287212,0.59116614,0.41996172
1783532867.4784,15,head_joint,-0.026691096,0.72820306,0.11803075,0.47614342,0.49607903,0.5407635,0.4845288
1783532867.4784,15,jaw_joint,-0.025023226,0.7031006,0.12216459,0.47614342,0.49607903,0.5407635,0.4845288
1783532867.4784,15,chin_joint,-0.026333427,0.6494511,0.22024627,0.47614342,0.49607903,0.5407635,0.4845288
1783532867.4784,15,left_eye_joint,-0.0015259337,0.7598074,0.20732985,0.48045176,0.49190757,0.54496866,0.47979423
1783532867.4784,15,left_eyeLowerLid_joint,-0.0015259337,0.7598074,0.20732985,0.48045176,0.49190757,0.54496866,0.47979423
1783532867.4784,15,left_eyeUpperLid_joint,-0.0015259337,0.7598074,0.20732985,0.48045176,0.49190757,0.54496866,0.47979423
1783532867.4784,15,left_eyeball_joint,-0.0015259337,0.7598074,0.20732985,0.48045176,0.49190757,0.54496866,0.47979423
1783532867.4784,15,nose_joint,-0.03236947,0.72399276,0.2278034,0.48045436,0.49190506,0.54497117,0.47979137
1783532867.4784,15,right_eye_joint,-0.06588241,0.75495255,0.20381458,0.48045176,0.49190757,0.54496866,0.47979423
1783532867.4784,15,right_eyeLowerLid_joint,-0.06588241,0.75495255,0.20381458,0.48045176,0.49190757,0.54496866,0.47979423
1783532867.4784,15,right_eyeUpperLid_joint,-0.06588241,0.75495255,0.20381458,0.48045176,0.49190757,0.54496866,0.47979423
1783532867.4784,15,right_eyeball_joint,-0.06588241,0.75495255,0.20381458,0.48045176,0.49190757,0.54496866,0.47979423
1783532867.4784,15,right_shoulder_1_joint,-0.10577647,0.5594612,0.05458071,0.7875025,0.123429164,0.06690741,0.6001072
1783532867.4784,15,right_arm_joint,-0.24510741,0.5196155,0.060783304,0.69122416,0.51369774,0.35108793,0.36750704
1783532867.4784,15,right_forearm_joint,-0.3051415,0.26208392,0.032113757,0.52252114,0.7030618,0.25650033,0.40851387
1783532867.4784,15,right_hand_joint,-0.27293766,0.009039993,0.114211224,0.17145422,0.40712452,0.6279635,0.6407146
1783532867.4784,15,right_handIndexStart_joint,-0.25868493,-0.009435262,0.13098754,0.1282154,0.44987133,0.63867396,0.6109602
1783532867.4784,15,right_handIndex_1_joint,-0.24097022,-0.08137478,0.16198166,0.1282154,0.44987133,0.63867396,0.6109602
1783532867.4784,15,right_handIndex_2_joint,-0.2306705,-0.12320028,0.1800011,0.1282154,0.44987133,0.63867396,0.6109602
1783532867.4784,15,right_handIndex_3_joint,-0.22490321,-0.14662282,0.1900927,0.1282154,0.44987133,0.63867396,0.6109602
1783532867.4784,15,right_handIndexEnd_joint,-0.22078371,-0.16335292,0.19730093,0.1282154,0.44987133,0.63867396,0.6109602
1783532867.4784,15,right_handMidStart_joint,-0.26775873,-0.014943928,0.12386755,0.17084,0.40766346,0.62836516,0.64014184
1783532867.4784,15,right_handMid_1_joint,-0.25847995,-0.08668564,0.14722133,0.17084,0.40766346,0.62836516,0.64014184
1783532867.4784,15,right_handMid_2_joint,-0.25196007,-0.13709807,0.16363235,0.17084,0.40766346,0.62836516,0.64014184
1783532867.4784,15,right_handMid_3_joint,-0.24819838,-0.16618237,0.17310013,0.17084,0.40766346,0.62836516,0.64014184
1783532867.4784,15,right_handMidEnd_joint,-0.24569085,-0.1855715,0.1794121,0.17084,0.40766346,0.62836516,0.64014184
1783532867.4784,15,right_handPinkyStart_joint,-0.28614822,-0.02285124,0.10467622,0.24725673,0.3300891,0.6304009,0.6576475
1783532867.4784,15,right_handPinky_1_joint,-0.28534,-0.085869074,0.11245013,0.24725673,0.3300891,0.6304009,0.6576475
1783532867.4784,15,right_handPinky_2_joint,-0.28484112,-0.1247926,0.11725223,0.24725673,0.3300891,0.6304009,0.6576475
1783532867.4784,15,right_handPinky_3_joint,-0.2845793,-0.14518078,0.119766936,0.24725673,0.3300891,0.6304009,0.6576475
1783532867.4784,15,right_handPinkyEnd_joint,-0.28434166,-0.16371533,0.122053295,0.24725673,0.3300891,0.6304009,0.6576475
1783532867.4784,15,right_handRingStart_joint,-0.27616724,-0.019107193,0.11503197,0.20998123,0.369994,0.62999785,0.649704
1783532867.4784,15,right_handRing_1_joint,-0.27144644,-0.08714281,0.13013384,0.20998123,0.369994,0.62999785,0.649704
1783532867.4784,15,right_handRing_2_joint,-0.268114,-0.13516752,0.14079368,0.20998123,0.369994,0.62999785,0.649704
1783532867.4784,15,right_handRing_3_joint,-0.26603153,-0.16518337,0.14745657,0.20998123,0.369994,0.62999785,0.649704
1783532867.4784,15,right_handRingEnd_joint,-0.26464254,-0.18519442,0.15189786,0.20998123,0.369994,0.62999785,0.649704
1783532867.4784,15,right_handThumbStart_joint,-0.24970701,-0.009081452,0.12367065,0.262651,0.9094134,0.17684759,0.2696422
1783532867.4784,15,right_handThumb_1_joint,-0.2112286,-0.03985664,0.14501503,0.262651,0.9094134,0.17684758,0.26964217
1783532867.4784,15,right_handThumb_2_joint,-0.18372442,-0.061852176,0.16027302,0.262651,0.9094134,0.17684756,0.26964217
1783532867.4784,15,right_handThumbEnd_joint,-0.16538821,-0.07651607,0.17044422,0.262651,0.9094134,0.17684753,0.26964217
1783532867.4784,15,camera,-0.11802916,0.0068661836,0.13836193,-0.06976727,-0.105494805,-0.71078634,0.6919437
1783532867.5123,16,root,0.00013181171,0.018500963,-0.0032535552,0.0023132733,-0.0047620907,0.0006358708,0.99998575
1783532867.5123,16,hips_joint,0.00013181171,0.018500963,-0.0032535552,0.0023132733,-0.0047620907,0.0006358708,0.99998575
1783532867.5123,16,left_upLeg_joint,0.10069035,-0.0063560065,-0.0014527881,0.60454416,-0.40594035,0.53829277,-0.42423993
1783532867.5123,16,left_leg_joint,0.13897118,-0.4053695,0.12757733,-0.34335053,0.64279705,-0.3259124,0.60224867
1783532867.5123,16,left_foot_joint,0.121221356,-0.7867495,-0.12414397,0.66669154,-0.29427692,0.62796044,-0.27311024
1783532867.5123,16,left_toes_joint,0.1269045,-0.8963458,-0.023313254,0.7103831,-0.16258131,0.66834193,-0.14913875
1783532867.5123,16,left_toesEnd_joint,0.13016677,-0.9224505,0.031345394,0.71038324,-0.1625811,0.6683418,-0.14913894
1783532867.5123,16,right_upLeg_joint,-0.10038037,-0.0066025364,-0.0033679593,0.4217567,0.53054196,0.4975501,0.5413781
1783532867.5123,16,right_leg_joint,-0.07593087,-0.4219035,0.061799295,0.5777537,0.36162576,0.6418808,0.3513068
1783532867.5123,16,right_foot_joint,-0.036798906,-0.8192368,-0.16119018,0.23180386,0.640967,0.2886489,0.6723913
1783532867.5123,16,right_toes_joint,-0.038540523,-0.92137235,-0.052673988,0.106116496,0.67328376,0.15597437,0.7149128
1783532867.5123,16,right_toesEnd_joint,-0.04125335,-0.94356835,0.0037139033,0.10611698,0.6732839,0.15597393,0.7149127
1783532867.5123,16,spine_1_joint,0.00013179192,0.018500963,-0.0032535556,0.47782123,0.51692826,0.49268246,0.5116014
1783532867.5123,16,spine_2_joint,-0.0010135996,0.075945206,-0.0065970407,0.46782473,0.52652687,0.48721212,0.5162691
1783532867.5123,16,spine_3_joint,-0.002694856,0.13325116,-0.011650143,0.47360504,0.5183084,0.4979468,0.509022
1783532867.5123,16,spine_4_joint,-0.0044556963,0.18619281,-0.0146212075,0.49508166,0.49439305,0.52126306,0.48862496
1783532867.5123,16,spine_5_joint,-0.0067269336,0.2565879,-0.012519548,0.53482544,0.44773775,0.5602528,0.4467767
1783532867.5123,16,spine_6_joint,-0.009429389,0.34839806,0.0067125354,0.5481153,0.42730716,0.57773346,0.42802152
1783532867.5123,16,spine_7_joint,-0.01294963,0.45132738,0.03606297,0.54097813,0.43573627,0.57182527,0.43645474
1783532867.5123,16,left_shoulder_1_joint,0.072706014,0.56382596,0.06081781,-0.6090347,0.020335412,-0.11413495,0.7846251
1783532867.5123,16,left_arm_joint,0.21385676,0.5342537,0.07635452,-0.35552597,0.3310319,-0.50318855,0.71471727
1783532867.5123,16,left_forearm_joint,0.28685367,0.28032824,0.045660943,-0.41170767,0.21246397,-0.69581604,0.5488136
1783532867.5123,16,left_hand_joint,0.27115017,0.028786507,0.13670099,0.65908885,-0.5884347,0.42783841,-0.19052896
1783532867.5123,16,left_handIndexStart_joint,0.25646552,0.0098505635,0.15454184,0.62972903,-0.5999307,0.46938768,-0.15231627
1783532867.5123,16,left_handIndex_1_joint,0.24357705,-0.06231475,0.18734193,0.62972903,-0.5999307,0.46938768,-0.15231627
1783532867.5123,16,left_handIndex_2_joint,0.23608375,-0.104271315,0.20641176,0.62972903,-0.5999307,0.46938768,-0.15231627
1783532867.5123,16,left_handIndex_3_joint,0.2318875,-0.127767,0.21709087,0.62972903,-0.5999307,0.46938768,-0.15231627
1783532867.5123,16,left_handIndexEnd_joint,0.22889018,-0.14454962,0.2247188,0.62972903,-0.5999307,0.46938768,-0.15231627
1783532867.5123,16,left_handMidStart_joint,0.26632378,0.004936118,0.14805804,0.66017145,-0.5880782,0.4258784,-0.19226512
1783532867.5123,16,left_handMid_1_joint,0.26218733,-0.06653517,0.17361209,0.66017145,-0.5880782,0.4258784,-0.19226512
1783532867.5123,16,left_handMid_2_joint,0.25928065,-0.11675824,0.191569,0.66017145,-0.5880782,0.4258784,-0.19226512
1783532867.5123,16,left_handMid_3_joint,0.2576037,-0.14573309,0.20192875,0.66017145,-0.5880782,0.4258784,-0.19226512
1783532867.5123,16,left_handMidEnd_joint,0.25648573,-0.16504964,0.20883526,0.66017145,-0.5880782,0.4258784,-0.19226512
1783532867.5123,16,left_handPinkyStart_joint,0.28625283,-0.0019368958,0.13004147,0.6809345,-0.5888823,0.34550413,-0.26490203
1783532867.5123,16,left_handPinky_1_joint,0.29055116,-0.06448764,0.14010891,0.6809345,-0.5888823,0.34550413,-0.26490203
1783532867.5123,16,left_handPinky_2_joint,0.293206,-0.10312194,0.14632705,0.6809345,-0.5888823,0.34550413,-0.26490203
1783532867.5123,16,left_handPinky_3_joint,0.29459667,-0.12335894,0.14958416,0.6809345,-0.5888823,0.34550413,-0.26490203
1783532867.5123,16,left_handPinkyEnd_joint,0.2958609,-0.14175622,0.15254517,0.6809345,-0.5888823,0.34550413,-0.26490203
1783532867.5123,16,left_handRingStart_joint,0.27548683,0.0012466908,0.1397799,0.67137796,-0.5890168,0.38679647,-0.22956476
1783532867.5123,16,left_handRing_1_joint,0.27596852,-0.06640416,0.15716863,0.67137796,-0.5890168,0.38679647,-0.22956476
1783532867.5123,16,left_handRing_2_joint,0.2763085,-0.11415769,0.16944301,0.67137796,-0.5890168,0.38679647,-0.22956476
1783532867.5123,16,left_handRing_3_joint,0.27652103,-0.14400366,0.1771145,0.67137796,-0.5890168,0.38679647,-0.22956476
1783532867.5123,16,left_handRingEnd_joint,0.2766627,-0.16390096,0.18222883,0.67137796,-0.5890168,0.38679647,-0.22956476
1783532867.5123,16,left_handThumbStart_joint,0.24786179,0.009164978,0.14681154,0.25997937,-0.14248948,0.9061139,-0.3017704
1783532867.5123,16,left_handThumb_1_joint,0.21120545,-0.024180837,0.1674909,0.25997937,-0.14248948,0.9061139,-0.3017704
1783532867.5123,16,left_handThumb_2_joint,0.18500309,-0.048014093,0.18227307,0.25997937,-0.14248946,0.9061139,-0.3017704
1783532867.5123,16,left_handThumbEnd_joint,0.16753484,-0.06390293,0.19212787,0.25997937,-0.14248943,0.9061139,-0.3017704
1783532867.5123,16,neck_1_joint,-0.017270232,0.5830091,0.06150627,0.58376724,0.37376806,0.61990994,0.36772954
1783532867.5123,16,neck_2_joint,-0.018709686,0.6097783,0.074972525,0.57309383,0.38752565,0.61452365,0.37914148
1783532867.5123,16,neck_3_joint,-0.020934924,0.6461847,0.09139274,0.5539459,0.41155687,0.6033251,0.3997046
1783532867.5123,16,neck_4_joint,-0.023605347,0.6837153,0.104969405,0.5353202,0.433567,0.5914715,0.4190627
1783532867.5123,16,head_joint,-0.027095795,0.72806257,0.117997825,0.47586524,0.49673957,0.5411725,0.48366776
1783532867.5123,16,jaw_joint,-0.025368568,0.702963,0.12212423,0.47586524,0.49673957,0.5411725,0.48366776
1783532867.5123,16,chin_joint,-0.026480114,0.6492871,0.2201939,0.47586524,0.49673957,0.5411725,0.48366776
1783532867.5123,16,left_eye_joint,-0.0019294213,0.7597016,0.20728435,0.48017934,0.4925705,0.5453701,0.4789297
1783532867.5123,16,left_eyeLowerLid_joint,-0.0019294213,0.7597016,0.20728435,0.48017934,0.4925705,0.5453701,0.4789297
1783532867.5123,16,left_eyeUpperLid_joint,-0.0019294213,0.7597016,0.20728435,0.48017934,0.4925705,0.5453701,0.4789297
1783532867.5123,16,left_eyeball_joint,-0.0019294213,0.7597016,0.20728435,0.48017934,0.4925705,0.5453701,0.4789297
1783532867.5123,16,nose_joint,-0.03267645,0.7238132,0.22777396,0.48018187,0.49256793,0.54537266,0.47892675
1783532867.5123,16,right_eye_joint,-0.06627769,0.7547039,0.20381962,0.48017934,0.4925705,0.5453701,0.4789297
1783532867.5123,16,right_eyeLowerLid_joint,-0.06627769,0.7547039,0.20381962,0.48017934,0.4925705,0.5453701,0.4789297
1783532867.5123,16,right_eyeUpperLid_joint,-0.06627769,0.7547039,0.20381962,0.48017934,0.4925705,0.5453701,0.4789297
1783532867.5123,16,right_eyeball_joint,-0.06627769,0.7547039,0.20381962,0.48017934,0.4925705,0.5453701,0.4789297
1783532867.5123,16,right_shoulder_1_joint,-0.1058553,0.5591598,0.05457045,0.7876346,0.12477621,0.06784982,0.59954906
1783532867.5123,16,right_arm_joint,-0.24505243,0.51884854,0.060769446,0.6917335,0.51324856,0.35124606,0.3670246
1783532867.5123,16,right_forearm_joint,-0.30527276,0.2614023,0.031727076,0.52477837,0.70134425,0.2572805,0.40808198
1783532867.5123,16,right_hand_joint,-0.27414685,0.007879658,0.11275644,0.17351678,0.40528327,0.62755287,0.6417281
1783532867.5123,16,right_handIndexStart_joint,-0.25997794,-0.010725542,0.12945996,0.1303,0.44810268,0.6384061,0.6120979
1783532867.5123,16,right_handIndex_1_joint,-0.24257328,-0.08286905,0.16015416,0.1303,0.44810268,0.6384061,0.6120979
1783532867.5123,16,right_handIndex_2_joint,-0.23245382,-0.124813154,0.17799924,0.1303,0.44810268,0.6384061,0.6120979
1783532867.5123,16,right_handIndex_3_joint,-0.2267875,-0.14830211,0.18799318,0.1303,0.44810268,0.6384061,0.6120979
1783532867.5123,16,right_handIndexEnd_joint,-0.2227401,-0.16507965,0.19513166,0.1303,0.44810268,0.6384061,0.6120979
1783532867.5123,16,right_handMidStart_joint,-0.26907098,-0.01616639,0.12231246,0.17290235,0.40582278,0.6279568,0.6411576
1783532867.5123,16,right_handMid_1_joint,-0.26009783,-0.08804478,0.1453635,0.17290235,0.40582278,0.6279568,0.6411576
1783532867.5123,16,right_handMid_2_joint,-0.25379273,-0.13855325,0.16156177,0.17290235,0.40582278,0.6279568,0.6411576
1783532867.5123,16,right_handMid_3_joint,-0.25015494,-0.16769294,0.17090681,0.17290235,0.40582278,0.6279568,0.6411576
1783532867.5123,16,right_handMidEnd_joint,-0.24773005,-0.18711904,0.17713696,0.17290235,0.40582278,0.6279568,0.6411576
1783532867.5123,16,right_handPinkyStart_joint,-0.28748393,-0.023915973,0.103079334,0.24919632,0.3280835,0.6298081,0.6584864
1783532867.5123,16,right_handPinky_1_joint,-0.28693825,-0.08696924,0.11058416,0.24919632,0.3280835,0.6298081,0.6584864
1783532867.5123,16,right_handPinky_2_joint,-0.2866015,-0.12591466,0.11522007,0.24919632,0.3280835,0.6298081,0.6584864
1783532867.5123,16,right_handPinky_3_joint,-0.28642464,-0.1463143,0.117647715,0.24919632,0.3280835,0.6298081,0.6584864
1783532867.5123,16,right_handPinkyEnd_joint,-0.2862642,-0.16485927,0.11985493,0.24919632,0.3280835,0.6298081,0.6584864
1783532867.5123,16,right_handRingStart_joint,-0.27749243,-0.020257264,0.11345543,0.21198606,0.3680674,0.62949824,0.65063095
1783532867.5123,16,right_handRing_1_joint,-0.27305824,-0.08837562,0.12826844,0.21198606,0.3680674,0.62949824,0.65063095
1783532867.5123,16,right_handRing_2_joint,-0.2699281,-0.13645874,0.13872437,0.21198606,0.3680674,0.62949824,0.65063095
1783532867.5123,16,right_handRing_3_joint,-0.26797205,-0.16651112,0.14525984,0.21198606,0.3680674,0.62949824,0.65063095
1783532867.5123,16,right_handRingEnd_joint,-0.26666734,-0.18654649,0.14961615,0.21198606,0.3680674,0.62949824,0.65063095
1783532867.5123,16,right_handThumbStart_joint,-0.25099525,-0.010377383,0.122148655,0.26505467,0.90843064,0.1782955,0.26964933
1783532867.5123,16,right_handThumb_1_joint,-0.21265347,-0.041401405,0.14337839,0.26505467,0.90843064,0.1782955,0.26964933
1783532867.5123,16,right_handThumb_2_joint,-0.18524696,-0.06357482,0.15855443,0.26505467,0.90843064,0.17829546,0.2696493
1783532867.5123,16,right_handThumbEnd_joint,-0.16697586,-0.07835729,0.16867101,0.2650547,0.9084307,0.17829545,0.26964933
1783532867.5123,16,camera,-0.118137576,0.0070663816,0.13850021,-0.07021986,-0.105603315,-0.7108404,0.6918258
1783532867.5458,17,root,0.00013236934,0.01848137,-0.0034221488,0.0025022398,-0.005155919,0.0009955629,0.9999831
1783532867.5458,17,hips_joint,0.00013236934,0.01848137,-0.0034221488,0.0025022398,-0.005155919,0.0009955629,0.9999831
1783532867.5458,17,left_upLeg_joint,0.10070732,-0.006303942,-0.0015513332,0.6039252,-0.40591317,0.5376719,-0.42593154
1783532867.5458,17,left_leg_joint,0.13956939,-0.40563616,0.12631378,-0.3426589,0.6424116,-0.32412216,0.60401744
1783532867.5458,17,left_foot_joint,0.123337016,-0.78602695,-0.12700169,0.6659094,-0.29440004,0.6276418,-0.27560666
1783532867.5458,17,left_toes_joint,0.12911779,-0.8960202,-0.026609696,0.7096385,-0.16285041,0.66850215,-0.15165028
1783532867.5458,17,left_toesEnd_joint,0.13234343,-0.9223399,0.027947882,0.70963854,-0.16285022,0.6685021,-0.15165049
1783532867.5458,17,right_upLeg_joint,-0.10036159,-0.0066943667,-0.0036252867,0.42155927,0.53091484,0.49829274,0.54048276
1783532867.5458,17,right_leg_joint,-0.07495598,-0.42200232,0.061130743,0.5757269,0.3656124,0.63951415,0.3548069
1783532867.5458,17,right_foot_joint,-0.035946045,-0.8220513,-0.15697125,0.2277498,0.64285547,0.28462747,0.67368704
1783532867.5458,17,right_toes_joint,-0.037652206,-0.92284447,-0.047206514,0.10177799,0.67436963,0.15178022,0.71542287
1783532867.5458,17,right_toesEnd_joint,-0.0403441,-0.94434506,0.0094511695,0.1017785,0.6743698,0.15177977,0.71542275
1783532867.5458,17,spine_1_joint,0.00013234957,0.01848137,-0.003422149,0.47759092,0.5168835,0.4929232,0.51162994
1783532867.5458,17,spine_2_joint,-0.0010350193,0.075925246,-0.0067645214,0.4676616,0.5265412,0.48728105,0.5163374
1783532867.5458,17,spine_3_joint,-0.0027257358,0.13323,-0.0118280575,0.47349787,0.5184013,0.4978934,0.5090796
1783532867.5458,17,spine_4_joint,-0.0044911443,0.1861706,-0.014815654,0.49502832,0.4945782,0.5211334,0.48863018
1783532867.5458,17,spine_5_joint,-0.006769205,0.25656623,-0.012740072,0.534817,0.44805285,0.56008804,0.4466778
1783532867.5458,17,spine_6_joint,-0.009489676,0.34838328,0.0064565334,0.5481034,0.42780942,0.5775816,0.42774004
1783532867.5458,17,spine_7_joint,-0.013063589,0.45132202,0.035767507,0.5408339,0.43654326,0.571753,0.4359213
1783532867.5458,17,left_shoulder_1_joint,0.07244476,0.56396604,0.060369525,-0.60859615,0.02015233,-0.112526886,0.7852022
1783532867.5458,17,left_arm_joint,0.21370338,0.534776,0.075646095,-0.35507992,0.33289072,-0.5016424,0.71516234
1783532867.5458,17,left_forearm_joint,0.28687024,0.281047,0.043755483,-0.41197917,0.21469617,-0.69320697,0.55103844
1783532867.5458,17,left_hand_joint,0.27259803,0.028922329,0.13340813,0.6606447,-0.58864707,0.4244112,-0.19214246
1783532867.5458,17,left_handIndexStart_joint,0.25806582,0.0098220585,0.15119854,0.6315031,-0.6002475,0.46606725,-0.1539105
1783532867.5458,17,left_handIndex_1_joint,0.24561515,-0.06258446,0.18363412,0.6315031,-0.6002475,0.46606725,-0.1539105
1783532867.5458,17,left_handIndex_2_joint,0.23837641,-0.10468127,0.20249203,0.6315031,-0.6002475,0.46606725,-0.1539105
1783532867.5458,17,left_handIndex_3_joint,0.2343227,-0.12825549,0.21305244,0.6315031,-0.6002475,0.46606725,-0.1539105
1783532867.5458,17,left_handIndexEnd_joint,0.2314272,-0.14509422,0.2205956,0.6315031,-0.6002475,0.46606725,-0.1539105
1783532867.5458,17,left_handMidStart_joint,0.26791844,0.0049868487,0.14464699,0.6617176,-0.5882861,0.42244637,-0.19387828
1783532867.5458,17,left_handMid_1_joint,0.2641874,-0.06664689,0.16980553,0.6617176,-0.5882861,0.42244637,-0.19387828
1783532867.5458,17,left_handMid_2_joint,0.2615656,-0.11698411,0.18748449,0.6617176,-0.5882861,0.42244637,-0.19387828
1783532867.5458,17,left_handMid_3_joint,0.260053,-0.14602481,0.1976839,0.6617176,-0.5882861,0.42244637,-0.19387828
1783532867.5458,17,left_handMidEnd_joint,0.25904465,-0.16538528,0.20448351,0.6617176,-0.5882861,0.42244637,-0.19387828
1783532867.5458,17,left_handPinkyStart_joint,0.28780335,-0.0016978907,0.12651119,0.6821114,-0.5889617,0.3418748,-0.2664024
1783532867.5458,17,left_handPinky_1_joint,0.29240665,-0.064286575,0.13620098,0.6821114,-0.5889617,0.3418748,-0.2664024
1783532867.5458,17,left_handPinky_2_joint,0.29524988,-0.10294429,0.14218585,0.6821114,-0.5889617,0.3418748,-0.2664024
1783532867.5458,17,left_handPinky_3_joint,0.2967392,-0.12319358,0.14532077,0.6821114,-0.5889617,0.3418748,-0.2664024
1783532867.5458,17,left_handPinkyEnd_joint,0.2980931,-0.14160201,0.14817071,0.6821114,-0.5889617,0.3418748,-0.2664024
1783532867.5458,17,left_handRingStart_joint,0.27706343,0.0013839698,0.13631098,0.67274,-0.5891638,0.3832605,-0.2311251
1783532867.5458,17,left_handRing_1_joint,0.27790132,-0.066362925,0.15330781,0.67274,-0.5891638,0.3832605,-0.2311251
1783532867.5458,17,left_handRing_2_joint,0.27849278,-0.11418426,0.16530558,0.67274,-0.5891638,0.3832605,-0.2311251
1783532867.5458,17,left_handRing_3_joint,0.27886242,-0.14407259,0.1728042,0.67274,-0.5891638,0.3832605,-0.2311251
1783532867.5458,17,left_handRingEnd_joint,0.27910885,-0.16399814,0.17780326,0.67274,-0.5891638,0.3832605,-0.2311251
1783532867.5458,17,left_handThumbStart_joint,0.24943383,0.009144312,0.14349905,0.2612378,-0.14515035,0.9045334,-0.30414778
1783532867.5458,17,left_handThumb_1_joint,0.21300268,-0.02447511,0.16413322,0.2612378,-0.14515035,0.9045334,-0.30414778
1783532867.5458,17,left_handThumb_2_joint,0.18696125,-0.04850395,0.1788831,0.2612378,-0.14515033,0.9045334,-0.30414778
1783532867.5458,17,left_handThumbEnd_joint,0.1696003,-0.06452318,0.18871637,0.2612378,-0.14515029,0.9045334,-0.30414778
1783532867.5458,17,neck_1_joint,-0.017560259,0.5830105,0.061145186,0.5838346,0.37452513,0.61959666,0.36738047
1783532867.5458,17,neck_2_joint,-0.019010406,0.60978776,0.07459412,0.5731466,0.3882825,0.6142182,0.37878263
1783532867.5458,17,neck_3_joint,-0.02125259,0.6462036,0.0909911,0.5539718,0.41231287,0.6030338,0.3993295
1783532867.5458,17,neck_4_joint,-0.02394472,0.68374115,0.104544304,0.53532034,0.4343213,0.5911941,0.41867316
1783532867.5458,17,head_joint,-0.027464638,0.72809416,0.11754543,0.4757776,0.49748603,0.5409437,0.48324296
1783532867.5458,17,jaw_joint,-0.025706163,0.70299935,0.1216876,0.4757776,0.49748603,0.5409437,0.48324296
1783532867.5458,17,chin_joint,-0.02663783,0.6493925,0.21979697,0.4757776,0.49748603,0.5409437,0.48324296
1783532867.5458,17,left_eye_joint,-0.002218008,0.75982314,0.20677736,0.48009825,0.49331772,0.5451376,0.47850686
1783532867.5458,17,left_eyeLowerLid_joint,-0.002218008,0.75982314,0.20677736,0.48009825,0.49331772,0.5451376,0.47850686
1783532867.5458,17,left_eyeUpperLid_joint,-0.002218008,0.75982314,0.20677736,0.48009825,0.49331772,0.5451376,0.47850686
1783532867.5458,17,left_eyeball_joint,-0.002218008,0.75982314,0.20677736,0.48009825,0.49331772,0.5451376,0.47850686
1783532867.5458,17,nose_joint,-0.032901846,0.7239176,0.2273316,0.48010084,0.49331516,0.5451401,0.47850394
1783532867.5458,17,right_eye_joint,-0.06656542,0.7547563,0.20339778,0.48009825,0.49331772,0.5451376,0.47850686
1783532867.5458,17,right_eyeLowerLid_joint,-0.06656542,0.7547563,0.20339778,0.48009825,0.49331772,0.5451376,0.47850686
1783532867.5458,17,right_eyeUpperLid_joint,-0.06656542,0.7547563,0.20339778,0.48009825,0.49331772,0.5451376,0.47850686
1783532867.5458,17,right_eyeball_joint,-0.06656542,0.7547563,0.20339778,0.48009825,0.49331772,0.5451376,0.47850686
1783532867.5458,17,right_shoulder_1_joint,-0.10611579,0.5590206,0.054318026,0.787516,0.12566717,0.068069585,0.59949404
1783532867.5458,17,right_arm_joint,-0.24523953,0.5184729,0.060622115,0.6920757,0.51312274,0.35087675,0.36690837
1783532867.5458,17,right_forearm_joint,-0.30566648,0.26107332,0.031595483,0.5267354,0.70001453,0.25760332,0.40763974
1783532867.5458,17,right_hand_joint,-0.27545017,0.0071809003,0.11180714,0.17534591,0.404027,0.6270104,0.64255273
1783532867.5458,17,right_handIndexStart_joint,-0.26134595,-0.0115292175,0.12844811,0.13216113,0.4469047,0.6379905,0.6130072
1783532867.5458,17,right_handIndex_1_joint,-0.2441987,-0.083833575,0.15890779,0.13216113,0.4469047,0.6379905,0.6130072
1783532867.5458,17,right_handIndex_2_joint,-0.2342289,-0.12587118,0.1766165,0.13216113,0.4469047,0.6379905,0.6130072
1783532867.5458,17,right_handIndex_3_joint,-0.22864637,-0.14941251,0.18653409,0.13216113,0.4469047,0.6379905,0.6130072
1783532867.5458,17,right_handIndexEnd_joint,-0.22465883,-0.16622747,0.19361803,0.13216113,0.4469047,0.6379905,0.6130072
1783532867.5458,17,right_handMidStart_joint,-0.27046022,-0.016913954,0.12128513,0.17473161,0.4045669,0.6274163,0.64198387
1783532867.5458,17,right_handMid_1_joint,-0.26174498,-0.08889796,0.14410429,0.17473161,0.4045669,0.6274163,0.64198387
1783532867.5458,17,right_handMid_2_joint,-0.25562108,-0.13948067,0.16013962,0.17473161,0.4045669,0.6274163,0.64198387
1783532867.5458,17,right_handMid_3_joint,-0.2520878,-0.16866317,0.16939063,0.17473161,0.4045669,0.6274163,0.64198387
1783532867.5458,17,right_handMidEnd_joint,-0.2497326,-0.18811782,0.1755581,0.17473161,0.4045669,0.6274163,0.64198387
1783532867.5458,17,right_handPinkyStart_joint,-0.2889051,-0.02453472,0.10203117,0.25091136,0.3266874,0.6291039,0.6592019
1783532867.5458,17,right_handPinky_1_joint,-0.2885881,-0.087613225,0.10933419,0.25091136,0.3266874,0.6291039,0.6592019
1783532867.5458,17,right_handPinky_2_joint,-0.2883926,-0.12657423,0.11384544,0.25091136,0.3266874,0.6291039,0.6592019
1783532867.5458,17,right_handPinky_3_joint,-0.28828973,-0.14698204,0.1162078,0.25091136,0.3266874,0.6291039,0.6592019
1783532867.5458,17,right_handPinkyEnd_joint,-0.28819656,-0.16553444,0.118355654,0.25091136,0.3266874,0.6291039,0.6592019
1783532867.5458,17,right_handRingStart_joint,-0.2788983,-0.020945713,0.11241683,0.2137616,0.3667388,0.62887603,0.6514013
1783532867.5458,17,right_handRing_1_joint,-0.27470985,-0.08912681,0.12701097,0.2137616,0.3667388,0.62887603,0.6514013
1783532867.5458,17,right_handRing_2_joint,-0.27175316,-0.13725424,0.13731243,0.2137616,0.3667388,0.62887603,0.6514013
1783532867.5458,17,right_handRing_3_joint,-0.26990554,-0.16733429,0.14375134,0.2137616,0.3667388,0.62887603,0.6514013
1783532867.5458,17,right_handRingEnd_joint,-0.2686731,-0.18738814,0.14804327,0.2137616,0.3667388,0.62887603,0.6514013
1783532867.5458,17,right_handThumbStart_joint,-0.2523635,-0.011190459,0.12113607,0.267161,0.9076865,0.17922875,0.26945764
1783532867.5458,17,right_handThumb_1_joint,-0.21413104,-0.042421952,0.14225847,0.267161,0.9076865,0.17922874,0.26945764
1783532867.5458,17,right_handThumb_2_joint,-0.18680267,-0.06474366,0.15735778,0.267161,0.9076864,0.17922874,0.26945767
1783532867.5458,17,right_handThumbEnd_joint,-0.16858366,-0.079624996,0.1674232,0.26716098,0.9076865,0.1792287,0.26945764
1783532867.5458,17,camera,-0.11814851,0.007308396,0.13870199,-0.07064236,-0.10545934,-0.71090186,0.6917415
1783532867.5796,18,root,-0.00010030732,0.018460996,-0.0033171591,0.0028019017,-0.005492933,0.0004451734,0.99998087
1783532867.5796,18,hips_joint,-0.00010030732,0.018460996,-0.0033171591,0.0028019017,-0.005492933,0.0004451734,0.99998087
1783532867.5796,18,left_upLeg_joint,0.10044606,-0.006436018,-0.0013939443,0.6026363,-0.40607852,0.5379628,-0.42723027
1783532867.5796,18,left_leg_joint,0.13893147,-0.4061043,0.12553167,-0.34341758,0.64019215,-0.32454765,0.6057122
1783532867.5796,18,left_foot_joint,0.12505025,-0.7869819,-0.12719144,0.665138,-0.29218492,0.6290219,-0.2766784
1783532867.5796,18,left_toes_joint,0.13070138,-0.8967826,-0.026581526,0.7084612,-0.1608217,0.6700604,-0.15244101
1783532867.5796,18,left_toesEnd_joint,0.13375363,-0.92299765,0.028036412,0.7084613,-0.1608215,0.67006034,-0.15244122
1783532867.5796,18,right_upLeg_joint,-0.10062173,-0.0066041,-0.003602921,0.42181474,0.53029734,0.49858886,0.5406163
1783532867.5796,18,right_leg_joint,-0.07551942,-0.4219978,0.060719233,0.5756733,0.36498278,0.63994706,0.35476083
1783532867.5796,18,right_foot_joint,-0.036423616,-0.8218109,-0.15779902,0.22809587,0.64232665,0.2849965,0.6739179
1783532867.5796,18,right_toes_joint,-0.038269613,-0.9227282,-0.04815071,0.10221804,0.67391616,0.1520989,0.7157194
1783532867.5796,18,right_toesEnd_joint,-0.04102394,-0.94429237,0.008479805,0.102218516,0.6739162,0.15209842,0.7157194
1783532867.5796,18,spine_1_joint,-0.000100327095,0.018460996,-0.0033171594,0.4777325,0.5165429,0.49280822,0.5119521
1783532867.5796,18,spine_2_joint,-0.0012141615,0.07590608,-0.0066569215,0.46776134,0.52636814,0.4870467,0.5166442
1783532867.5796,18,spine_3_joint,-0.0028576378,0.13321085,-0.011735782,0.47361785,0.5183519,0.4975736,0.50933105
1783532867.5796,18,spine_4_joint,-0.0045838268,0.18615156,-0.01474427,0.49518454,0.49465048,0.5207471,0.48881066
1783532867.5796,18,spine_5_joint,-0.006815324,0.25654966,-0.012701733,0.5350258,0.44823962,0.55965656,0.4467811
1783532867.5796,18,spine_6_joint,-0.009476171,0.34837797,0.006449221,0.54837567,0.42810306,0.57712483,0.42771354
1783532867.5796,18,spine_7_joint,-0.01299025,0.4513314,0.035715874,0.54116386,0.43693832,0.5712999,0.43570986
1783532867.5796,18,left_shoulder_1_joint,0.07255393,0.5639823,0.06016116,-0.6081939,0.020695211,-0.111454494,0.7856525
1783532867.5796,18,left_arm_joint,0.2138758,0.5349285,0.07510903,-0.35491642,0.33445293,-0.50004375,0.7156338
1783532867.5796,18,left_forearm_joint,0.2873399,0.28141627,0.042194765,-0.41243044,0.21652617,-0.69071966,0.5531039
1783532867.5796,18,left_hand_joint,0.27448952,0.02880514,0.13068518,0.6622482,-0.5886118,0.42132348,-0.1935203
1783532867.5796,18,left_handIndexStart_joint,0.26010722,0.009557372,0.14843836,0.63330287,-0.6003021,0.46308884,-0.1552859
1783532867.5796,18,left_handIndex_1_joint,0.24809054,-0.06305688,0.18057175,0.63330287,-0.6003021,0.46308884,-0.1552859
1783532867.5796,18,left_handIndex_2_joint,0.24110408,-0.10527447,0.19925393,0.63330287,-0.6003021,0.46308884,-0.1552859
1783532867.5796,18,left_handIndex_3_joint,0.23719168,-0.12891632,0.20971598,0.63330287,-0.6003021,0.46308884,-0.1552859
1783532867.5796,18,left_handIndexEnd_joint,0.2343971,-0.14580335,0.21718885,0.63330287,-0.6003021,0.46308884,-0.1552859
1783532867.5796,18,left_handMidStart_joint,0.26995537,0.0047960803,0.14182626,0.6633123,-0.5882471,0.41935378,-0.19525518
1783532867.5796,18,left_handMid_1_joint,0.2666271,-0.066972986,0.16665336,0.6633123,-0.5882471,0.41935378,-0.19525518
1783532867.5796,18,left_handMid_2_joint,0.26428834,-0.117405295,0.18409944,0.6633123,-0.5882471,0.41935378,-0.19525518
1783532867.5796,18,left_handMid_3_joint,0.26293904,-0.14650086,0.19416448,0.6633123,-0.5882471,0.41935378,-0.19525518
1783532867.5796,18,left_handMidEnd_joint,0.2620395,-0.1658979,0.2008745,0.6633123,-0.5882471,0.41935378,-0.19525518
1783532867.5796,18,left_handPinkyStart_joint,0.2897994,-0.0017159414,0.12358316,0.6833797,-0.58882326,0.33858678,-0.26765364
1783532867.5796,18,left_handPinky_1_joint,0.29470757,-0.06433004,0.13295376,0.6833797,-0.58882326,0.33858678,-0.26765364
1783532867.5796,18,left_handPinky_2_joint,0.2977391,-0.103003465,0.1387415,0.6833797,-0.58882326,0.33858678,-0.26765364
1783532867.5796,18,left_handPinky_3_joint,0.29932702,-0.12326096,0.14177315,0.6833797,-0.58882326,0.33858678,-0.26765364
1783532867.5796,18,left_handPinkyEnd_joint,0.3007706,-0.14167687,0.14452921,0.6833797,-0.58882326,0.33858678,-0.26765364
1783532867.5796,18,left_handRingStart_joint,0.27908385,0.0012726211,0.13343835,0.67417246,-0.5890778,0.3800652,-0.23244248
1783532867.5796,18,left_handRing_1_joint,0.28027663,-0.06655085,0.15010533,0.67417246,-0.5890778,0.3800652,-0.23244248
1783532867.5796,18,left_handRing_2_joint,0.2811186,-0.11442625,0.16187023,0.67417246,-0.5890778,0.3800652,-0.23244248
1783532867.5796,18,left_handRing_3_joint,0.28164482,-0.14434837,0.16922331,0.67417246,-0.5890778,0.3800652,-0.23244248
1783532867.5796,18,left_handRingEnd_joint,0.28199562,-0.16429645,0.17412534,0.67417246,-0.5890778,0.3800652,-0.23244248
1783532867.5796,18,left_handThumbStart_joint,0.2514489,0.008879496,0.14076851,0.26253682,-0.14734277,0.9030285,-0.3064381
1783532867.5796,18,left_handThumb_1_joint,0.21524101,-0.02499493,0.16137858,0.26253682,-0.14734277,0.9030285,-0.3064381
1783532867.5796,18,left_handThumb_2_joint,0.18935916,-0.049206052,0.17611124,0.26253682,-0.14734276,0.9030285,-0.3064381
1783532867.5796,18,left_handThumbEnd_joint,0.1721046,-0.0653468,0.18593301,0.26253682,-0.14734273,0.9030285,-0.3064381
1783532867.5796,18,neck_1_joint,-0.017449612,0.58302826,0.061056204,0.5842993,0.3748388,0.6189775,0.36736506
1783532867.5796,18,neck_2_joint,-0.018867847,0.6098128,0.07449412,0.5736072,0.38860586,0.61360145,0.37875283
1783532867.5796,18,neck_3_joint,-0.021069547,0.6462376,0.09087658,0.5544239,0.41265336,0.6024216,0.3992742
1783532867.5796,18,neck_4_joint,-0.023725117,0.68378294,0.10441538,0.5357631,0.43467763,0.5905869,0.41859382
1783532867.5796,18,head_joint,-0.02720648,0.7281438,0.11740002,0.47617897,0.4978922,0.54035324,0.48308975
1783532867.5796,18,jaw_joint,-0.025452098,0.7030503,0.12155186,0.47617897,0.4978922,0.54035324,0.48308975
1783532867.5796,18,chin_joint,-0.026254948,0.64949214,0.21968898,0.47617897,0.4978922,0.54035324,0.48308975
1783532867.5796,18,left_eye_joint,-0.0018091177,0.75990623,0.20657726,0.48050317,0.49372044,0.54454577,0.47835895
1783532867.5796,18,left_eyeLowerLid_joint,-0.0018091177,0.75990623,0.20657726,0.48050317,0.49372044,0.54454577,0.47835895
1783532867.5796,18,left_eyeUpperLid_joint,-0.0018091177,0.75990623,0.20657726,0.48050317,0.49372044,0.54454577,0.47835895
1783532867.5796,18,left_eyeball_joint,-0.0018091177,0.75990623,0.20657726,0.48050317,0.49372044,0.54454577,0.47835895
1783532867.5796,18,nose_joint,-0.032476224,0.72402364,0.22719648,0.4805057,0.49371782,0.54454833,0.47835597
1783532867.5796,18,right_eye_joint,-0.06616376,0.75486463,0.20329936,0.48050317,0.49372044,0.54454577,0.47835895
1783532867.5796,18,right_eyeLowerLid_joint,-0.06616376,0.75486463,0.20329936,0.48050317,0.49372044,0.54454577,0.47835895
1783532867.5796,18,right_eyeUpperLid_joint,-0.06616376,0.75486463,0.20329936,0.48050317,0.49372044,0.54454577,0.47835895
1783532867.5796,18,right_eyeball_joint,-0.06616376,0.75486463,0.20329936,0.48050317,0.49372044,0.54454577,0.47835895
1783532867.5796,18,right_shoulder_1_joint,-0.106014915,0.55903745,0.054360673,0.7874293,0.12604658,0.06768011,0.5995721
1783532867.5796,18,right_arm_joint,-0.24512626,0.5184725,0.06082428,0.69257873,0.51284397,0.35010067,0.3670905
1783532867.5796,18,right_forearm_joint,-0.30599484,0.2611559,0.03198495,0.52874523,0.6986765,0.25730133,0.40752387
1783532867.5796,18,right_hand_joint,-0.27686483,0.0069705197,0.111669004,0.1770208,0.40314016,0.62596405,0.6436698
1783532867.5796,18,right_handIndexStart_joint,-0.26283625,-0.011835324,0.12826598,0.13390304,0.4460956,0.63706183,0.61418325
1783532867.5796,18,right_handIndex_1_joint,-0.24599525,-0.084276214,0.15857172,0.13390304,0.4460956,0.63706183,0.61418325
1783532867.5796,18,right_handIndex_2_joint,-0.23620349,-0.12639321,0.17619094,0.13390304,0.4460956,0.63706183,0.61418325
1783532867.5796,18,right_handIndex_3_joint,-0.23072067,-0.149979,0.1860584,0.13390304,0.4460956,0.63706183,0.61418325
1783532867.5796,18,right_handIndexEnd_joint,-0.22680435,-0.1668257,0.19310655,0.13390304,0.4460956,0.63706183,0.61418325
1783532867.5796,18,right_handMidStart_joint,-0.27197722,-0.01716528,0.121096015,0.17640717,0.40368086,0.62637186,0.64310235
1783532867.5796,18,right_handMid_1_joint,-0.2635699,-0.08923316,0.14376552,0.17640717,0.40368086,0.62637186,0.64310235
1783532867.5796,18,right_handMid_2_joint,-0.25766242,-0.1398748,0.1596957,0.17640717,0.40368086,0.62637186,0.64310235
1783532867.5796,18,right_handMid_3_joint,-0.254254,-0.1690913,0.16888607,0.17640717,0.40368086,0.62637186,0.64310235
1783532867.5796,18,right_handMidEnd_joint,-0.25198203,-0.1885686,0.1750131,0.17640717,0.40368086,0.62637186,0.64310235
1783532867.5796,18,right_handPinkyStart_joint,-0.29046363,-0.024665574,0.10183458,0.25243276,0.32563555,0.62792635,0.6602635
1783532867.5796,18,right_handPinky_1_joint,-0.29042175,-0.08775956,0.10900964,0.25243276,0.32563555,0.62792635,0.6602635
1783532867.5796,18,right_handPinky_2_joint,-0.29039618,-0.12673013,0.113441855,0.25243276,0.32563555,0.62792635,0.6602635
1783532867.5796,18,right_handPinky_3_joint,-0.29038233,-0.14714295,0.115762815,0.25243276,0.32563555,0.62792635,0.6602635
1783532867.5796,18,right_handPinkyEnd_joint,-0.29037008,-0.1656999,0.117873035,0.25243276,0.32563555,0.62792635,0.6602635
1783532867.5796,18,right_handRingStart_joint,-0.2804367,-0.021141797,0.11222319,0.2153635,0.36576736,0.6277643,0.65249145
1783532867.5796,18,right_handRing_1_joint,-0.27654284,-0.08937018,0.12667736,0.2153635,0.36576736,0.6277643,0.65249145
1783532867.5796,18,right_handRing_2_joint,-0.2737941,-0.13753097,0.13688001,0.2153635,0.36576736,0.6277643,0.65249145
1783532867.5796,18,right_handRing_3_joint,-0.27207646,-0.16763186,0.14325714,0.2153635,0.36576736,0.6277643,0.65249145
1783532867.5796,18,right_handRingEnd_joint,-0.27093068,-0.18769962,0.14750792,0.2153635,0.36576736,0.6277643,0.65249145
1783532867.5796,18,right_handThumbStart_joint,-0.2538555,-0.011521344,0.12095078,0.2694729,0.9069703,0.1794974,0.26938847
1783532867.5796,18,right_handThumb_1_joint,-0.21575226,-0.042963896,0.14199345,0.2694729,0.9069703,0.17949739,0.26938847
1783532867.5796,18,right_handThumb_2_joint,-0.18851623,-0.065436475,0.15703577,0.2694729,0.9069703,0.17949736,0.26938847
1783532867.5796,18,right_handThumbEnd_joint,-0.17035879,-0.08041839,0.16706319,0.26947287,0.9069704,0.17949732,0.26938844
1783532867.5796,18,camera,-0.118147776,0.0075772996,0.13898805,-0.07087885,-0.10500336,-0.7110305,0.6916547
1783532867.6106,19,root,7.293825e-06,0.018444207,-0.003400594,0.0029131414,-0.0059693838,0.0008850229,0.9999776
1783532867.6106,19,hips_joint,7.293825e-06,0.018444207,-0.003400594,0.0029131414,-0.0059693838,0.0008850229,0.9999776
1783532867.6106,19,left_upLeg_joint,0.100573614,-0.006364925,-0.0013867391,0.6020886,-0.40544653,0.5381703,-0.42833993
1783532867.6106,19,left_leg_joint,0.1393029,-0.40610304,0.12524438,-0.34329486,0.638976,-0.3237429,0.60749394
1783532867.6106,19,left_foot_joint,0.1273217,-0.7866087,-0.12813535,0.6642914,-0.2913032,0.6294872,-0.27857727
1783532867.6106,19,left_toes_joint,0.1329516,-0.8965558,-0.027684202,0.70746285,-0.16011642,0.67087716,-0.15421726
1783532867.6106,19,left_toesEnd_joint,0.13589844,-0.9228505,0.02690122,0.70746285,-0.16011626,0.6708771,-0.15421747
1783532867.6106,19,right_upLeg_joint,-0.10049175,-0.006709089,-0.003787848,0.4215991,0.5304252,0.49954045,0.5397803
1783532867.6106,19,right_leg_joint,-0.074475326,-0.4221334,0.059971783,0.5744096,0.3672643,0.6387856,0.3565442
1783532867.6106,19,right_foot_joint,-0.03520992,-0.8233883,-0.15585731,0.22569413,0.64334345,0.28298256,0.67460537
1783532867.6106,19,right_toes_joint,-0.037007295,-0.9235675,-0.045533437,0.09966708,0.67445904,0.14999105,0.7160127
1783532867.6106,19,right_toesEnd_joint,-0.03975005,-0.9447519,0.011240782,0.09966757,0.67445916,0.14999059,0.71601266
1783532867.6106,19,spine_1_joint,7.274049e-06,0.018444207,-0.0034005942,0.47736835,0.5165512,0.493122,0.51198155
1783532867.6106,19,spine_2_joint,-0.0011431433,0.075888254,-0.0067460095,0.46744883,0.5264571,0.48722556,0.51666826
1783532867.6106,19,spine_3_joint,-0.0028174329,0.13319084,-0.011839518,0.47335866,0.5185467,0.49766377,0.5092858
1783532867.6106,19,spine_4_joint,-0.0045745587,0.18612954,-0.0148652075,0.49497065,0.4949762,0.52077687,0.48866588
1783532867.6106,19,spine_5_joint,-0.0068559097,0.2565268,-0.012848627,0.5348617,0.448734,0.55964804,0.44649202
1783532867.6106,19,spine_6_joint,-0.00959779,0.34836006,0.006267177,0.548207,0.42880931,0.57712156,0.42722687
1783532867.6106,19,spine_7_joint,-0.013239815,0.4513207,0.035492696,0.54089993,0.43790114,0.5713687,0.43498033
1783532867.6106,19,left_shoulder_1_joint,0.072086945,0.56416845,0.059789784,-0.6078589,0.020647794,-0.11015381,0.7860964
1783532867.6106,19,left_arm_joint,0.213493,0.5354073,0.07450561,-0.35442755,0.33594862,-0.49898273,0.71591634
1783532867.6106,19,left_forearm_joint,0.2869876,0.282029,0.040641334,-0.41222194,0.21847124,-0.689326,0.5542324
1783532867.6106,19,left_hand_joint,0.27471465,0.029008579,0.12803791,0.6627608,-0.5893264,0.41903988,-0.19454715
1783532867.6106,19,left_handIndexStart_joint,0.2604042,0.009661701,0.14574142,0.63396156,-0.6010818,0.4608425,-0.15626304
1783532867.6106,19,left_handIndex_1_joint,0.24857046,-0.06311175,0.17758127,0.63396156,-0.6010818,0.4608425,-0.15626304
1783532867.6106,19,left_handIndex_2_joint,0.24169037,-0.1054219,0.19609281,0.63396156,-0.6010818,0.4608425,-0.15626304
1783532867.6106,19,left_handIndex_3_joint,0.23783752,-0.12911558,0.20645927,0.63396156,-0.6010818,0.4608425,-0.15626304
1783532867.6106,19,left_handIndexEnd_joint,0.23508549,-0.14603965,0.21386388,0.63396156,-0.6010818,0.4608425,-0.15626304
1783532867.6106,19,left_handMidStart_joint,0.27024227,0.0049437904,0.13908336,0.6638183,-0.58895886,0.4170685,-0.19628344
1783532867.6106,19,left_handMid_1_joint,0.26707724,-0.06693971,0.16359888,0.6638183,-0.58895886,0.4170685,-0.19628344
1783532867.6106,19,left_handMid_2_joint,0.26485318,-0.117452435,0.18082601,0.6638183,-0.58895886,0.4170685,-0.19628344
1783532867.6106,19,left_handMid_3_joint,0.26357007,-0.14659439,0.19076474,0.6638183,-0.58895886,0.4170685,-0.19628344
1783532867.6106,19,left_handMidEnd_joint,0.26271465,-0.16602238,0.19739057,0.6638183,-0.58895886,0.4170685,-0.19628344
1783532867.6106,19,left_handPinkyStart_joint,0.29004923,-0.001458962,0.12076143,0.6836229,-0.5894324,0.3362242,-0.2686689
1783532867.6106,19,left_handPinky_1_joint,0.29506874,-0.06410718,0.12984066,0.6836229,-0.5894324,0.3362242,-0.2686689
1783532867.6106,19,left_handPinky_2_joint,0.29816902,-0.102801666,0.13544841,0.6836229,-0.5894324,0.3362242,-0.2686689
1783532867.6106,19,left_handPinky_3_joint,0.29979298,-0.1230702,0.13838582,0.6836229,-0.5894324,0.3362242,-0.2686689
1783532867.6106,19,left_handPinkyEnd_joint,0.3012693,-0.14149614,0.14105618,0.6836229,-0.5894324,0.3362242,-0.2686689
1783532867.6106,19,left_handRingStart_joint,0.27935448,0.0014705849,0.13065684,0.67454666,-0.58974123,0.37773827,-0.23346616
1783532867.6106,19,left_handRing_1_joint,0.28068432,-0.06642466,0.1470185,0.67454666,-0.58974123,0.37773827,-0.23346616
1783532867.6106,19,left_handRing_2_joint,0.28162307,-0.114350714,0.1585679,0.67454666,-0.58974123,0.37773827,-0.23346616
1783532867.6106,19,left_handRing_3_joint,0.28220975,-0.1443045,0.1657863,0.67454666,-0.58974123,0.37773827,-0.23346616
1783532867.6106,19,left_handRingEnd_joint,0.28260088,-0.1642737,0.17059857,0.67454666,-0.58974123,0.37773827,-0.23346616
1783532867.6106,19,left_handThumbStart_joint,0.2517275,0.0090057375,0.13809048,0.26309726,-0.14955468,0.90215045,-0.3074705
1783532867.6106,19,left_handThumb_1_joint,0.2156193,-0.025011173,0.15864068,0.26309726,-0.14955468,0.90215045,-0.3074705
1783532867.6106,19,left_handThumb_2_joint,0.18980868,-0.04932414,0.17333059,0.26309726,-0.14955467,0.90215045,-0.3074705
1783532867.6106,19,left_handThumbEnd_joint,0.17260163,-0.06553279,0.18312386,0.26309726,-0.14955463,0.90215045,-0.3074705
1783532867.6106,19,neck_1_joint,-0.01795665,0.58301985,0.060774826,0.5845765,0.37556893,0.6184067,0.36714002
1783532867.6106,19,neck_2_joint,-0.019365387,0.6098153,0.07419201,0.57396966,0.38927454,0.61293197,0.3786014
1783532867.6106,19,neck_3_joint,-0.021543007,0.64625436,0.09054597,0.5547649,0.41333416,0.6017607,0.39909297
1783532867.6106,19,neck_4_joint,-0.024179896,0.68381125,0.10405612,0.5360828,0.43536943,0.5899349,0.41838494
1783532867.6106,19,head_joint,-0.027644714,0.7281831,0.11700756,0.4764186,0.49861574,0.53973305,0.48280028
1783532867.6106,19,jaw_joint,-0.025878577,0.70309365,0.121178545,0.4764186,0.49861574,0.53973305,0.48280028
1783532867.6106,19,chin_joint,-0.026492333,0.64962304,0.21936473,0.4764186,0.49861574,0.53973305,0.48280028
1783532867.6106,19,left_eye_joint,-0.0020888234,0.76002926,0.20610961,0.4807491,0.49444187,0.54392314,0.47807485
1783532867.6106,19,left_eyeLowerLid_joint,-0.0020888234,0.76002926,0.20610961,0.4807491,0.49444187,0.54392314,0.47807485
1783532867.6106,19,left_eyeUpperLid_joint,-0.0020888234,0.76002926,0.20610961,0.4807491,0.49444187,0.54392314,0.47807485
1783532867.6106,19,left_eyeball_joint,-0.0020888234,0.76002926,0.20610961,0.4807491,0.49444187,0.54392314,0.47807485
1783532867.6106,19,nose_joint,-0.032712087,0.7241601,0.22681713,0.48075166,0.49443936,0.54392564,0.478072
1783532867.6106,19,right_eye_joint,-0.06644855,0.75497425,0.20295443,0.4807491,0.49444187,0.54392314,0.47807485
1783532867.6106,19,right_eyeLowerLid_joint,-0.06644855,0.75497425,0.20295443,0.4807491,0.49444187,0.54392314,0.47807485
1783532867.6106,19,right_eyeUpperLid_joint,-0.06644855,0.75497425,0.20295443,0.4807491,0.49444187,0.54392314,0.47807485
1783532867.6106,19,right_eyeball_joint,-0.06644855,0.75497425,0.20295443,0.4807491,0.49444187,0.54392314,0.47807485
1783532867.6106,19,right_shoulder_1_joint,-0.1064771,0.558834,0.054188326,0.78694415,0.127909,0.06860215,0.5997103
1783532867.6106,19,right_arm_joint,-0.24541481,0.5176985,0.06078003,0.6921821,0.5136105,0.34959567,0.3672488
1783532867.6106,19,right_forearm_joint,-0.30605283,0.26027706,0.032393403,0.52985024,0.69788617,0.2572447,0.4074792
1783532867.6106,19,right_hand_joint,-0.27753,0.005920925,0.11175184,0.17793015,0.40254316,0.6254432,0.64429903
1783532867.6106,19,right_handIndexStart_joint,-0.26354593,-0.0129397325,0.12832414,0.13484555,0.44554266,0.6366049,0.61485225
1783532867.6106,19,right_handIndex_1_joint,-0.24687763,-0.08545951,0.15853667,0.13484555,0.44554266,0.6366049,0.61485225
1783532867.6106,19,right_handIndex_2_joint,-0.2371863,-0.12762237,0.17610171,0.13484555,0.44554266,0.6366049,0.61485225
1783532867.6106,19,right_handIndex_3_joint,-0.23175971,-0.15123382,0.18593884,0.13484555,0.44554266,0.6366049,0.61485225
1783532867.6106,19,right_handIndexEnd_joint,-0.22788356,-0.16809887,0.1929653,0.13484555,0.44554266,0.6366049,0.61485225
1783532867.6106,19,right_handMidStart_joint,-0.27269995,-0.018238561,0.12114784,0.17731684,0.40308434,0.625852,0.6437325
1783532867.6106,19,right_handMid_1_joint,-0.26446483,-0.0903553,0.14372502,0.17731684,0.40308434,0.625852,0.6437325
1783532867.6106,19,right_handMid_2_joint,-0.25867832,-0.14103127,0.15959033,0.17731684,0.40308434,0.625852,0.6437325
1783532867.6106,19,right_handMid_3_joint,-0.2553397,-0.1702676,0.16874328,0.17731684,0.40308434,0.625852,0.6437325
1783532867.6106,19,right_handMidEnd_joint,-0.25311425,-0.1897581,0.17484537,0.17731684,0.40308434,0.625852,0.6437325
1783532867.6106,19,right_handPinkyStart_joint,-0.29120526,-0.025669841,0.10187774,0.2532596,0.32494718,0.62733436,0.6608487
1783532867.6106,19,right_handPinky_1_joint,-0.29131466,-0.08877287,0.10897234,0.2532596,0.32494718,0.62733436,0.6608487
1783532867.6106,19,right_handPinky_2_joint,-0.29138252,-0.12774903,0.113354854,0.2532596,0.32494718,0.62733436,0.6608487
1783532867.6106,19,right_handPinky_3_joint,-0.2914176,-0.14816475,0.115649775,0.2532596,0.32494718,0.62733436,0.6608487
1783532867.6106,19,right_handPinkyEnd_joint,-0.29144984,-0.16672437,0.117736325,0.2532596,0.32494718,0.62733436,0.6608487
1783532867.6106,19,right_handRingStart_joint,-0.2811694,-0.022183422,0.112270355,0.21623361,0.36512342,0.62720805,0.65309924
1783532867.6106,19,right_handRing_1_joint,-0.27743885,-0.090439364,0.12663731,0.21623361,0.36512342,0.62720805,0.65309924
1783532867.6106,19,right_handRing_2_joint,-0.27480537,-0.13861962,0.13677841,0.21623361,0.36512342,0.62720805,0.65309924
1783532867.6106,19,right_handRing_3_joint,-0.27315974,-0.16873267,0.14311709,0.21623361,0.36512342,0.62720805,0.65309924
1783532867.6106,19,right_handRingEnd_joint,-0.272062,-0.18880853,0.1473422,0.21623361,0.36512342,0.62720805,0.65309924
1783532867.6106,19,right_handThumbStart_joint,-0.25456473,-0.012638004,0.12100891,0.27073842,0.90653765,0.17974558,0.26941082
1783532867.6106,19,right_handThumb_1_joint,-0.2165362,-0.044198852,0.1420096,0.27073842,0.90653765,0.17974557,0.26941082
1783532867.6106,19,right_handThumb_2_joint,-0.18935354,-0.06675599,0.15702195,0.27073842,0.90653765,0.17974555,0.26941082
1783532867.6106,19,right_handThumbEnd_joint,-0.17123169,-0.08179427,0.1670294,0.27073842,0.90653765,0.17974551,0.26941085
1783532867.6106,19,camera,-0.11839031,0.0073780473,0.13909948,-0.07106801,-0.10505312,-0.71097946,0.6916801
1783532867.6458,20,root,-9.109456e-05,0.018440606,-0.00333395,0.0028321939,-0.0066310074,0.001028331,0.9999735
1783532867.6458,20,hips_joint,-9.109456e-05,0.018440606,-0.00333395,0.0028321939,-0.0066310074,0.001028331,0.9999735
1783532867.6458,20,left_upLeg_joint,0.10047945,-0.006339848,-0.0011828912,0.6017317,-0.4040717,0.5394856,-0.42848647
1783532867.6458,20,left_leg_joint,0.13895246,-0.40580034,0.1263992,-0.3434086,0.6371555,-0.3239623,0.6092225
1783532867.6458,20,left_foot_joint,0.12896612,-0.78643477,-0.12687372,0.6632582,-0.2898,0.630726,-0.27980268
1783532867.6458,20,left_toes_joint,0.13439113,-0.8963281,-0.026352558,0.70616347,-0.15883626,0.67232573,-0.15518571
1783532867.6458,20,left_toesEnd_joint,0.13715145,-0.92259395,0.028256496,0.7061635,-0.15883607,0.6723257,-0.15518592
1783532867.6458,20,right_upLeg_joint,-0.10058244,-0.0067410823,-0.0038501967,0.42176664,0.5298363,0.50077665,0.53908193
1783532867.6458,20,right_leg_joint,-0.07405043,-0.42229846,0.05882051,0.5739722,0.3674404,0.6390334,0.3566231
1783532867.6458,20,right_foot_joint,-0.03437708,-0.8236258,-0.1567992,0.2252412,0.64321226,0.28312898,0.67482036
1783532867.6458,20,right_toes_joint,-0.036200028,-0.923757,-0.046432104,0.09924723,0.67424446,0.1500941,0.7162515
1783532867.6458,20,right_toesEnd_joint,-0.038974147,-0.9449178,0.0103494115,0.099247724,0.6742446,0.15009363,0.7162515
1783532867.6458,20,spine_1_joint,-9.111433e-05,0.018440606,-0.0033339502,0.4770343,0.51648945,0.4932409,0.51224077
1783532867.6458,20,spine_2_joint,-0.0012476781,0.07588312,-0.0067035733,0.46724153,0.5265416,0.4871479,0.51684266
1783532867.6458,20,spine_3_joint,-0.0029235126,0.13318287,-0.011828479,0.47330147,0.5187646,0.49743533,0.5093398
1783532867.6458,20,spine_4_joint,-0.004680524,0.1861199,-0.014883405,0.49507824,0.49531156,0.520429,0.48858732
1783532867.6458,20,spine_5_joint,-0.0069578215,0.25651821,-0.012900827,0.5351635,0.44916672,0.5591896,0.44626915
1783532867.6458,20,spine_6_joint,-0.009675602,0.34835884,0.0061831963,0.5486814,0.42934814,0.5765766,0.42681193
1783532867.6458,20,spine_7_joint,-0.013280568,0.45132545,0.035392214,0.5414923,0.43860358,0.57077736,0.43431124
1783532867.6458,20,left_shoulder_1_joint,0.07205154,0.56421703,0.059465617,-0.60726506,0.021816699,-0.108985476,0.7866863
1783532867.6458,20,left_arm_joint,0.21351747,0.5355013,0.07368635,-0.3539624,0.33825797,-0.49750456,0.7160875
1783532867.6458,20,left_forearm_joint,0.28696734,0.28228888,0.038509957,-0.41223273,0.22132337,-0.68726045,0.55565566
1783532867.6458,20,left_hand_joint,0.27554592,0.028726386,0.12443822,0.66362596,-0.59036124,0.41567388,-0.1956772
1783532867.6458,20,left_handIndexStart_joint,0.26134774,0.009246381,0.14208598,0.6350419,-0.6021879,0.45753872,-0.15732183
1783532867.6458,20,left_handIndex_1_joint,0.24978755,-0.06373908,0.17353863,0.6350419,-0.6021879,0.45753872,-0.15732183
1783532867.6458,20,left_handIndex_2_joint,0.24306652,-0.106172495,0.19182505,0.6350419,-0.6021879,0.45753872,-0.15732183
1783532867.6458,20,left_handIndex_3_joint,0.23930274,-0.1299352,0.20206544,0.6350419,-0.6021879,0.45753872,-0.15732183
1783532867.6458,20,left_handIndexEnd_joint,0.23661433,-0.14690857,0.20938002,0.6350419,-0.6021879,0.45753872,-0.15732183
1783532867.6458,20,left_handMidStart_joint,0.27116624,0.0045873234,0.13535798,0.6646738,-0.5899903,0.41369963,-0.19741559
1783532867.6458,20,left_handMid_1_joint,0.2682418,-0.06744769,0.15945499,0.6646738,-0.5899903,0.41369963,-0.19741559
1783532867.6458,20,left_handMid_2_joint,0.26618677,-0.11806688,0.17638803,0.6646738,-0.5899903,0.41369963,-0.19741559
1783532867.6458,20,left_handMid_3_joint,0.2650012,-0.14727026,0.18615709,0.6646738,-0.5899903,0.41369963,-0.19741559
1783532867.6458,20,left_handMidEnd_joint,0.26421082,-0.16673918,0.1926698,0.6646738,-0.5899903,0.41369963,-0.19741559
1783532867.6458,20,left_handPinkyStart_joint,0.29090697,-0.0016675353,0.116913944,0.6840896,-0.59035677,0.33274344,-0.2697818
1783532867.6458,20,left_handPinky_1_joint,0.29608366,-0.064359255,0.1255957,0.6840896,-0.59035677,0.33274344,-0.2697818
1783532867.6458,20,left_handPinky_2_joint,0.29928106,-0.103080615,0.13095796,0.6840896,-0.59035677,0.33274344,-0.2697818
1783532867.6458,20,left_handPinky_3_joint,0.3009559,-0.12336323,0.13376676,0.6840896,-0.59035677,0.33274344,-0.2697818
1783532867.6458,20,left_handPinkyEnd_joint,0.30247843,-0.14180197,0.13632022,0.6840896,-0.59035677,0.33274344,-0.2697818
1783532867.6458,20,left_handRingStart_joint,0.28024897,0.0011821508,0.12687212,0.6752075,-0.5907238,0.37430915,-0.23459105
1783532867.6458,20,left_handRing_1_joint,0.28177705,-0.0668072,0.14282031,0.6752075,-0.5907238,0.37430915,-0.23459105
1783532867.6458,20,left_handRing_2_joint,0.2828557,-0.114799686,0.15407786,0.6752075,-0.5907238,0.37430915,-0.23459105
1783532867.6458,20,left_handRing_3_joint,0.28352985,-0.14479499,0.16111381,0.6752075,-0.5907238,0.37430915,-0.23459105
1783532867.6458,20,left_handRingEnd_joint,0.2839793,-0.16479185,0.16580446,0.6752075,-0.5907238,0.37430915,-0.23459105
1783532867.6458,20,left_handThumbStart_joint,0.25263974,0.008619647,0.13446821,0.26423627,-0.15266213,0.90084267,-0.30879772
1783532867.6458,20,left_handThumb_1_joint,0.21668392,-0.025588946,0.15496726,0.26423627,-0.15266213,0.90084267,-0.30879772
1783532867.6458,20,left_handThumb_2_joint,0.19098224,-0.050038937,0.16962062,0.26423627,-0.15266211,0.90084267,-0.30879772
1783532867.6458,20,left_handThumbEnd_joint,0.17384778,-0.066338934,0.17938954,0.26423627,-0.15266208,0.90084267,-0.30879772
1783532867.6458,20,neck_1_joint,-0.017998518,0.5830243,0.06067545,0.58540976,0.37610123,0.61753714,0.3667304
1783532867.6458,20,neck_2_joint,-0.019366771,0.6098229,0.07409052,0.574795,0.38982266,0.6120747,0.37817135
1783532867.6458,20,neck_3_joint,-0.021494538,0.64626586,0.09044234,0.5555743,0.41391048,0.60092574,0.39862698
1783532867.6458,20,neck_4_joint,-0.024089228,0.68382615,0.10395137,0.5368753,0.43597215,0.5891219,0.4178858
1783532867.6458,20,head_joint,-0.027512467,0.72820127,0.11690246,0.47713944,0.4993054,0.5389907,0.48220432
1783532867.6458,20,jaw_joint,-0.025738277,0.7031125,0.12107414,0.47713944,0.4993054,0.5389907,0.48220432
1783532867.6458,20,chin_joint,-0.026089663,0.6496637,0.2192734,0.47713944,0.4993054,0.5389907,0.48220432
1783532867.6458,20,left_eye_joint,-0.0017077064,0.7600636,0.20592692,0.48147586,0.49512514,0.54317564,0.4774853
1783532867.6458,20,left_eyeLowerLid_joint,-0.0017077064,0.7600636,0.20592692,0.48147586,0.49512514,0.54317564,0.4774853
1783532867.6458,20,left_eyeUpperLid_joint,-0.0017077064,0.7600636,0.20592692,0.48147586,0.49512514,0.54317564,0.4774853
1783532867.6458,20,left_eyeball_joint,-0.0017077064,0.7600636,0.20592692,0.48147586,0.49512514,0.54317564,0.4774853
1783532867.6458,20,nose_joint,-0.03227884,0.7242032,0.22672637,0.48147848,0.49512264,0.54317814,0.47748244
1783532867.6458,20,right_eye_joint,-0.06607651,0.7550167,0.20294958,0.48147586,0.49512514,0.54317564,0.4774853
1783532867.6458,20,right_eyeLowerLid_joint,-0.06607651,0.7550167,0.20294958,0.48147586,0.49512514,0.54317564,0.4774853
1783532867.6458,20,right_eyeUpperLid_joint,-0.06607651,0.7550167,0.20294958,0.48147586,0.49512514,0.54317564,0.4774853
1783532867.6458,20,right_eyeball_joint,-0.06607651,0.7550167,0.20294958,0.48147586,0.49512514,0.54317564,0.4774853
1783532867.6458,20,right_shoulder_1_joint,-0.10652332,0.55879444,0.054313436,0.7866717,0.12946343,0.068176456,0.59978247
1783532867.6458,20,right_arm_joint,-0.24536185,0.5173869,0.06128085,0.69228745,0.51452255,0.34823617,0.36706424
1783532867.6458,20,right_forearm_joint,-0.30600563,0.25990057,0.033503022,0.5309191,0.6978229,0.25650498,0.40666097
1783532867.6458,20,right_hand_joint,-0.27773386,0.005436649,0.11260471,0.17927621,0.4029376,0.6248143,0.6442891
1783532867.6458,20,right_handIndexStart_joint,-0.26374257,-0.013460569,0.12912917,0.13623172,0.44593462,0.63606954,0.61481583
1783532867.6458,20,right_handIndex_1_joint,-0.24712749,-0.08603155,0.15924777,0.13623172,0.44593462,0.63606954,0.61481583
1783532867.6458,20,right_handIndex_2_joint,-0.23746711,-0.12822418,0.17675819,0.13623172,0.44593462,0.63606954,0.61481583
1783532867.6458,20,right_handIndex_3_joint,-0.23205785,-0.15185232,0.18656471,0.13623172,0.44593462,0.63606954,0.61481583
1783532867.6458,20,right_handIndexEnd_joint,-0.22819407,-0.16872926,0.19356933,0.13623172,0.44593462,0.63606954,0.61481583
1783532867.6458,20,right_handMidStart_joint,-0.27292317,-0.018738141,0.12197117,0.17866366,0.40347847,0.6252245,0.6437224
1783532867.6458,20,right_handMid_1_joint,-0.26475903,-0.09088576,0.1444752,0.17866366,0.40347847,0.6252245,0.6437224
1783532867.6458,20,right_handMid_2_joint,-0.25902238,-0.14158343,0.16028911,0.17866366,0.40347847,0.6252245,0.6437224
1783532867.6458,20,right_handMid_3_joint,-0.25571257,-0.17083226,0.1694124,0.17866366,0.40347847,0.6252245,0.6437224
1783532867.6458,20,right_handMidEnd_joint,-0.2535063,-0.19033113,0.1754947,0.17866366,0.40347847,0.6252245,0.6437224
1783532867.6458,20,right_handPinkyStart_joint,-0.29148802,-0.026122935,0.10274053,0.2545464,0.32529554,0.62657106,0.6609066
1783532867.6458,20,right_handPinky_1_joint,-0.29169017,-0.08923087,0.1097889,0.2545464,0.32529554,0.62657106,0.6609066
1783532867.6458,20,right_handPinky_2_joint,-0.29181534,-0.12821005,0.11414287,0.2545464,0.32529554,0.62657106,0.6609066
1783532867.6458,20,right_handPinky_3_joint,-0.29188043,-0.14862739,0.11642284,0.2545464,0.32529554,0.62657106,0.6609066
1783532867.6458,20,right_handPinkyEnd_joint,-0.29193994,-0.16718845,0.11849581,0.2545464,0.32529554,0.62657106,0.6609066
1783532867.6458,20,right_handRingStart_joint,-0.28142098,-0.022661682,0.11311135,0.21755242,0.36549455,0.62651104,0.653122
1783532867.6458,20,right_handRing_1_joint,-0.27777454,-0.09093459,0.12741895,0.21755242,0.36549455,0.62651104,0.653122
1783532867.6458,20,right_handRing_2_joint,-0.27520046,-0.13912681,0.13751815,0.21755242,0.36549455,0.62651104,0.653122
1783532867.6458,20,right_handRing_3_joint,-0.27359197,-0.16924736,0.14383063,0.21755242,0.36549455,0.62651104,0.653122
1783532867.6458,20,right_handRingEnd_joint,-0.27251896,-0.1893282,0.1480383,0.21755242,0.36549455,0.62651104,0.653122
1783532867.6458,20,right_handThumbStart_joint,-0.25477862,-0.013169057,0.121792406,0.27184442,0.9065609,0.17951736,0.26836812
1783532867.6458,20,right_handThumb_1_joint,-0.2167544,-0.044811547,0.14267758,0.27184442,0.9065609,0.17951733,0.26836812
1783532867.6458,20,right_handThumb_2_joint,-0.18957482,-0.06742704,0.15760735,0.27184442,0.9065609,0.17951731,0.26836812
1783532867.6458,20,right_handThumbEnd_joint,-0.17145501,-0.082504235,0.16755973,0.27184445,0.9065609,0.1795173,0.26836815
1783532867.6458,20,camera,-0.11834134,0.0075669014,0.13937761,-0.07086688,-0.10506226,-0.71099126,0.69168717
1783532867.6781,21,root,-0.00024255514,0.018508762,-0.003196482,0.003171508,-0.006692287,0.00048513754,0.9999725
1783532867.6781,21,hips_joint,-0.00024255514,0.018508762,-0.003196482,0.003171508,-0.006692287,0.00048513754,0.9999725
1783532867.6781,21,left_upLeg_joint,0.100300856,-0.0063819885,-0.0010505134,0.6009178,-0.40368286,0.54026145,-0.42901686
1783532867.6781,21,left_leg_joint,0.13833274,-0.4058901,0.1265144,-0.34481108,0.63456696,-0.3249512,0.61060363
1783532867.6781,21,left_foot_joint,0.13077025,-0.78748703,-0.12539038,0.662766,-0.2868974,0.6323561,-0.2802801
1783532867.6781,21,left_toes_joint,0.13608043,-0.8969904,-0.024438467,0.70513004,-0.1560796,0.6740168,-0.15534543
1783532867.6781,21,left_toesEnd_joint,0.13866986,-0.92304546,0.030279836,0.7051301,-0.1560794,0.6740167,-0.15534563
1783532867.6781,21,right_upLeg_joint,-0.10076104,-0.0065637943,-0.0037419042,0.42266455,0.5288922,0.5013529,0.5387699
1783532867.6781,21,right_leg_joint,-0.07458432,-0.42231578,0.057777375,0.57524276,0.36497325,0.6404388,0.35458243
1783532867.6781,21,right_foot_joint,-0.034918945,-0.82203513,-0.16081032,0.22776285,0.6420537,0.2854938,0.6740806
1783532867.6781,21,right_toes_joint,-0.036784943,-0.9229838,-0.051191166,0.10194278,0.6735848,0.15255629,0.71597344
1783532867.6781,21,right_toesEnd_joint,-0.039576516,-0.9445658,0.0054307748,0.10194327,0.673585,0.15255582,0.7159734
1783532867.6781,21,spine_1_joint,-0.00024257491,0.018508762,-0.0031964823,0.47731325,0.5163256,0.4930313,0.5123478
1783532867.6781,21,spine_2_joint,-0.0013558705,0.075952575,-0.0065584835,0.46742415,0.5266267,0.48680356,0.51691574
1783532867.6781,21,spine_3_joint,-0.0030033903,0.13325155,-0.011701181,0.4734335,0.519067,0.49696997,0.50936407
1783532867.6781,21,spine_4_joint,-0.004744566,0.18618715,-0.014790203,0.49520648,0.49579468,0.5198688,0.48856425
1783532867.6781,21,spine_5_joint,-0.007007473,0.25658768,-0.012868972,0.5353617,0.44979808,0.5585375,0.4462122
1783532867.6781,21,spine_6_joint,-0.009694165,0.3484484,0.0061223814,0.54897517,0.4301036,0.575858,0.4266437
1783532867.6781,21,spine_7_joint,-0.013259446,0.45144516,0.03522985,0.54188436,0.43943372,0.57002157,0.43397543
1783532867.6781,21,left_shoulder_1_joint,0.07209541,0.5643825,0.059006184,-0.606944,0.022695692,-0.10760318,0.78709936
1783532867.6781,21,left_arm_joint,0.21363685,0.53581655,0.07277005,-0.35379872,0.34024638,-0.4958065,0.71640414
1783532867.6781,21,left_forearm_joint,0.28726628,0.2828227,0.036415983,-0.41246277,0.2237118,-0.685166,0.5571132
1783532867.6781,21,left_hand_joint,0.27681574,0.028793411,0.121079974,0.66468686,-0.59100825,0.41256377,-0.19670276
1783532867.6781,21,left_handIndexStart_joint,0.2627371,0.009187689,0.13868427,0.63630134,-0.6029,0.45450288,-0.1583015
1783532867.6781,21,left_handIndex_1_joint,0.25148377,-0.0639872,0.16980635,0.63630134,-0.6029,0.45450288,-0.1583015
1783532867.6781,21,left_handIndex_2_joint,0.24494112,-0.10653074,0.18790057,0.63630134,-0.6029,0.45450288,-0.1583015
1783532867.6781,21,left_handIndex_3_joint,0.24127723,-0.13035512,0.19803335,0.63630134,-0.6029,0.45450288,-0.1583015
1783532867.6781,21,left_handIndexEnd_joint,0.23866017,-0.14737254,0.20527104,0.63630134,-0.6029,0.45450288,-0.1583015
1783532867.6781,21,left_handMidStart_joint,0.27253962,0.0045876573,0.13189264,0.6657257,-0.5906345,0.41058618,-0.19844213
1783532867.6781,21,left_handMid_1_joint,0.26988974,-0.06757753,0.1556292,0.6657257,-0.5906345,0.41058618,-0.19844213
1783532867.6781,21,left_handMid_2_joint,0.26802763,-0.11828821,0.17230894,0.6657257,-0.5906345,0.41058618,-0.19844213
1783532867.6781,21,left_handMid_3_joint,0.26695338,-0.14754437,0.18193187,0.6657257,-0.5906345,0.41058618,-0.19844213
1783532867.6781,21,left_handMidEnd_joint,0.26623717,-0.16704847,0.18834716,0.6657257,-0.5906345,0.41058618,-0.19844213
1783532867.6781,21,left_handPinkyStart_joint,0.29222062,-0.0015232539,0.113336846,0.6847913,-0.5909149,0.32950106,-0.2707575
1783532867.6781,21,left_handPinky_1_joint,0.29758632,-0.06424587,0.12167393,0.6847913,-0.5909149,0.32950106,-0.2707575
1783532867.6781,21,left_handPinky_2_joint,0.3009004,-0.10298631,0.12682329,0.6847913,-0.5909149,0.32950106,-0.2707575
1783532867.6781,21,left_handPinky_3_joint,0.30263636,-0.12327893,0.12952058,0.6847913,-0.5909149,0.32950106,-0.2707575
1783532867.6781,21,left_handPinkyEnd_joint,0.3042145,-0.14172676,0.13197266,0.6847913,-0.5909149,0.32950106,-0.2707575
1783532867.6781,21,left_handRingStart_joint,0.28159615,0.0012487196,0.12335264,0.67608464,-0.59132874,0.37112692,-0.23559454
1783532867.6781,21,left_handRing_1_joint,0.28335574,-0.066817895,0.13894342,0.67608464,-0.59132874,0.37112692,-0.23559454
1783532867.6781,21,left_handRing_2_joint,0.2845978,-0.114864916,0.14994866,0.67608464,-0.59132874,0.37112692,-0.23559454
1783532867.6781,21,left_handRing_3_joint,0.2853741,-0.14489432,0.15682694,0.67608464,-0.59132874,0.37112692,-0.23559454
1783532867.6781,21,left_handRingEnd_joint,0.28589162,-0.1649139,0.16141246,0.67608464,-0.59132874,0.37112692,-0.23559454
1783532867.6781,21,left_handThumbStart_joint,0.25399983,0.008578653,0.13109866,0.2654519,-0.15528378,0.8995278,-0.3102775
1783532867.6781,21,left_handThumb_1_joint,0.21821152,-0.025823934,0.1515662,0.2654519,-0.15528378,0.8995278,-0.3102775
1783532867.6781,21,left_handThumb_2_joint,0.19262956,-0.050412595,0.16619705,0.2654519,-0.15528376,0.8995278,-0.3102775
1783532867.6781,21,left_handThumbEnd_joint,0.17557493,-0.06680504,0.17595094,0.2654519,-0.15528373,0.8995278,-0.3102775
1783532867.6781,21,neck_1_joint,-0.01795694,0.5831655,0.060404446,0.5860419,0.37679574,0.6165572,0.3666568
1783532867.6781,21,neck_2_joint,-0.019284004,0.6099785,0.073794864,0.5754164,0.39053008,0.6110991,0.3780743
1783532867.6781,21,neck_3_joint,-0.021360474,0.6464392,0.090113826,0.55617464,0.41464043,0.59995866,0.39848828
1783532867.6781,21,neck_4_joint,-0.023910636,0.6840143,0.10359002,0.5374542,0.43672258,0.58816373,0.41770816
1783532867.6781,21,head_joint,-0.027288761,0.72840405,0.11650321,0.47763142,0.5001184,0.53806466,0.48190913
1783532867.6781,21,jaw_joint,-0.025511423,0.7033191,0.120696664,0.47763142,0.5001184,0.53806466,0.48190913
1783532867.6781,21,chin_joint,-0.025633438,0.649973,0.21895236,0.47763142,0.5001184,0.53806466,0.48190913
1783532867.6781,21,left_eye_joint,-0.0012529349,0.76035184,0.20542976,0.481975,0.49593383,0.542247,0.47719824
1783532867.6781,21,left_eyeLowerLid_joint,-0.0012529349,0.76035184,0.20542976,0.481975,0.49593383,0.542247,0.47719824
1783532867.6781,21,left_eyeUpperLid_joint,-0.0012529349,0.76035184,0.20542976,0.481975,0.49593383,0.542247,0.47719824
1783532867.6781,21,left_eyeball_joint,-0.0012529349,0.76035184,0.20542976,0.481975,0.49593383,0.542247,0.47719824
1783532867.6781,21,nose_joint,-0.03178248,0.72452205,0.22634281,0.48197752,0.49593124,0.54224956,0.47719535
1783532867.6781,21,right_eye_joint,-0.065630436,0.75532055,0.20261814,0.481975,0.49593383,0.542247,0.47719824
1783532867.6781,21,right_eyeLowerLid_joint,-0.065630436,0.75532055,0.20261814,0.481975,0.49593383,0.542247,0.47719824
1783532867.6781,21,right_eyeUpperLid_joint,-0.065630436,0.75532055,0.20261814,0.481975,0.49593383,0.542247,0.47719824
1783532867.6781,21,right_eyeball_joint,-0.065630436,0.75532055,0.20261814,0.481975,0.49593383,0.542247,0.47719824
1783532867.6781,21,right_shoulder_1_joint,-0.10648918,0.55890507,0.05426638,0.7863362,0.13016774,0.06731388,0.60016716
1783532867.6781,21,right_arm_joint,-0.24530856,0.517492,0.061574273,0.69249463,0.5150337,0.34683806,0.36728024
1783532867.6781,21,right_forearm_joint,-0.30618933,0.2599938,0.03443211,0.5312995,0.6981346,0.255193,0.4064549
1783532867.6781,21,right_hand_joint,-0.2780442,0.0056130216,0.11384593,0.17970398,0.40397617,0.62395406,0.6443533
1783532867.6781,21,right_handIndexStart_joint,-0.2640396,-0.01327628,0.13036822,0.13671803,0.44697502,0.6352409,0.61480933
1783532867.6781,21,right_handIndex_1_joint,-0.24744457,-0.08582244,0.16055761,0.13671803,0.44697502,0.6352409,0.61480933
1783532867.6781,21,right_handIndex_2_joint,-0.23779583,-0.12800063,0.17810918,0.13671803,0.44697502,0.6352409,0.61480933
1783532867.6781,21,right_handIndex_3_joint,-0.23239309,-0.15162069,0.18793876,0.13671803,0.44697502,0.6352409,0.61480933
1783532867.6781,21,right_handIndexEnd_joint,-0.22853397,-0.16849187,0.19495985,0.13671803,0.44697502,0.6352409,0.61480933
1783532867.6781,21,right_handMidStart_joint,-0.27324158,-0.018553633,0.12323751,0.17909257,0.40451705,0.6243649,0.64378583
1783532867.6781,21,right_handMid_1_joint,-0.26511315,-0.090677746,0.14582972,0.17909257,0.40451705,0.6243649,0.64378583
1783532867.6781,21,right_handMid_2_joint,-0.2594016,-0.14135888,0.16170558,0.17909257,0.40451705,0.6243649,0.64378583
1783532867.6781,21,right_handMid_3_joint,-0.25610626,-0.1705982,0.17086461,0.17909257,0.40451705,0.6243649,0.64378583
1783532867.6781,21,right_handMidEnd_joint,-0.25390965,-0.19009072,0.17697076,0.17909257,0.40451705,0.6243649,0.64378583
1783532867.6781,21,right_handPinkyStart_joint,-0.29185587,-0.025944939,0.104057275,0.25491875,0.3263094,0.6256779,0.6611095
1783532867.6781,21,right_handPinky_1_joint,-0.2921162,-0.08904223,0.11119844,0.25491875,0.3263094,0.6256779,0.6611095
1783532867.6781,21,right_handPinky_2_joint,-0.2922773,-0.12801485,0.11560973,0.25491875,0.3263094,0.6256779,0.6611095
1783532867.6781,21,right_handPinky_3_joint,-0.2923612,-0.14842874,0.11791972,0.25491875,0.3263094,0.6256779,0.6611095
1783532867.6781,21,right_handPinkyEnd_joint,-0.29243782,-0.16698667,0.12001998,0.25491875,0.3263094,0.6256779,0.6611095
1783532867.6781,21,right_handRingStart_joint,-0.28176275,-0.022480236,0.11440155,0.21795379,0.36652163,0.62563246,0.6532551
1783532867.6781,21,right_handRing_1_joint,-0.278165,-0.09073636,0.1288013,0.21795379,0.36652163,0.62563246,0.6532551
1783532867.6781,21,right_handRing_2_joint,-0.2756253,-0.13891673,0.13896555,0.21795379,0.36652163,0.62563246,0.6532551
1783532867.6781,21,right_handRing_3_joint,-0.27403829,-0.16902986,0.1453187,0.21795379,0.36652163,0.62563246,0.6532551
1783532867.6781,21,right_handRingEnd_joint,-0.27297962,-0.18910578,0.14955346,0.21795379,0.36652163,0.62563246,0.6532551
1783532867.6781,21,right_handThumbStart_joint,-0.25509098,-0.013005913,0.12301198,0.27236536,0.9068193,0.17840882,0.26770568
1783532867.6781,21,right_handThumb_1_joint,-0.21705906,-0.044662036,0.14386247,0.2723653,0.9068193,0.17840882,0.26770568
1783532867.6781,21,right_handThumb_2_joint,-0.18987396,-0.06728728,0.15876743,0.2723653,0.9068193,0.1784088,0.26770568
1783532867.6781,21,right_handThumbEnd_joint,-0.17175049,-0.08237097,0.1687033,0.27236533,0.9068193,0.17840877,0.2677057
1783532867.6781,21,camera,-0.11817168,0.007781688,0.13960473,-0.071064755,-0.10483437,-0.7111695,0.69151825
1783532867.7121,22,root,-0.00028178305,0.018591587,-0.0031471264,0.003512356,-0.0065838406,0.0004044598,0.99997216
1783532867.7121,22,hips_joint,-0.00028178305,0.018591587,-0.0031471264,0.003512356,-0.0065838406,0.0004044598,0.99997216
1783532867.7121,22,left_upLeg_joint,0.1002582,-0.00631631,-0.0010400456,0.6005559,-0.4034818,0.54042155,-0.42951137
1783532867.7121,22,left_leg_joint,0.13828124,-0.4058825,0.1263458,-0.34634915,0.632748,-0.325605,0.61127245
1783532867.7121,22,left_foot_joint,0.13243818,-0.7883601,-0.12426601,0.6628549,-0.28451696,0.6332833,-0.28040352
1783532867.7121,22,left_toes_joint,0.13780406,-0.8975016,-0.022925748,0.70476615,-0.15372542,0.6749506,-0.15529087
1783532867.7121,22,left_toesEnd_joint,0.14032914,-0.92336154,0.031888027,0.7047662,-0.1537252,0.67495054,-0.15529108
1783532867.7121,22,right_upLeg_joint,-0.1008043,-0.0064649093,-0.0036877734,0.42316222,0.52844137,0.5019994,0.5382197
1783532867.7121,22,right_leg_joint,-0.074483,-0.4223385,0.05694158,0.5760325,0.3635078,0.64159024,0.35271925
1783532867.7121,22,right_foot_joint,-0.034443904,-0.82082945,-0.16381006,0.22928827,0.64138705,0.28754923,0.673324
1783532867.7121,22,right_toes_joint,-0.036213826,-0.92237264,-0.05473978,0.103566915,0.67321944,0.15471786,0.7156201
1783532867.7121,22,right_toesEnd_joint,-0.03898453,-0.9442639,0.0017643403,0.1035674,0.67321956,0.1547174,0.71562004
1783532867.7121,22,spine_1_joint,-0.00028180284,0.018591587,-0.0031471266,0.4774216,0.516388,0.49311426,0.5121044
1783532867.7121,22,spine_2_joint,-0.0014119117,0.076036334,-0.00648764,0.46743014,0.52685136,0.4868543,0.5166336
1783532867.7121,22,spine_3_joint,-0.003092367,0.13333498,-0.011623523,0.47334862,0.519453,0.49697807,0.50904167
1783532867.7121,22,spine_4_joint,-0.004876925,0.18626873,-0.014719714,0.4950865,0.4963282,0.51981217,0.48820484
1783532867.7121,22,spine_5_joint,-0.0072063273,0.2566678,-0.012822811,0.53530955,0.4504536,0.5583791,0.44581255
1783532867.7121,22,spine_6_joint,-0.009969894,0.34853503,0.006126138,0.54901165,0.43081355,0.57562023,0.4262018
1783532867.7121,22,spine_7_joint,-0.01360635,0.45154274,0.035186175,0.5420484,0.4401121,0.5697218,0.43347743
1783532867.7121,22,left_shoulder_1_joint,0.071683384,0.56456524,0.058791194,-0.60647434,0.023231953,-0.10662169,0.7875794
1783532867.7121,22,left_arm_joint,0.2132787,0.5361173,0.07224204,-0.3530504,0.34213045,-0.494791,0.7165784
1783532867.7121,22,left_forearm_joint,0.28675944,0.28324625,0.034750093,-0.41188288,0.2263466,-0.683719,0.5582555
1783532867.7121,22,left_hand_joint,0.27673522,0.028718432,0.11795633,0.66491103,-0.5922414,0.40982234,-0.19796433
1783532867.7121,22,left_handIndexStart_joint,0.26272082,0.008999527,0.13548535,0.6367014,-0.6042124,0.45178097,-0.15947914
1783532867.7121,22,left_handIndex_1_joint,0.25160933,-0.064364545,0.1662106,0.6367014,-0.6042124,0.45178097,-0.15947914
1783532867.7121,22,left_handIndex_2_joint,0.24514917,-0.10701807,0.18407413,0.6367014,-0.6042124,0.45178097,-0.15947914
1783532867.7121,22,left_handIndex_3_joint,0.24153148,-0.13090405,0.19407772,0.6367014,-0.6042124,0.45178097,-0.15947914
1783532867.7121,22,left_handIndexEnd_joint,0.2389474,-0.14796546,0.20122312,0.6367014,-0.6042124,0.45178097,-0.15947914
1783532867.7121,22,left_handMidStart_joint,0.27250752,0.0044466564,0.12863928,0.6659419,-0.59186405,0.40784377,-0.19970651
1783532867.7121,22,left_handMid_1_joint,0.26997784,-0.067858085,0.15196082,0.6659419,-0.59186405,0.40784377,-0.19970651
1783532867.7121,22,left_handMid_2_joint,0.26820022,-0.11866682,0.16834894,0.6659419,-0.59186405,0.40784377,-0.19970651
1783532867.7121,22,left_handMid_3_joint,0.2671747,-0.14797956,0.17780362,0.6659419,-0.59186405,0.40784377,-0.19970651
1783532867.7121,22,left_handMidEnd_joint,0.266491,-0.16752137,0.18410675,0.6659419,-0.59186405,0.40784377,-0.19970651
1783532867.7121,22,left_handPinkyStart_joint,0.29214048,-0.001540854,0.10999261,0.68468153,-0.5920024,0.32670432,-0.27204666
1783532867.7121,22,left_handPinky_1_joint,0.2975759,-0.06430711,0.11794758,0.68468153,-0.5920024,0.32670432,-0.27204666
1783532867.7121,22,left_handPinky_2_joint,0.30093306,-0.1030745,0.122860946,0.68468153,-0.5920024,0.32670432,-0.27204666
1783532867.7121,22,left_handPinky_3_joint,0.30269158,-0.12338123,0.12543462,0.68468153,-0.5920024,0.32670432,-0.27204666
1783532867.7121,22,left_handPinkyEnd_joint,0.30429024,-0.14184189,0.12777431,0.68468153,-0.5920024,0.32670432,-0.27204666
1783532867.7121,22,left_handRingStart_joint,0.28154236,0.0011645246,0.12005438,0.6761367,-0.5924914,0.3683542,-0.2368733
1783532867.7121,22,left_handRing_1_joint,0.2833961,-0.06699076,0.13524184,0.6761367,-0.5924914,0.3683542,-0.2368733
1783532867.7121,22,left_handRing_2_joint,0.28470466,-0.115100384,0.14596239,0.6761367,-0.5924914,0.3683542,-0.2368733
1783532867.7121,22,left_handRing_3_joint,0.28552246,-0.14516889,0.15266272,0.6761367,-0.5924914,0.3683542,-0.2368733
1783532867.7121,22,left_handRingEnd_joint,0.2860677,-0.16521457,0.15712963,0.6761367,-0.5924914,0.3683542,-0.2368733
1783532867.7121,22,left_handThumbStart_joint,0.2539626,0.008428254,0.12792097,0.26587132,-0.15825176,0.8985788,-0.31116793
1783532867.7121,22,left_handThumb_1_joint,0.21825758,-0.026120372,0.14828789,0.26587132,-0.15825176,0.8985788,-0.31116793
1783532867.7121,22,left_handThumb_2_joint,0.19273517,-0.050813425,0.16284683,0.26587132,-0.15825175,0.8985788,-0.31116793
1783532867.7121,22,left_handThumbEnd_joint,0.17572023,-0.067275465,0.17255278,0.2658713,-0.1582517,0.8985788,-0.31116793
1783532867.7121,22,neck_1_joint,-0.018383648,0.58326787,0.060321376,0.5863996,0.37738922,0.61603093,0.36635968
1783532867.7121,22,neck_2_joint,-0.019698657,0.6100872,0.07370019,0.57578796,0.39111465,0.61055136,0.37778994
1783532867.7121,22,neck_3_joint,-0.021758156,0.6465559,0.09000332,0.55652726,0.41523683,0.5994244,0.3981794
1783532867.7121,22,neck_4_joint,-0.02429666,0.6841374,0.103463896,0.53778785,0.4373297,0.587643,0.41737682
1783532867.7121,22,head_joint,-0.027666273,0.7285329,0.11635928,0.47789416,0.5007589,0.53758943,0.48151433
1783532867.7121,22,jaw_joint,-0.025873654,0.70345074,0.120563015,0.47789416,0.5007589,0.53758943,0.48151433
1783532867.7121,22,chin_joint,-0.025806949,0.6501571,0.21884727,0.47789416,0.5007589,0.53758943,0.48151433
1783532867.7121,22,left_eye_joint,-0.0014851141,0.76053643,0.20522311,0.48224324,0.49657202,0.5417684,0.4768076
1783532867.7121,22,left_eyeLowerLid_joint,-0.0014851141,0.76053643,0.20522311,0.48224324,0.49657202,0.5417684,0.4768076
1783532867.7121,22,left_eyeUpperLid_joint,-0.0014851141,0.76053643,0.20522311,0.48224324,0.49657202,0.5417684,0.4768076
1783532867.7121,22,left_eyeball_joint,-0.0014851141,0.76053643,0.20522311,0.48224324,0.49657202,0.5417684,0.4768076
1783532867.7121,22,nose_joint,-0.0319667,0.72470814,0.22620869,0.48224577,0.49656948,0.54177094,0.47680473
1783532867.7121,22,right_eye_joint,-0.06586586,0.7554833,0.20252681,0.48224324,0.49657202,0.5417684,0.4768076
1783532867.7121,22,right_eyeLowerLid_joint,-0.06586586,0.7554833,0.20252681,0.48224324,0.49657202,0.5417684,0.4768076
1783532867.7121,22,right_eyeUpperLid_joint,-0.06586586,0.7554833,0.20252681,0.48224324,0.49657202,0.5417684,0.4768076
1783532867.7121,22,right_eyeball_joint,-0.06586586,0.7554833,0.20252681,0.48224324,0.49657202,0.5417684,0.4768076
1783532867.7121,22,right_shoulder_1_joint,-0.10690339,0.5589256,0.054328125,0.78614175,0.13099158,0.066971265,0.6002816
1783532867.7121,22,right_arm_joint,-0.2456737,0.51738954,0.061865743,0.692344,0.51586396,0.3461781,0.3670222
1783532867.7121,22,right_forearm_joint,-0.30634248,0.25980324,0.03508582,0.5310858,0.6987904,0.2547213,0.40590328
1783532867.7121,22,right_hand_joint,-0.27783522,0.0054938314,0.11459941,0.17986527,0.40478384,0.62397206,0.643784
1783532867.7121,22,right_handIndexStart_joint,-0.26378578,-0.01337335,0.13110887,0.1368783,0.44774175,0.6352697,0.61418605
1783532867.7121,22,right_handIndex_1_joint,-0.2470747,-0.085887104,0.16131218,0.1368783,0.44774175,0.6352697,0.61418605
1783532867.7121,22,right_handIndex_2_joint,-0.23735851,-0.12804647,0.17887184,0.1368783,0.44774175,0.6352697,0.61418605
1783532867.7121,22,right_handIndex_3_joint,-0.23191799,-0.15165597,0.18870594,0.1368783,0.44774175,0.6352697,0.61418605
1783532867.7121,22,right_handIndexEnd_joint,-0.2280319,-0.16851963,0.19573027,0.1368783,0.44774175,0.6352697,0.61418605
1783532867.7121,22,right_handMidStart_joint,-0.2729951,-0.018663066,0.123996854,0.17925414,0.40532413,0.624383,0.6432157
1783532867.7121,22,right_handMid_1_joint,-0.2647639,-0.09076675,0.1466171,0.17925414,0.40532413,0.624383,0.6432157
1783532867.7121,22,right_handMid_2_joint,-0.25898013,-0.14143354,0.16251267,0.17925414,0.40532413,0.624383,0.6432157
1783532867.7121,22,right_handMid_3_joint,-0.25564313,-0.17066455,0.17168307,0.17925414,0.40532413,0.624383,0.6432157
1783532867.7121,22,right_handMidEnd_joint,-0.25341874,-0.19015153,0.1777968,0.17925414,0.40532413,0.624383,0.6432157
1783532867.7121,22,right_handPinkyStart_joint,-0.2916353,-0.026082149,0.104852505,0.25511128,0.32716545,0.62566215,0.6606272
1783532867.7121,22,right_handPinky_1_joint,-0.29182708,-0.08917551,0.112030715,0.25511128,0.32716545,0.62566215,0.6606272
1783532867.7121,22,right_handPinky_2_joint,-0.29194584,-0.1281457,0.116464876,0.25511128,0.32716545,0.62566215,0.6606272
1783532867.7121,22,right_handPinky_3_joint,-0.29200757,-0.1485583,0.11878686,0.25511128,0.32716545,0.62566215,0.6606272
1783532867.7121,22,right_handPinkyEnd_joint,-0.29206404,-0.16711509,0.12089801,0.25511128,0.32716545,0.62566215,0.6606272
1783532867.7121,22,right_handRingStart_joint,-0.28152773,-0.022602418,0.11517764,0.2181306,0.36735445,0.6256328,0.65272784
1783532867.7121,22,right_handRing_1_joint,-0.27784455,-0.09084693,0.12961087,0.2181306,0.36735445,0.6256328,0.65272784
1783532867.7121,22,right_handRing_2_joint,-0.2752445,-0.13901912,0.13979875,0.2181306,0.36735445,0.6256328,0.65272784
1783532867.7121,22,right_handRing_3_joint,-0.2736198,-0.16912714,0.14616665,0.2181306,0.36735445,0.6256328,0.65272784
1783532867.7121,22,right_handRingEnd_joint,-0.27253598,-0.18919964,0.15041126,0.2181306,0.36735445,0.6256328,0.65272784
1783532867.7121,22,right_handThumbStart_joint,-0.25484988,-0.013099267,0.12373731,0.27203363,0.90721935,0.17803402,0.26693627
1783532867.7121,22,right_handThumb_1_joint,-0.21675438,-0.04470929,0.14454167,0.27203366,0.9072193,0.17803402,0.2669363
1783532867.7121,22,right_handThumb_2_joint,-0.18952383,-0.06730158,0.15941364,0.27203366,0.9072193,0.17803401,0.2669363
1783532867.7121,22,right_handThumbEnd_joint,-0.17137004,-0.0823633,0.1693275,0.27203363,0.90721935,0.17803395,0.26693627
1783532867.7121,22,camera,-0.117881194,0.0074660783,0.13959676,-0.07176669,-0.105021834,-0.71121025,0.6913754
1783532867.7460,23,root,-0.00021886712,0.018536516,-0.0032520306,0.003301155,-0.0068294466,0.00074900326,0.9999709
1783532867.7460,23,hips_joint,-0.00021886712,0.018536516,-0.0032520306,0.003301155,-0.0068294466,0.00074900326,0.9999709
1783532867.7460,23,left_upLeg_joint,0.100337096,-0.0063016377,-0.0010846852,0.6011452,-0.4018499,0.54155326,-0.42879015
1783532867.7460,23,left_leg_joint,0.13843547,-0.40532243,0.12797675,-0.348739,0.6306005,-0.32758406,0.6110748
1783532867.7460,23,left_foot_joint,0.13389124,-0.7895454,-0.11997751,0.66341215,-0.2813527,0.6347193,-0.2790273
1783532867.7460,23,left_toes_joint,0.13924807,-0.8979681,-0.017868241,0.70471364,-0.1505129,0.6760996,-0.15366744
1783532867.7460,23,left_toesEnd_joint,0.14170338,-0.923441,0.03712964,0.7047137,-0.1505127,0.6760995,-0.15366763
1783532867.7460,23,right_upLeg_joint,-0.10072393,-0.0065890253,-0.0038316047,0.42322618,0.5281731,0.502918,0.53757447
1783532867.7460,23,right_leg_joint,-0.073863775,-0.4225386,0.056034643,0.5755199,0.3639922,0.6418059,0.3526639
1783532867.7460,23,right_foot_joint,-0.033249263,-0.82115126,-0.1643918,0.22858597,0.6414523,0.28775308,0.6734134
1783532867.7460,23,right_toes_joint,-0.03495928,-0.9226132,-0.055245034,0.10286498,0.6731505,0.15490107,0.71574646
1783532867.7460,23,right_toesEnd_joint,-0.03773436,-0.94446456,0.0012743043,0.10286546,0.67315054,0.15490063,0.71574646
1783532867.7460,23,spine_1_joint,-0.0002188869,0.018536516,-0.0032520308,0.4771689,0.5165834,0.49331072,0.5119528
1783532867.7460,23,spine_2_joint,-0.001394586,0.07597997,-0.0065985844,0.46729773,0.5271348,0.48702958,0.51629823
1783532867.7460,23,spine_3_joint,-0.0031291002,0.13327748,-0.011728956,0.4733263,0.5198509,0.4970971,0.5085385
1783532867.7460,23,spine_4_joint,-0.0049701543,0.18620989,-0.014814062,0.49516964,0.4968358,0.5198422,0.48757055
1783532867.7460,23,spine_5_joint,-0.0073752636,0.25660583,-0.012899508,0.53552526,0.4510607,0.558258,0.44508982
1783532867.7460,23,spine_6_joint,-0.010215182,0.3484664,0.006070225,0.5493439,0.43151763,0.5753419,0.42543572
1783532867.7460,23,spine_7_joint,-0.013911471,0.45146778,0.03514498,0.5424804,0.44089717,0.56927866,0.43271998
1783532867.7460,23,left_shoulder_1_joint,0.07132546,0.5645732,0.058542117,-0.6063454,0.02402687,-0.10587195,0.7877558
1783532867.7460,23,left_arm_joint,0.21295606,0.53615224,0.07167424,-0.3527878,0.34365824,-0.49473163,0.7160171
1783532867.7460,23,left_forearm_joint,0.28591064,0.28321257,0.033622287,-0.41177374,0.22820537,-0.68347615,0.55787575
1783532867.7460,23,left_hand_joint,0.2756113,0.02849947,0.116225354,0.6645955,-0.59357995,0.40850982,-0.19772652
1783532867.7460,23,left_handIndexStart_joint,0.26160112,0.00876309,0.13373803,0.63647056,-0.6055324,0.4504509,-0.15915462
1783532867.7460,23,left_handIndex_1_joint,0.25042588,-0.06465598,0.1643083,0.63647056,-0.6055324,0.4504509,-0.15915462
1783532867.7460,23,left_handIndex_2_joint,0.24392861,-0.1073415,0.18208171,0.63647056,-0.6055324,0.4504509,-0.15915462
1783532867.7460,23,left_handIndex_3_joint,0.24029016,-0.13124537,0.19203483,0.63647056,-0.6055324,0.4504509,-0.15915462
1783532867.7460,23,left_handIndexEnd_joint,0.23769127,-0.14831959,0.1991442,0.63647056,-0.6055324,0.4504509,-0.15915462
1783532867.7460,23,left_handMidStart_joint,0.2713637,0.0042092297,0.1268583,0.66562223,-0.5932032,0.40653223,-0.19947226
1783532867.7460,23,left_handMid_1_joint,0.26875514,-0.068147965,0.15000775,0.66562223,-0.5932032,0.40653223,-0.19947226
1783532867.7460,23,left_handMid_2_joint,0.26692212,-0.11899356,0.16627495,0.66562223,-0.5932032,0.40653223,-0.19947226
1783532867.7460,23,left_handMid_3_joint,0.26586458,-0.14832754,0.17565987,0.66562223,-0.5932032,0.40653223,-0.19947226
1783532867.7460,23,left_handMidEnd_joint,0.26515958,-0.16788355,0.18191648,0.66562223,-0.5932032,0.40653223,-0.19947226
1783532867.7460,23,left_handPinkyStart_joint,0.29094282,-0.0017681837,0.10815185,0.6841795,-0.5933418,0.3254374,-0.27190936
1783532867.7460,23,left_handPinky_1_joint,0.29628152,-0.06456363,0.11593997,0.6841795,-0.5933418,0.3254374,-0.27190936
1783532867.7460,23,left_handPinky_2_joint,0.29957893,-0.10334906,0.12075027,0.6841795,-0.5933418,0.3254374,-0.27190936
1783532867.7460,23,left_handPinky_3_joint,0.30130616,-0.123665236,0.12326995,0.6841795,-0.5933418,0.3254374,-0.27190936
1783532867.7460,23,left_handPinkyEnd_joint,0.30287635,-0.14213449,0.12556058,0.6841795,-0.5933418,0.3254374,-0.27190936
1783532867.7460,23,left_handRingStart_joint,0.28037277,0.0009317517,0.118244596,0.6757254,-0.59383404,0.3670642,-0.23668692
1783532867.7460,23,left_handRing_1_joint,0.28213656,-0.06726398,0.13326015,0.6757254,-0.59383404,0.3670642,-0.23668692
1783532867.7460,23,left_handRing_2_joint,0.28338158,-0.11540214,0.14385934,0.6757254,-0.59383404,0.3670642,-0.23668692
1783532867.7460,23,left_handRing_3_joint,0.28415972,-0.1454885,0.15048385,0.6757254,-0.59383404,0.3670642,-0.23668692
1783532867.7460,23,left_handRingEnd_joint,0.28467846,-0.16554607,0.15490018,0.6757254,-0.59383404,0.3670642,-0.23668692
1783532867.7460,23,left_handThumbStart_joint,0.25282452,0.008226447,0.12619244,0.2663757,-0.15995765,0.8983615,-0.31049067
1783532867.7460,23,left_handThumb_1_joint,0.21710315,-0.026306948,0.14655644,0.2663757,-0.15995765,0.8983615,-0.31049067
1783532867.7460,23,left_handThumb_2_joint,0.19156906,-0.05098911,0.16111329,0.2663757,-0.15995765,0.8983615,-0.31049067
1783532867.7460,23,left_handThumbEnd_joint,0.17454633,-0.06744389,0.17081787,0.2663757,-0.15995762,0.8983615,-0.31049067
1783532867.7460,23,neck_1_joint,-0.01875544,0.5831905,0.060279597,0.5870829,0.3780069,0.6153315,0.3658028
1783532867.7460,23,neck_2_joint,-0.020046761,0.6100112,0.07365807,0.5765315,0.39169163,0.60980433,0.3772635
1783532867.7460,23,neck_3_joint,-0.022069447,0.6464815,0.08996212,0.5572531,0.41583818,0.59870285,0.39762115
1783532867.7460,23,neck_4_joint,-0.024578763,0.68406427,0.10342475,0.5384953,0.43795386,0.5869462,0.41678944
1783532867.7460,23,head_joint,-0.02792175,0.7284607,0.11632354,0.47852728,0.501459,0.5369723,0.48084438
1783532867.7460,23,jaw_joint,-0.026114117,0.70337933,0.1205256,0.47852728,0.501459,0.5369723,0.48084438
1783532867.7460,23,chin_joint,-0.025781753,0.65009767,0.21881573,0.47852728,0.501459,0.5369723,0.48084438
1783532867.7460,23,left_eye_joint,-0.001513369,0.7604793,0.20511466,0.4828824,0.4972665,0.5411455,0.47614294
1783532867.7460,23,left_eyeLowerLid_joint,-0.001513369,0.7604793,0.20511466,0.4828824,0.4972665,0.5411455,0.47614294
1783532867.7460,23,left_eyeUpperLid_joint,-0.001513369,0.7604793,0.20511466,0.4828824,0.4972665,0.5411455,0.47614294
1783532867.7460,23,left_eyeball_joint,-0.001513369,0.7604793,0.20511466,0.4828824,0.4972665,0.5411455,0.47614294
1783532867.7460,23,nose_joint,-0.031934183,0.72464865,0.2261842,0.48288503,0.497264,0.541148,0.4761401
1783532867.7460,23,right_eye_joint,-0.0659001,0.7554154,0.2025874,0.4828824,0.4972665,0.5411455,0.47614294
1783532867.7460,23,right_eyeLowerLid_joint,-0.0659001,0.7554154,0.2025874,0.4828824,0.4972665,0.5411455,0.47614294
1783532867.7460,23,right_eyeUpperLid_joint,-0.0659001,0.7554154,0.2025874,0.4828824,0.4972665,0.5411455,0.47614294
1783532867.7460,23,right_eyeball_joint,-0.0659001,0.7554154,0.2025874,0.4828824,0.4972665,0.5411455,0.47614294
1783532867.7460,23,right_shoulder_1_joint,-0.10726568,0.55876374,0.05449387,0.7858619,0.13265331,0.066310816,0.6003557
1783532867.7460,23,right_arm_joint,-0.24593444,0.51697296,0.06247971,0.69192994,0.51777065,0.34503722,0.36619097
1783532867.7460,23,right_forearm_joint,-0.3059743,0.2591738,0.036339335,0.5300907,0.7006603,0.25400957,0.40442315
1783532867.7460,23,right_hand_joint,-0.27625868,0.0050621415,0.116041906,0.17996137,0.40670547,0.62452894,0.6420032
1783532867.7460,23,right_handIndexStart_joint,-0.26207906,-0.013735372,0.13251951,0.13693742,0.4495367,0.6358309,0.6122775
1783532867.7460,23,right_handIndex_1_joint,-0.24499467,-0.08615331,0.1627437,0.13693742,0.4495367,0.6358309,0.6122775
1783532867.7460,23,right_handIndex_2_joint,-0.23506144,-0.12825696,0.18031551,0.13693742,0.4495367,0.6358309,0.6122775
1783532867.7460,23,right_handIndex_3_joint,-0.22949937,-0.15183528,0.19015642,0.13693742,0.4495367,0.6358309,0.6122775
1783532867.7460,23,right_handIndexEnd_joint,-0.22552647,-0.16867664,0.19718559,0.13693742,0.4495367,0.6358309,0.6122775
1783532867.7460,23,right_handMidStart_joint,-0.2712967,-0.019066209,0.1254491,0.17935039,0.40724382,0.62493974,0.64143276
1783532867.7460,23,right_handMid_1_joint,-0.26272258,-0.091113225,0.14812237,0.17935039,0.40724382,0.62493974,0.64143276
1783532867.7460,23,right_handMid_2_joint,-0.25669786,-0.14174019,0.1640552,0.17935039,0.40724382,0.62493974,0.64143276
1783532867.7460,23,right_handMid_3_joint,-0.25322184,-0.17094824,0.17324707,0.17935039,0.40724382,0.62493974,0.64143276
1783532867.7460,23,right_handMidEnd_joint,-0.25090477,-0.1904199,0.17937511,0.17935039,0.40724382,0.62493974,0.64143276
1783532867.7460,23,right_handPinkyStart_joint,-0.28998366,-0.026574198,0.106385164,0.25533825,0.32925427,0.62615055,0.6590367
1783532867.7460,23,right_handPinky_1_joint,-0.28992364,-0.08965922,0.113638245,0.25533825,0.32925427,0.62615055,0.6590367
1783532867.7460,23,right_handPinky_2_joint,-0.28988686,-0.12862426,0.11811866,0.25533825,0.32925427,0.62615055,0.6590367
1783532867.7460,23,right_handPinky_3_joint,-0.28986713,-0.14903419,0.12046485,0.25533825,0.32925427,0.62615055,0.6590367
1783532867.7460,23,right_handPinkyEnd_joint,-0.28984955,-0.16758852,0.122598015,0.25533825,0.32925427,0.62615055,0.6590367
1783532867.7460,23,right_handRingStart_joint,-0.27984902,-0.023046322,0.116667345,0.21829094,0.3693623,0.6261544,0.6510385
1783532867.7460,23,right_handRing_1_joint,-0.27586797,-0.09126009,0.13116658,0.21829094,0.3693623,0.6261544,0.6510385
1783532867.7460,23,right_handRing_2_joint,-0.27305767,-0.13941056,0.14140104,0.21829094,0.3693623,0.6261544,0.6510385
1783532867.7460,23,right_handRing_3_joint,-0.27130154,-0.169505,0.14779808,0.21829094,0.3693623,0.6261544,0.6510385
1783532867.7460,23,right_handRingEnd_joint,-0.27013013,-0.18956845,0.1520621,0.21829094,0.3693623,0.6261544,0.6510385
1783532867.7460,23,right_handThumbStart_joint,-0.25317252,-0.013438341,0.1251134,0.2706045,0.9083164,0.17744933,0.26503998
1783532867.7460,23,right_handThumb_1_joint,-0.21488541,-0.044888113,0.14580855,0.2706045,0.9083164,0.17744933,0.26504
1783532867.7460,23,right_handThumb_2_joint,-0.18751794,-0.067365855,0.16060245,0.2706045,0.9083164,0.1774493,0.26504
1783532867.7460,23,right_handThumbEnd_joint,-0.16927287,-0.08235121,0.17046428,0.2706045,0.9083164,0.17744927,0.26503998
1783532867.7460,23,camera,-0.11756945,0.007568143,0.13965574,-0.0716107,-0.1052713,-0.71130985,0.6912511
1783532867.7797,24,root,-0.00026739755,0.01872864,-0.0030528298,0.0033183713,-0.0071460544,0.0009222821,0.9999686
1783532867.7797,24,hips_joint,-0.00026739755,0.01872864,-0.0030528298,0.0033183713,-0.0071460544,0.0009222821,0.9999686
1783532867.7797,24,left_upLeg_joint,0.10029572,-0.006074922,-0.00082250236,0.6007584,-0.4010944,0.54265386,-0.42864883
1783532867.7797,24,left_leg_joint,0.1379002,-0.4049153,0.12893997,-0.34808955,0.6297667,-0.32737043,0.6124185
1783532867.7797,24,left_foot_joint,0.13444528,-0.7887811,-0.11958484,0.66238654,-0.28109682,0.6353798,-0.28021693
1783532867.7797,24,left_toes_joint,0.13959499,-0.89734745,-0.017617596,0.70365804,-0.15045604,0.6769737,-0.15471035
1783532867.7797,24,left_toesEnd_joint,0.14190888,-0.92289805,0.03735035,0.7036581,-0.15045585,0.67697364,-0.15471056
1783532867.7797,24,right_upLeg_joint,-0.1007634,-0.0064315246,-0.0036969748,0.42333913,0.52783585,0.50371057,0.5370744
1783532867.7797,24,right_leg_joint,-0.073531196,-0.42245787,0.055463832,0.57562083,0.36347035,0.64252186,0.3517323
1783532867.7797,24,right_foot_joint,-0.0324228,-0.8205129,-0.16587687,0.22898729,0.64110374,0.28889123,0.67312163
1783532867.7797,24,right_toes_joint,-0.034070443,-0.92223114,-0.056967914,0.10332508,0.6728842,0.1560739,0.7156758
1783532867.7797,24,right_toesEnd_joint,-0.036844753,-0.9442172,-0.00050081726,0.103325576,0.6728844,0.15607344,0.7156757
1783532867.7797,24,spine_1_joint,-0.00026741734,0.01872864,-0.00305283,0.47697634,0.5166207,0.4935203,0.51189333
1783532867.7797,24,spine_2_joint,-0.0014713071,0.07617164,-0.0063974857,0.46713045,0.5273053,0.4871841,0.51612985
1783532867.7797,24,spine_3_joint,-0.0032438491,0.1334679,-0.0115288375,0.47319213,0.5201522,0.49716023,0.5082942
1783532867.7797,24,spine_4_joint,-0.0051247715,0.18639854,-0.014620635,0.49508923,0.4972655,0.5197797,0.48728132
1783532867.7797,24,spine_5_joint,-0.0075810836,0.2567933,-0.01272558,0.53554237,0.45160028,0.5580315,0.4448063
1783532867.7797,24,spine_6_joint,-0.010464366,0.34866118,0.0062022065,0.54947037,0.4321184,0.57494545,0.42519885
1783532867.7797,24,spine_7_joint,-0.014173109,0.4516801,0.03521322,0.5427337,0.4415124,0.56869936,0.43253696
1783532867.7797,24,left_shoulder_1_joint,0.07108421,0.56481695,0.058383293,-0.6062575,0.024319055,-0.10518171,0.78790694
1783532867.7797,24,left_arm_joint,0.21275298,0.5364983,0.07132348,-0.3522982,0.34481892,-0.49446395,0.7158851
1783532867.7797,24,left_forearm_joint,0.28542334,0.28356734,0.032674592,-0.4110439,0.2301407,-0.6829465,0.5582674
1783532867.7797,24,left_hand_joint,0.27503648,0.028532181,0.11426667,0.6642483,-0.59480673,0.40692222,-0.19847858
1783532867.7797,24,left_handIndexStart_joint,0.26103526,0.0087366635,0.13171966,0.63622606,-0.60680485,0.44884357,-0.15982491
1783532867.7797,24,left_handIndex_1_joint,0.24984439,-0.064795904,0.16201015,0.63622606,-0.60680485,0.44884357,-0.15982491
1783532867.7797,24,left_handIndex_2_joint,0.24333806,-0.107547395,0.17962089,0.63622606,-0.60680485,0.44884357,-0.15982491
1783532867.7797,24,left_handIndex_3_joint,0.23969452,-0.13148822,0.18948291,0.63622606,-0.60680485,0.44884357,-0.15982491
1783532867.7797,24,left_handIndexEnd_joint,0.23709197,-0.14858882,0.19652721,0.63622606,-0.60680485,0.44884357,-0.15982491
1783532867.7797,24,left_handMidStart_joint,0.2707844,0.0042027403,0.12480782,0.6652703,-0.5944276,0.4049452,-0.20022738
1783532867.7797,24,left_handMid_1_joint,0.26815054,-0.06824493,0.14766966,0.6652703,-0.5944276,0.4049452,-0.20022738
1783532867.7797,24,left_handMid_2_joint,0.26629972,-0.11915409,0.16373473,0.6652703,-0.5944276,0.4049452,-0.20022738
1783532867.7797,24,left_handMid_3_joint,0.26523194,-0.14852476,0.17300305,0.6652703,-0.5944276,0.4049452,-0.20022738
1783532867.7797,24,left_handMidEnd_joint,0.26452008,-0.1681052,0.17918192,0.6652703,-0.5944276,0.4049452,-0.20022738
1783532867.7797,24,left_handPinkyStart_joint,0.2903322,-0.0017149544,0.10604969,0.6836242,-0.5944619,0.3238662,-0.27273402
1783532867.7797,24,left_handPinky_1_joint,0.29563147,-0.064545475,0.113577485,0.6836242,-0.5944619,0.3238662,-0.27273402
1783532867.7797,24,left_handPinky_2_joint,0.29890457,-0.103352554,0.11822701,0.6836242,-0.5944619,0.3238662,-0.27273402
1783532867.7797,24,left_handPinky_3_joint,0.30061904,-0.12368008,0.12066247,0.6836242,-0.5944619,0.3238662,-0.27273402
1783532867.7797,24,left_handPinkyEnd_joint,0.30217764,-0.14215964,0.12287654,0.6836242,-0.5944619,0.3238662,-0.27273402
1783532867.7797,24,left_handRingStart_joint,0.27977863,0.0009527755,0.11616821,0.6752703,-0.5950093,0.3654838,-0.23747763
1783532867.7797,24,left_handRing_1_joint,0.28150892,-0.06730421,0.13090672,0.6752703,-0.5950093,0.3654838,-0.23747763
1783532867.7797,24,left_handRing_2_joint,0.28273028,-0.11548561,0.14131038,0.6752703,-0.5950093,0.3654838,-0.23747763
1783532867.7797,24,left_handRing_3_joint,0.28349364,-0.14559898,0.14781266,0.6752703,-0.5950093,0.3654838,-0.23747763
1783532867.7797,24,left_handRingEnd_joint,0.28400254,-0.16567457,0.15214753,0.6752703,-0.5950093,0.3654838,-0.23747763
1783532867.7797,24,left_handThumbStart_joint,0.25224754,0.008237395,0.12418446,0.26632372,-0.16209169,0.89797276,-0.3105528
1783532867.7797,24,left_handThumb_1_joint,0.21652736,-0.026349163,0.14446007,0.26632372,-0.16209169,0.89797276,-0.3105528
1783532867.7797,24,left_handThumb_2_joint,0.19099413,-0.051069334,0.15895376,0.26632372,-0.16209167,0.89797276,-0.3105528
1783532867.7797,24,left_handThumbEnd_joint,0.17397197,-0.06754946,0.16861622,0.26632375,-0.16209166,0.89797276,-0.3105528
1783532867.7797,24,neck_1_joint,-0.018996622,0.58342206,0.060251106,0.587475,0.37854147,0.61466163,0.36574692
1783532867.7797,24,neck_2_joint,-0.020262778,0.6102537,0.073609985,0.5769436,0.39221263,0.6091123,0.37721053
1783532867.7797,24,neck_3_joint,-0.022250663,0.6467376,0.089888126,0.5576494,0.416374,0.598016,0.39753836
1783532867.7797,24,neck_4_joint,-0.024729902,0.6843316,0.1033248,0.5388756,0.4385033,0.586265,0.41667885
1783532867.7797,24,head_joint,-0.028042566,0.7287391,0.1161936,0.47884417,0.5020492,0.5363119,0.48064995
1783532867.7797,24,jaw_joint,-0.026232123,0.7036608,0.12041272,0.47884417,0.5020492,0.5363119,0.48064995
1783532867.7797,24,chin_joint,-0.025738725,0.6504582,0.218745,0.47884417,0.5020492,0.5363119,0.48064995
1783532867.7797,24,left_eye_joint,-0.0014744472,0.7608243,0.20491296,0.4832044,0.49785396,0.5404834,0.4759543
1783532867.7797,24,left_eyeLowerLid_joint,-0.0014744472,0.7608243,0.20491296,0.4832044,0.49785396,0.5404834,0.4759543
1783532867.7797,24,left_eyeUpperLid_joint,-0.0014744472,0.7608243,0.20491296,0.4832044,0.49785396,0.5404834,0.4759543
1783532867.7797,24,left_eyeball_joint,-0.0014744472,0.7608243,0.20491296,0.4832044,0.49785396,0.5404834,0.4759543
1783532867.7797,24,nose_joint,-0.03186506,0.7250162,0.2260641,0.48320708,0.49785137,0.5404859,0.4759515
1783532867.7797,24,right_eye_joint,-0.065866366,0.75577,0.20250146,0.4832044,0.49785396,0.5404834,0.4759543
1783532867.7797,24,right_eyeLowerLid_joint,-0.065866366,0.75577,0.20250146,0.4832044,0.49785396,0.5404834,0.4759543
1783532867.7797,24,right_eyeUpperLid_joint,-0.065866366,0.75577,0.20250146,0.4832044,0.49785396,0.5404834,0.4759543
1783532867.7797,24,right_eyeball_joint,-0.065866366,0.75577,0.20250146,0.4832044,0.49785396,0.5404834,0.4759543
1783532867.7797,24,right_shoulder_1_joint,-0.10751234,0.55897737,0.05462734,0.7853939,0.13333662,0.06524183,0.60093415
1783532867.7797,24,right_arm_joint,-0.24616916,0.51722413,0.06300713,0.6917271,0.5189916,0.3434568,0.3663318
1783532867.7797,24,right_forearm_joint,-0.3061145,0.2593137,0.03776226,0.52935773,0.7020971,0.25262395,0.40375927
1783532867.7797,24,right_hand_joint,-0.27569485,0.005459862,0.118019365,0.17977552,0.40868697,0.62428707,0.6410318
1783532867.7797,24,right_handIndexStart_joint,-0.26142952,-0.01327033,0.13449967,0.13676992,0.45144725,0.6355766,0.61117285
1783532867.7797,24,right_handIndex_1_joint,-0.24412061,-0.085580364,0.16485435,0.13676992,0.45144725,0.6355766,0.61117285
1783532867.7797,24,right_handIndex_2_joint,-0.23405685,-0.12762128,0.18250202,0.13676992,0.45144725,0.6355766,0.61117285
1783532867.7797,24,right_handIndex_3_joint,-0.2284217,-0.15116446,0.1923854,0.13676992,0.45144725,0.6355766,0.61117285
1783532867.7797,24,right_handIndexEnd_joint,-0.22439657,-0.16798073,0.19944492,0.13676992,0.45144725,0.6355766,0.61117285
1783532867.7797,24,right_handMidStart_joint,-0.2706602,-0.01863552,0.12747239,0.1791655,0.40922442,0.6246977,0.6404595
1783532867.7797,24,right_handMid_1_joint,-0.26188624,-0.090608984,0.1503024,0.1791655,0.40922442,0.6246977,0.6404595
1783532867.7797,24,right_handMid_2_joint,-0.2557211,-0.14118427,0.16634536,0.1791655,0.40922442,0.6246977,0.6404595
1783532867.7797,24,right_handMid_3_joint,-0.25216407,-0.1703625,0.1756008,0.1791655,0.40922442,0.6246977,0.6404595
1783532867.7797,24,right_handMidEnd_joint,-0.24979298,-0.1898143,0.1817712,0.1791655,0.40922442,0.6246977,0.6404595
1783532867.7797,24,right_handPinkyStart_joint,-0.28939447,-0.02622529,0.10848744,0.2552015,0.33133188,0.6259027,0.6582838
1783532867.7797,24,right_handPinky_1_joint,-0.28919956,-0.08929134,0.11590165,0.2552015,0.33133188,0.6259027,0.6582838
1783532867.7797,24,right_handPinky_2_joint,-0.2890795,-0.12824465,0.12048158,0.2552015,0.33133188,0.6259027,0.6582838
1783532867.7797,24,right_handPinky_3_joint,-0.28901613,-0.14864843,0.1228799,0.2552015,0.33133188,0.6259027,0.6582838
1783532867.7797,24,right_handPinkyEnd_joint,-0.28895888,-0.16719718,0.12506045,0.2552015,0.33133188,0.6259027,0.6582838
1783532867.7797,24,right_handRingStart_joint,-0.2792334,-0.022653202,0.11872816,0.21812908,0.37139425,0.6259072,0.6501743
1783532867.7797,24,right_handRing_1_joint,-0.2750853,-0.090822466,0.13338906,0.21812908,0.37139425,0.6259072,0.6501743
1783532867.7797,24,right_handRing_2_joint,-0.27215713,-0.13894153,0.14373764,0.21812908,0.37139425,0.6259072,0.6501743
1783532867.7797,24,right_handRing_3_joint,-0.2703273,-0.16901636,0.150206,0.21812908,0.37139425,0.6259072,0.6501743
1783532867.7797,24,right_handRingEnd_joint,-0.26910678,-0.18906671,0.15451758,0.21812908,0.37139425,0.6259072,0.6501743
1783532867.7797,24,right_handThumbStart_joint,-0.25254717,-0.012976579,0.12706442,0.269745,0.90920323,0.17608856,0.2637807
1783532867.7797,24,right_handThumb_1_joint,-0.21413861,-0.044305667,0.14771767,0.269745,0.90920323,0.17608854,0.2637807
1783532867.7797,24,right_handThumb_2_joint,-0.18668434,-0.066697136,0.16248164,0.26974502,0.90920323,0.17608853,0.2637807
1783532867.7797,24,right_handThumbEnd_joint,-0.16838141,-0.081624985,0.1723235,0.26974502,0.90920323,0.1760885,0.2637807
1783532867.7797,24,camera,-0.11730936,0.007753,0.13967206,-0.07164501,-0.105499044,-0.71120715,0.6913185
1783532867.8116,25,root,-0.00024962748,0.018502194,-0.0033985558,0.0038094793,-0.0065821535,0.00073040026,0.99997085
1783532867.8116,25,hips_joint,-0.00024962748,0.018502194,-0.0033985558,0.0038094793,-0.0065821535,0.00073040026,0.99997085
1783532867.8116,25,left_upLeg_joint,0.10030668,-0.006341002,-0.001306282,0.5997858,-0.40282512,0.5415163,-0.42982444
1783532867.8116,25,left_leg_joint,0.13777791,-0.40585268,0.12641338,-0.34956422,0.62891346,-0.32793874,0.61215127
1783532867.8116,25,left_foot_joint,0.13496469,-0.7905333,-0.12085654,0.66302115,-0.27951562,0.63566244,-0.27965614
1783532867.8116,25,left_toes_joint,0.14027151,-0.8987577,-0.018534468,0.70398146,-0.14878324,0.67714494,-0.15410616
1783532867.8116,25,left_toesEnd_joint,0.14261803,-0.92412496,0.036516964,0.7039815,-0.14878303,0.6771449,-0.15410636
1783532867.8116,25,right_upLeg_joint,-0.10075569,-0.0066198944,-0.0039538722,0.4228639,0.5288184,0.50330967,0.53685784
1783532867.8116,25,right_leg_joint,-0.072989084,-0.42251173,0.0558993,0.5747942,0.3656075,0.64142746,0.35286444
1783532867.8116,25,right_foot_joint,-0.031740874,-0.8217276,-0.1633141,0.2270186,0.64227635,0.2873314,0.673338
1783532867.8116,25,right_toes_joint,-0.033207845,-0.92285454,-0.053853415,0.10116983,0.6736624,0.15450135,0.71559256
1783532867.8116,25,right_toesEnd_joint,-0.03591427,-0.9445361,0.0027345656,0.10117032,0.6736626,0.1545009,0.7155925
1783532867.8116,25,spine_1_joint,-0.00024964724,0.018502194,-0.003398556,0.4773244,0.51667696,0.49353918,0.5114937
1783532867.8116,25,spine_2_joint,-0.0014623872,0.0759474,-0.0067019486,0.46724248,0.5274302,0.48728168,0.51580894
1783532867.8116,25,spine_3_joint,-0.003261012,0.13324495,-0.011809713,0.47308943,0.5203252,0.49730337,0.50807256
1783532867.8116,25,spine_4_joint,-0.0051761423,0.18617463,-0.014896835,0.49479705,0.49748522,0.51995474,0.48716688
1783532867.8116,25,spine_5_joint,-0.0076888693,0.2565678,-0.013018043,0.53511107,0.45186734,0.55823576,0.44479746
1783532867.8116,25,spine_6_joint,-0.0106603755,0.34844238,0.005863584,0.5489469,0.4323834,0.57516676,0.42530572
1783532867.8116,25,spine_7_joint,-0.014473041,0.4514778,0.034802254,0.5421472,0.4416999,0.56888944,0.43283066
1783532867.8116,25,left_shoulder_1_joint,0.07069937,0.5646818,0.05795638,-0.60673076,0.023649778,-0.105773576,0.7874836
1783532867.8116,25,left_arm_joint,0.21234123,0.5363554,0.07117107,-0.3521358,0.34405965,-0.49586907,0.71535814
1783532867.8116,25,left_forearm_joint,0.28454956,0.2832003,0.0331283,-0.41035536,0.22971345,-0.68422633,0.55738187
1783532867.8116,25,left_hand_joint,0.2733302,0.028285809,0.114986725,0.6631655,-0.5952357,0.40820137,-0.19818564
1783532867.8116,25,left_handIndexStart_joint,0.25924155,0.008546627,0.13243313,0.63506263,-0.6072135,0.4500502,-0.15950562
1783532867.8116,25,left_handIndex_1_joint,0.24779674,-0.06492212,0.16278347,0.63506263,-0.6072135,0.4500502,-0.15950562
1783532867.8116,25,left_handIndex_2_joint,0.24114278,-0.107636504,0.18042901,0.63506263,-0.6072135,0.4500502,-0.15950562
1783532867.8116,25,left_handIndex_3_joint,0.23741657,-0.13155657,0.19031051,0.63506263,-0.6072135,0.4500502,-0.15950562
1783532867.8116,25,left_handIndexEnd_joint,0.23475498,-0.14864233,0.19736873,0.63506263,-0.6072135,0.4500502,-0.15950562
1783532867.8116,25,left_handMidStart_joint,0.26899305,0.003979502,0.12554654,0.66419107,-0.59485716,0.40622753,-0.19993602
1783532867.8116,25,left_handMid_1_joint,0.26612335,-0.06843505,0.14848468,0.66419107,-0.59485716,0.40622753,-0.19993602
1783532867.8116,25,left_handMid_2_joint,0.2641068,-0.11932095,0.16460338,0.66419107,-0.59485716,0.40622753,-0.19993602
1783532867.8116,25,left_handMid_3_joint,0.26294342,-0.1486782,0.17390262,0.66419107,-0.59485716,0.40622753,-0.19993602
1783532867.8116,25,left_handMidEnd_joint,0.2621678,-0.1682497,0.18010211,0.66419107,-0.59485716,0.40622753,-0.19993602
1783532867.8116,25,left_handPinkyStart_joint,0.28856394,-0.0020103382,0.10683548,0.68266946,-0.5948866,0.325262,-0.27253777
1783532867.8116,25,left_handPinky_1_joint,0.293684,-0.06484584,0.11444515,0.68266946,-0.5948866,0.325262,-0.27253777
1783532867.8116,25,left_handPinky_2_joint,0.2968464,-0.103656,0.11914524,0.68266946,-0.5948866,0.325262,-0.27253777
1783532867.8116,25,left_handPinky_3_joint,0.29850286,-0.123985134,0.121607184,0.68266946,-0.5948866,0.325262,-0.27253777
1783532867.8116,25,left_handPinkyEnd_joint,0.30000877,-0.14246617,0.123845324,0.68266946,-0.5948866,0.325262,-0.27253777
1783532867.8116,25,left_handRingStart_joint,0.27799654,0.00069633004,0.11692919,0.67425203,-0.59543604,0.36682534,-0.23723254
1783532867.8116,25,left_handRing_1_joint,0.2795186,-0.06754815,0.1317483,0.67425203,-0.59543604,0.36682534,-0.23723254
1783532867.8116,25,left_handRing_2_joint,0.28059304,-0.11572073,0.14220887,0.67425203,-0.59543604,0.36682534,-0.23723254
1783532867.8116,25,left_handRing_3_joint,0.2812645,-0.14582859,0.14874671,0.67425203,-0.59543604,0.36682534,-0.23723254
1783532867.8116,25,left_handRingEnd_joint,0.2817122,-0.1659005,0.15310529,0.67425203,-0.59543604,0.36682534,-0.23723254
1783532867.8116,25,left_handThumbStart_joint,0.2504681,0.00806169,0.12488038,0.2653622,-0.16160984,0.8987421,-0.3093993
1783532867.8116,25,left_handThumb_1_joint,0.21461624,-0.026408734,0.14512129,0.2653622,-0.16160984,0.8987421,-0.3093993
1783532867.8116,25,left_handThumb_2_joint,0.18898888,-0.051045887,0.15959017,0.26536223,-0.16160983,0.8987421,-0.3093993
1783532867.8116,25,left_handThumbEnd_joint,0.17190397,-0.06747066,0.16923608,0.26536223,-0.16160978,0.8987421,-0.3093993
1783532867.8116,25,neck_1_joint,-0.019393457,0.5832388,0.05972056,0.58692205,0.37878636,0.61487406,0.3660232
1783532867.8116,25,neck_2_joint,-0.020686407,0.6100814,0.07305487,0.5763848,0.39244688,0.60931677,0.3774902
1783532867.8116,25,neck_3_joint,-0.02270892,0.64657825,0.08929936,0.55708086,0.41658875,0.598206,0.3978242
1783532867.8116,25,neck_4_joint,-0.025220642,0.68418264,0.102700956,0.5382987,0.43869883,0.58644134,0.4169702
1783532867.8116,25,head_joint,-0.028568806,0.7285996,0.11552795,0.47824684,0.50217664,0.5364486,0.4809587
1783532867.8116,25,jaw_joint,-0.026749333,0.7035259,0.11977061,0.47824684,0.50217664,0.5364486,0.4809587
1783532867.8116,25,chin_joint,-0.026322521,0.6504091,0.21814954,0.47824684,0.50217664,0.5364486,0.4809587
1783532867.8116,25,left_eye_joint,-0.0021025348,0.7607758,0.20424479,0.48260826,0.4979866,0.5406228,0.47626182
1783532867.8116,25,left_eyeLowerLid_joint,-0.0021025348,0.7607758,0.20424479,0.48260826,0.4979866,0.5406228,0.47626182
1783532867.8116,25,left_eyeUpperLid_joint,-0.0021025348,0.7607758,0.20424479,0.48260826,0.4979866,0.5406228,0.47626182
1783532867.8116,25,left_eyeball_joint,-0.0021025348,0.7607758,0.20424479,0.48260826,0.4979866,0.5406228,0.47626182
1783532867.8116,25,nose_joint,-0.03249474,0.7249702,0.22539793,0.48261088,0.49798408,0.5406253,0.47625896
1783532867.8116,25,right_eye_joint,-0.06648946,0.75568587,0.20177595,0.48260826,0.4979866,0.5406228,0.47626182
1783532867.8116,25,right_eyeLowerLid_joint,-0.06648946,0.75568587,0.20177595,0.48260826,0.4979866,0.5406228,0.47626182
1783532867.8116,25,right_eyeUpperLid_joint,-0.06648946,0.75568587,0.20177595,0.48260826,0.4979866,0.5406228,0.47626182
1783532867.8116,25,right_eyeball_joint,-0.06648946,0.75568587,0.20177595,0.48260826,0.4979866,0.5406228,0.47626182
1783532867.8116,25,right_shoulder_1_joint,-0.10789017,0.5587403,0.05403222,0.78513277,0.1334784,0.065750696,0.6011879
1783532867.8116,25,right_arm_joint,-0.24651667,0.5168714,0.062335584,0.6910549,0.5198194,0.34380874,0.3660961
1783532867.8116,25,right_forearm_joint,-0.30587584,0.25881678,0.03718033,0.5281815,0.7031,0.25327477,0.4031459
1783532867.8116,25,right_hand_joint,-0.27452448,0.005064087,0.11739834,0.17920524,0.40909618,0.6254104,0.6398341
1783532867.8116,25,right_handIndexStart_joint,-0.2601864,-0.0136171,0.1338711,0.1361244,0.4517736,0.6366575,0.6099492
1783532867.8116,25,right_handIndex_1_joint,-0.24260925,-0.08586843,0.16421129,0.1361244,0.4517736,0.6366575,0.6099492
1783532867.8116,25,right_handIndex_2_joint,-0.23238952,-0.12787522,0.18185052,0.1361244,0.4517736,0.6366575,0.6099492
1783532867.8116,25,right_handIndex_3_joint,-0.22666702,-0.15139928,0.1917292,0.1361244,0.4517736,0.6366575,0.6099492
1783532867.8116,25,right_handIndexEnd_joint,-0.2225795,-0.1682019,0.19878536,0.1361244,0.4517736,0.6366575,0.6099492
1783532867.8116,25,right_handMidStart_joint,-0.26940072,-0.01901427,0.1268468,0.17859429,0.4096324,0.62582016,0.6392609
1783532867.8116,25,right_handMid_1_joint,-0.26036254,-0.090958536,0.14966568,0.17859429,0.4096324,0.62582016,0.6392609
1783532867.8116,25,right_handMid_2_joint,-0.25401175,-0.1415133,0.16570081,0.17859429,0.4096324,0.62582016,0.6392609
1783532867.8116,25,right_handMid_3_joint,-0.25034758,-0.1706797,0.17495172,0.17859429,0.4096324,0.62582016,0.6392609
1783532867.8116,25,right_handMidEnd_joint,-0.24790512,-0.19012359,0.18111911,0.17859429,0.4096324,0.62582016,0.6392609
1783532867.8116,25,right_handPinkyStart_joint,-0.2881153,-0.026668463,0.10786831,0.25476953,0.33187824,0.6270379,0.6570942
1783532867.8116,25,right_handPinky_1_joint,-0.2876937,-0.08973419,0.11527566,0.25476953,0.33187824,0.6270379,0.6570942
1783532867.8116,25,right_handPinky_2_joint,-0.28743362,-0.1286873,0.11985136,0.25476953,0.33187824,0.6270379,0.6570942
1783532867.8116,25,right_handPinky_3_joint,-0.28729695,-0.14909098,0.122247465,0.25476953,0.33187824,0.6270379,0.6570942
1783532867.8116,25,right_handPinkyEnd_joint,-0.287173,-0.16763961,0.12442601,0.25476953,0.33187824,0.6270379,0.6570942
1783532867.8116,25,right_handRingStart_joint,-0.27796298,-0.023061424,0.11810548,0.21762565,0.3718732,0.6270373,0.6489789
1783532867.8116,25,right_handRing_1_joint,-0.27356732,-0.09121708,0.13275743,0.21762565,0.3718732,0.6270373,0.6489789
1783532867.8116,25,right_handRing_2_joint,-0.2704644,-0.13932653,0.14309971,0.21762565,0.3718732,0.6270373,0.6489789
1783532867.8116,25,right_handRing_3_joint,-0.26852533,-0.16939534,0.14956412,0.21762565,0.3718732,0.6270373,0.6489789
1783532867.8116,25,right_handRingEnd_joint,-0.267232,-0.1894417,0.15387307,0.21762565,0.3718732,0.6270373,0.6489789
1783532867.8116,25,right_handThumbStart_joint,-0.25130802,-0.013291042,0.12643245,0.26817936,0.9097221,0.1765526,0.26327714
1783532867.8116,25,right_handThumb_1_joint,-0.21278057,-0.0444858,0.14706741,0.26817936,0.9097221,0.17655258,0.26327714
1783532867.8116,25,right_handThumb_2_joint,-0.1852413,-0.06678125,0.16181833,0.26817936,0.9097221,0.17655256,0.2632771
1783532867.8116,25,right_handThumbEnd_joint,-0.1668817,-0.08164509,0.17165147,0.2681794,0.9097221,0.17655255,0.2632771
1783532867.8116,25,camera,-0.116951436,0.00714128,0.13886656,-0.071938284,-0.10595641,-0.7111612,0.69126534
1783532867.8448,26,root,-0.00030618653,0.01864994,-0.0031412854,0.0042104456,-0.0058265175,0.00031188945,0.9999741
1783532867.8448,26,hips_joint,-0.00030618653,0.01864994,-0.0031412854,0.0042104456,-0.0058265175,0.00031188945,0.9999741
1783532867.8448,26,left_upLeg_joint,0.10023261,-0.0062779235,-0.0012214107,0.59980685,-0.4045519,0.5404749,-0.42948392
1783532867.8448,26,left_leg_joint,0.1374787,-0.40613705,0.12547268,-0.3505881,0.62986016,-0.32907578,0.60997814
1783532867.8448,26,left_foot_joint,0.1328923,-0.7916926,-0.12040364,0.66441107,-0.27962953,0.63521725,-0.27724412
1783532867.8448,26,left_toes_joint,0.13834876,-0.8995616,-0.017714834,0.7053678,-0.14863163,0.67625064,-0.15182224
1783532867.8448,26,left_toesEnd_joint,0.14084756,-0.92473686,0.037417978,0.70536786,-0.14863141,0.6762506,-0.15182245
1783532867.8448,26,right_upLeg_joint,-0.10083371,-0.0063887285,-0.0035645366,0.42286316,0.5290563,0.50302744,0.53688854
1783532867.8448,26,right_leg_joint,-0.07309441,-0.42225033,0.056510676,0.5749401,0.36505893,0.6424073,0.35140932
1783532867.8448,26,right_foot_joint,-0.031062288,-0.8206878,-0.16396648,0.22747174,0.64193445,0.28900006,0.6727967
1783532867.8448,26,right_toes_joint,-0.032373484,-0.9221666,-0.05482992,0.10167955,0.6734127,0.15624236,0.71537733
1783532867.8448,26,right_toesEnd_joint,-0.035055097,-0.9440338,0.0016877556,0.10168004,0.6734127,0.1562419,0.7153773
1783532867.8448,26,spine_1_joint,-0.0003062063,0.01864994,-0.0031412856,0.47787046,0.5166496,0.4935838,0.5109676
1783532867.8448,26,spine_2_joint,-0.0015207821,0.07609887,-0.0063782986,0.46756044,0.5273738,0.48762816,0.5152503
1783532867.8448,26,spine_3_joint,-0.0033514504,0.13340192,-0.011412318,0.47317642,0.52023387,0.49783063,0.5075683
1783532867.8448,26,spine_4_joint,-0.005312181,0.18633361,-0.014435613,0.4946365,0.4973814,0.52057755,0.48677048
1783532867.8448,26,spine_5_joint,-0.007901578,0.25672218,-0.0124902595,0.5347234,0.45177543,0.55886537,0.44456622
1783532867.8448,26,spine_6_joint,-0.0109898895,0.34858266,0.006441141,0.5483658,0.43231282,0.57571864,0.42538056
1783532867.8448,26,spine_7_joint,-0.014926333,0.45161545,0.03537253,0.5414538,0.4415909,0.56925315,0.4333312
1783532867.8448,26,left_shoulder_1_joint,0.07017907,0.56485605,0.05859409,-0.6074153,0.022251396,-0.10723259,0.78679895
1783532867.8448,26,left_arm_joint,0.21174939,0.53645927,0.072410755,-0.3515014,0.34220773,-0.4986678,0.7146126
1783532867.8448,26,left_forearm_joint,0.28315312,0.28289935,0.035564434,-0.40822664,0.22884162,-0.68719417,0.5556498
1783532867.8448,26,left_hand_joint,0.2699666,0.02818899,0.117764436,0.66042304,-0.59632564,0.4110963,-0.19808345
1783532867.8448,26,left_handIndexStart_joint,0.25566474,0.008562111,0.13516401,0.63213813,-0.60829306,0.45276183,-0.1593351
1783532867.8448,26,left_handIndex_1_joint,0.24361594,-0.064788096,0.16556728,0.63213813,-0.60829306,0.45276183,-0.1593351
1783532867.8448,26,left_handIndex_2_joint,0.23661083,-0.107433565,0.18324359,0.63213813,-0.60829306,0.45276183,-0.1593351
1783532867.8448,26,left_handIndex_3_joint,0.23268797,-0.13131502,0.19314234,0.63213813,-0.60829306,0.45276183,-0.1593351
1783532867.8448,26,left_handIndexEnd_joint,0.22988592,-0.14837322,0.20021285,0.63213813,-0.60829306,0.45276183,-0.1593351
1783532867.8448,26,left_handMidStart_joint,0.2654268,0.003926015,0.12833871,0.6614566,-0.5959468,0.40913022,-0.19983783
1783532867.8448,26,left_handMid_1_joint,0.26200002,-0.06843294,0.15137564,0.6614566,-0.5959468,0.40913022,-0.19983783
1783532867.8448,26,left_handMid_2_joint,0.25959203,-0.11927977,0.16756377,0.6614566,-0.5959468,0.40913022,-0.19983783
1783532867.8448,26,left_handMid_3_joint,0.25820276,-0.14861448,0.17690305,0.6614566,-0.5959468,0.40913022,-0.19983783
1783532867.8448,26,left_handMidEnd_joint,0.25727662,-0.16817094,0.18312925,0.6614566,-0.5959468,0.40913022,-0.19983783
1783532867.8448,26,left_handPinkyStart_joint,0.28506473,-0.0022102403,0.10974569,0.6802166,-0.5958957,0.32843214,-0.27266473
1783532867.8448,26,left_handPinky_1_joint,0.289769,-0.06506263,0.11748336,0.6802166,-0.5958957,0.32843214,-0.27266473
1783532867.8448,26,left_handPinky_2_joint,0.29267457,-0.103883214,0.122262515,0.6802166,-0.5958957,0.32843214,-0.27266473
1783532867.8448,26,left_handPinky_3_joint,0.29419655,-0.124217816,0.12476588,0.6802166,-0.5958957,0.32843214,-0.27266473
1783532867.8448,26,left_handPinkyEnd_joint,0.29558015,-0.1427038,0.12704167,0.6802166,-0.5958957,0.32843214,-0.27266473
1783532867.8448,26,left_handRingStart_joint,0.27445805,0.00057548285,0.1197765,0.67165446,-0.5964843,0.36986747,-0.23724467
1783532867.8448,26,left_handRing_1_joint,0.27549252,-0.06765272,0.13471222,0.67165446,-0.5964843,0.36986747,-0.23724467
1783532867.8448,26,left_handRing_2_joint,0.2762227,-0.11581381,0.14525507,0.67165446,-0.5964843,0.36986747,-0.23724467
1783532867.8448,26,left_handRing_3_joint,0.2766791,-0.14591448,0.15184435,0.67165446,-0.5964843,0.36986747,-0.23724467
1783532867.8448,26,left_handRingEnd_joint,0.27698332,-0.16598159,0.1562372,0.67165446,-0.5964843,0.36986747,-0.23724467
1783532867.8448,26,left_handThumbStart_joint,0.2469304,0.008117022,0.12756364,0.26264536,-0.1608208,0.90051633,-0.3069603
1783532867.8448,26,left_handThumb_1_joint,0.210763,-0.02610709,0.1476607,0.26264536,-0.1608208,0.90051633,-0.3069603
1783532867.8448,26,left_handThumb_2_joint,0.18491012,-0.050568175,0.16202676,0.26264536,-0.16082077,0.90051633,-0.3069603
1783532867.8448,26,left_handThumbEnd_joint,0.16767487,-0.06687557,0.17160413,0.26264536,-0.16082074,0.90051633,-0.3069603
1783532867.8448,26,neck_1_joint,-0.019921089,0.58339256,0.060190365,0.58622,0.3787563,0.6152902,0.36647975
1783532867.8448,26,neck_2_joint,-0.02124339,0.61024415,0.073503695,0.57568187,0.39240372,0.6097205,0.37795553
1783532867.8448,26,neck_3_joint,-0.023302574,0.6467518,0.089719206,0.5563776,0.41652194,0.59858716,0.3983049
1783532867.8448,26,neck_4_joint,-0.025846342,0.6843649,0.10309022,0.53759617,0.43860918,0.586801,0.4174647
1783532867.8448,26,head_joint,-0.029227193,0.72879,0.11588043,0.47755727,0.50200725,0.5367421,0.4814928
1783532867.8448,26,jaw_joint,-0.027409028,0.7037197,0.120143704,0.47755727,0.50200725,0.5367421,0.4814928
1783532867.8448,26,chin_joint,-0.027138732,0.6506716,0.21856028,0.47755727,0.50200725,0.5367421,0.4814928
1783532867.8448,26,left_eye_joint,-0.0029212523,0.7610344,0.2046202,0.48191732,0.4978233,0.5409209,0.47679344
1783532867.8448,26,left_eyeLowerLid_joint,-0.0029212523,0.7610344,0.2046202,0.48191732,0.4978233,0.5409209,0.47679344
1783532867.8448,26,left_eyeUpperLid_joint,-0.0029212523,0.7610344,0.2046202,0.48191732,0.4978233,0.5409209,0.47679344
1783532867.8448,26,left_eyeball_joint,-0.0029212523,0.7610344,0.2046202,0.48191732,0.4978233,0.5409209,0.47679344
1783532867.8448,26,nose_joint,-0.033341236,0.72523624,0.22574599,0.4819199,0.49782073,0.5409234,0.47679058
1783532867.8448,26,right_eye_joint,-0.067302614,0.75592726,0.20204416,0.48191732,0.4978233,0.5409209,0.47679344
1783532867.8448,26,right_eyeLowerLid_joint,-0.067302614,0.75592726,0.20204416,0.48191732,0.4978233,0.5409209,0.47679344
1783532867.8448,26,right_eyeUpperLid_joint,-0.067302614,0.75592726,0.20204416,0.48191732,0.4978233,0.5409209,0.47679344
1783532867.8448,26,right_eyeball_joint,-0.067302614,0.75592726,0.20204416,0.48191732,0.4978233,0.5409209,0.47679344
1783532867.8448,26,right_shoulder_1_joint,-0.10840204,0.55886894,0.054366946,0.7848383,0.1334567,0.06598968,0.60155076
1783532867.8448,26,right_arm_joint,-0.2470211,0.5169677,0.06263178,0.69022113,0.52109534,0.3439499,0.3657222
1783532867.8448,26,right_forearm_joint,-0.30562204,0.25871605,0.037722033,0.5263022,0.70496225,0.25390485,0.40195298
1783532867.8448,26,right_hand_joint,-0.27269417,0.005172386,0.11796904,0.17842233,0.4102041,0.6270342,0.6377506
1783532867.8448,26,right_handIndexStart_joint,-0.25822374,-0.013421236,0.13442513,0.13523304,0.45273653,0.6382227,0.6077936
1783532867.8448,26,right_handIndex_1_joint,-0.24018618,-0.085561186,0.16476005,0.13523304,0.45273653,0.6382227,0.6077936
1783532867.8448,26,right_handIndex_2_joint,-0.22969876,-0.12750322,0.18239623,0.13523304,0.45273653,0.6382227,0.6077936
1783532867.8448,26,right_handIndex_3_joint,-0.22382636,-0.15099102,0.1922732,0.13523304,0.45273653,0.6382227,0.6077936
1783532867.8448,26,right_handIndexEnd_joint,-0.21963178,-0.16776775,0.19932811,0.13523304,0.45273653,0.6382227,0.6077936
1783532867.8448,26,right_handMidStart_joint,-0.26741797,-0.018873258,0.12741691,0.17781028,0.41073823,0.62744266,0.6371758
1783532867.8448,26,right_handMid_1_joint,-0.25793272,-0.09075738,0.15024377,0.17781028,0.41073823,0.62744266,0.6371758
1783532867.8448,26,right_handMid_2_joint,-0.25126776,-0.14126989,0.16628453,0.17781028,0.41073823,0.62744266,0.6371758
1783532867.8448,26,right_handMid_3_joint,-0.24742235,-0.17041191,0.17553869,0.17781028,0.41073823,0.62744266,0.6371758
1783532867.8448,26,right_handMidEnd_joint,-0.24485904,-0.18983956,0.18170826,0.17781028,0.41073823,0.62744266,0.6371758
1783532867.8448,26,right_handPinkyStart_joint,-0.28611803,-0.026640411,0.10847003,0.2542058,0.33321652,0.6286642,0.6550781
1783532867.8448,26,right_handPinky_1_joint,-0.2853241,-0.08970033,0.11589613,0.2542058,0.33321652,0.6286642,0.6550781
1783532867.8448,26,right_handPinky_2_joint,-0.284834,-0.12864985,0.120483406,0.2542058,0.33321652,0.6286642,0.6550781
1783532867.8448,26,right_handPinky_3_joint,-0.28457683,-0.14905164,0.12288558,0.2542058,0.33321652,0.6286642,0.6550781
1783532867.8448,26,right_handPinkyEnd_joint,-0.2843434,-0.16759859,0.12506963,0.2542058,0.33321652,0.6286642,0.6550781
1783532867.8448,26,right_handRingStart_joint,-0.27597058,-0.022972103,0.118690215,0.21694893,0.3730987,0.6286632,0.64692575
1783532867.8448,26,right_handRing_1_joint,-0.27116218,-0.091096826,0.13335626,0.21694893,0.3730987,0.6286632,0.64692575
1783532867.8448,26,right_handRing_2_joint,-0.2677679,-0.13918446,0.14370848,0.21694893,0.3730987,0.6286632,0.64692575
1783532867.8448,26,right_handRing_3_joint,-0.26564676,-0.16923963,0.15017912,0.21694893,0.3730987,0.6286632,0.64692575
1783532867.8448,26,right_handRingEnd_joint,-0.264232,-0.18927689,0.1544922,0.21694893,0.3730987,0.6286632,0.64692575
1783532867.8448,26,right_handThumbStart_joint,-0.24935901,-0.013046746,0.12697253,0.26567224,0.9107183,0.17695357,0.26210248
1783532867.8448,26,right_handThumb_1_joint,-0.21062157,-0.044014014,0.14755687,0.26567224,0.9107183,0.17695355,0.26210248
1783532867.8448,26,right_handThumb_2_joint,-0.1829322,-0.06614685,0.16227159,0.26567224,0.9107183,0.17695354,0.26210248
1783532867.8448,26,right_handThumbEnd_joint,-0.16447254,-0.08090228,0.17208062,0.26567224,0.9107183,0.17695351,0.26210248
1783532867.8448,26,camera,-0.116598405,0.0071156914,0.13861072,-0.072066784,-0.10660338,-0.7112589,0.69105196
1783532867.8790,27,root,-0.00028198448,0.018536512,-0.003294148,0.004459934,-0.0052289916,-0.00046991903,0.9999763
1783532867.8790,27,hips_joint,-0.00028198448,0.018536512,-0.003294148,0.004459934,-0.0052289916,-0.00046991903,0.9999763
1783532867.8790,27,left_upLeg_joint,0.10022014,-0.006548667,-0.0015077727,0.59968066,-0.40626314,0.54022545,-0.42835703
1783532867.8790,27,left_leg_joint,0.13652472,-0.40662608,0.124769524,-0.353012,0.62984526,-0.33273503,0.606601
1783532867.8790,27,left_foot_joint,0.12974036,-0.7945871,-0.11724211,0.66631,-0.27812305,0.63601536,-0.272329
1783532867.8790,27,left_toes_joint,0.13514489,-0.9014493,-0.013503332,0.7069468,-0.14679252,0.67610264,-0.14684494
1783532867.8790,27,left_toesEnd_joint,0.13773389,-0.9260843,0.041868847,0.70694685,-0.14679232,0.6761026,-0.14684515
1783532867.8790,27,right_upLeg_joint,-0.10084878,-0.0063455557,-0.003609235,0.423439,0.5288312,0.50315297,0.53653884
1783532867.8790,27,right_leg_joint,-0.073203705,-0.42229202,0.05591979,0.57538,0.3642689,0.6431855,0.35008356
1783532867.8790,27,right_foot_joint,-0.03078351,-0.8199308,-0.16592102,0.22830528,0.64158386,0.29043037,0.6722329
1783532867.8790,27,right_toes_joint,-0.03198184,-0.9217832,-0.057131708,0.10256444,0.6732263,0.15775357,0.71509486
1783532867.8790,27,right_toesEnd_joint,-0.034636334,-0.9438461,-0.00068885327,0.10256493,0.6732264,0.15775312,0.7150948
1783532867.8790,27,spine_1_joint,-0.00028200427,0.018536512,-0.0032941485,0.47851735,0.51651824,0.49320096,0.51086485
1783532867.8790,27,spine_2_joint,-0.0014374666,0.07598832,-0.0065016625,0.4680229,0.5273081,0.48738053,0.51513225
1783532867.8790,27,spine_3_joint,-0.0032323722,0.1332946,-0.011512008,0.47344768,0.520217,0.49766985,0.5074906
1783532867.8790,27,spine_4_joint,-0.005174244,0.18622763,-0.01452386,0.49474388,0.4974066,0.52044946,0.48677275
1783532867.8790,27,spine_5_joint,-0.007748449,0.25661686,-0.012581443,0.5346758,0.4518376,0.5587479,0.44470876
1783532867.8790,27,spine_6_joint,-0.0108226845,0.34848487,0.006315952,0.54823524,0.43236968,0.57556444,0.42570028
1783532867.8790,27,spine_7_joint,-0.014731872,0.45153812,0.035178494,0.5413386,0.44150954,0.56897503,0.43392396
1783532867.8790,27,left_shoulder_1_joint,0.07046577,0.5647228,0.058334883,-0.6080627,0.022134485,-0.108117685,0.78618133
1783532867.8790,27,left_arm_joint,0.21198231,0.53615975,0.07235847,-0.351655,0.3413221,-0.5002748,0.71383744
1783532867.8790,27,left_forearm_joint,0.28285414,0.28233296,0.036330897,-0.40783614,0.22807825,-0.6888264,0.55422825
1783532867.8790,27,left_hand_joint,0.268651,0.027876148,0.11914489,0.65925556,-0.5966982,0.41285932,-0.19718334
1783532867.8790,27,left_handIndexStart_joint,0.25424805,0.008340863,0.13656421,0.6308589,-0.60860616,0.4544463,-0.1584139
1783532867.8790,27,left_handIndex_1_joint,0.24189265,-0.06489195,0.16712716,0.6308589,-0.60860616,0.4544463,-0.1584139
1783532867.8790,27,left_handIndex_2_joint,0.23470928,-0.10746916,0.18489634,0.6308589,-0.60860616,0.4544463,-0.1584139
1783532867.8790,27,left_handIndex_3_joint,0.23068659,-0.1313124,0.19484706,0.6308589,-0.60860616,0.4544463,-0.1584139
1783532867.8790,27,left_handIndexEnd_joint,0.22781324,-0.14834328,0.20195472,0.6308589,-0.60860616,0.4544463,-0.1584139
1783532867.8790,27,left_handMidStart_joint,0.2640087,0.0036551522,0.12977085,0.660294,-0.59632176,0.4108967,-0.19893926
1783532867.8790,27,left_handMid_1_joint,0.26029375,-0.06863364,0.15298288,0.660294,-0.59632176,0.4108967,-0.19893926
1783532867.8790,27,left_handMid_2_joint,0.25768328,-0.11943117,0.16929403,0.660294,-0.59632176,0.4108967,-0.19893926
1783532867.8790,27,left_handMid_3_joint,0.25617722,-0.14873743,0.17870432,0.660294,-0.59632176,0.4108967,-0.19893926
1783532867.8790,27,left_handMidEnd_joint,0.25517318,-0.16827495,0.18497783,0.660294,-0.59632176,0.4108967,-0.19893926
1783532867.8790,27,left_handPinkyStart_joint,0.28366444,-0.0025932216,0.11123403,0.6792294,-0.5963283,0.3303391,-0.2718764
1783532867.8790,27,left_handPinky_1_joint,0.2881437,-0.06544117,0.11913976,0.6792294,-0.5963283,0.3303391,-0.2718764
1783532867.8790,27,left_handPinky_2_joint,0.29091027,-0.104259014,0.12402272,0.6792294,-0.5963283,0.3303391,-0.2718764
1783532867.8790,27,left_handPinky_3_joint,0.29235944,-0.12459217,0.12658046,0.6792294,-0.5963283,0.3303391,-0.2718764
1783532867.8790,27,left_handPinkyEnd_joint,0.29367685,-0.14307685,0.12890567,0.6792294,-0.5963283,0.3303391,-0.2718764
1783532867.8790,27,left_handRingStart_joint,0.2730464,0.00025303123,0.12123581,0.6705788,-0.596887,0.37170732,-0.23639889
1783532867.8790,27,left_handRing_1_joint,0.2738231,-0.06794033,0.13634548,0.6705788,-0.596887,0.37170732,-0.23639889
1783532867.8790,27,left_handRing_2_joint,0.2743714,-0.11607681,0.14701113,0.6705788,-0.596887,0.37170732,-0.23639889
1783532867.8790,27,left_handRing_3_joint,0.27471405,-0.14616212,0.15367715,0.6705788,-0.596887,0.37170732,-0.23639889
1783532867.8790,27,left_handRingEnd_joint,0.2749425,-0.16621898,0.15812117,0.6705788,-0.596887,0.37170732,-0.23639889
1783532867.8790,27,left_handThumbStart_joint,0.24552798,0.007905573,0.12894692,0.2618341,-0.15980358,0.90149826,-0.30529854
1783532867.8790,27,left_handThumb_1_joint,0.20920555,-0.026147412,0.14905521,0.2618341,-0.15980358,0.90149826,-0.30529854
1783532867.8790,27,left_handThumb_2_joint,0.18324186,-0.050486177,0.16342928,0.2618341,-0.15980357,0.90149826,-0.30529854
1783532867.8790,27,left_handThumbEnd_joint,0.16593273,-0.06671202,0.17301199,0.2618341,-0.15980355,0.90149826,-0.30529854
1783532867.8790,27,neck_1_joint,-0.019618357,0.58334196,0.059876375,0.5860965,0.37868944,0.6150799,0.36709997
1783532867.8790,27,neck_2_joint,-0.020922095,0.6102066,0.07316513,0.57556057,0.39233667,0.6094966,0.37857133
1783532867.8790,27,neck_3_joint,-0.022955233,0.6467307,0.089347124,0.55626035,0.41645432,0.59833914,0.39891216
1783532867.8790,27,neck_4_joint,-0.025470745,0.68435806,0.10268341,0.5374829,0.43854073,0.58653045,0.41806304
1783532867.8790,27,head_joint,-0.028816959,0.7287976,0.11543245,0.47745463,0.50192994,0.5364015,0.48205525
1783532867.8790,27,jaw_joint,-0.02702321,0.7037295,0.11971893,0.47745463,0.50192994,0.5364015,0.48205525
1783532867.8790,27,chin_joint,-0.026842475,0.65076923,0.21818306,0.47745463,0.50192994,0.5364015,0.48205525
1783532867.8790,27,left_eye_joint,-0.0025195575,0.7610977,0.20415452,0.4818139,0.49774683,0.5405853,0.47735876
1783532867.8790,27,left_eyeLowerLid_joint,-0.0025195575,0.7610977,0.20415452,0.4818139,0.49774683,0.5405853,0.47735876
1783532867.8790,27,left_eyeUpperLid_joint,-0.0025195575,0.7610977,0.20415452,0.4818139,0.49774683,0.5405853,0.47735876
1783532867.8790,27,left_eyeball_joint,-0.0025195575,0.7610977,0.20415452,0.4818139,0.49774683,0.5405853,0.47735876
1783532867.8790,27,nose_joint,-0.032980785,0.7253459,0.22529945,0.48181656,0.4977443,0.5405878,0.4773559
1783532867.8790,27,right_eye_joint,-0.06690443,0.7560463,0.20155574,0.4818139,0.49774683,0.5405853,0.47735876
1783532867.8790,27,right_eyeLowerLid_joint,-0.06690443,0.7560463,0.20155574,0.4818139,0.49774683,0.5405853,0.47735876
1783532867.8790,27,right_eyeUpperLid_joint,-0.06690443,0.7560463,0.20155574,0.4818139,0.49774683,0.5405853,0.47735876
1783532867.8790,27,right_eyeball_joint,-0.06690443,0.7560463,0.20155574,0.4818139,0.49774683,0.5405853,0.47735876
1783532867.8790,27,right_shoulder_1_joint,-0.10811896,0.5588929,0.054037355,0.7846704,0.13306718,0.06569235,0.6018894
1783532867.8790,27,right_arm_joint,-0.24677952,0.5171322,0.06231819,0.689788,0.5218249,0.34387457,0.36557123
1783532867.8790,27,right_forearm_joint,-0.30500337,0.25877526,0.03761532,0.52496445,0.70626926,0.25388378,0.40142223
1783532867.8790,27,right_hand_joint,-0.27109253,0.0054460526,0.118131004,0.1776734,0.41126093,0.6278043,0.6365213
1783532867.8790,27,right_handIndexStart_joint,-0.25653803,-0.01307666,0.13459298,0.13443394,0.45370707,0.6389391,0.6064942
1783532867.8790,27,right_handIndex_1_joint,-0.23821227,-0.08511602,0.1649944,0.13443394,0.45370707,0.6389391,0.6064942
1783532867.8790,27,right_handIndex_2_joint,-0.22755732,-0.12699957,0.18266925,0.13443394,0.45370707,0.6389391,0.6064942
1783532867.8790,27,right_handIndex_3_joint,-0.22159109,-0.15045463,0.19256788,0.13443394,0.45370707,0.6389391,0.6064942
1783532867.8790,27,right_handIndexEnd_joint,-0.21732947,-0.16720794,0.19963826,0.13443394,0.45370707,0.6389391,0.6064942
1783532867.8790,27,right_handMidStart_joint,-0.26572102,-0.018569456,0.12760188,0.17706098,0.41179383,0.62821186,0.635945
1783532867.8790,27,right_handMid_1_joint,-0.25595698,-0.090392165,0.15050474,0.17706098,0.41179383,0.62821186,0.635945
1783532867.8790,27,right_handMid_2_joint,-0.24909613,-0.14086151,0.16659889,0.17706098,0.41179383,0.62821186,0.635945
1783532867.8790,27,right_handMid_3_joint,-0.2451377,-0.16997863,0.17588384,0.17706098,0.41179383,0.62821186,0.635945
1783532867.8790,27,right_handMidEnd_joint,-0.24249904,-0.18938968,0.18207394,0.17706098,0.41179383,0.62821186,0.635945
1783532867.8790,27,right_handPinkyStart_joint,-0.28441525,-0.02642525,0.108685814,0.25358254,0.3344174,0.6294679,0.65393573
1783532867.8790,27,right_handPinky_1_joint,-0.28339106,-0.08947301,0.116187185,0.25358254,0.3344174,0.6294679,0.65393573
1783532867.8790,27,right_handPinky_2_joint,-0.28275877,-0.12841503,0.12082097,0.25358254,0.3344174,0.6294679,0.65393573
1783532867.8790,27,right_handPinky_3_joint,-0.2824271,-0.14881288,0.12324749,0.25358254,0.3344174,0.6294679,0.65393573
1783532867.8790,27,right_handPinkyEnd_joint,-0.28212595,-0.16735624,0.1254537,0.25358254,0.3344174,0.6294679,0.65393573
1783532867.8790,27,right_handRingStart_joint,-0.2742691,-0.022708911,0.11888994,0.21626054,0.37422937,0.62944967,0.6457381
1783532867.8790,27,right_handRing_1_joint,-0.26920444,-0.09079856,0.1336328,0.21626054,0.37422937,0.62944967,0.6457381
1783532867.8790,27,right_handRing_2_joint,-0.26562926,-0.13886142,0.14403923,0.21626054,0.37422937,0.62944967,0.6457381
1783532867.8790,27,right_handRing_3_joint,-0.26339507,-0.16890112,0.15054375,0.21626054,0.37422937,0.62944967,0.6457381
1783532867.8790,27,right_handRingEnd_joint,-0.26190493,-0.18892805,0.15487942,0.21626054,0.37422937,0.62944967,0.6457381
1783532867.8790,27,right_handThumbStart_joint,-0.24768315,-0.012680042,0.12712978,0.2640138,0.9114406,0.17671119,0.26143184
1783532867.8790,27,right_handThumb_1_joint,-0.20881353,-0.04348604,0.14770722,0.2640138,0.9114406,0.17671117,0.26143184
1783532867.8790,27,right_handThumb_2_joint,-0.18102969,-0.065503605,0.162417,0.2640138,0.9114406,0.17671116,0.26143184
1783532867.8790,27,right_handThumbEnd_joint,-0.16250706,-0.08018218,0.17222272,0.2640138,0.9114406,0.17671113,0.26143184
1783532867.8790,27,camera,-0.116268076,0.0070716715,0.13847446,-0.07170326,-0.107241124,-0.71127325,0.6909764
1783532867.9116,28,root,-0.00022787627,0.018569963,-0.003365462,0.0046658125,-0.0049022427,-0.0011064298,0.99997646
1783532867.9116,28,hips_joint,-0.00022787627,0.018569963,-0.003365462,0.0046658125,-0.0049022427,-0.0011064298,0.99997646
1783532867.9116,28,left_upLeg_joint,0.1002435,-0.006643357,-0.0016558346,0.5986982,-0.4079134,0.5400286,-0.42841128
1783532867.9116,28,left_leg_joint,0.13559559,-0.40717044,0.12346116,-0.35554147,0.62841463,-0.33581942,0.6049055
1783532867.9116,28,left_foot_joint,0.1285717,-0.79731375,-0.11500943,0.66741896,-0.27543694,0.6373977,-0.2690922
1783532867.9116,28,left_toes_joint,0.13389473,-0.9032308,-0.010301656,0.7075265,-0.14394498,0.6768465,-0.14340483
1783532867.9116,28,left_toesEnd_joint,0.13646208,-0.92736244,0.045292728,0.70752656,-0.1439448,0.67684644,-0.14340504
1783532867.9116,28,right_upLeg_joint,-0.10082633,-0.0061844536,-0.0036246597,0.423665,0.52888197,0.50264364,0.53678745
1783532867.9116,28,right_leg_joint,-0.073567264,-0.42212486,0.056123964,0.5756224,0.36412835,0.6429558,0.3502525
1783532867.9116,28,right_foot_joint,-0.031510916,-0.81979626,-0.1657272,0.22858272,0.64162266,0.29014525,0.67222434
1783532867.9116,28,right_toes_joint,-0.03274368,-0.92164654,-0.05693633,0.1028295,0.6733172,0.15747528,0.7150324
1783532867.9116,28,right_toesEnd_joint,-0.035393972,-0.9437069,-0.00049229147,0.10282998,0.67331725,0.1574748,0.7150324
1783532867.9116,28,spine_1_joint,-0.00022789605,0.018569963,-0.0033654624,0.47893032,0.5162424,0.49307153,0.5108813
1783532867.9116,28,spine_2_joint,-0.0013358986,0.07602446,-0.0065414165,0.46822935,0.52702004,0.48744807,0.51517504
1783532867.9116,28,spine_3_joint,-0.0031034339,0.13333414,-0.011522048,0.47341016,0.51992923,0.4978797,0.507614
1783532867.9116,28,spine_4_joint,-0.0050357305,0.1862685,-0.014516644,0.49442992,0.4971617,0.5207622,0.48700687
1783532867.9116,28,spine_5_joint,-0.0076212464,0.2566573,-0.01257508,0.5340961,0.45167533,0.55913925,0.44507754
1783532867.9116,28,spine_6_joint,-0.010750881,0.3485314,0.006283067,0.54746354,0.43221506,0.5760059,0.42625237
1783532867.9116,28,spine_7_joint,-0.014741646,0.45160392,0.035065334,0.5404729,0.44123873,0.5694315,0.43467844
1783532867.9116,28,left_shoulder_1_joint,0.070399806,0.5648091,0.05832748,-0.6087059,0.020571288,-0.10920202,0.7855755
1783532867.9116,28,left_arm_joint,0.21186735,0.5362899,0.072922856,-0.35112044,0.33911464,-0.5026261,0.7135004
1783532867.9116,28,left_forearm_joint,0.2822837,0.28216967,0.038091343,-0.40559736,0.226519,-0.69254965,0.551865
1783532867.9116,28,left_hand_joint,0.26570386,0.028096655,0.121638305,0.6560454,-0.5976938,0.4167713,-0.19664308
1783532867.9116,28,left_handIndexStart_joint,0.2510443,0.008722335,0.13902327,0.62740207,-0.609563,0.45814282,-0.15781292
1783532867.9116,28,left_handIndex_1_joint,0.23795982,-0.064318806,0.1697409,0.62740207,-0.609563,0.45814282,-0.15781292
1783532867.9116,28,left_handIndex_2_joint,0.23035255,-0.10678459,0.18759997,0.62740207,-0.609563,0.45814282,-0.15781292
1783532867.9116,28,left_handIndex_3_joint,0.22609249,-0.13056543,0.19760107,0.62740207,-0.609563,0.45814282,-0.15781292
1783532867.9116,28,left_handIndexEnd_joint,0.22304958,-0.14755175,0.2047447,0.62740207,-0.609563,0.45814282,-0.15781292
1783532867.9116,28,left_handMidStart_joint,0.26081693,0.0039447257,0.13231163,0.65709466,-0.5973183,0.41481784,-0.19840303
1783532867.9116,28,left_handMid_1_joint,0.2564289,-0.068238355,0.15573406,0.65709466,-0.5973183,0.41481784,-0.19840303
1783532867.9116,28,left_handMid_2_joint,0.2533454,-0.118961595,0.17219307,0.65709466,-0.5973183,0.41481784,-0.19840303
1783532867.9116,28,left_handMid_3_joint,0.25156647,-0.14822501,0.18168865,0.65709466,-0.5973183,0.41481784,-0.19840303
1783532867.9116,28,left_handMidEnd_joint,0.25038052,-0.16773395,0.18801904,0.65709466,-0.5973183,0.41481784,-0.19840303
1783532867.9116,28,left_handPinkyStart_joint,0.2805524,-0.0025049138,0.113929115,0.67642266,-0.5972781,0.33458564,-0.27159527
1783532867.9116,28,left_handPinky_1_joint,0.284529,-0.06535657,0.122070424,0.67642266,-0.5972781,0.33458564,-0.27159527
1783532867.9116,28,left_handPinky_2_joint,0.28698516,-0.10417671,0.12709889,0.67642266,-0.5972781,0.33458564,-0.27159527
1783532867.9116,28,left_handPinky_3_joint,0.28827173,-0.12451107,0.12973283,0.67642266,-0.5972781,0.33458564,-0.27159527
1783532867.9116,28,left_handPinkyEnd_joint,0.28944132,-0.14299685,0.13212734,0.67642266,-0.5972781,0.33458564,-0.27159527
1783532867.9116,28,left_handRingStart_joint,0.2698876,0.00045004368,0.12384927,0.6675716,-0.5978579,0.37579837,-0.23598687
1783532867.9116,28,left_handRing_1_joint,0.27007502,-0.067696586,0.13918667,0.6675716,-0.5978579,0.37579837,-0.23598687
1783532867.9116,28,left_handRing_2_joint,0.27020732,-0.11580009,0.15001306,0.6675716,-0.5978579,0.37579837,-0.23598687
1783532867.9116,28,left_handRing_3_joint,0.27029,-0.14586478,0.15677956,0.6675716,-0.5978579,0.37579837,-0.23598687
1783532867.9116,28,left_handRingEnd_joint,0.27034512,-0.16590789,0.16129057,0.6675716,-0.5978579,0.37579837,-0.23598687
1783532867.9116,28,left_handThumbStart_joint,0.24237303,0.008323895,0.13134846,0.2587109,-0.15821733,0.90372443,-0.30218914
1783532867.9116,28,left_handThumb_1_joint,0.20567323,-0.025402656,0.1513211,0.2587109,-0.15821733,0.90372443,-0.30218914
1783532867.9116,28,left_handThumb_2_joint,0.17943981,-0.049508076,0.1655982,0.25871092,-0.15821731,0.90372443,-0.30218914
1783532867.9116,28,left_handThumbEnd_joint,0.16195086,-0.06557836,0.17511626,0.25871095,-0.1582173,0.9037244,-0.3021892
1783532867.9116,28,neck_1_joint,-0.01968783,0.58342874,0.059638534,0.5852049,0.37851816,0.6156162,0.36779875
1783532867.9116,28,neck_2_joint,-0.021023387,0.6103048,0.07290112,0.57467055,0.3921493,0.6100146,0.37928182
1783532867.9116,28,neck_3_joint,-0.023095302,0.6468427,0.0890469,0.55537486,0.41623774,0.598824,0.39964315
1783532867.9116,28,neck_4_joint,-0.025642829,0.68448144,0.10234491,0.53660315,0.4382962,0.5869836,0.41881225
1783532867.9116,28,head_joint,-0.029019693,0.7289318,0.115047865,0.4766069,0.5015875,0.53675646,0.48285425
1783532867.9116,28,jaw_joint,-0.027235968,0.7038674,0.119360074,0.4766069,0.5015875,0.53675646,0.48285425
1783532867.9116,28,chin_joint,-0.02728923,0.65099156,0.21786965,0.4766069,0.5015875,0.53675646,0.48285425
1783532867.9116,28,left_eye_joint,-0.002933812,0.7613082,0.20380457,0.4809633,0.49741182,0.54094714,0.47815478
1783532867.9116,28,left_eyeLowerLid_joint,-0.002933812,0.7613082,0.20380457,0.4809633,0.49741182,0.54094714,0.47815478
1783532867.9116,28,left_eyeUpperLid_joint,-0.002933812,0.7613082,0.20380457,0.4809633,0.49741182,0.54094714,0.47815478
1783532867.9116,28,left_eyeball_joint,-0.002933812,0.7613082,0.20380457,0.4809633,0.49741182,0.54094714,0.47815478
1783532867.9116,28,nose_joint,-0.03344501,0.72557425,0.2249075,0.48096582,0.4974092,0.5409497,0.4781518
1783532867.9116,28,right_eye_joint,-0.067312256,0.7562539,0.20105682,0.4809633,0.49741182,0.54094714,0.47815478
1783532867.9116,28,right_eyeLowerLid_joint,-0.067312256,0.7562539,0.20105682,0.4809633,0.49741182,0.54094714,0.47815478
1783532867.9116,28,right_eyeUpperLid_joint,-0.067312256,0.7562539,0.20105682,0.4809633,0.49741182,0.54094714,0.47815478
1783532867.9116,28,right_eyeball_joint,-0.067312256,0.7562539,0.20105682,0.4809633,0.49741182,0.54094714,0.47815478
1783532867.9116,28,right_shoulder_1_joint,-0.108174056,0.55897385,0.05360977,0.7845582,0.13228545,0.066300154,0.60214067
1783532867.9116,28,right_arm_joint,-0.24687149,0.5172845,0.06162755,0.68894523,0.5224259,0.3449165,0.3653193
1783532867.9116,28,right_forearm_joint,-0.30437967,0.25878477,0.036743894,0.52305293,0.70752686,0.25495297,0.40102422
1783532867.9116,28,right_hand_joint,-0.26922446,0.005650959,0.117339574,0.17638622,0.41162157,0.62941474,0.6350533
1783532867.9116,28,right_handIndexStart_joint,-0.25458467,-0.012793539,0.13381368,0.1330399,0.45396695,0.64045674,0.6050038
1783532867.9116,28,right_handIndex_1_joint,-0.23590907,-0.08473139,0.16424237,0.1330399,0.45396695,0.64045674,0.6050038
1783532867.9116,28,right_handIndex_2_joint,-0.22505073,-0.12655592,0.18193308,0.1330399,0.45396695,0.64045674,0.6050038
1783532867.9116,28,right_handIndex_3_joint,-0.2189706,-0.14997794,0.19184057,0.1330399,0.45396695,0.64045674,0.6050038
1783532867.9116,28,right_handIndexEnd_joint,-0.21462764,-0.16670766,0.19891731,0.1330399,0.45396695,0.64045674,0.6050038
1783532867.9116,28,right_handMidStart_joint,-0.26373598,-0.018334622,0.12681915,0.17577243,0.41215315,0.6298205,0.63447607
1783532867.9116,28,right_handMid_1_joint,-0.2536192,-0.090101145,0.14974478,0.17577243,0.41215315,0.6298205,0.63447607
1783532867.9116,28,right_handMid_2_joint,-0.24651046,-0.14053102,0.16585493,0.17577243,0.41215315,0.6298205,0.63447607
1783532867.9116,28,right_handMid_3_joint,-0.24240905,-0.16962536,0.17514911,0.17577243,0.41215315,0.6298205,0.63447607
1783532867.9116,28,right_handMidEnd_joint,-0.23967506,-0.18902121,0.18134536,0.17577243,0.41215315,0.6298205,0.63447607
1783532867.9116,28,right_handPinkyStart_joint,-0.28238016,-0.026289899,0.107895285,0.25248772,0.3349669,0.63115185,0.65245265
1783532867.9116,28,right_handPinky_1_joint,-0.28103966,-0.08932976,0.11541272,0.25248772,0.3349669,0.63115185,0.65245265
1783532867.9116,28,right_handPinky_2_joint,-0.28021196,-0.1282669,0.12005641,0.25248772,0.3349669,0.63115185,0.65245265
1783532867.9116,28,right_handPinky_3_joint,-0.27977797,-0.1486622,0.12248813,0.25248772,0.3349669,0.63115185,0.65245265
1783532867.9116,28,right_handPinkyEnd_joint,-0.27938378,-0.16720323,0.124699056,0.25248772,0.3349669,0.63115185,0.65245265
1783532867.9116,28,right_handRingStart_joint,-0.27225837,-0.022519575,0.11810378,0.21506575,0.37468606,0.6310982,0.6442609
1783532867.9116,28,right_handRing_1_joint,-0.2668556,-0.09057895,0.13286604,0.21506575,0.37468606,0.6310982,0.6442609
1783532867.9116,28,right_handRing_2_joint,-0.26304176,-0.13862045,0.14328615,0.21506575,0.37468606,0.6310982,0.6442609
1783532867.9116,28,right_handRing_3_joint,-0.26065838,-0.16864678,0.14979923,0.21506575,0.37468606,0.6310982,0.6442609
1783532867.9116,28,right_handRingEnd_joint,-0.25906882,-0.18866481,0.1541406,0.21506575,0.37468606,0.6310982,0.6442609
1783532867.9116,28,right_handThumbStart_joint,-0.24572805,-0.012353766,0.126355,0.26161933,0.9120615,0.17733178,0.26125196
1783532867.9116,28,right_handThumb_1_joint,-0.20671326,-0.042956837,0.14696026,0.26161933,0.9120615,0.17733176,0.26125196
1783532867.9116,28,right_handThumb_2_joint,-0.17882566,-0.06482936,0.1616899,0.26161933,0.9120615,0.17733175,0.26125196
1783532867.9116,28,right_handThumbEnd_joint,-0.16023384,-0.07941123,0.1715089,0.26161933,0.9120615,0.17733173,0.26125196
1783532867.9116,28,camera,-0.114928186,0.006956185,0.13905784,-0.07130227,-0.10798132,-0.71137834,0.69079435
1783532867.9456,29,root,-0.00027951848,0.018551257,-0.0031503525,0.0043139886,-0.005076483,-0.001267851,0.99997705
1783532867.9456,29,hips_joint,-0.00027951848,0.018551257,-0.0031503525,0.0043139886,-0.005076483,-0.001267851,0.99997705
1783532867.9456,29,left_upLeg_joint,0.10018299,-0.0066937874,-0.0013882235,0.59896696,-0.40735826,0.5412237,-0.42705366
1783532867.9456,29,left_leg_joint,0.13482796,-0.40684554,0.12511997,-0.35647896,0.6277836,-0.33799565,0.603796
1783532867.9456,29,left_foot_joint,0.12718803,-0.79818296,-0.11136696,0.66776776,-0.274362,0.6384266,-0.2668768
1783532867.9456,29,left_toes_joint,0.13229594,-0.9035757,-0.006120739,0.70766526,-0.14282341,0.6774368,-0.14103451
1783532867.9456,29,left_toesEnd_joint,0.1348053,-0.92742896,0.049596302,0.7076653,-0.14282322,0.6774368,-0.14103474
1783532867.9456,29,right_upLeg_joint,-0.10088599,-0.0061703585,-0.003427,0.42402455,0.5282918,0.50252116,0.53719956
1783532867.9456,29,right_leg_joint,-0.07425616,-0.42217916,0.056129716,0.5765716,0.36206344,0.64396805,0.34897056
1783532867.9456,29,right_foot_joint,-0.032379787,-0.8186469,-0.16789947,0.23060338,0.64058256,0.2917328,0.67183936
1783532867.9456,29,right_toes_joint,-0.0337348,-0.9210967,-0.059674405,0.105010666,0.6726787,0.15910698,0.71495533
1783532867.9456,29,right_toesEnd_joint,-0.03642668,-0.94346714,-0.0033545017,0.10501116,0.6726788,0.15910652,0.7149553
1783532867.9456,29,spine_1_joint,-0.00027953828,0.018551257,-0.0031503527,0.47864693,0.5162865,0.49307597,0.5110987
1783532867.9456,29,spine_2_joint,-0.0013932439,0.07600391,-0.0063576745,0.4678565,0.5270784,0.48761535,0.5152963
1783532867.9456,29,spine_3_joint,-0.003186633,0.13331085,-0.011361041,0.47297674,0.5199885,0.49818122,0.5076624
1783532867.9456,29,spine_4_joint,-0.005157311,0.18624306,-0.014369279,0.49396017,0.49721217,0.521174,0.48699242
1783532867.9456,29,spine_5_joint,-0.0078101945,0.25662965,-0.0124359485,0.53362,0.4517072,0.5596268,0.4450042
1783532867.9456,29,spine_6_joint,-0.011048033,0.34849957,0.0064246273,0.54704845,0.43214375,0.57651967,0.4261635
1783532867.9456,29,spine_7_joint,-0.015152991,0.451561,0.035230566,0.54023707,0.44095394,0.5699102,0.43463382
1783532867.9456,29,left_shoulder_1_joint,0.06992364,0.56478375,0.058644116,-0.6082863,0.020423058,-0.10997188,0.78579724
1783532867.9456,29,left_arm_joint,0.21134399,0.5361107,0.073394515,-0.34996486,0.33886713,-0.5033921,0.713646
1783532867.9456,29,left_forearm_joint,0.2814397,0.2819153,0.038464308,-0.40381935,0.22697082,-0.69373673,0.5514925
1783532867.9456,29,left_hand_joint,0.26386818,0.027747784,0.12151988,0.6544012,-0.59876907,0.4174474,-0.19741578
1783532867.9456,29,left_handIndexStart_joint,0.24910273,0.008387231,0.13883041,0.62571704,-0.61068505,0.45871073,-0.15851505
1783532867.9456,29,left_handIndex_1_joint,0.23571472,-0.06466782,0.16938381,0.62571704,-0.61068505,0.45871073,-0.15851505
1783532867.9456,29,left_handIndex_2_joint,0.22793098,-0.10714168,0.18714742,0.62571704,-0.61068505,0.45871073,-0.15851505
1783532867.9456,29,left_handIndex_3_joint,0.22357209,-0.13092706,0.19709505,0.62571704,-0.61068505,0.45871073,-0.15851505
1783532867.9456,29,left_handIndexEnd_joint,0.2204586,-0.1479166,0.20420049,0.62571704,-0.61068505,0.45871073,-0.15851505
1783532867.9456,29,left_handMidStart_joint,0.25887948,0.003592038,0.13213736,0.6554522,-0.59839094,0.4154983,-0.19917902
1783532867.9456,29,left_handMid_1_joint,0.2542106,-0.06861831,0.15542106,0.6554522,-0.59839094,0.4154983,-0.19917902
1783532867.9456,29,left_handMid_2_joint,0.25092974,-0.11936072,0.17178258,0.6554522,-0.59839094,0.4154983,-0.19917902
1783532867.9456,29,left_handMid_3_joint,0.24903694,-0.14863518,0.18122192,0.6554522,-0.59839094,0.4154983,-0.19917902
1783532867.9456,29,left_handMidEnd_joint,0.24777508,-0.16815148,0.18751481,0.6554522,-0.59839094,0.4154983,-0.19917902
1783532867.9456,29,left_handPinkyStart_joint,0.2786462,-0.002884712,0.11379801,0.67482686,-0.5982085,0.3354026,-0.27250817
1783532867.9456,29,left_handPinky_1_joint,0.28241205,-0.065762125,0.121840075,0.67482686,-0.5982085,0.3354026,-0.27250817
1783532867.9456,29,left_handPinky_2_joint,0.28473803,-0.10459818,0.12680723,0.67482686,-0.5982085,0.3354026,-0.27250817
1783532867.9456,29,left_handPinky_3_joint,0.28595638,-0.12494087,0.12940907,0.67482686,-0.5982085,0.3354026,-0.27250817
1783532867.9456,29,left_handPinkyEnd_joint,0.287064,-0.14343423,0.13177438,0.67482686,-0.5982085,0.3354026,-0.27250817
1783532867.9456,29,left_handRingStart_joint,0.26796296,8.491754e-05,0.12369391,0.6659493,-0.5988603,0.37654924,-0.2368312
1783532867.9456,29,left_handRing_1_joint,0.26790386,-0.068088636,0.1389123,0.6659493,-0.5988603,0.37654924,-0.2368312
1783532867.9456,29,left_handRing_2_joint,0.26786217,-0.116211146,0.1496547,0.6659493,-0.5988603,0.37654924,-0.2368312
1783532867.9456,29,left_handRing_3_joint,0.2678361,-0.14628771,0.1563687,0.6659493,-0.5988603,0.37654924,-0.2368312
1783532867.9456,29,left_handRingEnd_joint,0.26781872,-0.16633874,0.1608447,0.6659493,-0.5988603,0.37654924,-0.2368312
1783532867.9456,29,left_handThumbStart_joint,0.24045151,0.008028196,0.13113104,0.25696266,-0.15897807,0.9043937,-0.30127826
1783532867.9456,29,left_handThumb_1_joint,0.2035958,-0.025622891,0.15094334,0.25696266,-0.15897807,0.9043937,-0.30127826
1783532867.9456,29,left_handThumb_2_joint,0.17725094,-0.049674373,0.16510582,0.25696266,-0.15897806,0.9043937,-0.30127826
1783532867.9456,29,left_handThumbEnd_joint,0.1596877,-0.0657087,0.17454746,0.25696266,-0.15897803,0.9043937,-0.30127826
1783532867.9456,29,neck_1_joint,-0.020172149,0.58336955,0.059876595,0.5849378,0.37826124,0.6160863,0.36770123
1783532867.9456,29,neck_2_joint,-0.021530788,0.61023724,0.0731537,0.5744072,0.3918864,0.6104856,0.37919527
1783532867.9456,29,neck_3_joint,-0.023632204,0.6467649,0.08931897,0.55511856,0.4159645,0.5992962,0.3995763
1783532867.9456,29,neck_4_joint,-0.0262068,0.68439484,0.10263664,0.5363544,0.43801346,0.5874565,0.4187641
1783532867.9456,29,head_joint,-0.029612653,0.7288365,0.11536244,0.47639045,0.50127673,0.5372299,0.48286456
1783532867.9456,29,jaw_joint,-0.027823994,0.7037702,0.119661644,0.47639045,0.50127673,0.5372299,0.48286456
1783532867.9456,29,chin_joint,-0.027955733,0.65083617,0.21813996,0.47639045,0.50127673,0.5372299,0.48286456
1783532867.9456,29,left_eye_joint,-0.003626921,0.76117,0.20416412,0.48074412,0.49710292,0.54142064,0.47816095
1783532867.9456,29,left_eyeLowerLid_joint,-0.003626921,0.76117,0.20416412,0.48074412,0.49710292,0.54142064,0.47816095
1783532867.9456,29,left_eyeUpperLid_joint,-0.003626921,0.76117,0.20416412,0.48074412,0.49710292,0.54142064,0.47816095
1783532867.9456,29,left_eyeball_joint,-0.003626921,0.76117,0.20416412,0.48074412,0.49710292,0.54142064,0.47816095
1783532867.9456,29,nose_joint,-0.03414595,0.7254124,0.22521567,0.4807468,0.4971005,0.5414231,0.47815812
1783532867.9456,29,right_eye_joint,-0.06800076,0.7560938,0.20134944,0.48074412,0.49710292,0.54142064,0.47816095
1783532867.9456,29,right_eyeLowerLid_joint,-0.06800076,0.7560938,0.20134944,0.48074412,0.49710292,0.54142064,0.47816095
1783532867.9456,29,right_eyeUpperLid_joint,-0.06800076,0.7560938,0.20134944,0.48074412,0.49710292,0.54142064,0.47816095
1783532867.9456,29,right_eyeball_joint,-0.06800076,0.7560938,0.20134944,0.48074412,0.49710292,0.54142064,0.47816095
1783532867.9456,29,right_shoulder_1_joint,-0.108643375,0.5588857,0.053745456,0.7846237,0.13235821,0.06689175,0.60197437
1783532867.9456,29,right_arm_joint,-0.24731238,0.5170772,0.061633646,0.68814564,0.5232946,0.3457281,0.36481643
1783532867.9456,29,right_forearm_joint,-0.30403918,0.25841647,0.036628373,0.5216584,0.7084857,0.2557937,0.40061307
1783532867.9456,29,right_hand_joint,-0.26792607,0.005419025,0.117229514,0.17552005,0.4118816,0.6306634,0.63388544
1783532867.9456,29,right_handIndexStart_joint,-0.2532191,-0.012969042,0.13370691,0.13209052,0.4541467,0.6416424,0.60382
1783532867.9456,29,right_handIndex_1_joint,-0.23427314,-0.08483471,0.16413924,0.13209052,0.4541467,0.6416424,0.60382
1783532867.9456,29,right_handIndex_2_joint,-0.22325762,-0.12661725,0.18183206,0.13209052,0.4541467,0.6416424,0.60382
1783532867.9456,29,right_handIndex_3_joint,-0.21708946,-0.15001576,0.19174074,0.13209052,0.4541467,0.6416424,0.60382
1783532867.9456,29,right_handIndexEnd_joint,-0.21268362,-0.1667287,0.19881831,0.13209052,0.4541467,0.6416424,0.60382
1783532867.9456,29,right_handMidStart_joint,-0.26234725,-0.018545326,0.12671013,0.17490518,0.41241205,0.631068,0.6333075
1783532867.9456,29,right_handMid_1_joint,-0.25195894,-0.0902726,0.14963733,0.17490518,0.41241205,0.631068,0.6333075
1783532867.9456,29,right_handMid_2_joint,-0.24465938,-0.14067489,0.1657486,0.17490518,0.41241205,0.631068,0.6333075
1783532867.9456,29,right_handMid_3_joint,-0.24044788,-0.16975331,0.17504342,0.17490518,0.41241205,0.631068,0.6333075
1783532867.9456,29,right_handMidEnd_joint,-0.23764049,-0.18913858,0.1812401,0.17490518,0.41241205,0.631068,0.6333075
1783532867.9456,29,right_handPinkyStart_joint,-0.2809561,-0.026572281,0.107781716,0.25176927,0.3353718,0.6324427,0.65127176
1783532867.9456,29,right_handPinky_1_joint,-0.27937397,-0.089606635,0.115298726,0.25176927,0.3353718,0.6324427,0.65127176
1783532867.9456,29,right_handPinky_2_joint,-0.27839705,-0.12854038,0.11994216,0.25176927,0.3353718,0.6324427,0.65127176
1783532867.9456,29,right_handPinky_3_joint,-0.27788487,-0.14893389,0.12237374,0.25176927,0.3353718,0.6324427,0.65127176
1783532867.9456,29,right_handPinkyEnd_joint,-0.2774196,-0.16747332,0.12458454,0.25176927,0.3353718,0.6324427,0.65127176
1783532867.9456,29,right_handRingStart_joint,-0.27085134,-0.02276304,0.11799266,0.21427068,0.3750197,0.6323691,0.6430851
1783532867.9456,29,right_handRing_1_joint,-0.26518935,-0.09080129,0.13275541,0.21427068,0.3750197,0.6323691,0.6430851
1783532867.9456,29,right_handRing_2_joint,-0.26119253,-0.13882788,0.1431759,0.21427068,0.3750197,0.6323691,0.6430851
1783532867.9456,29,right_handRing_3_joint,-0.2586948,-0.16884491,0.14968918,0.21427068,0.3750197,0.6323691,0.6430851
1783532867.9456,29,right_handRingEnd_joint,-0.25702897,-0.18885674,0.15403071,0.21427068,0.3750197,0.6323691,0.6430851
1783532867.9456,29,right_handThumbStart_joint,-0.24436243,-0.012494974,0.12625036,0.2598388,0.9125327,0.17787282,0.26101688
1783532867.9456,29,right_handThumb_1_joint,-0.20523462,-0.042947486,0.14686461,0.2598388,0.9125327,0.1778728,0.26101688
1783532867.9456,29,right_handThumb_2_joint,-0.17726626,-0.06471238,0.1616007,0.2598388,0.9125327,0.17787279,0.26101688
1783532867.9456,29,right_handThumbEnd_joint,-0.1586206,-0.07922251,0.17142397,0.2598388,0.9125327,0.17787275,0.26101688
1783532867.9456,29,camera,-0.114358544,0.0066929786,0.13868366,-0.07249446,-0.10866885,-0.7117167,0.6902137
1783532867.9783,30,root,-3.0118788e-05,0.01888984,-0.0023999768,0.0037044738,-0.0042245626,-0.0007285169,0.99998397
1783532867.9783,30,hips_joint,-3.0118788e-05,0.01888984,-0.0023999768,0.0037044738,-0.0042245626,-0.0007285169,0.99998397
1783532867.9783,30,left_upLeg_joint,0.100462474,-0.0062446357,-0.00077794504,0.6006816,-0.40776637,0.540431,-0.42525572
1783532867.9783,30,left_leg_joint,0.13554926,-0.40608767,0.12658146,-0.35032365,0.63436097,-0.33287218,0.60337013
1783532867.9783,30,left_foot_joint,0.12346017,-0.7930393,-0.116835125,0.6669785,-0.28333566,0.6341308,-0.26970106
1783532867.9783,30,left_toes_joint,0.12870583,-0.90034354,-0.013545455,0.7085911,-0.15178402,0.6737543,-0.14462183
1783532867.9783,30,left_toesEnd_joint,0.13149862,-0.9252133,0.04171172,0.7085912,-0.15178381,0.67375416,-0.14462203
1783532867.9783,30,right_upLeg_joint,-0.10061013,-0.005940611,-0.0024752533,0.42391938,0.5290941,0.5013415,0.53759485
1783532867.9783,30,right_leg_joint,-0.07426316,-0.42182228,0.058086228,0.58019984,0.357357,0.64621633,0.3436106
1783532867.9783,30,right_foot_joint,-0.032830592,-0.8145437,-0.17252703,0.23636198,0.6391151,0.29680791,0.6690065
1783532867.9783,30,right_toes_joint,-0.033854987,-0.9187554,-0.06599373,0.110943004,0.67232937,0.16462709,0.71313566
1783532867.9783,30,right_toesEnd_joint,-0.036387056,-0.9420478,-0.010041361,0.11094349,0.6723295,0.1646266,0.71313566
1783532867.9783,30,spine_1_joint,-3.0138564e-05,0.01888984,-0.002399977,0.47839898,0.517066,0.4928246,0.5107848
1783532867.9783,30,spine_2_joint,-0.0012080598,0.076338105,-0.0056623775,0.46748057,0.5276703,0.48757848,0.51506615
1783532867.9783,30,spine_3_joint,-0.0030691838,0.133639,-0.010709958,0.4724883,0.5204005,0.4983653,0.5075136
1783532867.9783,30,spine_4_joint,-0.00510484,0.18656696,-0.01374875,0.4933588,0.49745724,0.5215844,0.48691177
1783532867.9783,30,spine_5_joint,-0.007852232,0.25695062,-0.011842239,0.53289664,0.4518058,0.56027573,0.44495368
1783532867.9783,30,spine_6_joint,-0.011243756,0.34881803,0.0070033013,0.5461415,0.43211773,0.57734,0.4262422
1783532867.9783,30,spine_7_joint,-0.015547783,0.4518772,0.035788305,0.53911954,0.4408303,0.5708264,0.43494383
1783532867.9783,30,left_shoulder_1_joint,0.069320016,0.5652183,0.059386056,-0.60916555,0.01807842,-0.11108713,0.785016
1783532867.9783,30,left_arm_joint,0.21069503,0.5367254,0.074900165,-0.34966823,0.33492652,-0.50615835,0.7136947
1783532867.9783,30,left_forearm_joint,0.28071752,0.28225312,0.041892435,-0.4011942,0.22366129,-0.69802,0.54935145
1783532867.9783,30,left_hand_joint,0.26075035,0.028651485,0.12612781,0.65101624,-0.59870356,0.42285976,-0.19728562
1783532867.9783,30,left_handIndexStart_joint,0.2456961,0.0094764335,0.14339599,0.62198937,-0.61060965,0.46389318,-0.15839274
1783532867.9783,30,left_handIndex_1_joint,0.23155485,-0.063328296,0.1742064,0.62198937,-0.61060965,0.46389318,-0.15839274
1783532867.9783,30,left_handIndex_2_joint,0.2233332,-0.105656624,0.19211943,0.62198937,-0.61060965,0.46389318,-0.15839274
1783532867.9783,30,left_handIndex_3_joint,0.21872908,-0.1293605,0.20215075,0.62198937,-0.61060965,0.46389318,-0.15839274
1783532867.9783,30,left_handIndexEnd_joint,0.2154404,-0.14629182,0.20931594,0.62198937,-0.61060965,0.46389318,-0.15839274
1783532867.9783,30,left_handMidStart_joint,0.25550762,0.0045847655,0.13682473,0.6520826,-0.59832543,0.42092046,-0.19905022
1783532867.9783,30,left_handMid_1_joint,0.25016114,-0.0674685,0.16044681,0.6520826,-0.59832543,0.42092046,-0.19905022
1783532867.9783,30,left_handMid_2_joint,0.24640414,-0.118100524,0.17704612,0.6520826,-0.59832543,0.42092046,-0.19905022
1783532867.9783,30,left_handMid_3_joint,0.24423665,-0.1473113,0.18662265,0.6520826,-0.59832543,0.42092046,-0.19905022
1783532867.9783,30,left_handMidEnd_joint,0.24279167,-0.16678517,0.193007,0.6520826,-0.59832543,0.42092046,-0.19905022
1783532867.9783,30,left_handPinkyStart_joint,0.27541164,-0.0021131039,0.11871477,0.672046,-0.5980597,0.34114859,-0.27257383
1783532867.9783,30,left_handPinky_1_joint,0.27870637,-0.06496825,0.12712897,0.672046,-0.5980597,0.34114859,-0.27257383
1783532867.9783,30,left_handPinky_2_joint,0.28074136,-0.10379055,0.13232598,0.672046,-0.5980597,0.34114859,-0.27257383
1783532867.9783,30,left_handPinky_3_joint,0.2818073,-0.12412603,0.13504821,0.672046,-0.5980597,0.34114859,-0.27257383
1783532867.9783,30,left_handPinkyEnd_joint,0.28277636,-0.14261283,0.13752298,0.672046,-0.5980597,0.34114859,-0.27257383
1783532867.9783,30,left_handRingStart_joint,0.26465103,0.00097596645,0.12848952,0.6628696,-0.5987479,0.3821418,-0.23679674
1783532867.9783,30,left_handRing_1_joint,0.26401803,-0.067112714,0.14407042,0.6628696,-0.5987479,0.3821418,-0.23679674
1783532867.9783,30,left_handRing_2_joint,0.26357117,-0.115175314,0.15506868,0.6628696,-0.5987479,0.3821418,-0.23679674
1783532867.9783,30,left_handRing_3_joint,0.2632919,-0.14521442,0.16194259,0.6628696,-0.5987479,0.3821418,-0.23679674
1783532867.9783,30,left_handRingEnd_joint,0.2631057,-0.16524051,0.16652521,0.6628696,-0.5987479,0.3821418,-0.23679674
1783532867.9783,30,left_handThumbStart_joint,0.23711841,0.009129366,0.13561426,0.25284985,-0.15587163,0.9069947,-0.2985496
1783532867.9783,30,left_handThumb_1_joint,0.1998618,-0.024185538,0.15524395,0.25284985,-0.15587163,0.9069947,-0.2985496
1783532867.9783,30,left_handThumb_2_joint,0.17323036,-0.04799671,0.16927586,0.25284985,-0.15587159,0.9069947,-0.2985496
1783532867.9783,30,left_handThumbEnd_joint,0.15547606,-0.06387083,0.17863049,0.25284985,-0.15587156,0.9069947,-0.2985496
1783532867.9783,30,neck_1_joint,-0.020802652,0.58368784,0.060373604,0.5838976,0.37813511,0.6171105,0.36776656
1783532867.9783,30,neck_2_joint,-0.022231342,0.61055255,0.073649436,0.5734131,0.39167786,0.6115306,0.379231
1783532867.9783,30,neck_3_joint,-0.024421837,0.6470729,0.089819305,0.5541553,0.41568524,0.6003456,0.39962825
1783532867.9783,30,neck_4_joint,-0.027078563,0.6846944,0.10314451,0.53539616,0.4376997,0.588498,0.41885558
1783532867.9783,30,head_joint,-0.030573646,0.7291269,0.115878284,0.47546932,0.5008516,0.5382466,0.48308098
1783532867.9783,30,jaw_joint,-0.028764334,0.70406127,0.12017261,0.47546932,0.5008516,0.5382466,0.48308098
1783532867.9783,30,chin_joint,-0.029083595,0.65108955,0.21863018,0.47546932,0.5008516,0.5382466,0.48308098
1783532867.9783,30,left_eye_joint,-0.00485863,0.7614594,0.20475909,0.47981927,0.49668583,0.54243916,0.47836843
1783532867.9783,30,left_eyeLowerLid_joint,-0.00485863,0.7614594,0.20475909,0.47981927,0.49668583,0.54243916,0.47836843
1783532867.9783,30,left_eyeUpperLid_joint,-0.00485863,0.7614594,0.20475909,0.47981927,0.49668583,0.54243916,0.47836843
1783532867.9783,30,left_eyeball_joint,-0.00485863,0.7614594,0.20475909,0.47981927,0.49668583,0.54243916,0.47836843
1783532867.9783,30,nose_joint,-0.03538662,0.7256552,0.22571808,0.4798219,0.4966833,0.54244167,0.47836557
1783532867.9783,30,right_eye_joint,-0.069218464,0.7563027,0.20177597,0.47981927,0.49668583,0.54243916,0.47836843
1783532867.9783,30,right_eyeLowerLid_joint,-0.069218464,0.7563027,0.20177597,0.47981927,0.49668583,0.54243916,0.47836843
1783532867.9783,30,right_eyeUpperLid_joint,-0.069218464,0.7563027,0.20177597,0.47981927,0.49668583,0.54243916,0.47836843
1783532867.9783,30,right_eyeball_joint,-0.069218464,0.7563027,0.20177597,0.47981927,0.49668583,0.54243916,0.47836843
1783532867.9783,30,right_shoulder_1_joint,-0.10922555,0.5590872,0.054017324,0.7840708,0.13242292,0.06800768,0.6025549
1783532867.9783,30,right_arm_joint,-0.24784592,0.51707894,0.06169601,0.6866045,0.5245229,0.34637913,0.36533755
1783532867.9783,30,right_forearm_joint,-0.30364826,0.25817618,0.037120212,0.5186558,0.7102926,0.25564715,0.40140396
1783532867.9783,30,right_hand_joint,-0.2662015,0.005739708,0.11886272,0.17264605,0.41341266,0.63163364,0.63271034
1783532867.9783,30,right_handIndexStart_joint,-0.25140917,-0.012493393,0.1354356,0.12915786,0.4555953,0.642413,0.6025419
1783532867.9783,30,right_handIndex_1_joint,-0.23209259,-0.08411804,0.16620114,0.12915786,0.4555953,0.642413,0.6025419
1783532867.9783,30,right_handIndex_2_joint,-0.22086154,-0.12576048,0.1840877,0.12915786,0.4555953,0.642413,0.6025419
1783532867.9783,30,right_handIndex_3_joint,-0.21457271,-0.14908051,0.19410487,0.12915786,0.4555953,0.642413,0.6025419
1783532867.9783,30,right_handIndexEnd_joint,-0.21008068,-0.16573739,0.20125993,0.12915786,0.4555953,0.642413,0.6025419
1783532867.9783,30,right_handMidStart_joint,-0.26049837,-0.018151335,0.12845369,0.1720307,0.41394258,0.6320352,0.6321302
1783532867.9783,30,right_handMid_1_joint,-0.24973202,-0.08971842,0.15170464,0.1720307,0.41394258,0.6320352,0.6321302
1783532867.9783,30,right_handMid_2_joint,-0.24216682,-0.14000814,0.1680434,0.1720307,0.41394258,0.6320352,0.6321302
1783532867.9783,30,right_handMid_3_joint,-0.23780204,-0.16902162,0.17746948,0.1720307,0.41394258,0.6320352,0.6321302
1783532867.9783,30,right_handMidEnd_joint,-0.2348925,-0.18836358,0.18375365,0.1720307,0.41394258,0.6320352,0.6321302
1783532867.9783,30,right_handPinkyStart_joint,-0.27904162,-0.026365189,0.10954106,0.24907075,0.33711228,0.6336691,0.6502175
1783532867.9783,30,right_handPinky_1_joint,-0.27711365,-0.08935625,0.11733485,0.24907075,0.33711228,0.6336691,0.6502175
1783532867.9783,30,right_handPinky_2_joint,-0.2759231,-0.12826325,0.12214924,0.24907075,0.33711228,0.6336691,0.6502175
1783532867.9783,30,right_handPinky_3_joint,-0.27529904,-0.14864276,0.12467036,0.24907075,0.33711228,0.6336691,0.6502175
1783532867.9783,30,right_handPinkyEnd_joint,-0.27473208,-0.16716945,0.12696256,0.24907075,0.33711228,0.6336691,0.6502175
1783532867.9783,30,right_handRingStart_joint,-0.26896933,-0.02245474,0.11974584,0.21147895,0.3766587,0.63346606,0.6419702
1783532867.9783,30,right_handRing_1_joint,-0.2629412,-0.09039505,0.1348114,0.21147895,0.3766587,0.63346606,0.6419702
1783532867.9783,30,right_handRing_2_joint,-0.25868595,-0.13835248,0.14544562,0.21147895,0.3766587,0.63346606,0.6419702
1783532867.9783,30,right_handRing_3_joint,-0.2560267,-0.1683263,0.15209249,0.21147895,0.3766587,0.63346606,0.6419702
1783532867.9783,30,right_handRingEnd_joint,-0.25425318,-0.1883093,0.15652308,0.21147895,0.3766587,0.63346606,0.6419702
1783532867.9783,30,right_handThumbStart_joint,-0.24254735,-0.012002084,0.1279863,0.2566106,0.9135065,0.17675133,0.26156434
1783532867.9783,30,right_handThumb_1_joint,-0.20327128,-0.04214404,0.14877412,0.25661057,0.9135065,0.17675133,0.26156434
1783532867.9783,30,right_handThumb_2_joint,-0.17519696,-0.06368695,0.16363427,0.2566106,0.9135065,0.17675129,0.26156434
1783532867.9783,30,right_handThumbEnd_joint,-0.15648067,-0.078049086,0.17354026,0.2566106,0.9135065,0.17675127,0.2615643
1783532867.9783,30,camera,-0.11395627,0.0064592855,0.13821809,-0.07302308,-0.10955201,-0.7118404,0.6898907
1783532868.0121,31,root,-2.1912534e-05,0.019082053,-0.002183241,0.0028011762,-0.0037124928,-0.0008757219,0.99998873
1783532868.0121,31,hips_joint,-2.1912534e-05,0.019082053,-0.002183241,0.0028011762,-0.0037124928,-0.0008757219,0.99998873
1783532868.0121,31,left_upLeg_joint,0.100464806,-0.006079521,-0.0006189866,0.6020072,-0.4077987,0.5404381,-0.42333654
1783532868.0121,31,left_leg_joint,0.1355229,-0.40552324,0.12799492,-0.34630176,0.63866,-0.33038422,0.6025235
1783532868.0121,31,left_foot_joint,0.1199375,-0.78987426,-0.11931201,0.6664636,-0.2892002,0.63165015,-0.27056882
1783532868.0121,31,left_toes_joint,0.12511827,-0.898264,-0.017158689,0.7091971,-0.1576398,0.671483,-0.14594404
1783532868.0121,31,left_toesEnd_joint,0.12806192,-0.92371666,0.037824567,0.70919716,-0.15763961,0.6714829,-0.14594425
1783532868.0121,31,right_upLeg_joint,-0.10060933,-0.005718405,-0.0021104787,0.42294076,0.52996075,0.49953616,0.53919053
1783532868.0121,31,right_leg_joint,-0.07501137,-0.4213265,0.06061188,0.58276737,0.3528622,0.6488698,0.3388779
1783532868.0121,31,right_foot_joint,-0.033355415,-0.8105165,-0.17587318,0.24115498,0.63715994,0.30181536,0.66691726
1783532868.0121,31,right_toes_joint,-0.034230087,-0.91631126,-0.0709105,0.1160197,0.6713182,0.16993976,0.71203345
1783532868.0121,31,right_toesEnd_joint,-0.036711354,-0.94044036,-0.015311556,0.11602021,0.6713183,0.16993931,0.71203333
1783532868.0121,31,spine_1_joint,-2.193231e-05,0.019082053,-0.0021832413,0.478382,0.5173766,0.49240968,0.51088625
1783532868.0121,31,spine_2_joint,-0.0011897827,0.07652777,-0.0054937634,0.4674837,0.5277232,0.48749566,0.51508737
1783532868.0121,31,spine_3_joint,-0.003048041,0.13382797,-0.010550036,0.47245118,0.5202311,0.49857777,0.5075132
1783532868.0121,31,spine_4_joint,-0.0050874683,0.18675682,-0.013570998,0.49323148,0.49707115,0.52205724,0.4869285
1783532868.0121,31,spine_5_joint,-0.007850057,0.25713855,-0.011615643,0.53264457,0.45120707,0.56096685,0.44499242
1783532868.0121,31,spine_6_joint,-0.011286384,0.34898597,0.0073190746,0.5457785,0.4312989,0.57816494,0.42641845
1783532868.0121,31,spine_7_joint,-0.015644696,0.45201212,0.03621385,0.53870183,0.439798,0.57170534,0.4353521
1783532868.0121,31,left_shoulder_1_joint,0.069209866,0.56528807,0.060169544,-0.6093553,0.015864406,-0.11258829,0.78470296
1783532868.0121,31,left_arm_joint,0.2105093,0.53685385,0.07646078,-0.34803557,0.3320002,-0.5096011,0.71341014
1783532868.0121,31,left_forearm_joint,0.2797097,0.28198433,0.044812124,-0.39767152,0.22169238,-0.70238286,0.5471456
1783532868.0121,31,left_hand_joint,0.25693798,0.028770426,0.1295013,0.6468754,-0.5997567,0.427529,-0.19764392
1783532868.0121,31,left_handIndexStart_joint,0.24156824,0.009759849,0.14667314,0.6175548,-0.6116818,0.46828485,-0.15868531
1783532868.0121,31,left_handIndex_1_joint,0.22655895,-0.06285003,0.17753273,0.6175548,-0.6116818,0.46828485,-0.15868531
1783532868.0121,31,left_handIndex_2_joint,0.21783262,-0.10506508,0.19547436,0.6175548,-0.6116818,0.46828485,-0.15868531
1783532868.0121,31,left_handIndex_3_joint,0.21294588,-0.1287055,0.20552166,0.6175548,-0.6116818,0.46828485,-0.15868531
1783532868.0121,31,left_handIndexEnd_joint,0.20945536,-0.14559153,0.2126983,0.6175548,-0.6116818,0.46828485,-0.15868531
1783532868.0121,31,left_handMidStart_joint,0.25140345,0.0047739362,0.14020899,0.64795476,-0.599377,0.42560136,-0.19941299
1783532868.0121,31,left_handMid_1_joint,0.24526311,-0.06717255,0.16396317,0.64795476,-0.599377,0.42560136,-0.19941299
1783532868.0121,31,left_handMid_2_joint,0.24094827,-0.117729545,0.18065529,0.64795476,-0.599377,0.42560136,-0.19941299
1783532868.0121,31,left_handMid_3_joint,0.23845893,-0.14689703,0.19028535,0.64795476,-0.599377,0.42560136,-0.19941299
1783532868.0121,31,left_handMidEnd_joint,0.23679939,-0.16634202,0.1967054,0.64795476,-0.599377,0.42560136,-0.19941299
1783532868.0121,31,left_handPinkyStart_joint,0.27142674,-0.0021278476,0.122308254,0.6683971,-0.59894073,0.3462157,-0.27322167
1783532868.0121,31,left_handPinky_1_joint,0.2741452,-0.06498453,0.13091472,0.6683971,-0.59894073,0.3462157,-0.27322167
1783532868.0121,31,left_handPinky_2_joint,0.27582422,-0.10380777,0.13623047,0.6683971,-0.59894073,0.3462157,-0.27322167
1783532868.0121,31,left_handPinky_3_joint,0.27670372,-0.12414376,0.13901491,0.6683971,-0.59894073,0.3462157,-0.27322167
1783532868.0121,31,left_handPinkyEnd_joint,0.27750325,-0.14263102,0.14154622,0.6683971,-0.59894073,0.3462157,-0.27322167
1783532868.0121,31,left_handRingStart_joint,0.26059762,0.0010714435,0.13197127,0.658975,-0.5997111,0.3870242,-0.23729928
1783532868.0121,31,left_handRing_1_joint,0.25927868,-0.06696883,0.14771974,0.658975,-0.5997111,0.3870242,-0.23729928
1783532868.0121,31,left_handRing_2_joint,0.25834763,-0.11499727,0.15883632,0.658975,-0.5997111,0.3870242,-0.23729928
1783532868.0121,31,left_handRing_3_joint,0.25776574,-0.14501503,0.16578417,0.658975,-0.5997111,0.3870242,-0.23729928
1783532868.0121,31,left_handRingEnd_joint,0.2573778,-0.16502689,0.17041607,0.658975,-0.5997111,0.3870242,-0.23729928
1783532868.0121,31,left_handThumbStart_joint,0.23306306,0.009459657,0.1388103,0.24826826,-0.15425204,0.9095667,-0.29539418
1783532868.0121,31,left_handThumb_1_joint,0.19535862,-0.023509631,0.15816651,0.24826826,-0.15425204,0.9095667,-0.29539418
1783532868.0121,31,left_handThumb_2_joint,0.1684071,-0.047073755,0.17200296,0.24826826,-0.154252,0.9095667,-0.29539418
1783532868.0121,31,left_handThumbEnd_joint,0.15043941,-0.062783174,0.18122727,0.24826826,-0.15425198,0.9095667,-0.29539418
1783532868.0121,31,neck_1_joint,-0.020906908,0.5837968,0.060936607,0.58340234,0.37710243,0.6180589,0.3680203
1783532868.0121,31,neck_2_joint,-0.022359097,0.61064446,0.07424434,0.5729626,0.39060265,0.6124847,0.3794817
1783532868.0121,31,neck_3_joint,-0.02457573,0.64714265,0.09046069,0.55373985,0.4145954,0.6012866,0.39992204
1783532868.0121,31,neck_4_joint,-0.027250525,0.6847463,0.10383272,0.5350153,0.4365972,0.58942544,0.41918933
1783532868.0121,31,head_joint,-0.03075897,0.7291621,0.11662086,0.4752158,0.49971336,0.5391249,0.48352975
1783532868.0121,31,jaw_joint,-0.028972626,0.7040896,0.12088403,0.4752158,0.49971336,0.5391249,0.48352975
1783532868.0121,31,chin_joint,-0.029577956,0.65097696,0.21926437,0.4752158,0.49971336,0.5391249,0.48352975
1783532868.0121,31,left_eye_joint,-0.005265355,0.76135534,0.20561597,0.47955593,0.49554998,0.5433213,0.4788096
1783532868.0121,31,left_eyeLowerLid_joint,-0.005265355,0.76135534,0.20561597,0.47955593,0.49554998,0.5433213,0.4788096
1783532868.0121,31,left_eyeUpperLid_joint,-0.005265355,0.76135534,0.20561597,0.47955593,0.49554998,0.5433213,0.4788096
1783532868.0121,31,left_eyeball_joint,-0.005265355,0.76135534,0.20561597,0.47955593,0.49554998,0.5433213,0.4788096
1783532868.0121,31,nose_joint,-0.03586544,0.7255353,0.22644243,0.47955856,0.49554738,0.5433239,0.4788067
1783532868.0121,31,right_eye_joint,-0.06961943,0.75623274,0.20245449,0.47955593,0.49554998,0.5433213,0.4788096
1783532868.0121,31,right_eyeLowerLid_joint,-0.06961943,0.75623274,0.20245449,0.47955593,0.49554998,0.5433213,0.4788096
1783532868.0121,31,right_eyeUpperLid_joint,-0.06961943,0.75623274,0.20245449,0.47955593,0.49554998,0.5433213,0.4788096
1783532868.0121,31,right_eyeball_joint,-0.06961943,0.75623274,0.20245449,0.47955593,0.49554998,0.5433213,0.4788096
1783532868.0121,31,right_shoulder_1_joint,-0.1093234,0.55924314,0.054314893,0.78442305,0.1309558,0.06778963,0.60244185
1783532868.0121,31,right_arm_joint,-0.24806444,0.5175954,0.061775513,0.68647444,0.52430916,0.34706214,0.36524117
1783532868.0121,31,right_forearm_joint,-0.30373415,0.25869212,0.0369058,0.51758975,0.710876,0.25594333,0.40155882
1783532868.0121,31,right_hand_joint,-0.2657618,0.006414623,0.11889672,0.17170148,0.41370037,0.63222134,0.6321923
1783532868.0121,31,right_handIndexStart_joint,-0.25093794,-0.011769919,0.13549481,0.12817554,0.45584747,0.6429344,0.6020049
1783532868.0121,31,right_handIndex_1_joint,-0.23147686,-0.08332287,0.16633607,0.12817554,0.45584747,0.6429344,0.6020049
1783532868.0121,31,right_handIndex_2_joint,-0.2201618,-0.12492361,0.18426664,0.12817554,0.45584747,0.6429344,0.6020049
1783532868.0121,31,right_handIndex_3_joint,-0.21382591,-0.1482203,0.19430847,0.12817554,0.45584747,0.6429344,0.6020049
1783532868.0121,31,right_handIndexEnd_joint,-0.20930026,-0.16486052,0.20148115,0.12817554,0.45584747,0.6429344,0.6020049
1783532868.0121,31,right_handMidStart_joint,-0.26001003,-0.017454794,0.12851249,0.17108572,0.41423,0.6326218,0.6316116
1783532868.0121,31,right_handMid_1_joint,-0.24909472,-0.08897637,0.15183395,0.17108572,0.41423,0.6326218,0.6316116
1783532868.0121,31,right_handMid_2_joint,-0.24142486,-0.13923413,0.16822225,0.17108572,0.41423,0.6326218,0.6316116
1783532868.0121,31,right_handMid_3_joint,-0.23699969,-0.16822916,0.17767692,0.17108572,0.41423,0.6326218,0.6316116
1783532868.0121,31,right_handMidEnd_joint,-0.23404989,-0.18755881,0.18398015,0.17108572,0.41423,0.6326218,0.6316116
1783532868.0121,31,right_handPinkyStart_joint,-0.2785231,-0.025727767,0.10959606,0.24820462,0.33748272,0.6343337,0.6497083
1783532868.0121,31,right_handPinky_1_joint,-0.27645633,-0.08870729,0.11744736,0.24820462,0.33748272,0.6343337,0.6497083
1783532868.0121,31,right_handPinky_2_joint,-0.27518004,-0.12760717,0.12229727,0.24820462,0.33748272,0.6343337,0.6497083
1783532868.0121,31,right_handPinky_3_joint,-0.27451107,-0.14798294,0.124837,0.24820462,0.33748272,0.6343337,0.6497083
1783532868.0121,31,right_handPinkyEnd_joint,-0.27390328,-0.16650625,0.12714612,0.24820462,0.33748272,0.6343337,0.6497083
1783532868.0121,31,right_handRingStart_joint,-0.2684659,-0.021785267,0.1198034,0.21057157,0.3769888,0.6340925,0.64145637
1783532868.0121,31,right_handRing_1_joint,-0.26229212,-0.089698195,0.13493337,0.21057157,0.3769888,0.6340925,0.64145637
1783532868.0121,31,right_handRing_2_joint,-0.25793403,-0.13763632,0.14561304,0.21057157,0.3769888,0.6340925,0.64145637
1783532868.0121,31,right_handRing_3_joint,-0.25521052,-0.16759805,0.15228835,0.21057157,0.3769888,0.6340925,0.64145637
1783532868.0121,31,right_handRingEnd_joint,-0.25339416,-0.18757302,0.1567379,0.21057157,0.3769888,0.6340925,0.64145637
1783532868.0121,31,right_handThumbStart_joint,-0.24207279,-0.01126507,0.12805042,0.2553995,0.9137983,0.17671828,0.2617533
1783532868.0121,31,right_handThumb_1_joint,-0.2027407,-0.041298885,0.14888889,0.2553995,0.9137983,0.17671826,0.2617533
1783532868.0121,31,right_handThumb_2_joint,-0.17462635,-0.06276449,0.16378522,0.25539953,0.9137983,0.17671825,0.2617533
1783532868.0121,31,right_handThumbEnd_joint,-0.15588336,-0.077075094,0.17371534,0.2553995,0.9137983,0.17671822,0.2617533
1783532868.0121,31,camera,-0.11415171,0.0057045803,0.13772258,-0.07260239,-0.11064075,-0.7117504,0.6898542
1783532868.0451,32,root,-3.789534e-05,0.019353684,-0.0019826419,0.0010703994,-0.004243217,-0.00021437729,0.9999904
1783532868.0451,32,hips_joint,-3.789534e-05,0.019353684,-0.0019826419,0.0010703994,-0.004243217,-0.00021437729,0.9999904
1783532868.0451,32,left_upLeg_joint,0.10047985,-0.005670787,-0.00022463709,0.6043803,-0.40431523,0.5425326,-0.4206092
1783532868.0451,32,left_leg_joint,0.13601027,-0.40365696,0.13270622,-0.34318194,0.64070415,-0.32847798,0.60318065
1783532868.0451,32,left_foot_joint,0.11918186,-0.7859741,-0.117653355,0.66526806,-0.2927333,0.63055485,-0.27226183
1783532868.0451,32,left_toes_joint,0.12416186,-0.8951912,-0.01637495,0.70869285,-0.16133548,0.6707284,-0.14781393
1783532868.0451,32,left_toesEnd_joint,0.12708537,-0.9210908,0.038400315,0.7086929,-0.16133529,0.6707283,-0.14781414
1783532868.0451,32,right_upLeg_joint,-0.10059289,-0.00557799,-0.0019304763,0.42140475,0.5304896,0.49844903,0.5408763
1783532868.0451,32,right_leg_joint,-0.07543618,-0.4209023,0.062817216,0.58414954,0.3492891,0.6514318,0.33526582
1783532868.0451,32,right_foot_joint,-0.033028003,-0.8072714,-0.17811826,0.24444653,0.6351996,0.30605978,0.66565365
1783532868.0451,32,right_toes_joint,-0.033877153,-0.91427684,-0.07438987,0.11962313,0.67001706,0.17434669,0.7115972
1783532868.0451,32,right_toesEnd_joint,-0.03638608,-0.93905205,-0.019077023,0.11962362,0.6700171,0.17434622,0.7115972
1783532868.0451,32,spine_1_joint,-3.791512e-05,0.019353684,-0.0019826419,0.47750753,0.5177928,0.4924409,0.5112522
1783532868.0451,32,spine_2_joint,-0.0012589139,0.076792784,-0.005387287,0.46708038,0.52776057,0.48778954,0.51513684
1783532868.0451,32,spine_3_joint,-0.0031546897,0.13409069,-0.0104556205,0.4723994,0.5199935,0.49904856,0.5073422
1783532868.0451,32,spine_4_joint,-0.0052177114,0.18702106,-0.01343349,0.4934601,0.49661747,0.52261364,0.48656273
1783532868.0451,32,spine_5_joint,-0.007998606,0.25739887,-0.011365883,0.5330537,0.45050564,0.5615293,0.44450355
1783532868.0451,32,spine_6_joint,-0.011434896,0.34920505,0.0077678584,0.54633087,0.43038806,0.5786856,0.42592463
1783532868.0451,32,spine_7_joint,-0.015754383,0.45216024,0.03692015,0.5393945,0.43879256,0.5721166,0.43496823
1783532868.0451,32,left_shoulder_1_joint,0.06919704,0.5652992,0.061178073,-0.6090257,0.01495114,-0.11301436,0.7849153
1783532868.0451,32,left_arm_joint,0.21047671,0.5369239,0.0777408,-0.3464743,0.33149707,-0.5122218,0.71252686
1783532868.0451,32,left_forearm_joint,0.2784302,0.281669,0.04649861,-0.3956695,0.22167751,-0.7051007,0.5451038
1783532868.0451,32,left_hand_joint,0.25361195,0.02867073,0.13125739,0.6440476,-0.60138065,0.4297086,-0.19721824
1783532868.0451,32,left_handIndexStart_joint,0.23804481,0.009775366,0.14837854,0.6145912,-0.6132731,0.4702773,-0.15815698
1783532868.0451,32,left_handIndex_1_joint,0.2224221,-0.062711306,0.1792234,0.6145912,-0.6132731,0.4702773,-0.15815698
1783532868.0451,32,left_handIndex_2_joint,0.21333912,-0.10485472,0.19715644,0.6145912,-0.6132731,0.4702773,-0.15815698
1783532868.0451,32,left_handIndex_3_joint,0.20825265,-0.12845503,0.20719896,0.6145912,-0.6132731,0.4702773,-0.15815698
1783532868.0451,32,left_handIndexEnd_joint,0.20461947,-0.1453124,0.21437217,0.6145912,-0.6132731,0.4702773,-0.15815698
1783532868.0451,32,left_handMidStart_joint,0.24787259,0.004719155,0.14195785,0.64513284,-0.6010015,0.42778888,-0.19899261
1783532868.0451,32,left_handMid_1_joint,0.24115197,-0.06716849,0.16573314,0.64513284,-0.6010015,0.42778888,-0.19899261
1783532868.0451,32,left_handMid_2_joint,0.23642938,-0.11768413,0.1824401,0.64513284,-0.6010015,0.42778888,-0.19899261
1783532868.0451,32,left_handMid_3_joint,0.2337048,-0.14682777,0.19207874,0.64513284,-0.6010015,0.42778888,-0.19899261
1783532868.0451,32,left_handMidEnd_joint,0.23188843,-0.16625686,0.19850451,0.64513284,-0.6010015,0.42778888,-0.19899261
1783532868.0451,32,left_handPinkyStart_joint,0.26792198,-0.0023290014,0.12414355,0.66576296,-0.6005093,0.3486934,-0.2730598
1783532868.0451,32,left_handPinky_1_joint,0.27018282,-0.065196745,0.13280162,0.66576296,-0.6005093,0.3486934,-0.2730598
1783532868.0451,32,left_handPinky_2_joint,0.27157924,-0.10402681,0.13814925,0.66576296,-0.6005093,0.3486934,-0.2730598
1783532868.0451,32,left_handPinky_3_joint,0.2723107,-0.12436637,0.14095038,0.66576296,-0.6005093,0.3486934,-0.2730598
1783532868.0451,32,left_handPinkyEnd_joint,0.27297565,-0.1428569,0.14349687,0.66576296,-0.6005093,0.3486934,-0.2730598
1783532868.0451,32,left_handRingStart_joint,0.25707525,0.00094944955,0.13376017,0.65624315,-0.60130805,0.38936198,-0.23700526
1783532868.0451,32,left_handRing_1_joint,0.25523484,-0.06706984,0.14954703,0.65624315,-0.60130805,0.38936198,-0.23700526
1783532868.0451,32,left_handRing_2_joint,0.25393572,-0.11508346,0.16069068,0.65624315,-0.60130805,0.38936198,-0.23700526
1783532868.0451,32,left_handRing_3_joint,0.25312376,-0.14509197,0.16765548,0.65624315,-0.60130805,0.38936198,-0.23700526
1783532868.0451,32,left_handRingEnd_joint,0.25258246,-0.16509765,0.17229867,0.65624315,-0.60130805,0.38936198,-0.23700526
1783532868.0451,32,left_handThumbStart_joint,0.22956999,0.009527015,0.1404812,0.24598777,-0.1541817,0.91110986,-0.29256994
1783532868.0451,32,left_handThumb_1_joint,0.19156612,-0.023175264,0.15970442,0.24598777,-0.1541817,0.91110986,-0.29256994
1783532868.0451,32,left_handThumb_2_joint,0.16440059,-0.04654852,0.1734458,0.24598777,-0.15418169,0.91110986,-0.29256994
1783532868.0451,32,left_handThumbEnd_joint,0.14629024,-0.062130693,0.18260673,0.24598777,-0.15418166,0.91110986,-0.29256994
1783532868.0451,32,neck_1_joint,-0.02090325,0.5838866,0.061974987,0.5839896,0.37600586,0.6184384,0.36757287
1783532868.0451,32,neck_2_joint,-0.022334043,0.6107009,0.07535212,0.57357126,0.3895169,0.61287564,0.37904662
1783532868.0451,32,neck_3_joint,-0.024521243,0.6471588,0.09166274,0.5543868,0.41353086,0.6016978,0.39950913
1783532868.0451,32,neck_4_joint,-0.027165081,0.68473,0.10513185,0.53569806,0.43555441,0.5898549,0.41879737
1783532868.0451,32,head_joint,-0.030636389,0.7291155,0.11803461,0.47601503,0.49875656,0.53960204,0.483199
1783532868.0451,32,jaw_joint,-0.028873159,0.70403033,0.122233,0.47601503,0.49875656,0.53960204,0.483199
1783532868.0451,32,chin_joint,-0.029544227,0.65066314,0.220475,0.47601503,0.49875656,0.53960204,0.483199
1783532868.0451,32,left_eye_joint,-0.0051308465,0.7610549,0.2071177,0.4803467,0.4945861,0.5437957,0.47847462
1783532868.0451,32,left_eyeLowerLid_joint,-0.0051308465,0.7610549,0.2071177,0.4803467,0.4945861,0.5437957,0.47847462
1783532868.0451,32,left_eyeUpperLid_joint,-0.0051308465,0.7610549,0.2071177,0.4803467,0.4945861,0.5437957,0.47847462
1783532868.0451,32,left_eyeball_joint,-0.0051308465,0.7610549,0.2071177,0.4803467,0.4945861,0.5437957,0.47847462
1783532868.0451,32,nose_joint,-0.035766695,0.7252081,0.22784542,0.48034933,0.49458358,0.5437982,0.47847176
1783532868.0451,32,right_eye_joint,-0.069488846,0.75599784,0.203931,0.4803467,0.4945861,0.5437957,0.47847462
1783532868.0451,32,right_eyeLowerLid_joint,-0.069488846,0.75599784,0.203931,0.4803467,0.4945861,0.5437957,0.47847462
1783532868.0451,32,right_eyeUpperLid_joint,-0.069488846,0.75599784,0.203931,0.4803467,0.4945861,0.5437957,0.47847462
1783532868.0451,32,right_eyeball_joint,-0.069488846,0.75599784,0.203931,0.4803467,0.4945861,0.5437957,0.47847462
1783532868.0451,32,right_shoulder_1_joint,-0.109340444,0.559429,0.0552746,0.78518707,0.12987034,0.06595949,0.6018843
1783532868.0451,32,right_arm_joint,-0.24823463,0.51833004,0.06292635,0.6869365,0.52465284,0.34673327,0.36418954
1783532868.0451,32,right_forearm_joint,-0.30383393,0.25943014,0.037864797,0.5165604,0.7124128,0.25539574,0.4005082
1783532868.0451,32,right_hand_joint,-0.26483938,0.0073810765,0.12007813,0.1715116,0.41525733,0.6327089,0.6307338
1783532868.0451,32,right_handIndexStart_joint,-0.24991241,-0.0107349325,0.13665873,0.12795381,0.4573009,0.64340705,0.60044277
1783532868.0451,32,right_handIndex_1_joint,-0.23014048,-0.08218579,0.16753897,0.12795381,0.4573009,0.64340705,0.60044277
1783532868.0451,32,right_handIndex_2_joint,-0.21864471,-0.12372719,0.18549219,0.12795381,0.4573009,0.64340705,0.60044277
1783532868.0451,32,right_handIndex_3_joint,-0.21220762,-0.14699064,0.1955467,0.12795381,0.4573009,0.64340705,0.60044277
1783532868.0451,32,right_handIndexEnd_joint,-0.20760968,-0.16360709,0.20272844,0.12795381,0.4573009,0.64340705,0.60044277
1783532868.0451,32,right_handMidStart_joint,-0.2589858,-0.016457496,0.12970896,0.17089593,0.41578546,0.633109,0.63015133
1783532868.0451,32,right_handMid_1_joint,-0.24778047,-0.08791376,0.15309307,0.17089593,0.41578546,0.633109,0.63015133
1783532868.0451,32,right_handMid_2_joint,-0.2399068,-0.13812561,0.16952541,0.17089593,0.41578546,0.633109,0.63015133
1783532868.0451,32,right_handMid_3_joint,-0.23536406,-0.16709416,0.17900546,0.17089593,0.41578546,0.633109,0.63015133
1783532868.0451,32,right_handMidEnd_joint,-0.23233588,-0.18640617,0.18532564,0.17089593,0.41578546,0.633109,0.63015133
1783532868.0451,32,right_handPinkyStart_joint,-0.27752492,-0.024813509,0.110854656,0.2481262,0.33918607,0.63479275,0.6484017
1783532868.0451,32,right_handPinky_1_joint,-0.27523777,-0.08777588,0.118782066,0.2481262,0.33918607,0.63479275,0.6484017
1783532868.0451,32,right_handPinky_2_joint,-0.27382544,-0.12666516,0.123679,0.2481262,0.33918607,0.63479275,0.6484017
1783532868.0451,32,right_handPinky_3_joint,-0.27308518,-0.14703539,0.12624335,0.2481262,0.33918607,0.63479275,0.6484017
1783532868.0451,32,right_handPinkyEnd_joint,-0.27241257,-0.16555364,0.12857486,0.2481262,0.33918607,0.63479275,0.6484017
1783532868.0451,32,right_handRingStart_joint,-0.26745203,-0.020825984,0.12102897,0.21043597,0.37862104,0.63456464,0.6400711
1783532868.0451,32,right_handRing_1_joint,-0.26102224,-0.088699274,0.13623005,0.21043597,0.37862104,0.63456464,0.6400711
1783532868.0451,32,right_handRing_2_joint,-0.25648347,-0.1366094,0.14695995,0.21043597,0.37862104,0.63456464,0.6400711
1783532868.0451,32,right_handRing_3_joint,-0.253647,-0.16655365,0.15366663,0.21043597,0.37862104,0.63456464,0.6400711
1783532868.0451,32,right_handRingEnd_joint,-0.25175536,-0.18651693,0.15813708,0.21043597,0.37862104,0.63456464,0.6400711
1783532868.0451,32,right_handThumbStart_joint,-0.2410695,-0.010211898,0.12918915,0.2540324,0.91467613,0.17618097,0.26037616
1783532868.0451,32,right_handThumb_1_joint,-0.20158538,-0.040094346,0.14995763,0.2540324,0.91467613,0.17618096,0.26037616
1783532868.0451,32,right_handThumb_2_joint,-0.17336236,-0.06145176,0.16480395,0.2540324,0.91467613,0.17618094,0.26037616
1783532868.0451,32,right_handThumbEnd_joint,-0.15454693,-0.07569023,0.1747007,0.25403243,0.91467613,0.17618091,0.26037616
1783532868.0451,32,camera,-0.11401237,0.0056106057,0.137423,-0.0727436,-0.11156068,-0.7116407,0.6898044
1783532868.0783,33,root,-9.8074124e-05,0.019585101,-0.0016921575,-0.0014991708,-0.0048736124,0.000110228684,0.99998695
1783532868.0783,33,hips_joint,-9.8074124e-05,0.019585101,-0.0016921575,-0.0014991708,-0.0048736124,0.000110228684,0.99998695
1783532868.0783,33,left_upLeg_joint,0.10043295,-0.0053667403,0.00032104118,0.60630494,-0.40062037,0.545104,-0.41804203
1783532868.0783,33,left_leg_joint,0.1361128,-0.4018539,0.13761936,-0.3374249,0.6433818,-0.32451224,0.60571945
1783532868.0783,33,left_foot_joint,0.118507974,-0.7801895,-0.118664846,0.6623875,-0.2983915,0.62899864,-0.27670595
1783532868.0783,33,left_toes_joint,0.1230753,-0.8909793,-0.019089507,0.70693696,-0.16743709,0.6700427,-0.15247245
1783532868.0783,33,left_toesEnd_joint,0.12586696,-0.9177342,0.03528001,0.706937,-0.1674369,0.67004263,-0.15247266
1783532868.0783,33,right_upLeg_joint,-0.1006375,-0.0054092477,-0.0016383594,0.41861498,0.5316135,0.49639633,0.543819
1783532868.0783,33,right_leg_joint,-0.07619532,-0.42017856,0.06683358,0.58541507,0.34477478,0.6551439,0.33046326
1783532868.0783,33,right_foot_joint,-0.03221686,-0.8027954,-0.17974213,0.2482267,0.6324263,0.31194356,0.6641623
1783532868.0783,33,right_toes_joint,-0.033029996,-0.91134006,-0.07762526,0.123860426,0.6680106,0.18040651,0.71124804
1783532868.0783,33,right_toesEnd_joint,-0.03560382,-0.9369451,-0.02269463,0.12386092,0.6680107,0.18040605,0.711248
1783532868.0783,33,spine_1_joint,-9.809391e-05,0.019585101,-0.0016921577,0.47633606,0.51839036,0.49182972,0.5123264
1783532868.0783,33,spine_2_joint,-0.0013211191,0.077011995,-0.005295982,0.46650052,0.5278988,0.48744315,0.5158479
1783532868.0783,33,spine_3_joint,-0.0031948125,0.13430145,-0.010466871,0.47239262,0.5197411,0.4989936,0.5076609
1783532868.0783,33,spine_4_joint,-0.0052241883,0.18723272,-0.013451843,0.4939347,0.4959857,0.5227884,0.48653784
1783532868.0783,33,spine_5_joint,-0.007942384,0.25761017,-0.0112920385,0.5338562,0.44948712,0.561842,0.444176
1783532868.0783,33,spine_6_joint,-0.011272729,0.3493724,0.008069936,0.547333,0.42910784,0.5790273,0.4254648
1783532868.0783,33,spine_7_joint,-0.015441507,0.4522419,0.03754493,0.54052323,0.43744245,0.5724254,0.43451995
1783532868.0783,33,left_shoulder_1_joint,0.06970251,0.56515896,0.06215864,-0.60870117,0.014982225,-0.113463916,0.7851014
1783532868.0783,33,left_arm_joint,0.21095242,0.5366711,0.07878223,-0.34574077,0.33189696,-0.5145114,0.7110455
1783532868.0783,33,left_forearm_joint,0.27751416,0.28100955,0.04787127,-0.395123,0.22204411,-0.7069405,0.54296356
1783532868.0783,33,left_hand_joint,0.25121638,0.02827198,0.13296074,0.6423232,-0.60278064,0.43095726,-0.1958378
1783532868.0783,33,left_handIndexStart_joint,0.23552956,0.009487373,0.15009448,-0.61278886,0.6145799,-0.47141257,0.1566898
1783532868.0783,33,left_handIndex_1_joint,0.21947734,-0.06286813,0.18102655,-0.61278886,0.6145799,-0.47141257,0.1566898
1783532868.0783,33,left_handIndex_2_joint,0.21014467,-0.10493528,0.19901031,-0.61278886,0.6145799,-0.47141257,0.1566898
1783532868.0783,33,left_handIndex_3_joint,0.20491835,-0.12849289,0.20908123,-0.61278886,0.6145799,-0.47141257,0.1566898
1783532868.0783,33,left_handIndexEnd_joint,0.2011853,-0.14531974,0.21627474,-0.61278886,0.6145799,-0.47141257,0.1566898
1783532868.0783,33,left_handMidStart_joint,0.2453347,0.004367661,0.14368951,0.6434116,-0.60240513,0.42904273,-0.19761656
1783532868.0783,33,left_handMid_1_joint,0.23819394,-0.06744819,0.16755907,0.6434116,-0.60240513,0.42904273,-0.19761656
1783532868.0783,33,left_handMid_2_joint,0.23317611,-0.11791338,0.18433227,0.6434116,-0.60240513,0.42904273,-0.19761656
1783532868.0783,33,left_handMid_3_joint,0.23028122,-0.14702791,0.19400911,0.6434116,-0.60240513,0.42904273,-0.19761656
1783532868.0783,33,left_handMidEnd_joint,0.22835128,-0.1664376,0.20046033,0.6434116,-0.60240513,0.42904273,-0.19761656
1783532868.0783,33,left_handPinkyStart_joint,0.26536015,-0.0028166913,0.12590276,0.6641294,-0.6019929,0.35016203,-0.27188852
1783532868.0783,33,left_handPinky_1_joint,0.26726407,-0.065683834,0.13465045,0.6641294,-0.6019929,0.35016203,-0.27188852
1783532868.0783,33,left_handPinky_2_joint,0.26844,-0.10451354,0.14005344,0.6641294,-0.6019929,0.35016203,-0.27188852
1783532868.0783,33,left_handPinky_3_joint,0.269056,-0.1248529,0.14288357,0.6641294,-0.6019929,0.35016203,-0.27188852
1783532868.0783,33,left_handPinkyEnd_joint,0.26961598,-0.14334324,0.14545642,0.6641294,-0.6019929,0.35016203,-0.27188852
1783532868.0783,33,left_handRingStart_joint,0.2545234,0.00053542136,0.13550521,0.6545644,-0.60275257,0.3907266,-0.23572817
1783532868.0783,33,left_handRing_1_joint,0.25229126,-0.067450434,0.15138526,0.6545644,-0.60275257,0.3907266,-0.23572817
1783532868.0783,33,left_handRing_2_joint,0.2507156,-0.11544044,0.16259469,0.6545644,-0.60275257,0.3907266,-0.23572817
1783532868.0783,33,left_handRing_3_joint,0.24973083,-0.1454342,0.16960059,0.6545644,-0.60275257,0.3907266,-0.23572817
1783532868.0783,33,left_handRingEnd_joint,0.24907432,-0.16543004,0.1742712,0.6545644,-0.60275257,0.3907266,-0.23572817
1783532868.0783,33,left_handThumbStart_joint,0.22706036,0.009275066,0.14219002,0.2453627,-0.15409982,0.9121344,-0.2899333
1783532868.0783,33,left_handThumb_1_joint,0.1888586,-0.023188628,0.16142528,0.2453627,-0.15409982,0.9121344,-0.2899333
1783532868.0783,33,left_handThumb_2_joint,0.16155162,-0.04639134,0.17517526,0.2453627,-0.1540998,0.9121344,-0.2899333
1783532868.0783,33,left_handThumbEnd_joint,0.14334698,-0.061859827,0.18434192,0.24536267,-0.15409978,0.9121344,-0.2899333
1783532868.0783,33,neck_1_joint,-0.02036653,0.5838937,0.06303277,0.5849668,0.37452683,0.618701,0.36708662
1783532868.0783,33,neck_2_joint,-0.021750206,0.61066586,0.07649891,0.57457817,0.38805676,0.61315197,0.3785717
1783532868.0783,33,neck_3_joint,-0.023873677,0.64707315,0.09293063,0.5554466,0.41210696,0.6019986,0.39905438
1783532868.0783,33,neck_4_joint,-0.026452435,0.6846038,0.106524624,0.5368073,0.4341675,0.59017783,0.4183618
1783532868.0783,33,head_joint,-0.029847402,0.7289521,0.119574994,0.47727922,0.49750835,0.5399815,0.48281452
1783532868.0783,33,jaw_joint,-0.028125279,0.7038502,0.123689935,0.47727922,0.49750835,0.5399815,0.48281452
1783532868.0783,33,chin_joint,-0.028867913,0.650159,0.2217547,0.47727922,0.49750835,0.5399815,0.48281452
1783532868.0783,33,left_eye_joint,-0.0042727897,0.7605536,0.20875873,0.48159996,0.49332693,0.5441717,0.47808686
1783532868.0783,33,left_eyeLowerLid_joint,-0.0042727897,0.7605536,0.20875873,0.48159996,0.49332693,0.5441717,0.47808686
1783532868.0783,33,left_eyeUpperLid_joint,-0.0042727897,0.7605536,0.20875873,0.48159996,0.49332693,0.5441717,0.47808686
1783532868.0783,33,left_eyeball_joint,-0.0042727897,0.7605536,0.20875873,0.48159996,0.49332693,0.5441717,0.47808686
1783532868.0783,33,nose_joint,-0.034964714,0.7246895,0.22937316,0.48160258,0.49332443,0.5441742,0.478084
1783532868.0783,33,right_eye_joint,-0.068639696,0.75561446,0.20556709,0.48159996,0.49332693,0.5441717,0.47808686
1783532868.0783,33,right_eyeLowerLid_joint,-0.068639696,0.75561446,0.20556709,0.48159996,0.49332693,0.5441717,0.47808686
1783532868.0783,33,right_eyeUpperLid_joint,-0.068639696,0.75561446,0.20556709,0.48159996,0.49332693,0.5441717,0.47808686
1783532868.0783,33,right_eyeball_joint,-0.068639696,0.75561446,0.20556709,0.48159996,0.49332693,0.5441717,0.47808686
1783532868.0783,33,right_shoulder_1_joint,-0.10884547,0.55960554,0.05626809,0.7862948,0.12862536,0.06462011,0.6008495
1783532868.0783,33,right_arm_joint,-0.24788375,0.5190021,0.06394817,0.68784803,0.523983,0.34699813,0.36317894
1783532868.0783,33,right_forearm_joint,-0.3037589,0.26022804,0.03821013,0.5164714,0.71278566,0.25523227,0.40006265
1783532868.0783,33,right_hand_joint,-0.26452434,0.008205776,0.120390676,0.17170867,0.4156532,0.6328026,0.63032454
1783532868.0783,33,right_handIndexStart_joint,-0.24956886,-0.009900562,0.1369561,0.12814431,0.4576677,0.64351374,0.6000074
1783532868.0783,33,right_handIndex_1_joint,-0.2297209,-0.08133827,0.16781782,0.12814431,0.4576677,0.64351374,0.6000074
1783532868.0783,33,right_handIndex_2_joint,-0.21818094,-0.12287201,0.18576029,0.12814431,0.4576677,0.64351374,0.6000074
1783532868.0783,33,right_handIndex_3_joint,-0.2117191,-0.14613117,0.19580877,0.12814431,0.4576677,0.64351374,0.6000074
1783532868.0783,33,right_handIndexEnd_joint,-0.20710348,-0.1627446,0.20298621,0.12814431,0.4576677,0.64351374,0.6000074
1783532868.0783,33,right_handMidStart_joint,-0.25864613,-0.015628882,0.13001612,0.17109308,0.4161808,0.6332028,0.62974167
1783532868.0783,33,right_handMid_1_joint,-0.24737266,-0.08707745,0.15339077,0.17109308,0.4161808,0.6332028,0.62974167
1783532868.0783,33,right_handMid_2_joint,-0.23945114,-0.13728389,0.16981645,0.17109308,0.4161808,0.6332028,0.62974167
1783532868.0783,33,right_handMid_3_joint,-0.2348808,-0.16624933,0.17929268,0.17109308,0.4161808,0.6332028,0.62974167
1783532868.0783,33,right_handMidEnd_joint,-0.23183422,-0.18555927,0.18561026,0.17109308,0.4161808,0.6332028,0.62974167
1783532868.0783,33,right_handPinkyStart_joint,-0.2772,-0.02399682,0.111181684,0.24834721,0.3396147,0.63485277,0.6480333
1783532868.0783,33,right_handPinky_1_joint,-0.27486625,-0.08695747,0.119108796,0.24834721,0.3396147,0.63485277,0.6480333
1783532868.0783,33,right_handPinky_2_joint,-0.27342507,-0.1258457,0.124005534,0.24834721,0.3396147,0.63485277,0.6480333
1783532868.0783,33,right_handPinky_3_joint,-0.27266973,-0.14621536,0.1265698,0.24834721,0.3396147,0.63485277,0.6480333
1783532868.0783,33,right_handPinkyEnd_joint,-0.2719834,-0.16473313,0.12890121,0.24834721,0.3396147,0.63485277,0.6480333
1783532868.0783,33,right_handRingStart_joint,-0.26711884,-0.020002816,0.121345215,0.21064499,0.37903383,0.6346413,0.6396813
1783532868.0783,33,right_handRing_1_joint,-0.26063174,-0.0878716,0.13654178,0.21064499,0.37903383,0.6346413,0.6396813
1783532868.0783,33,right_handRing_2_joint,-0.2560525,-0.13577856,0.14726847,0.21064499,0.37903383,0.6346413,0.6396813
1783532868.0783,33,right_handRing_3_joint,-0.25319073,-0.16572082,0.15397316,0.21064499,0.37903383,0.6346413,0.6396813
1783532868.0783,33,right_handRingEnd_joint,-0.25128222,-0.18568279,0.15844229,0.21064499,0.37903383,0.6346413,0.6396813
1783532868.0783,33,right_handThumbStart_joint,-0.24073417,-0.009372414,0.12947717,0.25384256,0.9148935,0.17611025,0.25984338
1783532868.0783,33,right_handThumb_1_joint,-0.20121004,-0.03923009,0.15020491,0.25384256,0.9148935,0.17611025,0.25984338
1783532868.0783,33,right_handThumb_2_joint,-0.1729584,-0.06056979,0.1650221,0.2538426,0.9148935,0.17611024,0.25984338
1783532868.0783,33,right_handThumbEnd_joint,-0.15412392,-0.07479646,0.17489944,0.2538426,0.9148935,0.17611021,0.25984338
1783532868.0783,33,camera,-0.113925815,0.00568659,0.13732554,-0.07287103,-0.111582175,-0.71177995,0.68964374
1783532868.1123,34,root,-0.00014529463,0.019902807,-0.0013150629,-0.0048963926,-0.0056668776,0.00017054306,0.999972
1783532868.1123,34,hips_joint,-0.00014529463,0.019902807,-0.0013150629,-0.0048963926,-0.0056668776,0.00017054306,0.999972
1783532868.1123,34,left_upLeg_joint,0.10038451,-0.0050252005,0.0010271642,0.60811347,-0.39644367,0.5486798,-0.4147061
1783532868.1123,34,left_leg_joint,0.13557418,-0.39970085,0.14357151,-0.32786977,0.6476134,-0.31838202,0.6096977
1783532868.1123,34,left_foot_joint,0.11657744,-0.7714451,-0.12208765,0.6574752,-0.30761513,0.6266261,-0.28361803
1783532868.1123,34,left_toes_joint,0.120366625,-0.88470083,-0.025292711,0.7038619,-0.17742461,0.66902333,-0.15970896
1783532868.1123,34,left_toesEnd_joint,0.122906044,-0.9128146,0.028399272,0.70386195,-0.17742439,0.6690232,-0.15970916
1783532868.1123,34,right_upLeg_joint,-0.100682564,-0.005100181,-0.0012509804,0.41557652,0.5328303,0.49339586,0.5476758
1783532868.1123,34,right_leg_joint,-0.07765079,-0.41916335,0.071829356,0.5878889,0.3380674,0.659557,0.32416317
1783532868.1123,34,right_foot_joint,-0.03255478,-0.7964871,-0.1825769,0.2543105,0.6286718,0.31930286,0.6619242
1783532868.1123,34,right_toes_joint,-0.033394545,-0.9071379,-0.08274618,0.13054556,0.6654772,0.18805659,0.71044534
1783532868.1123,34,right_toesEnd_joint,-0.03603625,-0.9338863,-0.028366426,0.13054605,0.6654774,0.18805613,0.7104452
1783532868.1123,34,spine_1_joint,-0.0001453144,0.019902807,-0.0013150632,0.47494665,0.5189445,0.49064502,0.5141888
1783532868.1123,34,spine_2_joint,-0.0013004905,0.07731238,-0.0052062524,0.46588564,0.52772653,0.48656663,0.51740575
1783532868.1123,34,spine_3_joint,-0.0030549555,0.13459043,-0.01054307,0.47247693,0.5189014,0.49855494,0.5088716
1783532868.1123,34,spine_4_joint,-0.004945343,0.18752466,-0.013567002,0.49462327,0.49446747,0.522827,0.4873422
1783532868.1123,34,spine_5_joint,-0.0074569443,0.25790665,-0.011305699,0.5348844,0.4473157,0.5623014,0.4445506
1783532868.1123,34,spine_6_joint,-0.010519974,0.34961364,0.008360009,0.5484911,0.42652947,0.5797581,0.4255722
1783532868.1123,34,spine_7_joint,-0.014399512,0.45236346,0.03828873,0.54166085,0.43483844,0.57331115,0.4345506
1783532868.1123,34,left_shoulder_1_joint,0.07104261,0.56490076,0.06359948,-0.6079268,0.015060098,-0.11471033,0.78551906
1783532868.1123,34,left_arm_joint,0.21220931,0.5361047,0.080397844,-0.3448974,0.33243385,-0.51668537,0.709627
1783532868.1123,34,left_forearm_joint,0.27738884,0.2800612,0.049702663,-0.39499843,0.22231424,-0.7080216,0.54153395
1783532868.1123,34,left_hand_joint,0.25020707,0.027509136,0.13506542,0.64136326,-0.6036468,0.431658,-0.19477123
1783532868.1123,34,left_handIndexStart_joint,0.23445351,0.008797694,0.15221806,-0.6117853,0.6153746,-0.4720505,0.15557
1783532868.1123,34,left_handIndex_1_joint,0.21814764,-0.06346798,0.1832275,-0.6117853,0.6153746,-0.4720505,0.15557
1783532868.1123,34,left_handIndex_2_joint,0.20866746,-0.105482906,0.20125623,-0.6117853,0.6153746,-0.4720505,0.15557
1783532868.1123,34,left_handIndex_3_joint,0.20335858,-0.12901126,0.21135232,-0.6117853,0.6153746,-0.4720505,0.15557
1783532868.1123,34,left_handIndexEnd_joint,0.1995665,-0.14581724,0.21856382,-0.6117853,0.6153746,-0.4720505,0.15557
1783532868.1123,34,left_handMidStart_joint,0.24424152,0.0036370538,0.1458197,0.64245325,-0.60327417,0.42974642,-0.19655271
1783532868.1123,34,left_handMid_1_joint,0.23684962,-0.06812754,0.16976696,0.64245325,-0.60327417,0.42974642,-0.19655271
1783532868.1123,34,left_handMid_2_joint,0.23165533,-0.11855672,0.18659475,0.64245325,-0.60327417,0.42974642,-0.19655271
1783532868.1123,34,left_handMid_3_joint,0.22865862,-0.14765048,0.1963031,0.64245325,-0.60327417,0.42974642,-0.19655271
1783532868.1123,34,left_handMidEnd_joint,0.2266608,-0.16704631,0.20277531,0.64245325,-0.60327417,0.42974642,-0.19655271
1783532868.1123,34,left_handPinkyStart_joint,0.26424378,-0.0036360477,0.12804288,0.6632164,-0.6029371,0.3509953,-0.27094987
1783532868.1123,34,left_handPinky_1_joint,0.265929,-0.066499844,0.13685942,0.6632164,-0.6029371,0.3509953,-0.27094987
1783532868.1123,34,left_handPinky_2_joint,0.2669699,-0.10532748,0.14230494,0.6632164,-0.6029371,0.3509953,-0.27094987
1783532868.1123,34,left_handPinky_3_joint,0.26751515,-0.12566577,0.14515735,0.6632164,-0.6029371,0.3509953,-0.27094987
1783532868.1123,34,left_handPinkyEnd_joint,0.2680108,-0.14415511,0.14775047,0.6632164,-0.6029371,0.3509953,-0.27094987
1783532868.1123,34,left_handRingStart_joint,0.25341773,-0.0002359271,0.13764055,0.65362823,-0.6036599,0.3914972,-0.23472457
1783532868.1123,34,left_handRing_1_joint,0.2509485,-0.06819629,0.15359461,0.65362823,-0.6036599,0.3914972,-0.23472457
1783532868.1123,34,left_handRing_2_joint,0.24920547,-0.116168305,0.16485631,0.65362823,-0.6036599,0.3914972,-0.23472457
1783532868.1123,34,left_handRing_3_joint,0.24811609,-0.14615081,0.17189488,0.65362823,-0.6036599,0.3914972,-0.23472457
1783532868.1123,34,left_handRingEnd_joint,0.24738982,-0.16613916,0.17658724,0.65362823,-0.6036599,0.3914972,-0.23472457
1783532868.1123,34,left_handThumbStart_joint,0.22598445,0.008606075,0.14431296,0.24520716,-0.15401149,0.91273195,-0.2882272
1783532868.1123,34,left_handThumb_1_joint,0.18766847,-0.023704095,0.16357969,0.24520716,-0.15401149,0.91273195,-0.2882272
1783532868.1123,34,left_handThumb_2_joint,0.16027986,-0.04679707,0.17735218,0.24520716,-0.15401149,0.91273195,-0.2882272
1783532868.1123,34,left_handThumbEnd_joint,0.14202079,-0.06219239,0.18653382,0.24520716,-0.15401144,0.91273195,-0.2882272
1783532868.1123,34,neck_1_joint,-0.01897011,0.58390844,0.06438743,0.5858034,0.3718112,0.6195853,0.36702266
1783532868.1123,34,neck_2_joint,-0.020297885,0.61062104,0.07797695,0.5754681,0.385359,0.6140404,0.37853685
1783532868.1123,34,neck_3_joint,-0.022341665,0.6469569,0.094576,0.55643284,0.40944493,0.6028936,0.3990709
1783532868.1123,34,neck_4_joint,-0.024831742,0.68443096,0.10834178,0.5378844,0.43154314,0.591077,0.41842535
1783532868.1123,34,head_joint,-0.02811603,0.7287276,0.1215945,0.47865474,0.49503094,0.54087305,0.48300263
1783532868.1123,34,jaw_joint,-0.026479008,0.7036014,0.12559438,0.47865474,0.49503094,0.54087305,0.48300263
1783532868.1123,34,chin_joint,-0.027577955,0.64945143,0.2234034,0.47865474,0.49503094,0.54087305,0.48300263
1783532868.1123,34,left_eye_joint,-0.002618699,0.75982976,0.2109757,0.4829538,0.49083757,0.5450649,0.47826707
1783532868.1123,34,left_eyeLowerLid_joint,-0.002618699,0.75982976,0.2109757,0.4829538,0.49083757,0.5450649,0.47826707
1783532868.1123,34,left_eyeUpperLid_joint,-0.002618699,0.75982976,0.2109757,0.4829538,0.49083757,0.5450649,0.47826707
1783532868.1123,34,left_eyeball_joint,-0.002618699,0.75982976,0.2109757,0.4829538,0.49083757,0.5450649,0.47826707
1783532868.1123,34,nose_joint,-0.033460796,0.7239637,0.23136134,0.48295638,0.49083504,0.5450674,0.4782642
1783532868.1123,34,right_eye_joint,-0.06699417,0.75510395,0.20763609,0.4829538,0.49083757,0.5450649,0.47826707
1783532868.1123,34,right_eyeLowerLid_joint,-0.06699417,0.75510395,0.20763609,0.4829538,0.49083757,0.5450649,0.47826707
1783532868.1123,34,right_eyeUpperLid_joint,-0.06699417,0.75510395,0.20763609,0.4829538,0.49083757,0.5450649,0.47826707
1783532868.1123,34,right_eyeball_joint,-0.06699417,0.75510395,0.20763609,0.4829538,0.49083757,0.5450649,0.47826707
1783532868.1123,34,right_shoulder_1_joint,-0.107509896,0.559925,0.057336915,0.7879906,0.12564078,0.064508244,0.59927005
1783532868.1123,34,right_arm_joint,-0.24677253,0.5199896,0.064432986,0.6891936,0.52074784,0.34908536,0.36328202
1783532868.1123,34,right_forearm_joint,-0.30367285,0.26160425,0.037084773,0.5180764,0.7101369,0.2561506,0.40210694
1783532868.1123,34,right_hand_joint,-0.26620647,0.009226779,0.11900095,0.17176023,0.4129855,0.6319422,0.63292277
1783532868.1123,34,right_handIndexStart_joint,-0.25143343,-0.008989255,0.1356098,0.12825273,0.45518425,0.6426602,0.6027828
1783532868.1123,34,right_handIndex_1_joint,-0.232126,-0.080588,0.1664415,0.12825273,0.45518425,0.6426602,0.6027828
1783532868.1123,34,right_handIndex_2_joint,-0.22090028,-0.12221535,0.1843665,0.12825273,0.45518425,0.6426602,0.6027828
1783532868.1123,34,right_handIndex_3_joint,-0.21461442,-0.14552695,0.19440518,0.12825273,0.45518425,0.6426602,0.6027828
1783532868.1123,34,right_handIndexEnd_joint,-0.21012452,-0.1621778,0.20157564,0.12825273,0.45518425,0.6426602,0.6027828
1783532868.1123,34,right_handMidStart_joint,-0.2605051,-0.01465641,0.12861253,0.17114446,0.41351584,0.6323428,0.6323429
1783532868.1123,34,right_handMid_1_joint,-0.24973331,-0.086206615,0.15191302,0.17114446,0.41351584,0.6323428,0.6323429
1783532868.1123,34,right_handMid_2_joint,-0.2421643,-0.13648449,0.16828656,0.17114446,0.41351584,0.6323428,0.6323429
1783532868.1123,34,right_handMid_3_joint,-0.23779735,-0.16549112,0.17773274,0.17114446,0.41351584,0.6323428,0.6323429
1783532868.1123,34,right_handMidEnd_joint,-0.23488633,-0.18482852,0.18403028,0.17114446,0.41351584,0.6323428,0.6323429
1783532868.1123,34,right_handPinkyStart_joint,-0.27900577,-0.02289092,0.109667234,0.24820645,0.3366955,0.63407314,0.6503703
1783532868.1123,34,right_handPinky_1_joint,-0.2770484,-0.085877515,0.11748996,0.24820645,0.3366955,0.63407314,0.6503703
1783532868.1123,34,right_handPinky_2_joint,-0.27583972,-0.12478175,0.12232222,0.24820645,0.3366955,0.63407314,0.6503703
1783532868.1123,34,right_handPinky_3_joint,-0.27520615,-0.14515981,0.1248527,0.24820645,0.3366955,0.63407314,0.6503703
1783532868.1123,34,right_handPinkyEnd_joint,-0.27463052,-0.16368519,0.12715341,0.24820645,0.3366955,0.63407314,0.6503703
1783532868.1123,34,right_handRingStart_joint,-0.2689561,-0.018969279,0.11988998,0.2106025,0.37623665,0.63382286,0.64215404
1783532868.1123,34,right_handRing_1_joint,-0.2629092,-0.086899325,0.1349944,0.2106025,0.37623665,0.63382286,0.64215404
1783532868.1123,34,right_handRing_2_joint,-0.25864068,-0.13484953,0.14565606,0.2106025,0.37623665,0.63382286,0.64215404
1783532868.1123,34,right_handRing_3_joint,-0.25597313,-0.16481882,0.1523201,0.2106025,0.37623665,0.63382286,0.64215404
1783532868.1123,34,right_handRingEnd_joint,-0.2541941,-0.1847988,0.15676212,0.2106025,0.37623665,0.63382286,0.64215404
1783532868.1123,34,right_handThumbStart_joint,-0.24255753,-0.008494646,0.12817752,0.2560639,0.9133782,0.17691034,0.26244012
1783532868.1123,34,right_handThumb_1_joint,-0.20330058,-0.03860055,0.14905366,0.25606394,0.9133782,0.17691033,0.26244012
1783532868.1123,34,right_handThumb_2_joint,-0.17523994,-0.060117688,0.16397694,0.25606394,0.9133782,0.17691031,0.26244012
1783532868.1123,34,right_handThumbEnd_joint,-0.15653273,-0.074462645,0.173925,0.25606394,0.9133782,0.17691027,0.26244012
1783532868.1123,34,camera,-0.11323631,0.005167845,0.13767286,-0.07314493,-0.11110593,-0.7121528,0.6893066
1783532868.1449,35,root,-0.00028218122,0.020159675,-0.001036835,-0.008269368,-0.005257478,-0.0009941143,0.9999515
1783532868.1449,35,hips_joint,-0.00028218122,0.020159675,-0.001036835,-0.008269368,-0.005257478,-0.0009941143,0.9999515
1783532868.1449,35,left_upLeg_joint,0.10019016,-0.004990604,0.0013929759,0.61056024,-0.3936263,0.55117166,-0.41046843
1783532868.1449,35,left_leg_joint,0.13494636,-0.39793763,0.14873815,-0.32014766,0.65239215,-0.3138047,0.61107814
1783532868.1449,35,left_foot_joint,0.11291435,-0.7643509,-0.12399844,0.65434325,-0.31613913,0.623874,-0.28752747
1783532868.1449,35,left_toes_joint,0.11614454,-0.8794763,-0.029414186,0.70240235,-0.18638767,0.66706204,-0.16406912
1783532868.1449,35,left_toesEnd_joint,0.11860624,-0.90863734,0.023719935,0.70240235,-0.18638748,0.6670621,-0.16406934
1783532868.1449,35,right_upLeg_joint,-0.10087831,-0.004603548,-0.0007241597,0.41276738,0.5335961,0.4894667,0.5525583
1783532868.1449,35,right_leg_joint,-0.08041109,-0.4178728,0.077436656,0.59133315,0.32725784,0.6670836,0.31341165
1783532868.1449,35,right_foot_joint,-0.032760218,-0.78608716,-0.18954095,0.26368797,0.6222865,0.33185822,0.65810215
1783532868.1449,35,right_toes_joint,-0.033544026,-0.9000923,-0.09355822,0.14096329,0.6609851,0.2011088,0.7090723
1783532868.1449,35,right_toesEnd_joint,-0.036292396,-0.9286965,-0.04013665,0.1409638,0.6609853,0.20110837,0.7090721
1783532868.1449,35,spine_1_joint,-0.000282201,0.020159675,-0.0010368353,0.47480258,0.51938754,0.48845893,0.5159526
1783532868.1449,35,spine_2_joint,-0.0012439624,0.077554636,-0.0051872926,0.46660504,0.5272784,0.48491505,0.5187627
1783532868.1449,35,spine_3_joint,-0.0027593367,0.13482971,-0.010628176,0.47401002,0.5175503,0.49758872,0.5097664
1783532868.1449,35,spine_4_joint,-0.004399013,0.18777548,-0.013595787,0.49676389,0.49223033,0.522537,0.48773974
1783532868.1449,35,spine_5_joint,-0.006556758,0.25816023,-0.011070984,0.5372501,0.4442332,0.5625735,0.44444385
1783532868.1449,35,spine_6_joint,-0.009162177,0.3497633,0.009137202,0.550842,0.42304224,0.5803569,0.42519924
1783532868.1449,35,spine_7_joint,-0.0125573445,0.45231995,0.039778683,0.54357713,0.43172637,0.5740333,0.4343067
1783532868.1449,35,left_shoulder_1_joint,0.0733209,0.56434584,0.06586961,-0.60698164,0.0156416,-0.11646627,0.7859799
1783532868.1449,35,left_arm_joint,0.21436466,0.53503585,0.082811095,-0.34416988,0.3330433,-0.5191923,0.70786226
1783532868.1449,35,left_forearm_joint,0.27794692,0.27855045,0.05245754,-0.39523932,0.22242449,-0.7093279,0.53959954
1783532868.1449,35,left_hand_joint,0.2497465,0.026302623,0.13838707,0.6403915,-0.604521,0.43263492,-0.19308123
1783532868.1449,35,left_handIndexStart_joint,0.23392078,0.007694492,0.15558556,-0.6107517,0.6161375,-0.47296342,0.15382764
1783532868.1449,35,left_handIndex_1_joint,0.21732543,-0.06443432,0.18675956,-0.6107517,0.6161375,-0.47296342,0.15382764
1783532868.1449,35,left_handIndex_2_joint,0.20767698,-0.10636967,0.204884,-0.6107517,0.6161375,-0.47296342,0.15382764
1783532868.1449,35,left_handIndex_3_joint,0.20227385,-0.12985347,0.21503367,-0.6107517,0.6161375,-0.47296342,0.15382764
1783532868.1449,35,left_handIndexEnd_joint,0.19841446,-0.1466276,0.22228344,-0.6107517,0.6161375,-0.47296342,0.15382764
1783532868.1449,35,left_handMidStart_joint,0.24368548,0.0024792838,0.14919588,0.6414841,-0.60415286,0.43072638,-0.19486547
1783532868.1449,35,left_handMid_1_joint,0.23600405,-0.06920093,0.1733041,0.6414841,-0.60415286,0.43072638,-0.19486547
1783532868.1449,35,left_handMid_2_joint,0.2306063,-0.11957082,0.19024499,0.6414841,-0.60415286,0.43072638,-0.19486547
1783532868.1449,35,left_handMid_3_joint,0.22749221,-0.14863037,0.20001858,0.6414841,-0.60415286,0.43072638,-0.19486547
1783532868.1449,35,left_handMidEnd_joint,0.22541614,-0.16800341,0.20653433,0.6414841,-0.60415286,0.43072638,-0.19486547
1783532868.1449,35,left_handPinkyStart_joint,0.2636523,-0.004915781,0.13142954,0.66231877,-0.60395676,0.352126,-0.2694023
1783532868.1449,35,left_handPinky_1_joint,0.26508024,-0.06776631,0.1403848,0.66231877,-0.60395676,0.352126,-0.2694023
1783532868.1449,35,left_handPinky_2_joint,0.26596224,-0.10658575,0.14591599,0.66231877,-0.60395676,0.352126,-0.2694023
1783532868.1449,35,left_handPinky_3_joint,0.26642424,-0.12691975,0.14881328,0.66231877,-0.60395676,0.352126,-0.2694023
1783532868.1449,35,left_handPinkyEnd_joint,0.26684424,-0.14540519,0.15144716,0.66231877,-0.60395676,0.352126,-0.2694023
1783532868.1449,35,left_handRingStart_joint,0.2528432,-0.001449697,0.14102271,0.65269494,-0.6046096,0.392555,-0.23310386
1783532868.1449,35,left_handRing_1_joint,0.25009775,-0.06936376,0.15712793,0.65269494,-0.6046096,0.392555,-0.23310386
1783532868.1449,35,left_handRing_2_joint,0.24815978,-0.11730308,0.16849633,0.65269494,-0.6046096,0.392555,-0.23310386
1783532868.1449,35,left_handRing_3_joint,0.24694856,-0.14726517,0.17560156,0.65269494,-0.6046096,0.392555,-0.23310386
1783532868.1449,35,left_handRingEnd_joint,0.24614106,-0.16723989,0.18033838,0.65269494,-0.6046096,0.392555,-0.23310386
1783532868.1449,35,left_handThumbStart_joint,0.22544868,0.0075204023,0.14768331,0.24533889,-0.15354912,0.91346025,-0.2860459
1783532868.1449,35,left_handThumb_1_joint,0.18700515,-0.024588337,0.16703244,0.24533889,-0.15354912,0.91346025,-0.2860459
1783532868.1449,35,left_handThumb_2_joint,0.15952536,-0.047537327,0.1808638,0.24533889,-0.1535491,0.91346025,-0.2860459
1783532868.1449,35,left_handThumbEnd_joint,0.14120553,-0.062836654,0.1900847,0.24533889,-0.15354908,0.91346025,-0.2860459
1783532868.1449,35,neck_1_joint,-0.01661335,0.5837203,0.06667813,0.5873844,0.36846378,0.6202973,0.36666787
1783532868.1449,35,neck_2_joint,-0.01784541,0.61035275,0.08043308,0.57712686,0.38203233,0.61476594,0.378205
1783532868.1449,35,neck_3_joint,-0.019756284,0.64659184,0.097258,0.5582121,0.40618166,0.6036422,0.39878824
1783532868.1449,35,neck_4_joint,-0.022105685,0.6839887,0.11125639,0.53977686,0.42834502,0.5918451,0.4181881
1783532868.1449,35,head_joint,-0.025220437,0.7282145,0.12478377,0.48090872,0.4920787,0.5416755,0.48288026
1783532868.1449,35,jaw_joint,-0.023691945,0.70305717,0.12862739,0.48090872,0.4920787,0.5416755,0.48288026
1783532868.1449,35,chin_joint,-0.025120473,0.6482991,0.22609289,0.48090872,0.4920787,0.5416755,0.48288026
1783532868.1449,35,left_eye_joint,0.00030970335,0.7586486,0.2143853,0.485182,0.48786578,0.54586625,0.4781378
1783532868.1449,35,left_eyeLowerLid_joint,0.00030970335,0.7586486,0.2143853,0.485182,0.48786578,0.54586625,0.4781378
1783532868.1449,35,left_eyeUpperLid_joint,0.00030970335,0.7586486,0.2143853,0.485182,0.48786578,0.54586625,0.4781378
1783532868.1449,35,left_eyeball_joint,0.00030970335,0.7586486,0.2143853,0.485182,0.48786578,0.54586625,0.4781378
1783532868.1449,35,nose_joint,-0.030702738,0.7227836,0.23451278,0.48518452,0.48786324,0.54586875,0.4781349
1783532868.1449,35,right_eye_joint,-0.06408114,0.7542113,0.21094856,0.485182,0.48786578,0.54586625,0.4781378
1783532868.1449,35,right_eyeLowerLid_joint,-0.06408114,0.7542113,0.21094856,0.485182,0.48786578,0.54586625,0.4781378
1783532868.1449,35,right_eyeUpperLid_joint,-0.06408114,0.7542113,0.21094856,0.485182,0.48786578,0.54586625,0.4781378
1783532868.1449,35,right_eyeball_joint,-0.06408114,0.7542113,0.21094856,0.485182,0.48786578,0.54586625,0.4781378
1783532868.1449,35,right_shoulder_1_joint,-0.105243616,0.56014675,0.05938646,0.7899941,0.12236114,0.06365598,0.5973988
1783532868.1449,35,right_arm_joint,-0.24477388,0.5210726,0.06600376,0.6914628,0.5163007,0.35056013,0.36389673
1783532868.1449,35,right_forearm_joint,-0.30357873,0.26329485,0.037001066,0.5217622,0.70572925,0.25627282,0.40501258
1783532868.1449,35,right_hand_joint,-0.2694234,0.010321674,0.118526205,0.17295517,0.40939173,0.6293871,0.6374616
1783532868.1449,35,right_handIndexStart_joint,-0.25495368,-0.008097672,0.13517779,0.12961714,0.4519094,0.6401953,0.6075588
1783532868.1449,35,right_handIndex_1_joint,-0.23663127,-0.07998044,0.16594955,0.12961714,0.4519094,0.6401953,0.6075588
1783532868.1449,35,right_handIndex_2_joint,-0.22597826,-0.121772945,0.18383972,0.12961714,0.4519094,0.6401953,0.6075588
1783532868.1449,35,right_handIndex_3_joint,-0.22001311,-0.14517702,0.1938589,0.12961714,0.4519094,0.6401953,0.6075588
1783532868.1449,35,right_handIndexEnd_joint,-0.21575229,-0.16189392,0.20101543,0.12961714,0.4519094,0.6401953,0.6075588
1783532868.1449,35,right_handMidStart_joint,-0.26404655,-0.013646404,0.12811346,0.17234048,0.4099267,0.62978977,0.6368863
1783532868.1449,35,right_handMid_1_joint,-0.25421396,-0.085367344,0.15130396,0.17234048,0.4099267,0.62978977,0.6368863
1783532868.1449,35,right_handMid_2_joint,-0.24730492,-0.13576518,0.16760023,0.17234048,0.4099267,0.62978977,0.6368863
1783532868.1449,35,right_handMid_3_joint,-0.2433187,-0.16484104,0.17700179,0.17234048,0.4099267,0.62978977,0.6368863
1783532868.1449,35,right_handMidEnd_joint,-0.24066152,-0.18422458,0.18326963,0.17234048,0.4099267,0.62978977,0.6368863
1783532868.1449,35,right_handPinkyStart_joint,-0.28252563,-0.021628626,0.109039545,0.2489874,0.33262154,0.63155544,0.65460414
1783532868.1449,35,right_handPinky_1_joint,-0.28131926,-0.0846514,0.11672134,0.2489874,0.33262154,0.63155544,0.65460414
1783532868.1449,35,right_handPinky_2_joint,-0.28057444,-0.12357799,0.121466555,0.2489874,0.33262154,0.63155544,0.65460414
1783532868.1449,35,right_handPinky_3_joint,-0.28018385,-0.14396776,0.12395146,0.2489874,0.33262154,0.63155544,0.65460414
1783532868.1449,35,right_handPinkyEnd_joint,-0.2798291,-0.1625038,0.12621072,0.2489874,0.33262154,0.63155544,0.65460414
1783532868.1449,35,right_handRingStart_joint,-0.27249345,-0.01784383,0.11933083,0.21159643,0.3723968,0.63128704,0.64654833
1783532868.1449,35,right_handRing_1_joint,-0.2672963,-0.085872665,0.13430636,0.21159643,0.3723968,0.63128704,0.64654833
1783532868.1449,35,right_handRing_2_joint,-0.26362765,-0.1338926,0.14487702,0.21159643,0.3723968,0.63128704,0.64654833
1783532868.1449,35,right_handRing_3_joint,-0.26133502,-0.16390547,0.15148418,0.21159643,0.3723968,0.63128704,0.64654833
1783532868.1449,35,right_handRingEnd_joint,-0.25980592,-0.18391453,0.15588829,0.21159643,0.3723968,0.63128704,0.64654833
1783532868.1449,35,right_handThumbStart_joint,-0.24602893,-0.0076850173,0.1277992,0.2609601,0.91093975,0.17728387,0.26581824
1783532868.1449,35,right_handThumb_1_joint,-0.20723552,-0.03827768,0.14883357,0.2609601,0.91093975,0.17728387,0.26581824
1783532868.1449,35,right_handThumb_2_joint,-0.1795062,-0.060142756,0.16386996,0.2609601,0.91093975,0.17728384,0.26581824
1783532868.1449,35,right_handThumbEnd_joint,-0.16101989,-0.07471967,0.17389345,0.2609601,0.91093975,0.17728382,0.26581824
1783532868.1449,35,camera,-0.11321975,0.005291584,0.13754542,-0.07334923,-0.11138955,-0.7121385,0.6892539
1783532868.1777,36,root,-0.00037160958,0.020217627,-0.00091593136,-0.012196483,-0.0044273217,-0.0025894109,0.99991244
1783532868.1777,36,hips_joint,-0.00037160958,0.020217627,-0.00091593136,-0.012196483,-0.0044273217,-0.0025894109,0.99991244
1783532868.1777,36,left_upLeg_joint,0.10002263,-0.005239444,0.0015473255,0.6122953,-0.3905628,0.55499935,-0.40562385
1783532868.1777,36,left_leg_joint,0.13323602,-0.3962407,0.15432435,-0.31143302,0.6561025,-0.30951446,0.61379117
1783532868.1777,36,left_foot_joint,0.10920937,-0.75688106,-0.12583722,0.64977115,-0.32443416,0.6221697,-0.2923088
1783532868.1777,36,left_toes_joint,0.11148875,-0.8739229,-0.033606518,0.6994853,-0.19539894,0.6662948,-0.16908681
1783532868.1777,36,left_toesEnd_joint,0.113657154,-0.90417296,0.018928107,0.69948536,-0.19539876,0.66629475,-0.16908704
1783532868.1777,36,right_upLeg_joint,-0.10104677,-0.0042151236,-0.00024533324,0.41197702,0.5342599,0.48465165,0.55673516
1783532868.1777,36,right_leg_joint,-0.083932705,-0.4168237,0.08210023,0.599398,0.31132334,0.6742239,0.29870045
1783532868.1777,36,right_foot_joint,-0.036829013,-0.77169144,-0.20246887,0.2798633,0.6147161,0.34655127,0.6509246
1783532868.1777,36,right_toes_joint,-0.037432995,-0.890206,-0.112111844,0.15828028,0.6566177,0.21689588,0.7048097
1783532868.1777,36,right_toesEnd_joint,-0.0400789,-0.92136085,-0.060131192,0.15828077,0.6566178,0.21689543,0.7048096
1783532868.1777,36,spine_1_joint,-0.00037162937,0.020217627,-0.00091593154,0.47444165,0.5206044,0.48511007,0.5182124
1783532868.1777,36,spine_2_joint,-0.0011038033,0.07758478,-0.0054772478,0.46695426,0.5279099,0.48185396,0.5206547
1783532868.1777,36,spine_3_joint,-0.0023552529,0.13483715,-0.01121584,0.47531113,0.51735336,0.49523777,0.511042
1783532868.1777,36,spine_4_joint,-0.0037256493,0.1877843,-0.014292685,0.49899334,0.49105996,0.52105236,0.48823103
1783532868.1777,36,spine_5_joint,-0.0055033076,0.25817576,-0.011661676,0.5401493,0.4419861,0.56190807,0.4440111
1783532868.1777,36,spine_6_joint,-0.0075938473,0.34968898,0.009007924,0.554105,0.42014155,0.58026713,0.4239557
1783532868.1777,36,spine_7_joint,-0.010442062,0.45202917,0.040418886,0.5464015,0.4293702,0.5741396,0.432955
1783532868.1777,36,left_shoulder_1_joint,0.07587068,0.56358886,0.067067504,-0.6041125,0.019466488,-0.1143766,0.78840786
1783532868.1777,36,left_arm_joint,0.21701543,0.53401744,0.082660004,-0.3452186,0.3388897,-0.5134902,0.7087351
1783532868.1777,36,left_forearm_joint,0.28164035,0.2781813,0.049190063,-0.40067214,0.2266376,-0.7002144,0.54570746
1783532868.1777,36,left_hand_joint,0.2593104,0.02472452,0.13326773,0.6484064,-0.6024012,0.4228211,-0.19468945
1783532868.1777,36,left_handIndexStart_joint,0.24410443,0.0056883763,0.15055662,0.6193851,-0.6141303,0.46368724,-0.15556324
1783532868.1777,36,left_handIndex_1_joint,0.22930126,-0.06699522,0.18134205,0.6193851,-0.6141303,0.46368724,-0.15556324
1783532868.1777,36,left_handIndex_2_joint,0.22069477,-0.109253116,0.19924055,0.6193851,-0.6141303,0.46368724,-0.15556324
1783532868.1777,36,left_handIndex_3_joint,0.21587512,-0.13291754,0.2092637,0.6193851,-0.6141303,0.46368724,-0.15556324
1783532868.1777,36,left_handIndexEnd_joint,0.21243253,-0.1498207,0.21642311,0.6193851,-0.6141303,0.46368724,-0.15556324
1783532868.1777,36,left_handMidStart_joint,0.2538501,0.0007031679,0.14395775,0.6494716,-0.60203,0.42088962,-0.19646478
1783532868.1777,36,left_handMid_1_joint,0.24783152,-0.071311995,0.16753423,0.6494716,-0.60203,0.42088962,-0.19646478
1783532868.1777,36,left_handMid_2_joint,0.24360228,-0.12191725,0.1841015,0.6494716,-0.60203,0.42088962,-0.19646478
1783532868.1777,36,left_handMid_3_joint,0.24116232,-0.15111259,0.19365953,0.6494716,-0.60203,0.42088962,-0.19646478
1783532868.1777,36,left_handMidEnd_joint,0.23953567,-0.17057613,0.20003156,0.6494716,-0.60203,0.42088962,-0.19646478
1783532868.1777,36,left_handPinkyStart_joint,0.27364168,-0.006180639,0.12579437,0.6693096,-0.601921,0.34146687,-0.2703995
1783532868.1777,36,left_handPinky_1_joint,0.27632034,-0.069072895,0.13414961,0.6693096,-0.601921,0.34146687,-0.2703995
1783532868.1777,36,left_handPinky_2_joint,0.2779748,-0.10791811,0.13931021,0.6693096,-0.601921,0.34146687,-0.2703995
1783532868.1777,36,left_handPinky_3_joint,0.27884144,-0.1282656,0.14201337,0.6693096,-0.601921,0.34146687,-0.2703995
1783532868.1777,36,left_handPinkyEnd_joint,0.2796293,-0.14676332,0.1444708,0.6693096,-0.601921,0.34146687,-0.2703995
1783532868.1777,36,left_handRingStart_joint,0.26293644,-0.002991004,0.13559757,0.66019404,-0.6025364,0.3822893,-0.23441093
1783532868.1777,36,left_handRing_1_joint,0.26165184,-0.071082756,0.15112473,0.66019404,-0.6025364,0.3822893,-0.23441093
1783532868.1777,36,left_handRing_2_joint,0.26074508,-0.119147524,0.16208507,0.66019404,-0.6025364,0.3822893,-0.23441093
1783532868.1777,36,left_handRing_3_joint,0.26017836,-0.149188,0.16893527,0.66019404,-0.6025364,0.3822893,-0.23441093
1783532868.1777,36,left_handRingEnd_joint,0.25980052,-0.169215,0.17350207,0.66019404,-0.6025364,0.3822893,-0.23441093
1783532868.1777,36,left_handThumbStart_joint,0.23550498,0.0054346262,0.14279537,0.253028,-0.15788193,0.9081239,-0.29387218
1783532868.1777,36,left_handThumb_1_joint,0.19796051,-0.027517943,0.16248794,0.253028,-0.15788193,0.9081239,-0.29387218
1783532868.1777,36,left_handThumb_2_joint,0.17112333,-0.051070116,0.17656483,0.253028,-0.15788192,0.9081239,-0.29387218
1783532868.1777,36,left_handThumbEnd_joint,0.15323189,-0.06677157,0.18594941,0.253028,-0.15788189,0.9081239,-0.29387218
1783532868.1777,36,neck_1_joint,-0.013995806,0.58325857,0.06820924,0.5898995,0.36582637,0.62027377,0.36530778
1783532868.1777,36,neck_2_joint,-0.015109912,0.60980207,0.082144834,0.5796967,0.37944287,0.61478037,0.37685505
1783532868.1777,36,neck_3_joint,-0.016864449,0.6459337,0.099216126,0.5608783,0.40368313,0.6037248,0.39745647
1783532868.1777,36,neck_4_joint,-0.019059936,0.6832434,0.11346968,0.5425313,0.4259376,0.5919906,0.41687396
1783532868.1777,36,head_joint,-0.02199935,0.7273874,0.12729965,0.48392925,0.49000683,0.5419939,0.48160973
1783532868.1777,36,jaw_joint,-0.02054515,0.70220006,0.13097139,0.48392925,0.49000683,0.5419939,0.48160973
1783532868.1777,36,chin_joint,-0.021938896,0.6467953,0.22807111,0.48392925,0.49000683,0.5419939,0.48160973
1783532868.1777,36,left_eye_joint,0.0038282536,0.7571368,0.21704578,0.4881843,0.48576775,0.5461736,0.47686455
1783532868.1777,36,left_eyeLowerLid_joint,0.0038282536,0.7571368,0.21704578,0.4881843,0.48576775,0.5461736,0.47686455
1783532868.1777,36,left_eyeUpperLid_joint,0.0038282536,0.7571368,0.21704578,0.4881843,0.48576775,0.5461736,0.47686455
1783532868.1777,36,left_eyeball_joint,0.0038282536,0.7571368,0.21704578,0.4881843,0.48576775,0.5461736,0.47686455
1783532868.1777,36,nose_joint,-0.027257532,0.7212396,0.23700176,0.4881869,0.48576522,0.5461761,0.47686172
1783532868.1777,36,right_eye_joint,-0.060584247,0.75293356,0.2137228,0.4881843,0.48576775,0.5461736,0.47686455
1783532868.1777,36,right_eyeLowerLid_joint,-0.060584247,0.75293356,0.2137228,0.4881843,0.48576775,0.5461736,0.47686455
1783532868.1777,36,right_eyeUpperLid_joint,-0.060584247,0.75293356,0.2137228,0.4881843,0.48576775,0.5461736,0.47686455
1783532868.1777,36,right_eyeball_joint,-0.060584247,0.75293356,0.2137228,0.4881843,0.48576775,0.5461736,0.47686455
1783532868.1777,36,right_shoulder_1_joint,-0.10272091,0.5600314,0.06095962,0.79212666,0.118245095,0.06352436,0.59541386
1783532868.1777,36,right_arm_joint,-0.24254332,0.5218868,0.06678637,0.69526243,0.5069398,0.35222957,0.36817947
1783532868.1777,36,right_forearm_joint,-0.3058194,0.26540202,0.03580055,0.5315891,0.69339824,0.2541588,0.41474694
1783532868.1777,36,right_hand_joint,-0.28148884,0.011358032,0.117519155,0.17494498,0.4008158,0.62027764,0.65115005
1783532868.1777,36,right_handIndexStart_joint,-0.26791963,-0.0075492724,0.13438064,0.13221927,0.44429097,0.63125086,0.6218083
1783532868.1777,36,right_handIndex_1_joint,-0.25252047,-0.08003107,0.1653482,0.13221927,0.44429097,0.63125086,0.6218083
1783532868.1777,36,right_handIndex_2_joint,-0.243567,-0.12217186,0.1833522,0.13221927,0.44429097,0.63125086,0.6218083
1783532868.1777,36,right_handIndex_3_joint,-0.23855363,-0.14577095,0.19343513,0.13221927,0.44429097,0.63125086,0.6218083
1783532868.1777,36,right_handIndexEnd_joint,-0.23497263,-0.16262716,0.20063718,0.13221927,0.44429097,0.63125086,0.6218083
1783532868.1777,36,right_handMidStart_joint,-0.27707508,-0.012784707,0.12715973,0.17433572,0.40136558,0.6206851,0.65058625
1783532868.1777,36,right_handMid_1_joint,-0.27002928,-0.08481429,0.15040752,0.17433572,0.40136558,0.6206851,0.65058625
1783532868.1777,36,right_handMid_2_joint,-0.26507854,-0.13542901,0.16674405,0.17433572,0.40136558,0.6206851,0.65058625
1783532868.1777,36,right_handMid_3_joint,-0.2622221,-0.16463,0.17616886,0.17433572,0.40136558,0.6206851,0.65058625
1783532868.1777,36,right_handMidEnd_joint,-0.2603181,-0.18409695,0.18245217,0.17433572,0.40136558,0.6206851,0.65058625
1783532868.1777,36,right_handPinkyStart_joint,-0.29549333,-0.020127997,0.1077729,0.2496722,0.3226452,0.6227419,0.6676498
1783532868.1777,36,right_handPinky_1_joint,-0.29652113,-0.08316243,0.11538441,0.2496722,0.3226452,0.6227419,0.6676498
1783532868.1777,36,right_handPinky_2_joint,-0.29715627,-0.12209621,0.12008619,0.2496722,0.3226452,0.6227419,0.6676498
1783532868.1777,36,right_handPinky_3_joint,-0.29748848,-0.14248976,0.12254835,0.2496722,0.3226452,0.6227419,0.6676498
1783532868.1777,36,right_handPinkyEnd_joint,-0.29779086,-0.1610292,0.124786936,0.2496722,0.3226452,0.6227419,0.6676498
1783532868.1777,36,right_handRingStart_joint,-0.28551146,-0.016689712,0.11823329,0.21295047,0.36310527,0.62232286,0.65994
1783532868.1777,36,right_handRing_1_joint,-0.28283894,-0.084867164,0.13319613,0.21295047,0.36310527,0.62232286,0.65994
1783532868.1777,36,right_handRing_2_joint,-0.2809523,-0.132992,0.14375785,0.21295047,0.36310527,0.62232286,0.65994
1783532868.1777,36,right_handRing_3_joint,-0.2797735,-0.16307043,0.1503594,0.21295047,0.36310527,0.62232286,0.65994
1783532868.1777,36,right_handRingEnd_joint,-0.27898693,-0.1831232,0.15475981,0.21295047,0.36310527,0.62232286,0.65994
1783532868.1777,36,right_handThumbStart_joint,-0.25886554,-0.0074289665,0.12715058,0.2748355,0.9041259,0.17547809,0.27609617
1783532868.1777,36,right_handThumb_1_joint,-0.22146879,-0.039320014,0.1487775,0.2748355,0.9041259,0.17547807,0.27609617
1783532868.1777,36,right_handThumb_2_joint,-0.19473772,-0.06211317,0.16423744,0.2748355,0.9041259,0.17547806,0.2760962
1783532868.1777,36,right_handThumbEnd_joint,-0.17691691,-0.077308804,0.17454328,0.2748355,0.9041259,0.17547801,0.2760962
1783532868.1777,36,camera,-0.11335386,0.005505673,0.13728273,-0.0733229,-0.11160318,-0.7121173,0.68924403
1783532868.2124,37,root,-0.00056448614,0.020391721,-0.000979504,-0.016375337,-0.0039604143,-0.0031543558,0.9998532
1783532868.2124,37,hips_joint,-0.00056448614,0.020391721,-0.000979504,-0.016375337,-0.0039604143,-0.0031543558,0.9998532
1783532868.2124,37,left_upLeg_joint,0.09980206,-0.0051625823,0.0016022879,0.6142877,-0.38656846,0.55846035,-0.40166864
1783532868.2124,37,left_leg_joint,0.13238427,-0.3940747,0.1597534,-0.3030828,0.6591831,-0.30402943,0.61740154
1783532868.2124,37,left_foot_joint,0.107729726,-0.748483,-0.12819855,0.6450975,-0.33200866,0.6200784,-0.29853356
1783532868.2124,37,left_toes_joint,0.10930143,-0.86749756,-0.03851262,0.696332,-0.20372197,0.6654213,-0.17559512
1783532868.2124,37,left_toesEnd_joint,0.11120798,-0.8988835,0.01336172,0.69633204,-0.20372176,0.66542125,-0.17559534
1783532868.2124,37,right_upLeg_joint,-0.10126759,-0.003915522,-1.0634064e-05,0.41162464,0.5343369,0.47934893,0.56149274
1783532868.2124,37,right_leg_joint,-0.088389516,-0.41582644,0.08649412,0.6065521,0.29642066,0.67950374,0.2872353
1783532868.2124,37,right_foot_joint,-0.04303231,-0.7587808,-0.21259533,0.29468536,0.6073965,0.35777792,0.64515513
1783532868.2124,37,right_toes_joint,-0.04394571,-0.88093114,-0.1272201,0.17422102,0.6522401,0.22901262,0.70127267
1783532868.2124,37,right_toesEnd_joint,-0.046631254,-0.9142012,-0.076569214,0.17422152,0.65224034,0.22901219,0.7012725
1783532868.2124,37,spine_1_joint,-0.00056450587,0.020391721,-0.0009795041,0.47307146,0.52273226,0.48218545,0.52004987
1783532868.2124,37,spine_2_joint,-0.0012265705,0.07772015,-0.0060140872,0.46629107,0.52975816,0.47909006,0.5219215
1783532868.2124,37,spine_3_joint,-0.0023972963,0.13493563,-0.012125834,0.47569072,0.5186496,0.4929609,0.51157695
1783532868.2124,37,spine_4_joint,-0.00367141,0.18787357,-0.015397397,0.5006083,0.49150726,0.51942116,0.487867
1783532868.2124,37,spine_5_joint,-0.0052727195,0.25826937,-0.012768415,0.5430496,0.4412061,0.560875,0.44255376
1783532868.2124,37,spine_6_joint,-0.0070139286,0.349702,0.008286997,0.558037,0.4183123,0.5795751,0.42154792
1783532868.2124,37,spine_7_joint,-0.009358394,0.45181045,0.040484227,0.55081236,0.42747653,0.57319504,0.43048507
1783532868.2124,37,left_shoulder_1_joint,0.07755784,0.56282645,0.06744025,-0.59911174,0.025623502,-0.10474888,0.7933704
1783532868.2124,37,left_arm_joint,0.21923408,0.5342644,0.07974839,-0.35070705,0.34998968,-0.4928277,0.71528524
1783532868.2124,37,left_forearm_joint,0.29085258,0.281441,0.038518205,-0.4146992,0.23386785,-0.6730792,0.5659463
1783532868.2124,37,left_hand_joint,0.2867099,0.025308857,0.11717751,0.6717888,-0.5918451,0.39679873,-0.20241135
1783532868.2124,37,left_handIndexStart_joint,0.27335128,0.005031228,0.13458064,0.644407,-0.6041075,0.43922645,-0.16393444
1783532868.2124,37,left_handIndex_1_joint,0.26405686,-0.06906254,0.16413599,0.644407,-0.6041075,0.43922645,-0.16393444
1783532868.2124,37,left_handIndex_2_joint,0.25865313,-0.11214031,0.18131933,0.644407,-0.6041075,0.43922645,-0.16393444
1783532868.2124,37,left_handIndex_3_joint,0.25562704,-0.13626386,0.190942,0.644407,-0.6041075,0.43922645,-0.16393444
1783532868.2124,37,left_handIndexEnd_joint,0.25346553,-0.15349497,0.19781534,0.644407,-0.6041075,0.43922645,-0.16393444
1783532868.2124,37,left_handMidStart_joint,0.28309268,0.0007765531,0.12748282,0.6727829,-0.591456,0.3947996,-0.20414881
1783532868.2124,37,left_handMid_1_joint,0.2822281,-0.071972616,0.14950728,0.6727829,-0.591456,0.3947996,-0.20414881
1783532868.2124,37,left_handMid_2_joint,0.2816206,-0.12309366,0.16498394,0.6727829,-0.591456,0.3947996,-0.20414881
1783532868.2124,37,left_handMid_3_joint,0.2812701,-0.15258656,0.17391276,0.6727829,-0.591456,0.3947996,-0.20414881
1783532868.2124,37,left_handMidEnd_joint,0.28103644,-0.1722485,0.17986532,0.6727829,-0.591456,0.3947996,-0.20414881
1783532868.2124,37,left_handPinkyStart_joint,0.30249345,-0.00452466,0.108390674,0.6901487,-0.5913226,0.31287217,-0.2759416
1783532868.2124,37,left_handPinky_1_joint,0.30915457,-0.067319244,0.11509106,0.6901487,-0.5913226,0.31287217,-0.2759416
1783532868.2124,37,left_handPinky_2_joint,0.3132688,-0.106104136,0.11922954,0.6901487,-0.5913226,0.31287217,-0.2759416
1783532868.2124,37,left_handPinky_3_joint,0.31542388,-0.12642002,0.121397324,0.6901487,-0.5913226,0.31287217,-0.2759416
1783532868.2124,37,left_handPinkyEnd_joint,0.31738302,-0.14488903,0.123368025,0.6901487,-0.5913226,0.31287217,-0.2759416
1783532868.2124,37,left_handRingStart_joint,0.2920297,-0.002189517,0.118683204,0.682296,-0.59195894,0.35489485,-0.2410539
1783532868.2124,37,left_handRing_1_joint,0.29533148,-0.070565745,0.13257657,0.682296,-0.59195894,0.35489485,-0.2410539
1783532868.2124,37,left_handRing_2_joint,0.29766217,-0.11883133,0.14238366,0.682296,-0.59195894,0.35489485,-0.2410539
1783532868.2124,37,left_handRing_3_joint,0.29911885,-0.1489973,0.1485131,0.682296,-0.59195894,0.35489485,-0.2410539
1783532868.2124,37,left_handRingEnd_joint,0.30008996,-0.16910797,0.15259938,0.682296,-0.59195894,0.35489485,-0.2410539
1783532868.2124,37,left_handThumbStart_joint,0.26447183,0.0044429014,0.1271603,0.27225345,-0.16685615,0.8919755,-0.32002676
1783532868.2124,37,left_handThumb_1_joint,0.22973616,-0.03109364,0.14750369,0.27225345,-0.16685615,0.8919755,-0.32002676
1783532868.2124,37,left_handThumb_2_joint,0.20490663,-0.056492876,0.16204585,0.27225345,-0.16685615,0.8919755,-0.32002676
1783532868.2124,37,left_handThumbEnd_joint,0.18835361,-0.0734257,0.17174062,0.27225345,-0.16685612,0.8919755,-0.32002676
1783532868.2124,37,neck_1_joint,-0.012222593,0.582829,0.06932926,0.593333,0.3643237,0.6189973,0.36341023
1783532868.2124,37,neck_2_joint,-0.013175957,0.6092959,0.08342162,0.5830737,0.37811396,0.6135408,0.37499726
1783532868.2124,37,neck_3_joint,-0.0147281615,0.6453395,0.10069745,0.5643112,0.40247148,0.6025787,0.3955613
1783532868.2124,37,neck_4_joint,-0.016734917,0.68257755,0.11516462,0.54601216,0.42484084,0.5909329,0.4149452
1783532868.2124,37,head_joint,-0.019469192,0.7266542,0.1292495,0.48752353,0.4893192,0.54119605,0.47957745
1783532868.2124,37,jaw_joint,-0.018062774,0.7014435,0.13277675,0.48752353,0.4893192,0.54119605,0.47957745
1783532868.2124,37,chin_joint,-0.019028293,0.645519,0.2295834,0.48752353,0.4893192,0.54119605,0.47957745
1783532868.2124,37,left_eye_joint,0.0069778226,0.75584763,0.21899779,0.49177247,0.48504883,0.54535794,0.47483936
1783532868.2124,37,left_eyeLowerLid_joint,0.0069778226,0.75584763,0.21899779,0.49177247,0.48504883,0.54535794,0.47483936
1783532868.2124,37,left_eyeUpperLid_joint,0.0069778226,0.75584763,0.21899779,0.49177247,0.48504883,0.54535794,0.47483936
1783532868.2124,37,left_eyeball_joint,0.0069778226,0.75584763,0.21899779,0.49177247,0.48504883,0.54535794,0.47483936
1783532868.2124,37,nose_joint,-0.02408717,0.71992826,0.23894653,0.49177504,0.48504624,0.54536045,0.4748365
1783532868.2124,37,right_eye_joint,-0.05746483,0.7518387,0.21603912,0.49177247,0.48504883,0.54535794,0.47483936
1783532868.2124,37,right_eyeLowerLid_joint,-0.05746483,0.7518387,0.21603912,0.49177247,0.48504883,0.54535794,0.47483936
1783532868.2124,37,right_eyeUpperLid_joint,-0.05746483,0.7518387,0.21603912,0.49177247,0.48504883,0.54535794,0.47483936
1783532868.2124,37,right_eyeball_joint,-0.05746483,0.7518387,0.21603912,0.49177247,0.48504883,0.54535794,0.47483936
1783532868.2124,37,right_shoulder_1_joint,-0.101082504,0.5599983,0.06248226,0.7957099,0.10968811,0.06151379,0.5924784
1783532868.2124,37,right_arm_joint,-0.24154367,0.5241057,0.06713565,0.7026915,0.4893456,0.35526374,0.37490463
1783532868.2124,37,right_forearm_joint,-0.31300268,0.27032906,0.031928223,0.55058867,0.6698172,0.25166515,0.4299558
1783532868.2124,37,right_hand_joint,-0.30657646,0.014685783,0.11201278,0.18096583,0.3834841,0.6040948,0.67473036
1783532868.2124,37,right_handIndexStart_joint,-0.29467458,-0.005139432,0.12907812,0.1393209,0.42861325,0.6155309,0.646531
1783532868.2124,37,right_handIndex_1_joint,-0.28462163,-0.0786514,0.15981361,0.1393209,0.42861325,0.6155309,0.646531
1783532868.2124,37,right_handIndex_2_joint,-0.27877644,-0.12139114,0.17768271,0.1393209,0.42861325,0.6155309,0.646531
1783532868.2124,37,right_handIndex_3_joint,-0.27550372,-0.14532562,0.18769008,0.1393209,0.42861325,0.6155309,0.646531
1783532868.2124,37,right_handIndexEnd_joint,-0.27316603,-0.16242139,0.19483815,0.1393209,0.42861325,0.6155309,0.646531
1783532868.2124,37,right_handMidStart_joint,-0.30392256,-0.009751343,0.12155626,0.18036568,0.38405848,0.6045128,0.6741897
1783532868.2124,37,right_handMid_1_joint,-0.30195582,-0.08224397,0.14434485,0.18036568,0.38405848,0.6045128,0.6741897
1783532868.2124,37,right_handMid_2_joint,-0.30057406,-0.13318405,0.1603587,0.18036568,0.38405848,0.6045128,0.6741897
1783532868.2124,37,right_handMid_3_joint,-0.29977667,-0.16257274,0.16959734,0.18036568,0.38405848,0.6045128,0.6741897
1783532868.2124,37,right_handMidEnd_joint,-0.29924536,-0.18216483,0.17575654,0.18036568,0.38405848,0.6045128,0.6741897
1783532868.2124,37,right_handPinkyStart_joint,-0.3221934,-0.01581114,0.10159476,0.25328922,0.30282733,0.60679424,0.68988484
1783532868.2124,37,right_handPinky_1_joint,-0.32728577,-0.07871755,0.108607955,0.25328922,0.30282733,0.60679424,0.68988484
1783532868.2124,37,right_handPinky_2_joint,-0.3304314,-0.11757225,0.112940185,0.25328922,0.30282733,0.60679424,0.68988484
1783532868.2124,37,right_handPinky_3_joint,-0.33207858,-0.1379244,0.11520878,0.25328922,0.30282733,0.60679424,0.68988484
1783532868.2124,37,right_handPinkyEnd_joint,-0.33357638,-0.15642619,0.1172714,0.25328922,0.30282733,0.60679424,0.68988484
1783532868.2124,37,right_handRingStart_joint,-0.31232315,-0.013067085,0.11236176,0.21780176,0.3444991,0.6062552,0.6828892
1783532868.2124,37,right_handRing_1_joint,-0.31424776,-0.081386805,0.12678081,0.21780176,0.3444991,0.6062552,0.6828892
1783532868.2124,37,right_handRing_2_joint,-0.31560612,-0.12961207,0.13695867,0.21780176,0.3444991,0.6062552,0.6828892
1783532868.2124,37,right_handRing_3_joint,-0.31645542,-0.15975326,0.14332032,0.21780176,0.3444991,0.6062552,0.6828892
1783532868.2124,37,right_handRingEnd_joint,-0.317021,-0.17984791,0.14756079,0.21780176,0.3444991,0.6062552,0.6828892
1783532868.2124,37,right_handThumbStart_joint,-0.28542715,-0.00552196,0.12210649,0.3009856,0.8905666,0.17449065,0.2930052
1783532868.2124,37,right_handThumb_1_joint,-0.25068098,-0.03980129,0.14448762,0.3009856,0.8905666,0.17449063,0.2930052
1783532868.2124,37,right_handThumb_2_joint,-0.22584444,-0.064301595,0.16048667,0.30098557,0.8905666,0.17449062,0.2930052
1783532868.2124,37,right_handThumbEnd_joint,-0.20928663,-0.080635324,0.17115194,0.3009856,0.8905666,0.17449059,0.2930052
1783532868.2124,37,camera,-0.113761276,0.004435139,0.13685335,-0.0737037,-0.111707576,-0.7121309,0.6891725
1783532868.2457,38,root,-0.0008581486,0.02098173,-0.0004900947,-0.022630055,-0.003712275,-0.0045669596,0.99972653
1783532868.2457,38,hips_joint,-0.0008581486,0.02098173,-0.0004900947,-0.022630055,-0.003712275,-0.0045669596,0.99972653
1783532868.2457,38,left_upLeg_joint,0.09943569,-0.0048278878,0.0023636993,0.616756,-0.3809314,0.56273043,-0.39728788
1783532868.2457,38,left_leg_joint,0.13162945,-0.39098397,0.16720614,-0.29399443,0.6614604,-0.296914,0.6227998
1783532868.2457,38,left_foot_joint,0.10813507,-0.73797333,-0.12973812,0.63934743,-0.33940607,0.61780614,-0.30717117
1783532868.2457,38,left_toes_joint,0.10906476,-0.8592168,-0.043079995,0.6920882,-0.21207514,0.66482747,-0.1845069
1783532868.2457,38,left_toesEnd_joint,0.11064577,-0.8919054,0.007994647,0.69208825,-0.21207494,0.66482747,-0.18450709
1783532868.2457,38,right_upLeg_joint,-0.10163033,-0.003020749,0.0008298939,0.40868098,0.5341467,0.47029936,0.5713892
1783532868.2457,38,right_leg_joint,-0.096161045,-0.41318193,0.0959997,0.6129116,0.2753394,0.68860704,0.27266788
1783532868.2457,38,right_foot_joint,-0.05043725,-0.7392596,-0.22135189,0.31269217,0.5947229,0.3739277,0.6393014
1783532868.2457,38,right_toes_joint,-0.052369516,-0.8659419,-0.14287685,0.19430353,0.64320916,0.2459791,0.698586
1783532868.2457,38,right_toesEnd_joint,-0.055496685,-0.90195143,-0.09416187,0.194304,0.64320934,0.24597865,0.69858587
1783532868.2457,38,spine_1_joint,-0.00085816835,0.02098173,-0.0004900949,0.47079304,0.52554274,0.47860098,0.52258956
1783532868.2457,38,spine_2_joint,-0.0014629408,0.07825072,-0.006167242,0.46477395,0.53230685,0.47646454,0.52308327
1783532868.2457,38,spine_3_joint,-0.0026564738,0.13541603,-0.01272741,0.47555718,0.52041614,0.49164993,0.5111678
1783532868.2457,38,spine_4_joint,-0.003988423,0.18834326,-0.0161454,0.5021226,0.49208412,0.51938534,0.48576224
1783532868.2457,38,spine_5_joint,-0.0056654024,0.25872895,-0.013301808,0.5462952,0.44005367,0.5617651,0.43855914
1783532868.2457,38,spine_6_joint,-0.007400622,0.34995994,0.00861103,0.56265813,0.4157526,0.5806727,0.41639507
1783532868.2457,38,spine_7_joint,-0.009556174,0.45162284,0.042201176,0.55636466,0.4245519,0.5738005,0.4254024
1783532868.2457,38,left_shoulder_1_joint,0.07774594,0.5621069,0.07007985,-0.590622,0.031558722,-0.09074989,0.801208
1783532868.2457,38,left_arm_joint,0.22011766,0.5356067,0.07829366,-0.35584664,0.36419082,-0.46302584,0.72549665
1783532868.2457,38,left_forearm_joint,0.30149466,0.2879628,0.025387349,-0.42983812,0.24378778,-0.63425225,0.5945847
1783532868.2457,38,left_hand_joint,0.32201672,0.029689884,0.09381265,0.70111436,-0.5764007,0.35982013,-0.21617211
1783532868.2457,38,left_handIndexStart_joint,0.31125045,0.007768905,0.1110191,0.67607075,-0.58959967,0.40421307,-0.17864096
1783532868.2457,38,left_handIndex_1_joint,0.30948108,-0.067854725,0.1379954,0.67607075,-0.58959967,0.40421307,-0.17864096
1783532868.2457,38,left_handIndex_2_joint,0.30845237,-0.11182196,0.15367931,0.67607075,-0.58959967,0.40421307,-0.17864096
1783532868.2457,38,left_handIndex_3_joint,0.3078763,-0.1364436,0.1624623,0.67607075,-0.58959967,0.40421307,-0.17864096
1783532868.2457,38,left_handIndexEnd_joint,0.3074648,-0.15403049,0.16873585,0.67607075,-0.58959967,0.40421307,-0.17864096
1783532868.2457,38,left_handMidStart_joint,0.32092044,0.004587941,0.10328935,0.70200783,-0.57597744,0.35773543,-0.21785472
1783532868.2457,38,left_handMid_1_joint,0.32704353,-0.068732195,0.12239244,0.70200783,-0.57597744,0.35773543,-0.21785472
1783532868.2457,38,left_handMid_2_joint,0.33134624,-0.12025446,0.13581623,0.70200783,-0.57597744,0.35773543,-0.21785472
1783532868.2457,38,left_handMid_3_joint,0.33382857,-0.14997883,0.14356074,0.70200783,-0.57597744,0.35773543,-0.21785472
1783532868.2457,38,left_handMidEnd_joint,0.33548346,-0.1697951,0.14872374,0.70200783,-0.57597744,0.35773543,-0.21785472
1783532868.2457,38,left_handPinkyStart_joint,0.33966708,0.0015908933,0.083075926,0.7159111,-0.57538545,0.27256125,-0.28655407
1783532868.2457,38,left_handPinky_1_joint,0.35168687,-0.060644053,0.086917825,0.7159111,-0.57538545,0.27256125,-0.28655407
1783532868.2457,38,left_handPinky_2_joint,0.35911083,-0.09908328,0.08929077,0.7159111,-0.57538545,0.27256125,-0.28655407
1783532868.2457,38,left_handPinky_3_joint,0.36299956,-0.11921812,0.09053374,0.7159111,-0.57538545,0.27256125,-0.28655407
1783532868.2457,38,left_handPinkyEnd_joint,0.3665348,-0.13752252,0.09166371,0.7159111,-0.57538545,0.27256125,-0.28655407
1783532868.2457,38,left_handRingStart_joint,0.32959795,0.0026855802,0.093952194,0.70981914,-0.5762621,0.31613305,-0.2532563
1783532868.2457,38,left_handRing_1_joint,0.33909523,-0.06564379,0.10491263,0.70981914,-0.5762621,0.31613305,-0.2532563
1783532868.2457,38,left_handRing_2_joint,0.34579918,-0.11387629,0.11264941,0.70981914,-0.5762621,0.31613305,-0.2532563
1783532868.2457,38,left_handRing_3_joint,0.34998915,-0.1440216,0.1174849,0.70981914,-0.5762621,0.31613305,-0.2532563
1783532868.2457,38,left_handRingEnd_joint,0.35278246,-0.16411848,0.120708555,0.70981914,-0.5762621,0.31613305,-0.2532563
1783532868.2457,38,left_handThumbStart_joint,0.3020738,0.0067203664,0.10402326,0.29506212,-0.1806336,0.86772954,-0.35686895
1783532868.2457,38,left_handThumb_1_joint,0.27140608,-0.0322612,0.12459487,0.29506212,-0.1806336,0.86772954,-0.35686895
1783532868.2457,38,left_handThumb_2_joint,0.24948417,-0.06012301,0.13930027,0.29506212,-0.1806336,0.86772954,-0.35686895
1783532868.2457,38,left_handThumbEnd_joint,0.23486957,-0.07869756,0.14910388,0.29506212,-0.18063356,0.86772954,-0.35686895
1783532868.2457,38,neck_1_joint,-0.011984115,0.5822212,0.072930194,0.59764874,0.3619162,0.6188051,0.35904467
1783532868.2457,38,neck_2_joint,-0.012818305,0.60852987,0.08732323,0.5867936,0.3766259,0.613167,0.37128526
1783532868.2457,38,neck_3_joint,-0.014243972,0.64442277,0.10492059,0.5680438,0.401158,0.6023411,0.3918976
1783532868.2457,38,neck_4_joint,-0.016143376,0.6815372,0.11971604,0.54979146,0.42364356,0.5908488,0.41128266
1783532868.2457,38,head_joint,-0.018770864,0.72549343,0.13419205,0.49142003,0.48855525,0.5415729,0.47594038
1783532868.2457,38,jaw_joint,-0.017348194,0.7002534,0.13749598,0.49142003,0.48855525,0.5415729,0.47594038
1783532868.2457,38,chin_joint,-0.017683567,0.6435103,0.23382926,0.49142003,0.48855525,0.5415729,0.47594038
1783532868.2457,38,left_eye_joint,0.008283079,0.7539186,0.22400604,0.4956621,0.48425087,0.5457031,0.47119904
1783532868.2457,38,left_eyeLowerLid_joint,0.008283079,0.7539186,0.22400604,0.4956621,0.48425087,0.5457031,0.47119904
1783532868.2457,38,left_eyeUpperLid_joint,0.008283079,0.7539186,0.22400604,0.4956621,0.48425087,0.5457031,0.47119904
1783532868.2457,38,left_eyeball_joint,0.008283079,0.7539186,0.22400604,0.4956621,0.48425087,0.5457031,0.47119904
1783532868.2457,38,nose_joint,-0.022658402,0.7178386,0.24385652,0.4956647,0.48424828,0.5457056,0.4711962
1783532868.2457,38,right_eye_joint,-0.05617905,0.74994975,0.22144386,0.4956621,0.48425087,0.5457031,0.47119904
1783532868.2457,38,right_eyeLowerLid_joint,-0.05617905,0.74994975,0.22144386,0.4956621,0.48425087,0.5457031,0.47119904
1783532868.2457,38,right_eyeUpperLid_joint,-0.05617905,0.74994975,0.22144386,0.4956621,0.48425087,0.5457031,0.47119904
1783532868.2457,38,right_eyeball_joint,-0.05617905,0.74994975,0.22144386,0.4956621,0.48425087,0.5457031,0.47119904
1783532868.2457,38,right_shoulder_1_joint,-0.10093107,0.5596297,0.0664286,0.8010728,0.09819821,0.058666803,0.58753544
1783532868.2457,38,right_arm_joint,-0.2421844,0.5268101,0.06953224,0.7129864,0.46475983,0.35886493,0.3832296
1783532868.2457,38,right_forearm_joint,-0.32475406,0.27737114,0.028168192,0.5756316,0.6370836,0.24764305,0.4488272
1783532868.2457,38,right_hand_joint,-0.34233153,0.021258526,0.10501644,0.18960896,0.35976243,0.5811831,0.7048729
1783532868.2457,38,right_handIndexStart_joint,-0.3327375,0.00034195662,0.12223188,0.1494948,0.40700915,0.5932806,0.67824256
1783532868.2457,38,right_handIndex_1_joint,-0.32990432,-0.074062966,0.15232539,0.1494948,0.40700915,0.5932806,0.67824256
1783532868.2457,38,right_handIndex_2_joint,-0.32825667,-0.11732191,0.16982126,0.1494948,0.40700915,0.5932806,0.67824256
1783532868.2457,38,right_handIndex_3_joint,-0.3273346,-0.1415471,0.1796196,0.1494948,0.40700915,0.5932806,0.67824256
1783532868.2457,38,right_handIndexEnd_joint,-0.32667595,-0.15885052,0.18661836,0.1494948,0.40700915,0.5932806,0.67824256
1783532868.2457,38,right_handMidStart_joint,-0.34205005,-0.0034116053,0.11432233,0.1890223,0.3603683,0.5816154,0.70436406
1783532868.2457,38,right_handMid_1_joint,-0.3468935,-0.07605008,0.13619831,0.1890223,0.3603683,0.5816154,0.70436406
1783532868.2457,38,right_handMid_2_joint,-0.35029724,-0.12709263,0.15157087,0.1890223,0.3603683,0.5816154,0.70436406
1783532868.2457,38,right_handMid_3_joint,-0.35226074,-0.15654047,0.16043955,0.1890223,0.3603683,0.5816154,0.70436406
1783532868.2457,38,right_handMidEnd_joint,-0.35356998,-0.17617194,0.1663521,0.1890223,0.3603683,0.5816154,0.70436406
1783532868.2457,38,right_handPinkyStart_joint,-0.3600094,-0.007733531,0.093639314,0.2585689,0.27591223,0.5840927,0.71822727
1783532868.2457,38,right_handPinky_1_joint,-0.3705135,-0.07007258,0.09962607,0.2585689,0.27591223,0.5840927,0.71822727
1783532868.2457,38,right_handPinky_2_joint,-0.37700176,-0.108576804,0.103324294,0.2585689,0.27591223,0.5840927,0.71822727
1783532868.2457,38,right_handPinky_3_joint,-0.38039982,-0.12874542,0.10526082,0.2585689,0.27591223,0.5840927,0.71822727
1783532868.2457,38,right_handPinkyEnd_joint,-0.38348928,-0.14708032,0.10702154,0.2585689,0.27591223,0.5840927,0.71822727
1783532868.2457,38,right_handRingStart_joint,-0.35035038,-0.005926292,0.10478903,0.22480664,0.3191361,0.583444,0.71218497
1783532868.2457,38,right_handRing_1_joint,-0.3584177,-0.07399821,0.11821767,0.22480664,0.3191361,0.583444,0.71218497
1783532868.2457,38,right_handRing_2_joint,-0.36411208,-0.12204858,0.12769642,0.22480664,0.3191361,0.583444,0.71218497
1783532868.2457,38,right_handRing_3_joint,-0.36767146,-0.15208042,0.13362111,0.22480664,0.3191361,0.583444,0.71218497
1783532868.2457,38,right_handRingEnd_joint,-0.37004375,-0.17210221,0.13757029,0.22480664,0.3191361,0.583444,0.71218497
1783532868.2457,38,right_handThumbStart_joint,-0.32330227,-0.000731833,0.11559194,0.33599207,0.870856,0.17296611,0.31432787
1783532868.2457,38,right_handThumb_1_joint,-0.29234165,-0.037995934,0.13874595,0.33599207,0.870856,0.17296611,0.31432787
1783532868.2457,38,right_handThumb_2_joint,-0.2702108,-0.06462977,0.1552975,0.33599207,0.870856,0.17296611,0.31432787
1783532868.2457,38,right_handThumbEnd_joint,-0.2554568,-0.08238586,0.1663311,0.33599207,0.870856,0.17296608,0.31432787
1783532868.2457,38,camera,-0.11411778,0.004511908,0.13649079,-0.07409158,-0.11186267,-0.7119734,0.6892684
1783532868.2799,39,root,-0.0009036983,0.021326058,-0.00030398287,-0.03165257,-0.0038728432,-0.005020525,0.9994788
1783532868.2799,39,hips_joint,-0.0009036983,0.021326058,-0.00030398287,-0.03165257,-0.0038728432,-0.005020525,0.9994788
1783532868.2799,39,left_upLeg_joint,0.09936429,-0.0045247674,0.0030422255,0.6209685,-0.3707627,0.5703972,-0.38933295
1783532868.2799,39,left_leg_joint,0.1306791,-0.38545802,0.17977704,-0.2829442,0.66329503,-0.28917158,0.62957287
1783532868.2799,39,left_foot_joint,0.10911199,-0.723618,-0.12732562,0.63177997,-0.3476649,0.61588806,-0.31727755
1783532868.2799,39,left_toes_joint,0.10905566,-0.8473308,-0.04422565,0.68622327,-0.22161855,0.66485965,-0.1947936
1783532868.2799,39,left_toesEnd_joint,0.11012936,-0.8814935,0.005888419,0.68622327,-0.22161835,0.6648596,-0.1947938
1783532868.2799,39,right_upLeg_joint,-0.10169949,-0.0025512837,0.0014218185,0.4039368,0.53631794,0.45939034,0.58151424
1783532868.2799,39,right_leg_joint,-0.102814175,-0.40998465,0.107799925,0.62120414,0.25220615,0.69690037,0.25461257
1783532868.2799,39,right_foot_joint,-0.057742726,-0.715567,-0.22942021,0.33348605,0.5816262,0.3915908,0.6302024
1783532868.2799,39,right_toes_joint,-0.06023687,-0.8469372,-0.15909149,0.2172028,0.63429093,0.26504663,0.69299966
1783532868.2799,39,right_toesEnd_joint,-0.063564114,-0.88593507,-0.11274804,0.21720326,0.6342911,0.26504615,0.6929995
1783532868.2799,39,spine_1_joint,-0.00090371806,0.021326058,-0.00030398305,0.46655306,0.529483,0.47484043,0.525835
1783532868.2799,39,spine_2_joint,-0.0015742895,0.07850134,-0.006851471,0.46159482,0.5354484,0.47437242,0.5245913
1783532868.2799,39,spine_3_joint,-0.0029249545,0.13559514,-0.013979248,0.47420692,0.52214116,0.49163604,0.5106767
1783532868.2799,39,spine_4_joint,-0.0044462606,0.18850823,-0.01753474,0.5028786,0.49189684,0.5212978,0.48311445
1783532868.2799,39,spine_5_joint,-0.0063780807,0.25887066,-0.014303851,0.54886043,0.43764794,0.5647775,0.43386996
1783532868.2799,39,spine_6_joint,-0.008352682,0.3498098,0.008771285,0.5663482,0.41187847,0.5836869,0.4109935
1783532868.2799,39,spine_7_joint,-0.010571387,0.45091373,0.044004276,0.56018966,0.42109168,0.57546663,0.421554
1783532868.2799,39,left_shoulder_1_joint,0.07695147,0.56091946,0.073057644,-0.58572567,0.032997042,-0.08052015,0.8058246
1783532868.2799,39,left_arm_joint,0.21980451,0.5364895,0.07902583,-0.3638874,0.3683352,-0.43953523,0.73397833
1783532868.2799,39,left_forearm_joint,0.3108453,0.29356846,0.020291395,-0.445011,0.2414998,-0.60397303,0.61551607
1783532868.2799,39,left_hand_joint,0.35205618,0.03673229,0.08467264,0.7258287,-0.55635095,0.3370151,-0.22375739
1783532868.2799,39,left_handIndexStart_joint,0.3434581,0.013910679,0.1019281,0.7022195,-0.5700951,0.38304958,-0.18749107
1783532868.2799,39,left_handIndex_1_joint,0.347998,-0.061926603,0.12796432,0.7022195,-0.5700951,0.38304958,-0.18749107
1783532868.2799,39,left_handIndex_2_joint,0.3506375,-0.106018044,0.14310166,0.7022195,-0.5700951,0.38304958,-0.18749107
1783532868.2799,39,left_handIndex_3_joint,0.35211563,-0.13070926,0.15157856,0.7022195,-0.5700951,0.38304958,-0.18749107
1783532868.2799,39,left_handIndexEnd_joint,0.3531714,-0.14834583,0.1576335,0.7022195,-0.5700951,0.38304958,-0.18749107
1783532868.2799,39,left_handMidStart_joint,0.35307288,0.011517201,0.09385322,0.7266626,-0.5559107,0.33485952,-0.22537579
1783532868.2799,39,left_handMid_1_joint,0.36505774,-0.06137022,0.11179898,0.7266626,-0.5559107,0.33485952,-0.22537579
1783532868.2799,39,left_handMid_2_joint,0.37347957,-0.112588406,0.12440951,0.7266626,-0.5559107,0.33485952,-0.22537579
1783532868.2799,39,left_handMid_3_joint,0.3783383,-0.14213735,0.13168481,0.7266626,-0.5559107,0.33485952,-0.22537579
1783532868.2799,39,left_handMidEnd_joint,0.3815775,-0.16183665,0.13653502,0.7266626,-0.5559107,0.33485952,-0.22537579
1783532868.2799,39,left_handPinkyStart_joint,0.37131405,0.010094004,0.07301488,0.7387501,-0.55542743,0.2470612,-0.29104924
1783532868.2799,39,left_handPinky_1_joint,0.38788295,-0.0511504,0.075664125,0.7387501,-0.55542743,0.2470612,-0.29104924
1783532868.2799,39,left_handPinky_2_joint,0.39811668,-0.08897783,0.07730042,0.7387501,-0.55542743,0.2470612,-0.29104924
1783532868.2799,39,left_handPinky_3_joint,0.4034772,-0.1087922,0.07815753,0.7387501,-0.55542743,0.2470612,-0.29104924
1783532868.2799,39,left_handPinkyEnd_joint,0.4083504,-0.12680526,0.078936726,0.7387501,-0.55542743,0.2470612,-0.29104924
1783532868.2799,39,left_handRingStart_joint,0.361554,0.010344515,0.08422011,0.73359597,-0.5562412,0.2918891,-0.25929463
1783532868.2799,39,left_handRing_1_joint,0.3762782,-0.057235636,0.09398512,0.73359597,-0.5562412,0.2918891,-0.25929463
1783532868.2799,39,left_handRing_2_joint,0.38667175,-0.10493927,0.10087807,0.73359597,-0.5562412,0.2918891,-0.25929463
1783532868.2799,39,left_handRing_3_joint,0.3931677,-0.13475405,0.10518616,0.73359597,-0.5562412,0.2918891,-0.25929463
1783532868.2799,39,left_handRingEnd_joint,0.39749834,-0.15463056,0.108058214,0.73359597,-0.5562412,0.2918891,-0.25929463
1783532868.2799,39,left_handThumbStart_joint,0.33415604,0.012278108,0.09521556,0.31325155,-0.1807764,0.8483663,-0.38661116
1783532868.2799,39,left_handThumb_1_joint,0.3070514,-0.029028624,0.116247825,0.31325155,-0.1807764,0.8483663,-0.38661116
1783532868.2799,39,left_handThumb_2_joint,0.28767624,-0.058552522,0.13128257,0.31325155,-0.18077639,0.8483663,-0.38661116
1783532868.2799,39,left_handThumbEnd_joint,0.27475947,-0.07823513,0.14130571,0.31325155,-0.18077636,0.8483663,-0.38661116
1783532868.2799,39,neck_1_joint,-0.012744238,0.58110696,0.076424904,0.6007647,0.35867304,0.61947733,0.3559263
1783532868.2799,39,neck_2_joint,-0.013488152,0.60726494,0.091094844,0.5897635,0.3739084,0.6134007,0.3689329
1783532868.2799,39,neck_3_joint,-0.014773586,0.6430106,0.10899998,0.57111114,0.39855057,0.6026641,0.38959694
1783532868.2799,39,neck_4_joint,-0.016537316,0.68000364,0.124113105,0.5529494,0.42113644,0.591272,0.4090096
1783532868.2799,39,head_joint,-0.01901362,0.7238425,0.13896665,0.49485144,0.48642603,0.54228365,0.47375154
1783532868.2799,39,jaw_joint,-0.01764152,0.6985722,0.14205359,0.49485144,0.48642603,0.54228365,0.47375154
1783532868.2799,39,chin_joint,-0.017813157,0.64102066,0.2379066,0.49485144,0.48642603,0.54228365,0.47375154
1783532868.2799,39,left_eye_joint,0.008388869,0.75144565,0.22893125,0.4990749,0.4820918,0.54639477,0.46900415
1783532868.2799,39,left_eyeLowerLid_joint,0.008388869,0.75144565,0.22893125,0.4990749,0.4820918,0.54639477,0.46900415
1783532868.2799,39,left_eyeUpperLid_joint,0.008388869,0.75144565,0.22893125,0.4990749,0.4820918,0.54639477,0.46900415
1783532868.2799,39,left_eyeball_joint,0.008388869,0.75144565,0.22893125,0.4990749,0.4820918,0.54639477,0.46900415
1783532868.2799,39,nose_joint,-0.022577439,0.7152737,0.2485745,0.4990774,0.48208916,0.5463972,0.4690013
1783532868.2799,39,right_eye_joint,-0.056090325,0.7476523,0.22653821,0.4990749,0.4820918,0.54639477,0.46900415
1783532868.2799,39,right_eyeLowerLid_joint,-0.056090325,0.7476523,0.22653821,0.4990749,0.4820918,0.54639477,0.46900415
1783532868.2799,39,right_eyeUpperLid_joint,-0.056090325,0.7476523,0.22653821,0.4990749,0.4820918,0.54639477,0.46900415
1783532868.2799,39,right_eyeball_joint,-0.056090325,0.7476523,0.22653821,0.4990749,0.4820918,0.54639477,0.46900415
1783532868.2799,39,right_shoulder_1_joint,-0.10173826,0.5587122,0.06988706,0.80455244,0.08488926,0.0544831,0.5852532
1783532868.2799,39,right_arm_joint,-0.24383582,0.5296489,0.07158332,0.7251809,0.43514088,0.35517806,0.3982637
1783532868.2799,39,right_forearm_joint,-0.34198517,0.2865323,0.02675536,0.6017762,0.60011584,0.2330611,0.47266203
1783532868.2799,39,right_hand_joint,-0.38783154,0.033946075,0.103610024,0.19614494,0.33901417,0.54728955,0.73964256
1783532868.2799,39,right_handIndexStart_joint,-0.38097557,0.012273421,0.12119445,0.15831994,0.3886911,0.55993325,0.71437323
1783532868.2799,39,right_handIndex_1_joint,-0.38666046,-0.061859254,0.15155515,0.15831994,0.3886911,0.55993325,0.71437323
1783532868.2799,39,right_handIndex_2_joint,-0.3899652,-0.104959965,0.16920637,0.15831994,0.3886911,0.55993325,0.71437323
1783532868.2799,39,right_handIndex_3_joint,-0.39181656,-0.12909646,0.17909168,0.15831994,0.3886911,0.55993325,0.71437323
1783532868.2799,39,right_handIndexEnd_joint,-0.39313883,-0.14633656,0.18615256,0.15831994,0.3886911,0.55993325,0.71437323
1783532868.2799,39,right_handMidStart_joint,-0.39034805,0.0094283745,0.11298254,0.19558343,0.33965835,0.5477358,0.7391652
1783532868.2799,39,right_handMid_1_joint,-0.40321258,-0.06222374,0.13486513,0.19558343,0.33965835,0.5477358,0.7391652
1783532868.2799,39,right_handMid_2_joint,-0.41225272,-0.11257315,0.15024231,0.19558343,0.33965835,0.5477358,0.7391652
1783532868.2799,39,right_handMid_3_joint,-0.41746798,-0.14162111,0.15911366,0.19558343,0.33965835,0.5477358,0.7391652
1783532868.2799,39,right_handMidEnd_joint,-0.42094505,-0.160986,0.16502799,0.19558343,0.33965835,0.5477358,0.7391652
1783532868.2799,39,right_handPinkyStart_joint,-0.40794718,0.0068114568,0.09171217,0.2607051,0.25158864,0.5508661,0.751853
1783532868.2799,39,right_handPinky_1_joint,-0.4248701,-0.054118775,0.09749631,0.2607051,0.25158864,0.5508661,0.751853
1783532868.2799,39,right_handPinky_2_joint,-0.43532306,-0.091752805,0.10106937,0.2607051,0.25158864,0.5508661,0.751853
1783532868.2799,39,right_handPinky_3_joint,-0.4407978,-0.11146566,0.10294036,0.2607051,0.25158864,0.5508661,0.751853
1783532868.2799,39,right_handPinkyEnd_joint,-0.44577518,-0.12938622,0.10464148,0.2607051,0.25158864,0.5508661,0.751853
1783532868.2799,39,right_handRingStart_joint,-0.39853483,0.0077044796,0.10317908,0.22919215,0.29655316,0.5498601,0.7464459
1783532868.2799,39,right_handRing_1_joint,-0.4138618,-0.059130285,0.1164981,0.22919215,0.29655316,0.5498601,0.7464459
1783532868.2799,39,right_handRing_2_joint,-0.42468056,-0.10630739,0.1258995,0.22919215,0.29655316,0.5498601,0.7464459
1783532868.2799,39,right_handRing_3_joint,-0.4314427,-0.1357934,0.13177581,0.22919215,0.29655316,0.5498601,0.7464459
1783532868.2799,39,right_handRingEnd_joint,-0.43595022,-0.15545137,0.13569276,0.22919215,0.29655316,0.5498601,0.7464459
1783532868.2799,39,right_handThumbStart_joint,-0.37147895,0.01021692,0.11488173,0.3758022,0.8477469,0.16071862,0.3380351
1783532868.2799,39,right_handThumb_1_joint,-0.3452225,-0.029833328,0.13916878,0.37580213,0.8477469,0.16071862,0.3380351
1783532868.2799,39,right_handThumb_2_joint,-0.326454,-0.058458727,0.15653023,0.3758022,0.8477469,0.16071859,0.3380351
1783532868.2799,39,right_handThumbEnd_joint,-0.31394154,-0.07754254,0.16810375,0.3758022,0.8477469,0.16071859,0.3380351
1783532868.2799,39,camera,-0.11457002,0.0047522765,0.13632776,-0.073637925,-0.11188782,-0.71176004,0.68953335
1783532868.3109,40,root,-0.000920578,0.020787677,-0.0014402005,-0.04160406,-0.0064378944,-0.0028152151,0.9991095
1783532868.3109,40,hips_joint,-0.000920578,0.020787677,-0.0014402005,-0.04160406,-0.0064378944,-0.0028152151,0.9991095
1783532868.3109,40,left_upLeg_joint,0.09944349,-0.00453593,0.002907376,0.62791806,-0.35601282,0.5775646,-0.3813044
1783532868.3109,40,left_leg_joint,0.132857,-0.37828392,0.19401477,-0.2759352,0.6643859,-0.2813339,0.6350611
1783532868.3109,40,left_foot_joint,0.114055,-0.70936626,-0.12088276,0.62693506,-0.3528459,0.61310256,-0.32643133
1783532868.3109,40,left_toes_joint,0.11393725,-0.83495456,-0.04064535,0.68244815,-0.22762397,0.66385967,-0.20430945
1783532868.3109,40,left_toesEnd_joint,0.11484484,-0.87025577,0.00867672,0.6824482,-0.22762376,0.66385955,-0.20430963
1783532868.3109,40,right_upLeg_joint,-0.10161663,-0.0035077024,0.00027361183,0.39630112,0.53633475,0.45036057,0.5936883
1783532868.3109,40,right_leg_joint,-0.109634474,-0.4076931,0.118126884,0.6189146,0.24276853,0.70321053,0.25199828
1783532868.3109,40,right_foot_joint,-0.06075508,-0.7071931,-0.22398417,0.33750376,0.5727847,0.3981703,0.63203585
1783532868.3109,40,right_toes_joint,-0.064742595,-0.83982384,-0.15613401,0.22282347,0.6263713,0.27115938,0.6960469
1783532868.3109,40,right_toesEnd_joint,-0.06888342,-0.8796543,-0.11057081,0.22282393,0.6263715,0.27115896,0.6960467
1783532868.3109,40,spine_1_joint,-0.00092059775,0.020787677,-0.0014402007,0.45952123,0.53389096,0.47305635,0.52916795
1783532868.3109,40,spine_2_joint,-0.0019360224,0.07784103,-0.008938024,0.45595956,0.53900135,0.4742726,0.5259697
1783532868.3109,40,spine_3_joint,-0.0037152022,0.13484322,-0.016678797,0.47070554,0.52433616,0.4935276,0.5098416
1783532868.3109,40,spine_4_joint,-0.005677988,0.18773071,-0.020394947,0.5017755,0.49231583,0.52486974,0.47995657
1783532868.3109,40,spine_5_joint,-0.008194357,0.2580571,-0.01680189,0.54975575,0.4362098,0.56887203,0.42880595
1783532868.3109,40,spine_6_joint,-0.010803478,0.34870794,0.007320748,0.568325,0.4094732,0.5870879,0.405791
1783532868.3109,40,spine_7_joint,-0.013450286,0.44932967,0.043879677,0.56180656,0.4200251,0.5765505,0.41897744
1783532868.3109,40,left_shoulder_1_joint,0.07398336,0.55926377,0.07346807,-0.58644027,0.024441091,-0.062411245,0.8072146
1783532868.3109,40,left_arm_joint,0.21772984,0.5404907,0.078362405,-0.3866738,0.35408065,-0.40166405,0.75085056
1783532868.3109,40,left_forearm_joint,0.33119586,0.30721876,0.019553503,-0.4724647,0.2128846,-0.55989826,0.6465074
1783532868.3109,40,left_hand_joint,0.4068676,0.059314765,0.08756469,0.7664053,-0.50697297,0.3190366,-0.23198609
1783532868.3109,40,left_handIndexStart_joint,0.40167964,0.03593512,0.10542476,0.74390256,-0.5213747,0.36772895,-0.19888043
1783532868.3109,40,left_handIndex_1_joint,0.41660842,-0.038108967,0.1327084,0.74390256,-0.5213747,0.36772895,-0.19888043
1783532868.3109,40,left_handIndex_2_joint,0.42528793,-0.081157856,0.14857097,0.74390256,-0.5213747,0.36772895,-0.19888043
1783532868.3109,40,left_handIndex_3_joint,0.43014845,-0.10526523,0.15745401,0.74390256,-0.5213747,0.36772895,-0.19888043
1783532868.3109,40,left_handIndexEnd_joint,0.43362024,-0.12248479,0.16379905,0.74390256,-0.5213747,0.36772895,-0.19888043
1783532868.3109,40,left_handMidStart_joint,0.41135368,0.034642816,0.097171344,0.76720047,-0.50651824,0.31676674,-0.23345703
1783532868.3109,40,left_handMid_1_joint,0.43310887,-0.035678912,0.11614061,0.76720047,-0.50651824,0.31676674,-0.23345703
1783532868.3109,40,left_handMid_2_joint,0.4483963,-0.08509418,0.12947036,0.76720047,-0.50651824,0.31676674,-0.23345703
1783532868.3109,40,left_handMid_3_joint,0.45721593,-0.11360299,0.1371606,0.76720047,-0.50651824,0.31676674,-0.23345703
1783532868.3109,40,left_handMidEnd_joint,0.46309572,-0.13260886,0.14228743,0.76720047,-0.50651824,0.31676674,-0.23345703
1783532868.3109,40,left_handPinkyStart_joint,0.42918578,0.035166357,0.07594055,0.778895,-0.5068323,0.22474341,-0.2931457
1783532868.3109,40,left_handPinky_1_joint,0.45364794,-0.02333767,0.079303056,0.778895,-0.5068323,0.22474341,-0.2931457
1783532868.3109,40,left_handPinky_2_joint,0.46875694,-0.059472512,0.0813799,0.778895,-0.5068323,0.22474341,-0.2931457
1783532868.3109,40,left_handPinky_3_joint,0.47667116,-0.078400284,0.082467765,0.778895,-0.5068323,0.22474341,-0.2931457
1783532868.3109,40,left_handPinkyEnd_joint,0.48386592,-0.095607355,0.08345673,0.778895,-0.5068323,0.22474341,-0.2931457
1783532868.3109,40,left_handRingStart_joint,0.41971236,0.034380853,0.08736494,0.7739935,-0.5071911,0.27160695,-0.2644267
1783532868.3109,40,left_handRing_1_joint,0.44332033,-0.03049481,0.09799734,0.7739935,-0.5071911,0.27160695,-0.2644267
1783532868.3109,40,left_handRing_2_joint,0.4599848,-0.07628939,0.10550257,0.7739935,-0.5071911,0.27160695,-0.2644267
1783532868.3109,40,left_handRing_3_joint,0.47040007,-0.104911,0.11019333,0.7739935,-0.5071911,0.27160695,-0.2644267
1783532868.3109,40,left_handRingEnd_joint,0.4773436,-0.12399208,0.1133205,0.7739935,-0.5071911,0.27160695,-0.2644267
1783532868.3109,40,left_handThumbStart_joint,0.39253166,0.03296801,0.09896235,0.3375217,-0.15596719,0.81954217,-0.4360098
1783532868.3109,40,left_handThumb_1_joint,0.37148738,-0.011061377,0.12136368,0.3375217,-0.15596719,0.81954217,-0.4360098
1783532868.3109,40,left_handThumb_2_joint,0.35644394,-0.042531528,0.137377,0.3375217,-0.15596718,0.81954217,-0.4360098
1783532868.3109,40,left_handThumbEnd_joint,0.34641498,-0.06351163,0.14805253,0.3375217,-0.15596716,0.81954217,-0.4360098
1783532868.3109,40,neck_1_joint,-0.01573222,0.5793101,0.077135876,0.6021442,0.35819712,0.61896306,0.3549681
1783532868.3109,40,neck_2_joint,-0.016417446,0.605434,0.091869265,0.59107447,0.37404805,0.61178166,0.3693813
1783532868.3109,40,neck_3_joint,-0.017552547,0.6411997,0.10974464,0.5724092,0.3990986,0.60015064,0.39100847
1783532868.3109,40,neck_4_joint,-0.019109387,0.67824864,0.124743104,0.55424964,0.42177385,0.58858424,0.41046682
1783532868.3109,40,head_joint,-0.021340294,0.7221504,0.13944918,0.49608418,0.4872241,0.5394507,0.47487503
1783532868.3109,40,jaw_joint,-0.020065248,0.6968855,0.14262117,0.49608418,0.4872241,0.5394507,0.47487503
1783532868.3109,40,chin_joint,-0.020119311,0.63967663,0.2386792,0.49608418,0.4872241,0.5394507,0.47487503
1783532868.3109,40,left_eye_joint,0.0065235016,0.7499548,0.22920986,0.5003145,0.48287904,0.54357177,0.4701522
1783532868.3109,40,left_eyeLowerLid_joint,0.0065235016,0.7499548,0.22920986,0.5003145,0.48287904,0.54357177,0.4701522
1783532868.3109,40,left_eyeUpperLid_joint,0.0065235016,0.7499548,0.22920986,0.5003145,0.48287904,0.54357177,0.4701522
1783532868.3109,40,left_eyeball_joint,0.0065235016,0.7499548,0.22920986,0.5003145,0.48287904,0.54357177,0.4701522
1783532868.3109,40,nose_joint,-0.02452315,0.71398693,0.24909969,0.5003171,0.4828765,0.54357415,0.4701494
1783532868.3109,40,right_eye_joint,-0.057980068,0.74643147,0.22707519,0.5003145,0.48287904,0.54357177,0.4701522
1783532868.3109,40,right_eyeLowerLid_joint,-0.057980068,0.74643147,0.22707519,0.5003145,0.48287904,0.54357177,0.4701522
1783532868.3109,40,right_eyeUpperLid_joint,-0.057980068,0.74643147,0.22707519,0.5003145,0.48287904,0.54357177,0.4701522
1783532868.3109,40,right_eyeball_joint,-0.057980068,0.74643147,0.22707519,0.5003145,0.48287904,0.54357177,0.4701522
1783532868.3109,40,right_shoulder_1_joint,-0.104709096,0.55683935,0.0706253,0.8070927,0.06532109,0.04264501,0.58524877
1783532868.3109,40,right_arm_joint,-0.24799292,0.53430504,0.071730755,0.7480963,0.38883358,0.33516476,0.4205059
1783532868.3109,40,right_forearm_joint,-0.3737899,0.304587,0.025327554,0.6392437,0.5511344,0.20040779,0.49744853
1783532868.3109,40,right_hand_joint,-0.45744365,0.062340543,0.103602655,0.21115083,0.31954718,0.49173385,0.7819865
1783532868.3109,40,right_handIndexStart_joint,-0.454152,0.040115118,0.12152233,0.17707862,0.37216744,0.50555944,0.75798696
1783532868.3109,40,right_handIndex_1_joint,-0.47116175,-0.032021303,0.15245362,0.17707862,0.37216744,0.50555944,0.75798696
1783532868.3109,40,right_handIndex_2_joint,-0.4810508,-0.07396145,0.17043658,0.17707862,0.37216744,0.50555944,0.75798696
1783532868.3109,40,right_handIndex_3_joint,-0.48658934,-0.09744794,0.18050763,0.17707862,0.37216744,0.50555944,0.75798696
1783532868.3109,40,right_handIndexEnd_joint,-0.49054533,-0.11422374,0.18770123,0.17707862,0.37216744,0.50555944,0.75798696
1783532868.3109,40,right_handMidStart_joint,-0.46368635,0.038567744,0.11315129,0.21063626,0.32023764,0.4922049,0.7815463
1783532868.3109,40,right_handMid_1_joint,-0.48727888,-0.030170817,0.1354396,0.21063626,0.32023764,0.4922049,0.7815463
1783532868.3109,40,right_handMid_2_joint,-0.50385755,-0.07847284,0.15110189,0.21063626,0.32023764,0.4922049,0.7815463
1783532868.3109,40,right_handMid_3_joint,-0.51342195,-0.10633964,0.16013773,0.21063626,0.32023764,0.4922049,0.7815463
1783532868.3109,40,right_handMidEnd_joint,-0.5197984,-0.12491707,0.1661617,0.21063627,0.32023764,0.4922049,0.7815463
1783532868.3109,40,right_handPinkyStart_joint,-0.48108354,0.038287066,0.09155812,0.26903665,0.22753884,0.4955006,0.7939298
1783532868.3109,40,right_handPinky_1_joint,-0.5068274,-0.01944886,0.0975706,0.26903665,0.22753884,0.4955006,0.7939298
1783532868.3109,40,right_handPinky_2_joint,-0.5227287,-0.05510984,0.10128469,0.26903665,0.22753884,0.4955006,0.7939298
1783532868.3109,40,right_handPinky_3_joint,-0.5310573,-0.07378929,0.10322956,0.26903665,0.22753884,0.4955006,0.7939298
1783532868.3109,40,right_handPinkyEnd_joint,-0.538629,-0.09077034,0.10499784,0.26903665,0.22753884,0.4955006,0.7939298
1783532868.3109,40,right_handRingStart_joint,-0.4718549,0.037937187,0.10320238,0.24093902,0.27473265,0.49434692,0.7887278
1783532868.3109,40,right_handRing_1_joint,-0.49702147,-0.02578087,0.11683496,0.24093902,0.27473265,0.49434692,0.7887278
1783532868.3109,40,right_handRing_2_joint,-0.51478577,-0.070757985,0.12645769,0.24093902,0.27473265,0.49434692,0.7887278
1783532868.3109,40,right_handRing_3_joint,-0.525889,-0.09886893,0.13247235,0.24093902,0.27473265,0.49434692,0.7887278
1783532868.3109,40,right_handRingEnd_joint,-0.5332906,-0.11761028,0.13648154,0.24093902,0.27473265,0.49434692,0.7887278
1783532868.3109,40,right_handThumbStart_joint,-0.44494268,0.036619056,0.11542051,0.43343163,0.8155302,0.13460137,0.3590684
1783532868.3109,40,right_handThumb_1_joint,-0.42526948,-0.0065339515,0.14060114,0.43343163,0.8155302,0.13460135,0.3590684
1783532868.3109,40,right_handThumb_2_joint,-0.41120636,-0.03737728,0.1586013,0.43343163,0.8155302,0.13460132,0.3590684
1783532868.3109,40,right_handThumbEnd_joint,-0.40183082,-0.057939738,0.17060064,0.43343163,0.8155302,0.13460132,0.3590684
1783532868.3109,40,camera,-0.11454377,0.003932425,0.13607405,-0.07346661,-0.11146219,-0.7116395,0.68974495
1783532868.3456,41,root,-0.00078639813,0.018770372,-0.004025674,-0.04286784,-0.010901934,-0.0023069594,0.9990186
1783532868.3456,41,hips_joint,-0.00078639813,0.018770372,-0.004025674,-0.04286784,-0.010901934,-0.0023069594,0.9990186
1783532868.3456,41,left_upLeg_joint,0.09956946,-0.0064033386,0.0012770467,0.62799615,-0.3521612,0.5840961,-0.37474674
1783532868.3456,41,left_leg_joint,0.1288901,-0.37700918,0.19905876,-0.27464557,0.664587,-0.2903772,0.6313279
1783532868.3456,41,left_foot_joint,0.10511481,-0.7116197,-0.11174662,0.62604403,-0.35379964,0.6179194,-0.3179156
1783532868.3456,41,left_toes_joint,0.10302878,-0.83619255,-0.029967984,0.68175405,-0.2287293,0.6669751,-0.1950351
1783532868.3456,41,left_toesEnd_joint,0.10337215,-0.8708927,0.019785823,0.68175405,-0.22872905,0.6669751,-0.1950353
1783532868.3456,41,right_upLeg_joint,-0.101460576,-0.0056596445,-0.0031426586,0.39910996,0.5247393,0.4507057,0.60185057
1783532868.3456,41,right_leg_joint,-0.11957852,-0.41048697,0.11133868,0.60622525,0.25017852,0.70206994,0.27748725
1783532868.3456,41,right_foot_joint,-0.068824284,-0.7273822,-0.2144384,0.32294497,0.5707927,0.3815537,0.65139765
1783532868.3456,41,right_toes_joint,-0.07735262,-0.8564073,-0.14034213,0.20890613,0.621656,0.25117424,0.71190834
1783532868.3456,41,right_toesEnd_joint,-0.08347383,-0.89385635,-0.093016505,0.2089066,0.6216561,0.25117382,0.7119082
1783532868.3456,41,spine_1_joint,-0.00078641786,0.018770372,-0.004025674,0.4566944,0.5334419,0.47500083,0.5303245
1783532868.3456,41,spine_2_joint,-0.0019588936,0.075808086,-0.011618859,0.4537574,0.5392323,0.4763419,0.52576697
1783532868.3456,41,spine_3_joint,-0.003993181,0.13279986,-0.01937317,0.46938932,0.5249588,0.4956261,0.5083765
1783532868.3456,41,spine_4_joint,-0.0062455353,0.18568161,-0.023005804,0.5014827,0.49315858,0.52655214,0.47754827
1783532868.3456,41,spine_5_joint,-0.00912855,0.255983,-0.019205105,0.55040145,0.43743232,0.5690769,0.42645338
1783532868.3456,41,spine_6_joint,-0.011979445,0.34657717,0.0051021157,0.56940967,0.41176367,0.5849209,0.40508103
1783532868.3456,41,spine_7_joint,-0.0144807035,0.44729796,0.04139737,0.5621655,0.4248237,0.57086205,0.42143923
1783532868.3456,41,left_shoulder_1_joint,0.07347929,0.5573756,0.06881203,-0.5933076,0.018546073,-0.03866559,0.80383265
1783532868.3456,41,left_arm_joint,0.21799557,0.54516697,0.0711423,-0.4210951,0.3378898,-0.34931192,0.7658267
1783532868.3456,41,left_forearm_joint,0.3583362,0.3271666,0.011736097,-0.5112958,0.17756718,-0.49122724,0.68245304
1783532868.3456,41,left_hand_joint,0.4800835,0.09884042,0.08139832,0.81904995,-0.4374399,0.2854482,-0.23732413
1783532868.3456,41,left_handIndexStart_joint,0.4799651,0.07547026,0.1000081,0.7986489,-0.45236093,0.33761385,-0.20867771
1783532868.3456,41,left_handIndex_1_joint,0.50909954,0.0061253165,0.1281549,0.7986489,-0.45236093,0.33761385,-0.20867771
1783532868.3456,41,left_handIndex_2_joint,0.5260382,-0.034191508,0.14451933,0.7986489,-0.45236093,0.33761385,-0.20867771
1783532868.3456,41,left_handIndex_3_joint,0.5355239,-0.05676893,0.1536834,0.7986489,-0.45236093,0.33761385,-0.20867771
1783532868.3456,41,left_handIndexEnd_joint,0.5422994,-0.07289566,0.16022916,0.7986489,-0.45236093,0.33761385,-0.20867771
1783532868.3456,41,left_handMidStart_joint,0.48933452,0.075663395,0.09131602,0.8197667,-0.43698105,0.2830318,-0.23858577
1783532868.3456,41,left_handMid_1_joint,0.5241403,0.01093676,0.11073972,0.8197667,-0.43698105,0.2830318,-0.23858577
1783532868.3456,41,left_handMid_2_joint,0.5485984,-0.03454682,0.124388814,0.8197667,-0.43698105,0.2830318,-0.23858577
1783532868.3456,41,left_handMid_3_joint,0.56270885,-0.060787342,0.13226329,0.8197667,-0.43698105,0.2830318,-0.23858577
1783532868.3456,41,left_handMidEnd_joint,0.57211584,-0.07828103,0.13751295,0.8197667,-0.43698105,0.2830318,-0.23858577
1783532868.3456,41,left_handPinkyStart_joint,0.50581586,0.078692876,0.06922105,0.8300496,-0.43888387,0.18579806,-0.2896164
1783532868.3456,41,left_handPinky_1_joint,0.5404698,0.025592336,0.07266455,0.8300496,-0.43888387,0.18579806,-0.2896164
1783532868.3456,41,left_handPinky_2_joint,0.5618738,-0.007205057,0.07479142,0.8300496,-0.43888387,0.18579806,-0.2896164
1783532868.3456,41,left_handPinky_3_joint,0.57308537,-0.024384642,0.075905494,0.8300496,-0.43888387,0.18579806,-0.2896164
1783532868.3456,41,left_handPinkyEnd_joint,0.5832777,-0.040002447,0.0769183,0.8300496,-0.43888387,0.18579806,-0.2896164
1783532868.3456,41,left_handRingStart_joint,0.49715728,0.07658884,0.08111559,0.825931,-0.43837675,0.23514679,-0.2652729
1783532868.3456,41,left_handRing_1_joint,0.5324367,0.017292319,0.09200203,0.825931,-0.43837675,0.23514679,-0.2652729
1783532868.3456,41,left_handRing_2_joint,0.5573399,-0.024564052,0.09968657,0.825931,-0.43837675,0.23514679,-0.2652729
1783532868.3456,41,left_handRing_3_joint,0.57290435,-0.050724275,0.10448941,0.825931,-0.43837675,0.23514679,-0.2652729
1783532868.3456,41,left_handRingEnd_joint,0.5832807,-0.06816443,0.1076913,0.825931,-0.43837675,0.23514679,-0.2652729
1783532868.3456,41,left_handThumbStart_joint,0.4712147,0.07072936,0.09407456,0.37521058,-0.12453692,0.77101046,-0.49924988
1783532868.3456,41,left_handThumb_1_joint,0.4594073,0.024371633,0.11846324,0.37521058,-0.12453692,0.77101046,-0.49924988
1783532868.3456,41,left_handThumb_2_joint,0.45096606,-0.008763,0.13589711,0.37521058,-0.12453692,0.77101046,-0.49924988
1783532868.3456,41,left_handThumbEnd_joint,0.44533858,-0.030852761,0.1475197,0.37521055,-0.124536894,0.77101046,-0.49924988
1783532868.3456,41,neck_1_joint,-0.016151026,0.57769775,0.07300734,0.60227895,0.3645478,0.6119708,0.3603562
1783532868.3456,41,neck_2_joint,-0.016595226,0.60410297,0.08723994,0.5904971,0.38162467,0.6032912,0.37645116
1783532868.3456,41,neck_3_joint,-0.017363044,0.6402996,0.10424623,0.57125217,0.40740284,0.5903366,0.3989944
1783532868.3456,41,neck_4_joint,-0.018520994,0.6777612,0.11822059,0.5527247,0.43034568,0.5779714,0.4186254
1783532868.3456,41,head_joint,-0.02027728,0.7220907,0.1316524,0.4936194,0.4956118,0.527936,0.4816559
1783532868.3456,41,jaw_joint,-0.019156307,0.69692063,0.1355522,0.4936194,0.4956118,0.527936,0.4816559
1783532868.3456,41,chin_joint,-0.018649535,0.64255255,0.2332449,0.4936194,0.4956118,0.527936,0.4816559
1783532868.3456,41,left_eye_joint,0.008708,0.7522982,0.22027415,0.49792308,0.491288,0.53211653,0.4770333
1783532868.3456,41,left_eyeLowerLid_joint,0.008708,0.7522982,0.22027415,0.49792308,0.491288,0.53211653,0.4770333
1783532868.3456,41,left_eyeUpperLid_joint,0.008708,0.7522982,0.22027415,0.49792308,0.491288,0.53211653,0.4770333
1783532868.3456,41,left_eyeball_joint,0.008708,0.7522982,0.22027415,0.49792308,0.491288,0.53211653,0.4770333
1783532868.3456,41,nose_joint,-0.022398049,0.71716785,0.24152172,0.49792555,0.49128526,0.5321191,0.4770304
1783532868.3456,41,right_eye_joint,-0.05583828,0.74920905,0.21888985,0.49792308,0.491288,0.53211653,0.4770333
1783532868.3456,41,right_eyeLowerLid_joint,-0.05583828,0.74920905,0.21888985,0.49792308,0.491288,0.53211653,0.4770333
1783532868.3456,41,right_eyeUpperLid_joint,-0.05583828,0.74920905,0.21888985,0.49792308,0.491288,0.53211653,0.4770333
1783532868.3456,41,right_eyeball_joint,-0.05583828,0.74920905,0.21888985,0.49792308,0.491288,0.53211653,0.4770333
1783532868.3456,41,right_shoulder_1_joint,-0.105236545,0.5553745,0.0675627,0.8030199,0.042844348,0.023508577,0.59394467
1783532868.3456,41,right_arm_joint,-0.24959289,0.54134315,0.06946845,0.77166235,0.33118168,0.29622948,0.45508632
1783532868.3456,41,right_forearm_joint,-0.41054985,0.33367705,0.028042287,0.6785835,0.4887408,0.14456217,0.5289215
1783532868.3456,41,right_hand_joint,-0.5393012,0.114952065,0.11401155,0.22362824,0.30332616,0.4095841,0.83079726
1783532868.3456,41,right_handIndexStart_joint,-0.54041225,0.093210846,0.13277332,0.19513752,0.35932973,0.42448536,0.80784607
1783532868.3456,41,right_handIndex_1_joint,-0.5710416,0.026868448,0.16609398,0.19513752,0.35932973,0.42448536,0.80784607
1783532868.3456,41,right_handIndex_2_joint,-0.588849,-0.011703169,0.18546611,0.19513752,0.35932973,0.42448536,0.80784607
1783532868.3456,41,right_handIndex_3_joint,-0.5988219,-0.033303116,0.19631511,0.19513752,0.35932973,0.42448536,0.80784607
1783532868.3456,41,right_handIndexEnd_joint,-0.60594517,-0.04873143,0.20406437,0.19513752,0.35932973,0.42448536,0.80784607
1783532868.3456,41,right_handMidStart_joint,-0.55001676,0.093185134,0.12433972,0.2231882,0.30407354,0.41007957,0.83039784
1783532868.3456,41,right_handMid_1_joint,-0.5864091,0.031096376,0.14881314,0.2231882,0.30407354,0.41007957,0.83039784
1783532868.3456,41,right_handMid_2_joint,-0.61198205,-0.012532806,0.16601089,0.2231882,0.30407354,0.41007957,0.83039784
1783532868.3456,41,right_handMid_3_joint,-0.6267355,-0.03770377,0.17593257,0.2231882,0.30407354,0.41007957,0.83039784
1783532868.3456,41,right_handMidEnd_joint,-0.6365712,-0.054483946,0.1825471,0.2231882,0.30407354,0.41007957,0.83039784
1783532868.3456,41,right_handPinkyStart_joint,-0.5670197,0.09539011,0.102544226,0.27219385,0.20623383,0.41420034,0.84369177
1783532868.3456,41,right_handPinky_1_joint,-0.60333014,0.043879293,0.110323675,0.27219385,0.20623383,0.41420034,0.84369177
1783532868.3456,41,right_handPinky_2_joint,-0.6257579,0.012063389,0.11512914,0.27219385,0.20623383,0.41420034,0.84369177
1783532868.3456,41,right_handPinky_3_joint,-0.6375051,-0.004602132,0.11764569,0.27219385,0.20623383,0.41420034,0.84369177
1783532868.3456,41,right_handPinkyEnd_joint,-0.64818466,-0.01975226,0.11993366,0.27219385,0.20623383,0.41420034,0.84369177
1783532868.3456,41,right_handRingStart_joint,-0.55809635,0.09373843,0.11431389,0.24884808,0.25589314,0.4125265,0.83810186
1783532868.3456,41,right_handRing_1_joint,-0.59502554,0.036541894,0.12993391,0.24884808,0.25589314,0.4125265,0.83810186
1783532868.3456,41,right_handRing_2_joint,-0.6210928,-0.0038318825,0.14095953,0.24884808,0.25589314,0.4125265,0.83810186
1783532868.3456,41,right_handRing_3_joint,-0.63738537,-0.029065615,0.14785099,0.24884808,0.25589314,0.4125265,0.83810186
1783532868.3456,41,right_handRingEnd_joint,-0.64824677,-0.045888934,0.15244476,0.24884808,0.25589314,0.4125265,0.83810186
1783532868.3456,41,right_handThumbStart_joint,-0.53200185,0.08779529,0.12692504,0.5019654,0.77098656,0.08634172,0.3823024
1783532868.3456,41,right_handThumb_1_joint,-0.52106345,0.04268702,0.15392266,0.5019654,0.77098656,0.08634172,0.3823024
1783532868.3456,41,right_handThumb_2_joint,-0.5132435,0.010445933,0.17322153,0.5019654,0.77098656,0.08634171,0.3823024
1783532868.3456,41,right_handThumbEnd_joint,-0.50803006,-0.011048412,0.18608668,0.5019654,0.77098656,0.08634168,0.3823024
1783532868.3456,41,camera,-0.11509138,0.0041094776,0.13579187,-0.07406731,-0.111102656,-0.7114269,0.68995786
1783532868.3788,42,root,-0.00045241843,0.015955787,-0.0068989345,-0.029553695,-0.011471711,-0.0042348616,0.9994884
1783532868.3788,42,hips_joint,-0.00045241843,0.015955787,-0.0068989345,-0.029553695,-0.011471711,-0.0042348616,0.9994884
1783532868.3788,42,left_upLeg_joint,0.099807374,-0.00970437,-0.0021385257,0.6187111,-0.3696151,0.576821,-0.38452423
1783532868.3788,42,left_leg_joint,0.1256312,-0.389105,0.1787324,-0.29376522,0.6583507,-0.31326503,0.61817575
1783532868.3788,42,left_foot_joint,0.09676535,-0.7431091,-0.109325215,0.63724935,-0.33709943,0.6278262,-0.29344755
1783532868.3788,42,left_toes_joint,0.094439924,-0.86205155,-0.019560127,0.689591,-0.21020797,0.67206466,-0.16913283
1783532868.3788,42,left_toesEnd_joint,0.094942756,-0.89342815,0.032352455,0.68959105,-0.21020778,0.6720648,-0.16913307
1783532868.3788,42,right_upLeg_joint,-0.10121244,-0.008133716,-0.006799749,0.41219115,0.51027393,0.45953324,0.59878904
1783532868.3788,42,right_leg_joint,-0.12517248,-0.41701004,0.09100415,0.5911872,0.2734699,0.68912345,0.31752297
1783532868.3788,42,right_foot_joint,-0.07973627,-0.76500624,-0.20219146,0.29674333,0.5798541,0.34667265,0.6749302
1783532868.3788,42,right_toes_joint,-0.092728056,-0.88603425,-0.11620365,0.18146197,0.625587,0.21246523,0.7284031
1783532868.3788,42,right_toesEnd_joint,-0.10043179,-0.9185819,-0.06559816,0.18146248,0.6255871,0.21246478,0.72840303
1783532868.3788,42,spine_1_joint,-0.00045243822,0.015955787,-0.0068989354,0.46284035,0.5273709,0.48087874,0.52575135
1783532868.3788,42,spine_2_joint,-0.0015303382,0.073153116,-0.013194749,0.4578737,0.53505695,0.48100978,0.52220243
1783532868.3788,42,spine_3_joint,-0.0035626895,0.13026547,-0.020005131,0.47090927,0.5231134,0.4981752,0.50637764
1783532868.3788,42,spine_4_joint,-0.0058786357,0.18317154,-0.023219962,0.50002307,0.49442002,0.52637804,0.4779667
1783532868.3788,42,spine_5_joint,-0.0089112865,0.2534789,-0.019653916,0.54598016,0.44285473,0.56601036,0.43060187
1783532868.3788,42,spine_6_joint,-0.012004777,0.3444702,0.0030903874,0.5621093,0.42178726,0.57883185,0.4136217
1783532868.3788,42,spine_7_joint,-0.014777642,0.44630677,0.03610436,0.55184716,0.43838894,0.561342,0.4337921
1783532868.3788,42,left_shoulder_1_joint,0.072969384,0.5576987,0.05841809,-0.61568105,0.0004586876,-0.0013146999,0.7879946
1783532868.3788,42,left_arm_joint,0.2180186,0.55731624,0.058548052,-0.4847241,0.297586,-0.26292658,0.77933
1783532868.3788,42,left_forearm_joint,0.4001194,0.37157598,0.0029723977,-0.5749254,0.100992516,-0.36955324,0.72297466
1783532868.3788,42,left_hand_joint,0.58943015,0.19726627,0.07770958,0.8942532,-0.30305934,0.23435906,-0.23139296
1783532868.3788,42,left_handIndexStart_joint,0.5974825,0.17664658,0.097771764,0.87707514,-0.317919,0.29150295,-0.21140821
1783532868.3788,42,left_handIndex_1_joint,0.64791006,0.121960714,0.12804231,0.87707514,-0.317919,0.29150295,-0.21140821
1783532868.3788,42,left_handIndex_2_joint,0.6772284,0.09016661,0.14564146,0.87707514,-0.317919,0.29150295,-0.21140821
1783532868.3788,42,left_handIndex_3_joint,0.69364667,0.07236192,0.15549698,0.87707514,-0.317919,0.29150295,-0.21140821
1783532868.3788,42,left_handIndexEnd_joint,0.70537406,0.05964428,0.16253664,0.87707514,-0.317919,0.29150295,-0.21140821
1783532868.3788,42,left_handMidStart_joint,0.6058501,0.17888702,0.08837283,0.89485675,-0.302633,0.2317388,-0.23225516
1783532868.3788,42,left_handMid_1_joint,0.6597767,0.12953274,0.109213814,0.89485675,-0.302633,0.2317388,-0.23225516
1783532868.3788,42,left_handMid_2_joint,0.69767094,0.09485136,0.12385884,0.89485675,-0.302633,0.2317388,-0.23225516
1783532868.3788,42,left_handMid_3_joint,0.7195331,0.07484287,0.13230789,0.89485675,-0.302633,0.2317388,-0.23225516
1783532868.3788,42,left_handMidEnd_joint,0.7341078,0.061503876,0.13794059,0.89485675,-0.302633,0.2317388,-0.23225516
1783532868.3788,42,left_handPinkyStart_joint,0.61937183,0.1847922,0.06489312,0.90396434,-0.30843365,0.12768267,-0.26723546
1783532868.3788,42,left_handPinky_1_joint,0.6687208,0.1450487,0.06908373,0.90396434,-0.30843365,0.12768267,-0.26723546
1783532868.3788,42,left_handPinky_2_joint,0.6992009,0.12050123,0.071672045,0.90396434,-0.30843365,0.12768267,-0.26723546
1783532868.3788,42,left_handPinky_3_joint,0.71516675,0.10764303,0.073027834,0.90396434,-0.30843365,0.12768267,-0.26723546
1783532868.3788,42,left_handPinkyEnd_joint,0.72968113,0.095953755,0.07426037,0.90396434,-0.30843365,0.12768267,-0.26723546
1783532868.3788,42,left_handRingStart_joint,0.61244047,0.18122795,0.07754742,0.90055835,-0.30582643,0.18023564,-0.25095925
1783532868.3788,42,left_handRing_1_joint,0.66468734,0.1364327,0.0895008,0.90055835,-0.30582643,0.18023564,-0.25095925
1783532868.3788,42,left_handRing_2_joint,0.70156753,0.104812525,0.09793848,0.90055835,-0.30582643,0.18023564,-0.25095925
1783532868.3788,42,left_handRing_3_joint,0.7246176,0.08504991,0.10321203,0.90055835,-0.30582643,0.18023564,-0.25095925
1783532868.3788,42,left_handRingEnd_joint,0.73998433,0.07187484,0.106727734,0.90055835,-0.30582643,0.18023564,-0.25095925
1783532868.3788,42,left_handThumbStart_joint,0.5902841,0.1690016,0.09287388,-0.4349229,0.052472208,-0.6763271,0.5921751
1783532868.3788,42,left_handThumb_1_joint,0.5945638,0.123538904,0.12112442,-0.4349229,0.052472208,-0.6763271,0.5921751
1783532868.3788,42,left_handThumb_2_joint,0.5976211,0.09104362,0.14131874,-0.4349229,0.052472185,-0.6763271,0.5921751
1783532868.3788,42,left_handThumbEnd_joint,0.5996593,0.0693801,0.15478161,-0.4349229,0.052472185,-0.6763271,0.5921751
1783532868.3788,42,neck_1_joint,-0.016699973,0.5780231,0.061662566,0.5934864,0.37920168,0.6033755,0.3740567
1783532868.3788,42,neck_2_joint,-0.017171329,0.60506797,0.0746377,0.58138055,0.39609212,0.5940418,0.39015692
1783532868.3788,42,neck_3_joint,-0.017953299,0.6420319,0.08990381,0.5616302,0.42153704,0.5804263,0.41229105
1783532868.3788,42,neck_4_joint,-0.019120352,0.6801161,0.10207892,0.54264224,0.44418457,0.5674721,0.43152717
1783532868.3788,42,head_joint,-0.02088345,0.72503567,0.11338064,0.48202956,0.5082434,0.5159146,0.4931215
1783532868.3788,42,jaw_joint,-0.01975369,0.70008063,0.11847671,0.48202956,0.5082434,0.5159146,0.4931215
1783532868.3788,42,chin_joint,-0.01918983,0.6504368,0.21865253,0.48202956,0.5082434,0.5159146,0.4931215
1783532868.3788,42,left_eye_joint,0.0081311315,0.7594456,0.2004471,0.4864438,0.5040202,0.5201956,0.4886034
1783532868.3788,42,left_eyeLowerLid_joint,0.0081311315,0.7594456,0.2004471,0.4864438,0.5040202,0.5201956,0.4886034
1783532868.3788,42,left_eyeUpperLid_joint,0.0081311315,0.7594456,0.2004471,0.4864438,0.5040202,0.5201956,0.4886034
1783532868.3788,42,left_eyeball_joint,0.0081311315,0.7594456,0.2004471,0.4864438,0.5040202,0.5201956,0.4886034
1783532868.3788,42,nose_joint,-0.022955922,0.7253612,0.22336067,0.4864465,0.5040177,0.52019817,0.48860067
1783532868.3788,42,right_eye_joint,-0.05641488,0.7562771,0.19924021,0.4864438,0.5040202,0.5201956,0.4886034
1783532868.3788,42,right_eyeLowerLid_joint,-0.05641488,0.7562771,0.19924021,0.4864438,0.5040202,0.5201956,0.4886034
1783532868.3788,42,right_eyeUpperLid_joint,-0.05641488,0.7562771,0.19924021,0.4864438,0.5040202,0.5201956,0.4886034
1783532868.3788,42,right_eyeball_joint,-0.05641488,0.7562771,0.19924021,0.4864438,0.5040202,0.5201956,0.4886034
1783532868.3788,42,right_shoulder_1_joint,-0.10574226,0.5553037,0.057245526,0.7836631,0.008109303,0.0022605066,0.62112963
1783532868.3788,42,right_arm_joint,-0.2507709,0.55305284,0.05819283,0.78024834,0.25510493,0.24165532,0.5174335
1783532868.3788,42,right_forearm_joint,-0.45107114,0.38064834,0.028109176,0.7022501,0.40036985,0.054747276,0.58613336
1783532868.3788,42,right_hand_joint,-0.63152623,0.21276532,0.13327366,0.20809785,0.28680184,0.2846717,0.89073145
1783532868.3788,42,right_handIndexStart_joint,-0.6382176,0.194334,0.15428393,0.18818165,0.34697366,0.29883745,0.8688462
1783532868.3788,42,right_handIndex_1_joint,-0.68484664,0.14214219,0.19367297,0.18818165,0.34697366,0.29883745,0.8688462
1783532868.3788,42,right_handIndex_2_joint,-0.7119563,0.11179757,0.21657333,0.18818165,0.34697366,0.29883745,0.8688462
1783532868.3788,42,right_handIndex_3_joint,-0.72713834,0.09480497,0.22939807,0.18818165,0.34697366,0.29883745,0.8688462
1783532868.3788,42,right_handIndexEnd_joint,-0.73798245,0.08266757,0.23855856,0.18818165,0.34697366,0.29883745,0.8688462
1783532868.3788,42,right_handMidStart_joint,-0.64746606,0.19573803,0.1455736,0.20777512,0.28763044,0.28516564,0.8903815
1783532868.3788,42,right_handMid_1_joint,-0.6985408,0.14805059,0.1755009,0.20777512,0.28763044,0.28516564,0.8903815
1783532868.3788,42,right_handMid_2_joint,-0.7344309,0.11454124,0.19653101,0.20777512,0.28763044,0.28516564,0.8903815
1783532868.3788,42,right_handMid_3_joint,-0.7551367,0.095208615,0.2086637,0.20777512,0.28763044,0.28516564,0.8903815
1783532868.3788,42,right_handMidEnd_joint,-0.7689405,0.08232067,0.2167522,0.20777513,0.28763044,0.28516564,0.8903815
1783532868.3788,42,right_handPinkyStart_joint,-0.6632283,0.19958743,0.12308497,0.24303585,0.1846152,0.29367846,0.9058721
1783532868.3788,42,right_handPinky_1_joint,-0.7114469,0.16010234,0.13525972,0.24303585,0.1846152,0.29367846,0.9058721
1783532868.3788,42,right_handPinky_2_joint,-0.74122983,0.13571435,0.14277995,0.24303585,0.1846152,0.29367846,0.9058721
1783532868.3788,42,right_handPinky_3_joint,-0.7568298,0.122939415,0.14671855,0.24303588,0.1846152,0.29367846,0.9058721
1783532868.3788,42,right_handPinkyEnd_joint,-0.7710117,0.11132625,0.15029924,0.24303585,0.1846152,0.29367846,0.9058721
1783532868.3788,42,right_handRingStart_joint,-0.65508324,0.19713056,0.13527109,0.22658062,0.23671897,0.28963974,0.89929676
1783532868.3788,42,right_handRing_1_joint,-0.7053864,0.15324908,0.15584294,0.22658062,0.23671897,0.28963974,0.89929676
1783532868.3788,42,right_handRing_2_joint,-0.74089414,0.12227403,0.17036398,0.22658062,0.23671897,0.28963974,0.89929676
1783532868.3788,42,right_handRing_3_joint,-0.763087,0.10291469,0.17944005,0.22658062,0.23671897,0.28963974,0.89929676
1783532868.3788,42,right_handRingEnd_joint,-0.77788204,0.090007514,0.18549034,0.22658062,0.23671897,0.28963974,0.89929676
1783532868.3788,42,right_handThumbStart_joint,-0.63141924,0.1863389,0.14937219,0.5723265,0.700491,-0.0022673244,0.4263219
1783532868.3788,42,right_handThumb_1_joint,-0.63242126,0.14338684,0.1815809,0.5723265,0.700491,-0.0022673244,0.4263219
1783532868.3788,42,right_handThumb_2_joint,-0.63313574,0.112686746,0.20460445,0.5723265,0.700491,-0.0022673244,0.4263219
1783532868.3788,42,right_handThumbEnd_joint,-0.6336121,0.092219636,0.21995275,0.5723265,0.700491,-0.0022673456,0.4263219
1783532868.3788,42,camera,-0.11573189,0.0044334414,0.13551354,-0.07431023,-0.110795155,-0.7112689,0.6901442
1783532868.4134,43,root,-3.584997e-05,0.01439623,-0.00706905,-0.012876803,-0.008485515,-0.004694634,0.99987
1783532868.4134,43,hips_joint,-3.584997e-05,0.01439623,-0.00706905,-0.012876803,-0.008485515,-0.004694634,0.99987
1783532868.4134,43,left_upLeg_joint,0.10022914,-0.011469995,-0.0037517047,0.6111462,-0.38816413,0.5599618,-0.40282956
1783532868.4134,43,left_leg_joint,0.1303559,-0.40123612,0.15277532,-0.31867778,0.6503819,-0.32475162,0.6082632
1783532868.4134,43,left_foot_joint,0.10432578,-0.77146846,-0.11439445,0.6519465,-0.31546307,0.63075554,-0.2785607
1783532868.4134,43,left_toes_joint,0.10510981,-0.88514066,-0.018017588,0.6999209,-0.18617818,0.6721195,-0.1539606
1783532868.4134,43,left_toesEnd_joint,0.10675932,-0.91350424,0.035577662,0.69992095,-0.18617798,0.67211944,-0.15396081
1783532868.4134,43,right_upLeg_joint,-0.100813,-0.009621418,-0.007187735,0.42504165,0.50214475,0.46741176,0.59052205
1783532868.4134,43,right_leg_joint,-0.12555371,-0.42182902,0.075226985,0.5820742,0.296813,0.6722171,0.34816033
1783532868.4134,43,right_foot_joint,-0.088992216,-0.7938998,-0.1881282,0.2751741,0.59261006,0.3144701,0.68862236
1783532868.4134,43,right_toes_joint,-0.103872046,-0.90705127,-0.09228573,0.15786602,0.63402367,0.17825127,0.7357436
1783532868.4134,43,right_toesEnd_joint,-0.11190832,-0.935105,-0.039106578,0.15786651,0.6340237,0.17825082,0.7357435
1783532868.4134,43,spine_1_joint,-3.5869747e-05,0.01439623,-0.0070690503,0.47246557,0.52022684,0.48802465,0.51766014
1783532868.4134,43,spine_2_joint,-0.0010492823,0.07176726,-0.011526612,0.46538982,0.5288157,0.48722264,0.5161203
1783532868.4134,43,spine_3_joint,-0.00300976,0.12904054,-0.016842652,0.4747859,0.5188727,0.50225246,0.50308233
1783532868.4134,43,spine_4_joint,-0.005289657,0.18199158,-0.019237863,0.4990185,0.4936515,0.5276604,0.4783964
1783532868.4134,43,spine_5_joint,-0.008405015,0.25229344,-0.015634283,0.53933275,0.44779024,0.56426954,0.43612376
1783532868.4134,43,spine_6_joint,-0.011957128,0.343686,0.0053670905,0.54920095,0.43388692,0.57385176,0.42522314
1783532868.4134,43,spine_7_joint,-0.015722882,0.4467937,0.034053605,0.5314609,0.4570457,0.5524869,0.45101747
1783532868.4134,43,left_shoulder_1_joint,0.07050518,0.5604353,0.05005075,-0.66243434,-0.031062992,0.03392682,0.7477064
1783532868.4134,43,left_arm_joint,0.21494111,0.5737638,0.05026882,-0.58446294,0.21670745,-0.18806082,0.75899553
1783532868.4134,43,left_forearm_joint,0.43713072,0.43045306,0.021241507,-0.66656935,-0.049339194,-0.23810478,0.7046683
1783532868.4134,43,left_hand_joint,0.6734118,0.35815635,0.12493589,0.9564262,-0.103891425,0.2198519,-0.16161998
1783532868.4134,43,left_handIndexStart_joint,0.68755674,0.3470826,0.1488063,0.9401685,-0.11469427,0.28109702,-0.15463938
1783532868.4134,43,left_handIndex_1_joint,0.7530628,0.32278055,0.1884062,0.9401685,-0.11469427,0.28109702,-0.15463938
1783532868.4134,43,left_handIndex_2_joint,0.79114777,0.30865145,0.21142939,0.9401685,-0.11469427,0.28109702,-0.15463938
1783532868.4134,43,left_handIndex_3_joint,0.81247526,0.30073917,0.22432238,0.9401685,-0.11469427,0.28109702,-0.15463938
1783532868.4134,43,left_handIndexEnd_joint,0.82770926,0.29508752,0.23353164,0.9401685,-0.11469427,0.28109702,-0.15463938
1783532868.4134,43,left_handMidStart_joint,0.6949162,0.34991372,0.13874654,0.95703244,-0.10367863,0.2170844,-0.16190846
1783532868.4134,43,left_handMid_1_joint,0.7621324,0.32948524,0.16777971,0.95703244,-0.10367863,0.2170844,-0.16190846
1783532868.4134,43,left_handMid_2_joint,0.8093654,0.31513008,0.1881814,0.95703244,-0.10367863,0.2170844,-0.16190846
1783532868.4134,43,left_handMid_3_joint,0.83661515,0.30684826,0.1999516,0.95703244,-0.10367863,0.2170844,-0.16190846
1783532868.4134,43,left_handMidEnd_joint,0.8547816,0.30132708,0.2077984,0.95703244,-0.10367863,0.2170844,-0.16190846
1783532868.4134,43,left_handPinkyStart_joint,0.7063084,0.35461962,0.11390554,0.9708798,-0.120143026,0.109789655,-0.17579758
1783532868.4134,43,left_handPinky_1_joint,0.76644576,0.33735424,0.12476068,0.9708798,-0.120143026,0.109789655,-0.17579758
1783532868.4134,43,left_handPinky_2_joint,0.8035894,0.3266903,0.13146533,0.9708798,-0.120143026,0.109789655,-0.17579758
1783532868.4134,43,left_handPinky_3_joint,0.82304555,0.32110444,0.13497728,0.9708798,-0.120143026,0.109789655,-0.17579758
1783532868.4134,43,left_handPinkyEnd_joint,0.840733,0.31602636,0.13816997,0.9708798,-0.120143026,0.109789655,-0.17579758
1783532868.4134,43,left_handRingStart_joint,0.7006379,0.35186595,0.12736443,0.9652758,-0.11192633,0.16375777,-0.16999657
1783532868.4134,43,left_handRing_1_joint,0.7649929,0.33288336,0.14678933,0.9652758,-0.11192633,0.16375777,-0.16999657
1783532868.4134,43,left_handRing_2_joint,0.81042,0.3194839,0.16050102,0.9652758,-0.11192633,0.16375777,-0.16999657
1783532868.4134,43,left_handRing_3_joint,0.83881193,0.31110924,0.16907082,0.9652758,-0.11192633,0.16375777,-0.16999657
1783532868.4134,43,left_handRingEnd_joint,0.85773987,0.3055261,0.17478405,0.9652758,-0.11192633,0.16375777,-0.16999657
1783532868.4134,43,left_handThumbStart_joint,0.68378425,0.33644962,0.1461681,-0.5062697,-0.107791536,-0.5560707,0.6502753
1783532868.4134,43,left_handThumb_1_joint,0.70302796,0.3034769,0.18392713,-0.5062697,-0.107791536,-0.5560707,0.6502753
1783532868.4134,43,left_handThumb_2_joint,0.71678114,0.27990887,0.21091785,-0.5062697,-0.107791536,-0.5560707,0.6502753
1783532868.4134,43,left_handThumbEnd_joint,0.72594994,0.26419687,0.22891167,-0.5062697,-0.10779157,-0.5560707,0.6502753
1783532868.4134,43,neck_1_joint,-0.019416444,0.5798659,0.05091342,0.5779362,0.3961971,0.5980323,0.3890694
1783532868.4134,43,neck_2_joint,-0.02029333,0.60756505,0.062402,0.56777996,0.40968972,0.58966637,0.40258428
1783532868.4134,43,neck_3_joint,-0.0215375,0.6451653,0.07599129,0.549314,0.432553,0.57644856,0.4229175
1783532868.4134,43,neck_4_joint,-0.023089103,0.68367714,0.08668865,0.5307132,0.45400012,0.56326264,0.44154605
1783532868.4134,43,head_joint,-0.025232457,0.72896236,0.096345834,0.46904352,0.5166396,0.51046735,0.502499
1783532868.4134,43,jaw_joint,-0.023999626,0.7042149,0.10234902,0.46904352,0.5166396,0.51046735,0.502499
1783532868.4134,43,chin_joint,-0.024086887,0.6582155,0.20425124,0.46904352,0.5166396,0.51046735,0.502499
1783532868.4134,43,left_eye_joint,0.0027432106,0.7666709,0.18238004,0.47353142,0.51252925,0.5148302,0.49802804
1783532868.4134,43,left_eyeLowerLid_joint,0.0027432106,0.7666709,0.18238004,0.47353142,0.51252925,0.5148302,0.49802804
1783532868.4134,43,left_eyeUpperLid_joint,0.0027432106,0.7666709,0.18238004,0.47353142,0.51252925,0.5148302,0.49802804
1783532868.4134,43,left_eyeball_joint,0.0027432106,0.7666709,0.18238004,0.47353142,0.51252925,0.5148302,0.49802804
1783532868.4134,43,nose_joint,-0.028352696,0.73323506,0.20621856,0.47353414,0.51252687,0.5148328,0.49802536
1783532868.4134,43,right_eye_joint,-0.061767958,0.76304704,0.18068896,0.47353142,0.51252925,0.5148302,0.49802804
1783532868.4134,43,right_eyeLowerLid_joint,-0.061767958,0.76304704,0.18068896,0.47353142,0.51252925,0.5148302,0.49802804
1783532868.4134,43,right_eyeUpperLid_joint,-0.061767958,0.76304704,0.18068896,0.47353142,0.51252925,0.5148302,0.49802804
1783532868.4134,43,right_eyeball_joint,-0.061767958,0.76304704,0.18068896,0.47353142,0.51252925,0.5148302,0.49802804
1783532868.4134,43,right_shoulder_1_joint,-0.10814074,0.5558546,0.04695559,0.7491122,-0.02995399,-0.008627416,0.6617095
1783532868.4134,43,right_arm_joint,-0.25290805,0.5640203,0.04308047,0.7558401,0.16915679,0.197489,0.6009077
1783532868.4134,43,right_forearm_joint,-0.4829242,0.43287426,0.017746657,0.69355154,0.2696561,-0.040372476,0.66681504
1783532868.4134,43,right_hand_joint,-0.7110506,0.34707037,0.12912123,0.15259555,0.23965368,0.13004017,0.9499318
1783532868.4134,43,right_handIndexStart_joint,-0.72413445,0.33576685,0.15207691,0.14336458,0.30404344,0.14079843,0.9312251
1783532868.4134,43,right_handIndex_1_joint,-0.78641236,0.30770564,0.19431159,0.14336458,0.30404344,0.14079843,0.9312251
1783532868.4134,43,right_handIndex_2_joint,-0.8226204,0.29139036,0.21886651,0.14336458,0.30404344,0.14079843,0.9312251
1783532868.4134,43,right_handIndex_3_joint,-0.8428974,0.28225446,0.23261768,0.14336458,0.30404344,0.14079843,0.9312251
1783532868.4134,43,right_handIndexEnd_joint,-0.85738075,0.27572888,0.24243988,0.14336458,0.30404344,0.14079843,0.9312251
1783532868.4134,43,right_handMidStart_joint,-0.7320301,0.33801493,0.14228006,0.15241253,0.24057734,0.13048747,0.9496663
1783532868.4134,43,right_handMid_1_joint,-0.79665786,0.31360072,0.17399065,0.15241253,0.24057734,0.13048747,0.9496663
1783532868.4134,43,right_handMid_2_joint,-0.84207153,0.29644543,0.19627377,0.15241253,0.24057734,0.13048747,0.9496663
1783532868.4134,43,right_handMid_3_joint,-0.86827177,0.28654784,0.20912944,0.15241253,0.24057734,0.13048747,0.9496663
1783532868.4134,43,right_handMidEnd_joint,-0.88573843,0.27994987,0.21769983,0.15241255,0.24057734,0.13048747,0.9496664
1783532868.4134,43,right_handPinkyStart_joint,-0.7446198,0.3417233,0.1178515,0.17000227,0.134141,0.1476108,0.9650475
1783532868.4134,43,right_handPinky_1_joint,-0.803068,0.32073563,0.13110511,0.17000227,0.134141,0.1476108,0.9650475
1783532868.4134,43,right_handPinky_2_joint,-0.8391692,0.30777285,0.13929161,0.17000227,0.134141,0.1476108,0.9650475
1783532868.4134,43,right_handPinky_3_joint,-0.85807884,0.30098227,0.14357933,0.17000228,0.134141,0.1476108,0.9650475
1783532868.4134,43,right_handPinkyEnd_joint,-0.87526935,0.2948095,0.14747734,0.17000227,0.134141,0.1476108,0.9650475
1783532868.4134,43,right_handRingStart_joint,-0.73828626,0.3394782,0.13110766,0.16233411,0.18774141,0.13908435,0.9586744
1783532868.4134,43,right_handRing_1_joint,-0.800511,0.31659326,0.15309758,0.16233411,0.18774141,0.13908435,0.9586744
1783532868.4134,43,right_handRing_2_joint,-0.8444339,0.30043912,0.16861963,0.16233411,0.18774141,0.13908435,0.9586744
1783532868.4134,43,right_handRing_3_joint,-0.8718862,0.29034308,0.17832126,0.16233411,0.18774141,0.13908435,0.9586744
1783532868.4134,43,right_handRingEnd_joint,-0.8901879,0.2836114,0.18478878,0.16233411,0.18774141,0.13908435,0.9586744
1783532868.4134,43,right_handThumbStart_joint,-0.71978265,0.32537177,0.14938085,0.62755644,0.5856819,-0.10607603,0.5018945
1783532868.4134,43,right_handThumb_1_joint,-0.735435,0.2916166,0.18809612,0.62755644,0.5856819,-0.10607603,0.5018945
1783532868.4134,43,right_handThumb_2_joint,-0.7466211,0.2674899,0.21577038,0.6275563,0.58568186,-0.10607605,0.50189453
1783532868.4134,43,right_handThumbEnd_joint,-0.75407857,0.25140497,0.23421924,0.6275563,0.58568186,-0.10607605,0.50189453
1783532868.4134,43,camera,-0.11616178,0.004330163,0.1354272,-0.07420936,-0.11036484,-0.7111434,0.6903533
1783532868.4460,44,root,0.00032083236,0.014290597,-0.0066915285,-9.929989e-05,-0.00042283733,-0.006132306,0.99998105
1783532868.4460,44,hips_joint,0.00032083236,0.014290597,-0.0066915285,-9.929989e-05,-0.00042283733,-0.006132306,0.99998105
1783532868.4460,44,left_upLeg_joint,0.100546084,-0.011918843,-0.0056431643,0.6060578,-0.40929475,0.53699034,-0.42049116
1783532868.4460,44,left_leg_joint,0.13770325,-0.41100124,0.12350203,-0.34181038,0.64712405,-0.32738993,0.59767187
1783532868.4460,44,left_foot_joint,0.11396558,-0.7922719,-0.12789097,0.6681477,-0.29863295,0.626301,-0.26859608
1783532868.4460,44,left_toes_joint,0.119499244,-0.9018857,-0.02707099,0.7126385,-0.1665824,0.6658569,-0.1450209
1783532868.4460,44,left_toesEnd_joint,0.12300394,-0.92800313,0.02756651,0.71263856,-0.16658221,0.66585684,-0.14502111
1783532868.4460,44,right_upLeg_joint,-0.100518666,-0.009447977,-0.005812961,0.43727076,0.50368637,0.46717075,0.580384
1783532868.4460,44,right_leg_joint,-0.1241432,-0.42328638,0.068342716,0.5863947,0.31334373,0.6518732,0.36471668
1783532868.4460,44,right_foot_joint,-0.102993675,-0.8087887,-0.17674911,0.26838094,0.6082877,0.2882453,0.6891098
1783532868.4460,44,right_toes_joint,-0.11697307,-0.9166536,-0.07486579,0.14822452,0.6481295,0.15240936,0.7312517
1783532868.4460,44,right_toesEnd_joint,-0.12385185,-0.9418297,-0.02010755,0.14822502,0.6481296,0.15240891,0.7312516
1783532868.4460,44,spine_1_joint,0.00032081257,0.014290597,-0.0066915285,0.48116052,0.5185028,0.48957363,0.5098595
1783532868.4460,44,spine_2_joint,-0.000660771,0.07173952,-0.010006575,0.4710417,0.5286908,0.48793468,0.510417
1783532868.4460,44,spine_3_joint,-0.00268597,0.12907204,-0.014612553,0.47711712,0.5205288,0.5016202,0.49978587
1783532868.4460,44,spine_4_joint,-0.0050811563,0.18202606,-0.016821869,0.49803162,0.49739972,0.5255906,0.47782046
1783532868.4460,44,spine_5_joint,-0.008413976,0.2523387,-0.013649353,0.5352086,0.45426005,0.56094414,0.43879518
1783532868.4460,44,spine_6_joint,-0.012357429,0.34405264,0.0058258497,0.54218686,0.44288716,0.56927425,0.43105796
1783532868.4460,44,spine_7_joint,-0.016691906,0.44786698,0.031750415,0.5220933,0.4668579,0.5467596,0.45882022
1783532868.4460,44,left_shoulder_1_joint,0.06890606,0.562423,0.04422083,-0.6843561,-0.053589046,0.054057445,0.72516394
1783532868.4460,44,left_arm_joint,0.212275,0.58443415,0.044762243,-0.63467574,0.15856601,-0.13627136,0.7439581
1783532868.4460,44,left_forearm_joint,0.45500723,0.47696596,0.028016612,-0.69989115,-0.13618562,-0.16170868,0.6822436
1783532868.4460,44,left_hand_joint,0.69902295,0.46892172,0.13846876,0.96954256,0.011443571,0.21110496,-0.12365716
1783532868.4460,44,left_handIndexStart_joint,0.71467704,0.46408755,0.16345045,0.9538882,0.00284569,0.2732454,-0.124203146
1783532868.4460,44,left_handIndex_1_joint,0.78299385,0.4590724,0.2053724,0.9538882,0.00284569,0.2732454,-0.124203146
1783532868.4460,44,left_handIndex_2_joint,0.8227129,0.4561566,0.22974561,0.9538882,0.00284569,0.2732454,-0.124203146
1783532868.4460,44,left_handIndex_3_joint,0.84495556,0.45452377,0.24339461,0.9538882,0.00284569,0.2732454,-0.124203146
1783532868.4460,44,left_handIndexEnd_joint,0.8608432,0.45335746,0.2531439,0.9538882,0.00284569,0.2732454,-0.124203146
1783532868.4460,44,left_handMidStart_joint,0.72148883,0.46711913,0.1530685,0.9701497,0.011545239,0.20831671,-0.1236148
1783532868.4460,44,left_handMid_1_joint,0.790886,0.46490702,0.18401045,0.9701497,0.011545239,0.20831671,-0.1236148
1783532868.4460,44,left_handMid_2_joint,0.8396515,0.46335256,0.20575343,0.9701497,0.011545239,0.20831671,-0.1236148
1783532868.4460,44,left_handMid_3_joint,0.8677856,0.46245578,0.21829745,0.9701497,0.011545239,0.20831671,-0.1236148
1783532868.4460,44,left_handMidEnd_joint,0.8865415,0.4618579,0.22666015,0.9701497,0.011545239,0.20831671,-0.1236148
1783532868.4460,44,left_handPinkyStart_joint,0.7321516,0.4709756,0.12776166,0.98686075,-0.010043806,0.10145449,-0.12534787
1783532868.4460,44,left_handPinky_1_joint,0.7943329,0.46810165,0.14031747,0.98686075,-0.010043806,0.10145449,-0.12534787
1783532868.4460,44,left_handPinky_2_joint,0.832739,0.46632656,0.14807254,0.98686075,-0.010043806,0.10145449,-0.12534787
1783532868.4460,44,left_handPinky_3_joint,0.8528565,0.46539676,0.15213472,0.98686075,-0.010043806,0.10145449,-0.12534787
1783532868.4460,44,left_handPinkyEnd_joint,0.8711451,0.4645515,0.1558276,0.98686075,-0.010043806,0.10145449,-0.12534787
1783532868.4460,44,left_handRingStart_joint,0.72690755,0.4687928,0.14149536,0.97988755,0.00089767174,0.15508968,-0.12556696
1783532868.4460,44,left_handRing_1_joint,0.79339874,0.4661951,0.16274182,0.97988755,0.00089767174,0.15508968,-0.12556696
1783532868.4460,44,left_handRing_2_joint,0.84033364,0.4643614,0.17773934,0.97988755,0.00089767174,0.15508968,-0.12556696
1783532868.4460,44,left_handRing_3_joint,0.86966795,0.46321535,0.18711276,0.97988755,0.00089767174,0.15508968,-0.12556696
1783532868.4460,44,left_handRingEnd_joint,0.8892242,0.4624513,0.19336173,0.97988755,0.00089767174,0.15508968,-0.12556696
1783532868.4460,44,left_handThumbStart_joint,0.7132463,0.4526586,0.16219181,-0.53015476,-0.19721515,-0.47876033,0.67143947
1783532868.4460,44,left_handThumb_1_joint,0.7381526,0.42936477,0.2036687,-0.53015476,-0.19721515,-0.47876033,0.67143947
1783532868.4460,44,left_handThumb_2_joint,0.75595325,0.4127148,0.23331685,-0.53015476,-0.19721515,-0.47876033,0.67143947
1783532868.4460,44,left_handThumbEnd_joint,0.7678204,0.40161481,0.25308228,-0.53015476,-0.19721518,-0.47876033,0.67143947
1783532868.4460,44,neck_1_joint,-0.021116614,0.5813994,0.044224147,0.5710596,0.40505502,0.5945648,0.39536583
1783532868.4460,44,neck_2_joint,-0.022171225,0.6093823,0.054987367,0.5619162,0.4168102,0.5871616,0.40713745
1783532868.4460,44,neck_3_joint,-0.023650384,0.64724374,0.067806296,0.5441115,0.43837646,0.57449335,0.42629397
1783532868.4460,44,neck_4_joint,-0.025427708,0.68591803,0.07786319,0.525531,0.4594129,0.56129205,0.4446444
1783532868.4460,44,head_joint,-0.027824368,0.73133785,0.08680192,0.46326682,0.52141917,0.5081094,0.50530297
1783532868.4460,44,jaw_joint,-0.02647365,0.7066947,0.09319642,0.46326682,0.52141917,0.5081094,0.50530297
1783532868.4460,44,chin_joint,-0.026506957,0.6623059,0.19581047,0.46326682,0.52141917,0.5081094,0.50530297
1783532868.4460,44,left_eye_joint,-0.00020206928,0.77054244,0.1722798,0.46779665,0.517359,0.5124969,0.5008524
1783532868.4460,44,left_eyeLowerLid_joint,-0.00020206928,0.77054244,0.1722798,0.46779665,0.517359,0.5124969,0.5008524
1783532868.4460,44,left_eyeUpperLid_joint,-0.00020206928,0.77054244,0.1722798,0.46779665,0.517359,0.5124969,0.5008524
1783532868.4460,44,left_eyeball_joint,-0.00020206928,0.77054244,0.1722798,0.46779665,0.517359,0.5124969,0.5008524
1783532868.4460,44,nose_joint,-0.031166835,0.7373238,0.1965881,0.4677994,0.51735663,0.5124995,0.50084966
1783532868.4460,44,right_eye_joint,-0.0646903,0.7665547,0.1705339,0.46779665,0.517359,0.5124969,0.5008524
1783532868.4460,44,right_eyeLowerLid_joint,-0.0646903,0.7665547,0.1705339,0.46779665,0.517359,0.5124969,0.5008524
1783532868.4460,44,right_eyeUpperLid_joint,-0.0646903,0.7665547,0.1705339,0.46779665,0.517359,0.5124969,0.5008524
1783532868.4460,44,right_eyeball_joint,-0.0646903,0.7665547,0.1705339,0.46779665,0.517359,0.5124969,0.5008524
1783532868.4460,44,right_shoulder_1_joint,-0.109705076,0.55680627,0.04083841,0.72974956,-0.04925731,-0.022474349,0.68156743
1783532868.4460,44,right_arm_joint,-0.25390387,0.5716776,0.035856977,0.7397562,0.11724461,0.1594622,0.6431066
1783532868.4460,44,right_forearm_joint,-0.49905005,0.4709841,0.0132149905,0.68192184,0.19354792,-0.095990725,0.69879013
1783532868.4460,44,right_hand_joint,-0.74200565,0.43619764,0.12078245,0.12406463,0.2123429,0.03981843,0.9684694
1783532868.4460,44,right_handIndexStart_joint,-0.757572,0.4295829,0.14401722,0.12106102,0.27809474,0.048842583,0.9516417
1783532868.4460,44,right_handIndex_1_joint,-0.8250773,0.41670948,0.1855751,0.12106102,0.27809474,0.048842583,0.9516417
1783532868.4460,44,right_handIndex_2_joint,-0.86432457,0.4092243,0.20973659,0.12106102,0.27809474,0.048842583,0.9516417
1783532868.4460,44,right_handIndex_3_joint,-0.8863035,0.40503338,0.22326735,0.12106102,0.27809474,0.048842583,0.9516417
1783532868.4460,44,right_handIndexEnd_joint,-0.9020024,0.40203986,0.2329321,0.12106102,0.27809474,0.048842583,0.9516417
1783532868.4460,44,right_handMidStart_joint,-0.76464325,0.43214503,0.13368249,0.12396509,0.21330443,0.04023812,0.96825343
1783532868.4460,44,right_handMid_1_joint,-0.83349544,0.4222017,0.16432346,0.12396509,0.21330443,0.04023812,0.96825343
1783532868.4460,44,right_handMid_2_joint,-0.8818776,0.41521502,0.18585493,0.12396509,0.21330443,0.04023812,0.96825343
1783532868.4460,44,right_handMid_3_joint,-0.9097904,0.41118395,0.19827695,0.12396509,0.21330443,0.04023812,0.96825343
1783532868.4460,44,right_handMidEnd_joint,-0.9283987,0.40849698,0.20655823,0.1239651,0.21330443,0.040238116,0.96825343
1783532868.4460,44,right_handPinkyStart_joint,-0.77561307,0.43547997,0.1084328,0.13128562,0.1064089,0.06142791,0.98370105
1783532868.4460,44,right_handPinky_1_joint,-0.83719647,0.42603153,0.12070235,0.13128562,0.1064089,0.06142791,0.98370105
1783532868.4460,44,right_handPinky_2_joint,-0.8752341,0.42019612,0.128281,0.13128562,0.1064089,0.06142791,0.98370105
1783532868.4460,44,right_handPinky_3_joint,-0.8951581,0.4171388,0.1322504,0.13128564,0.1064089,0.06142791,0.98370105
1783532868.4460,44,right_handPinkyEnd_joint,-0.91327083,0.41435984,0.13585897,0.13128562,0.1064089,0.06142791,0.98370105
1783532868.4460,44,right_handRingStart_joint,-0.77019095,0.4335257,0.122131735,0.12871511,0.16011563,0.050760016,0.977353
1783532868.4460,44,right_handRing_1_joint,-0.8361007,0.42371607,0.14308101,0.12871511,0.16011563,0.050760016,0.977353
1783532868.4460,44,right_handRing_2_joint,-0.88262475,0.41679144,0.1578685,0.12871511,0.16011563,0.050760016,0.977353
1783532868.4460,44,right_handRing_3_joint,-0.9117027,0.412464,0.167111,0.12871511,0.16011563,0.050760016,0.977353
1783532868.4460,44,right_handRingEnd_joint,-0.9310883,0.409578,0.17327249,0.12871511,0.16011563,0.050760016,0.977353
1783532868.4460,44,right_handThumbStart_joint,-0.75498813,0.41838917,0.1425044,0.65251297,0.51382434,-0.163784,0.53234035
1783532868.4460,44,right_handThumb_1_joint,-0.777453,0.3917459,0.18335472,0.65251297,0.51382434,-0.163784,0.53234035
1783532868.4460,44,right_handThumb_2_joint,-0.7935084,0.3727025,0.21255508,0.65251297,0.51382434,-0.16378404,0.53234035
1783532868.4460,44,right_handThumbEnd_joint,-0.80421215,0.3600064,0.23202138,0.65251297,0.51382434,-0.16378404,0.53234035
1783532868.4460,44,camera,-0.11676322,0.004582081,0.13512318,-0.074341476,-0.110094965,-0.7108413,0.69069314
1783532868.4793,45,root,-0.00028410924,0.01561376,-0.003241769,0.002556994,0.0031922653,-0.015131093,0.99987715
1783532868.4793,45,hips_joint,-0.00028410924,0.01561376,-0.003241769,0.002556994,0.0031922653,-0.015131093,0.99987715
1783532868.4793,45,left_upLeg_joint,0.09945762,-0.012398475,-0.003058325,0.5982457,-0.42160264,0.5310213,-0.4270478
1783532868.4793,45,left_leg_joint,0.13337111,-0.41580763,0.1128596,-0.3480145,0.6419959,-0.33019495,0.59807914
1783532868.4793,45,left_foot_joint,0.113992915,-0.80077434,-0.13321877,0.669869,-0.29076996,0.62876034,-0.267187
1783532868.4793,45,left_toes_joint,0.11998795,-0.90890425,-0.03083478,0.7128383,-0.15853569,0.66800463,-0.14317125
1783532868.4793,45,left_toesEnd_joint,0.12346248,-0.93421775,0.024181757,0.71283835,-0.1585355,0.6680046,-0.14317144
1783532868.4793,45,right_upLeg_joint,-0.10152605,-0.006312631,-0.001758604,0.44511363,0.49791968,0.45650372,0.5878385
1783532868.4793,45,right_leg_joint,-0.13831301,-0.41896823,0.07361736,0.599795,0.28614637,0.65893257,0.35238335
1783532868.4793,45,right_foot_joint,-0.12361242,-0.788313,-0.19563667,0.29570207,0.59514153,0.30140826,0.6837543
1783532868.4793,45,right_toes_joint,-0.1399939,-0.9021953,-0.100911036,0.17754203,0.6403999,0.16634879,0.7284881
1783532868.4793,45,right_toesEnd_joint,-0.14754194,-0.93069094,-0.047895577,0.17754255,0.6404,0.16634837,0.72848797
1783532868.4793,45,spine_1_joint,-0.000284129,0.015613761,-0.003241769,0.48736683,0.51561856,0.48327962,0.51288587
1783532868.4793,45,spine_2_joint,-0.00021755775,0.07307025,-0.0065705166,0.47556147,0.52704996,0.48065343,0.5148123
1783532868.4793,45,spine_3_joint,-0.0012315759,0.13040338,-0.011491466,0.47986478,0.5200654,0.4937856,0.50540817
1783532868.4793,45,spine_4_joint,-0.0027481087,0.18336467,-0.014239143,0.499086,0.49809656,0.5176231,0.48464352
1783532868.4793,45,spine_5_joint,-0.0050078593,0.25375822,-0.0120749045,0.53512686,0.4557296,0.55356324,0.4466739
1783532868.4793,45,spine_6_joint,-0.0076588355,0.3458326,0.0058573056,0.54120314,0.44490403,0.5624471,0.43910488
1783532868.4793,45,spine_7_joint,-0.010723344,0.45013916,0.02992059,0.52103454,0.46829152,0.5408331,0.4655383
1783532868.4793,45,left_shoulder_1_joint,0.07605165,0.56398267,0.04066161,-0.6943896,-0.06962484,0.06596458,0.713179
1783532868.4793,45,left_arm_joint,0.2184328,0.5916556,0.041778453,-0.6602807,0.115218565,-0.09689163,0.73577595
1783532868.4793,45,left_forearm_joint,0.47236297,0.5132603,0.030713754,-0.7095818,-0.19186747,-0.116685145,0.66788137
1783532868.4793,45,left_hand_joint,0.71330655,0.54445946,0.14376634,0.96863836,0.083008915,0.20865786,-0.10635508
1783532868.4793,45,left_handIndexStart_joint,0.7290102,0.5433081,0.16915478,0.953185,0.07538022,0.27075946,-0.11156052
1783532868.4793,45,left_handIndex_1_joint,0.7966328,0.54999715,0.21195923,0.953185,0.07538022,0.27075946,-0.11156052
1783532868.4793,45,left_handIndex_2_joint,0.8359483,0.5538862,0.23684552,0.953185,0.07538022,0.27075946,-0.11156052
1783532868.4793,45,left_handIndex_3_joint,0.857965,0.556064,0.25078186,0.953185,0.07538022,0.27075946,-0.11156052
1783532868.4793,45,left_handIndexEnd_joint,0.87369114,0.55761963,0.26073638,0.953185,0.07538022,0.27075946,-0.11156052
1783532868.4793,45,left_handMidStart_joint,0.73554975,0.5465583,0.15866444,0.9692549,0.083061464,0.20588093,-0.10610865
1783532868.4793,45,left_handMid_1_joint,0.80407166,0.55547667,0.19034205,0.9692549,0.083061464,0.20588093,-0.10610865
1783532868.4793,45,left_handMid_2_joint,0.8522222,0.5617437,0.212602,0.9692549,0.083061464,0.20588093,-0.10610865
1783532868.4793,45,left_handMid_3_joint,0.88000137,0.56535923,0.22544427,0.9692549,0.083061464,0.20588093,-0.10610865
1783532868.4793,45,left_handMidEnd_joint,0.89852077,0.5677696,0.2340058,0.9692549,0.083061464,0.20588093,-0.10610865
1783532868.4793,45,left_handPinkyStart_joint,0.74606496,0.55020046,0.1332643,0.98813534,0.05924847,0.09999549,-0.100396045
1783532868.4793,45,left_handPinky_1_joint,0.8078506,0.5563609,0.14656878,0.98813534,0.05924847,0.09999549,-0.100396045
1783532868.4793,45,left_handPinky_2_joint,0.84601235,0.5601659,0.15478624,0.98813534,0.05924847,0.09999549,-0.100396045
1783532868.4793,45,left_handPinky_3_joint,0.8660018,0.56215894,0.15909062,0.98813534,0.05924847,0.09999549,-0.100396045
1783532868.4793,45,left_handPinkyEnd_joint,0.88417405,0.56397086,0.16300371,0.98813534,0.05924847,0.09999549,-0.100396045
1783532868.4793,45,left_handRingStart_joint,0.740908,0.5482066,0.14705957,0.98009706,0.07140675,0.15307483,-0.104303546
1783532868.4793,45,left_handRing_1_joint,0.80677366,0.5557533,0.16905947,0.98009706,0.07140675,0.15307483,-0.104303546
1783532868.4793,45,left_handRing_2_joint,0.853267,0.56108034,0.1845888,0.98009706,0.07140675,0.15307483,-0.104303546
1783532868.4793,45,left_handRing_3_joint,0.8823254,0.56440973,0.19429465,0.98009706,0.07140675,0.15307483,-0.104303546
1783532868.4793,45,left_handRingEnd_joint,0.9016977,0.56662935,0.2007652,0.98009706,0.07140675,0.15307483,-0.104303546
1783532868.4793,45,left_handThumbStart_joint,0.7291152,0.5317341,0.16862048,-0.53375477,-0.25152874,-0.43048385,0.683025
1783532868.4793,45,left_handThumb_1_joint,0.75611806,0.51457554,0.2117446,-0.53375477,-0.25152874,-0.43048385,0.683025
1783532868.4793,45,left_handThumb_2_joint,0.7754173,0.5023108,0.24257015,-0.53375477,-0.25152874,-0.43048385,0.683025
1783532868.4793,45,left_handThumbEnd_joint,0.7882835,0.4941343,0.2631205,-0.53375477,-0.25152874,-0.43048385,0.683025
1783532868.4793,45,neck_1_joint,-0.013770876,0.5838831,0.040378235,0.5716761,0.40458158,0.5906399,0.4008055
1783532868.4793,45,neck_2_joint,-0.014523383,0.6119644,0.05090801,0.56383216,0.4147188,0.58410245,0.41100654
1783532868.4793,45,neck_3_joint,-0.015576773,0.64987653,0.063618705,0.54695517,0.4353922,0.57184494,0.42926383
1783532868.4793,45,neck_4_joint,-0.016902614,0.6885655,0.07368873,0.5286676,0.45635742,0.5586407,0.44740286
1783532868.4793,45,head_joint,-0.018765198,0.73400205,0.08266987,0.4667613,0.5187777,0.50516903,0.5077482
1783532868.4793,45,jaw_joint,-0.017692434,0.70933926,0.0890413,0.4667613,0.5187777,0.50516903,0.5077482
1783532868.4793,45,chin_joint,-0.01813051,0.6648625,0.19161633,0.4667613,0.5187777,0.50516903,0.5077482
1783532868.4793,45,left_eye_joint,0.009397815,0.7728089,0.16815278,0.47126794,0.5146873,0.50957805,0.50332314
1783532868.4793,45,left_eyeLowerLid_joint,0.009397815,0.7728089,0.16815278,0.47126794,0.5146873,0.50957805,0.50332314
1783532868.4793,45,left_eyeUpperLid_joint,0.009397815,0.7728089,0.16815278,0.47126794,0.5146873,0.50957805,0.50332314
1783532868.4793,45,left_eyeball_joint,0.009397815,0.7728089,0.16815278,0.47126794,0.5146873,0.50957805,0.50332314
1783532868.4793,45,nose_joint,-0.021922937,0.7399285,0.19246472,0.47127068,0.5146848,0.5095807,0.5033205
1783532868.4793,45,right_eye_joint,-0.05513398,0.7695677,0.16647181,0.47126794,0.5146873,0.50957805,0.50332314
1783532868.4793,45,right_eyeLowerLid_joint,-0.05513398,0.7695677,0.16647181,0.47126794,0.5146873,0.50957805,0.50332314
1783532868.4793,45,right_eyeUpperLid_joint,-0.05513398,0.7695677,0.16647181,0.47126794,0.5146873,0.50957805,0.50332314
1783532868.4793,45,right_eyeball_joint,-0.05513398,0.7695677,0.16647181,0.47126794,0.5146873,0.50957805,0.50332314
1783532868.4793,45,right_shoulder_1_joint,-0.10260843,0.56015533,0.03736355,0.7189769,-0.066552766,-0.04257354,0.69052917
1783532868.4793,45,right_arm_joint,-0.2458469,0.5825649,0.032911345,0.7330678,0.07701574,0.120104104,0.6650228
1783532868.4793,45,right_forearm_joint,-0.50100374,0.51004136,0.013320299,0.675657,0.14843772,-0.14379273,0.70765656
1783532868.4793,45,right_hand_joint,-0.7460843,0.5108254,0.12168629,0.11372531,0.20508426,-0.02550594,0.9717802
1783532868.4793,45,right_handIndexStart_joint,-0.76228285,0.5073115,0.14516346,0.11521526,0.27109402,-0.01703535,0.95548075
1783532868.4793,45,right_handIndex_1_joint,-0.8307422,0.5049089,0.18708344,0.11521526,0.27109402,-0.01703535,0.95548075
1783532868.4793,45,right_handIndex_2_joint,-0.87054425,0.5035114,0.21145545,0.11521526,0.27109402,-0.01703535,0.95548075
1783532868.4793,45,right_handIndex_3_joint,-0.89283377,0.5027297,0.22510408,0.11521526,0.27109402,-0.01703535,0.95548075
1783532868.4793,45,right_handIndexEnd_joint,-0.9087545,0.50217134,0.23485303,0.11521526,0.27109402,-0.01703535,0.95548075
1783532868.4793,45,right_handMidStart_joint,-0.76901203,0.5102321,0.13469627,0.113690875,0.20605992,-0.025096854,0.97158843
1783532868.4793,45,right_handMid_1_joint,-0.83847654,0.51037747,0.16556743,0.113690875,0.20605992,-0.025096854,0.97158843
1783532868.4793,45,right_handMid_2_joint,-0.8872888,0.51048017,0.18726063,0.113690875,0.20605992,-0.025096854,0.97158843
1783532868.4793,45,right_handMid_3_joint,-0.91544986,0.51053905,0.19977598,0.113690875,0.20605992,-0.025096854,0.97158843
1783532868.4793,45,right_handMidEnd_joint,-0.9342236,0.5105787,0.20811945,0.113690875,0.20605992,-0.025096856,0.97158843
1783532868.4793,45,right_handPinkyStart_joint,-0.7795572,0.51368713,0.10928236,0.11398509,0.09945501,-0.0023469594,0.98848915
1783532868.4793,45,right_handPinky_1_joint,-0.841801,0.51254207,0.12180182,0.11398509,0.09945501,-0.0023469594,0.98848915
1783532868.4793,45,right_handPinky_2_joint,-0.8802464,0.51183534,0.12953481,0.11398509,0.09945501,-0.0023469594,0.98848915
1783532868.4793,45,right_handPinky_3_joint,-0.9003841,0.51146436,0.13358508,0.1139851,0.09945501,-0.0023469608,0.98848915
1783532868.4793,45,right_handPinkyEnd_joint,-0.918691,0.5111276,0.13726714,0.11398509,0.09945501,-0.0023469594,0.98848915
1783532868.4793,45,right_handRingStart_joint,-0.7743793,0.51173466,0.12307572,0.11490838,0.15294638,-0.013886344,0.98143303
1783532868.4793,45,right_handRing_1_joint,-0.8409356,0.51118356,0.14426896,0.11490838,0.15294638,-0.013886344,0.98143303
1783532868.4793,45,right_handRing_2_joint,-0.8879161,0.51079434,0.15922868,0.11490838,0.15294638,-0.013886344,0.98143303
1783532868.4793,45,right_handRing_3_joint,-0.91727936,0.5105516,0.16857879,0.11490838,0.15294638,-0.013886344,0.98143303
1783532868.4793,45,right_handRingEnd_joint,-0.9368552,0.5103888,0.17481208,0.11490838,0.15294638,-0.013886344,0.98143303
1783532868.4793,45,right_handThumbStart_joint,-0.7611106,0.49582434,0.1441965,0.6702017,0.46820906,-0.20878862,0.5366728
1783532868.4793,45,right_handThumb_1_joint,-0.78658545,0.47415844,0.18620719,0.6702017,0.46820906,-0.20878862,0.5366728
1783532868.4793,45,right_handThumb_2_joint,-0.8047923,0.45867255,0.21623695,0.6702017,0.46820906,-0.20878862,0.5366728
1783532868.4793,45,right_handThumbEnd_joint,-0.8169305,0.4483481,0.23625621,0.6702017,0.46820906,-0.20878862,0.53667283
1783532868.4793,45,camera,-0.117286265,0.004832777,0.13471885,-0.07460548,-0.11006282,-0.7106674,0.69084877
1783532868.5128,46,root,-0.00078876386,0.015909612,-0.0021533885,0.009279653,0.0039436393,-0.018313054,0.9997814
1783532868.5128,46,hips_joint,-0.00078876386,0.015909612,-0.0021533885,0.009279653,0.0039436393,-0.018313054,0.9997814
1783532868.5128,46,left_upLeg_joint,0.09877141,-0.01273994,-0.0024820534,0.58345395,-0.43340653,0.5258673,-0.44181865
1783532868.5128,46,left_leg_joint,0.12877259,-0.42138535,0.09465099,-0.34619084,0.6328251,-0.32523528,0.6114788
1783532868.5128,46,left_foot_joint,0.123060346,-0.80365044,-0.15628754,0.6627779,-0.28467527,0.6331194,-0.28079385
1783532868.5128,46,left_toes_joint,0.1284612,-0.91287655,-0.05504054,0.70472056,-0.1538955,0.6748637,-0.15570526
1783532868.5128,46,left_toesEnd_joint,0.13099417,-0.9387826,-0.0002488756,0.7047206,-0.15389529,0.67486364,-0.15570547
1783532868.5128,46,right_upLeg_joint,-0.10216728,-0.005386743,-0.000827502,0.45027867,0.49430534,0.44902292,0.59269696
1783532868.5128,46,right_leg_joint,-0.14767955,-0.41697136,0.07563277,0.60828555,0.2706035,0.6596581,0.34873137
1783532868.5128,46,right_foot_joint,-0.14001866,-0.77792144,-0.20505516,0.31197098,0.588142,0.30423152,0.68132687
1783532868.5128,46,right_toes_joint,-0.15835916,-0.89439404,-0.11390568,0.19484273,0.63661075,0.16958095,0.7266397
1783532868.5128,46,right_toesEnd_joint,-0.1663625,-0.9243919,-0.061793428,0.19484323,0.6366108,0.16958052,0.7266396
1783532868.5128,46,spine_1_joint,-0.00078878365,0.015909612,-0.0021533882,0.493044,0.511337,0.4828875,0.5121147
1783532868.5128,46,spine_2_joint,-0.000172505,0.07339405,-0.0048904107,0.48094344,0.5236471,0.4780343,0.515723
1783532868.5128,46,spine_3_joint,-0.00048594913,0.13076021,-0.009511838,0.48442367,0.51784986,0.48869544,0.50827354
1783532868.5128,46,spine_4_joint,-0.0012278267,0.18373479,-0.012320928,0.50262856,0.49720624,0.51016986,0.4897727
1783532868.5128,46,spine_5_joint,-0.0022841832,0.25417185,-0.010724849,0.53763235,0.4562766,0.544221,0.45451826
1783532868.5128,46,spine_6_joint,-0.003102493,0.34654206,0.0058089015,0.54277784,0.4470979,0.5511678,0.4491213
1783532868.5128,46,spine_7_joint,-0.003893995,0.451391,0.027588543,0.5222291,0.47126263,0.527789,0.47605404
1783532868.5128,46,left_shoulder_1_joint,0.0853858,0.56356466,0.034785762,-0.7120296,-0.08559421,0.073960364,0.6929773
1783532868.5128,46,left_arm_joint,0.2267233,0.5961134,0.036715757,-0.69328076,0.063393824,-0.06744904,0.7146983
1783532868.5128,46,left_forearm_joint,0.4881517,0.54708916,0.037489064,-0.722613,-0.26809123,-0.07598803,0.6326008
1783532868.5128,46,left_hand_joint,0.71450776,0.6251522,0.15781023,0.9578131,0.16837601,0.22202843,-0.0703364
1783532868.5128,46,left_handIndexStart_joint,0.7286108,0.6288433,0.18388672,0.94156635,0.16290201,0.28342894,-0.08114225
1783532868.5128,46,left_handIndex_1_joint,0.791756,0.6497859,0.22887434,0.94156635,0.16290201,0.28342894,-0.08114225
1783532868.5128,46,left_handIndex_2_joint,0.8284682,0.6619618,0.25502992,0.94156635,0.16290201,0.28342894,-0.08114225
1783532868.5128,46,left_handIndex_3_joint,0.8490271,0.6687803,0.26967707,0.94156635,0.16290201,0.28342894,-0.08114225
1783532868.5128,46,left_handIndexEnd_joint,0.863712,0.67365074,0.2801393,0.94156635,0.16290201,0.28342894,-0.08114225
1783532868.5128,46,left_handMidStart_joint,0.7352423,0.63202,0.17343166,0.9584863,0.16832757,0.2192964,-0.06985125
1783532868.5128,46,left_handMid_1_joint,0.7996383,0.65421957,0.20717473,0.9584863,0.16832757,0.2192964,-0.06985125
1783532868.5128,46,left_handMid_2_joint,0.8448895,0.6698193,0.23088607,0.9584863,0.16832757,0.2192964,-0.06985125
1783532868.5128,46,left_handMid_3_joint,0.870996,0.6788192,0.2445657,0.9584863,0.16832757,0.2192964,-0.06985125
1783532868.5128,46,left_handMidEnd_joint,0.8884003,0.6848191,0.25368544,0.9584863,0.16832757,0.2192964,-0.06985125
1783532868.5128,46,left_handPinkyStart_joint,0.7466643,0.6347474,0.1483099,0.98166084,0.14053304,0.116023764,-0.05595683
1783532868.5128,46,left_handPinky_1_joint,0.8059477,0.6514436,0.16377373,0.98166084,0.14053304,0.116023764,-0.05595683
1783532868.5128,46,left_handPinky_2_joint,0.842564,0.661756,0.17332491,0.98166084,0.14053304,0.116023764,-0.05595683
1783532868.5128,46,left_handPinky_3_joint,0.8617439,0.66715765,0.1783279,0.98166084,0.14053304,0.116023764,-0.05595683
1783532868.5128,46,left_handPinkyEnd_joint,0.8791802,0.6720683,0.18287608,0.98166084,0.14053304,0.116023764,-0.05595683
1783532868.5128,46,left_handRingStart_joint,0.7410101,0.6333345,0.16198154,0.9714998,0.15482122,0.16774319,-0.063883185
1783532868.5128,46,left_handRing_1_joint,0.8035821,0.65285003,0.1861296,0.9714998,0.15482122,0.16774319,-0.063883185
1783532868.5128,46,left_handRing_2_joint,0.8477504,0.6666257,0.2031753,0.9714998,0.15482122,0.16774319,-0.063883185
1783532868.5128,46,left_handRing_3_joint,0.8753557,0.67523545,0.21382888,0.9714998,0.15482122,0.16774319,-0.063883185
1783532868.5128,46,left_handRingEnd_joint,0.8937593,0.68097526,0.22093126,0.9714998,0.15482122,0.16774319,-0.063883185
1783532868.5128,46,left_handThumbStart_joint,0.730436,0.6174217,0.18457039,-0.5353167,-0.33060312,-0.37945712,0.67834383
1783532868.5128,46,left_handThumb_1_joint,0.75693387,0.6087851,0.23046741,-0.5353167,-0.33060312,-0.37945712,0.67834383
1783532868.5128,46,left_handThumb_2_joint,0.7758721,0.60261154,0.26327488,-0.5353167,-0.33060312,-0.37945712,0.67834383
1783532868.5128,46,left_handThumbEnd_joint,0.7884976,0.59849584,0.2851465,-0.5353167,-0.33060312,-0.37945712,0.67834383
1783532868.5128,46,neck_1_joint,-0.003988752,0.58539057,0.03467414,0.57435095,0.40552303,0.58098084,0.41004112
1783532868.5128,46,neck_2_joint,-0.0041080136,0.6136589,0.04471849,0.5674902,0.41420192,0.5759735,0.4179075
1783532868.5128,46,neck_3_joint,-0.0043727155,0.6517196,0.057019398,0.5514159,0.43399218,0.5646446,0.43447518
1783532868.5128,46,neck_4_joint,-0.0049465415,0.6904904,0.06684301,0.5336392,0.4546296,0.551721,0.45182523
1783532868.5128,46,head_joint,-0.005948782,0.73599297,0.07562485,0.47194776,0.51768506,0.49780566,0.51132953
1783532868.5128,46,jaw_joint,-0.005260606,0.71134436,0.0821036,0.47194776,0.51768506,0.49780566,0.51132953
1783532868.5128,46,chin_joint,-0.005724311,0.6673491,0.18488601,0.47194776,0.51768506,0.49780566,0.51132953
1783532868.5128,46,left_eye_joint,0.023513956,0.774689,0.16071902,0.47644478,0.51354945,0.50224626,0.50696856
1783532868.5128,46,left_eyeLowerLid_joint,0.023513956,0.774689,0.16071902,0.47644478,0.51354945,0.50224626,0.50696856
1783532868.5128,46,left_eyeUpperLid_joint,0.023513956,0.774689,0.16071902,0.47644478,0.51354945,0.50224626,0.50696856
1783532868.5128,46,left_eyeball_joint,0.023513956,0.774689,0.16071902,0.47644478,0.51354945,0.50224626,0.50696856
1783532868.5128,46,nose_joint,-0.008197741,0.74247307,0.18541084,0.47644746,0.51354694,0.502249,0.5069659
1783532868.5128,46,right_eye_joint,-0.04107525,0.77257085,0.159521,0.47644478,0.51354945,0.50224626,0.50696856
1783532868.5128,46,right_eyeLowerLid_joint,-0.04107525,0.77257085,0.159521,0.47644478,0.51354945,0.50224626,0.50696856
1783532868.5128,46,right_eyeUpperLid_joint,-0.04107525,0.77257085,0.159521,0.47644478,0.51354945,0.50224626,0.50696856
1783532868.5128,46,right_eyeball_joint,-0.04107525,0.77257085,0.159521,0.47644478,0.51354945,0.50224626,0.50696856
1783532868.5128,46,right_shoulder_1_joint,-0.09333605,0.56352216,0.032931037,0.70099473,-0.08059726,-0.08286054,0.7037364
1783532868.5128,46,right_arm_joint,-0.234509,0.59682846,0.033327185,0.72374386,0.04889307,0.042072885,0.68704766
1783532868.5128,46,right_forearm_joint,-0.49828154,0.56262684,0.034998577,0.6591783,0.12726675,-0.226833,0.7055737
1783532868.5128,46,right_hand_joint,-0.7299958,0.60344195,0.16325974,0.10181832,0.23815125,-0.10456584,0.9601996
1783532868.5128,46,right_handIndexStart_joint,-0.7443236,0.6033461,0.18817207,0.10877284,0.3033069,-0.096728265,0.9417098
1783532868.5128,46,right_handIndex_1_joint,-0.80835485,0.6126777,0.23573959,0.10877284,0.3033069,-0.096728265,0.9417098
1783532868.5128,46,right_handIndex_2_joint,-0.84558254,0.6181025,0.2633951,0.10877284,0.3033069,-0.096728265,0.9417098
1783532868.5128,46,right_handIndex_3_joint,-0.86643016,0.62114125,0.27888247,0.10877284,0.3033069,-0.096728265,0.9417098
1783532868.5128,46,right_handIndexEnd_joint,-0.8813211,0.6233117,0.28994477,0.10877284,0.3033069,-0.096728265,0.9417098
1783532868.5128,46,right_handMidStart_joint,-0.7515047,0.60673004,0.17815436,0.101876065,0.23912773,-0.104168214,0.95999396
1783532868.5128,46,right_handMid_1_joint,-0.8171772,0.61822957,0.21466811,0.101876065,0.23912773,-0.104168214,0.95999396
1783532868.5128,46,right_handMid_2_joint,-0.8633247,0.6263107,0.2403263,0.101876065,0.23912773,-0.104168214,0.95999396
1783532868.5128,46,right_handMid_3_joint,-0.8899485,0.6309727,0.2551292,0.101876065,0.23912773,-0.104168214,0.95999396
1783532868.5128,46,right_handMidEnd_joint,-0.90769726,0.6340809,0.2649976,0.10187607,0.23912773,-0.104168214,0.95999396
1783532868.5128,46,right_handPinkyStart_joint,-0.7637332,0.61051995,0.15355547,0.09517201,0.13423133,-0.07998479,0.983121
1783532868.5128,46,right_handPinky_1_joint,-0.82413304,0.61888427,0.17128202,0.09517201,0.13423133,-0.07998479,0.983121
1783532868.5128,46,right_handPinky_2_joint,-0.86143947,0.6240511,0.18223117,0.09517201,0.13423133,-0.07998479,0.983121
1783532868.5128,46,right_handPinky_3_joint,-0.88098073,0.62675667,0.18796614,0.09517202,0.13423133,-0.07998479,0.983121
1783532868.5128,46,right_handPinkyEnd_joint,-0.8987453,0.6292168,0.1931797,0.09517201,0.13423133,-0.07998479,0.983121
1783532868.5128,46,right_handRingStart_joint,-0.7576449,0.6084649,0.16695651,0.09956081,0.18684867,-0.092390925,0.972954
1783532868.5128,46,right_handRing_1_joint,-0.82142615,0.6184244,0.19363883,0.09956081,0.18684867,-0.092390925,0.972954
1783532868.5128,46,right_handRing_2_joint,-0.86644787,0.62545437,0.2124732,0.09956081,0.18684867,-0.092390925,0.972954
1783532868.5128,46,right_handRing_3_joint,-0.8945868,0.6298486,0.22424495,0.09956081,0.18684867,-0.092390925,0.972954
1783532868.5128,46,right_handRingEnd_joint,-0.9133466,0.6327772,0.23209275,0.09956081,0.18684867,-0.092390925,0.972954
1783532868.5128,46,right_handThumbStart_joint,-0.7448529,0.59177786,0.18776985,0.67795694,0.4370516,-0.28740984,0.51648486
1783532868.5128,46,right_handThumb_1_joint,-0.7691675,0.575899,0.2329356,0.67795694,0.4370516,-0.28740984,0.51648486
1783532868.5128,46,right_handThumb_2_joint,-0.7865448,0.5645494,0.26522034,0.67795694,0.4370516,-0.28740984,0.51648486
1783532868.5128,46,right_handThumbEnd_joint,-0.79813004,0.5569824,0.28674296,0.67795694,0.4370516,-0.28740984,0.51648486
1783532868.5128,46,camera,-0.11719211,0.0040381113,0.13402116,-0.0752257,-0.10988667,-0.7106641,0.69081295
1783532868.5446,47,root,-0.0013123474,0.016776579,6.81103e-05,0.015412607,-0.0008442475,-0.019032972,0.9996997
1783532868.5446,47,hips_joint,-0.0013123474,0.016776579,6.81103e-05,0.015412607,-0.0008442475,-0.019032972,0.9996997
1783532868.5446,47,left_upLeg_joint,0.098202586,-0.012030037,0.00036622823,0.5717541,-0.42940193,0.52849543,-0.45760673
1783532868.5446,47,left_leg_joint,0.12878005,-0.4224816,0.089363575,-0.34522632,0.6116122,-0.31488547,0.638433
1783532868.5446,47,left_foot_joint,0.15327136,-0.79946494,-0.16834402,0.64893687,-0.2685711,0.6415943,-0.30839512
1783532868.5446,47,left_toes_joint,0.15810789,-0.91038936,-0.06893141,0.68807817,-0.14070654,0.6884161,-0.1811999
1783532868.5446,47,left_toesEnd_joint,0.15887076,-0.9372689,-0.014557032,0.68807817,-0.14070633,0.6884161,-0.18120009
1783532868.5446,47,right_upLeg_joint,-0.10273126,-0.0043680654,0.00014542072,0.4560364,0.4829069,0.44829366,0.59821784
1783532868.5446,47,right_leg_joint,-0.15817547,-0.41569224,0.07126409,0.61434543,0.24361768,0.67021877,0.3376937
1783532868.5446,47,right_foot_joint,-0.15036115,-0.7595815,-0.23008047,0.33338314,0.57063556,0.31935173,0.67915046
1783532868.5446,47,right_toes_joint,-0.17193784,-0.88093156,-0.14630051,0.21918485,0.62347996,0.1848396,0.72736865
1783532868.5446,47,right_toesEnd_joint,-0.18129246,-0.91382176,-0.0961972,0.21918535,0.6234801,0.18483914,0.7273685
1783532868.5446,47,spine_1_joint,-0.0013123672,0.01677658,6.8110276e-05,0.49713242,0.50411206,0.48479244,0.5135241
1783532868.5446,47,spine_2_joint,-6.375954e-05,0.074279144,-0.001988571,0.4867029,0.51657003,0.47636485,0.5189919
1783532868.5446,47,spine_3_joint,0.0006535847,0.13167611,-0.006160879,0.49043873,0.51201105,0.48337048,0.51348597
1783532868.5446,47,spine_4_joint,0.0010990031,0.18465751,-0.008903457,0.50791836,0.49341798,0.50151587,0.49703106
1783532868.5446,47,spine_5_joint,0.0018047697,0.25510824,-0.00778977,0.5412935,0.45550874,0.53315896,0.46395564
1783532868.5446,47,spine_6_joint,0.0033560067,0.3477233,0.0072542704,0.5440563,0.45072687,0.53828895,0.4594488
1783532868.5446,47,spine_7_joint,0.004875801,0.4530877,0.026341537,0.52026355,0.47931886,0.5142026,0.48494855
1783532868.5446,47,left_shoulder_1_joint,0.095558345,0.56433433,0.028884595,-0.7319524,-0.11049044,0.09138942,0.6660972
1783532868.5446,47,left_arm_joint,0.23464362,0.6054554,0.03082962,-0.72799623,-0.005985222,-0.027317554,0.6850105
1783532868.5446,47,left_forearm_joint,0.500214,0.5978186,0.043590058,-0.72476363,-0.36117956,-0.026394773,0.5861485
1783532868.5446,47,left_hand_joint,0.697897,0.72982,0.16730383,0.93157506,0.27256566,0.23844369,-0.03194356
1783532868.5446,47,left_handIndexStart_joint,0.7089305,0.7388169,0.19356829,0.91438127,0.2693693,0.29814327,-0.04957384
1783532868.5446,47,left_handIndex_1_joint,0.7633088,0.77600485,0.23950115,0.91438127,0.2693693,0.29814327,-0.04957384
1783532868.5446,47,left_handIndex_2_joint,0.7949242,0.7976258,0.2662063,0.91438127,0.2693693,0.29814327,-0.04957384
1783532868.5446,47,left_handIndex_3_joint,0.81262887,0.8097335,0.2811612,0.91438127,0.2693693,0.29814327,-0.04957384
1783532868.5446,47,left_handIndexEnd_joint,0.82527494,0.81838185,0.29184327,0.91438127,0.2693693,0.29814327,-0.04957384
1783532868.5446,47,left_handMidStart_joint,0.7156861,0.74210995,0.18322937,0.9323181,0.27241296,0.23580213,-0.031167839
1783532868.5446,47,left_handMid_1_joint,0.7719658,0.7796045,0.21794279,0.9323181,0.27241296,0.23580213,-0.031167839
1783532868.5446,47,left_handMid_2_joint,0.81151366,0.80595195,0.242336,0.9323181,0.27241296,0.23580213,-0.031167839
1783532868.5446,47,left_handMid_3_joint,0.8343297,0.82115245,0.25640902,0.9323181,0.27241296,0.23580213,-0.031167839
1783532868.5446,47,left_handMidEnd_joint,0.8495405,0.83128613,0.265791,0.9323181,0.27241296,0.23580213,-0.031167839
1783532868.5446,47,left_handPinkyStart_joint,0.72840023,0.7443698,0.15868872,0.96084756,0.24079217,0.13688512,-0.0073038638
1783532868.5446,47,left_handPinky_1_joint,0.7821582,0.77362674,0.1756162,0.96084756,0.24079217,0.13688512,-0.0073038638
1783532868.5446,47,left_handPinky_2_joint,0.8153616,0.7916972,0.18607141,0.96084756,0.24079217,0.13688512,-0.0073038638
1783532868.5446,47,left_handPinky_3_joint,0.8327539,0.8011627,0.19154795,0.96084756,0.24079217,0.13688512,-0.0073038638
1783532868.5446,47,left_handPinkyEnd_joint,0.84856504,0.80976766,0.19652662,0.96084756,0.24079217,0.13688512,-0.0073038638
1783532868.5446,47,left_handRingStart_joint,0.72201836,0.7433174,0.17206936,0.94801384,0.25716487,0.18636239,-0.020123668
1783532868.5446,47,left_handRing_1_joint,0.77777874,0.7768525,0.19747424,0.94801384,0.25716487,0.18636239,-0.020123668
1783532868.5446,47,left_handRing_2_joint,0.817139,0.8005243,0.2154071,0.94801384,0.25716487,0.18636239,-0.020123668
1783532868.5446,47,left_handRing_3_joint,0.8417392,0.8153192,0.22661513,0.94801384,0.25716487,0.18636239,-0.020123668
1783532868.5446,47,left_handRingEnd_joint,0.85813934,0.8251825,0.23408715,0.94801384,0.25716487,0.18636239,-0.020123668
1783532868.5446,47,left_handThumbStart_joint,0.7127638,0.72808975,0.19568622,-0.5246068,-0.4239679,-0.31344733,0.6684231
1783532868.5446,47,left_handThumb_1_joint,0.7366078,0.729476,0.24377784,-0.5246068,-0.4239679,-0.31344733,0.6684231
1783532868.5446,47,left_handThumb_2_joint,0.7536491,0.7304663,0.27815387,-0.5246068,-0.4239679,-0.31344733,0.6684231
1783532868.5446,47,left_handThumbEnd_joint,0.76501,0.7311265,0.30107123,-0.5246068,-0.4239679,-0.31344733,0.6684231
1783532868.5446,47,neck_1_joint,0.0064539034,0.5872376,0.029064413,0.57528436,0.41080236,0.5717075,0.4164614
1783532868.5446,47,neck_2_joint,0.006717427,0.6157029,0.03853308,0.5699688,0.4171142,0.5691706,0.4209471
1783532868.5446,47,neck_3_joint,0.006882282,0.65388954,0.050439205,0.5550094,0.4353742,0.5595381,0.4351222
1783532868.5446,47,neck_4_joint,0.006671591,0.6926979,0.060127836,0.5379728,0.45519197,0.54757774,0.45115906
1783532868.5446,47,head_joint,0.0060490137,0.73820347,0.068928935,0.47621176,0.51875556,0.4938002,0.51017326
1783532868.5446,47,jaw_joint,0.0066474443,0.71354926,0.07539515,0.47621176,0.51875556,0.4938002,0.51017326
1783532868.5446,47,chin_joint,0.0069647795,0.6695299,0.17816775,0.47621176,0.51875556,0.4938002,0.51017326
1783532868.5446,47,left_eye_joint,0.036633253,0.7766887,0.15372252,0.48071784,0.51458263,0.49823076,0.50584733
1783532868.5446,47,left_eyeLowerLid_joint,0.036633253,0.7766887,0.15372252,0.48071784,0.51458263,0.49823076,0.50584733
1783532868.5446,47,left_eyeUpperLid_joint,0.036633253,0.7766887,0.15372252,0.48071784,0.51458263,0.49823076,0.50584733
1783532868.5446,47,left_eyeball_joint,0.036633253,0.7766887,0.15372252,0.48071784,0.51458263,0.49823076,0.50584733
1783532868.5446,47,nose_joint,0.0049740463,0.74466795,0.17873357,0.48072055,0.51458013,0.4982334,0.50584465
1783532868.5446,47,right_eye_joint,-0.027976982,0.77498084,0.15319057,0.48071784,0.51458263,0.49823076,0.50584733
1783532868.5446,47,right_eyeLowerLid_joint,-0.027976982,0.77498084,0.15319057,0.48071784,0.51458263,0.49823076,0.50584733
1783532868.5446,47,right_eyeUpperLid_joint,-0.027976982,0.77498084,0.15319057,0.48071784,0.51458263,0.49823076,0.50584733
1783532868.5446,47,right_eyeball_joint,-0.027976982,0.77498084,0.15319057,0.48071784,0.51458263,0.49823076,0.50584733
1783532868.5446,47,right_shoulder_1_joint,-0.08316091,0.56641954,0.029034972,0.6751708,-0.09044982,-0.12465087,0.7214054
1783532868.5446,47,right_arm_joint,-0.22132924,0.6102223,0.034520626,0.7020613,0.029115003,-0.044605374,0.71012187
1783532868.5446,47,right_forearm_joint,-0.48580578,0.6161989,0.062178314,0.6270716,0.1142949,-0.32298562,0.6995703
1783532868.5446,47,right_hand_joint,-0.69086605,0.69888395,0.21357769,0.079789676,0.28565755,-0.1891634,0.9360828
1783532868.5446,47,right_handIndexStart_joint,-0.70172995,0.7024002,0.23995063,0.09262217,0.3490735,-0.18264507,0.91444516
1783532868.5446,47,right_handIndex_1_joint,-0.7571101,0.7240336,0.2939393,0.09262217,0.3490735,-0.18264507,0.91444516
1783532868.5446,47,right_handIndex_2_joint,-0.78930825,0.73661053,0.32532814,0.09262217,0.3490735,-0.18264507,0.91444516
1783532868.5446,47,right_handIndex_3_joint,-0.80733913,0.74365455,0.34290606,0.09262217,0.3490735,-0.18264507,0.91444516
1783532868.5446,47,right_handIndexEnd_joint,-0.8202182,0.7486859,0.35546166,0.09262217,0.3490735,-0.18264507,0.91444516
1783532868.5446,47,right_handMidStart_joint,-0.70958686,0.7062392,0.23062839,0.07995076,0.2866253,-0.18878937,0.9358487
1783532868.5446,47,right_handMid_1_joint,-0.76769394,0.72961587,0.27370358,0.07995076,0.2866253,-0.18878937,0.9358487
1783532868.5446,47,right_handMid_2_joint,-0.8085252,0.7460429,0.30397236,0.07995076,0.2866253,-0.18878937,0.9358487
1783532868.5446,47,right_handMid_3_joint,-0.832082,0.75551987,0.32143527,0.07995076,0.2866253,-0.18878937,0.9358487
1783532868.5446,47,right_handMidEnd_joint,-0.84778607,0.7618381,0.333077,0.079950765,0.2866253,-0.18878937,0.9358487
1783532868.5446,47,right_handPinkyStart_joint,-0.7242189,0.710391,0.20744061,0.06627682,0.18503198,-0.16246548,0.96694154
1783532868.5446,47,right_handPinky_1_joint,-0.7800192,0.7287848,0.23153055,0.06627682,0.18503198,-0.16246548,0.96694154
1783532868.5446,47,right_handPinky_2_joint,-0.8144846,0.7401464,0.24641004,0.06627682,0.18503198,-0.16246548,0.96694154
1783532868.5446,47,right_handPinky_3_joint,-0.83253783,0.74609685,0.2542038,0.066276826,0.18503198,-0.16246548,0.96694154
1783532868.5446,47,right_handPinkyEnd_joint,-0.8489497,0.7515068,0.2612889,0.06627682,0.18503198,-0.16246548,0.96694154
1783532868.5446,47,right_handRingStart_joint,-0.71680915,0.70822513,0.22014038,0.07409073,0.23599686,-0.17611338,0.9527857
1783532868.5446,47,right_handRing_1_joint,-0.7745466,0.7292245,0.253376,0.07409073,0.23599686,-0.17611338,0.9527857
1783532868.5446,47,right_handRing_2_joint,-0.81530225,0.7440472,0.2768362,0.07409073,0.23599686,-0.17611338,0.9527857
1783532868.5446,47,right_handRing_3_joint,-0.84077466,0.75331205,0.2914991,0.07409073,0.23599686,-0.17611338,0.9527857
1783532868.5446,47,right_handRingEnd_joint,-0.8577569,0.7594878,0.30127448,0.07409073,0.23599686,-0.17611338,0.9527857
1783532868.5446,47,right_handThumbStart_joint,-0.7039479,0.69104046,0.24050121,0.6712061,0.40724516,-0.38097867,0.48835388
1783532868.5446,47,right_handThumb_1_joint,-0.72424877,0.68166625,0.28932005,0.6712061,0.40724516,-0.38097867,0.48835388
1783532868.5446,47,right_handThumb_2_joint,-0.73875713,0.67496574,0.32421562,0.6712061,0.40724516,-0.38097867,0.48835388
1783532868.5446,47,right_handThumbEnd_joint,-0.74842983,0.67049825,0.3474789,0.6712062,0.40724513,-0.38097864,0.4883538
1783532868.5446,47,camera,-0.11759117,0.0040381663,0.13351393,-0.07543473,-0.11018667,-0.71042466,0.6909886
1783532868.5780,48,root,-0.0011941585,0.017132137,0.0014267088,0.022894522,0.0038842342,-0.016942905,0.99958676
1783532868.5780,48,hips_joint,-0.0011941585,0.017132137,0.0014267088,0.022894522,0.0038842342,-0.016942905,0.99958676
1783532868.5780,48,left_upLeg_joint,0.098441266,-0.011237379,0.00038536638,0.5685413,-0.43456522,0.5088849,-0.47848725
1783532868.5780,48,left_leg_joint,0.14239512,-0.42439058,0.06893062,-0.3533272,0.60304654,-0.29395866,0.6519838
1783532868.5780,48,left_foot_joint,0.18805549,-0.79456115,-0.19567895,0.6500318,-0.25683254,0.63347703,-0.33196765
1783532868.5780,48,left_toes_joint,0.19781528,-0.9070036,-0.098355204,0.68692833,-0.12897322,0.684914,-0.20588368
1783532868.5780,48,left_toesEnd_joint,0.19954553,-0.93485975,-0.04449703,0.68692833,-0.12897302,0.6849139,-0.20588389
1783532868.5780,48,right_upLeg_joint,-0.102517046,-0.00445747,0.0021035126,0.45235083,0.48805067,0.44016117,0.6028628
1783532868.5780,48,right_leg_joint,-0.1598402,-0.4138669,0.08221255,0.6139491,0.24246795,0.67304766,0.33359075
1783532868.5780,48,right_foot_joint,-0.1490615,-0.7553703,-0.22174259,0.33378017,0.5694861,0.32410896,0.6776651
1783532868.5780,48,right_toes_joint,-0.17011644,-0.877493,-0.13895851,0.21979259,0.6224266,0.18979208,0.7268118
1783532868.5780,48,right_toesEnd_joint,-0.17940517,-0.9108253,-0.0891359,0.21979305,0.6224267,0.18979165,0.7268117
1783532868.5780,48,spine_1_joint,-0.0011941782,0.017132139,0.001426709,0.5052222,0.5002722,0.48699594,0.5072606
1783532868.5780,48,spine_2_joint,0.00025185905,0.07465997,0.0005372584,0.49578932,0.51153475,0.47688428,0.5148849
1783532868.5780,48,spine_3_joint,0.001508077,0.13211545,-0.0025645357,0.49836072,0.5075628,0.4809955,0.51250374
1783532868.5780,48,spine_4_joint,0.0026777538,0.18511249,-0.004731124,0.5129206,0.49114114,0.49566475,0.5000097
1783532868.5780,48,spine_5_joint,0.004520453,0.2555444,-0.0037335306,0.5417825,0.4574789,0.5240564,0.47175205
1783532868.5780,48,spine_6_joint,0.007541808,0.34838575,0.009594375,0.53863174,0.45894158,0.5262439,0.47150397
1783532868.5780,48,spine_7_joint,0.010209063,0.4543748,0.02467763,0.5074887,0.49376315,0.49947906,0.49917367
1783532868.5780,48,left_shoulder_1_joint,0.10107146,0.5654341,0.020743687,-0.7617962,-0.15952642,0.10534851,0.6189671
1783532868.5780,48,left_arm_joint,0.23551898,0.6196055,0.026106913,-0.76457465,-0.12848145,0.0011685843,0.6315991
1783532868.5780,48,left_forearm_joint,0.49272314,0.6722557,0.06880055,0.7022717,0.51003015,-0.011541471,-0.49653924
1783532868.5780,48,left_hand_joint,0.6212075,0.8672901,0.20018353,0.85968375,0.41427347,0.29772723,0.02608553
1783532868.5780,48,left_handIndexStart_joint,0.62406677,0.8818851,0.22609325,0.83888906,0.41456956,0.35269994,-0.00086272974
1783532868.5780,48,left_handIndex_1_joint,0.6567909,0.93769675,0.27367464,0.83888906,0.41456956,0.35269994,-0.00086272974
1783532868.5780,48,left_handIndex_2_joint,0.67581654,0.97014534,0.30133823,0.83888906,0.41456956,0.35269994,-0.00086272974
1783532868.5780,48,left_handIndex_3_joint,0.6864709,0.98831654,0.31682986,0.83888906,0.41456956,0.35269994,-0.00086272974
1783532868.5780,48,left_handIndexEnd_joint,0.6940812,1.0012959,0.32789528,0.83888906,0.41456956,0.35269994,-0.00086272974
1783532868.5780,48,left_handMidStart_joint,0.6316999,0.88576686,0.2166041,0.8606267,0.41396898,0.29531297,0.02724512
1783532868.5780,48,left_handMid_1_joint,0.6684029,0.9411542,0.2535284,0.8606267,0.41396898,0.29531297,0.02724512
1783532868.5780,48,left_handMid_2_joint,0.69419426,0.9800749,0.2794752,0.8606267,0.41396898,0.29531297,0.02724512
1783532868.5780,48,left_handMid_3_joint,0.70907384,1.0025291,0.2944445,0.8606267,0.41396898,0.29531297,0.02724512
1783532868.5780,48,left_handMidEnd_joint,0.7189936,1.0174987,0.30442405,0.8606267,0.41396898,0.29531297,0.02724512
1783532868.5780,48,left_handPinkyStart_joint,0.648091,0.8887518,0.194436,0.9005093,0.37765595,0.20606685,0.06321427
1783532868.5780,48,left_handPinky_1_joint,0.6880858,0.9335976,0.2149713,0.9005093,0.37765595,0.20606685,0.06321427
1783532868.5780,48,left_handPinky_2_joint,0.7127884,0.9612965,0.22765487,0.9005093,0.37765595,0.20606685,0.06321427
1783532868.5780,48,left_handPinky_3_joint,0.72572786,0.97580546,0.23429865,0.9005093,0.37765595,0.20606685,0.06321427
1783532868.5780,48,left_handPinkyEnd_joint,0.73749095,0.98899543,0.24033843,0.9005093,0.37765595,0.20606685,0.06321427
1783532868.5780,48,left_handRingStart_joint,0.63962877,0.8874499,0.20658399,0.88195944,0.39664385,0.25068143,0.044505022
1783532868.5780,48,left_handRing_1_joint,0.6787222,0.93788,0.23500492,0.88195944,0.39664385,0.25068143,0.044505022
1783532868.5780,48,left_handRing_2_joint,0.7063176,0.97347766,0.25506675,0.88195944,0.39664385,0.25068143,0.044505022
1783532868.5780,48,left_handRing_3_joint,0.7235647,0.9957262,0.2676054,0.88195944,0.39664385,0.25068143,0.044505022
1783532868.5780,48,left_handRingEnd_joint,0.7350628,1.0105586,0.27596447,0.88195944,0.39664385,0.25068143,0.044505022
1783532868.5780,48,left_handThumbStart_joint,0.6299966,0.8729675,0.23051658,-0.4758952,-0.5721605,-0.23680642,0.6245636
1783532868.5780,48,left_handThumb_1_joint,0.6425163,0.8863271,0.28099468,-0.4758952,-0.5721605,-0.23680642,0.6245636
1783532868.5780,48,left_handThumb_2_joint,0.6514633,0.8958754,0.31707633,-0.4758952,-0.5721605,-0.2368064,0.6245636
1783532868.5780,48,left_handThumbEnd_joint,0.65742797,0.9022409,0.3411307,-0.47589514,-0.5721605,-0.2368064,0.6245636
1783532868.5780,48,neck_1_joint,0.01200362,0.5884632,0.019860964,0.56884795,0.42099372,0.56300884,0.42684653
1783532868.5780,48,neck_2_joint,0.012350753,0.61725116,0.028294973,0.56707996,0.4225705,0.5637208,0.42670155
1783532868.5780,48,neck_3_joint,0.012643011,0.65566486,0.03944405,0.55456793,0.43758804,0.5562702,0.4376477
1783532868.5780,48,neck_4_joint,0.012569421,0.6945546,0.04880247,0.5390325,0.4556117,0.5454996,0.45198795
1783532868.5780,48,head_joint,0.012123254,0.7400821,0.057501096,0.47722775,0.5193045,0.49164578,0.51074654
1783532868.5780,48,jaw_joint,0.012660075,0.7154408,0.06402196,0.47722775,0.5193045,0.49164578,0.51074654
1783532868.5780,48,chin_joint,0.013143307,0.67165524,0.16689381,0.47722775,0.5193045,0.49164578,0.51074654
1783532868.5780,48,left_eye_joint,0.043090325,0.7786595,0.14211366,0.48173863,0.51512283,0.49608147,0.5064393
1783532868.5780,48,left_eyeLowerLid_joint,0.043090325,0.7786595,0.14211366,0.48173863,0.51512283,0.49608147,0.5064393
1783532868.5780,48,left_eyeUpperLid_joint,0.043090325,0.7786595,0.14211366,0.48173863,0.51512283,0.49608147,0.5064393
1783532868.5780,48,left_eyeball_joint,0.043090325,0.7786595,0.14211366,0.48173863,0.51512283,0.49608147,0.5064393
1783532868.5780,48,nose_joint,0.011401646,0.74680054,0.16729343,0.4817414,0.5151203,0.49608415,0.5064367
1783532868.5780,48,right_eye_joint,-0.021526536,0.7771637,0.14178054,0.48173863,0.51512283,0.49608147,0.5064393
1783532868.5780,48,right_eyeLowerLid_joint,-0.021526536,0.7771637,0.14178054,0.48173863,0.51512283,0.49608147,0.5064393
1783532868.5780,48,right_eyeUpperLid_joint,-0.021526536,0.7771637,0.14178054,0.48173863,0.51512283,0.49608147,0.5064393
1783532868.5780,48,right_eyeball_joint,-0.021526536,0.7771637,0.14178054,0.48173863,0.51512283,0.49608147,0.5064393
1783532868.5780,48,right_shoulder_1_joint,-0.07764336,0.5678291,0.02122514,0.6263625,-0.09431517,-0.17094189,0.754688
1783532868.5780,48,right_arm_joint,-0.21163501,0.6223917,0.03163765,0.6449632,0.025862398,-0.15371546,0.74814814
1783532868.5780,48,right_forearm_joint,-0.46469542,0.674696,0.094670825,0.54292387,0.10061046,-0.46080855,0.6948145
1783532868.5780,48,right_hand_joint,-0.6134369,0.8170167,0.26622006,0.015448392,0.35767257,-0.3074692,0.88164324
1783532868.5780,48,right_handIndexStart_joint,-0.61741024,0.8261016,0.2931941,0.03658561,0.41724443,-0.3051047,0.85526603
1783532868.5780,48,right_handIndex_1_joint,-0.6548057,0.8655628,0.3523053,0.03658561,0.41724443,-0.3051047,0.85526603
1783532868.5780,48,right_handIndex_2_joint,-0.6765477,0.8885049,0.3866725,0.03658561,0.41724443,-0.3051047,0.85526603
1783532868.5780,48,right_handIndex_3_joint,-0.68872297,0.9013534,0.40591818,0.03658561,0.41724443,-0.3051047,0.85526603
1783532868.5780,48,right_handIndexEnd_joint,-0.6974194,0.91053075,0.41966498,0.03658561,0.41724443,-0.3051047,0.85526603
1783532868.5780,48,right_handMidStart_joint,-0.626336,0.8302415,0.28503528,0.01575808,0.35861596,-0.30716786,0.8813595
1783532868.5780,48,right_handMid_1_joint,-0.6684552,0.87054104,0.33382353,0.01575808,0.35861596,-0.30716786,0.8813595
1783532868.5780,48,right_handMid_2_joint,-0.69805175,0.8988597,0.36810675,0.01575808,0.35861596,-0.30716786,0.8813595
1783532868.5780,48,right_handMid_3_joint,-0.71512693,0.9151972,0.38788572,0.01575808,0.35861596,-0.30716786,0.8813595
1783532868.5780,48,right_handMidEnd_joint,-0.72651005,0.926089,0.4010714,0.01575809,0.35861596,-0.30716786,0.8813595
1783532868.5780,48,right_handPinkyStart_joint,-0.6447727,0.83428806,0.26471984,-0.007194251,0.26493675,-0.27504644,0.9241789
1783532868.5780,48,right_handPinky_1_joint,-0.68975127,0.8668129,0.29556465,-0.007194251,0.26493675,-0.27504644,0.9241789
1783532868.5780,48,right_handPinky_2_joint,-0.7175324,0.8869026,0.31461623,-0.007194251,0.26493675,-0.27504644,0.9241789
1783532868.5780,48,right_handPinky_3_joint,-0.7320846,0.89742494,0.32459548,-0.0071942424,0.26493675,-0.27504644,0.9241789
1783532868.5780,48,right_handPinkyEnd_joint,-0.7453135,0.90699095,0.33366734,-0.007194251,0.26493675,-0.27504644,0.9241789
1783532868.5780,48,right_handRingStart_joint,-0.6352356,0.8323017,0.27594382,0.005105716,0.31195614,-0.2918365,0.9041511
1783532868.5780,48,right_handRing_1_joint,-0.6795931,0.86894184,0.31555578,0.005105716,0.31195614,-0.2918365,0.9041511
1783532868.5780,48,right_handRing_2_joint,-0.7109041,0.8948051,0.34351695,0.005105716,0.31195614,-0.2918365,0.9041511
1783532868.5780,48,right_handRing_3_joint,-0.7304735,0.9109702,0.36099288,0.005105716,0.31195614,-0.2918365,0.9041511
1783532868.5780,48,right_handRingEnd_joint,-0.74352056,0.9217464,0.3726439,0.005105716,0.31195614,-0.2918365,0.9041511
1783532868.5780,48,right_handThumbStart_joint,-0.6214085,0.81561774,0.29608685,0.62487,0.35893464,-0.52446544,0.45347548
1783532868.5780,48,right_handThumb_1_joint,-0.6317322,0.81707317,0.34876117,0.62487,0.35893464,-0.52446544,0.45347548
1783532868.5780,48,right_handThumb_2_joint,-0.639109,0.81811315,0.38641208,0.62487,0.35893464,-0.52446544,0.45347548
1783532868.5780,48,right_handThumbEnd_joint,-0.6440275,0.818806,0.41151243,0.62487,0.35893467,-0.52446544,0.45347542
1783532868.5780,48,camera,-0.11801069,0.0041044946,0.13312271,-0.07514565,-0.110357516,-0.7102489,0.69117355
1783532868.6120,49,root,-0.0011354282,0.017291611,0.0009504904,0.0347846,0.007984552,-0.010283297,0.9993101
1783532868.6120,49,hips_joint,-0.0011354282,0.017291611,0.0009504904,0.0347846,0.007984552,-0.010283297,0.9993101
1783532868.6120,49,left_upLeg_joint,0.09885786,-0.009698397,-0.0015023458,-0.56790656,0.43853095,-0.47771227,0.50691587
1783532868.6120,49,left_leg_joint,0.16579737,-0.4233918,0.039763574,-0.36954373,0.5926133,-0.269315,0.66311127
1783532868.6120,49,left_foot_joint,0.2355631,-0.78702587,-0.22862506,0.6563635,-0.23861884,0.6209394,-0.3559247
1783532868.6120,49,left_toes_joint,0.25270036,-0.89958316,-0.13246033,0.6896931,-0.109889634,0.67714435,-0.2317828
1783532868.6120,49,left_toesEnd_joint,0.25626755,-0.9278194,-0.07889114,0.6896931,-0.10988942,0.6771443,-0.23178299
1783532868.6120,49,right_upLeg_joint,-0.10215386,-0.005672704,0.001851182,0.45387906,0.49051848,0.43267867,0.6051237
1783532868.6120,49,right_leg_joint,-0.16294353,-0.41367847,0.08644087,0.6126423,0.2555904,0.6601048,0.35157457
1783532868.6120,49,right_foot_joint,-0.1619686,-0.7691536,-0.20124976,0.32465893,0.5790101,0.30282977,0.6838406
1783532868.6120,49,right_toes_joint,-0.18373954,-0.886909,-0.11253585,0.20903155,0.6300494,0.16772822,0.72884214
1783532868.6120,49,right_toesEnd_joint,-0.19282699,-0.9177179,-0.061078586,0.20903203,0.6300494,0.16772777,0.7288421
1783532868.6120,49,spine_1_joint,-0.0011354479,0.017291611,0.00095049076,0.5100092,0.49895707,0.4968103,0.49407724
1783532868.6120,49,spine_2_joint,-0.000649527,0.07483703,0.0017394894,0.49953845,0.5107656,0.48716164,0.5022483
1783532868.6120,49,spine_3_joint,-0.00044326155,0.13236955,0.00022294953,0.49970514,0.50862217,0.48929977,0.5021793
1783532868.6120,49,spine_4_joint,-0.00024278968,0.18541072,-0.0009351086,0.5109853,0.49507576,0.5003766,0.49337342
1783532868.6120,49,spine_5_joint,0.00039075047,0.25585726,0.0004524105,0.5362018,0.4653997,0.5240602,0.47037414
1783532868.6120,49,spine_6_joint,0.0020420852,0.34888807,0.012651716,0.52931994,0.4705561,0.521261,0.47611374
1783532868.6120,49,spine_7_joint,0.0035177246,0.45531207,0.024485711,0.49498284,0.50705475,0.4890365,0.508656
1783532868.6120,49,left_shoulder_1_joint,0.093706034,0.5666093,0.015287494,-0.78061396,-0.21729037,0.102751225,0.57694817
1783532868.6120,49,left_arm_joint,0.22199592,0.63301367,0.028387303,-0.7704819,-0.26088375,-0.00550826,0.5816075
1783532868.6120,49,left_forearm_joint,0.45175993,0.7382393,0.111362286,0.6519011,0.6389938,0.002234919,-0.4082978
1783532868.6120,49,left_hand_joint,0.50089604,0.96100205,0.25196987,0.7663509,0.5089775,0.386342,0.066244274
1783532868.6120,49,left_handIndexStart_joint,0.4943227,0.9766375,0.27656308,0.7400781,0.5117201,0.43512744,0.03303432
1783532868.6120,49,left_handIndex_1_joint,0.5021621,1.0397755,0.32557243,0.7400781,0.5117201,0.43512744,0.03303432
1783532868.6120,49,left_handIndex_2_joint,0.5067198,1.0764836,0.35406622,0.7400781,0.5117201,0.43512744,0.03303432
1783532868.6120,49,left_handIndex_3_joint,0.50927216,1.0970402,0.37002277,0.7400781,0.5117201,0.43512744,0.03303432
1783532868.6120,49,left_handIndexEnd_joint,0.5110953,1.1117235,0.38142028,0.7400781,0.5117201,0.43512744,0.03303432
1783532868.6120,49,left_handMidStart_joint,0.50300807,0.98184776,0.2687661,0.7675669,0.50857556,0.38420862,0.06764559
1783532868.6120,49,left_handMid_1_joint,0.5172585,1.0451461,0.3083703,0.7675669,0.50857556,0.38420862,0.06764559
1783532868.6120,49,left_handMid_2_joint,0.52727234,1.0896262,0.33620024,0.7675669,0.50857556,0.38420862,0.06764559
1783532868.6120,49,left_handMid_3_joint,0.5330496,1.1152877,0.352256,0.7675669,0.50857556,0.38420862,0.06764559
1783532868.6120,49,left_handMidEnd_joint,0.53690106,1.1323954,0.36295986,0.7675669,0.50857556,0.38420862,0.06764559
1783532868.6120,49,left_handPinkyStart_joint,0.52321744,0.9877708,0.25072443,0.8204384,0.47037223,0.30589053,0.10982711
1783532868.6120,49,left_handPinky_1_joint,0.54673594,1.0410494,0.27603668,0.8204384,0.47037223,0.30589053,0.10982711
1783532868.6120,49,left_handPinky_2_joint,0.5612621,1.0739566,0.2916707,0.8204384,0.47037223,0.30589053,0.10982711
1783532868.6120,49,left_handPinky_3_joint,0.56887096,1.0911938,0.29985997,0.8204384,0.47037223,0.30589053,0.10982711
1783532868.6120,49,left_handPinkyEnd_joint,0.5757882,1.1068639,0.30730477,0.8204384,0.47037223,0.30589053,0.10982711
1783532868.6120,49,left_handRingStart_joint,0.5125651,0.98496693,0.26070163,0.7953051,0.49053296,0.34510186,0.088160254
1783532868.6120,49,left_handRing_1_joint,0.5321629,1.0437187,0.29300314,0.7953051,0.49053296,0.34510186,0.088160254
1783532868.6120,49,left_handRing_2_joint,0.54599667,1.0851905,0.3158042,0.7953051,0.49053296,0.34510186,0.088160254
1783532868.6120,49,left_handRing_3_joint,0.55464274,1.1111104,0.33005488,0.7953051,0.49053296,0.34510186,0.088160254
1783532868.6120,49,left_handRingEnd_joint,0.5604068,1.1283903,0.33955535,0.7953051,0.49053296,0.34510186,0.088160254
1783532868.6120,49,left_handThumbStart_joint,0.5007666,0.9694164,0.28293368,-0.39603862,-0.6974688,-0.2045633,0.5611104
1783532868.6120,49,left_handThumb_1_joint,0.4977289,0.9867559,0.33366215,-0.39603862,-0.6974688,-0.2045633,0.5611104
1783532868.6120,49,left_handThumb_2_joint,0.49555588,0.9991485,0.3699223,-0.39603862,-0.6974688,-0.2045633,0.5611104
1783532868.6120,49,left_handThumbEnd_joint,0.4941072,1.0074102,0.3940958,-0.39603856,-0.6974688,-0.20456326,0.5611104
1783532868.6120,49,neck_1_joint,0.004500438,0.5890485,0.013544855,0.56111985,0.4321416,0.55717254,0.4335403
1783532868.6120,49,neck_2_joint,0.004669193,0.61809087,0.021062242,0.561721,0.43062088,0.5605059,0.42996338
1783532868.6120,49,neck_3_joint,0.004701103,0.6567217,0.03143799,0.55075693,0.4433795,0.55480987,0.43848354
1783532868.6120,49,neck_4_joint,0.0043491544,0.6957193,0.040330045,0.5361336,0.46004596,0.54501617,0.45152673
1783532868.6120,49,head_joint,0.0035771264,0.74130523,0.048692543,0.47382554,0.52335954,0.49120235,0.5102006
1783532868.6120,49,jaw_joint,0.004310066,0.71671766,0.05539447,0.47382554,0.52335954,0.49120235,0.5102006
1783532868.6120,49,chin_joint,0.0053024255,0.67370033,0.15858619,0.47382554,0.52335954,0.49120235,0.5102006
1783532868.6120,49,left_eye_joint,0.03440304,0.78073907,0.13296114,0.4783719,0.51920736,0.4956333,0.5058973
1783532868.6120,49,left_eyeLowerLid_joint,0.03440304,0.78073907,0.13296114,0.4783719,0.51920736,0.4956333,0.5058973
1783532868.6120,49,left_eyeUpperLid_joint,0.03440304,0.78073907,0.13296114,0.4783719,0.51920736,0.4956333,0.5058973
1783532868.6120,49,left_eyeball_joint,0.03440304,0.78073907,0.13296114,0.4783719,0.51920736,0.4956333,0.5058973
1783532868.6120,49,nose_joint,0.0029983814,0.74883133,0.15843329,0.47837457,0.51920485,0.49563593,0.5058947
1783532868.6120,49,right_eye_joint,-0.030201247,0.7787574,0.13275634,0.4783719,0.51920736,0.4956333,0.5058973
1783532868.6120,49,right_eyeLowerLid_joint,-0.030201247,0.7787574,0.13275634,0.4783719,0.51920736,0.4956333,0.5058973
1783532868.6120,49,right_eyeUpperLid_joint,-0.030201247,0.7787574,0.13275634,0.4783719,0.51920736,0.4956333,0.5058973
1783532868.6120,49,right_eyeball_joint,-0.030201247,0.7787574,0.13275634,0.4783719,0.51920736,0.4956333,0.5058973
1783532868.6120,49,right_shoulder_1_joint,-0.08501865,0.5679701,0.016042603,0.5708957,-0.081623115,-0.22065972,0.7865907
1783532868.6120,49,right_arm_joint,-0.21401,0.6318403,0.03396189,0.56740034,0.048269495,-0.27075684,0.77615565
1783532868.6120,49,right_forearm_joint,-0.43975797,0.72906417,0.13561752,0.43086588,0.09611222,-0.5786586,0.68576336
1783532868.6120,49,right_hand_joint,-0.5233202,0.9195438,0.30456468,-0.068597876,0.425004,-0.40429553,0.80697656
1783532868.6120,49,right_handIndexStart_joint,-0.5195398,0.9332191,0.32955703,-0.04058127,0.479367,-0.4074979,0.7762126
1783532868.6120,49,right_handIndex_1_joint,-0.5362689,0.98714864,0.38666636,-0.04058127,0.479367,-0.4074979,0.7762126
1783532868.6120,49,right_handIndex_2_joint,-0.54599553,1.0185027,0.41986984,-0.04058127,0.479367,-0.4074979,0.7762126
1783532868.6120,49,right_handIndex_3_joint,-0.55144215,1.0360619,0.43846363,-0.04058127,0.479367,-0.4074979,0.7762126
1783532868.6120,49,right_handIndexEnd_joint,-0.5553324,1.0486039,0.45174477,-0.04058127,0.479367,-0.4074979,0.7762126
1783532868.6120,49,right_handMidStart_joint,-0.5295155,0.93752736,0.3228268,-0.06816062,0.42590496,-0.40409333,0.8066398
1783532868.6120,49,right_handMid_1_joint,-0.5531281,0.99149656,0.37086993,-0.06816062,0.42590496,-0.40409333,0.8066398
1783532868.6120,49,right_handMid_2_joint,-0.5697202,1.0294207,0.40462944,-0.06816062,0.42590496,-0.40409333,0.8066398
1783532868.6120,49,right_handMid_3_joint,-0.5792927,1.0513,0.42410633,-0.06816062,0.42590496,-0.40409333,0.8066398
1783532868.6120,49,right_handMidEnd_joint,-0.5856741,1.0658863,0.43709052,-0.06816062,0.42590496,-0.40409333,0.8066398
1783532868.6120,49,right_handPinkyStart_joint,-0.55154043,0.94151044,0.30645472,-0.098119654,0.34288827,-0.3649637,0.860001
1783532868.6120,49,right_handPinky_1_joint,-0.5831929,0.9856451,0.33935744,-0.098119654,0.34288827,-0.3649637,0.860001
1783532868.6120,49,right_handPinky_2_joint,-0.60274297,1.0129057,0.35967997,-0.098119654,0.34288827,-0.3649637,0.860001
1783532868.6120,49,right_handPinky_3_joint,-0.61298376,1.0271842,0.37032515,-0.09811965,0.34288827,-0.3649637,0.860001
1783532868.6120,49,right_handPinkyEnd_joint,-0.62229335,1.040165,0.3800023,-0.098119654,0.34288827,-0.3649637,0.860001
1783532868.6120,49,right_handRingStart_joint,-0.5399634,0.93966407,0.31558946,-0.08251615,0.38460374,-0.3854639,0.8346788
1783532868.6120,49,right_handRing_1_joint,-0.56839234,0.98904544,0.3559932,-0.08251615,0.38460374,-0.3854639,0.8346788
1783532868.6120,49,right_handRing_2_joint,-0.58845985,1.0239024,0.38451335,-0.08251615,0.38460374,-0.3854639,0.8346788
1783532868.6120,49,right_handRing_3_joint,-0.60100186,1.0456887,0.40233847,-0.08251615,0.38460374,-0.3854639,0.8346788
1783532868.6120,49,right_handRingEnd_joint,-0.609364,1.0602125,0.41422257,-0.08251615,0.38460374,-0.3854639,0.8346788
1783532868.6120,49,right_handThumbStart_joint,-0.5240924,0.9241519,0.3351539,-0.54542035,-0.31177977,0.6545686,-0.42053565
1783532868.6120,49,right_handThumb_1_joint,-0.521339,0.9354529,0.38757518,-0.54542035,-0.31177977,0.6545686,-0.42053565
1783532868.6120,49,right_handThumb_2_joint,-0.5193685,0.9435298,0.42504475,-0.54542035,-0.31177977,0.6545686,-0.42053565
1783532868.6120,49,right_handThumbEnd_joint,-0.5180556,0.9489141,0.45002446,-0.5454202,-0.31177968,0.6545687,-0.42053556
1783532868.6120,49,camera,-0.1185113,0.0028872709,0.13276368,-0.07492602,-0.11015752,-0.71040696,0.69106674
1783532868.6458,50,root,-0.0010577998,0.017164746,0.0014430537,0.039719936,0.008070145,-0.0077323224,0.99914837
1783532868.6458,50,hips_joint,-0.0010577998,0.017164746,0.0014430537,0.039719936,0.008070145,-0.0077323224,0.99914837
1783532868.6458,50,left_upLeg_joint,0.09906998,-0.009297136,-0.0012643047,-0.5718523,0.43772393,-0.45456254,0.5241711
1783532868.6458,50,left_leg_joint,0.1847813,-0.42078185,0.024423243,-0.383974,0.5873647,-0.25222728,0.6662943
1783532868.6458,50,left_foot_joint,0.26836243,-0.7807648,-0.24493869,0.6644864,-0.22558822,0.6094507,-0.3689682
1783532868.6458,50,left_toes_joint,0.29151595,-0.89246964,-0.14904065,0.695199,-0.095555596,0.6683362,-0.24676737
1783532868.6458,50,left_toesEnd_joint,0.2968782,-0.9205375,-0.09553269,0.695199,-0.0955554,0.66833615,-0.24676757
1783532868.6458,50,right_upLeg_joint,-0.10195969,-0.006314362,0.0021028041,0.45324972,0.48927328,0.42124283,0.6145983
1783532868.6458,50,right_leg_joint,-0.17200108,-0.41111803,0.094556615,0.607967,0.26482588,0.6473637,0.37571794
1783532868.6458,50,right_foot_joint,-0.18186638,-0.7808337,-0.17440906,0.3152831,0.5833972,0.2779111,0.6949892
1783532868.6458,50,right_toes_joint,-0.20643072,-0.8932277,-0.07967431,0.19899413,0.63257986,0.14114814,0.73506576
1783532868.6458,50,right_toesEnd_joint,-0.21612659,-0.9210866,-0.026669726,0.19899465,0.6325799,0.1411477,0.73506564
1783532868.6458,50,spine_1_joint,-0.0010578195,0.017164746,0.0014430541,0.5105338,0.4961409,0.5035394,0.48953807
1783532868.6458,50,spine_2_joint,-0.0010241786,0.07469441,0.0030768667,0.49835157,0.50728434,0.49530858,0.49897677
1783532868.6458,50,spine_3_joint,-0.0013312807,0.13224192,0.002353383,0.49565002,0.50566417,0.49719134,0.5014336
1783532868.6458,50,spine_4_joint,-0.0016385117,0.18528983,0.0015974534,0.5032751,0.49352828,0.5070218,0.49605778
1783532868.6458,50,spine_5_joint,-0.0017286577,0.25574198,0.0028334453,0.52439755,0.46623993,0.5290264,0.47724077
1783532868.6458,50,spine_6_joint,-0.001217927,0.3489527,0.013686428,0.5136489,0.47301972,0.52408093,0.4876028
1783532868.6458,50,spine_7_joint,-0.00089108374,0.45566505,0.022667611,0.47667637,0.5086704,0.48953828,0.5238193
1783532868.6458,50,left_shoulder_1_joint,0.088957414,0.56715226,0.01249594,-0.7970147,-0.2859561,0.06435732,0.52806723
1783532868.6458,50,left_arm_joint,0.20908393,0.6431282,0.04142186,-0.75624245,-0.40667304,-0.068012126,0.50802433
1783532868.6458,50,left_forearm_joint,0.38463038,0.7883523,0.17868866,0.59662634,0.74985373,0.05777246,-0.28003347
1783532868.6458,50,left_hand_joint,0.3494629,1.0194522,0.30970076,0.645015,0.5640906,0.49741352,0.13541523
1783532868.6458,50,left_handIndexStart_joint,0.33285543,1.0342606,0.3296358,0.6118463,0.5712525,0.53816986,0.09842643
1783532868.6458,50,left_handIndex_1_joint,0.3142304,1.0989088,0.37349352,0.6118463,0.5712525,0.53816986,0.09842643
1783532868.6458,50,left_handIndex_2_joint,0.3034019,1.136495,0.3989922,0.6118463,0.5712525,0.53816986,0.09842643
1783532868.6458,50,left_handIndex_3_joint,0.29733795,1.1575432,0.4132715,0.6118463,0.5712525,0.53816986,0.09842643
1783532868.6458,50,left_handIndexEnd_joint,0.29300654,1.1725777,0.42347094,0.6118463,0.5712525,0.53816986,0.09842643
1783532868.6458,50,left_handMidStart_joint,0.34266928,1.0407275,0.32461143,0.64655656,0.5635143,0.49564517,0.13693826
1783532868.6458,50,left_handMid_1_joint,0.3330591,1.1064372,0.36159965,0.64655656,0.5635143,0.49564517,0.13693826
1783532868.6458,50,left_handMid_2_joint,0.326306,1.1526116,0.38759136,0.64655656,0.5635143,0.49564517,0.13693826
1783532868.6458,50,left_handMid_3_joint,0.32240996,1.1792507,0.40258658,0.64655656,0.5635143,0.49564517,0.13693826
1783532868.6458,50,left_handMidEnd_joint,0.31981263,1.1970102,0.4125834,0.64655656,0.5635143,0.49564517,0.13693826
1783532868.6458,50,left_handPinkyStart_joint,0.36645034,1.0496738,0.3135017,0.71345955,0.5215317,0.4318959,0.18012814
1783532868.6458,50,left_handPinky_1_joint,0.3717172,1.1068108,0.34070536,0.71345955,0.5215317,0.4318959,0.18012814
1783532868.6458,50,left_handPinky_2_joint,0.3749703,1.1421013,0.35750765,0.71345955,0.5215317,0.4318959,0.18012814
1783532868.6458,50,left_handPinky_3_joint,0.37667426,1.1605868,0.36630884,0.71345955,0.5215317,0.4318959,0.18012814
1783532868.6458,50,left_handPinkyEnd_joint,0.37822333,1.1773919,0.37430996,0.71345955,0.5215317,0.4318959,0.18012814
1783532868.6458,50,left_handRingStart_joint,0.35371283,1.0452821,0.31977448,0.6812044,0.54376954,0.46395886,0.15816957
1783532868.6458,50,left_handRing_1_joint,0.35218406,1.1072826,0.35191217,0.6812044,0.54376954,0.46395886,0.15816957
1783532868.6458,50,left_handRing_2_joint,0.35110492,1.1510476,0.3745976,0.6812044,0.54376954,0.46395886,0.15816957
1783532868.6458,50,left_handRing_3_joint,0.35043043,1.1784008,0.388776,0.6812044,0.54376954,0.46395886,0.15816957
1783532868.6458,50,left_handRingEnd_joint,0.3499808,1.1966362,0.39822826,0.6812044,0.54376954,0.46395886,0.15816957
1783532868.6458,50,left_handThumbStart_joint,0.33792692,1.0284253,0.3382661,0.31112987,0.81587017,0.20028387,-0.44434273
1783532868.6458,50,left_handThumb_1_joint,0.31583235,1.0461309,0.38389072,0.31112987,0.81587017,0.20028387,-0.44434273
1783532868.6458,50,left_handThumb_2_joint,0.30003798,1.0587848,0.4165023,0.31112987,0.81587017,0.20028387,-0.44434273
1783532868.6458,50,left_handThumbEnd_joint,0.2895084,1.0672208,0.43824333,0.31112987,0.81587017,0.20028383,-0.44434273
1783532868.6458,50,neck_1_joint,-0.000263032,0.58894634,0.0071177874,0.54632664,0.43263948,0.5622197,0.4452637
1783532868.6458,50,neck_2_joint,-0.00045910745,0.61814827,0.013988806,0.5494924,0.4280858,0.56756055,0.43894914
1783532868.6458,50,neck_3_joint,-0.00088970095,0.656897,0.023905804,0.54040325,0.43847188,0.56305397,0.4457328
1783532868.6458,50,neck_4_joint,-0.0016326895,0.69593084,0.032612596,0.52699494,0.45365235,0.55382204,0.4579932
1783532868.6458,50,head_joint,-0.0027765026,0.7415154,0.04094004,0.46545088,0.51596546,0.49911356,0.51770777
1783532868.6458,50,jaw_joint,-0.00219216,0.7169302,0.047665298,0.46545088,0.51596546,0.49911356,0.51770777
1783532868.6458,50,chin_joint,-0.004306394,0.6739233,0.15084453,0.46545088,0.51596546,0.49911356,0.51770777
1783532868.6458,50,left_eye_joint,0.02531487,0.7810313,0.12612115,0.46993312,0.5118866,0.50360966,0.51333517
1783532868.6458,50,left_eyeLowerLid_joint,0.02531487,0.7810313,0.12612115,0.46993312,0.5118866,0.50360966,0.51333517
1783532868.6458,50,left_eyeUpperLid_joint,0.02531487,0.7810313,0.12612115,0.46993312,0.5118866,0.50360966,0.51333517
1783532868.6458,50,left_eyeball_joint,0.02531487,0.7810313,0.12612115,0.46993312,0.5118866,0.50360966,0.51333517
1783532868.6458,50,nose_joint,-0.0067889635,0.74904853,0.15060847,0.46993577,0.5118841,0.5036124,0.5133325
1783532868.6458,50,right_eye_joint,-0.039246704,0.7788909,0.1239061,0.46993312,0.5118866,0.50360966,0.51333517
1783532868.6458,50,right_eyeLowerLid_joint,-0.039246704,0.7788909,0.1239061,0.46993312,0.5118866,0.50360966,0.51333517
1783532868.6458,50,right_eyeUpperLid_joint,-0.039246704,0.7788909,0.1239061,0.46993312,0.5118866,0.50360966,0.51333517
1783532868.6458,50,right_eyeball_joint,-0.039246704,0.7788909,0.1239061,0.46993312,0.5118866,0.50360966,0.51333517
1783532868.6458,50,right_shoulder_1_joint,-0.08970349,0.5673946,0.007479217,0.5237263,-0.06655738,-0.25407356,0.81038725
1783532868.6458,50,right_arm_joint,-0.21474075,0.6372374,0.030434046,0.49078575,0.08306432,-0.3612811,0.7884831
1783532868.6458,50,right_forearm_joint,-0.40762112,0.76709026,0.15960021,0.3170725,0.10199808,-0.66272855,0.6707102
1783532868.6458,50,right_hand_joint,-0.4346257,0.98798275,0.30888355,-0.15041806,0.48029926,-0.46789455,0.726472
1783532868.6458,50,right_handIndexStart_joint,-0.42422315,1.0044518,0.33001357,-0.117809765,0.52907634,-0.4765944,0.6921392
1783532868.6458,50,right_handIndex_1_joint,-0.42308864,1.0674471,0.3798136,-0.117809765,0.52907634,-0.4765944,0.6921392
1783532868.6458,50,right_handIndex_2_joint,-0.42242935,1.104072,0.4087676,-0.117809765,0.52907634,-0.4765944,0.6921392
1783532868.6458,50,right_handIndex_3_joint,-0.42205977,1.1245828,0.42498147,-0.117809765,0.52907634,-0.4765944,0.6921392
1783532868.6458,50,right_handIndexEnd_joint,-0.42179573,1.139233,0.43656272,-0.117809765,0.52907634,-0.4765944,0.6921392
1783532868.6458,50,right_handMidStart_joint,-0.43501917,1.008955,0.32486174,-0.14989018,0.4811472,-0.46779236,0.7260858
1783532868.6458,50,right_handMid_1_joint,-0.44257033,1.0715579,0.3673144,-0.14989018,0.4811472,-0.46779236,0.7260858
1783532868.6458,50,right_handMid_2_joint,-0.44787616,1.1155488,0.3971454,-0.14989018,0.4811472,-0.46779236,0.7260858
1783532868.6458,50,right_handMid_3_joint,-0.45093733,1.1409283,0.41435584,-0.14989018,0.4811472,-0.46779236,0.7260858
1783532868.6458,50,right_handMidEnd_joint,-0.45297793,1.1578478,0.42582905,-0.14989017,0.4811472,-0.46779236,0.7260858
1783532868.6458,50,right_handPinkyStart_joint,-0.45967758,1.0132525,0.31292444,-0.18379505,0.40927845,-0.4223316,0.7876208
1783532868.6458,50,right_handPinky_1_joint,-0.47925192,1.0650513,0.3440059,-0.18379505,0.40927845,-0.4223316,0.7876208
1783532868.6458,50,right_handPinky_2_joint,-0.4913419,1.0970458,0.36320338,-0.18379505,0.40927845,-0.4223316,0.7876208
1783532868.6458,50,right_handPinky_3_joint,-0.49767503,1.1138039,0.37325945,-0.18379503,0.40927845,-0.4223316,0.7876208
1783532868.6458,50,right_handPinkyEnd_joint,-0.5034323,1.1290387,0.38240096,-0.18379505,0.40927845,-0.4223316,0.7876208
1783532868.6458,50,right_handRingStart_joint,-0.44657755,1.0113105,0.31966963,-0.16641814,0.44545963,-0.44614264,0.7581737
1783532868.6458,50,right_handRing_1_joint,-0.46090007,1.0689219,0.3564796,-0.16641814,0.44545963,-0.44614264,0.7581737
1783532868.6458,50,right_handRing_2_joint,-0.47101012,1.1095884,0.38246304,-0.16641814,0.44545963,-0.44614264,0.7581737
1783532868.6458,50,right_handRing_3_joint,-0.47732872,1.1350056,0.39870262,-0.16641814,0.44545963,-0.44614264,0.7581737
1783532868.6458,50,right_handRingEnd_joint,-0.4815417,1.1519501,0.40952983,-0.16641814,0.44545963,-0.44614264,0.7581737
1783532868.6458,50,right_handThumbStart_joint,-0.42820892,0.996873,0.33782,-0.4539243,-0.2751079,0.75260085,-0.38969266
1783532868.6458,50,right_handThumb_1_joint,-0.4129521,1.01496,0.38602135,-0.4539243,-0.2751079,0.75260085,-0.38969266
1783532868.6458,50,right_handThumb_2_joint,-0.40204462,1.0278872,0.42047423,-0.4539243,-0.2751079,0.75260085,-0.38969266
1783532868.6458,50,right_handThumbEnd_joint,-0.3947737,1.036505,0.44344303,-0.45392427,-0.27510786,0.75260085,-0.38969266
1783532868.6458,50,camera,-0.11887753,0.0027046013,0.13215634,-0.075612076,-0.110412784,-0.71033835,0.69102186
1783532868.6789,51,root,-0.00094851054,0.017429987,0.0020368006,0.04247544,0.008165548,-0.0058804364,0.9990468
1783532868.6789,51,hips_joint,-0.00094851054,0.017429987,0.0020368006,0.04247544,0.008165548,-0.0058804364,0.9990468
1783532868.6789,51,left_upLeg_joint,0.09927546,-0.008649615,-0.0008165052,-0.57867783,0.43560362,-0.44176164,0.52936566
1783532868.6789,51,left_leg_joint,0.19620964,-0.4178987,0.020275652,-0.39305738,0.5895681,-0.24201827,0.66282916
1783532868.6789,51,left_foot_joint,0.28203395,-0.776565,-0.25013518,0.67299575,-0.22172111,0.5992771,-0.37253615
1783532868.6789,51,left_toes_joint,0.30936834,-0.8875847,-0.15454265,0.70282114,-0.0901458,0.6590232,-0.2521989
1783532868.6789,51,left_toesEnd_joint,0.3163522,-0.9154351,-0.101108216,0.70282114,-0.09014558,0.65902317,-0.25219914
1783532868.6789,51,right_upLeg_joint,-0.10176374,-0.006421777,0.0025655658,0.45922902,0.48837763,0.41060886,0.61805844
1783532868.6789,51,right_leg_joint,-0.17999247,-0.40903527,0.09797045,0.612698,0.27342004,0.6229027,0.4022868
1783532868.6789,51,right_foot_joint,-0.214046,-0.79144394,-0.15049143,0.31370744,0.5930802,0.24227038,0.70081973
1783532868.6789,51,right_toes_joint,-0.2407408,-0.8975073,-0.04925704,0.19561176,0.64178866,0.105048336,0.73403543
1783532868.6789,51,right_toesEnd_joint,-0.25009117,-0.9220928,0.0054031657,0.19561225,0.6417887,0.1050479,0.7340353
1783532868.6789,51,spine_1_joint,-0.0009485303,0.017429987,0.0020368008,0.51107734,0.49448222,0.5079721,0.4860571
1783532868.6789,51,spine_2_joint,-0.0012418566,0.074939355,0.0042544804,0.49793005,0.50529706,0.50032246,0.49640495
1783532868.6789,51,spine_3_joint,-0.0018919383,0.13248822,0.004058072,0.49327266,0.50449467,0.5010668,0.5010979
1783532868.6789,51,spine_4_joint,-0.0024843274,0.18553573,0.0034597649,0.49824262,0.49392664,0.5086921,0.4990222
1783532868.6789,51,spine_5_joint,-0.0028669417,0.25599363,0.0042192508,0.5163882,0.46889633,0.527966,0.48449066
1783532868.6789,51,spine_6_joint,-0.0026183377,0.34939474,0.013299252,0.5029153,0.4771745,0.5198115,0.4991761
1783532868.6789,51,spine_7_joint,-0.00219257,0.45633215,0.019000206,0.4644419,0.51209223,0.48210588,0.5381723
1783532868.6789,51,left_shoulder_1_joint,0.08851996,0.5668344,0.0061117266,0.8129715,0.33444187,-0.030095005,-0.4757314
1783532868.6789,51,left_arm_joint,0.20085895,0.6498634,0.04517019,0.73179114,0.51831126,0.12790596,-0.4236454
1783532868.6789,51,left_forearm_joint,0.31522962,0.8228125,0.21177377,0.5403812,0.82017094,0.10596137,-0.1551776
1783532868.6789,51,left_hand_joint,0.21666569,1.0515317,0.3106718,0.5249554,0.5912475,0.57821697,0.20128016
1783532868.6789,51,left_handIndexStart_joint,0.1933683,1.0646741,0.3239764,0.486828,0.60267484,0.61108625,0.1623439
1783532868.6789,51,left_handIndex_1_joint,0.15535837,1.1277348,0.35604492,0.486828,0.60267484,0.61108625,0.1623439
1783532868.6789,51,left_handIndex_2_joint,0.1332596,1.1643981,0.3746894,0.486828,0.60267484,0.61108625,0.1623439
1783532868.6789,51,left_handIndex_3_joint,0.12088427,1.1849294,0.38513032,0.486828,0.60267484,0.61108625,0.1623439
1783532868.6789,51,left_handIndexEnd_joint,0.11204476,1.1995947,0.3925881,0.486828,0.60267484,0.61108625,0.1623439
1783532868.6789,51,left_handMidStart_joint,0.2033875,1.0722125,0.3214936,0.5267299,0.59050804,0.5768076,0.20285293
1783532868.6789,51,left_handMid_1_joint,0.17580827,1.1372881,0.34947246,0.5267299,0.59050804,0.5768076,0.20285293
1783532868.6789,51,left_handMid_2_joint,0.15642828,1.1830169,0.3691333,0.5267299,0.59050804,0.5768076,0.20285293
1783532868.6789,51,left_handMid_3_joint,0.14524752,1.209399,0.38047606,0.5267299,0.59050804,0.5768076,0.20285293
1783532868.6789,51,left_handMidEnd_joint,0.13779368,1.2269869,0.3880379,0.5267299,0.59050804,0.5768076,0.20285293
1783532868.6789,51,left_handPinkyStart_joint,0.22814666,1.0838555,0.3169741,0.6035368,0.54533845,0.5274685,0.24520755
1783532868.6789,51,left_handPinky_1_joint,0.21854311,1.1420827,0.34042206,0.6035368,0.54533845,0.5274685,0.24520755
1783532868.6789,51,left_handPinky_2_joint,0.2126115,1.1780463,0.35490462,0.6035368,0.54533845,0.5274685,0.24520755
1783532868.6789,51,left_handPinky_3_joint,0.20950447,1.1968846,0.3624907,0.6035368,0.54533845,0.5274685,0.24520755
1783532868.6789,51,left_handPinkyEnd_joint,0.2066799,1.2140102,0.36938715,0.6035368,0.54533845,0.5274685,0.24520755
1783532868.6789,51,left_handRingStart_joint,0.21474475,1.0780267,0.31967455,0.5662174,0.56928706,0.5524414,0.2238724
1783532868.6789,51,left_handRing_1_joint,0.19668405,1.1403366,0.34556907,0.5662174,0.56928706,0.5524414,0.2238724
1783532868.6789,51,left_handRing_2_joint,0.18393531,1.1843201,0.36384758,0.5662174,0.56928706,0.5524414,0.2238724
1783532868.6789,51,left_handRing_3_joint,0.17596735,1.2118096,0.37527165,0.5662174,0.56928706,0.5524414,0.2238724
1783532868.6789,51,left_handRingEnd_joint,0.17065538,1.230136,0.3828877,0.5662174,0.56928706,0.5524414,0.2238724
1783532868.6789,51,left_handThumbStart_joint,0.19636531,1.0598636,0.3340823,0.23808506,0.8948994,0.19295055,-0.3244084
1783532868.6789,51,left_handThumb_1_joint,0.1600605,1.0760251,0.37019363,0.23808506,0.8948994,0.19295055,-0.3244084
1783532868.6789,51,left_handThumb_2_joint,0.13410921,1.0875753,0.39600495,0.23808506,0.8948994,0.19295055,-0.3244084
1783532868.6789,51,left_handThumbEnd_joint,0.116808355,1.0952754,0.4132125,0.23808506,0.8948994,0.19295052,-0.3244084
1783532868.6789,51,neck_1_joint,-0.00046249985,0.5889316,-0.0015055155,0.5374321,0.43431777,0.5611022,0.45574057
1783532868.6789,51,neck_2_joint,-0.0006705558,0.6182796,0.0047115744,0.5428407,0.42687404,0.5698686,0.4453678
1783532868.6789,51,neck_3_joint,-0.0012282932,0.65712166,0.014250132,0.5353755,0.43507895,0.56758165,0.44936723
1783532868.6789,51,neck_4_joint,-0.002143706,0.69616026,0.022918854,0.523004,0.44896823,0.559512,0.46026203
1783532868.6789,51,head_joint,-0.0034916198,0.7417069,0.03142152,0.46200633,0.5108536,0.504465,0.5206671
1783532868.6789,51,jaw_joint,-0.0029852188,0.71709377,0.038050044,0.46200633,0.5108536,0.504465,0.5206671
1783532868.6789,51,chin_joint,-0.006767758,0.6736393,0.14099374,0.46200633,0.5108536,0.504465,0.5206671
1783532868.6789,51,left_eye_joint,0.0231118,0.78089267,0.11723055,0.46644405,0.5068049,0.5089866,0.5162477
1783532868.6789,51,left_eyeLowerLid_joint,0.0231118,0.78089267,0.11723055,0.46644405,0.5068049,0.5089866,0.5162477
1783532868.6789,51,left_eyeUpperLid_joint,0.0231118,0.78089267,0.11723055,0.46644405,0.5068049,0.5089866,0.5162477
1783532868.6789,51,left_eyeball_joint,0.0231118,0.78089267,0.11723055,0.46644405,0.5068049,0.5089866,0.5162477
1783532868.6789,51,nose_joint,-0.009352591,0.7487613,0.14103852,0.46644673,0.50680244,0.5089894,0.516245
1783532868.6789,51,right_eye_joint,-0.041400447,0.7786749,0.113923974,0.46644405,0.5068049,0.5089866,0.5162477
1783532868.6789,51,right_eyeLowerLid_joint,-0.041400447,0.7786749,0.113923974,0.46644405,0.5068049,0.5089866,0.5162477
1783532868.6789,51,right_eyeUpperLid_joint,-0.041400447,0.7786749,0.113923974,0.46644405,0.5068049,0.5089866,0.5162477
1783532868.6789,51,right_eyeball_joint,-0.041400447,0.7786749,0.113923974,0.46644405,0.5068049,0.5089866,0.5162477
1783532868.6789,51,right_shoulder_1_joint,-0.09003418,0.56793046,-0.001772232,0.4751969,-0.05192688,-0.29414928,0.8276278
1783532868.6789,51,right_arm_joint,-0.20920074,0.64571214,0.026310062,0.4163218,0.12111586,-0.45095333,0.7801592
1783532868.6789,51,right_forearm_joint,-0.35920197,0.8060443,0.17644916,0.2106617,0.12143399,-0.73356223,0.6346352
1783532868.6789,51,right_hand_joint,-0.33087227,1.0418385,0.30057305,-0.21369109,0.53845024,-0.51276815,0.63362163
1783532868.6789,51,right_handIndexStart_joint,-0.31448328,1.0588886,0.31690156,-0.17781389,0.58077556,-0.5257463,0.59554416
1783532868.6789,51,right_handIndex_1_joint,-0.2962193,1.1257669,0.35744113,-0.17781389,0.58077556,-0.5257463,0.59554416
1783532868.6789,51,right_handIndex_2_joint,-0.28560087,1.1646495,0.38101122,-0.17781389,0.58077556,-0.5257463,0.59554416
1783532868.6789,51,right_handIndex_3_joint,-0.27965423,1.1864245,0.39420998,-0.17781389,0.58077556,-0.5257463,0.59554416
1783532868.6789,51,right_handIndexEnd_joint,-0.27540663,1.2019777,0.40363753,-0.17781389,0.58077556,-0.5257463,0.59554416
1783532868.6789,51,right_handMidStart_joint,-0.32567418,1.0641384,0.3136494,-0.2130896,0.53922504,-0.51274973,0.6331801
1783532868.6789,51,right_handMid_1_joint,-0.31751388,1.1309661,0.34894574,-0.2130896,0.53922504,-0.51274973,0.6331801
1783532868.6789,51,right_handMid_2_joint,-0.3117794,1.1779258,0.3737479,-0.2130896,0.53922504,-0.51274973,0.6331801
1783532868.6789,51,right_handMid_3_joint,-0.3084711,1.2050179,0.38805714,-0.2130896,0.53922504,-0.51274973,0.6331801
1783532868.6789,51,right_handMidEnd_joint,-0.3062655,1.2230792,0.3975962,-0.2130896,0.53922504,-0.51274973,0.6331801
1783532868.6789,51,right_handPinkyStart_joint,-0.35184684,1.0701958,0.3067716,-0.24895169,0.47906572,-0.46342605,0.7026772
1783532868.6789,51,right_handPinky_1_joint,-0.35892493,1.1266991,0.33487162,-0.24895169,0.47906572,-0.46342605,0.7026772
1783532868.6789,51,right_handPinky_2_joint,-0.36329645,1.161599,0.35222748,-0.24895169,0.47906572,-0.46342605,0.7026772
1783532868.6789,51,right_handPinky_3_joint,-0.36558667,1.1798793,0.36131904,-0.24895169,0.47906572,-0.46342605,0.7026772
1783532868.6789,51,right_handPinkyEnd_joint,-0.36766854,1.1964978,0.36958367,-0.24895169,0.47906572,-0.46342605,0.7026772
1783532868.6789,51,right_handRingStart_joint,-0.33781955,1.0673534,0.31077603,-0.23077679,0.5094531,-0.48929057,0.6691744
1783532868.6789,51,right_handRing_1_joint,-0.33796644,1.1295197,0.34262744,-0.23077679,0.5094531,-0.48929057,0.6691744
1783532868.6789,51,right_handRing_2_joint,-0.33807024,1.1734014,0.36511078,-0.23077679,0.5094531,-0.48929057,0.6691744
1783532868.6789,51,right_handRing_3_joint,-0.3381349,1.2008281,0.37916267,-0.23077679,0.5094531,-0.48929057,0.6691744
1783532868.6789,51,right_handRingEnd_joint,-0.33817843,1.2191124,0.38853157,-0.23077679,0.5094531,-0.48929057,0.6691744
1783532868.6789,51,right_handThumbStart_joint,-0.31733307,1.052623,0.3262229,-0.36109182,-0.24983467,0.83174527,-0.33969888
1783532868.6789,51,right_handThumb_1_joint,-0.29003456,1.0732797,0.36759165,-0.36109182,-0.24983466,0.83174527,-0.33969888
1783532868.6789,51,right_handThumb_2_joint,-0.27052018,1.0880433,0.39716044,-0.36109182,-0.24983464,0.83174527,-0.33969888
1783532868.6789,51,right_handThumbEnd_joint,-0.25751132,1.0978856,0.41687334,-0.36109182,-0.24983464,0.83174527,-0.33969888
1783532868.6789,51,camera,-0.119173236,0.0026112152,0.1315315,-0.076100826,-0.11070686,-0.71030766,0.6909527
1783532868.7115,52,root,-0.00020786816,0.017844727,0.0015057928,0.051626716,0.007469284,-0.0038641233,0.99863106
1783532868.7115,52,hips_joint,-0.00020786816,0.017844727,0.0015057928,0.051626716,0.007469284,-0.0038641233,0.99863106
1783532868.7115,52,left_upLeg_joint,0.10011978,-0.0077971076,-0.0016551552,-0.5871913,0.43114093,-0.4293997,0.5337973
1783532868.7115,52,left_leg_joint,0.2093814,-0.41405395,0.016871555,-0.41038075,0.5881645,-0.24242195,0.6533619
1783532868.7115,52,left_foot_joint,0.29653865,-0.7796803,-0.24360947,0.68576735,-0.20993316,0.59375674,-0.36483452
1783532868.7115,52,left_toes_joint,0.32735273,-0.8871586,-0.14507318,0.713127,-0.07615084,0.65214324,-0.24568321
1783532868.7115,52,left_toesEnd_joint,0.33571333,-0.9131849,-0.09092159,0.713127,-0.07615063,0.6521432,-0.24568342
1783532868.7115,52,right_upLeg_joint,-0.10093173,-0.0063956357,0.0014257896,0.47580254,0.4781187,0.41203344,0.6125707
1783532868.7115,52,right_leg_joint,-0.18652393,-0.4105522,0.08297887,0.6192358,0.27923113,0.5976336,0.42592403
1783532868.7115,52,right_foot_joint,-0.24584854,-0.8015097,-0.14672153,0.3152705,0.60168654,0.20780161,0.703844
1783532868.7115,52,right_toes_joint,-0.2741025,-0.90164536,-0.04002081,0.1955153,0.6505353,0.07063114,0.7304718
1783532868.7115,52,right_toesEnd_joint,-0.2828151,-0.9233353,0.015954651,0.1955158,0.6505353,0.07063069,0.7304717
1783532868.7115,52,spine_1_joint,-0.00020788793,0.017844727,0.0015057932,0.51677173,0.48788947,0.51385075,0.4804878
1783532868.7115,52,spine_2_joint,-0.00044715052,0.07528554,0.005087731,0.5047012,0.49806017,0.50515795,0.49196383
1783532868.7115,52,spine_3_joint,-0.0008210719,0.13282585,0.0062302933,0.49931437,0.4982376,0.5033005,0.4991327
1783532868.7115,52,spine_4_joint,-0.000985762,0.1858791,0.0065081418,0.50205654,0.48996377,0.507471,0.5003481
1783532868.7115,52,spine_5_joint,-0.000643946,0.2563322,0.0076417844,0.51669717,0.4685406,0.52310306,0.48975214
1783532868.7115,52,spine_6_joint,0.00062606204,0.3498056,0.015850926,0.49926463,0.48090842,0.51189196,0.50737447
1783532868.7115,52,spine_7_joint,0.0020354306,0.45683846,0.019055579,0.45664784,0.5188981,0.47245225,0.546815
1783532868.7115,52,left_shoulder_1_joint,0.09323554,0.5664556,0.0025560688,0.82549465,0.3554794,-0.016855443,-0.43807414
1783532868.7115,52,left_arm_joint,0.2015443,0.65372634,0.043695737,0.7138832,0.57026243,0.1589667,-0.37403372
1783532868.7115,52,left_forearm_joint,0.28109038,0.8386624,0.21753436,0.51019377,0.84113896,0.14262575,-0.108837456
1783532868.7115,52,left_hand_joint,0.15897262,1.0603386,0.305597,0.47295848,0.5859281,0.6201171,0.2201217
1783532868.7115,52,left_handIndexStart_joint,0.13351597,1.0720576,0.31594718,0.4322277,0.598612,0.64954954,0.181462
1783532868.7115,52,left_handIndex_1_joint,0.08850177,1.1325483,0.34359458,0.4322277,0.598612,0.64954954,0.181462
1783532868.7115,52,left_handIndex_2_joint,0.06233071,1.1677175,0.35966864,0.4322277,0.598612,0.64954954,0.181462
1783532868.7115,52,left_handIndex_3_joint,0.04767492,1.187412,0.3686701,0.4322277,0.598612,0.64954954,0.181462
1783532868.7115,52,left_handIndexEnd_joint,0.0372065,1.2014797,0.37509975,0.4322277,0.598612,0.64954954,0.181462
1783532868.7115,52,left_handMidStart_joint,0.14336617,1.0801305,0.31486177,0.47484976,0.58514506,0.6188598,0.22166575
1783532868.7115,52,left_handMid_1_joint,0.10910137,1.1432284,0.3398188,0.47484976,0.58514506,0.6188598,0.22166575
1783532868.7115,52,left_handMid_2_joint,0.0850234,1.1875674,0.3573562,0.47484976,0.58514506,0.6188598,0.22166575
1783532868.7115,52,left_handMid_3_joint,0.071132265,1.2131475,0.3674739,0.47484976,0.58514506,0.6188598,0.22166575
1783532868.7115,52,left_handMidEnd_joint,0.061871503,1.230201,0.37421906,0.47484976,0.58514506,0.6188598,0.22166575
1783532868.7115,52,left_handPinkyStart_joint,0.16786309,1.0930748,0.3137004,0.5561106,0.53968996,0.57531786,0.26169688
1783532868.7115,52,left_handPinky_1_joint,0.15233622,1.1503131,0.3363965,0.5561106,0.53968996,0.57531786,0.26169688
1783532868.7115,52,left_handPinky_2_joint,0.14274612,1.1856662,0.3504146,0.5561106,0.53968996,0.57531786,0.26169688
1783532868.7115,52,left_handPinky_3_joint,0.13772273,1.2041845,0.35775745,0.5561106,0.53968996,0.57531786,0.26169688
1783532868.7115,52,left_handPinkyEnd_joint,0.13315602,1.2210194,0.36443275,0.5561106,0.53968996,0.57531786,0.26169688
1783532868.7115,52,left_handRingStart_joint,0.15454611,1.0865363,0.31458655,0.5165062,0.5638136,0.5974674,0.24159567
1783532868.7115,52,left_handRing_1_joint,0.1301186,1.1473851,0.3386686,0.5165062,0.5638136,0.5974674,0.24159567
1783532868.7115,52,left_handRing_2_joint,0.11287565,1.1903373,0.35566774,0.5165062,0.5638136,0.5974674,0.24159567
1783532868.7115,52,left_handRing_3_joint,0.10209881,1.2171824,0.3662922,0.5165062,0.5638136,0.5974674,0.24159567
1783532868.7115,52,left_handRingEnd_joint,0.09491424,1.235079,0.3733752,0.5165062,0.5638136,0.5974674,0.24159567
1783532868.7115,52,left_handThumbStart_joint,0.13544156,1.0672193,0.32629776,0.1998659,0.91820604,0.20622137,-0.27280802
1783532868.7115,52,left_handThumb_1_joint,0.09402952,1.0808885,0.357626,0.1998659,0.91820604,0.20622137,-0.27280802
1783532868.7115,52,left_handThumb_2_joint,0.06442784,1.0906571,0.38001826,0.1998659,0.91820604,0.20622136,-0.27280802
1783532868.7115,52,left_handThumbEnd_joint,0.044693384,1.0971696,0.39494643,0.19986589,0.91820604,0.20622131,-0.27280802
1783532868.7115,52,neck_1_joint,0.004351629,0.5886835,-0.005796275,0.53420436,0.43810248,0.5572196,0.46065006
1783532868.7115,52,neck_2_joint,0.0042059766,0.6181267,-4.483938e-05,0.5424584,0.42714942,0.5695501,0.445977
1783532868.7115,52,neck_3_joint,0.0036584628,0.65698403,0.009431839,0.53699464,0.43280753,0.56972265,0.44691288
1783532868.7115,52,neck_4_joint,0.0027059615,0.6959466,0.018432697,0.52586484,0.4452807,0.56307364,0.4562235
1783532868.7115,52,head_joint,0.0012930786,0.7413661,0.027580036,0.4652627,0.50750417,0.5084993,0.5171063
1783532868.7115,52,jaw_joint,0.0018314183,0.7166621,0.03385899,0.4652627,0.50750417,0.5084993,0.5171063
1783532868.7115,52,chin_joint,-0.001920489,0.6717469,0.13617492,0.4652627,0.50750417,0.5084993,0.5171063
1783532868.7115,52,left_eye_joint,0.027818417,0.7793673,0.11394419,0.4696711,0.50342715,0.5129898,0.51265186
1783532868.7115,52,left_eyeLowerLid_joint,0.027818417,0.7793673,0.11394419,0.4696711,0.50342715,0.5129898,0.51265186
1783532868.7115,52,left_eyeUpperLid_joint,0.027818417,0.7793673,0.11394419,0.4696711,0.50342715,0.5129898,0.51265186
1783532868.7115,52,left_eyeball_joint,0.027818417,0.7793673,0.11394419,0.4696711,0.50342715,0.5129898,0.51265186
1783532868.7115,52,nose_joint,-0.004608534,0.7468571,0.1372843,0.46967375,0.50342476,0.5129925,0.5126492
1783532868.7115,52,right_eye_joint,-0.03668979,0.7771084,0.110587,0.4696711,0.50342715,0.5129898,0.51265186
1783532868.7115,52,right_eyeLowerLid_joint,-0.03668979,0.7771084,0.110587,0.4696711,0.50342715,0.5129898,0.51265186
1783532868.7115,52,right_eyeUpperLid_joint,-0.03668979,0.7771084,0.110587,0.4696711,0.50342715,0.5129898,0.51265186
1783532868.7115,52,right_eyeball_joint,-0.03668979,0.7771084,0.110587,0.4696711,0.50342715,0.5129898,0.51265186
1783532868.7115,52,right_shoulder_1_joint,-0.085312,0.56808084,-0.0053858636,0.43518662,-0.039774984,-0.31823868,0.84128165
1783532868.7115,52,right_arm_joint,-0.20052229,0.6507699,0.02508352,0.36167553,0.15268861,-0.5104198,0.76508087
1783532868.7115,52,right_forearm_joint,-0.31551215,0.82913405,0.18543336,0.14170423,0.14966834,-0.7773972,0.5942836
1783532868.7115,52,right_hand_joint,-0.24758321,1.0653694,0.29214245,-0.24447875,0.58737975,-0.53078437,0.55989575
1783532868.7115,52,right_handIndexStart_joint,-0.22735763,1.0814121,0.30477074,-0.2072565,0.62456167,-0.5458684,0.51864755
1783532868.7115,52,right_handIndex_1_joint,-0.19715309,1.1476773,0.3386285,-0.2072565,0.62456167,-0.5458684,0.51864755
1783532868.7115,52,right_handIndex_2_joint,-0.17959243,1.1862035,0.35831386,-0.2072565,0.62456167,-0.5458684,0.51864755
1783532868.7115,52,right_handIndex_3_joint,-0.16975817,1.2077787,0.36933702,-0.2072565,0.62456167,-0.5458684,0.51864755
1783532868.7115,52,right_handIndexEnd_joint,-0.16273369,1.2231894,0.37721065,-0.2072565,0.62456167,-0.5458684,0.51864755
1783532868.7115,52,right_handMidStart_joint,-0.2384615,1.0875298,0.3031424,-0.24383637,0.5880888,-0.5308122,0.5594049
1783532868.7115,52,right_handMid_1_joint,-0.2190609,1.1544746,0.33348003,-0.24383637,0.5880888,-0.5308122,0.5594049
1783532868.7115,52,right_handMid_2_joint,-0.20542794,1.2015165,0.3547977,-0.24383637,0.5880888,-0.5308122,0.5594049
1783532868.7115,52,right_handMid_3_joint,-0.1975628,1.2286562,0.36709666,-0.24383637,0.5880888,-0.5308122,0.5594049
1783532868.7115,52,right_handMidEnd_joint,-0.1923194,1.246749,0.37529552,-0.24383637,0.5880888,-0.5308122,0.5594049
1783532868.7115,52,right_handPinkyStart_joint,-0.264823,1.0956684,0.30034235,-0.2794332,0.53647244,-0.48054904,0.6349702
1783532868.7115,52,right_handPinky_1_joint,-0.2624443,1.1534594,0.32655066,-0.2794332,0.53647244,-0.48054904,0.6349702
1783532868.7115,52,right_handPinky_2_joint,-0.2609748,1.1891547,0.34273803,-0.2794332,0.53647244,-0.48054904,0.6349702
1783532868.7115,52,right_handPinky_3_joint,-0.2602054,1.2078516,0.3512176,-0.2794332,0.53647244,-0.48054904,0.6349702
1783532868.7115,52,right_handPinkyEnd_joint,-0.2595059,1.224849,0.35892585,-0.2794332,0.53647244,-0.48054904,0.6349702
1783532868.7115,52,right_handRingStart_joint,-0.25060827,1.091719,0.30213785,-0.2615029,0.56265545,-0.5069577,0.5983552
1783532868.7115,52,right_handRing_1_joint,-0.24032786,1.1546519,0.33065048,-0.2615029,0.56265545,-0.5069577,0.5983552
1783532868.7115,52,right_handRing_2_joint,-0.23307127,1.1990745,0.35077706,-0.2615029,0.56265545,-0.5069577,0.5983552
1783532868.7115,52,right_handRing_3_joint,-0.22853565,1.2268393,0.3633559,-0.2615029,0.56265545,-0.5069577,0.5983552
1783532868.7115,52,right_handRingEnd_joint,-0.22551216,1.245349,0.3717428,-0.2615029,0.56265545,-0.5069577,0.5983552
1783532868.7115,52,right_handThumbStart_joint,-0.22912538,1.0757312,0.3147139,-0.29473135,-0.24467736,0.8774051,-0.28883693
1783532868.7115,52,right_handThumb_1_joint,-0.1937196,1.095205,0.35007605,-0.29473135,-0.24467736,0.8774051,-0.28883693
1783532868.7115,52,right_handThumb_2_joint,-0.16841057,1.109123,0.37535116,-0.29473135,-0.24467735,0.8774051,-0.28883693
1783532868.7115,52,right_handThumbEnd_joint,-0.15153852,1.1184015,0.39220175,-0.29473135,-0.24467732,0.8774051,-0.28883693
1783532868.7115,52,camera,-0.11940986,0.0022343162,0.13071881,-0.076517135,-0.11096562,-0.7103739,0.6907971
1783532868.7443,53,root,4.1818694e-05,0.019004636,0.0032110785,0.05624053,0.006048211,-0.00073574035,0.99839866
1783532868.7443,53,hips_joint,4.1818694e-05,0.019004636,0.0032110785,0.05624053,0.006048211,-0.00073574035,0.99839866
1783532868.7443,53,left_upLeg_joint,0.10053216,-0.006002729,0.00013590514,-0.6018985,0.417697,-0.41643962,0.5383547
1783532868.7443,53,left_leg_joint,0.22863723,-0.40655676,0.021852262,-0.42940134,0.5845253,-0.23426558,0.6473519
1783532868.7443,53,left_foot_joint,0.3232538,-0.7748242,-0.23222709,0.6984962,-0.19533867,0.5836298,-0.36513343
1783532868.7443,53,left_toes_joint,0.35938483,-0.87901115,-0.13197683,0.72285897,-0.059408247,0.6422564,-0.24789605
1783532868.7443,53,left_toesEnd_joint,0.36957338,-0.9035368,-0.077439226,0.722859,-0.05940804,0.6422563,-0.24789622
1783532868.7443,53,right_upLeg_joint,-0.10053289,-0.0058394405,0.0025820243,0.48344472,0.47025,0.41224936,0.612533
1783532868.7443,53,right_leg_joint,-0.19225992,-0.40996775,0.07732086,0.62021154,0.28025237,0.58578575,0.44005856
1783532868.7443,53,right_foot_joint,-0.2638857,-0.8047112,-0.14217132,0.31540886,0.60309225,0.18975835,0.70766443
1783532868.7443,53,right_toes_joint,-0.29377297,-0.90143454,-0.032801237,0.19538467,0.65194166,0.052190818,0.73080313
1783532868.7443,53,right_toesEnd_joint,-0.30253813,-0.9215154,0.023763299,0.19538517,0.6519418,0.05219038,0.730803
1783532868.7443,53,spine_1_joint,4.1798914e-05,0.019004636,0.003211079,0.51948595,0.48317546,0.51987094,0.47582576
1783532868.7443,53,spine_2_joint,-0.000386892,0.07636998,0.007833532,0.5085999,0.49217126,0.5110954,0.4877246
1783532868.7443,53,spine_3_joint,-0.00078413065,0.1338759,0.010124025,0.50262225,0.49283886,0.50762343,0.49678925
1783532868.7443,53,spine_4_joint,-0.0008447939,0.18691881,0.0112175625,0.5031995,0.48650324,0.5090051,0.5010179
1783532868.7443,53,spine_5_joint,-0.00024551927,0.2573629,0.012739859,0.5142421,0.4685136,0.5212102,0.49435842
1783532868.7443,53,spine_6_joint,0.0013973182,0.35089937,0.020123051,0.49252698,0.48477277,0.5066004,0.5155278
1783532868.7443,53,spine_7_joint,0.003157677,0.4579731,0.020764403,0.44539073,0.52553487,0.4643748,0.5565937
1783532868.7443,53,left_shoulder_1_joint,0.09450565,0.56690747,0.00090311526,0.8399013,0.37040278,-0.012061476,-0.39651257
1783532868.7443,53,left_arm_joint,0.19971208,0.6585454,0.04057101,0.70506716,0.60731006,0.1691483,-0.3247211
1783532868.7443,53,left_forearm_joint,0.254273,0.857114,0.20892303,0.4888027,0.85498327,0.15582506,-0.07611917
1783532868.7443,53,left_hand_joint,0.11745914,1.0747364,0.28462374,0.4361844,0.5890412,0.6389903,0.23337816
1783532868.7443,53,left_handIndexStart_joint,0.0908537,1.085565,0.29283315,0.39431193,0.6025956,0.6660149,0.19447625
1783532868.7443,53,left_handIndex_1_joint,0.041591633,1.1445345,0.31619182,0.39431193,0.6025956,0.6660149,0.19447625
1783532868.7443,53,left_handIndex_2_joint,0.012950902,1.1788192,0.32977244,0.39431193,0.6025956,0.6660149,0.19447625
1783532868.7443,53,left_handIndex_3_joint,-0.0030879092,1.1980186,0.33737758,0.39431193,0.6025956,0.6660149,0.19447625
1783532868.7443,53,left_handIndexEnd_joint,-0.014544202,1.2117324,0.34280983,0.39431193,0.6025956,0.6660149,0.19447625
1783532868.7443,53,left_handMidStart_joint,0.100449115,1.0939988,0.2924167,0.43812945,0.5882282,0.6378409,0.23492412
1783532868.7443,53,left_handMid_1_joint,0.062007852,1.1559608,0.31389362,0.43812945,0.5882282,0.6378409,0.23492412
1783532868.7443,53,left_handMid_2_joint,0.034995075,1.1995015,0.3289855,0.43812945,0.5882282,0.6378409,0.23492412
1783532868.7443,53,left_handMid_3_joint,0.019410782,1.2246213,0.33769238,0.43812945,0.5882282,0.6378409,0.23492412
1783532868.7443,53,left_handMidEnd_joint,0.009021251,1.2413677,0.34349692,0.43812945,0.5882282,0.6378409,0.23492412
1783532868.7443,53,left_handPinkyStart_joint,0.12445997,1.1078604,0.2929993,0.52165526,0.5425747,0.5984909,0.2744039
1783532868.7443,53,left_handPinky_1_joint,0.10508205,1.1646643,0.31374156,0.52165526,0.5425747,0.5984909,0.2744039
1783532868.7443,53,left_handPinky_2_joint,0.09311334,1.199749,0.32655296,0.52165526,0.5425747,0.5984909,0.2744039
1783532868.7443,53,left_handPinky_3_joint,0.08684402,1.2181268,0.3332637,0.52165526,0.5425747,0.5984909,0.2744039
1783532868.7443,53,left_handPinkyEnd_joint,0.08114464,1.2348338,0.33936435,0.52165526,0.5425747,0.5984909,0.2744039
1783532868.7443,53,left_handRingStart_joint,0.11136874,1.1008252,0.29293063,0.48087662,0.56682104,0.618575,0.2546308
1783532868.7443,53,left_handRing_1_joint,0.08288036,1.1609086,0.31432313,0.48087662,0.56682104,0.618575,0.2546308
1783532868.7443,53,left_handRing_2_joint,0.06277091,1.2033204,0.32942367,0.48087662,0.56682104,0.618575,0.2546308
1783532868.7443,53,left_handRing_3_joint,0.050202508,1.2298276,0.33886153,0.48087662,0.56682104,0.618575,0.2546308
1783532868.7443,53,left_handRingEnd_joint,0.041823566,1.2474992,0.34515342,0.48087662,0.56682104,0.618575,0.2546308
1783532868.7443,53,left_handThumbStart_joint,0.09214862,1.0808971,0.30335867,0.17569841,0.93279284,0.20380452,-0.23977375
1783532868.7443,53,left_handThumb_1_joint,0.047943227,1.0932524,0.33122432,0.17569841,0.93279284,0.20380452,-0.23977375
1783532868.7443,53,left_handThumb_2_joint,0.016345033,1.1020818,0.35114154,0.17569841,0.93279284,0.20380452,-0.23977375
1783532868.7443,53,left_handThumbEnd_joint,-0.004720428,1.1079681,0.3644197,0.17569841,0.93279284,0.20380448,-0.23977375
1783532868.7443,53,neck_1_joint,0.005684494,0.5888407,-0.008788471,0.528298,0.44188282,0.55443394,0.46716622
1783532868.7443,53,neck_2_joint,0.0055250446,0.61838824,-0.0036000477,0.5399678,0.4270956,0.5698064,0.448715
1783532868.7443,53,neck_3_joint,0.004957847,0.65729207,0.00568259,0.53686756,0.4299124,0.5720128,0.44693437
1783532868.7443,53,neck_4_joint,0.0039959853,0.6962087,0.014878782,0.5271659,0.44079095,0.5665035,0.4548334
1783532868.7443,53,head_joint,0.0025899548,0.7415289,0.024507245,0.46706578,0.50319076,0.51207733,0.5161645
1783532868.7443,53,jaw_joint,0.0030682224,0.71675825,0.030522568,0.46706578,0.50319076,0.51207733,0.5161645
1783532868.7443,53,chin_joint,-0.0012479835,0.67074966,0.13232915,0.46706578,0.50319076,0.51207733,0.5161645
1783532868.7443,53,left_eye_joint,0.028726544,0.7785668,0.11140678,0.47143647,0.49909812,0.5165594,0.51167893
1783532868.7443,53,left_eyeLowerLid_joint,0.028726544,0.7785668,0.11140678,0.47143647,0.49909812,0.5165594,0.51167893
1783532868.7443,53,left_eyeUpperLid_joint,0.028726544,0.7785668,0.11140678,0.47143647,0.49909812,0.5165594,0.51167893
1783532868.7443,53,left_eyeball_joint,0.028726544,0.7785668,0.11140678,0.47143647,0.49909812,0.5165594,0.51167893
1783532868.7443,53,nose_joint,-0.003854507,0.7458467,0.1342334,0.47143903,0.49909556,0.5165621,0.5116762
1783532868.7443,53,right_eye_joint,-0.035766616,0.77642226,0.10770335,0.47143647,0.49909812,0.5165594,0.51167893
1783532868.7443,53,right_eyeLowerLid_joint,-0.035766616,0.77642226,0.10770335,0.47143647,0.49909812,0.5165594,0.51167893
1783532868.7443,53,right_eyeUpperLid_joint,-0.035766616,0.77642226,0.10770335,0.47143647,0.49909812,0.5165594,0.51167893
1783532868.7443,53,right_eyeball_joint,-0.035766616,0.77642226,0.10770335,0.47143647,0.49909812,0.5165594,0.51167893
1783532868.7443,53,right_shoulder_1_joint,-0.083989024,0.56828576,-0.008190785,0.39499557,-0.039180007,-0.33182707,0.85576546
1783532868.7443,53,right_arm_joint,-0.19665039,0.6551534,0.020105787,0.3120394,0.15893,-0.5554034,0.75425464
1783532868.7443,53,right_forearm_joint,-0.2851005,0.8516229,0.17607003,0.093926616,0.15691625,-0.81346565,0.55211365
1783532868.7443,53,right_hand_joint,-0.1852285,1.0844288,0.2634508,-0.25725728,0.6148744,-0.555228,0.4974642
1783532868.7443,53,right_handIndexStart_joint,-0.16240859,1.0989803,0.27311653,-0.21830648,0.64772654,-0.5711648,0.45449293
1783532868.7443,53,right_handIndex_1_joint,-0.122931495,1.163388,0.30037367,-0.21830648,0.64772654,-0.5711648,0.45449293
1783532868.7443,53,right_handIndex_2_joint,-0.09997976,1.2008343,0.3162215,-0.21830648,0.64772654,-0.5711648,0.45449293
1783532868.7443,53,right_handIndex_3_joint,-0.0871265,1.2218047,0.32509562,-0.21830648,0.64772654,-0.5711648,0.45449293
1783532868.7443,53,right_handIndexEnd_joint,-0.07794564,1.2367834,0.3314342,-0.21830648,0.64772654,-0.5711648,0.45449293
1783532868.7443,53,right_handMidStart_joint,-0.17303091,1.1060476,0.27234676,-0.2565745,0.61552554,-0.5552827,0.49695012
1783532868.7443,53,right_handMid_1_joint,-0.14456916,1.1720103,0.29719085,-0.2565745,0.61552554,-0.5552827,0.49695012
1783532868.7443,53,right_handMid_2_joint,-0.12456904,1.218362,0.3146482,-0.2565745,0.61552554,-0.5552827,0.49695012
1783532868.7443,53,right_handMid_3_joint,-0.11303048,1.2451035,0.32472008,-0.2565745,0.61552554,-0.5552827,0.49695012
1783532868.7443,53,right_handMidEnd_joint,-0.105338186,1.2629309,0.3314342,-0.2565745,0.61552554,-0.5552827,0.49695012
1783532868.7443,53,right_handPinkyStart_joint,-0.19870602,1.1165161,0.27189162,-0.29347005,0.5707981,-0.50560766,0.57656425
1783532868.7443,53,right_handPinky_1_joint,-0.18836187,1.1748132,0.2948434,-0.29347005,0.5707981,-0.50560766,0.57656425
1783532868.7443,53,right_handPinky_2_joint,-0.18197247,1.2108212,0.30901933,-0.29347005,0.5707981,-0.50560766,0.57656425
1783532868.7443,53,right_handPinky_3_joint,-0.178626,1.2296818,0.31644535,-0.29347005,0.5707981,-0.50560766,0.57656425
1783532868.7443,53,right_handPinkyEnd_joint,-0.17558372,1.246828,0.32319584,-0.29347005,0.5707981,-0.50560766,0.57656425
1783532868.7443,53,right_handRingStart_joint,-0.1847914,1.1113193,0.27239925,-0.27496698,0.5935631,-0.53178805,0.5378459
1783532868.7443,53,right_handRing_1_joint,-0.16591538,1.174078,0.2965705,-0.27496698,0.5935631,-0.53178805,0.5378459
1783532868.7443,53,right_handRing_2_joint,-0.15259133,1.2183777,0.31363267,-0.27496698,0.5935631,-0.53178805,0.5378459
1783532868.7443,53,right_handRing_3_joint,-0.14426354,1.2460656,0.3242962,-0.27496698,0.5935631,-0.53178805,0.5378459
1783532868.7443,53,right_handRingEnd_joint,-0.13871183,1.2645242,0.3314063,-0.27496698,0.5935631,-0.53178805,0.5378459
1783532868.7443,53,right_handThumbStart_joint,-0.16359842,1.093887,0.28345612,-0.25240132,-0.22625484,0.90933824,-0.24126065
1783532868.7443,53,right_handThumb_1_joint,-0.12299658,1.111317,0.31396788,-0.25240132,-0.2262548,0.90933824,-0.24126065
1783532868.7443,53,right_handThumb_2_joint,-0.09397379,1.123774,0.33577597,-0.25240132,-0.2262548,0.90933824,-0.24126065
1783532868.7443,53,right_handThumbEnd_joint,-0.07462586,1.1320786,0.35031524,-0.25240132,-0.22625478,0.90933824,-0.24126065
1783532868.7443,53,camera,-0.11963187,0.0022235748,0.1302331,-0.076859385,-0.11107915,-0.71039087,0.6907234
1783532868.7810,54,root,-0.00023085171,0.020501059,0.004856426,0.061051942,0.004885754,0.00031880353,0.99812263
1783532868.7810,54,hips_joint,-0.00023085171,0.020501059,0.004856426,0.061051942,0.004885754,0.00031880353,0.99812263
1783532868.7810,54,left_upLeg_joint,0.1003147,-0.004284029,0.0017866357,-0.61199266,0.4070887,-0.40635163,0.54279125
1783532868.7810,54,left_leg_joint,0.24277923,-0.3998657,0.025132472,-0.43997648,0.5824947,-0.2231114,0.6460203
1783532868.7810,54,left_foot_joint,0.34422934,-0.76609355,-0.22925776,0.70556885,-0.18721855,0.5740278,-0.37096378
1783532868.7810,54,left_toes_joint,0.38459948,-0.8689372,-0.1292381,0.7282644,-0.050094843,0.6339336,-0.25544062
1783532868.7810,54,left_toesEnd_joint,0.39620036,-0.8930089,-0.07478043,0.7282644,-0.050094638,0.63393354,-0.25544083
1783532868.7810,54,right_upLeg_joint,-0.100755654,-0.004527292,0.0037410446,0.49011916,0.4611459,0.4137344,0.61314905
1783532868.7810,54,right_leg_joint,-0.19859104,-0.40852177,0.07109244,0.6235685,0.26865163,0.58759636,0.4401355
1783532868.7810,54,right_foot_joint,-0.2740976,-0.79827964,-0.15588109,0.3252054,0.5960302,0.19113624,0.7088416
1783532868.7810,54,right_toes_joint,-0.30635253,-0.8964372,-0.04847913,0.20634216,0.6468644,0.05332063,0.7322202
1783532868.7810,54,right_toesEnd_joint,-0.31590325,-0.917367,0.007648792,0.20634265,0.6468644,0.053320177,0.73222005
1783532868.7810,54,spine_1_joint,-0.00023087149,0.020501059,0.004856426,0.52181166,0.47921777,0.52570146,0.4708513
1783532868.7810,54,spine_2_joint,-0.00092284806,0.077776365,0.010459414,0.5111247,0.48808664,0.51762533,0.48227286
1783532868.7810,54,spine_3_joint,-0.0016324198,0.13522676,0.013818214,0.50416535,0.48976955,0.5132095,0.49250284
1783532868.7810,54,spine_4_joint,-0.001978141,0.18824722,0.015678251,0.502581,0.4855703,0.512253,0.49923015
1783532868.7810,54,spine_5_joint,-0.00171785,0.25868428,0.01757447,0.5106702,0.47062793,0.5209848,0.4962866
1783532868.7810,54,spine_6_joint,-0.00040522218,0.3522812,0.024220433,0.48600936,0.48947832,0.5024719,0.52127534
1783532868.7810,54,spine_7_joint,0.0012631357,0.4593461,0.022602517,0.43624848,0.5314941,0.45611593,0.5649423
1783532868.7810,54,left_shoulder_1_joint,0.09290162,0.5674122,-0.00041295288,0.8548095,0.37590304,-0.011543511,-0.3575814
1783532868.7810,54,left_arm_joint,0.19692077,0.6618261,0.035718493,0.7070804,0.6275293,0.16755371,-0.2795893
1783532868.7810,54,left_forearm_joint,0.23848526,0.8729488,0.1920783,0.48211962,0.86102366,0.15328202,-0.051997393
1783532868.7810,54,left_hand_joint,0.09653755,1.0911549,0.25567904,0.41633016,0.59539557,0.64059454,0.24862064
1783532868.7810,54,left_handIndexStart_joint,0.06950882,1.1019257,0.262457,0.3743984,0.6099334,0.6663421,0.20927407
1783532868.7810,54,left_handIndex_1_joint,0.018747654,1.1610031,0.28202617,0.3743984,0.6099334,0.6663421,0.20927407
1783532868.7810,54,left_handIndex_2_joint,-0.010764646,1.1953504,0.29340357,0.3743984,0.6099334,0.6663421,0.20927407
1783532868.7810,54,left_handIndex_3_joint,-0.027291538,1.2145851,0.29977491,0.3743984,0.6099334,0.6663421,0.20927407
1783532868.7810,54,left_handIndexEnd_joint,-0.03909646,1.2283239,0.3043259,0.3743984,0.6099334,0.6663421,0.20927407
1783532868.7810,54,left_handMidStart_joint,0.079031855,1.1104474,0.2621957,0.41828048,0.59454405,0.63950574,0.25018296
1783532868.7810,54,left_handMid_1_joint,0.039131615,1.1725788,0.2802489,0.41828048,0.59454405,0.63950574,0.25018296
1783532868.7810,54,left_handMid_2_joint,0.011093612,1.2162389,0.29293495,0.41828048,0.59454405,0.63950574,0.25018296
1783532868.7810,54,left_handMid_3_joint,-0.005082159,1.2414273,0.30025384,0.41828048,0.59454405,0.63950574,0.25018296
1783532868.7810,54,left_handMidEnd_joint,-0.015866006,1.2582196,0.30513307,0.41828048,0.59454405,0.63950574,0.25018296
1783532868.7810,54,left_handPinkyStart_joint,0.10286307,1.1245785,0.26337454,0.5022645,0.54794073,0.6027718,0.2900995
1783532868.7810,54,left_handPinky_1_joint,0.08208885,1.1817392,0.28163671,0.5022645,0.54794073,0.6027718,0.2900995
1783532868.7810,54,left_handPinky_2_joint,0.069257714,1.2170444,0.2929163,0.5022645,0.54794073,0.6027718,0.2900995
1783532868.7810,54,left_handPinky_3_joint,0.06253665,1.2355375,0.29882464,0.5022645,0.54794073,0.6027718,0.2900995
1783532868.7810,54,left_handPinkyEnd_joint,0.056426585,1.2523495,0.30419588,0.5022645,0.54794073,0.6027718,0.2900995
1783532868.7810,54,left_handRingStart_joint,0.08985435,1.1174033,0.26296532,0.4612412,0.5726731,0.62154764,0.27014974
1783532868.7810,54,left_handRing_1_joint,0.05991935,1.1777622,0.28140277,0.4612412,0.5726731,0.62154764,0.27014974
1783532868.7810,54,left_handRing_2_joint,0.038788762,1.2203684,0.2944174,0.4612412,0.5726731,0.62154764,0.27014974
1783532868.7810,54,left_handRing_3_joint,0.025582146,1.2469972,0.30255157,0.4612412,0.5726731,0.62154764,0.27014974
1783532868.7810,54,left_handRingEnd_joint,0.016777735,1.2647499,0.30797434,0.4612412,0.5726731,0.62154764,0.27014974
1783532868.7810,54,left_handThumbStart_joint,0.07040636,1.0975747,0.27315822,0.17007749,0.94131815,0.19275214,-0.21872504
1783532868.7810,54,left_handThumb_1_joint,0.024955768,1.110243,0.29879066,0.17007749,0.94131815,0.19275214,-0.21872504
1783532868.7810,54,left_handThumb_2_joint,-0.007532444,1.1192961,0.31711164,0.17007749,0.94131815,0.19275211,-0.21872504
1783532868.7810,54,left_handThumbEnd_joint,-0.029191248,1.1253315,0.32932562,0.17007749,0.94131815,0.19275208,-0.21872504
1783532868.7810,54,neck_1_joint,0.004158224,0.5892015,-0.011091294,0.5233274,0.44592175,0.5505787,0.4734398
1783532868.7810,54,neck_2_joint,0.0040392363,0.61884326,-0.006470346,0.53759015,0.42830417,0.5684502,0.45212474
1783532868.7810,54,neck_3_joint,0.003512827,0.6578242,0.0024853623,0.53626555,0.42897448,0.57229304,0.44819736
1783532868.7810,54,neck_4_joint,0.0025897562,0.6967478,0.011656222,0.5276225,0.43862545,0.56767374,0.45493802
1783532868.7810,54,head_joint,0.001235572,0.7420336,0.021452554,0.46776867,0.5010951,0.513229,0.5164223
1783532868.7810,54,jaw_joint,0.0016541302,0.7172395,0.027375191,0.46776867,0.5010951,0.513229,0.5164223
1783532868.7810,54,chin_joint,-0.003025068,0.67085326,0.12899415,0.46776867,0.5010951,0.513229,0.5164223
1783532868.7810,54,left_eye_joint,0.027194528,0.7786964,0.10856411,0.472121,0.4969965,0.5177133,0.51192665
1783532868.7810,54,left_eyeLowerLid_joint,0.027194528,0.7786964,0.10856411,0.472121,0.4969965,0.5177133,0.51192665
1783532868.7810,54,left_eyeUpperLid_joint,0.027194528,0.7786964,0.10856411,0.472121,0.4969965,0.5177133,0.51192665
1783532868.7810,54,left_eyeball_joint,0.027194528,0.7786964,0.10856411,0.472121,0.4969965,0.5177133,0.51192665
1783532868.7810,54,nose_joint,-0.005506595,0.745947,0.13117595,0.47212365,0.49699405,0.517716,0.5119239
1783532868.7810,54,right_eye_joint,-0.03729168,0.77667844,0.1046736,0.472121,0.4969965,0.5177133,0.51192665
1783532868.7810,54,right_eyeLowerLid_joint,-0.03729168,0.77667844,0.1046736,0.472121,0.4969965,0.5177133,0.51192665
1783532868.7810,54,right_eyeUpperLid_joint,-0.03729168,0.77667844,0.1046736,0.472121,0.4969965,0.5177133,0.51192665
1783532868.7810,54,right_eyeball_joint,-0.03729168,0.77667844,0.1046736,0.472121,0.4969965,0.5177133,0.51192665
1783532868.7810,54,right_shoulder_1_joint,-0.08555935,0.5688533,-0.010136383,0.3589041,-0.043402813,-0.34058678,0.86793137
1783532868.7810,54,right_arm_joint,-0.19641082,0.6591271,0.014396452,0.27173692,0.15158817,-0.581149,0.7519616
1783532868.7810,54,right_forearm_joint,-0.27050754,0.86968666,0.1590439,0.07149237,0.15262675,-0.8289251,0.53336436
1783532868.7810,54,right_hand_joint,-0.15773937,1.1007886,0.2344334,-0.26389036,0.6207525,-0.57015586,0.46898896
1783532868.7810,54,right_handIndexStart_joint,-0.13396794,1.114673,0.24268335,-0.2238946,0.6516464,-0.5865289,0.42569044
1783532868.7810,54,right_handIndex_1_joint,-0.09081579,1.1782112,0.26614678,-0.2238946,0.6516464,-0.5865289,0.42569044
1783532868.7810,54,right_handIndex_2_joint,-0.065727375,1.2151519,0.27978897,-0.2238946,0.6516464,-0.5865289,0.42569044
1783532868.7810,54,right_handIndex_3_joint,-0.05167759,1.2358394,0.28742787,-0.2238946,0.6516464,-0.5865289,0.42569044
1783532868.7810,54,right_handIndexEnd_joint,-0.041642085,1.2506158,0.29288417,-0.2238946,0.6516464,-0.5865289,0.42569044
1783532868.7810,54,right_handMidStart_joint,-0.1443169,1.1221516,0.2420983,-0.26318717,0.6213779,-0.5702245,0.46847218
1783532868.7810,54,right_handMid_1_joint,-0.11219788,1.1876274,0.26353815,-0.26318717,0.6213779,-0.5702245,0.46847218
1783532868.7810,54,right_handMid_2_joint,-0.08962784,1.2336369,0.27860335,-0.26318717,0.6213779,-0.5702245,0.46847218
1783532868.7810,54,right_handMid_3_joint,-0.07660661,1.260181,0.28729513,-0.26318717,0.6213779,-0.5702245,0.46847218
1783532868.7810,54,right_handMidEnd_joint,-0.06792589,1.2778767,0.2930892,-0.26318717,0.6213779,-0.5702245,0.46847218
1783532868.7810,54,right_handPinkyStart_joint,-0.1695422,1.1336688,0.2423119,-0.30129635,0.5798735,-0.5207349,0.5493655
1783532868.7810,54,right_handPinky_1_joint,-0.15589999,1.1921895,0.2628438,-0.30129635,0.5798735,-0.5207349,0.5493655
1783532868.7810,54,right_handPinky_2_joint,-0.14747353,1.2283355,0.275525,-0.30129635,0.5798735,-0.5207349,0.5493655
1783532868.7810,54,right_handPinky_3_joint,-0.14306001,1.2472684,0.28216815,-0.30129635,0.5798735,-0.5207349,0.5493655
1783532868.7810,54,right_handPinkyEnd_joint,-0.13904773,1.2644804,0.2882069,-0.30129635,0.5798735,-0.5207349,0.5493655
1783532868.7810,54,right_handRingStart_joint,-0.15584125,1.1279114,0.24244058,-0.28222343,0.6010254,-0.5468521,0.50997204
1783532868.7810,54,right_handRing_1_joint,-0.13344988,1.1905684,0.2636991,-0.28222343,0.6010254,-0.5468521,0.50997204
1783532868.7810,54,right_handRing_2_joint,-0.11764442,1.2347964,0.27870524,-0.28222343,0.6010254,-0.5468521,0.50997204
1783532868.7810,54,right_handRing_3_joint,-0.10776573,1.2624395,0.28808373,-0.28222343,0.6010254,-0.5468521,0.50997204
1783532868.7810,54,right_handRingEnd_joint,-0.10118004,1.2808682,0.2943371,-0.28222343,0.6010254,-0.5468521,0.50997204
1783532868.7810,54,right_handThumbStart_joint,-0.13493668,1.10997,0.25322887,-0.23450992,-0.21076272,0.9226792,-0.2219179
1783532868.7810,54,right_handThumb_1_joint,-0.092437044,1.126654,0.2814902,-0.23450993,-0.21076271,0.9226792,-0.2219179
1783532868.7810,54,right_handThumb_2_joint,-0.062057864,1.1385777,0.30168974,-0.23450993,-0.2107627,0.9226792,-0.2219179
1783532868.7810,54,right_handThumbEnd_joint,-0.041805644,1.1465268,0.31515667,-0.23450993,-0.21076266,0.9226792,-0.2219179
1783532868.7810,54,camera,-0.11982684,0.0023198186,0.12986255,-0.07718211,-0.11100745,-0.7105258,0.6905601
1783532868.8129,55,root,-0.00025180276,0.022134954,0.005840299,0.06562249,0.0056123193,0.0006116184,0.99782854
1783532868.8129,55,hips_joint,-0.00025180276,0.022134954,0.005840299,0.06562249,0.0056123193,0.0006116184,0.99782854
1783532868.8129,55,left_upLeg_joint,0.100304686,-0.002557087,0.002401018,-0.6204647,0.39800483,-0.39262718,0.5499633
1783532868.8129,55,left_leg_joint,0.25816363,-0.39239419,0.023222975,-0.44831726,0.5801326,-0.20535232,0.6482962
1783532868.8129,55,left_foot_joint,0.36908475,-0.7520317,-0.23655906,0.71067834,-0.18021552,0.5614511,-0.383707
1783532868.8129,55,left_toes_joint,0.41447833,-0.85441893,-0.13823946,0.731954,-0.04225034,0.62400013,-0.27033666
1783532868.8129,55,left_toesEnd_joint,0.42768306,-0.87863624,-0.084213376,0.731954,-0.042250138,0.6240001,-0.27033687
1783532868.8129,55,right_upLeg_joint,-0.10076248,-0.002945981,0.004638139,0.4980887,0.45141283,0.41140968,0.61552924
1783532868.8129,55,right_leg_joint,-0.20769359,-0.40557706,0.066066585,0.62997955,0.24994954,0.59154683,0.43671906
1783532868.8129,55,right_foot_joint,-0.28781062,-0.78587615,-0.17493823,0.34178567,0.5852614,0.19635291,0.70858836
1783532868.8129,55,right_toes_joint,-0.32325476,-0.88696957,-0.07133173,0.22466297,0.6394333,0.05849072,0.73296016
1783532868.8129,55,right_toesEnd_joint,-0.333895,-0.9095991,-0.016065955,0.22466348,0.6394334,0.058490288,0.73296
1783532868.8129,55,spine_1_joint,-0.00025182255,0.022134954,0.005840299,0.5237659,0.47764632,0.52982855,0.46562326
1783532868.8129,55,spine_2_joint,-0.001272149,0.07932816,0.012182963,0.51238644,0.48731247,0.5226713,0.47623715
1783532868.8129,55,spine_3_joint,-0.0024990225,0.13672075,0.016296089,0.5041999,0.49031875,0.51774037,0.48715022
1783532868.8129,55,spine_4_joint,-0.003397503,0.1897151,0.018650187,0.5007842,0.48803753,0.5151566,0.49562943
1783532868.8129,55,spine_5_joint,-0.003896489,0.2601467,0.020695703,0.5069531,0.47523767,0.5212016,0.49547648
1783532868.8129,55,spine_6_joint,-0.0034435987,0.35379887,0.026641995,0.48125967,0.49478957,0.49993464,0.5231043
1783532868.8129,55,spine_7_joint,-0.0023492193,0.4608362,0.023464335,0.43168974,0.5358121,0.45055136,0.5688174
1783532868.8129,55,left_shoulder_1_joint,0.08938453,0.5683489,-0.001666565,0.8654807,0.37564805,-0.012859704,-0.3311595
1783532868.8129,55,left_arm_joint,0.19344997,0.6639004,0.031192895,0.71600467,0.62987226,0.16479059,-0.25187835
1783532868.8129,55,left_forearm_joint,0.23393585,0.8817349,0.17835891,0.49375924,0.8549682,0.15177904,-0.046847742
1783532868.8129,55,left_hand_joint,0.09780285,1.1041706,0.23998973,0.42252687,0.5914641,0.6357499,0.25973824
1783532868.8129,55,left_handIndexStart_joint,0.07105732,1.1157218,0.24660401,0.3808922,0.60672534,0.6619143,0.22062573
1783532868.8129,55,left_handIndex_1_joint,0.021867722,1.1762973,0.2655989,0.3808922,0.60672534,0.6619143,0.22062573
1783532868.8129,55,left_handIndex_2_joint,-0.006730876,1.2115155,0.2766424,0.3808922,0.60672534,0.6619143,0.22062573
1783532868.8129,55,left_handIndex_3_joint,-0.022746094,1.2312378,0.28282678,0.3808922,0.60672534,0.6619143,0.22062573
1783532868.8129,55,left_handIndexEnd_joint,-0.034185532,1.2453251,0.28724417,0.3808922,0.60672534,0.6619143,0.22062573
1783532868.8129,55,left_handMidStart_joint,0.08081034,1.1239785,0.24631578,0.42446178,0.5905799,0.63464594,0.26129097
1783532868.8129,55,left_handMid_1_joint,0.04256571,1.1872997,0.2638098,0.42446178,0.5905799,0.63464594,0.26129097
1783532868.8129,55,left_handMid_2_joint,0.015691113,1.2317958,0.27610293,0.42446178,0.5905799,0.63464594,0.26129097
1783532868.8129,55,left_handMid_3_joint,0.00018653869,1.2574666,0.28319508,0.42446178,0.5905799,0.63464594,0.26129097
1783532868.8129,55,left_handMidEnd_joint,-0.010149843,1.2745805,0.2879232,0.42446178,0.5905799,0.63464594,0.26129097
1783532868.8129,55,left_handPinkyStart_joint,0.10501484,1.1374618,0.2474766,0.5077224,0.5426435,0.5976669,0.300917
1783532868.8129,55,left_handPinky_1_joint,0.08575262,1.1952937,0.2652771,0.5077224,0.5426435,0.5976669,0.300917
1783532868.8129,55,left_handPinky_2_joint,0.07385537,1.2310134,0.2762715,0.5077224,0.5426435,0.5976669,0.300917
1783532868.8129,55,left_handPinky_3_joint,0.06762348,1.2497238,0.28203046,0.5077224,0.5426435,0.5976669,0.300917
1783532868.8129,55,left_handPinkyEnd_joint,0.061958127,1.2667332,0.2872659,0.5077224,0.5426435,0.5976669,0.300917
1783532868.8129,55,left_handRingStart_joint,0.091816306,1.1306416,0.24707352,0.4670795,0.5680304,0.6165618,0.2811237
1783532868.8129,55,left_handRing_1_joint,0.063483566,1.1919216,0.26499692,0.4670795,0.5680304,0.6165618,0.2811237
1783532868.8129,55,left_handRing_2_joint,0.04348398,1.2351781,0.27764875,0.4670795,0.5680304,0.6165618,0.2811237
1783532868.8129,55,left_handRing_3_joint,0.030984243,1.2622135,0.28555614,0.4670795,0.5680304,0.6165618,0.2811237
1783532868.8129,55,left_handRingEnd_joint,0.022651086,1.280237,0.29082772,0.4670795,0.5680304,0.6165618,0.2811237
1783532868.8129,55,left_handThumbStart_joint,0.07180222,1.1114225,0.25733775,0.18335696,0.93991965,0.1927416,-0.21396828
1783532868.8129,55,left_handThumb_1_joint,0.026634663,1.1255044,0.28273186,0.18335696,0.93991965,0.1927416,-0.21396828
1783532868.8129,55,left_handThumb_2_joint,-0.005651283,1.1355678,0.30088252,0.18335696,0.93991965,0.19274157,-0.21396828
1783532868.8129,55,left_handThumbEnd_joint,-0.027175248,1.1422768,0.31298295,0.18335694,0.93991965,0.19274156,-0.21396828
1783532868.8129,55,neck_1_joint,0.0006516504,0.5900467,-0.012615464,0.5205378,0.44973874,0.5476482,0.4762955
1783532868.8129,55,neck_2_joint,0.0005206442,0.6197436,-0.008363677,0.5357773,0.43103284,0.5671794,0.4532785
1783532868.8129,55,neck_3_joint,-7.789612e-05,0.65878576,0.00031663894,0.53508145,0.43085018,0.5720806,0.44808495
1783532868.8129,55,neck_4_joint,-0.0011105442,0.6977362,0.009360814,0.5265933,0.4402528,0.56770086,0.45452517
1783532868.8129,55,head_joint,-0.0025994873,0.7430402,0.019052777,0.4665532,0.5025858,0.51329875,0.51600415
1783532868.8129,55,jaw_joint,-0.0020998977,0.7182614,0.025032738,0.4665532,0.5025858,0.51329875,0.51600415
1783532868.8129,55,chin_joint,-0.0065693543,0.67209715,0.12676226,0.4665532,0.5025858,0.51329875,0.51600415
1783532868.8129,55,left_eye_joint,0.023301078,0.7799862,0.10606205,0.47091872,0.49849775,0.51777947,0.5115079
1783532868.8129,55,left_eyeLowerLid_joint,0.023301078,0.7799862,0.10606205,0.47091872,0.49849775,0.51777947,0.5115079
1783532868.8129,55,left_eyeUpperLid_joint,0.023301078,0.7799862,0.10606205,0.47091872,0.49849775,0.51777947,0.5115079
1783532868.8129,55,left_eyeball_joint,0.023301078,0.7799862,0.10606205,0.47091872,0.49849775,0.51777947,0.5115079
1783532868.8129,55,nose_joint,-0.009283372,0.7471878,0.12877117,0.4709213,0.49849537,0.5177822,0.5115051
1783532868.8129,55,right_eye_joint,-0.04118104,0.7777584,0.10221813,0.47091872,0.49849775,0.51777947,0.5115079
1783532868.8129,55,right_eyeLowerLid_joint,-0.04118104,0.7777584,0.10221813,0.47091872,0.49849775,0.51777947,0.5115079
1783532868.8129,55,right_eyeUpperLid_joint,-0.04118104,0.7777584,0.10221813,0.47091872,0.49849775,0.51777947,0.5115079
1783532868.8129,55,right_eyeball_joint,-0.04118104,0.7777584,0.10221813,0.47091872,0.49849775,0.51777947,0.5115079
1783532868.8129,55,right_shoulder_1_joint,-0.08908871,0.5698291,-0.011156935,0.33334014,-0.04805798,-0.34607294,0.87567604
1783532868.8129,55,right_arm_joint,-0.19872382,0.66239005,0.010100519,0.24655336,0.14062,-0.5858634,0.7590796
1783532868.8129,55,right_forearm_joint,-0.2715987,0.88052326,0.14372565,0.07436984,0.14713806,-0.8190417,0.5495367
1783532868.8129,55,right_hand_joint,-0.16844133,1.1158824,0.21970592,-0.27132508,0.6104211,-0.5655659,0.48363653
1783532868.8129,55,right_handIndexStart_joint,-0.14532408,1.1306485,0.22827762,-0.23163436,0.6423465,-0.582451,0.44100747
1783532868.8129,55,right_handIndex_1_joint,-0.10487052,1.1958051,0.25210807,-0.23163436,0.6423465,-0.582451,0.44100747
1783532868.8129,55,right_handIndex_2_joint,-0.08135105,1.2336867,0.2659636,-0.23163436,0.6423465,-0.582451,0.44100747
1783532868.8129,55,right_handIndex_3_joint,-0.068179876,1.2549009,0.27372202,-0.23163436,0.6423465,-0.582451,0.44100747
1783532868.8129,55,right_handIndexEnd_joint,-0.05877194,1.2700536,0.27926368,-0.23163436,0.6423465,-0.582451,0.44100747
1783532868.8129,55,right_handMidStart_joint,-0.1559215,1.1377496,0.22747593,-0.27063125,0.61106306,-0.56563944,0.4831282
1783532868.8129,55,right_handMid_1_joint,-0.12652698,1.204438,0.249086,-0.27063125,0.61106306,-0.56563944,0.4831282
1783532868.8129,55,right_handMid_2_joint,-0.10587141,1.2512996,0.2642708,-0.27063125,0.61106306,-0.56563944,0.4831282
1783532868.8129,55,right_handMid_3_joint,-0.0939547,1.2783352,0.2730316,-0.27063125,0.61106306,-0.56563944,0.4831282
1783532868.8129,55,right_handMidEnd_joint,-0.086010315,1.2963588,0.2788717,-0.27063125,0.61106306,-0.56563944,0.4831282
1783532868.8129,55,right_handPinkyStart_joint,-0.1815412,1.1483591,0.22719896,-0.3086276,0.56833225,-0.51492906,0.5626685
1783532868.8129,55,right_handPinky_1_joint,-0.17034565,1.207432,0.24762855,-0.3086276,0.56833225,-0.51492906,0.5626685
1783532868.8129,55,right_handPinky_2_joint,-0.16343038,1.2439193,0.26024657,-0.3086276,0.56833225,-0.51492906,0.5626685
1783532868.8129,55,right_handPinky_3_joint,-0.15980843,1.263031,0.2668566,-0.3086276,0.56833225,-0.51492906,0.5626685
1783532868.8129,55,right_handPinkyEnd_joint,-0.15651573,1.2804054,0.27286527,-0.3086276,0.56833225,-0.51492906,0.5626685
1783532868.8129,55,right_handRingStart_joint,-0.16764797,1.1430956,0.22759125,-0.28960937,0.5900851,-0.5416385,0.5239793
1783532868.8129,55,right_handRing_1_joint,-0.14786991,1.2066185,0.24887173,-0.28960937,0.5900851,-0.5416385,0.5239793
1783532868.8129,55,right_handRing_2_joint,-0.13390912,1.2514578,0.26389334,-0.28960937,0.5900851,-0.5416385,0.5239793
1783532868.8129,55,right_handRing_3_joint,-0.12518336,1.279483,0.27328148,-0.28960937,0.5900851,-0.5416385,0.5239793
1783532868.8129,55,right_handRingEnd_joint,-0.11936631,1.2981665,0.2795413,-0.28960937,0.5900851,-0.5416385,0.5239793
1783532868.8129,55,right_handThumbStart_joint,-0.14630444,1.1259669,0.2388316,-0.23794253,-0.21056542,0.9171063,-0.24075273
1783532868.8129,55,right_handThumb_1_joint,-0.10491492,1.1443006,0.26771182,-0.23794253,-0.2105654,0.9171063,-0.24075273
1783532868.8129,55,right_handThumb_2_joint,-0.07532915,1.1574033,0.28835374,-0.23794253,-0.21056539,0.9171063,-0.24075274
1783532868.8129,55,right_handThumbEnd_joint,-0.055605877,1.1661385,0.30211562,-0.23794253,-0.21056536,0.9171063,-0.24075274
1783532868.8129,55,camera,-0.1198865,0.0017394449,0.12925254,-0.07764656,-0.110946365,-0.7107309,0.6903067
1783532868.8475,56,root,-3.039502e-05,0.023659205,0.0063988273,0.07114176,0.0057378737,0.003504566,0.99744356
1783532868.8475,56,hips_joint,-3.039502e-05,0.023659205,0.0063988273,0.07114176,0.0057378737,0.003504566,0.99744356
1783532868.8475,56,left_upLeg_joint,0.100666195,-0.00041680096,0.002700821,-0.62363803,0.390905,-0.37704584,0.5622325
1783532868.8475,56,left_leg_joint,0.2733426,-0.3842677,0.01563757,-0.44803348,0.57808125,-0.17785364,0.6583739
1783532868.8475,56,left_foot_joint,0.39607468,-0.7282482,-0.25957808,0.7091898,-0.17877568,0.5460187,-0.40859836
1783532868.8475,56,left_toes_joint,0.44671652,-0.8325371,-0.16593143,0.7302195,-0.04111872,0.61356527,-0.2977018
1783532868.8475,56,left_toesEnd_joint,0.4614994,-0.85834,-0.11306049,0.7302195,-0.041118514,0.61356527,-0.29770204
1783532868.8475,56,right_upLeg_joint,-0.10039564,-0.0019821166,0.0049033626,0.50247973,0.44640204,0.41409174,0.6138137
1783532868.8475,56,right_leg_joint,-0.20925093,-0.40495414,0.06043291,0.63308245,0.24072677,0.5960966,0.43119147
1783532868.8475,56,right_foot_joint,-0.28856477,-0.7794261,-0.18978597,0.3499157,0.57991457,0.2033433,0.7070428
1783532868.8475,56,right_toes_joint,-0.32503304,-0.8827628,-0.08878076,0.23365909,0.6357243,0.065647356,0.73276764
1783532868.8475,56,right_toesEnd_joint,-0.33613926,-0.9066199,-0.034126356,0.23365955,0.6357243,0.0656469,0.7327675
1783532868.8475,56,spine_1_joint,-3.0414796e-05,0.023659205,0.0063988273,0.52401596,0.4772415,0.5349006,0.45992297
1783532868.8475,56,spine_2_joint,-0.0016278669,0.080762625,0.013397505,0.5115862,0.4881753,0.5281375,0.47014385
1783532868.8475,56,spine_3_joint,-0.0036127921,0.13809039,0.018079454,0.5019548,0.4928491,0.5226275,0.48166564
1783532868.8475,56,spine_4_joint,-0.0053147436,0.19105117,0.020726528,0.49682546,0.49255338,0.518676,0.49145806
1783532868.8475,56,spine_5_joint,-0.006950843,0.26146746,0.022705166,0.5012613,0.48190752,0.5226315,0.49331427
1783532868.8475,56,spine_6_joint,-0.00797508,0.355165,0.027804818,0.4744685,0.5021974,0.49936184,0.52279603
1783532868.8475,56,spine_7_joint,-0.0083389925,0.46214867,0.02304459,0.4247408,0.542214,0.44802883,0.56997365
1783532868.8475,56,left_shoulder_1_joint,0.08236745,0.5700335,-0.004136548,0.8746143,0.37530968,-0.029649736,-0.30547294
1783532868.8475,56,left_arm_joint,0.18629955,0.6678865,0.021599593,0.7368061,0.6211025,0.13355283,-0.23132782
1783532868.8475,56,left_forearm_joint,0.23757929,0.89489937,0.15038,0.5210812,0.84205884,0.124931626,-0.061675586
1783532868.8475,56,left_hand_joint,0.1171689,1.1259303,0.21310325,0.45327076,0.5973115,0.60653955,0.26433906
1783532868.8475,56,left_handIndexStart_joint,0.091515966,1.1390736,0.22095728,0.4134626,0.61284137,0.6347548,0.22485805
1783532868.8475,56,left_handIndex_1_joint,0.046784885,1.2026983,0.24097791,0.4134626,0.61284137,0.6347548,0.22485805
1783532868.8475,56,left_handIndex_2_joint,0.020778446,1.2396895,0.2526178,0.4134626,0.61284137,0.6347548,0.22485805
1783532868.8475,56,left_handIndex_3_joint,0.0062148357,1.2604045,0.25913617,0.4134626,0.61284137,0.6347548,0.22485805
1783532868.8475,56,left_handIndexEnd_joint,-0.0041877422,1.275201,0.2637921,0.4134626,0.61284137,0.6347548,0.22485805
1783532868.8475,56,left_handMidStart_joint,0.10164438,1.146787,0.21981938,0.45512354,0.5964083,0.60534984,0.26591736
1783532868.8475,56,left_handMid_1_joint,0.067870766,1.2125266,0.23759374,0.45512354,0.5964083,0.60534984,0.26591736
1783532868.8475,56,left_handMid_2_joint,0.044137955,1.258722,0.25008383,0.45512354,0.5964083,0.60534984,0.26591736
1783532868.8475,56,left_handMid_3_joint,0.030445952,1.2853731,0.25728965,0.45512354,0.5964083,0.60534984,0.26591736
1783532868.8475,56,left_handMidEnd_joint,0.02131795,1.3031405,0.26209354,0.45512354,0.5964083,0.60534984,0.26591736
1783532868.8475,56,left_handPinkyStart_joint,0.12653627,1.1589879,0.21908787,0.53532255,0.54699594,0.56552774,0.30725282
1783532868.8475,56,left_handPinky_1_joint,0.11141962,1.2182447,0.2361918,0.53532255,0.54699594,0.56552774,0.30725282
1783532868.8475,56,left_handPinky_2_joint,0.10208286,1.2548444,0.246756,0.53532255,0.54699594,0.56552774,0.30725282
1783532868.8475,56,left_handPinky_3_joint,0.09719218,1.2740158,0.25228962,0.53532255,0.54699594,0.56552774,0.30725282
1783532868.8475,56,left_handPinkyEnd_joint,0.0927461,1.2914442,0.2573202,0.53532255,0.54699594,0.56552774,0.30725282
1783532868.8475,56,left_handRingStart_joint,0.113004595,1.1528724,0.21969938,0.49625897,0.5731004,0.58579165,0.28658676
1783532868.8475,56,left_handRing_1_joint,0.08903211,1.2160581,0.23736642,0.49625897,0.5731004,0.58579165,0.28658676
1783532868.8475,56,left_handRing_2_joint,0.07211037,1.2606598,0.24983728,0.49625897,0.5731004,0.58579165,0.28658676
1783532868.8475,56,left_handRing_3_joint,0.061534278,1.2885358,0.25763157,0.49625897,0.5731004,0.58579165,0.28658676
1783532868.8475,56,left_handRingEnd_joint,0.054483555,1.3071198,0.26282775,0.49625897,0.5731004,0.58579165,0.28658676
1783532868.8475,56,left_handThumbStart_joint,0.092703626,1.1350458,0.2317563,0.21695031,0.93055636,0.17849348,-0.23481515
1783532868.8475,56,left_handThumb_1_joint,0.04998515,1.1522281,0.25938177,0.21695031,0.93055636,0.17849348,-0.23481515
1783532868.8475,56,left_handThumb_2_joint,0.01944962,1.1645077,0.27912748,0.21695031,0.93055636,0.17849347,-0.23481515
1783532868.8475,56,left_handThumbEnd_joint,-0.00090739486,1.1726943,0.29229128,0.2169503,0.93055636,0.17849341,-0.23481515
1783532868.8475,56,neck_1_joint,-0.006579196,0.59073424,-0.015279691,0.51549834,0.45653614,0.54633546,0.47681698
1783532868.8475,56,neck_2_joint,-0.006993656,0.620485,-0.0114426315,0.5315596,0.43729606,0.5666999,0.45284453
1783532868.8475,56,neck_3_joint,-0.007983789,0.65961105,-0.0031860147,0.53128666,0.43662134,0.57213783,0.44693962
1783532868.8475,56,neck_4_joint,-0.009422183,0.6986256,0.0055200467,0.52289104,0.44575295,0.56796265,0.45310956
1783532868.8475,56,head_joint,-0.011388354,0.7439859,0.014857433,0.4622222,0.50759715,0.5137042,0.51459163
1783532868.8475,56,jaw_joint,-0.010608282,0.71926194,0.021031529,0.4622222,0.50759715,0.5137042,0.51459163
1783532868.8475,56,chin_joint,-0.014398699,0.6738566,0.12312958,0.4622222,0.50759715,0.5137042,0.51459163
1783532868.8475,56,left_eye_joint,0.014257738,0.7818977,0.1015259,0.4666315,0.5035466,0.5181725,0.51009196
1783532868.8475,56,left_eyeLowerLid_joint,0.014257738,0.7818977,0.1015259,0.4666315,0.5035466,0.5181725,0.51009196
1783532868.8475,56,left_eyeUpperLid_joint,0.014257738,0.7818977,0.1015259,0.4666315,0.5035466,0.5181725,0.51009196
1783532868.8475,56,left_eyeball_joint,0.014257738,0.7818977,0.1015259,0.4666315,0.5035466,0.5181725,0.51009196
1783532868.8475,56,nose_joint,-0.017927924,0.7489268,0.12455168,0.4666341,0.5035441,0.5181751,0.5100892
1783532868.8475,56,right_eye_joint,-0.050202798,0.7789376,0.09781636,0.4666315,0.5035466,0.5181725,0.51009196
1783532868.8475,56,right_eyeLowerLid_joint,-0.050202798,0.7789376,0.09781636,0.4666315,0.5035466,0.5181725,0.51009196
1783532868.8475,56,right_eyeUpperLid_joint,-0.050202798,0.7789376,0.09781636,0.4666315,0.5035466,0.5181725,0.51009196
1783532868.8475,56,right_eyeball_joint,-0.050202798,0.7789376,0.09781636,0.4666315,0.5035466,0.5181725,0.51009196
1783532868.8475,56,right_shoulder_1_joint,-0.0961294,0.5697343,-0.013287349,0.31381807,-0.059856355,-0.3443955,0.8827953
1783532868.8475,56,right_arm_joint,-0.20573115,0.66338223,0.0027366912,0.2336078,0.11748088,-0.57559806,0.77479875
1783532868.8475,56,right_forearm_joint,-0.2881257,0.88602746,0.12269007,0.09848724,0.13261098,-0.79062456,0.5896001
1783532868.8475,56,right_hand_joint,-0.2116616,1.1288581,0.20632575,-0.27617496,0.58171755,-0.5516136,0.53014666
1783532868.8475,56,right_handIndexStart_joint,-0.19059616,1.1455144,0.21655975,-0.23745158,0.6168968,-0.5688386,0.4893655
1783532868.8475,56,right_handIndex_1_joint,-0.15780728,1.2137544,0.24335405,-0.23745158,0.6168968,-0.5688386,0.4893655
1783532868.8475,56,right_handIndex_2_joint,-0.13874407,1.2534288,0.25893277,-0.23745158,0.6168968,-0.5688386,0.4893655
1783532868.8475,56,right_handIndex_3_joint,-0.1280684,1.275647,0.26765618,-0.23745158,0.6168968,-0.5688386,0.4893655
1783532868.8475,56,right_handIndexEnd_joint,-0.12044294,1.291517,0.2738871,-0.23745158,0.6168968,-0.5688386,0.4893655
1783532868.8475,56,right_handMidStart_joint,-0.20169117,1.1516699,0.21501537,-0.275509,0.5824071,-0.551683,0.5296636
1783532868.8475,56,right_handMid_1_joint,-0.17986694,1.2204889,0.23880622,-0.275509,0.5824071,-0.551683,0.5296636
1783532868.8475,56,right_handMid_2_joint,-0.16453095,1.268848,0.25552347,-0.275509,0.5824071,-0.551683,0.5296636
1783532868.8475,56,right_handMid_3_joint,-0.15568325,1.2967474,0.26516834,-0.275509,0.5824071,-0.551683,0.5296636
1783532868.8475,56,right_handMidEnd_joint,-0.14978482,1.3153468,0.27159783,-0.275509,0.5824071,-0.551683,0.5296636
1783532868.8475,56,right_handPinkyStart_joint,-0.22805727,1.1600047,0.21292573,-0.31318212,0.5351075,-0.49903718,0.6054252
1783532868.8475,56,right_handPinky_1_joint,-0.22356425,1.2196592,0.23422106,-0.31318212,0.5351075,-0.49903718,0.6054252
1783532868.8475,56,right_handPinky_2_joint,-0.22078888,1.2565056,0.24737382,-0.31318212,0.5351075,-0.49903718,0.6054252
1783532868.8475,56,right_handPinky_3_joint,-0.21933542,1.2758055,0.25426394,-0.31318212,0.5351075,-0.49903718,0.6054252
1783532868.8475,56,right_handPinkyEnd_joint,-0.21801406,1.2933508,0.2605272,-0.31318212,0.5351075,-0.49903718,0.6054252
1783532868.8475,56,right_handRingStart_joint,-0.21381943,1.1559709,0.21430135,-0.29429132,0.5591098,-0.52666295,0.5686967
1783532868.8475,56,right_handRing_1_joint,-0.2012493,1.2208002,0.23706867,-0.29429132,0.5591098,-0.52666295,0.5686967
1783532868.8475,56,right_handRing_2_joint,-0.19237645,1.2665616,0.2531398,-0.29429132,0.5591098,-0.52666295,0.5686967
1783532868.8475,56,right_handRing_3_joint,-0.18683068,1.295163,0.26318392,-0.29429132,0.5591098,-0.52666295,0.5686967
1783532868.8475,56,right_handRingEnd_joint,-0.1831337,1.3142308,0.26988104,-0.29429132,0.5591098,-0.52666295,0.5686967
1783532868.8475,56,right_handThumbStart_joint,-0.19191085,1.1406783,0.22700718,-0.2617355,-0.21438941,0.89604783,-0.2874554
1783532868.8475,56,right_handThumb_1_joint,-0.15444756,1.162316,0.25881287,-0.2617355,-0.21438937,0.89604783,-0.2874554
1783532868.8475,56,right_handThumb_2_joint,-0.12766795,1.1777804,0.28154597,-0.2617355,-0.21438937,0.89604783,-0.2874554
1783532868.8475,56,right_handThumbEnd_joint,-0.10981549,1.1880901,0.2967019,-0.2617355,-0.21438934,0.89604783,-0.2874554
1783532868.8475,56,camera,-0.11992113,0.0017694244,0.12893084,-0.07788842,-0.11076187,-0.7109497,0.6900838
1783532868.8800,57,root,0.0002040271,0.024215803,0.0055958848,0.07709839,0.006344998,0.0041506356,0.9969946
1783532868.8800,57,hips_joint,0.0002040271,0.024215803,0.0055958848,0.07709839,0.006344998,0.0041506356,0.9969946
1783532868.8800,57,left_upLeg_joint,0.100927494,0.00031833648,0.0014937931,-0.61977684,0.39043033,-0.3642335,0.57513034
1783532868.8800,57,left_leg_joint,0.28191516,-0.37990323,0.0025003338,-0.44647664,0.57098967,-0.15828279,0.67050415
1783532868.8800,57,left_foot_joint,0.41811684,-0.7101361,-0.283025,0.70359105,-0.17415328,0.5380929,-0.43021652
1783532868.8800,57,left_toes_joint,0.47180602,-0.8156593,-0.1925109,0.72384614,-0.037641253,0.60988057,-0.32043025
1783532868.8800,57,left_toesEnd_joint,0.48716903,-0.8426737,-0.14041616,0.72384614,-0.03764105,0.6098805,-0.3204305
1783532868.8800,57,right_upLeg_joint,-0.1001294,-0.0015379714,0.003910355,0.5049682,0.44428444,0.41897827,0.6099801
1783532868.8800,57,right_leg_joint,-0.20714484,-0.40571827,0.05396482,0.63268715,0.24051654,0.5995303,0.42710906
1783532868.8800,57,right_foot_joint,-0.28279632,-0.77909714,-0.19900644,0.34973425,0.5795053,0.20856391,0.7059466
1783532868.8800,57,right_toes_joint,-0.31876504,-0.88339186,-0.09881003,0.23355843,0.6352881,0.07098109,0.7326808
1783532868.8800,57,right_toesEnd_joint,-0.3298501,-0.9077023,-0.044351432,0.23355892,0.63528806,0.070980646,0.7326806
1783532868.8800,57,spine_1_joint,0.00020400732,0.024215803,0.0055958848,0.52553314,0.47601604,0.5373466,0.45659864
1783532868.8800,57,spine_2_joint,-0.0015608671,0.08125231,0.013082955,0.51186526,0.4883478,0.5302421,0.46728355
1783532868.8800,57,spine_3_joint,-0.0038215711,0.13854523,0.018057328,0.5006553,0.4946763,0.524143,0.47949353
1783532868.8800,57,spine_4_joint,-0.0058833095,0.19149177,0.02073348,0.49371263,0.49622726,0.5193742,0.49015996
1783532868.8800,57,spine_5_joint,-0.008133762,0.26189986,0.022369457,0.49635857,0.48752382,0.52243483,0.49296096
1783532868.8800,57,spine_6_joint,-0.010140493,0.35562998,0.026482482,0.46839714,0.50837684,0.49904418,0.52260125
1783532868.8800,57,spine_7_joint,-0.011773831,0.46253303,0.020369854,0.41821688,0.5476462,0.44845748,0.5692665
1783532868.8800,57,left_shoulder_1_joint,0.07752415,0.57125825,-0.008095989,0.8817959,0.3696061,-0.054872125,-0.28777862
1783532868.8800,57,left_arm_joint,0.18207033,0.6703876,0.008723616,0.76706845,0.5955728,0.08634427,-0.2223596
1783532868.8800,57,left_forearm_joint,0.25539622,0.90320325,0.11440708,0.568899,0.8125612,0.08504444,-0.09415776
1783532868.8800,57,left_hand_joint,0.16563244,1.1466583,0.18134104,0.51100796,0.5977583,0.5569322,0.26717514
1783532868.8800,57,left_handIndexStart_joint,0.14241606,1.1624962,0.19147336,0.474285,0.6134396,0.588984,0.2276921
1783532868.8800,57,left_handIndex_1_joint,0.10656378,1.2307686,0.21390745,0.474285,0.6134396,0.588984,0.2276921
1783532868.8800,57,left_handIndex_2_joint,0.08571943,1.2704618,0.22695053,0.474285,0.6134396,0.588984,0.2276921
1783532868.8800,57,left_handIndex_3_joint,0.0740466,1.2926899,0.23425464,0.474285,0.6134396,0.588984,0.2276921
1783532868.8800,57,left_handIndexEnd_joint,0.06570886,1.3085672,0.23947187,0.474285,0.6134396,0.588984,0.2276921
1783532868.8800,57,left_handMidStart_joint,0.15304534,1.1691284,0.18894202,0.51271933,0.59683603,0.55557925,0.26877052
1783532868.8800,57,left_handMid_1_joint,0.12797843,1.2383525,0.20786123,0.51271933,0.59683603,0.55557925,0.26877052
1783532868.8800,57,left_handMid_2_joint,0.11036386,1.2869966,0.2211558,0.51271933,0.59683603,0.55557925,0.26877052
1783532868.8800,57,left_handMid_3_joint,0.10020161,1.3150604,0.22882578,0.51271933,0.59683603,0.55557925,0.26877052
1783532868.8800,57,left_handMidEnd_joint,0.09342677,1.3337697,0.23393907,0.51271933,0.59683603,0.55557925,0.26877052
1783532868.8800,57,left_handPinkyStart_joint,0.178752,1.1787626,0.18502355,0.587373,0.5453056,0.5101438,0.3120709
1783532868.8800,57,left_handPinky_1_joint,0.17143604,1.2396603,0.2014667,0.587373,0.5453056,0.5101438,0.3120709
1783532868.8800,57,left_handPinky_2_joint,0.16691735,1.2772734,0.21162274,0.587373,0.5453056,0.5101438,0.3120709
1783532868.8800,57,left_handPinky_3_joint,0.16455044,1.2969757,0.2169426,0.587373,0.5453056,0.5101438,0.3120709
1783532868.8800,57,left_handPinkyEnd_joint,0.16239868,1.3148868,0.22177881,0.587373,0.5453056,0.5101438,0.3120709
1783532868.8800,57,left_handRingStart_joint,0.16485132,1.1740453,0.18734683,0.5511675,0.57241976,0.5331331,0.29037791
1783532868.8800,57,left_handRing_1_joint,0.1492192,1.2397488,0.20517679,0.5511675,0.57241976,0.5331331,0.29037791
1783532868.8800,57,left_handRing_2_joint,0.13818477,1.2861279,0.21776263,0.5511675,0.57241976,0.5331331,0.29037791
1783532868.8800,57,left_handRing_3_joint,0.13128826,1.3151147,0.2256288,0.5511675,0.57241976,0.5331331,0.29037791
1783532868.8800,57,left_handRingEnd_joint,0.12669058,1.3344394,0.2308729,0.5511675,0.57241976,0.5331331,0.29037791
1783532868.8800,57,left_handThumbStart_joint,0.14442457,1.158655,0.20221877,0.27575046,0.9069096,0.16255565,-0.27395713
1783532868.8800,57,left_handThumb_1_joint,0.10695636,1.1807317,0.23371507,0.27575046,0.9069096,0.16255565,-0.27395713
1783532868.8800,57,left_handThumb_2_joint,0.0801734,1.19651,0.25622776,0.27575046,0.9069096,0.16255563,-0.27395713
1783532868.8800,57,left_handThumbEnd_joint,0.062318105,1.2070287,0.2712362,0.27575046,0.9069096,0.1625556,-0.27395713
1783532868.8800,57,neck_1_joint,-0.011687991,0.59069157,-0.019397918,0.5109301,0.46235377,0.5459384,0.47658262
1783532868.8800,57,neck_2_joint,-0.012397175,0.6204764,-0.015882721,0.527943,0.4426469,0.5658813,0.45290026
1783532868.8800,57,neck_3_joint,-0.013689809,0.6596748,-0.00802046,0.52808285,0.441603,0.5713834,0.44680688
1783532868.8800,57,neck_4_joint,-0.015409188,0.69875485,0.00033365368,0.5198173,0.4504802,0.56729966,0.45280114
1783532868.8800,57,head_joint,-0.017696647,0.7441764,0.009292413,0.4586129,0.51192343,0.5130633,0.514174
1783532868.8800,57,jaw_joint,-0.016721966,0.71951187,0.015672985,0.4586129,0.51192343,0.5130633,0.514174
1783532868.8800,57,chin_joint,-0.019997846,0.6749421,0.11815618,0.4586129,0.51192343,0.5130633,0.514174
1783532868.8800,57,left_eye_joint,0.007816517,0.78300697,0.095592596,0.46306005,0.5079042,0.517528,0.50967985
1783532868.8800,57,left_eyeLowerLid_joint,0.007816517,0.78300697,0.095592596,0.46306005,0.5079042,0.517528,0.50967985
1783532868.8800,57,left_eyeUpperLid_joint,0.007816517,0.78300697,0.095592596,0.46306005,0.5079042,0.517528,0.50967985
1783532868.8800,57,left_eyeball_joint,0.007816517,0.78300697,0.095592596,0.46306005,0.5079042,0.517528,0.50967985
1783532868.8800,57,nose_joint,-0.024083061,0.74999326,0.1189527,0.46306264,0.5079018,0.5175306,0.5096771
1783532868.8800,57,right_eye_joint,-0.0566265,0.7795371,0.092023596,0.46306005,0.5079042,0.517528,0.50967985
1783532868.8800,57,right_eyeLowerLid_joint,-0.0566265,0.7795371,0.092023596,0.46306005,0.5079042,0.517528,0.50967985
1783532868.8800,57,right_eyeUpperLid_joint,-0.0566265,0.7795371,0.092023596,0.46306005,0.5079042,0.517528,0.50967985
1783532868.8800,57,right_eyeball_joint,-0.0566265,0.7795371,0.092023596,0.46306005,0.5079042,0.517528,0.50967985
1783532868.8800,57,right_shoulder_1_joint,-0.10096033,0.56857014,-0.017096251,0.30665213,-0.076342285,-0.3304445,0.88934976
1783532868.8800,57,right_arm_joint,-0.2126419,0.6606158,-0.007396384,0.23845206,0.0865193,-0.54698944,0.7977831
1783532868.8800,57,right_forearm_joint,-0.3154811,0.88178223,0.09870773,0.14039217,0.113785736,-0.74812657,0.6384746
1783532868.8800,57,right_hand_joint,-0.27655008,1.1292185,0.193934,-0.27212143,0.54110706,-0.5290024,0.5943986
1783532868.8800,57,right_handIndexStart_joint,-0.25874156,1.1478243,0.20668538,-0.2349889,0.5807776,-0.5459683,0.55623424
1783532868.8800,57,right_handIndex_1_joint,-0.23699619,1.2185234,0.23796669,-0.2349889,0.5807776,-0.5459683,0.55623424
1783532868.8800,57,right_handIndex_2_joint,-0.22435369,1.2596275,0.2561541,-0.2349889,0.5807776,-0.5459683,0.55623424
1783532868.8800,57,right_handIndex_3_joint,-0.21727361,1.2826463,0.2663384,-0.2349889,0.5807776,-0.5459683,0.55623424
1783532868.8800,57,right_handIndexEnd_joint,-0.21221639,1.2990881,0.27361286,-0.2349889,0.5807776,-0.5459683,0.55623424
1783532868.8800,57,right_handMidStart_joint,-0.27023014,1.1527495,0.20401566,-0.27149773,0.5418592,-0.52905476,0.59395176
1783532868.8800,57,right_handMid_1_joint,-0.25905436,1.2228886,0.2311078,-0.27149773,0.5418592,-0.52905476,0.59395176
1783532868.8800,57,right_handMid_2_joint,-0.25120094,1.2721751,0.25014487,-0.27149773,0.5418592,-0.52905476,0.59395176
1783532868.8800,57,right_handMid_3_joint,-0.24667017,1.3006097,0.26112813,-0.27149773,0.5418592,-0.52905476,0.59395176
1783532868.8800,57,right_handMidEnd_joint,-0.24364962,1.3195659,0.26844984,-0.27149773,0.5418592,-0.52905476,0.59395176
1783532868.8800,57,right_handPinkyStart_joint,-0.2969891,1.158159,0.19914715,-0.30847332,0.4878688,-0.4748825,0.6643156
1783532868.8800,57,right_handPinky_1_joint,-0.30162096,1.2173374,0.22170384,-0.30847332,0.4878688,-0.4748825,0.6643156
1783532868.8800,57,right_handPinky_2_joint,-0.30448163,1.2538896,0.23563577,-0.30847332,0.4878688,-0.4748825,0.6643156
1783532868.8800,57,right_handPinky_3_joint,-0.30598038,1.2730353,0.24293397,-0.30847332,0.4878688,-0.4748825,0.6643156
1783532868.8800,57,right_handPinkyEnd_joint,-0.3073428,1.2904407,0.24956822,-0.30847332,0.4878688,-0.4748825,0.6643156
1783532868.8800,57,right_handRingStart_joint,-0.28261885,1.155695,0.20202884,-0.28986752,0.5151691,-0.5031959,0.63037443
1783532868.8800,57,right_handRing_1_joint,-0.28001958,1.2208709,0.22701989,-0.28986752,0.5151691,-0.5031959,0.63037443
1783532868.8800,57,right_handRing_2_joint,-0.27818492,1.2668768,0.24466069,-0.28986752,0.5151691,-0.5031959,0.63037443
1783532868.8800,57,right_handRing_3_joint,-0.27703807,1.295631,0.25568593,-0.28986752,0.5151691,-0.5031959,0.63037443
1783532868.8800,57,right_handRingEnd_joint,-0.2762738,1.3148007,0.26303706,-0.28986752,0.5151691,-0.5031959,0.63037443
1783532868.8800,57,right_handThumbStart_joint,-0.26062256,1.1425877,0.21684927,-0.30109358,-0.22220433,0.86039203,-0.34596783
1783532868.8800,57,right_handThumb_1_joint,-0.2295189,1.167372,0.25292674,-0.30109358,-0.22220431,0.86039203,-0.34596783
1783532868.8800,57,right_handThumb_2_joint,-0.20728475,1.1850859,0.27871338,-0.30109358,-0.2222043,0.86039203,-0.34596783
1783532868.8800,57,right_handThumbEnd_joint,-0.19246265,1.196895,0.2959049,-0.30109358,-0.22220428,0.86039203,-0.34596783
1783532868.8800,57,camera,-0.119926676,0.0018570565,0.12865505,-0.07782119,-0.11080248,-0.7110367,0.68999535
1783532868.9117,58,root,0.00042512937,0.023775093,0.00329533,0.083565265,0.010750338,0.0009636282,0.9964438
1783532868.9117,58,hips_joint,0.00042512937,0.023775093,0.00329533,0.083565265,0.010750338,0.0009636282,0.9964438
1783532868.9117,58,left_upLeg_joint,0.10096548,-0.0006403327,-0.0020580217,-0.61072016,0.40283763,-0.353866,0.5826848
1783532868.9117,58,left_leg_joint,0.27993396,-0.38149527,-0.017735003,-0.4509374,0.5627046,-0.16105065,0.673856
1783532868.9117,58,left_foot_joint,0.4239181,-0.71283174,-0.29811722,0.70199305,-0.16488034,0.5423389,-0.4311484
1783532868.9117,58,left_toes_joint,0.47717702,-0.8170268,-0.20582771,0.7205196,-0.02883922,0.61422616,-0.32054052
1783532868.9117,58,left_toesEnd_joint,0.4919657,-0.84343374,-0.15325743,0.7205196,-0.028839013,0.61422616,-0.3205407
1783532868.9117,58,right_upLeg_joint,-0.10006765,-0.0013831591,0.002218855,0.50909066,0.447355,0.41942382,0.60397327
1783532868.9117,58,right_leg_joint,-0.20446266,-0.4065296,0.04994193,0.6330369,0.25380877,0.5894262,0.43292275
1783532868.9117,58,right_foot_joint,-0.285092,-0.7868684,-0.19082904,0.34181243,0.59018475,0.19702464,0.7042922
1783532868.9117,58,right_toes_joint,-0.3187324,-0.8883577,-0.08700845,0.22375609,0.64427245,0.059964597,0.7288693
1783532868.9117,58,right_toesEnd_joint,-0.32859778,-0.91114956,-0.03166569,0.2237566,0.6442725,0.059964146,0.72886914
1783532868.9117,58,spine_1_joint,0.00042510958,0.023775093,0.0032953303,0.5307915,0.47348508,0.53632414,0.45434383
1783532868.9117,58,spine_2_joint,-0.00093679456,0.08075215,0.01130108,0.51581156,0.48609138,0.529206,0.46647018
1783532868.9117,58,spine_3_joint,-0.0028180506,0.13802767,0.016621659,0.5030136,0.49284112,0.522998,0.48016444
1783532868.9117,58,spine_4_joint,-0.0045602755,0.19097903,0.019426137,0.49428013,0.4948923,0.51807797,0.49230433
1783532868.9117,58,spine_5_joint,-0.0064343787,0.26140052,0.020956006,0.49519977,0.48661798,0.52109116,0.49643117
1783532868.9117,58,spine_6_joint,-0.008014702,0.3551583,0.02459744,0.46635672,0.50685555,0.49873105,0.5261901
1783532868.9117,58,spine_7_joint,-0.009255261,0.46203873,0.018015727,0.41620848,0.544685,0.44995618,0.5723878
1783532868.9117,58,left_shoulder_1_joint,0.080467835,0.5706245,-0.009634009,0.8890299,0.34725446,-0.07885399,-0.2877881
1783532868.9117,58,left_arm_joint,0.18873194,0.6667672,-0.0009797132,0.8056637,0.5421563,0.034978423,-0.23611203
1783532868.9117,58,left_forearm_joint,0.29770285,0.8947371,0.08210939,0.62701386,0.7627882,0.048954763,-0.15036984
1783532868.9117,58,left_hand_joint,0.2525539,1.147121,0.16003284,0.5912499,0.5797272,0.49815553,0.25725678
1783532868.9117,58,left_handIndexStart_joint,0.23346823,1.1657896,0.17343889,0.5581475,0.59476167,0.53550863,0.21899912
1783532868.9117,58,left_handIndex_1_joint,0.21089923,1.2379471,0.2005261,0.5581475,0.59476167,0.53550863,0.21899912
1783532868.9117,58,left_handIndex_2_joint,0.1977777,1.2798992,0.21627448,0.5581475,0.59476167,0.53550863,0.21899912
1783532868.9117,58,left_handIndex_3_joint,0.19042964,1.3033923,0.22509357,0.5581475,0.59476167,0.53550863,0.21899912
1783532868.9117,58,left_handIndexEnd_joint,0.18518104,1.3201731,0.23139293,0.5581475,0.59476167,0.53550863,0.21899912
1783532868.9117,58,left_handMidStart_joint,0.24438763,1.1709723,0.1692817,0.59278995,0.5788174,0.4965709,0.25882027
1783532868.9117,58,left_handMid_1_joint,0.23198014,1.2426755,0.19125801,0.59278995,0.5788174,0.4965709,0.25882027
1783532868.9117,58,left_handMid_2_joint,0.22326137,1.2930616,0.2067008,0.59278995,0.5788174,0.4965709,0.25882027
1783532868.9117,58,left_handMid_3_joint,0.2182313,1.3221306,0.2156101,0.59278995,0.5788174,0.4965709,0.25882027
1783532868.9117,58,left_handMidEnd_joint,0.21487795,1.3415098,0.22154965,0.59278995,0.5788174,0.4965709,0.25882027
1783532868.9117,58,left_handPinkyStart_joint,0.27026808,1.1771302,0.16145328,0.6602032,0.525872,0.44271886,0.30263898
1783532868.9117,58,left_handPinky_1_joint,0.2737554,1.2382398,0.17836179,0.6602032,0.525872,0.44271886,0.30263898
1783532868.9117,58,left_handPinky_2_joint,0.27590933,1.2759838,0.1888053,0.6602032,0.525872,0.44271886,0.30263898
1783532868.9117,58,left_handPinky_3_joint,0.2770376,1.2957546,0.19427569,0.6602032,0.525872,0.44271886,0.30263898
1783532868.9117,58,left_handPinkyEnd_joint,0.27806327,1.3137279,0.19924879,0.6602032,0.525872,0.44271886,0.30263898
1783532868.9117,58,left_handRingStart_joint,0.2563703,1.1742855,0.16588484,0.62772346,0.5536076,0.46983483,0.2806015
1783532868.9117,58,left_handRing_1_joint,0.25256673,1.2412521,0.18538503,0.62772346,0.5536076,0.46983483,0.2806015
1783532868.9117,58,left_handRing_2_joint,0.24988185,1.2885225,0.19914988,0.62772346,0.5536076,0.46983483,0.2806015
1783532868.9117,58,left_handRing_3_joint,0.2482038,1.3180665,0.20775288,0.62772346,0.5536076,0.46983483,0.2806015
1783532868.9117,58,left_handRingEnd_joint,0.24708511,1.3377626,0.21348825,0.62772346,0.5536076,0.46983483,0.2806015
1783532868.9117,58,left_handThumbStart_joint,0.23653911,1.1615745,0.18378565,0.34735656,0.8626511,0.160542,-0.33076084
1783532868.9117,58,left_handThumb_1_joint,0.20755188,1.1880538,0.22041683,0.34735656,0.8626511,0.160542,-0.33076084
1783532868.9117,58,left_handThumb_2_joint,0.18683071,1.2069793,0.24660008,0.34735656,0.8626511,0.160542,-0.33076084
1783532868.9117,58,left_handThumbEnd_joint,0.17301661,1.2195963,0.26405555,0.34735656,0.8626511,0.16054195,-0.33076084
1783532868.9117,58,neck_1_joint,-0.008601909,0.5901728,-0.021825239,0.5085693,0.45971745,0.54727376,0.48011237
1783532868.9117,58,neck_2_joint,-0.0092528295,0.6199659,-0.01836861,0.5257043,0.43994766,0.5669101,0.45682964
1783532868.9117,58,neck_3_joint,-0.010448103,0.659187,-0.010604939,0.52604574,0.43875465,0.5721964,0.45095554
1783532868.9117,58,neck_4_joint,-0.012041249,0.6982942,-0.002353543,0.51801956,0.44738352,0.56825715,0.45671317
1783532868.9117,58,head_joint,-0.014177231,0.74373895,0.0065245563,0.4571884,0.50866103,0.51353556,0.51819247
1783532868.9117,58,jaw_joint,-0.0133900475,0.7190783,0.012945914,0.4571884,0.50866103,0.51353556,0.51819247
1783532868.9117,58,chin_joint,-0.017855804,0.67466384,0.11545151,0.4571884,0.50866103,0.51353556,0.51819247
1783532868.9117,58,left_eye_joint,0.010727739,0.78255314,0.09300954,0.46160716,0.5046544,0.5180353,0.51369405
1783532868.9117,58,left_eyeLowerLid_joint,0.010727739,0.78255314,0.09300954,0.46160716,0.5046544,0.5180353,0.51369405
1783532868.9117,58,left_eyeUpperLid_joint,0.010727739,0.78255314,0.09300954,0.46160716,0.5046544,0.5180353,0.51369405
1783532868.9117,58,left_eyeball_joint,0.010727739,0.78255314,0.09300954,0.46160716,0.5046544,0.5180353,0.51369405
1783532868.9117,58,nose_joint,-0.021559607,0.7497361,0.11611252,0.46160978,0.5046519,0.518038,0.51369137
1783532868.9117,58,right_eye_joint,-0.053696126,0.7794114,0.08884152,0.46160716,0.5046544,0.5180353,0.51369405
1783532868.9117,58,right_eyeLowerLid_joint,-0.053696126,0.7794114,0.08884152,0.46160716,0.5046544,0.5180353,0.51369405
1783532868.9117,58,right_eyeUpperLid_joint,-0.053696126,0.7794114,0.08884152,0.46160716,0.5046544,0.5180353,0.51369405
1783532868.9117,58,right_eyeball_joint,-0.053696126,0.7794114,0.08884152,0.46160716,0.5046544,0.5180353,0.51369405
1783532868.9117,58,right_shoulder_1_joint,-0.09792284,0.5681749,-0.020389505,0.3082042,-0.11010858,-0.30997682,0.89263684
1783532868.9117,58,right_arm_joint,-0.21158062,0.65828896,-0.02118752,0.25492772,0.02660958,-0.50799865,0.8223387
1783532868.9117,58,right_forearm_joint,-0.33990782,0.8769099,0.05934504,0.1960662,0.070732735,-0.70408916,0.6788322
1783532868.9117,58,right_hand_joint,-0.33950862,1.125635,0.15906432,-0.25194588,0.48022112,-0.5197427,0.6601351
1783532868.9117,58,right_handIndexStart_joint,-0.32573876,1.1456217,0.17445403,-0.21554011,0.5245235,-0.5353153,0.62598324
1783532868.9117,58,right_handIndex_1_joint,-0.31583056,1.2176044,0.20866008,-0.21554011,0.5245235,-0.5353153,0.62598324
1783532868.9117,58,right_handIndex_2_joint,-0.31007025,1.2594547,0.22854789,-0.21554011,0.5245235,-0.5353153,0.62598324
1783532868.9117,58,right_handIndex_3_joint,-0.30684415,1.2828916,0.2396845,-0.21554011,0.5245235,-0.5353153,0.62598324
1783532868.9117,58,right_handIndexEnd_joint,-0.30453974,1.299632,0.24763913,-0.21554011,0.5245235,-0.5353153,0.62598324
1783532868.9117,58,right_handMidStart_joint,-0.33706054,1.1495141,0.16997738,-0.25135642,0.48103464,-0.5197636,0.65975094
1783532868.9117,58,right_handMid_1_joint,-0.33682522,1.22003,0.19836421,-0.25135642,0.48103464,-0.5197636,0.65975094
1783532868.9117,58,right_handMid_2_joint,-0.33665955,1.2695813,0.21831112,-0.25135642,0.48103464,-0.5197636,0.65975094
1783532868.9117,58,right_handMid_3_joint,-0.33656406,1.2981687,0.22981924,-0.25135642,0.48103464,-0.5197636,0.65975094
1783532868.9117,58,right_handMidEnd_joint,-0.3365003,1.3172266,0.23749089,-0.25135642,0.48103464,-0.5197636,0.65975094
1783532868.9117,58,right_handPinkyStart_joint,-0.36308828,1.1525261,0.1608951,-0.28983504,0.41980752,-0.4656898,0.7231114
1783532868.9117,58,right_handPinky_1_joint,-0.37666407,1.2107462,0.18230678,-0.28983504,0.41980752,-0.4656898,0.7231114
1783532868.9117,58,right_handPinky_2_joint,-0.385049,1.2467065,0.1955315,-0.28983504,0.41980752,-0.4656898,0.7231114
1783532868.9117,58,right_handPinky_3_joint,-0.38944137,1.2655421,0.2024592,-0.28983504,0.41980752,-0.4656898,0.7231114
1783532868.9117,58,right_handPinkyEnd_joint,-0.39343432,1.2826657,0.20875667,-0.28983504,0.41980752,-0.4656898,0.7231114
1783532868.9117,58,right_handRingStart_joint,-0.3491937,1.1513444,0.1660354,-0.2703908,0.4506343,-0.49388143,0.69274724
1783532868.9117,58,right_handRing_1_joint,-0.35659918,1.216164,0.1909909,-0.2703908,0.4506343,-0.49388143,0.69274724
1783532868.9117,58,right_handRing_2_joint,-0.36182666,1.2619184,0.20860659,-0.2703908,0.4506343,-0.49388143,0.69274724
1783532868.9117,58,right_handRing_3_joint,-0.36509365,1.2905155,0.21961614,-0.2703908,0.4506343,-0.49388143,0.69274724
1783532868.9117,58,right_handRingEnd_joint,-0.3672721,1.3095803,0.22695678,-0.2703908,0.4506343,-0.49388143,0.69274724
1783532868.9117,58,right_handThumbStart_joint,-0.3287216,1.140107,0.18419859,-0.35929027,-0.20974687,0.8161782,-0.40096107
1783532868.9117,58,right_handThumb_1_joint,-0.3061568,1.1671605,0.22472289,-0.35929027,-0.20974684,0.8161782,-0.40096107
1783532868.9117,58,right_handThumb_2_joint,-0.29002586,1.1864965,0.25368834,-0.35929027,-0.20974684,0.8161782,-0.40096107
1783532868.9117,58,right_handThumbEnd_joint,-0.2792726,1.1993871,0.272999,-0.35929027,-0.20974684,0.8161782,-0.40096107
1783532868.9117,58,camera,-0.120513685,0.0010423792,0.12837692,-0.07777036,-0.11102291,-0.7111645,0.68983376
1783532868.9459,59,root,0.00032385718,0.022694051,0.002009279,0.086541966,0.012857318,-0.0038107682,0.99615794
1783532868.9459,59,hips_joint,0.00032385718,0.022694051,0.002009279,0.086541966,0.012857318,-0.0038107682,0.99615794
1783532868.9459,59,left_upLeg_joint,0.10060638,-0.0026144527,-0.0039930474,-0.60280585,0.41484296,-0.34968892,0.5850198
1783532868.9459,59,left_leg_joint,0.27378243,-0.38551706,-0.030856637,-0.4578865,0.5553644,-0.17435576,0.6719455
1783532868.9459,59,left_foot_joint,0.42119113,-0.72525144,-0.2991489,0.7029369,-0.15481655,0.55163467,-0.42143926
1783532868.9459,59,left_toes_joint,0.47237793,-0.82698256,-0.20301786,0.7195388,-0.018778987,0.6215133,-0.3092456
1783532868.9459,59,left_toesEnd_joint,0.4861322,-0.8519395,-0.14946759,0.7195388,-0.01877878,0.62151325,-0.3092458
1783532868.9459,59,right_upLeg_joint,-0.10040123,-0.001530683,0.0012917205,0.51146156,0.4466385,0.4180489,0.6034537
1783532868.9459,59,right_leg_joint,-0.2063055,-0.40637937,0.048209693,0.6288224,0.26475546,0.58154273,0.44305217
1783532868.9459,59,right_foot_joint,-0.2901861,-0.7943018,-0.17896797,0.33174405,0.5962031,0.18457207,0.70740443
1783532868.9459,59,right_toes_joint,-0.3231147,-0.89217216,-0.0715083,0.21272948,0.6482734,0.04714781,0.72956496
1783532868.9459,59,right_toesEnd_joint,-0.33251923,-0.9130761,-0.01534605,0.21272999,0.64827347,0.047147367,0.72956485
1783532868.9459,59,spine_1_joint,0.0003238374,0.022694051,0.0020092796,0.5353357,0.47032836,0.5322989,0.4570172
1783532868.9459,59,spine_2_joint,-0.0002000016,0.07967753,0.010067885,0.5199741,0.4828593,0.5238758,0.47119835
1783532868.9459,59,spine_3_joint,-0.0010746783,0.13699143,0.015233749,0.506529,0.48966393,0.5169684,0.48621124
1783532868.9459,59,spine_4_joint,-0.0018203133,0.18998034,0.017756945,0.49698418,0.49182257,0.51187575,0.49909988
1783532868.9459,59,spine_5_joint,-0.0023670548,0.26043367,0.018791804,0.49707925,0.48353174,0.5156702,0.50318366
1783532868.9459,59,spine_6_joint,-0.0023321598,0.3542277,0.021786144,0.46826392,0.5031716,0.49615696,0.53044826
1783532868.9459,59,spine_7_joint,-0.0022295446,0.4611092,0.015106084,0.4194134,0.53977984,0.4529915,0.5723014
1783532868.9459,59,left_shoulder_1_joint,0.08806853,0.56964004,-0.010834601,0.8924395,0.31656674,-0.09053683,-0.30844846
1783532868.9459,59,left_arm_joint,0.2016682,0.6596993,-0.0059476183,0.83824134,0.4730965,0.00822857,-0.27104166
1783532868.9459,59,left_forearm_joint,0.3485523,0.86947685,0.06593595,0.67807287,0.7042306,0.03608148,-0.2073031
1783532868.9459,59,left_hand_joint,0.35003006,1.1213902,0.15728973,0.6662907,0.5407085,0.45263368,0.2425161
1783532868.9459,59,left_handIndexStart_joint,0.33560854,1.1418173,0.17363773,0.63595104,0.55483055,0.49492002,0.20684204
1783532868.9459,59,left_handIndex_1_joint,0.32713053,1.2149346,0.20575915,0.63595104,0.55483055,0.49492002,0.20684204
1783532868.9459,59,left_handIndex_2_joint,0.32220146,1.2574446,0.2244344,0.63595104,0.55483055,0.49492002,0.20684204
1783532868.9459,59,left_handIndex_3_joint,0.31944117,1.2812501,0.23489255,0.63595104,0.55483055,0.49492002,0.20684204
1783532868.9459,59,left_handIndexEnd_joint,0.31746954,1.298254,0.24236265,0.63595104,0.55483055,0.49492002,0.20684204
1783532868.9459,59,left_handMidStart_joint,0.3465702,1.1456417,0.16829044,0.66769236,0.53982526,0.45082974,0.24398449
1783532868.9459,59,left_handMid_1_joint,0.34738222,1.2171614,0.19403008,0.66769236,0.53982526,0.45082974,0.24398449
1783532868.9459,59,left_handMid_2_joint,0.34795287,1.2674186,0.21211737,0.66769236,0.53982526,0.45082974,0.24398449
1783532868.9459,59,left_handMid_3_joint,0.34828207,1.2964131,0.22255237,0.66769236,0.53982526,0.45082974,0.24398449
1783532868.9459,59,left_handMidEnd_joint,0.34850153,1.3157427,0.22950903,0.66769236,0.53982526,0.45082974,0.24398449
1783532868.9459,59,left_handPinkyStart_joint,0.37191656,1.1485441,0.15742125,0.72857237,0.48623413,0.38877407,0.285681
1783532868.9459,59,left_handPinky_1_joint,0.38619563,1.2076412,0.17575309,0.72857237,0.48623413,0.38877407,0.285681
1783532868.9459,59,left_handPinky_2_joint,0.39501506,1.2441424,0.1870757,0.72857237,0.48623413,0.38877407,0.285681
1783532868.9459,59,left_handPinky_3_joint,0.39963478,1.263262,0.1930066,0.72857237,0.48623413,0.38877407,0.285681
1783532868.9459,59,left_handPinkyEnd_joint,0.4038345,1.2806436,0.19839832,0.72857237,0.48623413,0.38877407,0.285681
1783532868.9459,59,left_handRingStart_joint,0.35839987,1.147431,0.16349897,0.6994522,0.5141875,0.4199496,0.26461354
1783532868.9459,59,left_handRing_1_joint,0.36667776,1.2131995,0.18552646,0.6994522,0.5141875,0.4199496,0.26461354
1783532868.9459,59,left_handRing_2_joint,0.372521,1.2596244,0.20107529,0.6994522,0.5141875,0.4199496,0.26461354
1783532868.9459,59,left_handRing_3_joint,0.37617302,1.2886399,0.2107933,0.6994522,0.5141875,0.4199496,0.26461354
1783532868.9459,59,left_handRingEnd_joint,0.3786077,1.3079836,0.21727197,0.6994522,0.5141875,0.4199496,0.26461354
1783532868.9459,59,left_handThumbStart_joint,0.33928052,1.1366969,0.18336137,0.41002813,0.80978096,0.1796065,-0.3793065
1783532868.9459,59,left_handThumb_1_joint,0.31909293,1.1650404,0.22425607,0.41002813,0.80978096,0.1796065,-0.3793065
1783532868.9459,59,left_handThumb_2_joint,0.3046614,1.1852983,0.25348693,0.41002813,0.80978096,0.1796065,-0.3793065
1783532868.9459,59,left_handThumbEnd_joint,0.2950404,1.1988037,0.2729742,0.41002813,0.80978096,0.17960647,-0.3793065
1783532868.9459,59,neck_1_joint,-0.00085805595,0.58968747,-0.023258476,0.50963545,0.45573863,0.54768467,0.4823021
1783532868.9459,59,neck_2_joint,-0.0013174266,0.619472,-0.01969953,0.5257982,0.43705958,0.56546706,0.46126136
1783532868.9459,59,neck_3_joint,-0.0021793526,0.6587227,-0.0120417,0.5256536,0.43659553,0.56948924,0.45689654
1783532868.9459,59,neck_4_joint,-0.0033740443,0.6978983,-0.0040517063,0.51749295,0.44550365,0.5649572,0.46319622
1783532868.9459,59,head_joint,-0.005011398,0.743435,0.004452969,0.45690903,0.50677645,0.50948435,0.5242493
1783532868.9459,59,jaw_joint,-0.0045470255,0.71881926,0.011074717,0.45690903,0.50677645,0.50948435,0.5242493
1783532868.9459,59,chin_joint,-0.010016577,0.6752865,0.113909416,0.45690903,0.50677645,0.50948435,0.5242493
1783532868.9459,59,left_eye_joint,0.01995038,0.7826459,0.090742454,0.4613114,0.5027724,0.5140371,0.51978606
1783532868.9459,59,left_eyeLowerLid_joint,0.01995038,0.7826459,0.090742454,0.4613114,0.5027724,0.5140371,0.51978606
1783532868.9459,59,left_eyeUpperLid_joint,0.01995038,0.7826459,0.090742454,0.4613114,0.5027724,0.5140371,0.51978606
1783532868.9459,59,left_eyeball_joint,0.01995038,0.7826459,0.090742454,0.4613114,0.5027724,0.5140371,0.51978606
1783532868.9459,59,nose_joint,-0.012831535,0.75040025,0.11395333,0.46131396,0.5027698,0.51403975,0.5197834
1783532868.9459,59,right_eye_joint,-0.044486202,0.7802336,0.08629404,0.4613114,0.5027724,0.5140371,0.51978606
1783532868.9459,59,right_eyeLowerLid_joint,-0.044486202,0.7802336,0.08629404,0.4613114,0.5027724,0.5140371,0.51978606
1783532868.9459,59,right_eyeUpperLid_joint,-0.044486202,0.7802336,0.08629404,0.4613114,0.5027724,0.5140371,0.51978606
1783532868.9459,59,right_eyeball_joint,-0.044486202,0.7802336,0.08629404,0.4613114,0.5027724,0.5140371,0.51978606
1783532868.9459,59,right_shoulder_1_joint,-0.090272374,0.5680366,-0.022534348,0.32702413,-0.12597676,-0.27994928,0.8937637
1783532868.9459,59,right_arm_joint,-0.2079822,0.652573,-0.028638981,0.28605288,-0.008403216,-0.45067838,0.84557223
1783532868.9459,59,right_forearm_joint,-0.36588123,0.85657614,0.03616172,0.25028592,0.049213618,-0.64507705,0.7202853
1783532868.9459,59,right_hand_joint,-0.40953562,1.0989941,0.14168939,-0.23359127,0.42752078,-0.48556396,0.7258712
1783532868.9459,59,right_handIndexStart_joint,-0.40050542,1.1197946,0.15934494,-0.19960982,0.47643387,-0.49992564,0.6951556
1783532868.9459,59,right_handIndex_1_joint,-0.4042135,1.1908895,0.19651355,-0.19960982,0.47643387,-0.49992564,0.6951556
1783532868.9459,59,right_handIndex_2_joint,-0.40636963,1.2322235,0.21812375,-0.19960982,0.47643387,-0.49992564,0.6951556
1783532868.9459,59,right_handIndex_3_joint,-0.40757674,1.2553713,0.23022497,-0.19960982,0.47643387,-0.49992564,0.6951556
1783532868.9459,59,right_handIndexEnd_joint,-0.40843886,1.2719053,0.23886861,-0.19960982,0.47643387,-0.49992564,0.6951556
1783532868.9459,59,right_handMidStart_joint,-0.41153336,1.1224973,0.15347522,-0.2330595,0.42839307,-0.4855542,0.7255343
1783532868.9459,59,right_handMid_1_joint,-0.42380488,1.1912347,0.18352433,-0.2330595,0.42839307,-0.4855542,0.7255343
1783532868.9459,59,right_handMid_2_joint,-0.4324277,1.2395363,0.20463933,-0.2330595,0.42839307,-0.4855542,0.7255343
1783532868.9459,59,right_handMid_3_joint,-0.43740252,1.2674026,0.21682136,-0.2330595,0.42839307,-0.4855542,0.7255343
1783532868.9459,59,right_handMidEnd_joint,-0.44071886,1.28598,0.2249423,-0.23305947,0.42839307,-0.4855542,0.7255343
1783532868.9459,59,right_handPinkyStart_joint,-0.4363075,1.1227703,0.14101835,-0.27014285,0.35985434,-0.4315087,0.7818748
1783532868.9459,59,right_handPinky_1_joint,-0.4597145,1.1779648,0.16194712,-0.27014285,0.35985434,-0.4315087,0.7818748
1783532868.9459,59,right_handPinky_2_joint,-0.47417173,1.2120565,0.17487362,-0.27014285,0.35985434,-0.4315087,0.7818748
1783532868.9459,59,right_handPinky_3_joint,-0.48174486,1.2299134,0.18164505,-0.27014285,0.35985434,-0.4315087,0.7818748
1783532868.9459,59,right_handPinkyEnd_joint,-0.48862934,1.2461469,0.18780048,-0.27014285,0.35985434,-0.4315087,0.7818748
1783532868.9459,59,right_handRingStart_joint,-0.42317355,1.1230346,0.14796883,-0.25130916,0.39428046,-0.4595831,0.7550962
1783532868.9459,59,right_handRing_1_joint,-0.44179946,1.1853583,0.17342554,-0.25130916,0.39428046,-0.4595831,0.7550962
1783532868.9459,59,right_handRing_2_joint,-0.45494714,1.2293508,0.191395,-0.25130916,0.39428046,-0.4595831,0.7550962
1783532868.9459,59,right_handRing_3_joint,-0.46316433,1.2568469,0.2026257,-0.25130916,0.39428046,-0.4595831,0.7550962
1783532868.9459,59,right_handRingEnd_joint,-0.46864304,1.2751775,0.2101137,-0.25130916,0.39428046,-0.4595831,0.7550962
1783532868.9459,59,right_handThumbStart_joint,-0.40403843,1.1135446,0.16844003,-0.40692466,-0.21829866,0.7602439,-0.45693287
1783532868.9459,59,right_handThumb_1_joint,-0.3905502,1.1413122,0.2123753,-0.40692466,-0.21829861,0.7602439,-0.45693287
1783532868.9459,59,right_handThumb_2_joint,-0.3809068,1.161159,0.24377908,-0.40692466,-0.21829861,0.7602439,-0.45693287
1783532868.9459,59,right_handThumbEnd_joint,-0.37447855,1.17439,0.2647152,-0.40692466,-0.21829858,0.7602439,-0.45693287
1783532868.9459,59,camera,-0.12047406,0.0009852214,0.128097,-0.0781719,-0.11146907,-0.7112495,0.68962884
1783532868.9805,60,root,4.5530225e-05,0.020917717,0.0014572322,0.088711224,0.010234112,-0.008896867,0.99596506
1783532868.9805,60,hips_joint,4.5530225e-05,0.020917717,0.0014572322,0.088711224,0.010234112,-0.008896867,0.99596506
1783532868.9805,60,left_upLeg_joint,0.10007855,-0.005432379,-0.004217249,-0.5940196,0.4272293,-0.3572501,0.5805068
1783532868.9805,60,left_leg_joint,0.25996846,-0.39382952,-0.034364667,-0.45728225,0.55694366,-0.19578081,0.66511387
1783532868.9805,60,left_foot_joint,0.39851728,-0.7458614,-0.2912832,0.7034353,-0.15643243,0.5642876,-0.4028488
1783532868.9805,60,left_toes_joint,0.4453456,-0.8464169,-0.19175342,0.7203345,-0.020271126,0.6304133,-0.28859386
1783532868.9805,60,left_toesEnd_joint,0.45774105,-0.87026054,-0.13737056,0.7203345,-0.02027092,0.63041323,-0.28859404
1783532868.9805,60,right_upLeg_joint,-0.10092739,-0.0022293685,0.00020062714,0.5141066,0.4403328,0.4201698,0.6043665
1783532868.9805,60,right_leg_joint,-0.21004468,-0.40674374,0.042402837,0.62126625,0.27469787,0.5736483,0.45770848
1783532868.9805,60,right_foot_joint,-0.2973607,-0.80297667,-0.16855887,0.3196644,0.59937006,0.16931917,0.7140737
1783532868.9805,60,right_toes_joint,-0.3307696,-0.8961226,-0.057122115,0.20026858,0.6490935,0.030907337,0.7332223
1783532868.9805,60,right_toesEnd_joint,-0.34019884,-0.91464263,-0.0001334095,0.20026909,0.64909345,0.030906891,0.7332222
1783532868.9805,60,spine_1_joint,4.5510456e-05,0.020917717,0.0014572326,0.5400759,0.4633763,0.5282341,0.46321613
1783532868.9805,60,spine_2_joint,0.0007650434,0.07788873,0.009588659,0.526383,0.47492558,0.5168456,0.47983077
1783532868.9805,60,spine_3_joint,0.0016072094,0.13521037,0.01467344,0.51361334,0.48158064,0.5079509,0.49625355
1783532868.9805,60,spine_4_joint,0.0026753007,0.18820287,0.016997667,0.50418323,0.48398954,0.5021778,0.5092851
1783532868.9805,60,spine_5_joint,0.004591957,0.25863618,0.017718999,0.5037035,0.4763667,0.5070399,0.51212186
1783532868.9805,60,spine_6_joint,0.0075735436,0.35239184,0.020416128,0.474485,0.4972924,0.4914596,0.5348198
1783532868.9805,60,spine_7_joint,0.009930569,0.4592709,0.014122286,0.42581943,0.5351881,0.45669806,0.56892806
1783532868.9805,60,left_shoulder_1_joint,0.10057839,0.56794596,-0.009926157,0.8926895,0.27117008,-0.09847732,-0.34622946
1783532868.9805,60,left_arm_joint,0.22148289,0.64806175,-0.008192114,0.867888,0.37454653,-0.0071526906,-0.32624307
1783532868.9805,60,left_forearm_joint,0.41281426,0.82222855,0.053509,0.73113114,0.6232636,0.03617673,-0.27510235
1783532868.9805,60,left_hand_joint,0.47189298,1.061116,0.15957764,0.74946755,0.47598803,0.40398234,0.22030067
1783532868.9805,60,left_handIndexStart_joint,0.4636228,1.0822275,0.17903051,0.7220612,0.48876393,0.45172852,0.18888909
1783532868.9805,60,left_handIndex_1_joint,0.47278643,1.1526186,0.21659231,0.7220612,0.48876393,0.45172852,0.18888909
1783532868.9805,60,left_handIndex_2_joint,0.47811413,1.1935438,0.23843057,0.7220612,0.48876393,0.45172852,0.18888909
1783532868.9805,60,left_handIndex_3_joint,0.48109764,1.2164619,0.25066,0.7220612,0.48876393,0.45172852,0.18888909
1783532868.9805,60,left_handIndexEnd_joint,0.4832287,1.232832,0.2593953,0.7220612,0.48876393,0.45172852,0.18888909
1783532868.9805,60,left_handMidStart_joint,0.47434402,1.0845454,0.17246859,0.75071603,0.47515103,0.40193245,0.22160214
1783532868.9805,60,left_handMid_1_joint,0.491475,1.152316,0.20233372,0.75071603,0.47515103,0.40193245,0.22160214
1783532868.9805,60,left_handMid_2_joint,0.503513,1.1999387,0.22332002,0.75071603,0.47515103,0.40193245,0.22160214
1783532868.9805,60,left_handMid_3_joint,0.510458,1.2274132,0.23542751,0.75071603,0.47515103,0.40193245,0.22160214
1783532868.9805,60,left_handMidEnd_joint,0.515088,1.2457297,0.24349916,0.75071603,0.47515103,0.40193245,0.22160214
1783532868.9805,60,left_handPinkyStart_joint,0.49823156,1.083947,0.15839627,0.8038198,0.4215883,0.33048853,0.2586787
1783532868.9805,60,left_handPinky_1_joint,0.5252883,1.1378433,0.17828457,0.8038198,0.4215883,0.33048853,0.2586787
1783532868.9805,60,left_handPinky_2_joint,0.5419998,1.1711321,0.1905685,0.8038198,0.4215883,0.33048853,0.2586787
1783532868.9805,60,left_handPinky_3_joint,0.5507535,1.1885692,0.19700295,0.8038198,0.4215883,0.33048853,0.2586787
1783532868.9805,60,left_handPinkyEnd_joint,0.55871135,1.2044209,0.20285243,0.8038198,0.4215883,0.33048853,0.2586787
1783532868.9805,60,left_handRingStart_joint,0.48560774,1.0846679,0.16620643,0.7786841,0.44938067,0.36633325,0.23980907
1783532868.9805,60,left_handRing_1_joint,0.5084991,1.1458263,0.19100265,0.7786841,0.44938067,0.36633325,0.23980907
1783532868.9805,60,left_handRing_2_joint,0.5246576,1.1889971,0.20850585,0.7786841,0.44938067,0.36633325,0.23980907
1783532868.9805,60,left_handRing_3_joint,0.5347567,1.2159789,0.21944536,0.7786841,0.44938067,0.36633325,0.23980907
1783532868.9805,60,left_handRingEnd_joint,0.5414895,1.2339667,0.22673835,0.7786841,0.44938067,0.36633325,0.23980907
1783532868.9805,60,left_handThumbStart_joint,0.4674793,1.0757186,0.18780632,0.4774388,0.73529166,0.21595223,-0.42984113
1783532868.9805,60,left_handThumb_1_joint,0.4581079,1.1034521,0.23282073,0.4774388,0.73529166,0.21595223,-0.42984113
1783532868.9805,60,left_handThumb_2_joint,0.45140743,1.1232744,0.26499647,0.47743878,0.73529166,0.21595223,-0.42984113
1783532868.9805,60,left_handThumbEnd_joint,0.44694045,1.1364893,0.28644696,0.47743878,0.73529166,0.21595217,-0.4298412
1783532868.9805,60,neck_1_joint,0.011709038,0.5885252,-0.02188172,0.51408446,0.45135728,0.54835486,0.48093805
1783532868.9805,60,neck_2_joint,0.01144405,0.61827075,-0.017992167,0.52935433,0.43355238,0.5642396,0.46200734
1783532868.9805,60,neck_3_joint,0.010937325,0.65748566,-0.010121891,0.5287861,0.43372107,0.5670176,0.45908937
1783532868.9805,60,neck_4_joint,0.010167485,0.69665825,-0.0020647466,0.5205522,0.44290343,0.561897,0.46597704
1783532868.9805,60,head_joint,0.009063793,0.74220926,0.006449958,0.46027526,0.50457805,0.5061353,0.5266646
1783532868.9805,60,jaw_joint,0.009259185,0.71758854,0.013067009,0.46027526,0.50457805,0.5061353,0.5266646
1783532868.9805,60,chin_joint,0.0034725606,0.67410254,0.115904264,0.46027526,0.50457805,0.5061353,0.5266646
1783532868.9805,60,left_eye_joint,0.03462047,0.78111774,0.09270215,0.4646583,0.5005446,0.5107092,0.5222305
1783532868.9805,60,left_eyeLowerLid_joint,0.03462047,0.78111774,0.09270215,0.4646583,0.5005446,0.5107092,0.5222305
1783532868.9805,60,left_eyeUpperLid_joint,0.03462047,0.78111774,0.09270215,0.4646583,0.5005446,0.5107092,0.5222305
1783532868.9805,60,left_eyeball_joint,0.03462047,0.78111774,0.09270215,0.4646583,0.5005446,0.5107092,0.5222305
1783532868.9805,60,nose_joint,0.0015136296,0.74924356,0.11596493,0.46466088,0.50054216,0.5107119,0.52222776
1783532868.9805,60,right_eye_joint,-0.029847082,0.7794406,0.08836541,0.4646583,0.5005446,0.5107092,0.5222305
1783532868.9805,60,right_eyeLowerLid_joint,-0.029847082,0.7794406,0.08836541,0.4646583,0.5005446,0.5107092,0.5222305
1783532868.9805,60,right_eyeUpperLid_joint,-0.029847082,0.7794406,0.08836541,0.4646583,0.5005446,0.5107092,0.5222305
1783532868.9805,60,right_eyeball_joint,-0.029847082,0.7794406,0.08836541,0.4646583,0.5005446,0.5107092,0.5222305
1783532868.9805,60,right_shoulder_1_joint,-0.07777928,0.567174,-0.021454891,0.35790902,-0.12786579,-0.23467852,0.8946943
1783532868.9805,60,right_arm_joint,-0.20210856,0.6413608,-0.030275997,0.32848138,-0.021829117,-0.3746827,0.86673933
1783532868.9805,60,right_forearm_joint,-0.39315903,0.81793433,0.025132107,0.30316898,0.0518944,-0.5826562,0.7522685
1783532868.9805,60,right_hand_joint,-0.47774062,1.0444131,0.14072488,-0.21060506,0.39209598,-0.43409914,0.78323996
1783532868.9805,60,right_handIndexStart_joint,-0.47319594,1.0647702,0.1604948,-0.18023105,0.44500124,-0.44697624,0.7547871
1783532868.9805,60,right_handIndex_1_joint,-0.4896092,1.1318413,0.20150489,-0.18023105,0.44500124,-0.44697624,0.7547871
1783532868.9805,60,right_handIndex_2_joint,-0.49915212,1.1708357,0.22534847,-0.18023105,0.44500124,-0.44697624,0.7547871
1783532868.9805,60,right_handIndex_3_joint,-0.5044959,1.1926734,0.23870043,-0.18023105,0.44500124,-0.44697624,0.7547871
1783532868.9805,60,right_handIndexEnd_joint,-0.50831276,1.2082716,0.24823749,-0.18023105,0.44500124,-0.44697624,0.7547871
1783532868.9805,60,right_handMidStart_joint,-0.4838814,1.0665288,0.15370496,-0.21014307,0.39301503,-0.4340541,0.7829282
1783532868.9805,60,right_handMid_1_joint,-0.50777113,1.1307501,0.18661804,-0.21014307,0.39301503,-0.4340541,0.7829282
1783532868.9805,60,right_handMid_2_joint,-0.524558,1.1758784,0.20974559,-0.21014307,0.39301503,-0.4340541,0.7829282
1783532868.9805,60,right_handMid_3_joint,-0.53424287,1.201914,0.2230887,-0.21014307,0.39301503,-0.4340541,0.7829282
1783532868.9805,60,right_handMidEnd_joint,-0.5406992,1.219271,0.2319837,-0.21014306,0.39301503,-0.4340541,0.7829282
1783532868.9805,60,right_handPinkyStart_joint,-0.50719935,1.0646862,0.13880913,-0.2434232,0.31771266,-0.380853,0.83351994
1783532868.9805,60,right_handPinky_1_joint,-0.53945893,1.1148247,0.16066748,-0.2434232,0.31771266,-0.380853,0.83351994
1783532868.9805,60,right_handPinky_2_joint,-0.55938405,1.1457936,0.17416818,-0.2434232,0.31771266,-0.380853,0.83351994
1783532868.9805,60,right_handPinky_3_joint,-0.5698213,1.1620145,0.1812403,-0.24342316,0.31771266,-0.380853,0.83351994
1783532868.9805,60,right_handPinkyEnd_joint,-0.5793094,1.176761,0.18766911,-0.2434232,0.31771266,-0.380853,0.83351994
1783532868.9805,60,right_handRingStart_joint,-0.49492323,1.0660415,0.14707595,-0.22640179,0.3555065,-0.4083927,0.80967486
1783532868.9805,60,right_handRing_1_joint,-0.52381784,1.1234807,0.1743714,-0.22640179,0.3555065,-0.4083927,0.80967486
1783532868.9805,60,right_handRing_2_joint,-0.544214,1.1640254,0.19363876,-0.22640179,0.3555065,-0.4083927,0.80967486
1783532868.9805,60,right_handRing_3_joint,-0.55696154,1.1893666,0.20568071,-0.22640179,0.3555065,-0.4083927,0.80967486
1783532868.9805,60,right_handRingEnd_joint,-0.56546056,1.2062604,0.21370946,-0.22640179,0.3555065,-0.4083927,0.80967486
1783532868.9805,60,right_handThumbStart_joint,-0.47672316,1.0574609,0.16876502,0.44493818,0.2473205,-0.70051014,0.50014925
1783532868.9805,60,right_handThumb_1_joint,-0.47115454,1.0832702,0.21552137,0.44493818,0.2473205,-0.70051014,0.50014925
1783532868.9805,60,right_handThumb_2_joint,-0.46717182,1.1017176,0.24894178,0.44493818,0.24732049,-0.70051014,0.50014925
1783532868.9805,60,right_handThumbEnd_joint,-0.46451735,1.1140155,0.2712222,0.44493818,0.24732049,-0.70051014,0.50014925
1783532868.9805,60,camera,-0.120300874,0.0010525559,0.12795426,-0.07821437,-0.11184017,-0.71130633,0.6895053
1783532869.0118,61,root,-0.0007037333,0.019303136,0.0013607491,0.08842486,0.006062811,-0.012432862,0.99598676
1783532869.0118,61,hips_joint,-0.0007037333,0.019303136,0.0013607491,0.08842486,0.006062811,-0.012432862,0.99598676
1783532869.0118,61,left_upLeg_joint,0.09916186,-0.007828114,-0.00352714,-0.5880082,0.43466157,-0.37712622,0.5684113
1783532869.0118,61,left_leg_joint,0.24136356,-0.4036186,-0.024845982,-0.4574647,0.5571933,-0.22629026,0.65502244
1783532869.0118,61,left_foot_joint,0.36788055,-0.7723188,-0.2639756,0.70373285,-0.1565163,0.58208156,-0.3760899
1783532869.0118,61,left_toes_joint,0.40862095,-0.87039983,-0.1594251,0.72064245,-0.02029714,0.64281315,-0.2589474
1783532869.0118,61,left_toesEnd_joint,0.4191009,-0.8923687,-0.103862494,0.72064245,-0.020296933,0.642813,-0.2589476
1783532869.0118,61,right_upLeg_joint,-0.101841055,-0.0030591844,-0.0006552566,0.5178599,0.4326766,0.42545804,0.60299045
1783532869.0118,61,right_leg_joint,-0.2128213,-0.40782493,0.033514123,0.6196088,0.27462277,0.57019114,0.46427298
1783532869.0118,61,right_foot_joint,-0.30379188,-0.80557495,-0.1730014,0.318406,0.59828883,0.1625494,0.7171093
1783532869.0118,61,right_toes_joint,-0.33825642,-0.8970997,-0.060547464,0.1992379,0.64779335,0.023684919,0.7349198
1783532869.0118,61,right_toesEnd_joint,-0.34793806,-0.9148695,-0.0033625602,0.1992384,0.64779335,0.023684477,0.73491967
1783532869.0118,61,spine_1_joint,-0.0007037531,0.019303136,0.0013607495,0.5417699,0.45926788,0.5258491,0.4680182
1783532869.0118,61,spine_2_joint,0.0007414879,0.07627178,0.009411646,0.52971977,0.47093055,0.5123074,0.48493576
1783532869.0118,61,spine_3_joint,0.0025561964,0.13358262,0.014362152,0.51814795,0.47805524,0.5019721,0.5010093
1783532869.0118,61,spine_4_joint,0.004623967,0.18655151,0.016546458,0.50991094,0.48098043,0.4958175,0.5126537
1783532869.0118,61,spine_5_joint,0.0078431,0.25693795,0.017203711,0.5107162,0.47365695,0.5016275,0.51301867
1783532869.0118,61,spine_6_joint,0.012337137,0.3506232,0.020230226,0.4836688,0.49459288,0.48969597,0.53069794
1783532869.0118,61,spine_7_joint,0.015647274,0.4575561,0.015467203,0.43907443,0.5316374,0.4627745,0.55714935
1783532869.0118,61,left_shoulder_1_joint,0.105890594,0.5670695,-0.0061795246,0.88227797,0.2149835,-0.105834015,-0.40517515
1783532869.0118,61,left_arm_joint,0.23428321,0.634534,-0.0079981685,0.87946564,0.24923636,-0.01310613,-0.40527725
1783532869.0118,61,left_forearm_joint,0.46713275,0.75396526,0.03960459,0.77785176,0.51096255,0.049939685,-0.36244982
1783532869.0118,61,left_hand_joint,0.59384155,0.9572757,0.15967885,0.8393475,0.37801775,0.34738928,0.17865914
1783532869.0118,61,left_handIndexStart_joint,0.5934358,0.9766527,0.18241364,0.81535536,0.3882581,0.40103146,0.15370442
1783532869.0118,61,left_handIndex_1_joint,0.6237016,1.037401,0.22534864,0.81535536,0.3882581,0.40103146,0.15370442
1783532869.0118,61,left_handIndex_2_joint,0.6412979,1.0727197,0.25031087,0.81535536,0.3882581,0.40103146,0.15370442
1783532869.0118,61,left_handIndex_3_joint,0.6511519,1.0924982,0.2642897,0.81535536,0.3882581,0.40103146,0.15370442
1783532869.0118,61,left_handIndexEnd_joint,0.6581904,1.1066257,0.2742746,0.81535536,0.3882581,0.40103146,0.15370442
1783532869.0118,61,left_handMidStart_joint,0.603392,0.9775664,0.17445016,0.84041333,0.37728125,0.34506768,0.17970157
1783532869.0118,61,left_handMid_1_joint,0.6396643,1.0351981,0.20823139,0.84041333,0.37728125,0.34506768,0.17970157
1783532869.0118,61,left_handMid_2_joint,0.66515297,1.075696,0.23196954,0.84041333,0.37728125,0.34506768,0.17970157
1783532869.0118,61,left_handMid_3_joint,0.6798579,1.0990602,0.24566463,0.84041333,0.37728125,0.34506768,0.17970157
1783532869.0118,61,left_handMidEnd_joint,0.68966126,1.1146363,0.2547947,0.84041333,0.37728125,0.34506768,0.17970157
1783532869.0118,61,left_handPinkyStart_joint,0.62431943,0.97395194,0.15661815,0.8837869,0.32578525,0.26278818,0.20910998
1783532869.0118,61,left_handPinky_1_joint,0.6655707,1.0174981,0.17746232,0.8837869,0.32578525,0.26278818,0.20910998
1783532869.0118,61,left_handPinky_2_joint,0.6910494,1.0443944,0.19033666,0.8837869,0.32578525,0.26278818,0.20910998
1783532869.0118,61,left_handPinky_3_joint,0.7043954,1.0584829,0.19708036,0.8837869,0.32578525,0.26278818,0.20910998
1783532869.0118,61,left_handPinkyEnd_joint,0.7165282,1.0712906,0.203211,0.8837869,0.32578525,0.26278818,0.20910998
1783532869.0118,61,left_handRingStart_joint,0.6134049,0.9762,0.16645174,0.86360174,0.3523411,0.3040417,0.19392397
1783532869.0118,61,left_handRing_1_joint,0.65299875,1.0269462,0.19358814,0.86360174,0.3523411,0.3040417,0.19392397
1783532869.0118,61,left_handRing_2_joint,0.6809473,1.062767,0.21274325,0.86360174,0.3523411,0.3040417,0.19392397
1783532869.0118,61,left_handRing_3_joint,0.6984152,1.085155,0.2247152,0.86360174,0.3523411,0.3040417,0.19392397
1783532869.0118,61,left_handRingEnd_joint,0.7100605,1.1000804,0.2326965,0.86360174,0.3523411,0.3040417,0.19392397
1783532869.0118,61,left_handThumbStart_joint,0.59685737,0.9682886,0.1896654,0.5435453,0.62674826,0.27164578,-0.48780516
1783532869.0118,61,left_handThumb_1_joint,0.6004467,0.99064374,0.23835449,0.5435453,0.62674826,0.27164578,-0.48780516
1783532869.0118,61,left_handThumb_2_joint,0.6030102,1.0066222,0.27315703,0.5435453,0.62674826,0.27164578,-0.48780516
1783532869.0118,61,left_handThumbEnd_joint,0.60471916,1.0172745,0.29635873,0.5435453,0.62674826,0.27164578,-0.48780516
1783532869.0118,61,neck_1_joint,0.016842676,0.5879878,-0.016032584,0.5239378,0.44824722,0.550607,0.47052708
1783532869.0118,61,neck_2_joint,0.016597055,0.61762357,-0.011378298,0.5371203,0.43233106,0.5648234,0.45339447
1783532869.0118,61,neck_3_joint,0.016122205,0.6566877,-0.0027893668,0.53529674,0.4338991,0.5666446,0.45177802
1783532869.0118,61,neck_4_joint,0.015373839,0.6957486,0.005794385,0.5264929,0.4438259,0.5610583,0.4593884
1783532869.0118,61,head_joint,0.014289426,0.7412041,0.014807756,0.46607175,0.50615627,0.50612575,0.5200192
1783532869.0118,61,jaw_joint,0.014634393,0.7165152,0.02115921,0.46607175,0.50615627,0.50612575,0.5200192
1783532869.0118,61,chin_joint,0.010412144,0.6719279,0.123600215,0.46607175,0.50615627,0.50612575,0.5200192
1783532869.0118,61,left_eye_joint,0.040985815,0.77925736,0.101096265,0.47046837,0.5020724,0.51064175,0.5155853
1783532869.0118,61,left_eyeLowerLid_joint,0.040985815,0.77925736,0.101096265,0.47046837,0.5020724,0.51064175,0.5155853
1783532869.0118,61,left_eyeUpperLid_joint,0.040985815,0.77925736,0.101096265,0.47046837,0.5020724,0.51064175,0.5155853
1783532869.0118,61,left_eyeball_joint,0.040985815,0.77925736,0.101096265,0.47046837,0.5020724,0.51064175,0.5155853
1783532869.0118,61,nose_joint,0.0082856305,0.74705917,0.124487646,0.47047105,0.5020699,0.5106445,0.5155827
1783532869.0118,61,right_eye_joint,-0.023533063,0.77747184,0.09765987,0.47046837,0.5020724,0.51064175,0.5155853
1783532869.0118,61,right_eyeLowerLid_joint,-0.023533063,0.77747184,0.09765987,0.47046837,0.5020724,0.51064175,0.5155853
1783532869.0118,61,right_eyeUpperLid_joint,-0.023533063,0.77747184,0.09765987,0.47046837,0.5020724,0.51064175,0.5155853
1783532869.0118,61,right_eyeball_joint,-0.023533063,0.77747184,0.09765987,0.47046837,0.5020724,0.51064175,0.5155853
1783532869.0118,61,right_shoulder_1_joint,-0.072624154,0.5665694,-0.014964291,0.39990458,-0.11931867,-0.18416043,0.88990146
1783532869.0118,61,right_arm_joint,-0.20370452,0.6279544,-0.024402728,0.38045388,-0.018781973,-0.28154057,0.88070273
1783532869.0118,61,right_forearm_joint,-0.42733595,0.76366,0.023778958,0.3553916,0.067631654,-0.5048626,0.78373265
1783532869.0118,61,right_hand_joint,-0.55625117,0.9628381,0.14834727,-0.1878338,0.35784695,-0.36249945,0.8397967
1783532869.0118,61,right_handIndexStart_joint,-0.5566434,0.9817367,0.16999465,-0.16244501,0.4146837,-0.37395442,0.8135155
1783532869.0118,61,right_handIndex_1_joint,-0.58687156,1.0414202,0.21442313,-0.16244501,0.4146837,-0.37395442,0.8135155
1783532869.0118,61,right_handIndex_2_joint,-0.6044464,1.0761195,0.24025409,-0.16244501,0.4146837,-0.37395442,0.8135155
1783532869.0118,61,right_handIndex_3_joint,-0.6142882,1.095552,0.25471908,-0.16244501,0.4146837,-0.37395442,0.8135155
1783532869.0118,61,right_handIndexEnd_joint,-0.62131786,1.1094321,0.26505113,-0.16244501,0.4146837,-0.37395442,0.8135155
1783532869.0118,61,right_handMidStart_joint,-0.56689173,0.98245627,0.16239013,-0.18746205,0.3588096,-0.36241958,0.83950347
1783532869.0118,61,right_handMid_1_joint,-0.6033653,1.0389382,0.19785623,-0.18746205,0.3588096,-0.36241958,0.83950347
1783532869.0118,61,right_handMid_2_joint,-0.62899476,1.078628,0.22277786,-0.18746205,0.3588096,-0.36241958,0.83950347
1783532869.0118,61,right_handMid_3_joint,-0.6437811,1.1015259,0.23715596,-0.18746205,0.3588096,-0.36241958,0.83950347
1783532869.0118,61,right_handMidEnd_joint,-0.6536384,1.1167912,0.246741,-0.18746203,0.3588096,-0.36241958,0.83950347
1783532869.0118,61,right_handPinkyStart_joint,-0.5883359,0.9784456,0.14527088,-0.21479045,0.27675658,-0.31018472,0.88377404
1783532869.0118,61,right_handPinky_1_joint,-0.6298896,1.0208104,0.16787271,-0.21479045,0.27675658,-0.31018472,0.88377404
1783532869.0118,61,right_handPinky_2_joint,-0.6555554,1.0469779,0.18183272,-0.21479045,0.27675658,-0.31018472,0.88377404
1783532869.0118,61,right_handPinky_3_joint,-0.6689995,1.0606837,0.18914533,-0.21479043,0.27675658,-0.31018472,0.88377404
1783532869.0118,61,right_handPinkyEnd_joint,-0.6812211,1.0731438,0.19579281,-0.21479045,0.27675658,-0.31018472,0.88377404
1783532869.0118,61,right_handRingStart_joint,-0.57714236,0.9808969,0.15473533,-0.20065463,0.31793195,-0.33709922,0.8631463
1783532869.0118,61,right_handRing_1_joint,-0.61699706,1.030458,0.18362305,-0.20065463,0.31793195,-0.33709922,0.8631463
1783532869.0118,61,right_handRing_2_joint,-0.6451296,1.0654417,0.20401432,-0.20065463,0.31793195,-0.33709922,0.8631463
1783532869.0118,61,right_handRing_3_joint,-0.66271245,1.0873072,0.21675879,-0.20065463,0.31793195,-0.33709922,0.8631463
1783532869.0118,61,right_handRingEnd_joint,-0.674435,1.1018839,0.22525579,-0.20065463,0.31793195,-0.33709922,0.8631463
1783532869.0118,61,right_handThumbStart_joint,-0.55960274,0.9732406,0.17729698,0.47536203,0.28937334,-0.6274176,0.5446482
1783532869.0118,61,right_handThumb_1_joint,-0.5620341,0.99516696,0.22625214,0.47536203,0.28937334,-0.6274176,0.5446482
1783532869.0118,61,right_handThumb_2_joint,-0.56376946,1.0108392,0.2612444,0.47536203,0.28937334,-0.6274176,0.5446482
1783532869.0118,61,right_handThumbEnd_joint,-0.56492704,1.0212868,0.2845726,0.47536203,0.2893733,-0.6274176,0.5446482
1783532869.0118,61,camera,-0.120140016,0.0009896285,0.1275337,-0.07776581,-0.11196535,-0.7114351,0.6894029
1783532869.0453,62,root,-0.0014808574,0.0177087,0.001113765,0.08515139,0.0006595739,-0.012961644,0.99628353
1783532869.0453,62,hips_joint,-0.0014808574,0.0177087,0.001113765,0.08515139,0.0006595739,-0.012961644,0.99628353
1783532869.0453,62,left_upLeg_joint,0.09837649,-0.009647115,-0.0025334768,-0.5832789,0.4378093,-0.3972877,0.55702
1783532869.0453,62,left_leg_joint,0.22511566,-0.4110928,-0.012756967,-0.45259807,0.55890936,-0.24733496,0.6493078
1783532869.0453,62,left_foot_joint,0.3407646,-0.78933823,-0.2422892,0.70096004,-0.16086842,0.5951242,-0.3586134
1783532869.0453,62,left_toes_joint,0.37651694,-0.8865611,-0.13514467,0.7187448,-0.025095893,0.6523067,-0.23931561
1783532869.0453,62,left_toesEnd_joint,0.38547876,-0.9076883,-0.0789932,0.7187448,-0.025095684,0.6523066,-0.23931581
1783532869.0453,62,right_upLeg_joint,-0.10263564,-0.0044718157,-0.0018240495,0.51337063,0.4292522,0.43305895,0.6038651
1783532869.0453,62,right_leg_joint,-0.21060604,-0.41030005,0.029244758,0.6103999,0.278133,0.5768707,0.46612677
1783532869.0453,62,right_foot_joint,-0.29279426,-0.8115112,-0.17423521,0.3089919,0.5953731,0.16666442,0.7226879
1783532869.0453,62,right_toes_joint,-0.32789236,-0.9022453,-0.061337393,0.19054706,0.643146,0.026668029,0.74117726
1783532869.0453,62,right_toesEnd_joint,-0.33828366,-0.91951096,-0.004122586,0.1905476,0.6431461,0.026667595,0.7411771
1783532869.0453,62,spine_1_joint,-0.0014808772,0.0177087,0.0011137652,0.53900355,0.45754856,0.52526045,0.47352505
1783532869.0453,62,spine_2_joint,0.00021702066,0.07472567,0.008763296,0.52773064,0.46898103,0.5106081,0.49075118
1783532869.0453,62,spine_3_joint,0.0024427343,0.1320572,0.013288162,0.5167439,0.47595525,0.50008047,0.50632197
1783532869.0453,62,spine_4_joint,0.0049241995,0.18502107,0.015137308,0.50914764,0.47862315,0.4950516,0.51634544
1783532869.0453,62,spine_5_joint,0.008570402,0.25538817,0.015607581,0.5114227,0.47027254,0.50401974,0.5130838
1783532869.0453,62,spine_6_joint,0.013209569,0.3490444,0.019250156,0.487107,0.48914003,0.49786803,0.52497286
1783532869.0453,62,spine_7_joint,0.015936563,0.45607445,0.016920388,0.4481194,0.5221492,0.4810172,0.5432974
1783532869.0453,62,left_shoulder_1_joint,0.1045626,0.5678908,0.0011679578,0.8576929,0.16248766,-0.10753147,-0.4758129
1783532869.0453,62,left_arm_joint,0.23859866,0.62316334,-0.0031589505,0.86113596,0.12009234,-0.013574013,-0.49380034
1783532869.0453,62,left_forearm_joint,0.49681488,0.68174344,0.02216964,0.8010492,0.3779429,0.0695878,-0.45895243
1783532869.0453,62,left_hand_joint,0.6856357,0.8268834,0.14500779,0.9159506,0.25995916,0.2830276,0.11554949
1783532869.0453,62,left_handIndexStart_joint,0.6933043,0.841361,0.16998968,0.8958919,0.26632693,0.34171027,0.098398395
1783532869.0453,62,left_handIndex_1_joint,0.7434669,0.8850859,0.21495223,0.8958919,0.26632693,0.34171027,0.098398395
1783532869.0453,62,left_handIndex_2_joint,0.7726313,0.9105073,0.24109325,0.8958919,0.26632693,0.34171027,0.098398395
1783532869.0453,62,left_handIndex_3_joint,0.7889633,0.92474335,0.25573224,0.8958919,0.26632693,0.34171027,0.098398395
1783532869.0453,62,left_handIndexEnd_joint,0.800629,0.9349119,0.26618862,0.8958919,0.26632693,0.34171027,0.098398395
1783532869.0453,62,left_handMidStart_joint,0.7019175,0.84153074,0.16054721,0.9168081,0.25938794,0.28046548,0.116276875
1783532869.0453,62,left_handMid_1_joint,0.75574476,0.88264275,0.19505374,0.9168081,0.25938794,0.28046548,0.116276875
1783532869.0453,62,left_handMid_2_joint,0.79356927,0.91153216,0.21930158,0.9168081,0.25938794,0.28046548,0.116276875
1783532869.0453,62,left_handMid_3_joint,0.81539106,0.92819923,0.2332907,0.9168081,0.25938794,0.28046548,0.116276875
1783532869.0453,62,left_handMidEnd_joint,0.82993895,0.9393106,0.2426168,0.9168081,0.25938794,0.28046548,0.116276875
1783532869.0453,62,left_handPinkyStart_joint,0.71850294,0.8367835,0.13883567,0.9491079,0.21281898,0.18796696,0.13627636
1783532869.0453,62,left_handPinky_1_joint,0.7717649,0.86568975,0.15780972,0.9491079,0.21281898,0.18796696,0.13627636
1783532869.0453,62,left_handPinky_2_joint,0.804662,0.8835436,0.16952899,0.9491079,0.21281898,0.18796696,0.13627636
1783532869.0453,62,left_handPinky_3_joint,0.8218938,0.89289564,0.17566766,0.9491079,0.21281898,0.18796696,0.13627636
1783532869.0453,62,left_handPinkyEnd_joint,0.8375591,0.90139747,0.18124826,0.9491079,0.21281898,0.18796696,0.13627636
1783532869.0453,62,left_handRingStart_joint,0.7100195,0.8395091,0.15073028,0.934503,0.23667376,0.23432721,0.1256224
1783532869.0453,62,left_handRing_1_joint,0.7643747,0.87451994,0.17716879,0.934503,0.23667376,0.23432721,0.1256224
1783532869.0453,62,left_handRing_2_joint,0.80274296,0.89923346,0.19583125,0.934503,0.23667376,0.23432721,0.1256224
1783532869.0453,62,left_handRing_3_joint,0.82672316,0.9146794,0.2074953,0.934503,0.23667376,0.23432721,0.1256224
1783532869.0453,62,left_handRingEnd_joint,0.84270996,0.9249767,0.21527134,0.934503,0.23667376,0.23432721,0.1256224
1783532869.0453,62,left_handThumbStart_joint,0.6955776,0.8312643,0.17519952,-0.591677,-0.49074093,-0.33213276,0.54660815
1783532869.0453,62,left_handThumb_1_joint,0.71156716,0.8429503,0.22510982,-0.591677,-0.49074093,-0.33213276,0.54660815
1783532869.0453,62,left_handThumb_2_joint,0.7229941,0.851303,0.26078555,-0.591677,-0.49074093,-0.33213276,0.54660815
1783532869.0453,62,left_handThumbEnd_joint,0.73061204,0.8568715,0.28456938,-0.591677,-0.49074093,-0.33213273,0.54660815
1783532869.0453,62,neck_1_joint,0.015236442,0.58793193,-0.007963717,0.52766377,0.44142395,0.5631636,0.4577805
1783532869.0453,62,neck_2_joint,0.014515938,0.6173757,-0.0022585702,0.5378311,0.4287427,0.5745667,0.44361126
1783532869.0453,62,neck_3_joint,0.013400159,0.65621364,0.0072474186,0.5340675,0.43255875,0.5746873,0.444297
1783532869.0453,62,neck_4_joint,0.012010345,0.69512147,0.016426397,0.5241927,0.44367975,0.56824535,0.45328605
1783532869.0453,62,head_joint,0.01018454,0.740454,0.025925511,0.4637591,0.50569445,0.51397187,0.51481473
1783532869.0453,62,jaw_joint,0.010878427,0.7157056,0.032011136,0.4637591,0.50569445,0.51397187,0.51481473
1783532869.0453,62,chin_joint,0.00685179,0.66994566,0.13394165,0.4637591,0.50569445,0.51397187,0.51481473
1783532869.0453,62,left_eye_joint,0.035880055,0.7779694,0.11275174,0.46815166,0.5016305,0.5184421,0.51031274
1783532869.0453,62,left_eyeLowerLid_joint,0.035880055,0.7779694,0.11275174,0.46815166,0.5016305,0.5184421,0.51031274
1783532869.0453,62,left_eyeUpperLid_joint,0.035880055,0.7779694,0.11275174,0.46815166,0.5016305,0.5184421,0.51031274
1783532869.0453,62,left_eyeball_joint,0.035880055,0.7779694,0.11275174,0.46815166,0.5016305,0.5184421,0.51031274
1783532869.0453,62,nose_joint,0.0035669373,0.74502134,0.13563128,0.4681543,0.50162804,0.5184447,0.51031
1783532869.0453,62,right_eye_joint,-0.028586613,0.7752337,0.108976945,0.46815166,0.5016305,0.5184421,0.51031274
1783532869.0453,62,right_eyeLowerLid_joint,-0.028586613,0.7752337,0.108976945,0.46815166,0.5016305,0.5184421,0.51031274
1783532869.0453,62,right_eyeUpperLid_joint,-0.028586613,0.7752337,0.108976945,0.46815166,0.5016305,0.5184421,0.51031274
1783532869.0453,62,right_eyeball_joint,-0.028586613,0.7752337,0.108976945,0.46815166,0.5016305,0.5184421,0.51031274
1783532869.0453,62,right_shoulder_1_joint,-0.07389553,0.56513786,-0.008322413,0.46674836,-0.11585666,-0.10896727,0.869971
1783532869.0453,62,right_arm_joint,-0.2116062,0.608326,-0.022807509,0.46099305,-0.01951889,-0.12970285,0.877657
1783532869.0453,62,right_forearm_joint,-0.46844015,0.6736696,-0.00011294365,0.43911654,0.08062278,-0.35208583,0.8226254
1783532869.0453,62,right_hand_joint,-0.66648954,0.809923,0.11829207,-0.14437422,0.27627876,-0.23266822,0.92124474
1783532869.0453,62,right_handIndexStart_joint,-0.67561704,0.8243588,0.14140517,-0.1280396,0.33884335,-0.2414112,0.9002843
1783532869.0453,62,right_handIndex_1_joint,-0.7281249,0.8662363,0.18543857,-0.1280396,0.33884335,-0.2414112,0.9002843
1783532869.0453,62,right_handIndex_2_joint,-0.758653,0.8905833,0.21103972,-0.1280396,0.33884335,-0.2414112,0.9002843
1783532869.0453,62,right_handIndex_3_joint,-0.7757488,0.90421844,0.22537616,-0.1280396,0.33884335,-0.2414112,0.9002843
1783532869.0453,62,right_handIndexEnd_joint,-0.7879598,0.9139577,0.23561639,-0.1280396,0.33884335,-0.2414112,0.9002843
1783532869.0453,62,right_handMidStart_joint,-0.6843278,0.82359475,0.13208245,-0.14416884,0.27729797,-0.23253097,0.9210053
1783532869.0453,62,right_handMid_1_joint,-0.7404326,0.8622318,0.16581342,-0.14416884,0.27729797,-0.23253097,0.9210053
1783532869.0453,62,right_handMid_2_joint,-0.7798571,0.88938236,0.18951587,-0.14416884,0.27729797,-0.23253097,0.9210053
1783532869.0453,62,right_handMid_3_joint,-0.8026021,0.905046,0.20319057,-0.14416884,0.27729797,-0.23253097,0.9210053
1783532869.0453,62,right_handMidEnd_joint,-0.8177652,0.9154885,0.21230672,-0.14416882,0.27729797,-0.23253098,0.9210053
1783532869.0453,62,right_handPinkyStart_joint,-0.7007971,0.8169358,0.11078865,-0.16131832,0.18525042,-0.18307759,0.95191467
1783532869.0453,62,right_handPinky_1_joint,-0.7556826,0.8428642,0.12943351,-0.16131832,0.18525042,-0.18307759,0.95191467
1783532869.0453,62,right_handPinky_2_joint,-0.78958297,0.8588797,0.14094958,-0.16131832,0.18525042,-0.18307759,0.95191467
1783532869.0453,62,right_handPinky_3_joint,-0.8073402,0.86726785,0.14698191,-0.16131829,0.18525042,-0.18307759,0.95191467
1783532869.0453,62,right_handPinkyEnd_joint,-0.82348293,0.8748938,0.15246557,-0.16131832,0.18525042,-0.18307759,0.95191467
1783532869.0453,62,right_handRingStart_joint,-0.6923846,0.8206679,0.12245834,-0.15212557,0.2314065,-0.20832787,0.9380345
1783532869.0453,62,right_handRing_1_joint,-0.7486917,0.85288656,0.14835562,-0.15212557,0.2314065,-0.20832787,0.9380345
1783532869.0453,62,right_handRing_2_joint,-0.78843755,0.87562865,0.16663596,-0.15212557,0.2314065,-0.20832787,0.9380345
1783532869.0453,62,right_handRing_3_joint,-0.8132789,0.8898431,0.17806117,-0.15212557,0.2314065,-0.20832787,0.9380345
1783532869.0453,62,right_handRingEnd_joint,-0.8298404,0.89931875,0.1856785,-0.15212557,0.2314065,-0.20832787,0.9380345
1783532869.0453,62,right_handThumbStart_joint,-0.67713994,0.8143317,0.14700902,0.52098,0.34510785,-0.4798398,0.6158203
1783532869.0453,62,right_handThumb_1_joint,-0.6933222,0.8267569,0.19667824,0.52098,0.34510785,-0.4798398,0.6158203
1783532869.0453,62,right_handThumb_2_joint,-0.70488656,0.8356386,0.23218134,0.52098,0.34510785,-0.4798398,0.6158203
1783532869.0453,62,right_handThumbEnd_joint,-0.7125966,0.84155905,0.25584996,0.52098,0.34510785,-0.4798398,0.6158203
1783532869.0453,62,camera,-0.119756654,0.0011796185,0.1274838,-0.07768035,-0.11215679,-0.71158856,0.689223
1783532869.0785,63,root,-0.0021579005,0.015990587,0.0008651591,0.08346015,-0.0001268358,-0.012509499,0.99643254
1783532869.0785,63,hips_joint,-0.0021579005,0.015990587,0.0008651591,0.08346015,-0.0001268358,-0.012509499,0.99643254
1783532869.0785,63,left_upLeg_joint,0.09772621,-0.011300042,-0.0025289445,-0.5757674,0.44872,-0.4114819,0.5457332
1783532869.0785,63,left_leg_joint,0.20665069,-0.4180142,-0.009235883,-0.440422,0.5703153,-0.26141724,0.6422069
1783532869.0785,63,left_foot_joint,0.30396682,-0.80129516,-0.2389196,0.6984089,-0.17735608,0.6018308,-0.34433904
1783532869.0785,63,left_toes_joint,0.3356642,-0.89998424,-0.13183925,0.7193649,-0.041768245,0.6561863,-0.22402887
1783532869.0785,63,left_toesEnd_joint,0.34387493,-0.92146415,-0.07570672,0.71936494,-0.041768037,0.65618616,-0.22402906
1783532869.0785,63,right_upLeg_joint,-0.10329073,-0.006278304,-0.0021586195,0.5077878,0.43137768,0.43976408,0.6022226
1783532869.0785,63,right_leg_joint,-0.20479164,-0.41379905,0.028563099,0.60554504,0.27636516,0.592931,0.4531778
1783532869.0785,63,right_foot_joint,-0.2706932,-0.81262076,-0.18527693,0.30626026,0.59098744,0.18729268,0.72239864
1783532869.0785,63,right_toes_joint,-0.30516583,-0.906897,-0.075122125,0.18869622,0.6383223,0.046977233,0.7448029
1783532869.0785,63,right_toesEnd_joint,-0.31612557,-0.92575467,-0.018519234,0.18869673,0.63832235,0.046976805,0.7448028
1783532869.0785,63,spine_1_joint,-0.0021579203,0.015990587,0.0008651591,0.53474265,0.46116015,0.52774876,0.47208324
1783532869.0785,63,spine_2_joint,-0.0011435541,0.073053494,0.008289914,0.52152497,0.4743497,0.51513225,0.48748627
1783532869.0785,63,spine_3_joint,-3.4955443e-05,0.13043429,0.012596641,0.51020473,0.48151687,0.50648195,0.5013069
1783532869.0785,63,spine_4_joint,0.001197764,0.18344341,0.014402794,0.5037394,0.48298812,0.50334865,0.5095187
1783532869.0785,63,spine_5_joint,0.0030856004,0.2538763,0.015231829,0.5096886,0.47077796,0.5151233,0.5032232
1783532869.0785,63,spine_6_joint,0.0055103647,0.34753335,0.020594643,0.4921295,0.482624,0.5125281,0.51205236
1783532869.0785,63,spine_7_joint,0.0064183865,0.4546041,0.022413993,0.46518475,0.50497794,0.5006859,0.52717555
1783532869.0785,63,left_shoulder_1_joint,0.09466706,0.56756395,0.014807763,-0.8207206,-0.10294734,0.09510289,0.5538727
1783532869.0785,63,left_arm_joint,0.23401849,0.60735565,0.008706053,-0.8135797,0.02391892,0.0019248718,0.580958
1783532869.0785,63,left_forearm_joint,0.49969858,0.59759843,0.00048072636,-0.7976542,-0.22457065,-0.097807065,0.5511346
1783532869.0785,63,left_hand_joint,0.7355134,0.66471153,0.10862545,0.968716,0.12048798,0.21326251,0.039886445
1783532869.0785,63,left_handIndexStart_joint,0.75013524,0.6713511,0.1338171,0.9529781,0.12223101,0.27544785,0.03195064
1783532869.0785,63,left_handIndex_1_joint,0.8158595,0.6914744,0.17535217,0.9529781,0.12223101,0.27544785,0.03195064
1783532869.0785,63,left_handIndex_2_joint,0.85407126,0.70317394,0.19950046,0.9529781,0.12223101,0.27544785,0.03195064
1783532869.0785,63,left_handIndex_3_joint,0.87546986,0.7097257,0.2130235,0.9529781,0.12223101,0.27544785,0.03195064
1783532869.0785,63,left_handIndexEnd_joint,0.8907546,0.7144056,0.22268282,0.9529781,0.12223101,0.27544785,0.03195064
1783532869.0785,63,left_handMidStart_joint,0.757098,0.6714749,0.123098835,0.9693457,0.12012406,0.2105234,0.04023776
1783532869.0785,63,left_handMid_1_joint,0.82418114,0.6904654,0.1533887,0.9693457,0.12012406,0.2105234,0.04023776
1783532869.0785,63,left_handMid_2_joint,0.8713206,0.70381004,0.17467345,0.9693457,0.12012406,0.2105234,0.04023776
1783532869.0785,63,left_handMid_3_joint,0.89851654,0.71150887,0.18695313,0.9693457,0.12012406,0.2105234,0.04023776
1783532869.0785,63,left_handMidEnd_joint,0.9166471,0.71664137,0.19513957,0.9693457,0.12012406,0.2105234,0.04023776
1783532869.0785,63,left_handPinkyStart_joint,0.768661,0.667647,0.09818612,0.98946303,0.08077747,0.1098149,0.04877094
1783532869.0785,63,left_handPinky_1_joint,0.82980216,0.67847806,0.111485615,0.98946303,0.08077747,0.1098149,0.04877094
1783532869.0785,63,left_handPinky_2_joint,0.86756575,0.68516785,0.11970001,0.98946303,0.08077747,0.1098149,0.04877094
1783532869.0785,63,left_handPinky_3_joint,0.8873467,0.688672,0.124002784,0.98946303,0.08077747,0.1098149,0.04877094
1783532869.0785,63,left_handPinkyEnd_joint,0.9053294,0.6918576,0.12791441,0.98946303,0.08077747,0.1098149,0.04877094
1783532869.0785,63,left_handRingStart_joint,0.76293457,0.66972023,0.11174295,0.98094285,0.10074909,0.16028996,0.04367863
1783532869.0785,63,left_handRing_1_joint,0.8277786,0.68450505,0.13309442,0.98094285,0.10074909,0.16028996,0.04367863
1783532869.0785,63,left_handRing_2_joint,0.87355095,0.6949414,0.14816605,0.98094285,0.10074909,0.16028996,0.04367863
1783532869.0785,63,left_handRing_3_joint,0.9021586,0.70146406,0.15758581,0.98094285,0.10074909,0.16028996,0.04367863
1783532869.0785,63,left_handRingEnd_joint,0.92123044,0.7058125,0.16386566,0.98094285,0.10074909,0.16028996,0.04367863
1783532869.0785,63,left_handThumbStart_joint,0.75031286,0.6601367,0.13672565,-0.6193204,-0.32972005,-0.395434,0.5927554
1783532869.0785,63,left_handThumb_1_joint,0.7755438,0.6568939,0.18401356,-0.6193204,-0.32972005,-0.395434,0.5927554
1783532869.0785,63,left_handThumb_2_joint,0.7935765,0.65457624,0.21781519,-0.6193204,-0.32972005,-0.395434,0.5927554
1783532869.0785,63,left_handThumbEnd_joint,0.80559826,0.6530312,0.2403496,-0.6193204,-0.32972005,-0.395434,0.5927554
1783532869.0785,63,neck_1_joint,0.0052927933,0.58787686,0.0068192515,0.5359006,0.4278928,0.57782584,0.44253308
1783532869.0785,63,neck_2_joint,0.004274298,0.61697775,0.014037279,0.54108304,0.42012098,0.58716434,0.43123725
1783532869.0785,63,neck_3_joint,0.00257321,0.65542,0.024959907,0.53411806,0.4273816,0.5861093,0.43421066
1783532869.0785,63,neck_4_joint,0.0004788792,0.6940414,0.03515813,0.5225845,0.44028193,0.57912123,0.44460776
1783532869.0785,63,head_joint,-0.0022278822,0.7391232,0.04559407,0.46249625,0.50206786,0.52579,0.50751364
1783532869.0785,63,jaw_joint,-0.0011479318,0.7142671,0.051162645,0.46249625,0.50206786,0.52579,0.50751364
1783532869.0785,63,chin_joint,-0.0052234256,0.6662905,0.15206677,0.46249625,0.50206786,0.52579,0.50751364
1783532869.0785,63,left_eye_joint,0.022068305,0.775231,0.13341424,0.4668573,0.49801522,0.53019613,0.50290877
1783532869.0785,63,left_eyeLowerLid_joint,0.022068305,0.775231,0.13341424,0.4668573,0.49801522,0.53019613,0.50290877
1783532869.0785,63,left_eyeUpperLid_joint,0.022068305,0.775231,0.13341424,0.4668573,0.49801522,0.53019613,0.50290877
1783532869.0785,63,left_eyeball_joint,0.022068305,0.775231,0.13341424,0.4668573,0.49801522,0.53019613,0.50290877
1783532869.0785,63,nose_joint,-0.009848918,0.7412445,0.15530926,0.46685997,0.4980128,0.5301989,0.50290596
1783532869.0785,63,right_eye_joint,-0.042305835,0.7714487,0.12901582,0.4668573,0.49801522,0.53019613,0.50290877
1783532869.0785,63,right_eyeLowerLid_joint,-0.042305835,0.7714487,0.12901582,0.4668573,0.49801522,0.53019613,0.50290877
1783532869.0785,63,right_eyeUpperLid_joint,-0.042305835,0.7714487,0.12901582,0.4668573,0.49801522,0.53019613,0.50290877
1783532869.0785,63,right_eyeball_joint,-0.042305835,0.7714487,0.12901582,0.4668573,0.49801522,0.53019613,0.50290877
1783532869.0785,63,right_shoulder_1_joint,-0.08375104,0.56484646,0.0045841835,0.53388435,-0.105446175,-0.051965263,0.8373459
1783532869.0785,63,right_arm_joint,-0.22479126,0.5938009,-0.01298171,0.53599745,-0.0048111826,-0.006398425,0.8441817
1783532869.0785,63,right_forearm_joint,-0.4907431,0.5980461,-0.013317902,0.51160246,0.10661663,-0.22648184,0.8219501
1783532869.0785,63,right_hand_joint,-0.72513103,0.66858214,0.09574734,-0.08607802,0.22144799,-0.11671296,0.9643285
1783532869.0785,63,right_handIndexStart_joint,-0.73952836,0.6767005,0.11925754,-0.07786102,0.28704256,-0.12171553,0.94695807
1783532869.0785,63,right_handIndex_1_joint,-0.80422497,0.6988032,0.16139483,-0.07786102,0.28704256,-0.12171553,0.94695807
1783532869.0785,63,right_handIndex_2_joint,-0.84183955,0.711653,0.18589348,-0.07786102,0.28704256,-0.12171553,0.94695807
1783532869.0785,63,right_handIndex_3_joint,-0.86290395,0.7188498,0.19961263,-0.07786102,0.28704256,-0.12171553,0.94695807
1783532869.0785,63,right_handIndexEnd_joint,-0.87794966,0.7239903,0.20941198,-0.07786102,0.28704256,-0.12171553,0.94695807
1783532869.0785,63,right_handMidStart_joint,-0.7468687,0.67575413,0.10883659,-0.08601272,0.22248182,-0.1165103,0.96412086
1783532869.0785,63,right_handMid_1_joint,-0.81329536,0.695741,0.13992356,-0.08601272,0.22248182,-0.1165103,0.96412086
1783532869.0785,63,right_handMid_2_joint,-0.85997283,0.70978624,0.16176817,-0.08601272,0.22248182,-0.1165103,0.96412086
1783532869.0785,63,right_handMid_3_joint,-0.8869023,0.717889,0.17437099,-0.08601272,0.22248182,-0.1165103,0.96412086
1783532869.0785,63,right_handMidEnd_joint,-0.90485495,0.7232911,0.18277264,-0.08601271,0.22248182,-0.1165103,0.96412086
1783532869.0785,63,right_handPinkyStart_joint,-0.7592107,0.6695609,0.08478822,-0.093455784,0.12382196,-0.07254155,0.9852268
1783532869.0785,63,right_handPinky_1_joint,-0.8200959,0.68010736,0.09942041,-0.093455784,0.12382196,-0.07254155,0.9852268
1783532869.0785,63,right_handPinky_2_joint,-0.85770214,0.686622,0.10845811,-0.093455784,0.12382196,-0.07254155,0.9852268
1783532869.0785,63,right_handPinky_3_joint,-0.8774004,0.69003356,0.113192126,-0.09345578,0.12382196,-0.07254155,0.9852268
1783532869.0785,63,right_handPinkyEnd_joint,-0.8953078,0.6931354,0.11749559,-0.093455784,0.12382196,-0.07254155,0.9852268
1783532869.0785,63,right_handRingStart_joint,-0.75306,0.6729088,0.09789699,-0.08898159,0.17329805,-0.09482567,0.976247
1783532869.0785,63,right_handRing_1_joint,-0.8174594,0.687996,0.12035327,-0.08898159,0.17329805,-0.09482567,0.976247
1783532869.0785,63,right_handRing_2_joint,-0.8629175,0.6986454,0.13620465,-0.08898159,0.17329805,-0.09482567,0.976247
1783532869.0785,63,right_handRing_3_joint,-0.8913291,0.7053019,0.14611183,-0.08898159,0.17329805,-0.09482567,0.976247
1783532869.0785,63,right_handRingEnd_joint,-0.9102707,0.7097387,0.15271693,-0.08898159,0.17329805,-0.09482567,0.976247
1783532869.0785,63,right_handThumbStart_joint,-0.73931533,0.6657727,0.12310503,0.55502707,0.39949554,-0.3495224,0.64045477
1783532869.0785,63,right_handThumb_1_joint,-0.7627553,0.66599995,0.17141445,0.55502707,0.39949554,-0.3495224,0.64045477
1783532869.0785,63,right_handThumb_2_joint,-0.77950746,0.66616315,0.20594597,0.55502707,0.39949554,-0.3495224,0.64045477
1783532869.0785,63,right_handThumbEnd_joint,-0.7906759,0.66627127,0.22896668,0.55502707,0.39949554,-0.3495224,0.64045477
1783532869.0785,63,camera,-0.119311154,0.0014508445,0.12751456,-0.07771928,-0.112134635,-0.711753,0.6890524
1783532869.1121,64,root,-0.0015894965,0.014766818,0.0007014863,0.07804113,0.0012399774,-0.01586483,0.9968231
1783532869.1121,64,hips_joint,-0.0015894965,0.014766818,0.0007014863,0.07804113,0.0012399774,-0.01586483,0.9968231
1783532869.1121,64,left_upLeg_joint,0.0981047,-0.013204468,-0.0027346294,-0.5681658,0.46265805,-0.43442562,0.5238411
1783532869.1121,64,left_leg_joint,0.1799852,-0.42625093,0.0010270532,-0.4267891,0.58559006,-0.28758946,0.62628084
1783532869.1121,64,left_foot_joint,0.24801108,-0.8195668,-0.22214212,0.69709647,-0.19778766,0.6126125,-0.31566194
1783532869.1121,64,left_toes_joint,0.27352116,-0.918302,-0.113463365,0.7219488,-0.06207819,0.66133726,-0.19382808
1783532869.1121,64,left_toesEnd_joint,0.28065264,-0.93929076,-0.056998543,0.7219488,-0.06207799,0.6613372,-0.19382828
1783532869.1121,64,right_upLeg_joint,-0.1028733,-0.0068788324,-0.0017383982,0.50044787,0.44157985,0.44069704,0.6002876
1783532869.1121,64,right_leg_joint,-0.19618198,-0.41578782,0.03576333,0.606734,0.2759482,0.6031199,0.43814722
1783532869.1121,64,right_foot_joint,-0.25114837,-0.8106105,-0.1883419,0.30745348,0.5913925,0.20458262,0.7168495
1783532869.1121,64,right_toes_joint,-0.2834587,-0.90851855,-0.08072909,0.18979102,0.6389461,0.06500548,0.74263155
1783532869.1121,64,right_toesEnd_joint,-0.29407686,-0.9290873,-0.024659494,0.18979153,0.6389462,0.06500504,0.7426314
1783532869.1121,64,spine_1_joint,-0.0015895164,0.014766819,0.00070148637,0.5339755,0.46284267,0.52529705,0.47403556
1783532869.1121,64,spine_2_joint,-0.00045692324,0.07187724,0.0077335057,0.52009267,0.47584176,0.51514393,0.48754996
1783532869.1121,64,spine_3_joint,0.00048710464,0.12927358,0.011868793,0.5085493,0.48243636,0.509299,0.49924666
1783532869.1121,64,spine_4_joint,0.0013221466,0.18228623,0.013794539,0.50273144,0.48231846,0.50968164,0.5048313
1783532869.1121,64,spine_5_joint,0.0023977004,0.25272354,0.015367508,0.5106412,0.46711895,0.5258422,0.49450564
1783532869.1121,64,spine_6_joint,0.0033699619,0.34625274,0.022958614,0.4962353,0.47480145,0.5281445,0.49937758
1783532869.1121,64,spine_7_joint,0.0023967181,0.45316595,0.02903409,0.47472203,0.49142265,0.5217684,0.5107845
1783532869.1121,64,left_shoulder_1_joint,0.088808455,0.56778973,0.02895995,-0.78522056,-0.05546409,0.06953315,0.612795
1783532869.1121,64,left_arm_joint,0.23156323,0.59278506,0.022980789,-0.75450265,0.14205153,-0.032927442,0.63989294
1783532869.1121,64,left_forearm_joint,0.4862384,0.52456045,-0.012158105,-0.77525055,-0.09672529,-0.13863781,0.60861343
1783532869.1121,64,left_hand_joint,0.7388935,0.51952773,0.07699421,0.98541534,-0.0061863665,0.16893189,-0.01950103
1783532869.1121,64,left_handIndexStart_joint,0.75657827,0.5184727,0.10104913,0.9724363,-0.008023385,0.23224634,-0.019099673
1783532869.1121,64,left_handIndex_1_joint,0.8282149,0.516507,0.13729995,0.9724363,-0.008023385,0.23224634,-0.019099673
1783532869.1121,64,left_handIndex_2_joint,0.86986405,0.51536417,0.15837601,0.9724363,-0.008023385,0.23224634,-0.019099673
1783532869.1121,64,left_handIndex_3_joint,0.8931875,0.5147242,0.1701786,0.9724363,-0.008023385,0.23224634,-0.019099673
1783532869.1121,64,left_handIndexEnd_joint,0.90984726,0.514267,0.17860903,0.9724363,-0.008023385,0.23224634,-0.019099673
1783532869.1121,64,left_handMidStart_joint,0.76252073,0.5188901,0.08974035,0.98589164,-0.006382131,0.16612297,-0.01949793
1783532869.1121,64,left_handMid_1_joint,0.83433384,0.51744103,0.11462074,0.98589164,-0.006382131,0.16612297,-0.01949793
1783532869.1121,64,left_handMid_2_joint,0.8847971,0.5164228,0.13210426,0.98589164,-0.006382131,0.16612297,-0.01949793
1783532869.1121,64,left_handMid_3_joint,0.91391057,0.5158354,0.14219092,0.98589164,-0.006382131,0.16612297,-0.01949793
1783532869.1121,64,left_handMidEnd_joint,0.9333195,0.5154438,0.14891535,0.98589164,-0.006382131,0.16612297,-0.01949793
1783532869.1121,64,left_handPinkyStart_joint,0.77089536,0.5169081,0.06337866,0.9970971,-0.0391311,0.06142132,-0.022215338
1783532869.1121,64,left_handPinky_1_joint,0.8337231,0.5117795,0.071046285,0.9970971,-0.0391311,0.06142132,-0.022215338
1783532869.1121,64,left_handPinky_2_joint,0.8725285,0.5086118,0.075782165,0.9970971,-0.0391311,0.06142132,-0.022215338
1783532869.1121,64,left_handPinky_3_joint,0.8928551,0.5069525,0.07826287,0.9970971,-0.0391311,0.06142132,-0.022215338
1783532869.1121,64,left_handPinkyEnd_joint,0.9113339,0.5054441,0.08051805,0.9970971,-0.0391311,0.06142132,-0.022215338
1783532869.1121,64,left_handRingStart_joint,0.76688427,0.51785415,0.07765785,0.99298996,-0.022686448,0.11393469,-0.021796977
1783532869.1121,64,left_handRing_1_joint,0.8348504,0.5143601,0.0933942,0.99298996,-0.022686448,0.11393469,-0.021796977
1783532869.1121,64,left_handRing_2_joint,0.88282645,0.51189363,0.104502216,0.99298996,-0.022686448,0.11393469,-0.021796977
1783532869.1121,64,left_handRing_3_joint,0.91281146,0.51035213,0.11144473,0.99298996,-0.022686448,0.11393469,-0.021796977
1783532869.1121,64,left_handRingEnd_joint,0.9328015,0.50932443,0.11607307,0.99298996,-0.022686448,0.11393469,-0.021796977
1783532869.1121,64,left_handThumbStart_joint,0.75436497,0.5071617,0.102238804,-0.6219736,-0.19523244,-0.45482224,0.60677
1783532869.1121,64,left_handThumb_1_joint,0.78175473,0.4905644,0.14533862,-0.6219736,-0.19523244,-0.45482224,0.60677
1783532869.1121,64,left_handThumb_2_joint,0.8013306,0.47870138,0.17614692,-0.6219736,-0.19523244,-0.45482224,0.60677
1783532869.1121,64,left_handThumbEnd_joint,0.81438124,0.4707927,0.19668579,-0.6219736,-0.19523247,-0.45482224,0.60677
1783532869.1121,64,neck_1_joint,-0.00083042023,0.58710027,0.021465456,0.5391305,0.417834,0.5932133,0.4276111
1783532869.1121,64,neck_2_joint,-0.002419659,0.61583614,0.029934397,0.5407832,0.41398054,0.5999298,0.41983095
1783532869.1121,64,neck_3_joint,-0.004923316,0.6538956,0.04198481,0.53148973,0.42391685,0.59726864,0.42553902
1783532869.1121,64,neck_4_joint,-0.00783814,0.6922531,0.05294872,0.51874626,0.43813515,0.5894647,0.43757463
1783532869.1121,64,head_joint,-0.011494147,0.7371089,0.06404829,0.45887357,0.49942964,0.5368697,0.5017733
1783532869.1121,64,jaw_joint,-0.010013317,0.7121929,0.06924435,0.45887357,0.49942964,0.5368697,0.5017733
1783532869.1121,64,chin_joint,-0.014289793,0.662578,0.16934466,0.45887357,0.49942964,0.5368697,0.5017733
1783532869.1121,64,left_eye_joint,0.011175254,0.77228016,0.15267977,0.46321177,0.49540874,0.5412252,0.4970722
1783532869.1121,64,left_eyeLowerLid_joint,0.011175254,0.77228016,0.15267977,0.46321177,0.49540874,0.5412252,0.4970722
1783532869.1121,64,left_eyeUpperLid_joint,0.011175254,0.77228016,0.15267977,0.46321177,0.49540874,0.5412252,0.4970722
1783532869.1121,64,left_eyeball_joint,0.011175254,0.77228016,0.15267977,0.46321177,0.49540874,0.5412252,0.4970722
1783532869.1121,64,nose_joint,-0.020340761,0.73737425,0.17369169,0.46321437,0.49540627,0.5412279,0.49706927
1783532869.1121,64,right_eye_joint,-0.05306619,0.76738364,0.1475083,0.46321177,0.49540874,0.5412252,0.4970722
1783532869.1121,64,right_eyeLowerLid_joint,-0.05306619,0.76738364,0.1475083,0.46321177,0.49540874,0.5412252,0.4970722
1783532869.1121,64,right_eyeUpperLid_joint,-0.05306619,0.76738364,0.1475083,0.46321177,0.49540874,0.5412252,0.4970722
1783532869.1121,64,right_eyeball_joint,-0.05306619,0.76738364,0.1475083,0.46321177,0.49540874,0.5412252,0.4970722
1783532869.1121,64,right_shoulder_1_joint,-0.08946041,0.5628107,0.017112583,0.5831664,-0.072417565,0.011358441,0.8090388
1783532869.1121,64,right_arm_joint,-0.23295082,0.57239616,-0.0018054545,0.57904875,0.055364594,0.11485546,0.8052614
1783532869.1121,64,right_forearm_joint,-0.49028847,0.5061404,-0.013468365,0.5376272,0.17183942,-0.123025246,0.8162679
1783532869.1121,64,right_hand_joint,-0.7343219,0.51044726,0.097154595,-0.06187407,0.21127552,0.0051632077,0.97545266
1783532869.1121,64,right_handIndexStart_joint,-0.7501334,0.51269054,0.12104775,-0.062068906,0.2776265,0.0015377806,0.9586808
1783532869.1121,64,right_handIndex_1_joint,-0.81806326,0.5152214,0.16381308,-0.062068906,0.2776265,0.0015377806,0.9586808
1783532869.1121,64,right_handIndex_2_joint,-0.8575574,0.51669216,0.18867683,-0.062068906,0.2776265,0.0015377806,0.9586808
1783532869.1121,64,right_handIndex_3_joint,-0.8796746,0.5175167,0.20260054,-0.062068906,0.2776265,0.0015377806,0.9586808
1783532869.1121,64,right_handIndexEnd_joint,-0.8954722,0.51810557,0.21254596,-0.062068906,0.2776265,0.0015377806,0.9586808
1783532869.1121,64,right_handMidStart_joint,-0.7570905,0.5111585,0.11043528,-0.061938815,0.21229951,0.0053926143,0.975225
1783532869.1121,64,right_handMid_1_joint,-0.82624954,0.51235807,0.14196248,-0.061938815,0.21229951,0.0053926143,0.975225
1783532869.1121,64,right_handMid_2_joint,-0.8748472,0.51320153,0.16411652,-0.061938815,0.21229951,0.0053926143,0.975225
1783532869.1121,64,right_handMid_3_joint,-0.90288436,0.51368785,0.17689781,-0.061938815,0.21229951,0.0053926143,0.975225
1783532869.1121,64,right_handMidEnd_joint,-0.92157555,0.5140124,0.18541847,-0.061938804,0.21229951,0.005392613,0.975225
1783532869.1121,64,right_handPinkyStart_joint,-0.76775694,0.5047798,0.08564521,-0.0571877,0.11126132,0.046453115,0.9910564
1783532869.1121,64,right_handPinky_1_joint,-0.8294114,0.49974108,0.09998652,-0.0571877,0.11126132,0.046453115,0.9910564
1783532869.1121,64,right_handPinky_2_joint,-0.8674929,0.4966294,0.1088446,-0.0571877,0.11126132,0.046453115,0.9910564
1783532869.1121,64,right_handPinky_3_joint,-0.88743985,0.49499872,0.113484465,-0.057187688,0.11126132,0.046453115,0.9910564
1783532869.1121,64,right_handPinkyEnd_joint,-0.9055734,0.4935167,0.117702365,-0.0571877,0.11126132,0.046453115,0.9910564
1783532869.1121,64,right_handRingStart_joint,-0.7624981,0.508099,0.09914364,-0.058753036,0.16201928,0.025816137,0.9846988
1783532869.1121,64,right_handRing_1_joint,-0.828589,0.50587773,0.121643655,-0.058753036,0.16201928,0.025816137,0.9846988
1783532869.1121,64,right_handRing_2_joint,-0.875241,0.50430954,0.1375259,-0.058753036,0.16201928,0.025816137,0.9846988
1783532869.1121,64,right_handRing_3_joint,-0.9043989,0.5033299,0.14745241,-0.058753036,0.16201928,0.025816137,0.9846988
1783532869.1121,64,right_handRingEnd_joint,-0.92383784,0.50267583,0.1540703,-0.058753036,0.16201928,0.025816137,0.9846988
1783532869.1121,64,right_handThumbStart_joint,-0.74743253,0.501765,0.12380527,0.53869724,0.47439,-0.25098142,0.6494368
1783532869.1121,64,right_handThumb_1_joint,-0.77019835,0.49182406,0.17140964,0.53869724,0.47439,-0.25098142,0.6494368
1783532869.1121,64,right_handThumb_2_joint,-0.7864689,0.4847196,0.20543733,0.53869724,0.47439,-0.25098142,0.6494368
1783532869.1121,64,right_handThumbEnd_joint,-0.79731613,0.47998258,0.2281221,0.53869724,0.47439,-0.25098142,0.6494368
1783532869.1121,64,camera,-0.1185773,0.0014223645,0.12774059,-0.0771652,-0.112168066,-0.7118507,0.68900836
1783532869.1457,65,root,-0.0019973095,0.0149341095,0.00047146255,0.066148296,-0.0016871077,-0.019711025,0.9976136
1783532869.1457,65,hips_joint,-0.0019973095,0.0149341095,0.00047146255,0.066148296,-0.0016871077,-0.019711025,0.9976136
1783532869.1457,65,left_upLeg_joint,0.09748149,-0.0139092505,-0.001800626,0.5559783,-0.46877483,0.47185922,-0.4984849
1783532869.1457,65,left_leg_joint,0.14599158,-0.43150938,0.022342183,-0.40939122,0.58745193,-0.31804162,0.62140846
1783532869.1457,65,left_foot_joint,0.19515182,-0.8322302,-0.19244947,0.684549,-0.20998232,0.63358,-0.29304692
1783532869.1457,65,left_toes_joint,0.21139145,-0.9304159,-0.08151559,0.71194,-0.07643005,0.67763835,-0.16764887
1783532869.1457,65,left_toesEnd_joint,0.21563375,-0.95080006,-0.024540562,0.7119401,-0.07642985,0.67763823,-0.16764908
1783532869.1457,65,right_upLeg_joint,-0.10344093,-0.0059516537,-0.0019520196,0.48733,0.4546371,0.43931055,0.60234594
1783532869.1457,65,right_leg_joint,-0.18792175,-0.4154018,0.048376728,0.60749274,0.27443606,0.6133385,0.42361903
1783532869.1457,65,right_foot_joint,-0.23228022,-0.8055209,-0.18607731,0.30898324,0.59067,0.22158611,0.7117146
1783532869.1457,65,right_toes_joint,-0.2626852,-0.9069261,-0.08118217,0.19143002,0.6385267,0.08267405,0.7408124
1783532869.1457,65,right_toesEnd_joint,-0.2730518,-0.9291857,-0.025714539,0.19143052,0.6385268,0.08267361,0.7408123
1783532869.1457,65,spine_1_joint,-0.0019973293,0.01493411,0.00047146255,0.5292533,0.46496734,0.5199091,0.48310518
1783532869.1457,65,spine_2_joint,-0.0004434268,0.07217117,0.0062883794,0.5160579,0.4767699,0.5107399,0.495499
1783532869.1457,65,spine_3_joint,0.0009188683,0.12962183,0.009434491,0.50580657,0.4815797,0.50649995,0.5056664
1783532869.1457,65,spine_4_joint,0.0021432287,0.18264486,0.010779133,0.5023383,0.47866908,0.5093738,0.5089897
1783532869.1457,65,spine_5_joint,0.003758996,0.2530734,0.012281232,0.5136924,0.4592889,0.52907515,0.49523062
1783532869.1457,65,spine_6_joint,0.005447524,0.34648,0.021148536,0.50369084,0.4621288,0.5347829,0.49672928
1783532869.1457,65,spine_7_joint,0.005499118,0.45316982,0.030399231,0.4878803,0.4734282,0.53145343,0.50536704
1783532869.1457,65,left_shoulder_1_joint,0.09353451,0.5663919,0.03641132,-0.7519018,-0.005571723,0.027745694,0.65866756
1783532869.1457,65,left_arm_joint,0.23835193,0.5729088,0.031423893,-0.68296164,0.25051907,-0.10044576,0.6787595
1783532869.1457,65,left_forearm_joint,0.4655846,0.4456219,-0.022540288,-0.736588,0.03535086,-0.21290466,0.6409839
1783532869.1457,65,left_hand_joint,0.70859176,0.3585276,0.049363483,0.97401917,-0.15636191,0.1487583,-0.06862101
1783532869.1457,65,left_handIndexStart_joint,0.7257615,0.34905425,0.07190145,0.9622823,-0.16105133,0.21134046,-0.05840119
1783532869.1457,65,left_handIndex_1_joint,0.7947318,0.32217926,0.10305609,0.9622823,-0.16105133,0.21134046,-0.05840119
1783532869.1457,65,left_handIndex_2_joint,0.8348308,0.30655423,0.12116925,0.9622823,-0.16105133,0.21134046,-0.05840119
1783532869.1457,65,left_handIndex_3_joint,0.8572863,0.29780424,0.13131262,0.9622823,-0.16105133,0.21134046,-0.05840119
1783532869.1457,65,left_handIndexEnd_joint,0.8733259,0.29155424,0.1385579,0.9622823,-0.16105133,0.21134046,-0.05840119
1783532869.1457,65,left_handMidStart_joint,0.73135835,0.34955364,0.060420956,0.97440445,-0.1564133,0.14596051,-0.06904069
1783532869.1457,65,left_handMid_1_joint,0.80041486,0.32485077,0.08040156,0.97440445,-0.1564133,0.14596051,-0.06904069
1783532869.1457,65,left_handMid_2_joint,0.8489411,0.307492,0.094441995,0.97440445,-0.1564133,0.14596051,-0.06904069
1783532869.1457,65,left_handMid_3_joint,0.87693703,0.29747733,0.102542244,0.97440445,-0.1564133,0.14596051,-0.06904069
1783532869.1457,65,left_handMidEnd_joint,0.895601,0.2908009,0.10794241,0.97440445,-0.1564133,0.14596051,-0.06904069
1783532869.1457,65,left_handPinkyStart_joint,0.73832256,0.34940073,0.033579234,0.978547,-0.18260176,0.040314637,-0.08647175
1783532869.1457,65,left_handPinky_1_joint,0.7973828,0.3262646,0.0365841,0.978547,-0.18260176,0.040314637,-0.08647175
1783532869.1457,65,left_handPinky_2_joint,0.83386123,0.31197464,0.03844005,0.978547,-0.18260176,0.040314637,-0.08647175
1783532869.1457,65,left_handPinky_3_joint,0.85296893,0.3044894,0.039412215,0.978547,-0.18260176,0.040314637,-0.08647175
1783532869.1457,65,left_handPinkyEnd_joint,0.87033963,0.29768467,0.040296,0.978547,-0.18260176,0.040314637,-0.08647175
1783532869.1457,65,left_handRingStart_joint,0.7350192,0.3492195,0.04806831,0.9778956,-0.1696781,0.0934035,-0.078774214
1783532869.1457,65,left_handRing_1_joint,0.7996298,0.32501101,0.058961324,0.9778956,-0.1696781,0.0934035,-0.078774214
1783532869.1457,65,left_handRing_2_joint,0.84523726,0.3079227,0.0666505,0.9778956,-0.1696781,0.0934035,-0.078774214
1783532869.1457,65,left_handRing_3_joint,0.87374187,0.29724246,0.071456246,0.9778956,-0.1696781,0.0934035,-0.078774214
1783532869.1457,65,left_handRingEnd_joint,0.892745,0.29012233,0.07466007,0.9778956,-0.1696781,0.0934035,-0.078774214
1783532869.1457,65,left_handThumbStart_joint,0.7205128,0.33872828,0.071622215,-0.6056373,-0.059863914,-0.53525615,0.5857653
1783532869.1457,65,left_handThumb_1_joint,0.74305844,0.3089498,0.110199384,-0.6056373,-0.059863914,-0.53525615,0.5857653
1783532869.1457,65,left_handThumb_2_joint,0.75917214,0.28766537,0.13777512,-0.6056373,-0.059863914,-0.53525615,0.5857653
1783532869.1457,65,left_handThumbEnd_joint,0.7699145,0.2734757,0.15615895,-0.6056373,-0.05986394,-0.53525615,0.5857653
1783532869.1457,65,neck_1_joint,0.0042501385,0.5873445,0.02909829,0.5467434,0.40173787,0.59940916,0.4247201
1783532869.1457,65,neck_2_joint,0.0030090553,0.61579823,0.038524102,0.5459185,0.4008382,0.60396874,0.42014727
1783532869.1457,65,neck_3_joint,0.0009730893,0.6536046,0.051428642,0.5351432,0.41294047,0.5997713,0.42822474
1783532869.1457,65,neck_4_joint,-0.0014465445,0.6918302,0.06295921,0.521806,0.42828637,0.5910564,0.44152215
1783532869.1457,65,head_joint,-0.0044930666,0.73660874,0.07454423,0.4630703,0.4900405,0.53799796,0.505949
1783532869.1457,65,jaw_joint,-0.0034667556,0.71161383,0.079463765,0.4630703,0.4900405,0.53799796,0.505949
1783532869.1457,65,chin_joint,-0.009563872,0.66092634,0.17893039,0.4630703,0.4900405,0.53799796,0.505949
1783532869.1457,65,left_eye_joint,0.017833075,0.7703856,0.16380295,0.4673265,0.4859833,0.54239005,0.50123775
1783532869.1457,65,left_eyeLowerLid_joint,0.017833075,0.7703856,0.16380295,0.4673265,0.4859833,0.54239005,0.50123775
1783532869.1457,65,left_eyeUpperLid_joint,0.017833075,0.7703856,0.16380295,0.4673265,0.4859833,0.54239005,0.50123775
1783532869.1457,65,left_eyeball_joint,0.017833075,0.7703856,0.16380295,0.4673265,0.4859833,0.54239005,0.50123775
1783532869.1457,65,nose_joint,-0.0144538535,0.735756,0.184089,0.46732908,0.48598093,0.54239273,0.5012348
1783532869.1457,65,right_eye_joint,-0.04642267,0.7665915,0.1579307,0.4673265,0.4859833,0.54239005,0.50123775
1783532869.1457,65,right_eyeLowerLid_joint,-0.04642267,0.7665915,0.1579307,0.4673265,0.4859833,0.54239005,0.50123775
1783532869.1457,65,right_eyeUpperLid_joint,-0.04642267,0.7665915,0.1579307,0.4673265,0.4859833,0.54239005,0.50123775
1783532869.1457,65,right_eyeball_joint,-0.04642267,0.7665915,0.1579307,0.4673265,0.4859833,0.54239005,0.50123775
1783532869.1457,65,right_shoulder_1_joint,-0.08467529,0.56458765,0.022885421,0.61986005,-0.045788497,0.057608873,0.7812544
1783532869.1457,65,right_arm_joint,-0.2281535,0.55976486,0.0021486378,0.6034549,0.11489062,0.2144494,0.75937736
1783532869.1457,65,right_forearm_joint,-0.4626528,0.43625197,-0.020282058,0.54479253,0.23848432,-0.036816884,0.8031008
1783532869.1457,65,right_hand_joint,-0.6994155,0.3824666,0.09311483,-0.04822743,0.212619,0.114120156,0.9692491
1783532869.1457,65,right_handIndexStart_joint,-0.7147202,0.37973654,0.1172857,-0.055915333,0.2785206,0.11116987,0.9523345
1783532869.1457,65,right_handIndex_1_joint,-0.78058547,0.3652328,0.16088791,-0.055915333,0.2785206,0.11116987,0.9523345
1783532869.1457,65,right_handIndex_2_joint,-0.8188791,0.35679975,0.18623812,-0.055915333,0.2785206,0.11116987,0.9523345
1783532869.1457,65,right_handIndex_3_joint,-0.84032416,0.35207796,0.20043434,-0.055915333,0.2785206,0.11116987,0.9523345
1783532869.1457,65,right_handIndexEnd_joint,-0.8556418,0.34870532,0.21057442,-0.055915333,0.2785206,0.11116987,0.9523345
1783532869.1457,65,right_handMidStart_joint,-0.7214917,0.37754473,0.10666885,-0.048403636,0.2136197,0.11436207,0.9689917
1783532869.1457,65,right_handMid_1_joint,-0.7885812,0.3622692,0.13898015,-0.048403636,0.2136197,0.11436207,0.9689917
1783532869.1457,65,right_handMid_2_joint,-0.8357248,0.35153568,0.1616852,-0.048403636,0.2136197,0.11436207,0.9689917
1783532869.1457,65,right_handMid_3_joint,-0.862923,0.34534296,0.17478438,-0.048403636,0.2136197,0.11436207,0.9689917
1783532869.1457,65,right_handMidEnd_joint,-0.881055,0.3412149,0.18351695,-0.04840362,0.2136197,0.11436207,0.9689917
1783532869.1457,65,right_handPinkyStart_joint,-0.7312712,0.370843,0.08159986,-0.03228284,0.11235737,0.15313412,0.9812663
1783532869.1457,65,right_handPinky_1_joint,-0.7901904,0.35221976,0.09622987,-0.03228284,0.11235737,0.15313412,0.9812663
1783532869.1457,65,right_handPinky_2_joint,-0.82658255,0.3407175,0.10526632,-0.03228284,0.11235737,0.15313412,0.9812663
1783532869.1457,65,right_handPinky_3_joint,-0.84564453,0.33469185,0.10999955,-0.03228283,0.11235737,0.15313412,0.9812663
1783532869.1457,65,right_handPinkyEnd_joint,-0.86297363,0.32921442,0.11430237,-0.03228284,0.11235737,0.15313412,0.9812663
1783532869.1457,65,right_handRingStart_joint,-0.7264519,0.37422863,0.09524507,-0.0395076,0.16332822,0.13380396,0.97665733
1783532869.1457,65,right_handRing_1_joint,-0.7900753,0.35687393,0.1182683,-0.0395076,0.16332822,0.13380396,0.97665733
1783532869.1457,65,right_handRing_2_joint,-0.83498544,0.34462342,0.13451985,-0.0395076,0.16332822,0.13380396,0.97665733
1783532869.1457,65,right_handRing_3_joint,-0.8630549,0.33696723,0.1446772,-0.0395076,0.16332822,0.13380396,0.97665733
1783532869.1457,65,right_handRingEnd_joint,-0.88176787,0.33186206,0.15144894,-0.0395076,0.16332822,0.13380396,0.97665733
1783532869.1457,65,right_handThumbStart_joint,-0.7097682,0.3694377,0.11920313,0.507385,0.5423404,-0.17037685,0.6476104
1783532869.1457,65,right_handThumb_1_joint,-0.72876173,0.35173383,0.16620418,0.507385,0.5423404,-0.17037685,0.6476104
1783532869.1457,65,right_handThumb_2_joint,-0.7423363,0.33908096,0.1998007,0.507385,0.5423404,-0.1703769,0.6476104
1783532869.1457,65,right_handThumbEnd_joint,-0.7513859,0.330645,0.22219796,0.50738496,0.54234034,-0.17037688,0.6476105
1783532869.1457,65,camera,-0.11808476,0.0016130779,0.1278414,-0.07668516,-0.11254271,-0.7119496,0.68889856
1783532869.1795,66,root,-0.0019321013,0.015290781,-0.0011608701,0.054954838,0.0009013387,-0.017251922,0.9983394
1783532869.1795,66,hips_joint,-0.0019321013,0.015290781,-0.0011608701,0.054954838,0.0009013387,-0.017251922,0.9983394
1783532869.1795,66,left_upLeg_joint,0.0976849,-0.0130804265,-0.0033198902,0.5527036,-0.47105303,0.49101037,-0.48118272
1783532869.1795,66,left_leg_joint,0.1288615,-0.43133333,0.034343947,-0.40186572,0.59022766,-0.33377856,0.6154082
1783532869.1795,66,left_foot_joint,0.16565013,-0.8361433,-0.17519107,0.6803365,-0.21680829,0.642268,-0.2786187
1783532869.1795,66,left_toes_joint,0.17771755,-0.93344635,-0.062954746,0.70909774,-0.08393065,0.6834342,-0.15183547
1783532869.1795,66,left_toesEnd_joint,0.1808569,-0.9532561,-0.0057063242,0.70909774,-0.08393046,0.6834342,-0.15183571
1783532869.1795,66,right_upLeg_joint,-0.10327491,-0.0061691627,-0.0025757188,0.4727328,0.47232127,0.4440646,0.59686106
1783532869.1795,66,right_leg_joint,-0.17041346,-0.41743115,0.058050156,0.60683244,0.27843934,0.62998414,0.39666864
1783532869.1795,66,right_foot_joint,-0.19381881,-0.8005271,-0.19058433,0.30599472,0.5934142,0.2513097,0.70076406
1783532869.1795,66,right_toes_joint,-0.21906568,-0.90714157,-0.08955751,0.18797553,0.64065474,0.113934346,0.735694
1783532869.1795,66,right_toesEnd_joint,-0.22835639,-0.9319209,-0.0349747,0.18797605,0.6406548,0.113933906,0.7356939
1783532869.1795,66,spine_1_joint,-0.0019321212,0.015290782,-0.0011608701,0.523815,0.47447827,0.51255023,0.48762736
1783532869.1795,66,spine_2_joint,-0.0005321368,0.072667815,0.0031110346,0.5115303,0.4858352,0.50249976,0.49979502
1783532869.1795,66,spine_3_joint,0.00078677083,0.13018227,0.0047485163,0.5035869,0.4889013,0.49873927,0.5085617
1783532869.1795,66,spine_4_joint,0.0020849742,0.18321991,0.005016134,0.5041857,0.4827001,0.5034486,0.5092514
1783532869.1795,66,spine_5_joint,0.003997754,0.25365114,0.0059227925,0.52132493,0.45796242,0.5263789,0.49134105
1783532869.1795,66,spine_6_joint,0.006455544,0.3469455,0.015741544,0.5181756,0.45423162,0.53601176,0.48770818
1783532869.1795,66,spine_7_joint,0.0077851377,0.45326412,0.028503703,0.51012886,0.45863053,0.5367376,0.49126303
1783532869.1795,66,left_shoulder_1_joint,0.09766835,0.5646534,0.0394149,-0.71392685,0.024939986,-0.010948808,0.69969046
1783532869.1795,66,left_arm_joint,0.2425029,0.5572657,0.036620192,-0.6054665,0.31032804,-0.17099118,0.7126494
1783532869.1795,66,left_forearm_joint,0.44170466,0.3924871,-0.02595348,-0.6725431,0.13026497,-0.30262756,0.6626718
1783532869.1795,66,left_hand_joint,0.6514973,0.23805504,0.03686258,0.9359228,-0.28616032,0.16329326,-0.12448514
1783532869.1795,66,left_handIndexStart_joint,0.6645064,0.2214921,0.058050733,0.92325336,-0.29416692,0.22334236,-0.1057716
1783532869.1795,66,left_handIndex_1_joint,0.72290564,0.17407452,0.08617341,0.92325336,-0.29416692,0.22334236,-0.1057716
1783532869.1795,66,left_handIndex_2_joint,0.7568587,0.14650616,0.1025238,0.92325336,-0.29416692,0.22334236,-0.1057716
1783532869.1795,66,left_handIndex_3_joint,0.77587247,0.13106787,0.111680016,0.92325336,-0.29416692,0.22334236,-0.1057716
1783532869.1795,66,left_handIndexEnd_joint,0.78945374,0.12004053,0.11822017,0.92325336,-0.29416692,0.22334236,-0.1057716
1783532869.1795,66,left_handMidStart_joint,0.67070496,0.22219494,0.046894588,0.93632144,-0.28604382,0.16058195,-0.12527974
1783532869.1795,66,left_handMid_1_joint,0.73036027,0.17841847,0.06430516,0.93632144,-0.28604382,0.16058195,-0.12527974
1783532869.1795,66,left_handMid_2_joint,0.77228016,0.14765665,0.07653961,0.93632144,-0.28604382,0.16058195,-0.12527974
1783532869.1795,66,left_handMid_3_joint,0.79646474,0.12990944,0.08359794,0.93632144,-0.28604382,0.16058195,-0.12527974
1783532869.1795,66,left_handMidEnd_joint,0.8125878,0.11807796,0.08830351,0.93632144,-0.28604382,0.16058195,-0.12527974
1783532869.1795,66,left_handPinkyStart_joint,0.6789495,0.22410601,0.020486645,0.937929,-0.30430022,0.05640061,-0.15655689
1783532869.1795,66,left_handPinky_1_joint,0.73028654,0.18673651,0.021154612,0.937929,-0.30430022,0.05640061,-0.15655689
1783532869.1795,66,left_handPinky_2_joint,0.7619948,0.16365534,0.021567183,0.937929,-0.30430022,0.05640061,-0.15655689
1783532869.1795,66,left_handPinky_3_joint,0.7786038,0.1515652,0.021783289,0.937929,-0.30430022,0.05640061,-0.15655689
1783532869.1795,66,left_handPinkyEnd_joint,0.7937029,0.14057416,0.021979751,0.937929,-0.30430022,0.05640061,-0.15655689
1783532869.1795,66,left_handRingStart_joint,0.67487586,0.22270764,0.0347109,0.9384279,-0.295518,0.10889694,-0.14200059
1783532869.1795,66,left_handRing_1_joint,0.73087025,0.1818046,0.043124963,0.9384279,-0.295518,0.10889694,-0.14200059
1783532869.1795,66,left_handRing_2_joint,0.7703957,0.15293185,0.049064297,0.9384279,-0.295518,0.10889694,-0.14200059
1783532869.1795,66,left_handRing_3_joint,0.79509914,0.1348864,0.05277638,0.9384279,-0.295518,0.10889694,-0.14200059
1783532869.1795,66,left_handRingEnd_joint,0.81156814,0.12285609,0.055251107,0.9384279,-0.295518,0.10889694,-0.14200059
1783532869.1795,66,left_handThumbStart_joint,0.65691704,0.21295595,0.056104183,-0.55267173,0.044661373,-0.6190649,0.5561642
1783532869.1795,66,left_handThumb_1_joint,0.66924375,0.17332874,0.0901776,-0.55267173,0.044661373,-0.6190649,0.5561642
1783532869.1795,66,left_handThumb_2_joint,0.67805326,0.14500475,0.11453421,-0.55267173,0.044661373,-0.6190649,0.5561642
1783532869.1795,66,left_handThumbEnd_joint,0.6839263,0.12612209,0.13077193,-0.55267173,0.044661347,-0.6190649,0.5561642
1783532869.1795,66,neck_1_joint,0.008614529,0.5872981,0.034851346,0.56460917,0.3876133,0.5987279,0.41532794
1783532869.1795,66,neck_2_joint,0.008091382,0.61534923,0.04547498,0.5619251,0.38966522,0.6000102,0.41519755
1783532869.1795,66,neck_3_joint,0.0071432814,0.6527961,0.059504803,0.5500294,0.40415105,0.5936155,0.4263218
1783532869.1795,66,neck_4_joint,0.0058858907,0.6908254,0.071841404,0.5361606,0.42101622,0.5836567,0.44115967
1783532869.1795,66,head_joint,0.004223803,0.7354821,0.08415488,0.47823688,0.48452872,0.53078765,0.50476295
1783532869.1795,66,jaw_joint,0.0046869647,0.7103956,0.08867715,0.47823688,0.48452872,0.53078765,0.50476295
1783532869.1795,66,chin_joint,-0.0009031403,0.6583422,0.18746577,0.47823688,0.48452872,0.53078765,0.50476295
1783532869.1795,66,left_eye_joint,0.029061642,0.7672789,0.17347732,0.48244438,0.48033944,0.53516966,0.5001146
1783532869.1795,66,left_eyeLowerLid_joint,0.029061642,0.7672789,0.17347732,0.48244438,0.48033944,0.53516966,0.5001146
1783532869.1795,66,left_eyeUpperLid_joint,0.029061642,0.7672789,0.17347732,0.48244438,0.48033944,0.53516966,0.5001146
1783532869.1795,66,left_eyeball_joint,0.029061642,0.7672789,0.17347732,0.48244438,0.48033944,0.53516966,0.5001146
1783532869.1795,66,nose_joint,-0.0037407314,0.733184,0.19384208,0.4824469,0.48033693,0.5351723,0.50011176
1783532869.1795,66,right_eye_joint,-0.035368375,0.7652382,0.16875622,0.48244438,0.48033944,0.53516966,0.5001146
1783532869.1795,66,right_eyeLowerLid_joint,-0.035368375,0.7652382,0.16875622,0.48244438,0.48033944,0.53516966,0.5001146
1783532869.1795,66,right_eyeUpperLid_joint,-0.035368375,0.7652382,0.16875622,0.48244438,0.48033944,0.53516966,0.5001146
1783532869.1795,66,right_eyeball_joint,-0.035368375,0.7652382,0.16875622,0.48244438,0.48033944,0.53516966,0.5001146
1783532869.1795,66,right_shoulder_1_joint,-0.08074624,0.5662413,0.02889594,0.6718101,-0.010122654,0.072528444,0.7370944
1783532869.1795,66,right_arm_joint,-0.22423969,0.5527054,0.012596266,0.6554454,0.17937237,0.28433016,0.67629385
1783532869.1795,66,right_forearm_joint,-0.43010315,0.38786888,-0.022010872,0.5810619,0.33529222,0.06983627,0.738288
1783532869.1795,66,right_hand_joint,-0.63520896,0.25582108,0.088909164,0.01974389,0.22574776,0.2575576,0.9393148
1783532869.1795,66,right_handIndexStart_joint,-0.6471272,0.24503379,0.1127316,0.0020838133,0.2895094,0.25890902,0.9214912
1783532869.1795,66,right_handIndex_1_joint,-0.70320785,0.20661552,0.15549533,0.0020838133,0.2895094,0.25890902,0.9214912
1783532869.1795,66,right_handIndex_2_joint,-0.73581266,0.18427871,0.18035795,0.0020838133,0.2895094,0.25890902,0.9214912
1783532869.1795,66,right_handIndex_3_joint,-0.75407207,0.17177063,0.19428125,0.0020838133,0.2895094,0.25890902,0.9214912
1783532869.1795,66,right_handIndexEnd_joint,-0.76711434,0.16283643,0.20422642,0.0020838133,0.2895094,0.25890902,0.9214912
1783532869.1795,66,right_handMidStart_joint,-0.65408665,0.24307315,0.10219139,0.019426668,0.2266816,0.25786301,0.93901265
1783532869.1795,66,right_handMid_1_joint,-0.71218115,0.20559128,0.13379058,0.019426668,0.2266816,0.25786301,0.93901265
1783532869.1795,66,right_handMid_2_joint,-0.7530041,0.1792534,0.15599534,0.019426668,0.2266816,0.25786301,0.93901265
1783532869.1795,66,right_handMid_3_joint,-0.7765557,0.16405816,0.16880584,0.019426668,0.2266816,0.25786301,0.93901265
1783532869.1795,66,right_handMidEnd_joint,-0.79225665,0.15392847,0.17734605,0.019426676,0.2266816,0.25786301,0.93901265
1783532869.1795,66,right_handPinkyStart_joint,-0.66415155,0.23859347,0.07674269,0.0506883,0.12559378,0.28768325,0.94810086
1783532869.1795,66,right_handPinky_1_joint,-0.7151381,0.20314503,0.090013444,0.0506883,0.12559378,0.28768325,0.94810086
1783532869.1795,66,right_handPinky_2_joint,-0.74663067,0.1812504,0.09821044,0.0506883,0.12559378,0.28768325,0.94810086
1783532869.1795,66,right_handPinky_3_joint,-0.7631261,0.16978136,0.102503814,0.05068831,0.12559378,0.28768325,0.94810086
1783532869.1795,66,right_handPinkyEnd_joint,-0.778122,0.1593554,0.106406845,0.0506883,0.12559378,0.28768325,0.94810086
1783532869.1795,66,right_handRingStart_joint,-0.65909517,0.24065287,0.09056555,0.03598357,0.17662573,0.27302644,0.94496834
1783532869.1795,66,right_handRing_1_joint,-0.71417433,0.20372176,0.11251022,0.03598357,0.17662573,0.27302644,0.94496834
1783532869.1795,66,right_handRing_2_joint,-0.75305325,0.17765278,0.12800038,0.03598357,0.17662573,0.27302644,0.94496834
1783532869.1795,66,right_handRing_3_joint,-0.7773533,0.16135985,0.13768199,0.03598357,0.17662573,0.27302644,0.94496834
1783532869.1795,66,right_handRingEnd_joint,-0.79355305,0.15049686,0.14413634,0.03598357,0.17662573,0.27302644,0.94496834
1783532869.1795,66,right_handThumbStart_joint,-0.63964987,0.2361878,0.112411134,0.4864092,0.63762355,-0.05211841,0.59508514
1783532869.1795,66,right_handThumb_1_joint,-0.6493946,0.20620942,0.15588088,0.4864092,0.63762355,-0.05211841,0.59508514
1783532869.1795,66,right_handThumb_2_joint,-0.65635854,0.18478313,0.18695347,0.4864092,0.63762355,-0.05211841,0.59508514
1783532869.1795,66,right_handThumbEnd_joint,-0.661001,0.17049833,0.20766798,0.48640925,0.63762355,-0.05211843,0.59508514
1783532869.1795,66,camera,-0.11767605,0.0017474887,0.12786737,-0.07679423,-0.11275522,-0.7120106,0.68878865
1783532869.2118,67,root,-0.0009801217,0.015677048,-0.0013502071,0.047734737,0.0034744474,-0.01356209,0.99876195
1783532869.2118,67,hips_joint,-0.0009801217,0.015677048,-0.0013502071,0.047734737,0.0034744474,-0.01356209,0.99876195
1783532869.2118,67,left_upLeg_joint,0.098840915,-0.011960205,-0.0036035364,0.55415547,-0.4747063,0.49924028,-0.46725258
1783532869.2118,67,left_leg_joint,0.12024388,-0.42997223,0.042590383,-0.39029485,0.6059315,-0.34060085,0.603745
1783532869.2118,67,left_foot_joint,0.1356442,-0.8343484,-0.17041706,0.6809122,-0.23630604,0.640446,-0.26523003
1783532869.2118,67,left_toes_joint,0.14577489,-0.9329386,-0.059116524,0.71335846,-0.102965936,0.67910755,-0.13903485
1783532869.2118,67,left_toesEnd_joint,0.14919782,-0.9533048,-0.002080021,0.7133585,-0.102965735,0.6791075,-0.13903506
1783532869.2118,67,right_upLeg_joint,-0.102160126,-0.0065748394,-0.0019466858,0.4595473,0.48742995,0.45318255,0.5880935
1783532869.2118,67,right_leg_joint,-0.15019643,-0.41967636,0.06407701,0.6033741,0.28588498,0.64622587,0.36959678
1783532869.2118,67,right_foot_joint,-0.1508008,-0.7958922,-0.19590518,0.29868066,0.59714276,0.28079015,0.68946886
1783532869.2118,67,right_toes_joint,-0.17004894,-0.9067572,-0.09818661,0.18008734,0.64292943,0.14502127,0.7301912
1783532869.2118,67,right_toesEnd_joint,-0.1780088,-0.933651,-0.044400156,0.18008785,0.6429296,0.14502084,0.730191
1783532869.2118,67,spine_1_joint,-0.0009801415,0.015677048,-0.001350207,0.519911,0.48176208,0.5080892,0.48932967
1783532869.2118,67,spine_2_joint,0.00014222354,0.07312592,0.0019211823,0.50880426,0.4921305,0.4974737,0.5014443
1783532869.2118,67,spine_3_joint,0.0013310023,0.1306619,0.0026510214,0.50344986,0.49295983,0.49424702,0.50916535
1783532869.2118,67,spine_4_joint,0.0026797124,0.18369849,0.0024208063,0.5079681,0.48331115,0.5004993,0.50781864
1783532869.2118,67,spine_5_joint,0.004924657,0.25411844,0.0034383945,0.529931,0.45363337,0.52583396,0.48671257
1783532869.2118,67,spine_6_joint,0.008235548,0.34720555,0.014845569,0.5315826,0.44493595,0.5380126,0.47957763
1783532869.2118,67,spine_7_joint,0.010901658,0.4530186,0.031117672,0.5273355,0.44592783,0.5405262,0.48051813
1783532869.2118,67,left_shoulder_1_joint,0.102429375,0.562606,0.04591303,-0.6833539,0.05716047,-0.050772436,0.7260735
1783532869.2118,67,left_arm_joint,0.24578346,0.54058003,0.043938268,-0.53161985,0.3693232,-0.25664505,0.71771485
1783532869.2118,67,left_forearm_joint,0.4041697,0.33814445,-0.024490032,-0.60924816,0.21653408,-0.4054678,0.64616287
1783532869.2118,67,left_hand_joint,0.55890054,0.12702611,0.03291679,0.87543786,-0.4169488,0.19350679,-0.14939252
1783532869.2118,67,left_handIndexStart_joint,0.5653847,0.10589654,0.053016562,0.8608671,-0.42625785,0.24956147,-0.122196555
1783532869.2118,67,left_handIndex_1_joint,0.6065075,0.042058192,0.07915797,0.8608671,-0.42625785,0.24956147,-0.122196555
1783532869.2118,67,left_handIndex_2_joint,0.63041604,0.0049428702,0.094356455,0.8608671,-0.42625785,0.24956147,-0.122196555
1783532869.2118,67,left_handIndex_3_joint,0.64380485,-0.01584171,0.10286761,0.8608671,-0.42625785,0.24956147,-0.122196555
1783532869.2118,67,left_handIndexEnd_joint,0.6533683,-0.030687837,0.10894701,0.8608671,-0.42625785,0.24956147,-0.122196555
1783532869.2118,67,left_handMidStart_joint,0.5722993,0.10571541,0.042267967,0.8758923,-0.41674805,0.1909531,-0.1505702
1783532869.2118,67,left_handMid_1_joint,0.6163663,0.0458494,0.05815576,0.8758923,-0.41674805,0.1909531,-0.1505702
1783532869.2118,67,left_handMid_2_joint,0.6473324,0.0037814043,0.06932016,0.8758923,-0.41674805,0.1909531,-0.1505702
1783532869.2118,67,left_handMid_3_joint,0.6651974,-0.020488596,0.075761154,0.8758923,-0.41674805,0.1909531,-0.1505702
1783532869.2118,67,left_handMidEnd_joint,0.6771074,-0.036668595,0.08005515,0.8758923,-0.41674805,0.1909531,-0.1505702
1783532869.2118,67,left_handPinkyStart_joint,0.5825668,0.10731207,0.016557414,0.876596,-0.42958066,0.09154509,-0.19662206
1783532869.2118,67,left_handPinky_1_joint,0.62156683,0.0572008,0.01602185,0.876596,-0.42958066,0.09154509,-0.19662206
1783532869.2118,67,left_handPinky_2_joint,0.64565504,0.026249724,0.015691059,0.876596,-0.42958066,0.09154509,-0.19662206
1783532869.2118,67,left_handPinky_3_joint,0.6582727,0.0100372555,0.015517789,0.876596,-0.42958066,0.09154509,-0.19662206
1783532869.2118,67,left_handPinkyEnd_joint,0.66974324,-0.004701353,0.015360269,0.876596,-0.42958066,0.09154509,-0.19662206
1783532869.2118,67,left_handRingStart_joint,0.57728785,0.105996646,0.030387865,0.8774251,-0.42367443,0.14182383,-0.17467655
1783532869.2118,67,left_handRing_1_joint,0.6192527,0.050602198,0.037433624,0.8774251,-0.42367443,0.14182383,-0.17467655
1783532869.2118,67,left_handRing_2_joint,0.64887494,0.011500235,0.042407103,0.8774251,-0.42367443,0.14182383,-0.17467655
1783532869.2118,67,left_handRing_3_joint,0.6673888,-0.012938492,0.045515522,0.8774251,-0.42367443,0.14182383,-0.17467655
1783532869.2118,67,left_handRingEnd_joint,0.6797314,-0.029230975,0.047587804,0.8774251,-0.42367443,0.14182383,-0.17467655
1783532869.2118,67,left_handThumbStart_joint,0.5559065,0.09998813,0.04993329,0.49810886,-0.13204378,0.70378065,-0.4890252
1783532869.2118,67,left_handThumb_1_joint,0.55453974,0.055962466,0.08064384,0.49810886,-0.13204378,0.70378065,-0.4890252
1783532869.2118,67,left_handThumb_2_joint,0.55356157,0.024494778,0.10259674,0.49810883,-0.13204376,0.70378065,-0.4890252
1783532869.2118,67,left_handThumbEnd_joint,0.55290943,0.0035163164,0.117231995,0.49810883,-0.13204375,0.70378065,-0.4890252
1783532869.2118,67,neck_1_joint,0.013648154,0.58660793,0.043464493,0.5780687,0.37610152,0.59795266,0.40845758
1783532869.2118,67,neck_2_joint,0.013708167,0.614307,0.054986667,0.5737351,0.38098645,0.59664464,0.41193843
1783532869.2118,67,neck_3_joint,0.013617325,0.6514563,0.069816515,0.5607877,0.39769283,0.58844775,0.4255441
1783532869.2118,67,neck_4_joint,0.013262891,0.6893308,0.08267719,0.54638165,0.4159243,0.5774379,0.44163388
1783532869.2118,67,head_joint,0.01266953,0.73389477,0.09541737,0.48903218,0.48069343,0.52462405,0.50453156
1783532869.2118,67,jaw_joint,0.012688191,0.7087628,0.099704884,0.48903218,0.48069343,0.52462405,0.50453156
1783532869.2118,67,chin_joint,0.007394812,0.65590996,0.19808465,0.48903218,0.48069343,0.52462405,0.50453156
1783532869.2118,67,left_eye_joint,0.03935728,0.76435035,0.18467365,0.49320588,0.47641015,0.5290039,0.49993736
1783532869.2118,67,left_eyeLowerLid_joint,0.03935728,0.76435035,0.18467365,0.49320588,0.47641015,0.5290039,0.49993736
1783532869.2118,67,left_eyeUpperLid_joint,0.03935728,0.76435035,0.18467365,0.49320588,0.47641015,0.5290039,0.49993736
1783532869.2118,67,left_eyeball_joint,0.03935728,0.76435035,0.18467365,0.49320588,0.47641015,0.5290039,0.49993736
1783532869.2118,67,nose_joint,0.006154229,0.73073065,0.20517875,0.49320838,0.47640756,0.52900654,0.49993458
1783532869.2118,67,right_eye_joint,-0.025159137,0.7636457,0.18082377,0.49320588,0.47641015,0.5290039,0.49993736
1783532869.2118,67,right_eyeLowerLid_joint,-0.025159137,0.7636457,0.18082377,0.49320588,0.47641015,0.5290039,0.49993736
1783532869.2118,67,right_eyeUpperLid_joint,-0.025159137,0.7636457,0.18082377,0.49320588,0.47641015,0.5290039,0.49993736
1783532869.2118,67,right_eyeball_joint,-0.025159137,0.7636457,0.18082377,0.49320588,0.47641015,0.5290039,0.49993736
1783532869.2118,67,right_shoulder_1_joint,-0.07605718,0.5670234,0.037667803,0.7089509,0.0233585,0.09096684,0.6989769
1783532869.2118,67,right_arm_joint,-0.21854755,0.54377383,0.023695521,0.680124,0.24137984,0.34702948,0.5989479
1783532869.2118,67,right_forearm_joint,-0.38947353,0.34586933,-0.024952745,0.59261936,0.40722734,0.16800772,0.6743458
1783532869.2118,67,right_hand_joint,-0.5534391,0.15581058,0.068862416,0.0674553,0.22411662,0.37925237,0.8952037
1783532869.2118,67,right_handIndexStart_joint,-0.5613425,0.13930854,0.09102408,0.041352436,0.28481707,0.3835586,0.8775264
1783532869.2118,67,right_handIndex_1_joint,-0.6049929,0.083354555,0.12862103,0.041352436,0.28481707,0.3835586,0.8775264
1783532869.2118,67,right_handIndex_2_joint,-0.6303708,0.05082265,0.15047961,0.041352436,0.28481707,0.3835586,0.8775264
1783532869.2118,67,right_handIndex_3_joint,-0.64458317,0.03260508,0.16272075,0.041352436,0.28481707,0.3835586,0.8775264
1783532869.2118,67,right_handIndexEnd_joint,-0.65473473,0.01959274,0.17146438,0.041352436,0.28481707,0.3835586,0.8775264
1783532869.2118,67,right_handMidStart_joint,-0.5682332,0.1373105,0.08044585,0.06701718,0.22497717,0.3795947,0.8948756
1783532869.2118,67,right_handMid_1_joint,-0.61464727,0.08337477,0.10718609,0.06701718,0.22497717,0.3795947,0.8948756
1783532869.2118,67,right_handMid_2_joint,-0.64726245,0.045474757,0.12597655,0.06701718,0.22497717,0.3795947,0.8948756
1783532869.2118,67,right_handMid_3_joint,-0.66607887,0.023609068,0.1368172,0.06701718,0.22497717,0.3795947,0.8948756
1783532869.2118,67,right_handMidEnd_joint,-0.6786231,0.009032415,0.14404425,0.0670172,0.22497717,0.3795947,0.8948756
1783532869.2118,67,right_handPinkyStart_joint,-0.57837176,0.13428247,0.05481294,0.11080782,0.1264146,0.4021647,0.90000284
1783532869.2118,67,right_handPinky_1_joint,-0.61930215,0.086535454,0.06360273,0.11080782,0.1264146,0.4021647,0.90000284
1783532869.2118,67,right_handPinky_2_joint,-0.6445836,0.057044387,0.06903208,0.11080782,0.1264146,0.4021647,0.90000284
1783532869.2118,67,right_handPinky_3_joint,-0.65782547,0.041596487,0.07187566,0.11080782,0.1264146,0.4021647,0.90000284
1783532869.2118,67,right_handPinkyEnd_joint,-0.6698638,0.02755333,0.074460775,0.11080782,0.1264146,0.4021647,0.90000284
1783532869.2118,67,right_handRingStart_joint,-0.5731802,0.13547277,0.06868775,0.08988221,0.17629282,0.39131165,0.8987312
1783532869.2118,67,right_handRing_1_joint,-0.6172978,0.08412817,0.08590865,0.08988221,0.17629282,0.39131165,0.8987312
1783532869.2118,67,right_handRing_2_joint,-0.6484392,0.047885075,0.098064385,0.08988221,0.17629282,0.39131165,0.8987312
1783532869.2118,67,right_handRing_3_joint,-0.6679033,0.025233136,0.105662,0.08988221,0.17629282,0.39131165,0.8987312
1783532869.2118,67,right_handRingEnd_joint,-0.6808789,0.010130907,0.11072687,0.08988221,0.17629282,0.39131165,0.8987312
1783532869.2118,67,right_handThumbStart_joint,-0.5520954,0.13255876,0.08923588,0.45136932,0.70215994,0.054742843,0.5479428
1783532869.2118,67,right_handThumb_1_joint,-0.552524,0.095299214,0.12789887,0.4513693,0.70215994,0.054742817,0.5479428
1783532869.2118,67,right_handThumb_2_joint,-0.55282927,0.068668544,0.15553589,0.4513693,0.70215994,0.054742817,0.5479428
1783532869.2118,67,right_handThumbEnd_joint,-0.5530326,0.050914302,0.17395994,0.4513693,0.70215994,0.054742787,0.5479428
1783532869.2118,67,camera,-0.117314816,0.000801601,0.12781079,-0.07676218,-0.11333453,-0.711821,0.688893
1783532869.2459,68,root,-0.0008329918,0.016772758,-0.00049625407,0.035470083,0.002305291,-0.008763281,0.9993297
1783532869.2459,68,hips_joint,-0.0008329918,0.016772758,-0.00049625407,0.035470083,0.002305291,-0.008763281,0.9993297
1783532869.2459,68,left_upLeg_joint,0.09925273,-0.009951491,-0.0018358058,0.56708944,-0.46602947,0.50576675,-0.45323947
1783532869.2459,68,left_leg_joint,0.12200606,-0.42558974,0.06182793,-0.3806765,0.6232811,-0.33979118,0.59257734
1783532869.2459,68,left_foot_joint,0.118404835,-0.8267584,-0.1576718,0.6840398,-0.25589532,0.6329217,-0.25693804
1783532869.2459,68,left_toes_joint,0.12851742,-0.92740387,-0.048224505,0.72014225,-0.1216073,0.6701481,-0.13231932
1783532869.2459,68,left_toesEnd_joint,0.13289908,-0.9487864,0.008372764,0.7201423,-0.1216071,0.670148,-0.13231952
1783532869.2459,68,right_upLeg_joint,-0.10179415,-0.0064577865,-0.00078349665,0.43874347,0.497334,0.4622234,0.58865315
1783532869.2459,68,right_leg_joint,-0.13464648,-0.4193744,0.07497935,0.5866812,0.29056746,0.67461693,0.3409808
1783532869.2459,68,right_foot_joint,-0.098484024,-0.78567886,-0.1963928,0.28265223,0.5905346,0.3207869,0.68445045
1783532869.2459,68,right_toes_joint,-0.11289976,-0.900874,-0.10294377,0.165602,0.6334032,0.18524426,0.7328446
1783532869.2459,68,right_toesEnd_joint,-0.12072306,-0.9300693,-0.050350565,0.1656025,0.63340324,0.18524382,0.73284453
1783532869.2459,68,spine_1_joint,-0.0008330115,0.016772758,-0.00049625395,0.511271,0.4910189,0.50442404,0.49301004
1783532869.2459,68,spine_2_joint,-0.0003200063,0.07429453,0.0013247379,0.5016534,0.5008819,0.49407527,0.50333965
1783532869.2459,68,spine_3_joint,0.0002563229,0.13184242,0.0008344793,0.49931893,0.50003994,0.49233013,0.5081847
1783532869.2459,68,spine_4_joint,0.0010596695,0.18488327,-4.440151e-05,0.5080317,0.48774114,0.50082296,0.5031789
1783532869.2459,68,spine_5_joint,0.0026507177,0.25532058,0.0010027224,0.5349922,0.45427334,0.5286364,0.47745478
1783532869.2459,68,spine_6_joint,0.0053047263,0.3482311,0.013920602,0.54114,0.44187117,0.54307574,0.46581784
1783532869.2459,68,spine_7_joint,0.0073917187,0.45349652,0.03349442,0.5397683,0.44122356,0.54673064,0.46374327
1783532869.2459,68,left_shoulder_1_joint,0.09831814,0.56316537,0.051122464,-0.6593555,0.06670127,-0.0731285,0.74528766
1783532869.2459,68,left_arm_joint,0.24052586,0.53459585,0.050689068,-0.4784557,0.39086312,-0.318232,0.7190513
1783532869.2459,68,left_forearm_joint,0.37136695,0.3133825,-0.01782412,-0.55743766,0.2535418,-0.48538426,0.62400496
1783532869.2459,68,left_hand_joint,0.47861868,0.0753092,0.04239423,0.82072526,-0.4945995,0.23505902,-0.16287668
1783532869.2459,68,left_handIndexStart_joint,0.47932354,0.052791264,0.062014353,0.80353886,-0.50458795,0.28747848,-0.13066237
1783532869.2459,68,left_handIndex_1_joint,0.50546414,-0.018366875,0.088528,0.80353886,-0.50458795,0.28747848,-0.13066237
1783532869.2459,68,left_handIndex_2_joint,0.5206622,-0.059737887,0.10394291,0.80353886,-0.50458795,0.28747848,-0.13066237
1783532869.2459,68,left_handIndex_3_joint,0.5291731,-0.08290565,0.112575255,0.80353886,-0.50458795,0.28747848,-0.13066237
1783532869.2459,68,left_handIndexEnd_joint,0.5352523,-0.09945406,0.118741214,0.80353886,-0.50458795,0.28747848,-0.13066237
1783532869.2459,68,left_handMidStart_joint,0.48697004,0.051600084,0.05184145,0.82128,-0.49434936,0.23265263,-0.1642888
1783532869.2459,68,left_handMid_1_joint,0.51760274,-0.015934786,0.068542965,0.82128,-0.49434936,0.23265263,-0.1642888
1783532869.2459,68,left_handMid_2_joint,0.5391284,-0.063391715,0.080279164,0.82128,-0.49434936,0.23265263,-0.1642888
1783532869.2459,68,left_handMid_3_joint,0.5515471,-0.09077072,0.08705006,0.82128,-0.49434936,0.23265263,-0.1642888
1783532869.2459,68,left_handMidEnd_joint,0.55982625,-0.109023385,0.09156398,0.82128,-0.49434936,0.23265263,-0.1642888
1783532869.2459,68,left_handPinkyStart_joint,0.49949938,0.0519299,0.027104653,0.8240287,-0.50353336,0.13793674,-0.22001034
1783532869.2459,68,left_handPinky_1_joint,0.5283833,-0.004621038,0.02747059,0.8240287,-0.50353336,0.13793674,-0.22001034
1783532869.2459,68,left_handPinky_2_joint,0.5462234,-0.039549556,0.02769661,0.8240287,-0.50353336,0.13793674,-0.22001034
1783532869.2459,68,left_handPinky_3_joint,0.55556816,-0.057845447,0.027815001,0.8240287,-0.50353336,0.13793674,-0.22001034
1783532869.2459,68,left_handPinkyEnd_joint,0.5640635,-0.074478075,0.027922627,0.8240287,-0.50353336,0.13793674,-0.22001034
1783532869.2459,68,left_handRingStart_joint,0.4929135,0.05125816,0.040410805,0.82373816,-0.49952593,0.18600763,-0.19321156
1783532869.2459,68,left_handRing_1_joint,0.5230719,-0.011247382,0.048332997,0.82373816,-0.49952593,0.18600763,-0.19321156
1783532869.2459,68,left_handRing_2_joint,0.54436016,-0.055368945,0.05392513,0.82373816,-0.49952593,0.18600763,-0.19321156
1783532869.2459,68,left_handRing_3_joint,0.5576653,-0.08294492,0.057420213,0.82373816,-0.49952593,0.18600763,-0.19321156
1783532869.2459,68,left_handRingEnd_joint,0.5665354,-0.1013289,0.05975027,0.82373816,-0.49952593,0.18600763,-0.19321156
1783532869.2459,68,left_handThumbStart_joint,0.469207,0.04886965,0.05794883,0.4454324,-0.17073728,0.7641732,-0.43414086
1783532869.2459,68,left_handThumb_1_joint,0.4570613,0.00507226,0.086541355,0.4454324,-0.17073728,0.7641732,-0.43414086
1783532869.2459,68,left_handThumb_2_joint,0.4483786,-0.026232082,0.106980264,0.44543242,-0.17073724,0.7641732,-0.43414086
1783532869.2459,68,left_handThumbEnd_joint,0.44259012,-0.04710165,0.12060619,0.44543242,-0.17073722,0.7641732,-0.43414086
1783532869.2459,68,neck_1_joint,0.009325589,0.5865002,0.051168412,0.5887627,0.37174347,0.6004384,0.39324197
1783532869.2459,68,neck_2_joint,0.009402417,0.6137994,0.06360825,0.58348376,0.3783253,0.59788316,0.39868873
1783532869.2459,68,neck_3_joint,0.009354866,0.6505286,0.07944994,0.5698216,0.39643034,0.58902603,0.4137573
1783532869.2459,68,neck_4_joint,0.009026169,0.6880973,0.09317903,0.55507064,0.41542596,0.57792205,0.43049347
1783532869.2459,68,head_joint,0.008429698,0.7323828,0.10685543,0.4977189,0.48115677,0.5264869,0.49353448
1783532869.2459,68,jaw_joint,0.008661123,0.7071676,0.11061631,0.4977189,0.48115677,0.5264869,0.49353448
1783532869.2459,68,chin_joint,0.005459415,0.6522531,0.20795162,0.4977189,0.48115677,0.5264869,0.49353448
1783532869.2459,68,left_eye_joint,0.036591526,0.7611295,0.1962254,0.50189626,0.47679773,0.5307711,0.48892403
1783532869.2459,68,left_eyeLowerLid_joint,0.036591526,0.7611295,0.1962254,0.50189626,0.47679773,0.5307711,0.48892403
1783532869.2459,68,left_eyeUpperLid_joint,0.036591526,0.7611295,0.1962254,0.50189626,0.47679773,0.5307711,0.48892403
1783532869.2459,68,left_eyeball_joint,0.036591526,0.7611295,0.1962254,0.50189626,0.47679773,0.5307711,0.48892403
1783532869.2459,68,nose_joint,0.0039507807,0.72690207,0.21662752,0.5018987,0.47679505,0.5307737,0.48892123
1783532869.2459,68,right_eye_joint,-0.02798009,0.76013654,0.19354121,0.50189626,0.47679773,0.5307711,0.48892403
1783532869.2459,68,right_eyeLowerLid_joint,-0.02798009,0.76013654,0.19354121,0.50189626,0.47679773,0.5307711,0.48892403
1783532869.2459,68,right_eyeUpperLid_joint,-0.02798009,0.76013654,0.19354121,0.50189626,0.47679773,0.5307711,0.48892403
1783532869.2459,68,right_eyeball_joint,-0.02798009,0.76013654,0.19354121,0.50189626,0.47679773,0.5307711,0.48892403
1783532869.2459,68,right_shoulder_1_joint,-0.08031404,0.56641203,0.04612793,0.73625606,0.059571207,0.09675456,0.6670961
1783532869.2459,68,right_arm_joint,-0.22161801,0.53496414,0.036990874,0.69378763,0.29972503,0.3808973,0.53267366
1783532869.2459,68,right_forearm_joint,-0.36263427,0.31640917,-0.018656664,0.597725,0.4626385,0.23273768,0.61198384
1783532869.2459,68,right_hand_joint,-0.4868649,0.09187002,0.0585265,0.10906318,0.22941445,0.4642953,0.8484718
1783532869.2459,68,right_handIndexStart_joint,-0.49057677,0.0719204,0.07887729,0.07704675,0.286866,0.47122344,0.83049417
1783532869.2459,68,right_handIndex_1_joint,-0.5220031,0.0055116937,0.111312024,0.07704675,0.286866,0.47122344,0.83049417
1783532869.2459,68,right_handIndex_2_joint,-0.5402738,-0.033098463,0.13016924,0.07704675,0.286866,0.47122344,0.83049417
1783532869.2459,68,right_handIndex_3_joint,-0.5505062,-0.05472003,0.14072968,0.07704675,0.286866,0.47122344,0.83049417
1783532869.2459,68,right_handIndexEnd_joint,-0.5578149,-0.070163764,0.14827283,0.07704675,0.286866,0.47122344,0.83049417
1783532869.2459,68,right_handMidStart_joint,-0.49766245,0.069944315,0.06842448,0.10854429,0.23020503,0.4646684,0.84812
1783532869.2459,68,right_handMid_1_joint,-0.5327952,0.006230774,0.09043915,0.10854429,0.23020503,0.4646684,0.84812
1783532869.2459,68,right_handMid_2_joint,-0.5574831,-0.03854013,0.10590903,0.10854429,0.23020503,0.4646684,0.84812
1783532869.2459,68,right_handMid_3_joint,-0.57172596,-0.064369775,0.114833936,0.10854429,0.23020503,0.4646684,0.84812
1783532869.2459,68,right_handMidEnd_joint,-0.58122134,-0.081589065,0.12078387,0.1085443,0.23020503,0.4646684,0.84812
1783532869.2459,68,right_handPinkyStart_joint,-0.5086773,0.0680577,0.04304496,0.16132148,0.13474327,0.48077884,0.85127646
1783532869.2459,68,right_handPinky_1_joint,-0.540516,0.013318534,0.04776224,0.16132148,0.13474327,0.48077884,0.85127646
1783532869.2459,68,right_handPinky_2_joint,-0.5601819,-0.020491391,0.050676227,0.16132148,0.13474327,0.48077884,0.85127646
1783532869.2459,68,right_handPinky_3_joint,-0.5704823,-0.03820137,0.05220218,0.16132149,0.13474327,0.48077884,0.85127646
1783532869.2459,68,right_handPinkyEnd_joint,-0.5798466,-0.054301023,0.053589508,0.16132148,0.13474327,0.48077884,0.85127646
1783532869.2459,68,right_handRingStart_joint,-0.5029323,0.06858871,0.056741413,0.13593164,0.18315792,0.47327265,0.8508755
1783532869.2459,68,right_handRing_1_joint,-0.5368056,0.00885304,0.06952595,0.13593164,0.18315792,0.47327265,0.8508755
1783532869.2459,68,right_handRing_2_joint,-0.5607158,-0.03331305,0.07855012,0.13593164,0.18315792,0.47327265,0.8508755
1783532869.2459,68,right_handRing_3_joint,-0.5756603,-0.059667002,0.08419055,0.13593164,0.18315792,0.47327265,0.8508755
1783532869.2459,68,right_handRingEnd_joint,-0.5856227,-0.07723713,0.0879505,0.13593164,0.18315792,0.47327265,0.8508755
1783532869.2459,68,right_handThumbStart_joint,-0.4804621,0.06709705,0.07592866,0.42210555,0.7472468,0.12988766,0.496567
1783532869.2459,68,right_handThumb_1_joint,-0.47238243,0.026295051,0.10988744,0.4221056,0.7472468,0.12988764,0.496567
1783532869.2459,68,right_handThumb_2_joint,-0.4666064,-0.0028677105,0.13416214,0.42210555,0.7472468,0.12988761,0.496567
1783532869.2459,68,right_handThumbEnd_joint,-0.4627554,-0.022309894,0.15034458,0.42210555,0.7472468,0.12988761,0.496567
1783532869.2459,68,camera,-0.116954595,0.00071479636,0.12790476,-0.076449744,-0.113918744,-0.71174353,0.6889116
1783532869.2790,69,root,-0.0012885471,0.018025411,-0.00030873687,0.024542628,-0.002956219,-0.0061303894,0.9996756
1783532869.2790,69,hips_joint,-0.0012885471,0.018025411,-0.00030873687,0.024542628,-0.002956219,-0.0061303894,0.9996756
1783532869.2790,69,left_upLeg_joint,0.098933645,-0.00821496,-1.4111418e-05,0.57181054,-0.45461762,0.524419,-0.43742448
1783532869.2790,69,left_leg_joint,0.11435227,-0.42034546,0.08505454,-0.3628303,0.6319863,-0.3449704,0.5915598
1783532869.2790,69,left_foot_joint,0.097513095,-0.81671536,-0.14240254,0.6753594,-0.27375358,0.6363714,-0.2529431
1783532869.2790,69,left_toes_joint,0.10350132,-0.9198,-0.03494007,0.71500397,-0.14078718,0.672778,-0.12774295
1783532869.2790,69,left_toesEnd_joint,0.106843926,-0.9424392,0.021237854,0.7150041,-0.14078698,0.6727779,-0.12774314
1783532869.2790,69,right_upLeg_joint,-0.102127664,-0.005716457,-0.0011413643,0.42296717,0.50273365,0.47462672,0.58573645
1783532869.2790,69,right_leg_joint,-0.120646,-0.4189318,0.07778658,0.57366675,0.29333803,0.6968367,0.3150837
1783532869.2790,69,right_foot_joint,-0.05513254,-0.77365553,-0.2032977,0.27069864,0.5846898,0.35424894,0.6777667
1783532869.2790,69,right_toes_joint,-0.064862974,-0.8923959,-0.11376283,0.15497285,0.6253986,0.21936652,0.73262423
1783532869.2790,69,right_toesEnd_joint,-0.07223374,-0.9236519,-0.062300686,0.15497337,0.6253988,0.21936612,0.7326241
1783532869.2790,69,spine_1_joint,-0.0012885669,0.018025411,-0.00030873698,0.5028423,0.4962239,0.5016572,0.4992507
1783532869.2790,69,spine_2_joint,-0.0010466388,0.07557542,0.00021088464,0.4953162,0.50565374,0.4907635,0.5080622
1783532869.2790,69,spine_3_joint,-0.0006477359,0.1331049,-0.0013799279,0.49634552,0.50332516,0.48982015,0.51027524
1783532869.2790,69,spine_4_joint,6.741971e-05,0.18613431,-0.002835129,0.5092878,0.48872972,0.49976632,0.50199884
1783532869.2790,69,spine_5_joint,0.0016704127,0.256571,-0.001764008,0.54077566,0.45212182,0.52915704,0.47237733
1783532869.2790,69,spine_6_joint,0.004591336,0.34929124,0.012403131,0.5507826,0.4370113,0.5447429,0.45707196
1783532869.2790,69,spine_7_joint,0.0072128247,0.45402384,0.034595307,0.5513371,0.436068,0.5482861,0.4530501
1783532869.2790,69,left_shoulder_1_joint,0.098717056,0.5629096,0.053998366,-0.6393907,0.08077958,-0.09549331,0.75864035
1783532869.2790,69,left_arm_joint,0.23922841,0.52690977,0.053933058,-0.4287622,0.41670004,-0.3754182,0.708227
1783532869.2790,69,left_forearm_joint,0.33786812,0.29042315,-0.017432736,-0.50768757,0.29693666,-0.5477095,0.59505975
1783532869.2790,69,left_hand_joint,0.3978092,0.034955826,0.03689574,0.7635736,-0.56676453,0.25871837,-0.16970035
1783532869.2790,69,left_handIndexStart_joint,0.39347374,0.011990597,0.055505022,0.74493575,-0.577011,0.30738676,-0.13282573
1783532869.2790,69,left_handIndex_1_joint,0.40513027,-0.06360812,0.07997428,0.74493575,-0.577011,0.30738676,-0.13282573
1783532869.2790,69,left_handIndex_2_joint,0.41190735,-0.10756086,0.09420059,0.74493575,-0.577011,0.30738676,-0.13282573
1783532869.2790,69,left_handIndex_3_joint,0.4157025,-0.1321744,0.10216733,0.74493575,-0.577011,0.30738676,-0.13282573
1783532869.2790,69,left_handIndexEnd_joint,0.41841334,-0.14975551,0.10785785,0.74493575,-0.577011,0.30738676,-0.13282573
1783532869.2790,69,left_handMidStart_joint,0.40130875,0.00980962,0.045644395,0.7641787,-0.5664823,0.2564683,-0.1713271
1783532869.2790,69,left_handMid_1_joint,0.41853705,-0.06268328,0.06068528,0.7641787,-0.5664823,0.2564683,-0.1713271
1783532869.2790,69,left_handMid_2_joint,0.4306434,-0.11362423,0.071254544,0.7641787,-0.5664823,0.2564683,-0.1713271
1783532869.2790,69,left_handMid_3_joint,0.43762785,-0.14301324,0.0773522,0.7641787,-0.5664823,0.2564683,-0.1713271
1783532869.2790,69,left_handMidEnd_joint,0.44228417,-0.16260591,0.0814173,0.7641787,-0.5664823,0.2564683,-0.1713271
1783532869.2790,69,left_handPinkyStart_joint,0.41497466,0.008767516,0.021537166,0.76728475,-0.57259715,0.16706516,-0.23557606
1783532869.2790,69,left_handPinky_1_joint,0.43329123,-0.052028894,0.020685783,0.76728475,-0.57259715,0.16706516,-0.23557606
1783532869.2790,69,left_handPinky_2_joint,0.4446044,-0.08957962,0.020159928,0.76728475,-0.57259715,0.16706516,-0.23557606
1783532869.2790,69,left_handPinky_3_joint,0.45053035,-0.10924905,0.019884482,0.76728475,-0.57259715,0.16706516,-0.23557606
1783532869.2790,69,left_handPinkyEnd_joint,0.45591757,-0.12713034,0.019634075,0.76728475,-0.57259715,0.16706516,-0.23557606
1783532869.2790,69,left_handRingStart_joint,0.40768692,0.008814494,0.03448958,0.7667193,-0.5702072,0.21258643,-0.20448098
1783532869.2790,69,left_handRing_1_joint,0.4258023,-0.05833498,0.040971458,0.7667193,-0.5702072,0.21258643,-0.20448098
1783532869.2790,69,left_handRing_2_joint,0.43858963,-0.1057346,0.045546908,0.7667193,-0.5702072,0.21258643,-0.20448098
1783532869.2790,69,left_handRing_3_joint,0.44658172,-0.13535938,0.04840656,0.7667193,-0.5702072,0.21258643,-0.20448098
1783532869.2790,69,left_handRingEnd_joint,0.45190978,-0.15510921,0.050313,0.7667193,-0.5702072,0.21258643,-0.20448098
1783532869.2790,69,left_handThumbStart_joint,0.38304824,0.010098305,0.05081668,0.40062913,-0.21472599,0.80712265,-0.37675226
1783532869.2790,69,left_handThumb_1_joint,0.36183387,-0.031798445,0.076852724,0.40062913,-0.21472599,0.80712265,-0.37675226
1783532869.2790,69,left_handThumb_2_joint,0.34666923,-0.061744105,0.0954643,0.40062907,-0.21472599,0.80712265,-0.37675226
1783532869.2790,69,left_handThumbEnd_joint,0.33655947,-0.08170789,0.10787201,0.40062907,-0.21472594,0.80712265,-0.37675226
1783532869.2790,69,neck_1_joint,0.009803318,0.58644754,0.056120805,0.5982728,0.36709374,0.6000571,0.383723
1783532869.2790,69,neck_2_joint,0.010113738,0.6134402,0.069208935,0.5918325,0.3754098,0.59701514,0.39035237
1783532869.2790,69,neck_3_joint,0.0103249615,0.6498583,0.08575221,0.57733536,0.3949058,0.5879258,0.4062966
1783532869.2790,69,neck_4_joint,0.010196373,0.6872076,0.10007072,0.56249195,0.41429606,0.57695216,0.42318815
1783532869.2790,69,head_joint,0.009798286,0.7312828,0.11441718,0.5052307,0.48086858,0.5264417,0.4861759
1783532869.2790,69,jaw_joint,0.010087123,0.70601416,0.11779559,0.5052307,0.48086858,0.5264417,0.4861759
1783532869.2790,69,chin_joint,0.008325915,0.6496451,0.21433282,0.5052307,0.48086858,0.5264417,0.4861759
1783532869.2790,69,left_eye_joint,0.039273214,0.75869435,0.20378321,0.50940526,0.47644407,0.53066176,0.48156613
1783532869.2790,69,left_eyeLowerLid_joint,0.039273214,0.75869435,0.20378321,0.50940526,0.47644407,0.53066176,0.48156613
1783532869.2790,69,left_eyeUpperLid_joint,0.039273214,0.75869435,0.20378321,0.50940526,0.47644407,0.53066176,0.48156613
1783532869.2790,69,left_eyeball_joint,0.039273214,0.75869435,0.20378321,0.50940526,0.47644407,0.53066176,0.48156613
1783532869.2790,69,nose_joint,0.0069396542,0.724155,0.22414882,0.5094078,0.47644132,0.53066427,0.4815634
1783532869.2790,69,right_eye_joint,-0.025330892,0.75772244,0.20203713,0.50940526,0.47644407,0.53066176,0.48156613
1783532869.2790,69,right_eyeLowerLid_joint,-0.025330892,0.75772244,0.20203713,0.50940526,0.47644407,0.53066176,0.48156613
1783532869.2790,69,right_eyeUpperLid_joint,-0.025330892,0.75772244,0.20203713,0.50940526,0.47644407,0.53066176,0.48156613
1783532869.2790,69,right_eyeball_joint,-0.025330892,0.75772244,0.20203713,0.50940526,0.47644407,0.53066176,0.48156613
1783532869.2790,69,right_shoulder_1_joint,-0.07996121,0.5667318,0.05189924,0.75502765,0.09014362,0.096749425,0.64222026
1783532869.2790,69,right_arm_joint,-0.21993764,0.5289623,0.047502387,0.695479,0.3602215,0.40429297,0.47233114
1783532869.2790,69,right_forearm_joint,-0.32994285,0.2941039,-0.011564259,0.58576256,0.5252776,0.28387722,0.54806906
1783532869.2790,69,right_hand_joint,-0.40684897,0.045817144,0.053608246,0.13797453,0.2486638,0.54283434,0.7902281
1783532869.2790,69,right_handIndexStart_joint,-0.40546656,0.024087403,0.0723653,0.10052975,0.30205384,0.55152464,0.7710239
1783532869.2790,69,right_handIndex_1_joint,-0.42226478,-0.049092043,0.1008667,0.10052975,0.30205384,0.55152464,0.7710239
1783532869.2790,69,right_handIndex_2_joint,-0.4320307,-0.09163857,0.117437035,0.10052975,0.30205384,0.55152464,0.7710239
1783532869.2790,69,right_handIndex_3_joint,-0.43750045,-0.11546469,0.12671688,0.10052975,0.30205384,0.55152464,0.7710239
1783532869.2790,69,right_handIndexEnd_joint,-0.44140726,-0.13248308,0.13334532,0.10052975,0.30205384,0.55152464,0.7710239
1783532869.2790,69,right_handMidStart_joint,-0.4128707,0.02163949,0.06223809,0.13738675,0.24937679,0.54322356,0.78983825
1783532869.2790,69,right_handMid_1_joint,-0.43456846,-0.04879958,0.08083681,0.13738675,0.24937679,0.54322356,0.78983825
1783532869.2790,69,right_handMid_2_joint,-0.44981575,-0.09829656,0.09390635,0.13738675,0.24937679,0.54322356,0.78983825
1783532869.2790,69,right_handMid_3_joint,-0.45861205,-0.12685275,0.10144642,0.13738675,0.24937679,0.54322356,0.78983825
1783532869.2790,69,right_handMidEnd_joint,-0.46447647,-0.14588979,0.10647318,0.13738677,0.24937676,0.54322356,0.78983825
1783532869.2790,69,right_handPinkyStart_joint,-0.42528003,0.01966639,0.037517224,0.19907275,0.15859912,0.55389017,0.79273087
1783532869.2790,69,right_handPinky_1_joint,-0.44662288,-0.040107854,0.03948089,0.19907275,0.15859912,0.55389017,0.79273087
1783532869.2790,69,right_handPinky_2_joint,-0.4598059,-0.07702785,0.040694118,0.19907275,0.15859912,0.55389017,0.79273087
1783532869.2790,69,right_handPinky_3_joint,-0.46671054,-0.09636674,0.04132915,0.19907278,0.15859914,0.55389017,0.7927308
1783532869.2790,69,right_handPinkyEnd_joint,-0.47298786,-0.11394729,0.041906595,0.19907275,0.15859912,0.55389017,0.79273087
1783532869.2790,69,right_handRingStart_joint,-0.4186938,0.020217478,0.050828785,0.16922821,0.20477581,0.5492008,0.79234296
1783532869.2790,69,right_handRing_1_joint,-0.4405498,-0.045415934,0.060512017,0.16922821,0.20477581,0.5492008,0.79234296
1783532869.2790,69,right_handRing_2_joint,-0.45597723,-0.09174505,0.06734704,0.16922821,0.20477581,0.5492008,0.79234296
1783532869.2790,69,right_handRing_3_joint,-0.46561995,-0.12070104,0.07161927,0.16922821,0.20477581,0.5492008,0.79234296
1783532869.2790,69,right_handRingEnd_joint,-0.47204775,-0.1400057,0.07446698,0.16922821,0.20477581,0.5492008,0.79234296
1783532869.2790,69,right_handThumbStart_joint,-0.3949185,0.021393972,0.06839684,0.37755048,0.79282016,0.18873373,0.43962684
1783532869.2790,69,right_handThumb_1_joint,-0.3772876,-0.019664453,0.09817333,0.37755048,0.79282016,0.18873373,0.43962684
1783532869.2790,69,right_handThumb_2_joint,-0.3646847,-0.049010504,0.11945869,0.37755048,0.79282016,0.18873373,0.43962684
1783532869.2790,69,right_handThumbEnd_joint,-0.3562825,-0.06857478,0.13364822,0.37755048,0.79282016,0.1887337,0.43962684
1783532869.2790,69,camera,-0.11660152,0.00076818164,0.1280686,-0.07630366,-0.11421175,-0.7117958,0.68882513
1783532869.3126,70,root,-0.0020677906,0.018699627,-6.4069136e-05,0.013592613,-0.002748405,-0.008758473,0.9998655
1783532869.3126,70,hips_joint,-0.0020677906,0.018699627,-6.4069136e-05,0.013592613,-0.002748405,-0.008758473,0.9998655
1783532869.3126,70,left_upLeg_joint,0.098014146,-0.008060204,0.0007424308,0.5694448,-0.4513092,0.53654605,-0.42915112
1783532869.3126,70,left_leg_joint,0.10512081,-0.41842732,0.09494559,-0.34557012,0.6354813,-0.34347785,0.59897226
1783532869.3126,70,left_foot_joint,0.08516987,-0.80744624,-0.14462827,0.6639273,-0.28714904,0.6397676,-0.25969863
1783532869.3126,70,left_toes_joint,0.08762675,-0.91379327,-0.04025027,0.706318,-0.15610659,0.677393,-0.13373232
1783532869.3126,70,left_toesEnd_joint,0.0896616,-0.93816054,0.015263304,0.706318,-0.15610641,0.677393,-0.13373253
1783532869.3126,70,right_upLeg_joint,-0.10303188,-0.004518603,-0.00031421837,0.40646437,0.51615644,0.4682122,0.5908862
1783532869.3126,70,right_leg_joint,-0.115125574,-0.414208,0.09626611,0.57062835,0.29443538,0.70846695,0.29285765
1783532869.3126,70,right_foot_joint,-0.03407375,-0.75763893,-0.1946207,0.26763007,0.58367974,0.37711084,0.6674423
1783532869.3126,70,right_toes_joint,-0.03917219,-0.87922204,-0.108585745,0.15215136,0.6238254,0.24377094,0.7268201
1783532869.3126,70,right_toesEnd_joint,-0.04541016,-0.91223234,-0.05807809,0.15215184,0.6238255,0.2437705,0.72682
1783532869.3126,70,spine_1_joint,-0.0020678104,0.018699627,-6.406924e-05,0.4982942,0.50148576,0.4959243,0.50425583
1783532869.3126,70,spine_2_joint,-0.0017718615,0.076247916,-0.00072718423,0.49156848,0.5104012,0.4867581,0.5108009
1783532869.3126,70,spine_3_joint,-0.0014775146,0.1337471,-0.0031948742,0.49479023,0.50630254,0.48822695,0.5103671
1783532869.3126,70,spine_4_joint,-0.0009159769,0.18676826,-0.0049807006,0.5107732,0.48906568,0.500718,0.4992062
1783532869.3126,70,spine_5_joint,0.0005057226,0.2572028,-0.0035677385,0.54548734,0.44905415,0.5320133,0.46664283
1783532869.3126,70,spine_6_joint,0.0033789908,0.34968048,0.0121136205,0.55798185,0.43121234,0.54817736,0.44968182
1783532869.3126,70,spine_7_joint,0.00627838,0.45384535,0.036802694,0.55920947,0.43023822,0.55011004,0.44671994
1783532869.3126,70,left_shoulder_1_joint,0.098431505,0.5618512,0.05797225,-0.625641,0.08892283,-0.117026955,0.7661401
1783532869.3126,70,left_arm_joint,0.23721439,0.5197018,0.05944871,-0.39471158,0.4262194,-0.41999993,0.6972372
1783532869.3126,70,left_forearm_joint,0.31272104,0.2744233,-0.010451016,-0.47153735,0.31801018,-0.58732116,0.5758262
1783532869.3126,70,left_hand_joint,0.34162083,0.01280468,0.039833765,0.7231277,-0.60743344,0.27767113,-0.1760956
1783532869.3126,70,left_handIndexStart_joint,0.33395293,-0.00991337,0.057655014,0.70332605,-0.6179855,0.32367995,-0.13659313
1783532869.3126,70,left_handIndex_1_joint,0.33609325,-0.08682802,0.08066237,0.70332605,-0.6179855,0.32367995,-0.13659313
1783532869.3126,70,left_handIndex_2_joint,0.3373376,-0.13154584,0.09403874,0.70332605,-0.6179855,0.32367995,-0.13659313
1783532869.3126,70,left_handIndex_3_joint,0.33803442,-0.15658782,0.10152951,0.70332605,-0.6179855,0.32367995,-0.13659313
1783532869.3126,70,left_handIndexEnd_joint,0.33853218,-0.17447495,0.10688006,0.70332605,-0.6179855,0.32367995,-0.13659313
1783532869.3126,70,left_handMidStart_joint,0.34193054,-0.012749729,0.048079565,0.72377735,-0.60712415,0.27553186,-0.17784518
1783532869.3126,70,left_handMid_1_joint,0.35036552,-0.08700481,0.06198263,0.72377735,-0.60712415,0.27553186,-0.17784518
1783532869.3126,70,left_handMid_2_joint,0.35629278,-0.13918406,0.071752355,0.72377735,-0.60712415,0.27553186,-0.17784518
1783532869.3126,70,left_handMid_3_joint,0.35971236,-0.16928747,0.077388726,0.72377735,-0.60712415,0.27553186,-0.17784518
1783532869.3126,70,left_handMidEnd_joint,0.3619921,-0.1893564,0.081146315,0.72377735,-0.60712415,0.27553186,-0.17784518
1783532869.3126,70,left_handPinkyStart_joint,0.35645756,-0.014810385,0.024548275,0.7277338,-0.610978,0.18985884,-0.24710917
1783532869.3126,70,left_handPinky_1_joint,0.36797157,-0.07723796,0.02292117,0.7277338,-0.610978,0.18985884,-0.24710917
1783532869.3126,70,left_handPinky_2_joint,0.37508315,-0.11579618,0.02191619,0.7277338,-0.610978,0.18985884,-0.24710917
1783532869.3126,70,left_handPinky_3_joint,0.3788083,-0.13599335,0.021389775,0.7277338,-0.610978,0.18985884,-0.24710917
1783532869.3126,70,left_handPinkyEnd_joint,0.38219473,-0.1543544,0.020911213,0.7277338,-0.610978,0.18985884,-0.24710917
1783532869.3126,70,left_handRingStart_joint,0.34865013,-0.014218948,0.037180506,0.72667456,-0.6097594,0.23358448,-0.213485
1783532869.3126,70,left_handRing_1_joint,0.35893673,-0.083087415,0.04270791,0.72667456,-0.6097594,0.23358448,-0.213485
1783532869.3126,70,left_handRing_2_joint,0.36619785,-0.13170044,0.04660961,0.72667456,-0.6097594,0.23358448,-0.213485
1783532869.3126,70,left_handRing_3_joint,0.37073603,-0.16208358,0.049048174,0.72667456,-0.6097594,0.23358448,-0.213485
1783532869.3126,70,left_handRingEnd_joint,0.3737615,-0.18233901,0.050673883,0.72667456,-0.6097594,0.23358448,-0.213485
1783532869.3126,70,left_handThumbStart_joint,0.32360142,-0.0105357785,0.052486796,0.36614013,-0.23772389,0.83275986,-0.34049937
1783532869.3126,70,left_handThumb_1_joint,0.29675448,-0.050336726,0.076536484,0.36614013,-0.23772389,0.83275986,-0.34049937
1783532869.3126,70,left_handThumb_2_joint,0.27756384,-0.07878427,0.09372824,0.36614013,-0.23772387,0.83275986,-0.34049937
1783532869.3126,70,left_handThumbEnd_joint,0.26477012,-0.09774931,0.1051894,0.3661401,-0.23772381,0.8327599,-0.34049934
1783532869.3126,70,neck_1_joint,0.0096477205,0.5857473,0.0612283,0.60289234,0.36315247,0.60157734,0.37781706
1783532869.3126,70,neck_2_joint,0.010021223,0.612521,0.07475717,0.59435827,0.3738868,0.5988793,0.38508487
1783532869.3126,70,neck_3_joint,0.010145405,0.6487483,0.09171483,0.5783215,0.39512676,0.59003085,0.40159982
1783532869.3126,70,neck_4_joint,0.009804485,0.6859856,0.10631839,0.56265146,0.4153814,0.57915884,0.4188751
1783532869.3126,70,head_joint,0.009088867,0.72997594,0.120911025,0.5052465,0.48193535,0.52914697,0.48214847
1783532869.3126,70,jaw_joint,0.009585465,0.70469207,0.124147944,0.5052465,0.48193535,0.52914697,0.48214847
1783532869.3126,70,chin_joint,0.008485063,0.64777553,0.22037315,0.5052465,0.48193535,0.52914697,0.48214847
1783532869.3126,70,left_eye_joint,0.038543563,0.75712395,0.21036415,0.50943047,0.4775107,0.53333175,0.47751537
1783532869.3126,70,left_eyeLowerLid_joint,0.038543563,0.75712395,0.21036415,0.50943047,0.4775107,0.53333175,0.47751537
1783532869.3126,70,left_eyeUpperLid_joint,0.038543563,0.75712395,0.21036415,0.50943047,0.4775107,0.53333175,0.47751537
1783532869.3126,70,left_eyeball_joint,0.038543563,0.75712395,0.21036415,0.50943047,0.4775107,0.53333175,0.47751537
1783532869.3126,70,nose_joint,0.006530026,0.7222164,0.2306071,0.5094329,0.47750795,0.5333343,0.47751242
1783532869.3126,70,right_eye_joint,-0.026054468,0.75564885,0.20875292,0.50943047,0.4775107,0.53333175,0.47751537
1783532869.3126,70,right_eyeLowerLid_joint,-0.026054468,0.75564885,0.20875292,0.50943047,0.4775107,0.53333175,0.47751537
1783532869.3126,70,right_eyeUpperLid_joint,-0.026054468,0.75564885,0.20875292,0.50943047,0.4775107,0.53333175,0.47751537
1783532869.3126,70,right_eyeball_joint,-0.026054468,0.75564885,0.20875292,0.50943047,0.4775107,0.53333175,0.47751537
1783532869.3126,70,right_shoulder_1_joint,-0.080236584,0.56654495,0.057192933,0.7685899,0.10934332,0.09221876,0.62354577
1783532869.3126,70,right_arm_joint,-0.21935028,0.52548367,0.056410298,0.69602823,0.4015992,0.41398296,0.42764595
1783532869.3126,70,right_forearm_joint,-0.3083684,0.2826053,-0.005512042,0.5808885,0.5633802,0.31559405,0.49555185
1783532869.3126,70,right_hand_joint,-0.35285324,0.023394927,0.045862842,0.16568765,0.26000625,0.5910953,0.74535275
1783532869.3126,70,right_handIndexStart_joint,-0.34790668,0.00080904004,0.062931195,0.12488465,0.3102733,0.60154414,0.7254508
1783532869.3126,70,right_handIndex_1_joint,-0.35463256,-0.075508095,0.08701847,0.12488465,0.3102733,0.60154414,0.7254508
1783532869.3126,70,right_handIndex_2_joint,-0.35854244,-0.119878784,0.1010224,0.12488465,0.3102733,0.60154414,0.7254508
1783532869.3126,70,right_handIndex_3_joint,-0.36073276,-0.14472656,0.1088651,0.12488465,0.3102733,0.60154414,0.7254508
1783532869.3126,70,right_handIndexEnd_joint,-0.36229718,-0.16247469,0.11446702,0.12488465,0.3102733,0.60154414,0.7254508
1783532869.3126,70,right_handMidStart_joint,-0.3555911,-0.001823411,0.053062394,0.16505851,0.26065943,0.59150213,0.74494135
1783532869.3126,70,right_handMid_1_joint,-0.3680853,-0.075354576,0.067739904,0.16505851,0.26065943,0.59150213,0.74494135
1783532869.3126,70,right_handMid_2_joint,-0.37686527,-0.12702441,0.07805407,0.16505851,0.26065943,0.59150213,0.74494135
1783532869.3126,70,right_handMid_3_joint,-0.3819304,-0.15683416,0.08400447,0.16505851,0.26065943,0.59150213,0.74494135
1783532869.3126,70,right_handMidEnd_joint,-0.38530743,-0.17670693,0.087971486,0.16505854,0.26065943,0.59150213,0.74494135
1783532869.3126,70,right_handPinkyStart_joint,-0.3691796,-0.0036254309,0.028956143,0.23217496,0.17336676,0.59746724,0.74771094
1783532869.3126,70,right_handPinky_1_joint,-0.38352782,-0.06547305,0.027801834,0.23217496,0.17336676,0.59746724,0.74771094
1783532869.3126,70,right_handPinky_2_joint,-0.39239055,-0.10367375,0.02708925,0.23217496,0.17336676,0.59746724,0.74771094
1783532869.3126,70,right_handPinky_3_joint,-0.39703223,-0.12368337,0.026715497,0.232175,0.17336676,0.59746724,0.74771094
1783532869.3126,70,right_handPinkyEnd_joint,-0.40125233,-0.14187373,0.026375903,0.23217496,0.17336676,0.59746724,0.74771094
1783532869.3126,70,right_handRingStart_joint,-0.36190027,-0.0031730628,0.041905545,0.19962181,0.2178643,0.59518564,0.7472887
1783532869.3126,70,right_handRing_1_joint,-0.37563172,-0.07138496,0.04805196,0.19962181,0.2178643,0.59518564,0.7472887
1783532869.3126,70,right_handRing_2_joint,-0.3853242,-0.11953415,0.052390423,0.19962181,0.2178643,0.59518564,0.7472887
1783532869.3126,70,right_handRing_3_joint,-0.39138252,-0.14962775,0.0551023,0.19962181,0.2178643,0.59518564,0.7472887
1783532869.3126,70,right_handRingEnd_joint,-0.39542067,-0.16969071,0.0569097,0.19962181,0.2178643,0.59518564,0.7472887
1783532869.3126,70,right_handThumbStart_joint,-0.3373838,-0.0003815484,0.058228344,0.35153413,0.81845564,0.22951464,0.39227197
1783532869.3126,70,right_handThumb_1_joint,-0.3134851,-0.0409508,0.08404054,0.35153413,0.81845564,0.22951463,0.39227197
1783532869.3126,70,right_handThumb_2_joint,-0.29640225,-0.06994726,0.10249237,0.35153413,0.81845564,0.22951463,0.39227197
1783532869.3126,70,right_handThumbEnd_joint,-0.2850134,-0.08927838,0.11479283,0.35153413,0.81845564,0.22951458,0.39227197
1783532869.3126,70,camera,-0.116322674,0.00035934744,0.12818483,-0.07643498,-0.114518896,-0.7118192,0.6887354
1783532869.3456,71,root,-0.0021800234,0.020634219,0.0018375668,0.0031931356,-0.0030855,-0.010105626,0.999939
1783532869.3456,71,hips_joint,-0.0021800234,0.020634219,0.0018375668,0.0031931356,-0.0030855,-0.010105626,0.999939
1783532869.3456,71,left_upLeg_joint,0.097827226,-0.006378586,0.0032487565,0.5662765,-0.4468862,0.5424689,-0.4305241
1783532869.3456,71,left_leg_joint,0.10289745,-0.41619998,0.0999269,-0.31243548,0.64357334,-0.31487682,0.6237387
1783532869.3456,71,left_foot_joint,0.090701975,-0.77973676,-0.17724025,0.64283365,-0.3139529,0.63252556,-0.29683286
1783532869.3456,71,left_toes_joint,0.09110287,-0.89585453,-0.08382199,0.690687,-0.18642257,0.6773206,-0.17156611
1783532869.3456,71,left_toesEnd_joint,0.09188982,-0.9255739,-0.030946603,0.69068706,-0.18642236,0.67732054,-0.17156632
1783532869.3456,71,right_upLeg_joint,-0.103207774,-0.0023060392,0.0020214692,0.38879475,0.52985436,0.4539111,0.6017122
1783532869.3456,71,right_leg_joint,-0.1143407,-0.40582144,0.12189962,0.5753458,0.2816164,0.7224992,0.26012367
1783532869.3456,71,right_foot_joint,-0.021677589,-0.7259048,-0.19129287,0.27924907,0.57649785,0.40834373,0.65032727
1783532869.3456,71,right_toes_joint,-0.021947527,-0.8530419,-0.113533266,0.16492093,0.61897576,0.27768153,0.7159351
1783532869.3456,71,right_toesEnd_joint,-0.026771426,-0.889545,-0.06532677,0.16492143,0.618976,0.2776811,0.715935
1783532869.3456,71,spine_1_joint,-0.0021800434,0.020634219,0.0018375667,0.4926832,0.50680727,0.49230188,0.50798476
1783532869.3456,71,spine_2_joint,-0.0020896445,0.07816145,0.0001223202,0.48620257,0.5154176,0.48618412,0.5114458
1783532869.3456,71,spine_3_joint,-0.0023233423,0.13562846,-0.0030113393,0.49098736,0.50988156,0.49137107,0.5074513
1783532869.3456,71,spine_4_joint,-0.0024745092,0.18865001,-0.0048664366,0.5093248,0.4904687,0.50753975,0.49237403
1783532869.3456,71,spine_5_joint,-0.0022158013,0.25907904,-0.0026924252,0.54651934,0.44783223,0.541408,0.45567578
1783532869.3456,71,spine_6_joint,-0.0010279904,0.35121444,0.015082243,0.56044364,0.42828757,0.5585387,0.4364715
1783532869.3456,71,spine_7_joint,-4.3054668e-05,0.45465267,0.042792458,0.5611486,0.42847404,0.55909556,0.43466613
1783532869.3456,71,left_shoulder_1_joint,0.09021425,0.5637088,0.06658302,-0.6089001,0.0817445,-0.12410193,0.779203
1783532869.3456,71,left_arm_joint,0.2288576,0.5212165,0.07002653,-0.3601972,0.42983955,-0.44315547,0.69936365
1783532869.3456,71,left_forearm_joint,0.29208323,0.2739801,-0.0049767685,-0.4295883,0.33700633,-0.61016905,0.57408607
1783532869.3456,71,left_hand_joint,0.299651,0.00865549,0.031815987,0.68857837,-0.6363547,0.2844861,-0.19995162
1783532869.3456,71,left_handIndexStart_joint,0.28949994,-0.014337823,0.04796429,0.6683931,-0.648368,0.32823223,-0.15853643
1783532869.3456,71,left_handIndex_1_joint,0.2849837,-0.09230353,0.06669242,0.6683931,-0.648368,0.32823223,-0.15853643
1783532869.3456,71,left_handIndex_2_joint,0.28235796,-0.13763243,0.07758087,0.6683931,-0.648368,0.32823223,-0.15853643
1783532869.3456,71,left_handIndex_3_joint,0.28088757,-0.16301662,0.083678395,0.6683931,-0.648368,0.32823223,-0.15853643
1783532869.3456,71,left_handIndexEnd_joint,0.27983728,-0.18114819,0.08803378,0.6683931,-0.648368,0.32823223,-0.15853643
1783532869.3456,71,left_handMidStart_joint,0.2977207,-0.01725003,0.03862009,0.689242,-0.63596934,0.28243744,-0.20178717
1783532869.3456,71,left_handMid_1_joint,0.30011854,-0.09255477,0.048705332,0.689242,-0.63596934,0.28243744,-0.20178717
1783532869.3456,71,left_handMid_2_joint,0.3018035,-0.1454716,0.055792265,0.689242,-0.63596934,0.28243744,-0.20178717
1783532869.3456,71,left_handMid_3_joint,0.3027756,-0.17600055,0.059880875,0.689242,-0.63596934,0.28243744,-0.20178717
1783532869.3456,71,left_handMidEnd_joint,0.30342367,-0.19635318,0.06260662,0.689242,-0.63596934,0.28243744,-0.20178717
1783532869.3456,71,left_handPinkyStart_joint,0.31321594,-0.019140882,0.01570011,0.6932161,-0.6359734,0.1993939,-0.27428454
1783532869.3456,71,left_handPinky_1_joint,0.32030016,-0.08207805,0.011100766,0.6932161,-0.6359734,0.1993939,-0.27428454
1783532869.3456,71,left_handPinky_2_joint,0.32467574,-0.120951004,0.008259996,0.6932161,-0.6359734,0.1993939,-0.27428454
1783532869.3456,71,left_handPinky_3_joint,0.3269677,-0.14131303,0.0067719733,0.6932161,-0.6359734,0.1993939,-0.27428454
1783532869.3456,71,left_handPinkyEnd_joint,0.3290513,-0.15982395,0.0054192254,0.6932161,-0.6359734,0.1993939,-0.27428454
1783532869.3456,71,left_handRingStart_joint,0.30485192,-0.018637802,0.027974864,0.69207233,-0.6367123,0.24184304,-0.23905185
1783532869.3456,71,left_handRing_1_joint,0.30989653,-0.08827472,0.030093553,0.69207233,-0.6367123,0.24184304,-0.23905185
1783532869.3456,71,left_handRing_2_joint,0.31345743,-0.13743019,0.031589095,0.69207233,-0.6367123,0.24184304,-0.23905185
1783532869.3456,71,left_handRing_3_joint,0.315683,-0.16815235,0.03252381,0.69207233,-0.6367123,0.24184304,-0.23905185
1783532869.3456,71,left_handRingEnd_joint,0.31716672,-0.1886338,0.03314695,0.69207233,-0.6367123,0.24184304,-0.23905185
1783532869.3456,71,left_handThumbStart_joint,0.2794004,-0.013917975,0.04230072,0.32779506,-0.26529288,0.8463642,-0.32532796
1783532869.3456,71,left_handThumb_1_joint,0.24861094,-0.05282896,0.06282412,0.32779506,-0.26529288,0.8463642,-0.32532796
1783532869.3456,71,left_handThumb_2_joint,0.22660232,-0.08064039,0.07749538,0.32779506,-0.26529288,0.8463642,-0.32532796
1783532869.3456,71,left_handThumbEnd_joint,0.2119299,-0.099181354,0.08727622,0.32779506,-0.26529285,0.8463642,-0.32532796
1783532869.3456,71,neck_1_joint,0.001026472,0.5859451,0.070491515,0.60314125,0.36301616,0.6087398,0.36589035
1783532869.3456,71,neck_2_joint,0.0008857788,0.61244607,0.08455143,0.5932415,0.3753975,0.60583943,0.37429932
1783532869.3456,71,neck_3_joint,0.00024860515,0.6484034,0.10206327,0.57606524,0.39779663,0.5969667,0.39183855
1783532869.3456,71,neck_4_joint,-0.00092030386,0.6854491,0.11710484,0.55991817,0.41833618,0.58629405,0.40956813
1783532869.3456,71,head_joint,-0.0026319635,0.7292538,0.13216552,0.50213665,0.48447952,0.53732055,0.47373527
1783532869.3456,71,jaw_joint,-0.0015730012,0.70395416,0.13513285,0.50213665,0.48447952,0.53732055,0.47373527
1783532869.3456,71,chin_joint,-0.0014841711,0.646001,0.23074368,0.50213665,0.48447952,0.53732055,0.47373527
1783532869.3456,71,left_eye_joint,0.026130686,0.75609463,0.22193599,0.5063429,0.48008192,0.5414316,0.46903124
1783532869.3456,71,left_eyeLowerLid_joint,0.026130686,0.75609463,0.22193599,0.5063429,0.48008192,0.5414316,0.46903124
1783532869.3456,71,left_eyeUpperLid_joint,0.026130686,0.75609463,0.22193599,0.5063429,0.48008192,0.5414316,0.46903124
1783532869.3456,71,left_eyeball_joint,0.026130686,0.75609463,0.22193599,0.5063429,0.48008192,0.5414316,0.46903124
1783532869.3456,71,nose_joint,-0.0051119737,0.7202658,0.24176967,0.50634533,0.48007917,0.54143417,0.46902835
1783532869.3456,71,right_eye_joint,-0.03841683,0.75319374,0.22023757,0.5063429,0.48008192,0.5414316,0.46903124
1783532869.3456,71,right_eyeLowerLid_joint,-0.03841683,0.75319374,0.22023757,0.5063429,0.48008192,0.5414316,0.46903124
1783532869.3456,71,right_eyeUpperLid_joint,-0.03841683,0.75319374,0.22023757,0.5063429,0.48008192,0.5414316,0.46903124
1783532869.3456,71,right_eyeball_joint,-0.03841683,0.75319374,0.22023757,0.5063429,0.48008192,0.5414316,0.46903124
1783532869.3456,71,right_shoulder_1_joint,-0.088509604,0.56526506,0.06603877,0.7762989,0.12855977,0.088755295,0.61070067
1783532869.3456,71,right_arm_joint,-0.22647892,0.5205888,0.06882689,0.6915041,0.4408617,0.41233543,0.39679036
1783532869.3456,71,right_forearm_joint,-0.29862514,0.27137682,0.01020255,0.5700581,0.5995133,0.3269324,0.4568732
1783532869.3456,71,right_hand_joint,-0.31668586,0.008163128,0.057114106,0.18031548,0.28203982,0.62189597,0.7079446
1783532869.3456,71,right_handIndexStart_joint,-0.3087277,-0.014244194,0.073254116,0.13738658,0.3296804,0.63325405,0.6866042
1783532869.3456,71,right_handIndex_1_joint,-0.30716962,-0.09135631,0.095637985,0.13738658,0.3296804,0.63325405,0.6866042
1783532869.3456,71,right_handIndex_2_joint,-0.30626324,-0.13618913,0.10865154,0.13738658,0.3296804,0.63325405,0.6866042
1783532869.3456,71,right_handIndex_3_joint,-0.30575636,-0.16129577,0.11593966,0.13738658,0.3296804,0.63325405,0.6866042
1783532869.3456,71,right_handIndexEnd_joint,-0.3053943,-0.17922881,0.121145464,0.13738658,0.3296804,0.63325405,0.6866042
1783532869.3456,71,right_handMidStart_joint,-0.31672925,-0.017348183,0.06378235,0.17966509,0.28264663,0.62231034,0.70750374
1783532869.3456,71,right_handMid_1_joint,-0.32172206,-0.092005916,0.077186234,0.17966509,0.28264663,0.62231034,0.70750374
1783532869.3456,71,right_handMid_2_joint,-0.32523087,-0.14446744,0.08660546,0.17966509,0.28264663,0.62231034,0.70750374
1783532869.3456,71,right_handMid_3_joint,-0.32725495,-0.1747339,0.092039526,0.17966509,0.28264663,0.62231034,0.70750374
1783532869.3456,71,right_handMidEnd_joint,-0.32860458,-0.19491115,0.09566234,0.17966512,0.28264663,0.62231034,0.70750374
1783532869.3456,71,right_handPinkyStart_joint,-0.33153412,-0.019853514,0.04046831,0.25081077,0.19851173,0.6253428,0.71178204
1783532869.3456,71,right_handPinky_1_joint,-0.34036574,-0.08270602,0.038493976,0.25081077,0.19851173,0.6253428,0.71178204
1783532869.3456,71,right_handPinky_2_joint,-0.34582108,-0.12152745,0.03727492,0.25081077,0.19851173,0.6253428,0.71178204
1783532869.3456,71,right_handPinky_3_joint,-0.34867796,-0.14186214,0.03663584,0.25081077,0.19851173,0.6253428,0.71178204
1783532869.3456,71,right_handPinkyEnd_joint,-0.35127556,-0.16034807,0.036055062,0.25081077,0.19851173,0.6253428,0.71178204
1783532869.3456,71,right_handRingStart_joint,-0.3235554,-0.019022936,0.052979503,0.21623565,0.24149434,0.62455016,0.710535
1783532869.3456,71,right_handRing_1_joint,-0.3307667,-0.08831314,0.058084406,0.21623565,0.24149434,0.62455016,0.710535
1783532869.3456,71,right_handRing_2_joint,-0.33585683,-0.13722345,0.061687674,0.21623565,0.24149434,0.62455016,0.710535
1783532869.3456,71,right_handRing_3_joint,-0.33903858,-0.16779281,0.06394008,0.21623565,0.24149434,0.62455016,0.710535
1783532869.3456,71,right_handRingEnd_joint,-0.34115902,-0.18817288,0.0654411,0.21623565,0.24149434,0.62455016,0.710535
1783532869.3456,71,right_handThumbStart_joint,-0.29844388,-0.014377264,0.0679165,0.32579195,0.8418719,0.24623787,0.3528151
1783532869.3456,71,right_handThumb_1_joint,-0.26951542,-0.053164314,0.09119723,0.32579195,0.8418719,0.24623786,0.3528151
1783532869.3456,71,right_handThumb_2_joint,-0.24883743,-0.08088688,0.10783964,0.32579195,0.8418719,0.24623784,0.3528151
1783532869.3456,71,right_handThumbEnd_joint,-0.23505187,-0.09936871,0.1189338,0.32579195,0.8418719,0.24623784,0.3528151
1783532869.3456,71,camera,-0.11604099,0.0004505925,0.12850259,-0.07678449,-0.114362285,-0.7119624,0.68857455
1783532869.3805,72,root,-0.0016327455,0.02125516,0.0002343094,-0.0017989357,-0.003881625,-0.010263053,0.99993825
1783532869.3805,72,hips_joint,-0.0016327455,0.02125516,0.0002343094,-0.0017989357,-0.003881625,-0.010263053,0.99993825
1783532869.3805,72,left_upLeg_joint,0.0983626,-0.005776517,0.002064718,0.5603405,-0.44611838,0.54394615,-0.43717209
1783532869.3805,72,left_leg_joint,0.102658644,-0.41658258,0.094508626,-0.29988968,0.64030635,-0.30268273,0.6391066
1783532869.3805,72,left_foot_joint,0.10118708,-0.7691365,-0.19675235,0.6309428,-0.31911787,0.6324034,-0.3164505
1783532869.3805,72,left_toes_joint,0.100659445,-0.88879997,-0.10792184,0.6799907,-0.1937477,0.68091875,-0.19085133
1783532869.3805,72,left_toesEnd_joint,0.10051562,-0.9205497,-0.056234326,0.6799907,-0.19374748,0.6809188,-0.19085151
1783532869.3805,72,right_upLeg_joint,-0.102668874,-0.0016474319,0.00049683213,0.37417057,0.54020053,0.4439031,0.6092043
1783532869.3805,72,right_leg_joint,-0.112045325,-0.3996266,0.13777071,0.57011926,0.29208398,0.72245896,0.2602003
1783532869.3805,72,right_foot_joint,-0.013942947,-0.72386307,-0.16943622,0.26867947,0.5815149,0.40826488,0.6503628
1783532869.3805,72,right_toes_joint,-0.01250039,-0.84957474,-0.089405194,0.15359204,0.62189865,0.27759737,0.71595496
1783532869.3805,72,right_toesEnd_joint,-0.016889963,-0.88527495,-0.04056011,0.15359253,0.62189883,0.27759695,0.71595484
1783532869.3805,72,spine_1_joint,-0.0016327654,0.02125516,0.00023430925,0.48987615,0.5087114,0.4907303,0.5103117
1783532869.3805,72,spine_2_joint,-0.0015871224,0.078765556,-0.0019762253,0.48397955,0.51662785,0.48602712,0.5124816
1783532869.3805,72,spine_3_joint,-0.0019470057,0.1362168,-0.0053758863,0.48981372,0.5099611,0.49310932,0.5068192
1783532869.3805,72,spine_4_joint,-0.0022883639,0.18923952,-0.0071719266,0.5092412,0.48930043,0.5110585,0.48997766
1783532869.3805,72,spine_5_joint,-0.0023729405,0.25965205,-0.004504995,0.5470916,0.4456305,0.54600173,0.45164883
1783532869.3805,72,spine_6_joint,-0.0017543683,0.3515835,0.014323407,0.5613188,0.42549416,0.5635819,0.43156892
1783532869.3805,72,spine_7_joint,-0.0014715944,0.45463622,0.043449935,0.5612518,0.42664868,0.56367564,0.43039215
1783532869.3805,72,left_shoulder_1_joint,0.08798993,0.5640215,0.068690844,-0.59820706,0.07283397,-0.12086655,0.7888189
1783532869.3805,72,left_arm_joint,0.2272628,0.5237233,0.07299893,-0.33684027,0.4368839,-0.45701748,0.69771516
1783532869.3805,72,left_forearm_joint,0.28060237,0.275809,-0.0072644087,-0.40579408,0.34939337,-0.626304,0.56656796
1783532869.3805,72,left_hand_joint,0.27292112,0.009647235,0.022852942,0.665051,-0.6559577,0.2899173,-0.2082672
1783532869.3805,72,left_handIndexStart_joint,0.26115286,-0.0131448675,0.03816741,-0.644553,0.6684537,-0.33212563,0.16557252
1783532869.3805,72,left_handIndex_1_joint,0.25197533,-0.09118177,0.054774817,-0.644553,0.6684537,-0.33212563,0.16557252
1783532869.3805,72,left_handIndex_2_joint,0.24663953,-0.13655207,0.06443029,-0.644553,0.6684537,-0.33212563,0.16557252
1783532869.3805,72,left_handIndex_3_joint,0.2436515,-0.16195944,0.06983735,-0.644553,0.6684537,-0.33212563,0.16557252
1783532869.3805,72,left_handIndexEnd_joint,0.24151717,-0.18010755,0.07369954,-0.644553,0.6684537,-0.33212563,0.16557252
1783532869.3805,72,left_handMidStart_joint,0.26942867,-0.016272672,0.028942203,0.6657258,-0.6555432,0.2879323,-0.2101613
1783532869.3805,72,left_handMid_1_joint,0.26750675,-0.09181992,0.037138768,0.6657258,-0.6555432,0.2879323,-0.2101613
1783532869.3805,72,left_handMid_2_joint,0.2661562,-0.14490719,0.04289851,0.6657258,-0.6555432,0.2879323,-0.2101613
1783532869.3805,72,left_handMid_3_joint,0.26537704,-0.17553446,0.046221443,0.6657258,-0.6555432,0.2879323,-0.2101613
1783532869.3805,72,left_handMidEnd_joint,0.26485762,-0.19595264,0.048436727,0.6657258,-0.6555432,0.2879323,-0.2101613
1783532869.3805,72,left_handPinkyStart_joint,0.28535098,-0.018446606,0.0063422583,0.6697683,-0.6537571,0.2069498,-0.28492898
1783532869.3805,72,left_handPinky_1_joint,0.2891323,-0.08154559,0.00028856515,0.6697683,-0.6537571,0.2069498,-0.28492898
1783532869.3805,72,left_handPinky_2_joint,0.29146785,-0.12051849,-0.0034504815,0.6697683,-0.6537571,0.2069498,-0.28492898
1783532869.3805,72,left_handPinky_3_joint,0.2926912,-0.14093286,-0.0054090284,0.6697683,-0.6537571,0.2069498,-0.28492898
1783532869.3805,72,left_handPinkyEnd_joint,0.29380336,-0.15949139,-0.007189526,0.6697683,-0.6537571,0.2069498,-0.28492898
1783532869.3805,72,left_handRingStart_joint,0.2767308,-0.017787425,0.018431008,0.66854596,-0.6554134,0.24839625,-0.24855472
1783532869.3805,72,left_handRing_1_joint,0.27795082,-0.08762691,0.018872228,0.66854596,-0.6554134,0.24839625,-0.24855472
1783532869.3805,72,left_handRing_2_joint,0.278812,-0.13692537,0.019183677,0.66854596,-0.6554134,0.24839625,-0.24855472
1783532869.3805,72,left_handRing_3_joint,0.27935022,-0.1677369,0.019378334,0.66854596,-0.6554134,0.24839625,-0.24855472
1783532869.3805,72,left_handRingEnd_joint,0.27970904,-0.18827793,0.019508105,0.66854596,-0.6554134,0.24839625,-0.24855472
1783532869.3805,72,left_handThumbStart_joint,0.2512313,-0.012035398,0.032286573,0.30633733,-0.28085035,0.8553113,-0.30939242
1783532869.3805,72,left_handThumb_1_joint,0.21789429,-0.04969572,0.05109103,0.30633733,-0.28085035,0.8553113,-0.30939242
1783532869.3805,72,left_handThumb_2_joint,0.19406475,-0.076613195,0.06453364,0.30633733,-0.28085035,0.8553113,-0.30939242
1783532869.3805,72,left_handThumbEnd_joint,0.17817838,-0.09455818,0.07349537,0.30633733,-0.28085032,0.8553113,-0.30939242
1783532869.3805,72,neck_1_joint,-0.0013545499,0.5856243,0.072573975,0.6027088,0.36242074,0.61097294,0.36346328
1783532869.3805,72,neck_2_joint,-0.0016327559,0.6120543,0.08676471,0.5924167,0.3759204,0.60654724,0.37393454
1783532869.3805,72,neck_3_joint,-0.0023700127,0.64801514,0.10426544,0.5748301,0.39915213,0.59651446,0.39296174
1783532869.3805,72,neck_4_joint,-0.0035821712,0.68512326,0.11914887,0.55832005,0.42018312,0.58518916,0.41143534
1783532869.3805,72,head_joint,-0.0053177057,0.72902423,0.13392375,0.50033724,0.48613635,0.5359914,0.4754451
1783532869.3805,72,jaw_joint,-0.004252964,0.7037447,0.13705596,0.50033724,0.48613635,0.5359914,0.4754451
1783532869.3805,72,chin_joint,-0.0042119278,0.64641327,0.23304096,0.50033724,0.48613635,0.5359914,0.4754451
1783532869.3805,72,left_eye_joint,0.023374971,0.75645614,0.22353782,0.5045579,0.48175427,0.54011744,0.47075245
1783532869.3805,72,left_eyeLowerLid_joint,0.023374971,0.75645614,0.22353782,0.5045579,0.48175427,0.54011744,0.47075245
1783532869.3805,72,left_eyeUpperLid_joint,0.023374971,0.75645614,0.22353782,0.5045579,0.48175427,0.54011744,0.47075245
1783532869.3805,72,left_eyeball_joint,0.023374971,0.75645614,0.22353782,0.5045579,0.48175427,0.54011744,0.47075245
1783532869.3805,72,nose_joint,-0.007870245,0.720747,0.24358225,0.5045604,0.48175162,0.54011995,0.4707496
1783532869.3805,72,right_eye_joint,-0.04117048,0.753524,0.22181411,0.5045579,0.48175427,0.54011744,0.47075245
1783532869.3805,72,right_eyeLowerLid_joint,-0.04117048,0.753524,0.22181411,0.5045579,0.48175427,0.54011744,0.47075245
1783532869.3805,72,right_eyeUpperLid_joint,-0.04117048,0.753524,0.22181411,0.5045579,0.48175427,0.54011744,0.47075245
1783532869.3805,72,right_eyeball_joint,-0.04117048,0.753524,0.22181411,0.5045579,0.48175427,0.54011744,0.47075245
1783532869.3805,72,right_shoulder_1_joint,-0.090738006,0.5644026,0.06763003,0.78514355,0.12685636,0.08290551,0.6004864
1783532869.3805,72,right_arm_joint,-0.22912484,0.52106655,0.070845135,0.69312817,0.45315424,0.41495633,0.37687674
1783532869.3805,72,right_forearm_joint,-0.29427147,0.27078375,0.008692398,0.56998307,0.6115329,0.33598468,0.43389088
1783532869.3805,72,right_hand_joint,-0.30131465,0.0058443067,0.04826255,0.19408675,0.28619134,0.636359,0.689545
1783532869.3805,72,right_handIndexStart_joint,-0.2920803,-0.016701283,0.06350536,0.15013966,0.3325518,0.64861566,0.6679562
1783532869.3805,72,right_handIndex_1_joint,-0.28705394,-0.09430929,0.08354221,0.15013966,0.3325518,0.64861566,0.6679562
1783532869.3805,72,right_handIndex_2_joint,-0.2841311,-0.1394304,0.09519119,0.15013966,0.3325518,0.64861566,0.6679562
1783532869.3805,72,right_handIndex_3_joint,-0.28249502,-0.16469854,0.10171516,0.15013966,0.3325518,0.64861566,0.6679562
1783532869.3805,72,right_handIndexEnd_joint,-0.28132635,-0.18274692,0.10637515,0.15013966,0.3325518,0.64861566,0.6679562
1783532869.3805,72,right_handMidStart_joint,-0.30023116,-0.019830938,0.05417036,0.19342478,0.28677362,0.636783,0.6890975
1783532869.3805,72,right_handMid_1_joint,-0.30209634,-0.0949761,0.06548827,0.19342478,0.28677362,0.636783,0.6890975
1783532869.3805,72,right_handMid_2_joint,-0.3034073,-0.14778015,0.0734417,0.19342478,0.28677362,0.636783,0.6890975
1783532869.3805,72,right_handMid_3_joint,-0.30416343,-0.17824422,0.0780301,0.19342478,0.28677362,0.636783,0.6890975
1783532869.3805,72,right_handMidEnd_joint,-0.30466777,-0.19855323,0.08108917,0.19342478,0.28677362,0.636783,0.6890975
1783532869.3805,72,right_handPinkyStart_joint,-0.31559724,-0.022221828,0.0312101,0.26620898,0.20400605,0.63766634,0.6934668
1783532869.3805,72,right_handPinky_1_joint,-0.32217127,-0.08527906,0.027618349,0.26620898,0.20400605,0.63766634,0.6934668
1783532869.3805,72,right_handPinky_2_joint,-0.32623217,-0.124226965,0.025400288,0.26620898,0.20400605,0.63766634,0.6934668
1783532869.3805,72,right_handPinky_3_joint,-0.3283587,-0.14462787,0.024237914,0.26620898,0.20400605,0.63766634,0.6934668
1783532869.3805,72,right_handPinkyEnd_joint,-0.3302923,-0.16317402,0.023181433,0.26620898,0.20400605,0.63766634,0.6934668
1783532869.3805,72,right_handRingStart_joint,-0.30729857,-0.021450821,0.043515276,0.23082046,0.24632524,0.63796383,0.6921331
1783532869.3805,72,right_handRing_1_joint,-0.31181479,-0.09108029,0.046761382,0.23082046,0.24632524,0.63796383,0.6921331
1783532869.3805,72,right_handRing_2_joint,-0.3150025,-0.14023006,0.049052566,0.23082046,0.24632524,0.63796383,0.6921331
1783532869.3805,72,right_handRing_3_joint,-0.31699526,-0.17094912,0.050484914,0.23082046,0.24632524,0.63796383,0.6921331
1783532869.3805,72,right_handRingEnd_joint,-0.31832302,-0.19142893,0.051439203,0.23082046,0.24632524,0.63796383,0.6921331
1783532869.3805,72,right_handThumbStart_joint,-0.28195593,-0.016296048,0.057884157,0.3186623,0.84897953,0.260361,0.33151266
1783532869.3805,72,right_handThumb_1_joint,-0.25096846,-0.05462119,0.07919715,0.3186623,0.84897953,0.260361,0.33151266
1783532869.3805,72,right_handThumb_2_joint,-0.22881873,-0.08201362,0.0944331,0.3186623,0.84897953,0.260361,0.33151266
1783532869.3805,72,right_handThumbEnd_joint,-0.21405204,-0.10027533,0.104589604,0.3186623,0.84897953,0.260361,0.33151266
1783532869.3805,72,camera,-0.11585876,0.00067040976,0.12891547,-0.07679831,-0.11426354,-0.7119758,0.68857557
1783532869.4122,73,root,-0.0014765513,0.020714333,-0.0013331431,0.00056412595,-0.0025316484,-0.010099674,0.9999457
1783532869.4122,73,hips_joint,-0.0014765513,0.020714333,-0.0013331431,0.00056412595,-0.0025316484,-0.010099674,0.9999457
1783532869.4122,73,left_upLeg_joint,0.098532334,-0.006291067,0.00010366529,0.5531247,-0.45167512,0.5420068,-0.44302502
1783532869.4122,73,left_leg_joint,0.10040054,-0.4189323,0.084066115,-0.29954082,0.6359676,-0.30514917,0.6424209
1783532869.4122,73,left_foot_joint,0.10262241,-0.7724599,-0.20600742,0.6279925,-0.3159175,0.6363889,-0.31753856
1783532869.4122,73,left_toes_joint,0.1011933,-0.891826,-0.116787605,0.67648715,-0.19116445,0.6850383,-0.19116426
1783532869.4122,73,left_toesEnd_joint,0.10048742,-0.9234028,-0.06499886,0.6764872,-0.19116424,0.68503827,-0.19116443
1783532869.4122,73,right_upLeg_joint,-0.10250398,-0.0022242712,-0.0009116163,0.3755603,0.5446431,0.44143617,0.60617876
1783532869.4122,73,right_leg_joint,-0.109660916,-0.39985037,0.1375145,0.5733032,0.30167228,0.712342,0.26997456
1783532869.4122,73,right_foot_joint,-0.01962781,-0.73392546,-0.16151282,0.26527295,0.5910265,0.39427307,0.65181816
1783532869.4122,73,right_toes_joint,-0.018207988,-0.85725754,-0.07786076,0.14844446,0.63059217,0.26358333,0.71473205
1783532869.4122,73,right_toesEnd_joint,-0.022196675,-0.89146954,-0.027928375,0.14844495,0.63059217,0.26358286,0.714732
1783532869.4122,73,spine_1_joint,-0.0014765711,0.020714333,-0.0013331432,0.49022663,0.5085506,0.4919849,0.5089257
1783532869.4122,73,spine_2_joint,-0.0015540094,0.07823137,-0.003362504,0.48334602,0.5162714,0.48795748,0.51160365
1783532869.4122,73,spine_3_joint,-0.0020879335,0.13568968,-0.0066170143,0.48834684,0.5092332,0.49549335,0.5066414
1783532869.4122,73,spine_4_joint,-0.002600643,0.18871413,-0.0083175115,0.5069695,0.48819894,0.5136379,0.49073386
1783532869.4122,73,spine_5_joint,-0.0029044931,0.25912434,-0.0056058797,0.54396266,0.44433123,0.54842216,0.45377034
1783532869.4122,73,spine_6_joint,-0.0025708883,0.35108587,0.01308234,0.5576904,0.42368576,0.5654458,0.43559498
1783532869.4122,73,spine_7_joint,-0.0024181097,0.4542546,0.041796044,0.55721,0.42439902,0.56422085,0.43710122
1783532869.4122,73,left_shoulder_1_joint,0.08739171,0.56329006,0.06731235,-0.59821403,0.06525295,-0.1258988,0.7886898
1783532869.4122,73,left_arm_joint,0.22660802,0.52316046,0.07423125,-0.325439,0.43558943,-0.4800277,0.68842214
1783532869.4122,73,left_forearm_joint,0.26907822,0.27195254,-0.0021864795,-0.39506435,0.3477428,-0.64677703,0.5519776
1783532869.4122,73,left_hand_joint,0.24804507,0.0069904327,0.031884458,-0.64770126,0.66696024,-0.307261,0.20307218
1783532869.4122,73,left_handIndexStart_joint,0.23487693,-0.014960847,0.047287233,-0.6261117,0.6790886,-0.3483143,0.15968858
1783532869.4122,73,left_handIndex_1_joint,0.22162822,-0.092188604,0.06489787,-0.6261117,0.6790886,-0.3483143,0.15968858
1783532869.4122,73,left_handIndex_2_joint,0.2139255,-0.13708846,0.07513662,-0.6261117,0.6790886,-0.3483143,0.15968858
1783532869.4122,73,left_handIndex_3_joint,0.20961197,-0.1622324,0.080870315,-0.6261117,0.6790886,-0.3483143,0.15968858
1783532869.4122,73,left_handIndexEnd_joint,0.20653087,-0.18019234,0.08496581,-0.6261117,0.6790886,-0.3483143,0.15968858
1783532869.4122,73,left_handMidStart_joint,0.24318875,-0.018630154,0.03829692,-0.64842254,0.6665574,-0.30532584,0.20500293
1783532869.4122,73,left_handMid_1_joint,0.2374842,-0.093854986,0.047621492,-0.64842254,0.6665574,-0.30532584,0.20500293
1783532869.4122,73,left_handMid_2_joint,0.23347561,-0.14671567,0.054173898,-0.64842254,0.6665574,-0.30532584,0.20500293
1783532869.4122,73,left_handMid_3_joint,0.23116295,-0.17721224,0.05795413,-0.64842254,0.6665574,-0.30532584,0.20500293
1783532869.4122,73,left_handMidEnd_joint,0.22962117,-0.19754328,0.060474284,-0.64842254,0.6665574,-0.30532584,0.20500293
1783532869.4122,73,left_handPinkyStart_joint,0.25946763,-0.021931147,0.016090956,-0.65398616,0.66470593,-0.22618407,0.28161943
1783532869.4122,73,left_handPinky_1_joint,0.2603575,-0.0852301,0.011103188,-0.65398616,0.66470593,-0.22618407,0.28161943
1783532869.4122,73,left_handPinky_2_joint,0.26090714,-0.12432651,0.008022508,-0.65398616,0.66470593,-0.22618407,0.28161943
1783532869.4122,73,left_handPinky_3_joint,0.26119503,-0.14480558,0.006408818,-0.65398616,0.66470593,-0.22618407,0.28161943
1783532869.4122,73,left_handPinkyEnd_joint,0.26145676,-0.16342293,0.004941827,-0.65398616,0.66470593,-0.22618407,0.28161943
1783532869.4122,73,left_handRingStart_joint,0.25063282,-0.020663563,0.027974503,-0.6519825,0.66639495,-0.26674867,0.24429953
1783532869.4122,73,left_handRing_1_joint,0.24850413,-0.09046538,0.02952736,-0.6519825,0.66639495,-0.26674867,0.24429953
1783532869.4122,73,left_handRing_2_joint,0.24700153,-0.13973725,0.030623496,-0.6519825,0.66639495,-0.26674867,0.24429953
1783532869.4122,73,left_handRing_3_joint,0.24606241,-0.17053217,0.03130858,-0.6519825,0.66639495,-0.26674867,0.24429953
1783532869.4122,73,left_handRingEnd_joint,0.24543633,-0.19106211,0.031765305,-0.6519825,0.66639495,-0.26674867,0.24429953
1783532869.4122,73,left_handThumbStart_joint,0.22514752,-0.013479528,0.041171994,0.29272425,-0.27781242,0.8679424,-0.28949803
1783532869.4122,73,left_handThumb_1_joint,0.18965511,-0.04919918,0.05981766,0.29272425,-0.27781242,0.8679424,-0.28949803
1783532869.4122,73,left_handThumb_2_joint,0.16428499,-0.074729435,0.07314673,0.29272425,-0.27781242,0.8679424,-0.28949803
1783532869.4122,73,left_handThumbEnd_joint,0.14737159,-0.09174961,0.08203278,0.29272425,-0.2778124,0.8679424,-0.28949803
1783532869.4122,73,neck_1_joint,-0.0018590181,0.58546966,0.06987442,0.5978983,0.36184874,0.6111137,0.37164953
1783532869.4122,73,neck_2_joint,-0.0021226853,0.6120778,0.0837286,0.5870758,0.37633264,0.6055103,0.38350093
1783532869.4122,73,neck_3_joint,-0.0027842014,0.64832973,0.10062113,0.5691152,0.4000445,0.594504,0.40328306
1783532869.4122,73,neck_4_joint,-0.0038618487,0.6857237,0.11478193,0.552404,0.42117986,0.5825688,0.42198437
1783532869.4122,73,head_joint,-0.0053990143,0.7299252,0.12865528,0.49435878,0.4864941,0.53209627,0.48559883
1783532869.4122,73,jaw_joint,-0.0045876973,0.70470566,0.13230422,0.49435878,0.4864941,0.53209627,0.48559883
1783532869.4122,73,chin_joint,-0.006183938,0.6493134,0.22940803,0.49435878,0.4864941,0.53209627,0.48559883
1783532869.4122,73,left_eye_joint,0.022453217,0.7589107,0.21804516,0.4985829,0.48216417,0.53631103,0.48093987
1783532869.4122,73,left_eyeLowerLid_joint,0.022453217,0.7589107,0.21804516,0.4985829,0.48216417,0.53631103,0.48093987
1783532869.4122,73,left_eyeUpperLid_joint,0.022453217,0.7589107,0.21804516,0.4985829,0.48216417,0.53631103,0.48093987
1783532869.4122,73,left_eyeball_joint,0.022453217,0.7589107,0.21804516,0.4985829,0.48216417,0.53631103,0.48093987
1783532869.4122,73,nose_joint,-0.009333197,0.72387147,0.23841807,0.4985854,0.48216155,0.53631353,0.48093703
1783532869.4122,73,right_eye_joint,-0.042089652,0.7564802,0.2155977,0.4985829,0.48216417,0.53631103,0.48093987
1783532869.4122,73,right_eyeLowerLid_joint,-0.042089652,0.7564802,0.2155977,0.4985829,0.48216417,0.53631103,0.48093987
1783532869.4122,73,right_eyeUpperLid_joint,-0.042089652,0.7564802,0.2155977,0.4985829,0.48216417,0.53631103,0.48093987
1783532869.4122,73,right_eyeball_joint,-0.042089652,0.7564802,0.2155977,0.4985829,0.48216417,0.53631103,0.48093987
1783532869.4122,73,right_shoulder_1_joint,-0.09130216,0.5647562,0.06395122,0.7897853,0.11390623,0.078488015,0.5975819
1783532869.4122,73,right_arm_joint,-0.23080032,0.525052,0.0657149,0.69231784,0.45558825,0.42064056,0.36904866
1783532869.4122,73,right_forearm_joint,-0.29224348,0.27468014,0.00023836135,0.5688218,0.61428165,0.34341854,0.42563343
1783532869.4122,73,right_hand_joint,-0.29477406,0.009074516,0.03567205,0.19812869,0.28391275,0.6439501,0.6822514
1783532869.4122,73,right_handIndexStart_joint,-0.2851172,-0.013550271,0.050530862,0.15365164,0.32977563,0.656461,0.66083163
1783532869.4122,73,right_handIndex_1_joint,-0.27874163,-0.09136784,0.06933298,0.15365164,0.32977563,0.656461,0.66083163
1783532869.4122,73,right_handIndex_2_joint,-0.27503437,-0.13661079,0.08026409,0.15365164,0.32977563,0.656461,0.66083163
1783532869.4122,73,right_handIndex_3_joint,-0.272959,-0.16194718,0.08638605,0.15365164,0.32977563,0.656461,0.66083163
1783532869.4122,73,right_handIndexEnd_joint,-0.27147654,-0.18004428,0.0907589,0.15365164,0.32977563,0.656461,0.66083163
1783532869.4122,73,right_handMidStart_joint,-0.29324654,-0.0166684,0.041173253,0.19745912,0.28448543,0.64437604,0.6818047
1783532869.4122,73,right_handMid_1_joint,-0.29383153,-0.09200179,0.05131751,0.19745912,0.28448543,0.64437604,0.6818047
1783532869.4122,73,right_handMid_2_joint,-0.2942429,-0.14493813,0.058446225,0.19745912,0.28448543,0.64437604,0.6818047
1783532869.4122,73,right_handMid_3_joint,-0.29448,-0.17547852,0.06255882,0.19745912,0.28448543,0.64437604,0.6818047
1783532869.4122,73,right_handMidEnd_joint,-0.29463834,-0.19583839,0.065300696,0.19745912,0.28448543,0.64437604,0.6818047
1783532869.4122,73,right_handPinkyStart_joint,-0.30864805,-0.018954702,0.018226082,0.27095917,0.20232598,0.64453024,0.6857305
1783532869.4122,73,right_handPinky_1_joint,-0.31419107,-0.08204845,0.013666678,0.27095917,0.20232598,0.64453024,0.6857305
1783532869.4122,73,right_handPinky_2_joint,-0.31761515,-0.121018924,0.01085094,0.27095917,0.20232598,0.64453024,0.6857305
1783532869.4122,73,right_handPinky_3_joint,-0.31940812,-0.14143163,0.0093755005,0.27095917,0.20232598,0.64453024,0.6857305
1783532869.4122,73,right_handPinkyEnd_joint,-0.32103845,-0.1599885,0.00803442,0.27095917,0.20232598,0.64453024,0.6857305
1783532869.4122,73,right_handRingStart_joint,-0.30032197,-0.018238563,0.030516047,0.23521277,0.24434488,0.64520496,0.6846031
1783532869.4122,73,right_handRing_1_joint,-0.30367586,-0.08797555,0.032684222,0.23521277,0.24434488,0.64520496,0.6846031
1783532869.4122,73,right_handRing_2_joint,-0.30604312,-0.1372012,0.03421452,0.23521277,0.24434488,0.64520496,0.6846031
1783532869.4122,73,right_handRing_3_joint,-0.30752307,-0.16796769,0.035171308,0.23521277,0.24434488,0.64520496,0.6846031
1783532869.4122,73,right_handRingEnd_joint,-0.30850896,-0.18847911,0.035808545,0.23521277,0.24434488,0.64520496,0.6846031
1783532869.4122,73,right_handThumbStart_joint,-0.27501985,-0.012889485,0.044885334,0.31462905,0.8500588,0.2692164,0.32547107
1783532869.4122,73,right_handThumb_1_joint,-0.24333183,-0.051023945,0.065498754,0.31462905,0.8500588,0.2692164,0.32547107
1783532869.4122,73,right_handThumb_2_joint,-0.22068135,-0.078280106,0.08023467,0.31462905,0.8500588,0.2692164,0.32547107
1783532869.4122,73,right_handThumbEnd_joint,-0.20558082,-0.09645095,0.09005783,0.31462905,0.8500588,0.26921636,0.32547107
1783532869.4122,73,camera,-0.116050616,0.00087870774,0.1288208,-0.07672108,-0.11430367,-0.71181494,0.68874395
1783532869.4461,74,root,-0.0010425267,0.02013171,-0.0021719956,0.00047367782,-6.407019e-05,-0.009778532,0.9999521
1783532869.4461,74,hips_joint,-0.0010425267,0.02013171,-0.0021719956,0.00047367782,-6.407019e-05,-0.009778532,0.9999521
1783532869.4461,74,left_upLeg_joint,0.09898963,-0.006809046,-0.0012253498,0.55344576,-0.4518352,0.5432596,-0.4409217
1783532869.4461,74,left_leg_joint,0.099591054,-0.41915202,0.084208354,-0.31283012,0.6291375,-0.31933337,0.6358849
1783532869.4461,74,left_foot_joint,0.10161437,-0.78488064,-0.1903238,0.634242,-0.30234548,0.6435242,-0.30364612
1783532869.4461,74,left_toes_joint,0.099964224,-0.9002801,-0.09603315,0.68005097,-0.176654,0.68941116,-0.1761712
1783532869.4461,74,left_toesEnd_joint,0.0991767,-0.92958975,-0.04292958,0.680051,-0.17665377,0.6894111,-0.1761714
1783532869.4461,74,right_upLeg_joint,-0.10205182,-0.0028719306,-0.001248754,0.3802681,0.549503,0.44220683,0.59824365
1783532869.4461,74,right_leg_joint,-0.104156844,-0.4016522,0.13398919,0.58021426,0.30985355,0.701035,0.27548522
1783532869.4461,74,right_foot_joint,-0.024164362,-0.742717,-0.1599587,0.26566812,0.60172874,0.3819737,0.64918333
1783532869.4461,74,right_toes_joint,-0.021785364,-0.86427665,-0.073772416,0.14680398,0.6411753,0.25200632,0.7098138
1783532869.4461,74,right_toesEnd_joint,-0.024865303,-0.89739746,-0.023046292,0.14680445,0.64117557,0.2520059,0.70981365
1783532869.4461,74,spine_1_joint,-0.0010425465,0.02013171,-0.0021719956,0.49050337,0.5100804,0.4906605,0.508406
1783532869.4461,74,spine_2_joint,-0.0011495725,0.0776444,-0.0043195593,0.48327506,0.5174983,0.48683095,0.51150405
1783532869.4461,74,spine_3_joint,-0.0017030947,0.13509484,-0.0077070296,0.48804337,0.51006424,0.49459475,0.5069756
1783532869.4461,74,spine_4_joint,-0.002211303,0.18811518,-0.009532775,0.50637925,0.4886736,0.5128848,0.49165782
1783532869.4461,74,spine_5_joint,-0.0024714747,0.25853273,-0.0070140907,0.5429915,0.44459358,0.54772395,0.4555165
1783532869.4461,74,spine_6_joint,-0.002039012,0.35056204,0.0113353655,0.5564509,0.42360118,0.56474036,0.43817008
1783532869.4461,74,spine_7_joint,-0.0017026416,0.45385703,0.039589964,0.55562073,0.42405063,0.5633403,0.44058418
1783532869.4461,74,left_shoulder_1_joint,0.08841113,0.5626989,0.0648599,-0.5969586,0.05979061,-0.12145299,0.7907685
1783532869.4461,74,left_arm_joint,0.2281446,0.52448297,0.07217675,-0.32182717,0.43493629,-0.48460552,0.6873247
1783532869.4461,74,left_forearm_joint,0.26856813,0.27283022,-0.003886466,-0.3941401,0.34443113,-0.64928865,0.5517654
1783532869.4461,74,left_hand_joint,0.24701871,0.008070717,0.031413544,-0.6468354,0.6658272,-0.31126,0.20345876
1783532869.4461,74,left_handIndexStart_joint,0.23372395,-0.013786523,0.046841238,-0.62498987,0.6779826,-0.35224876,0.16014996
1783532869.4461,74,left_handIndex_1_joint,0.2202736,-0.090907924,0.06476222,-0.62498987,0.6779826,-0.35224876,0.16014996
1783532869.4461,74,left_handIndex_2_joint,0.21245363,-0.13574596,0.075181395,-0.62498987,0.6779826,-0.35224876,0.16014996
1783532869.4461,74,left_handIndex_3_joint,0.20807445,-0.16085525,0.08101614,-0.62498987,0.6779826,-0.35224876,0.16014996
1783532869.4461,74,left_handIndexEnd_joint,0.20494646,-0.17879046,0.08518381,-0.62498987,0.6779826,-0.35224876,0.16014996
1783532869.4461,74,left_handMidStart_joint,0.24209169,-0.017511142,0.037925854,-0.6475684,0.6654232,-0.30932727,0.20538732
1783532869.4461,74,left_handMid_1_joint,0.23624288,-0.09268056,0.047601182,-0.6475684,0.6654232,-0.30932727,0.20538732
1783532869.4461,74,left_handMid_2_joint,0.23213291,-0.1455023,0.054400068,-0.6475684,0.6654232,-0.30932727,0.20538732
1783532869.4461,74,left_handMid_3_joint,0.22976176,-0.17597638,0.058322497,-0.6475684,0.6654232,-0.30932727,0.20538732
1783532869.4461,74,left_handMidEnd_joint,0.22818102,-0.19629246,0.060937446,-0.6475684,0.6654232,-0.30932727,0.20538732
1783532869.4461,74,left_handPinkyStart_joint,0.25851506,-0.02094435,0.015846705,-0.65359586,0.66352355,-0.23024115,0.28202495
1783532869.4461,74,left_handPinky_1_joint,0.2593692,-0.084269166,0.0111926235,-0.65359586,0.66352355,-0.23024115,0.28202495
1783532869.4461,74,left_handPinky_2_joint,0.25989676,-0.123381555,0.008318043,-0.65359586,0.66352355,-0.23024115,0.28202495
1783532869.4461,74,left_handPinky_3_joint,0.2601731,-0.143869,0.0068123112,-0.65359586,0.66352355,-0.23024115,0.28202495
1783532869.4461,74,left_handPinkyEnd_joint,0.26042432,-0.16249394,0.0054434645,-0.65359586,0.66352355,-0.23024115,0.28202495
1783532869.4461,74,left_handRingStart_joint,0.24960239,-0.019605879,0.027664145,-0.6513591,0.6652313,-0.270783,0.24469449
1783532869.4461,74,left_handRing_1_joint,0.24738723,-0.089396395,0.029563898,-0.6513591,0.6652313,-0.270783,0.24469449
1783532869.4461,74,left_handRing_2_joint,0.2458236,-0.1386603,0.0309049,-0.6513591,0.6652313,-0.270783,0.24469449
1783532869.4461,74,left_handRing_3_joint,0.24484634,-0.16945022,0.031743027,-0.6513591,0.6652313,-0.270783,0.24469449
1783532869.4461,74,left_handRingEnd_joint,0.24419482,-0.18997684,0.03230178,-0.6513591,0.6652313,-0.270783,0.24469449
1783532869.4461,74,left_handThumbStart_joint,0.22403726,-0.012326626,0.040653456,0.29041952,-0.27475175,0.869788,-0.28920057
1783532869.4461,74,left_handThumb_1_joint,0.18838209,-0.04791166,0.059245806,0.29041952,-0.27475175,0.869788,-0.28920057
1783532869.4461,74,left_handThumb_2_joint,0.1628956,-0.07334568,0.07253675,0.29041952,-0.27475175,0.869788,-0.28920057
1783532869.4461,74,left_handThumbEnd_joint,0.14590462,-0.0903017,0.08139738,0.29041952,-0.27475172,0.869788,-0.28920057
1783532869.4461,74,neck_1_joint,-0.0007654182,0.5852251,0.06693284,0.5960821,0.3620864,0.61028796,0.37567034
1783532869.4461,74,neck_2_joint,-0.0009788935,0.61193115,0.080598235,0.5851035,0.3768187,0.6043647,0.38782057
1783532869.4461,74,neck_3_joint,-0.0015588133,0.64832014,0.097196475,0.5670701,0.40058458,0.59309304,0.4076814
1783532869.4461,74,neck_4_joint,-0.0025369972,0.6858363,0.11103763,0.5503214,0.42170322,0.5809649,0.42637146
1783532869.4461,74,head_joint,-0.0039447206,0.73016113,0.12452609,0.49223804,0.48679602,0.52996844,0.4897598
1783532869.4461,74,jaw_joint,-0.003252248,0.7049706,0.12839387,0.49223804,0.48679602,0.52996844,0.4897598
1783532869.4461,74,chin_joint,-0.0054560844,0.65042,0.2259611,0.49223804,0.48679602,0.52996844,0.4897598
1783532869.4461,74,left_eye_joint,0.02367954,0.75979704,0.21377331,0.49646488,0.48248467,0.5342196,0.4851192
1783532869.4461,74,left_eyeLowerLid_joint,0.02367954,0.75979704,0.21377331,0.49646488,0.48248467,0.5342196,0.4851192
1783532869.4461,74,left_eyeUpperLid_joint,0.02367954,0.75979704,0.21377331,0.49646488,0.48248467,0.5342196,0.4851192
1783532869.4461,74,left_eyeball_joint,0.02367954,0.75979704,0.21377331,0.49646488,0.48248467,0.5342196,0.4851192
1783532869.4461,74,nose_joint,-0.0083310045,0.7250648,0.23432039,0.49646738,0.48248202,0.5342222,0.48511636
1783532869.4461,74,right_eye_joint,-0.040862855,0.7576113,0.21109337,0.49646488,0.48248467,0.5342196,0.4851192
1783532869.4461,74,right_eyeLowerLid_joint,-0.040862855,0.7576113,0.21109337,0.49646488,0.48248467,0.5342196,0.4851192
1783532869.4461,74,right_eyeUpperLid_joint,-0.040862855,0.7576113,0.21109337,0.49646488,0.48248467,0.5342196,0.4851192
1783532869.4461,74,right_eyeball_joint,-0.040862855,0.7576113,0.21109337,0.49646488,0.48248467,0.5342196,0.4851192
1783532869.4461,74,right_shoulder_1_joint,-0.090260796,0.56481224,0.06076089,0.7929827,0.10220232,0.073069535,0.5961492
1783532869.4461,74,right_arm_joint,-0.23073094,0.5286645,0.061626818,0.69414407,0.45309922,0.42035756,0.3690051
1783532869.4461,74,right_forearm_joint,-0.29350394,0.27883452,-0.004653039,0.57319653,0.6104699,0.33946165,0.4284135
1783532869.4461,74,right_hand_joint,-0.29998472,0.013356418,0.03123109,0.19994941,0.28324983,0.6384961,0.6871045
1783532869.4461,74,right_handIndexStart_joint,-0.29065531,-0.009385647,0.04612002,0.15584065,0.3294461,0.6511472,0.66572237
1783532869.4461,74,right_handIndex_1_joint,-0.28543064,-0.08725841,0.06504816,0.15584065,0.3294461,0.6511472,0.66572237
1783532869.4461,74,right_handIndex_2_joint,-0.2823925,-0.13253345,0.07605253,0.15584065,0.3294461,0.6511472,0.66572237
1783532869.4461,74,right_handIndex_3_joint,-0.28069186,-0.15788779,0.08221552,0.15584065,0.3294461,0.6511472,0.66572237
1783532869.4461,74,right_handIndexEnd_joint,-0.2794771,-0.17599775,0.08661767,0.15584065,0.3294461,0.6511472,0.66572237
1783532869.4461,74,right_handMidStart_joint,-0.2988385,-0.012397246,0.036774468,0.19928469,0.28382763,0.638925,0.6866603
1783532869.4461,74,right_handMid_1_joint,-0.30054379,-0.08769629,0.047046375,0.19928469,0.28382763,0.638925,0.6866603
1783532869.4461,74,right_handMid_2_joint,-0.3017424,-0.1406085,0.054264784,0.19928469,0.28382763,0.638925,0.6866603
1783532869.4461,74,right_handMid_3_joint,-0.3024337,-0.17113495,0.05842913,0.19928469,0.28382763,0.638925,0.6866603
1783532869.4461,74,right_handMidEnd_joint,-0.3028948,-0.19148555,0.0612055,0.19928469,0.28382763,0.638925,0.6866603
1783532869.4461,74,right_handPinkyStart_joint,-0.31429222,-0.014490875,0.013844032,0.27216372,0.20112143,0.6390879,0.69068366
1783532869.4461,74,right_handPinky_1_joint,-0.32078415,-0.07750199,0.009395761,0.27216372,0.20112143,0.6390879,0.69068366
1783532869.4461,74,right_handPinky_2_joint,-0.32479435,-0.116421424,0.006648663,0.27216372,0.20112143,0.6390879,0.69068366
1783532869.4461,74,right_handPinky_3_joint,-0.32689428,-0.1368074,0.0052091777,0.27216372,0.20112143,0.6390879,0.69068366
1783532869.4461,74,right_handPinkyEnd_joint,-0.32880375,-0.15533996,0.0039007817,0.27216372,0.20112143,0.6390879,0.69068366
1783532869.4461,74,right_handRingStart_joint,-0.30594578,-0.013879032,0.026125826,0.23673446,0.2434072,0.63975084,0.68951344
1783532869.4461,74,right_handRing_1_joint,-0.31034267,-0.08355417,0.028414518,0.23673446,0.2434072,0.63975084,0.68951344
1783532869.4461,74,right_handRing_2_joint,-0.31344613,-0.13273618,0.030029878,0.23673446,0.2434072,0.63975084,0.68951344
1783532869.4461,74,right_handRing_3_joint,-0.3153862,-0.16347538,0.031039836,0.23673446,0.2434072,0.63975084,0.68951344
1783532869.4461,74,right_handRingEnd_joint,-0.31667888,-0.18396862,0.03171252,0.23673446,0.2434072,0.63975084,0.68951344
1783532869.4461,74,right_handThumbStart_joint,-0.28055403,-0.008885748,0.040464982,0.32083088,0.8480405,0.2659216,0.32738444
1783532869.4461,74,right_handThumb_1_joint,-0.24942343,-0.047456305,0.06111633,0.32083088,0.8480405,0.2659216,0.32738444
1783532869.4461,74,right_handThumb_2_joint,-0.22717138,-0.07502419,0.075879365,0.32083088,0.8480405,0.2659216,0.32738444
1783532869.4461,74,right_handThumbEnd_joint,-0.21233647,-0.09340284,0.08572059,0.32083088,0.8480405,0.26592156,0.32738444
1783532869.4461,74,camera,-0.116012976,0.0010587071,0.12910332,-0.07693488,-0.114103615,-0.71183723,0.6887301
1783532869.4778,75,root,-0.00085845933,0.019537,-0.0032516655,-0.00051116303,-0.00036573832,-0.0075119277,0.9999716
1783532869.4778,75,hips_joint,-0.00085845933,0.019537,-0.0032516655,-0.00051116303,-0.00036573832,-0.0075119277,0.9999716
1783532869.4778,75,left_upLeg_joint,0.0992942,-0.006948061,-0.0021935669,0.5569294,-0.44710225,0.5471083,-0.43657976
1783532869.4778,75,left_leg_joint,0.09994453,-0.41782528,0.09003166,-0.32964525,0.620636,-0.33656344,0.6267936
1783532869.4778,75,left_foot_joint,0.101349525,-0.79788864,-0.16428958,0.6422362,-0.2852833,0.65148145,-0.28586397
1783532869.4778,75,left_toes_joint,0.09961639,-0.9080095,-0.06388604,0.68466645,-0.15838589,0.69385374,-0.15720318
1783532869.4778,75,left_toesEnd_joint,0.09882585,-0.93439895,-0.00927249,0.68466645,-0.15838566,0.69385374,-0.15720338
1783532869.4778,75,right_upLeg_joint,-0.10176298,-0.003922467,-0.002341703,0.38613978,0.5495997,0.44669983,0.59101254
1783532869.4778,75,right_leg_joint,-0.10041517,-0.4049947,0.12595001,0.5803549,0.32388285,0.68713737,0.29347992
1783532869.4778,75,right_foot_joint,-0.029936008,-0.7613536,-0.1518458,0.25712717,0.6128596,0.35993636,0.6547784
1783532869.4778,75,right_toes_joint,-0.028400697,-0.87857044,-0.05982231,0.13630813,0.6504855,0.22930786,0.7111306
1783532869.4778,75,right_toesEnd_joint,-0.031347126,-0.9091108,-0.0074942634,0.13630863,0.6504857,0.22930743,0.71113056
1783532869.4778,75,spine_1_joint,-0.00085847906,0.019537,-0.0032516655,0.48848802,0.5123304,0.49013472,0.5085915
1783532869.4778,75,spine_2_joint,-0.0011709171,0.07703756,-0.005685235,0.4814778,0.5201177,0.485627,0.5116868
1783532869.4778,75,spine_3_joint,-0.0019025188,0.13446543,-0.009405311,0.4866326,0.51296455,0.49301645,0.506943
1783532869.4778,75,spine_4_joint,-0.0025601487,0.18747257,-0.011540847,0.50545245,0.49186718,0.51101846,0.4913703
1783532869.4778,75,spine_5_joint,-0.002993303,0.25790247,-0.009423481,0.5426826,0.44809076,0.54561293,0.45499092
1783532869.4778,75,spine_6_joint,-0.0027102618,0.3500308,0.008425014,0.5568556,0.4270631,0.5626874,0.43693456
1783532869.4778,75,spine_7_joint,-0.0025035148,0.45343658,0.036272634,0.5566445,0.42735314,0.5616091,0.43830508
1783532869.4778,75,left_shoulder_1_joint,0.08738768,0.5626679,0.06063841,-0.5925846,0.05776194,-0.10064456,0.7971058
1783532869.4778,75,left_arm_joint,0.22853103,0.5294651,0.06458319,-0.3289977,0.4400389,-0.46144292,0.6965608
1783532869.4778,75,left_forearm_joint,0.27823663,0.28146213,-0.017713113,-0.41068682,0.34025514,-0.6245522,0.57052386
1783532869.4778,75,left_hand_joint,0.27510723,0.015603332,0.015714426,0.6713392,-0.6476053,0.29401773,-0.20848183
1783532869.4778,75,left_handIndexStart_joint,0.26365837,-0.007201428,0.031250514,-0.65056795,0.6601367,-0.33662426,0.16632843
1783532869.4778,75,left_handIndex_1_joint,0.25577247,-0.08517557,0.04878992,-0.65056795,0.6601367,-0.33662426,0.16632843
1783532869.4778,75,left_handIndex_2_joint,0.25118762,-0.13050938,0.05898725,-0.65056795,0.6601367,-0.33662426,0.16632843
1783532869.4778,75,left_handIndex_3_joint,0.24862012,-0.1558963,0.06469775,-0.65056795,0.6601367,-0.33662426,0.16632843
1783532869.4778,75,left_handIndexEnd_joint,0.24678619,-0.17402983,0.06877668,-0.65056795,0.6601367,-0.33662426,0.16632843
1783532869.4778,75,left_handMidStart_joint,0.2720406,-0.010296473,0.022110768,0.67202777,-0.64719206,0.2920153,-0.21035276
1783532869.4778,75,left_handMid_1_joint,0.27141264,-0.08575754,0.031248325,0.67202777,-0.64719206,0.2920153,-0.21035276
1783532869.4778,75,left_handMid_2_joint,0.2709714,-0.13878423,0.037669316,0.67202777,-0.64719206,0.2920153,-0.21035276
1783532869.4778,75,left_handMid_3_joint,0.27071682,-0.16937657,0.041373733,0.67202777,-0.64719206,0.2920153,-0.21035276
1783532869.4778,75,left_handMidEnd_joint,0.2705471,-0.18977144,0.043843344,0.67202777,-0.64719206,0.2920153,-0.21035276
1783532869.4778,75,left_handPinkyStart_joint,0.28812706,-0.012468957,-0.0003727436,0.67674893,-0.6456704,0.21037354,-0.28436562
1783532869.4778,75,left_handPinky_1_joint,0.29306147,-0.07556134,-0.005609874,0.67674893,-0.6456704,0.21037354,-0.28436562
1783532869.4778,75,left_handPinky_2_joint,0.2961092,-0.11453016,-0.008844572,0.67674893,-0.6456704,0.21037354,-0.28436562
1783532869.4778,75,left_handPinky_3_joint,0.29770562,-0.1349424,-0.0105389375,0.67674893,-0.6456704,0.21037354,-0.28436562
1783532869.4778,75,left_handPinkyEnd_joint,0.29915693,-0.15349898,-0.012079271,0.67674893,-0.6456704,0.21037354,-0.28436562
1783532869.4778,75,left_handRingStart_joint,0.2794281,-0.011812274,0.0116595095,0.6751977,-0.6471785,0.25214756,-0.2483743
1783532869.4778,75,left_handRing_1_joint,0.2818843,-0.08160795,0.012987662,0.6751977,-0.6471785,0.25214756,-0.2483743
1783532869.4778,75,left_handRing_2_joint,0.2836181,-0.13087548,0.013925182,0.6751977,-0.6471785,0.25214756,-0.2483743
1783532869.4778,75,left_handRing_3_joint,0.28470173,-0.1616677,0.014511131,0.6751977,-0.6471785,0.25214756,-0.2483743
1783532869.4778,75,left_handRingEnd_joint,0.28542414,-0.18219586,0.014901764,0.6751977,-0.6471785,0.25214756,-0.2483743
1783532869.4778,75,left_handThumbStart_joint,0.2537523,-0.006342454,0.025302108,0.30837497,-0.27187878,0.8551236,-0.3158333
1783532869.4778,75,left_handThumb_1_joint,0.22098231,-0.044352386,0.04439758,0.30837497,-0.27187878,0.8551236,-0.3158333
1783532869.4778,75,left_handThumb_2_joint,0.19755808,-0.071519755,0.05804818,0.30837497,-0.27187878,0.8551236,-0.3158333
1783532869.4778,75,left_handThumbEnd_joint,0.18194193,-0.089631334,0.06714857,0.308375,-0.27187872,0.8551236,-0.3158333
1783532869.4778,75,neck_1_joint,-0.0018557411,0.5848555,0.063378714,0.5972355,0.36572784,0.60792565,0.37413827
1783532869.4778,75,neck_2_joint,-0.0020555668,0.6116079,0.07695323,0.5860515,0.38072696,0.60181826,0.38652968
1783532869.4778,75,neck_3_joint,-0.002626627,0.6480676,0.09339598,0.56783766,0.4046005,0.5905187,0.4063821
1783532869.4778,75,neck_4_joint,-0.0036197405,0.6856455,0.107067674,0.5509264,0.425782,0.5784053,0.42501423
1783532869.4778,75,head_joint,-0.0050680856,0.7300309,0.12035095,0.49237153,0.49090952,0.52759373,0.48808092
1783532869.4778,75,jaw_joint,-0.004258707,0.7048621,0.124335706,0.49237153,0.49090952,0.52759373,0.48808092
1783532869.4778,75,chin_joint,-0.0054836874,0.6507833,0.22218242,0.49237153,0.49090952,0.52759373,0.48808092
1783532869.4778,75,left_eye_joint,0.023180546,0.7601964,0.20922452,0.4966342,0.4865968,0.5318304,0.48346105
1783532869.4778,75,left_eyeLowerLid_joint,0.023180546,0.7601964,0.20922452,0.4966342,0.4865968,0.5318304,0.48346105
1783532869.4778,75,left_eyeUpperLid_joint,0.023180546,0.7601964,0.20922452,0.4966342,0.4865968,0.5318304,0.48346105
1783532869.4778,75,left_eyeball_joint,0.023180546,0.7601964,0.20922452,0.4966342,0.4865968,0.5318304,0.48346105
1783532869.4778,75,nose_joint,-0.008543769,0.7254582,0.23020087,0.49663666,0.48659408,0.53183293,0.48345813
1783532869.4778,75,right_eye_joint,-0.041373722,0.75778115,0.20708147,0.4966342,0.4865968,0.5318304,0.48346105
1783532869.4778,75,right_eyeLowerLid_joint,-0.041373722,0.75778115,0.20708147,0.4966342,0.4865968,0.5318304,0.48346105
1783532869.4778,75,right_eyeUpperLid_joint,-0.041373722,0.75778115,0.20708147,0.4966342,0.4865968,0.5318304,0.48346105
1783532869.4778,75,right_eyeball_joint,-0.041373722,0.75778115,0.20708147,0.4966342,0.4865968,0.5318304,0.48346105
1783532869.4778,75,right_shoulder_1_joint,-0.09131791,0.5640884,0.057951573,0.7971801,0.0930003,0.06903304,0.5925279
1783532869.4778,75,right_arm_joint,-0.23247555,0.5307149,0.0579729,0.6970754,0.44659495,0.42271852,0.3687112
1783532869.4778,75,right_forearm_joint,-0.29730266,0.28219292,-0.0111845685,0.5814628,0.6000658,0.3352164,0.43526077
1783532869.4778,75,right_hand_joint,-0.31206837,0.01699709,0.024331855,0.2024304,0.27749562,0.6288443,0.6975478
1783532869.4778,75,right_handIndexStart_joint,-0.30353394,-0.0060322974,0.039256003,0.1589721,0.32442036,0.64169383,0.67654145
1783532869.4778,75,right_handIndex_1_joint,-0.3008001,-0.08404672,0.05812438,0.1589721,0.32442036,0.64169383,0.67654145
1783532869.4778,75,right_handIndex_2_joint,-0.2992102,-0.12940414,0.06909402,0.1589721,0.32442036,0.64169383,0.67654145
1783532869.4778,75,right_handIndex_3_joint,-0.29832056,-0.15480459,0.07523754,0.1589721,0.32442036,0.64169383,0.67654145
1783532869.4778,75,right_handIndexEnd_joint,-0.29768503,-0.17294748,0.07962579,0.1589721,0.32442036,0.64169383,0.67654145
1783532869.4778,75,right_handMidStart_joint,-0.31174076,-0.008785069,0.029851547,0.2017728,0.27808475,0.629278,0.6971124
1783532869.4778,75,right_handMid_1_joint,-0.31579664,-0.08400819,0.040020056,0.2017728,0.27808475,0.629278,0.6971124
1783532869.4778,75,right_handMid_2_joint,-0.31864703,-0.13686703,0.047165807,0.2017728,0.27808475,0.629278,0.6971124
1783532869.4778,75,right_handMid_3_joint,-0.32029128,-0.16736269,0.05128824,0.2017728,0.27808475,0.629278,0.6971124
1783532869.4778,75,right_handMidEnd_joint,-0.3213877,-0.18769275,0.054036662,0.2017728,0.27808475,0.629278,0.6971124
1783532869.4778,75,right_handPinkyStart_joint,-0.32709426,-0.010386226,0.0068143606,0.27339146,0.19427043,0.62958145,0.70081615
1783532869.4778,75,right_handPinky_1_joint,-0.3354619,-0.073167115,0.0022455554,0.27339146,0.19427043,0.62958145,0.70081615
1783532869.4778,75,right_handPinky_2_joint,-0.34063068,-0.11194433,-0.00057599635,0.27339146,0.19427043,0.62958145,0.70081615
1783532869.4778,75,right_handPinky_3_joint,-0.3433375,-0.13225582,-0.0020544762,0.27339146,0.19427043,0.62958145,0.70081615
1783532869.4778,75,right_handPinkyEnd_joint,-0.34579864,-0.15072069,-0.0033983237,0.27339146,0.19427043,0.62958145,0.70081615
1783532869.4778,75,right_handRingStart_joint,-0.318817,-0.010040019,0.019153181,0.2386043,0.23709151,0.6301652,0.69981956
1783532869.4778,75,right_handRing_1_joint,-0.3253384,-0.07955217,0.02132726,0.2386043,0.23709151,0.6301652,0.69981956
1783532869.4778,75,right_handRing_2_joint,-0.3299415,-0.12861913,0.022861727,0.2386043,0.23709151,0.6301652,0.69981956
1783532869.4778,75,right_handRing_3_joint,-0.3328189,-0.15928642,0.02382112,0.2386043,0.23709151,0.6301652,0.69981956
1783532869.4778,75,right_handRingEnd_joint,-0.33473644,-0.17973173,0.024460098,0.2386043,0.23709151,0.6301652,0.69981956
1783532869.4778,75,right_handThumbStart_joint,-0.29338387,-0.0058330437,0.033670172,0.3329212,0.8418162,0.26249087,0.33407727
1783532869.4778,75,right_handThumb_1_joint,-0.26357758,-0.04535018,0.05448512,0.3329212,0.8418162,0.26249087,0.33407727
1783532869.4778,75,right_handThumb_2_joint,-0.24227211,-0.073594674,0.069365084,0.3329212,0.8418162,0.26249087,0.33407727
1783532869.4778,75,right_handThumbEnd_joint,-0.22806823,-0.09242441,0.07928428,0.33292124,0.8418162,0.26249084,0.33407727
1783532869.4778,75,camera,-0.11598547,0.00122462,0.12938178,-0.07739472,-0.11398411,-0.71190095,0.68863255
1783532869.5125,76,root,-0.00051698706,0.018895071,-0.0037034452,0.00023206134,0.00025171574,-0.00565594,0.99998397
1783532869.5125,76,hips_joint,-0.00051698706,0.018895071,-0.0037034452,0.00023206134,0.00025171574,-0.00565594,0.99998397
1783532869.5125,76,left_upLeg_joint,0.09973449,-0.0072195027,-0.0028074568,0.5620334,-0.4435976,0.5496505,-0.43037644
1783532869.5125,76,left_leg_joint,0.10066547,-0.4164229,0.096579105,-0.3429598,0.6172565,-0.35078406,0.61508
1783532869.5125,76,left_foot_joint,0.096956596,-0.80737835,-0.14063258,0.6506336,-0.27441207,0.65545243,-0.2678731
1783532869.5125,76,left_toes_joint,0.095490165,-0.9129286,-0.035430517,0.69085115,-0.14612015,0.6943429,-0.13878581
1783532869.5125,76,left_toesEnd_joint,0.09507039,-0.93686664,0.020305075,0.6908513,-0.14611994,0.69434285,-0.13878603
1783532869.5125,76,right_upLeg_joint,-0.10133256,-0.004940212,-0.0027052045,0.39535043,0.5490374,0.4548875,0.57907987
1783532869.5125,76,right_leg_joint,-0.09428799,-0.4095925,0.11359782,0.5849054,0.3322501,0.6755671,0.30183572
1783532869.5125,76,right_foot_joint,-0.03320817,-0.77383274,-0.15608302,0.25554928,0.6222525,0.34567517,0.65422106
1783532869.5125,76,right_toes_joint,-0.031214256,-0.8886362,-0.06107418,0.13297862,0.6594092,0.2154109,0.70788026
1783532869.5125,76,right_toesEnd_joint,-0.03349236,-0.9177738,-0.007919454,0.13297911,0.6594093,0.21541044,0.7078802
1783532869.5125,76,spine_1_joint,-0.00051700685,0.018895071,-0.0037034452,0.4878794,0.5137723,0.48980978,0.50803363
1783532869.5125,76,spine_2_joint,-0.0009631166,0.076390244,-0.0062410077,0.48086208,0.5217052,0.4846264,0.51159805
1783532869.5125,76,spine_3_joint,-0.0017733534,0.13380523,-0.010139054,0.48610705,0.5146412,0.49159467,0.5071282
1783532869.5125,76,spine_4_joint,-0.0024652823,0.18680343,-0.012475711,0.5050163,0.49366966,0.5092823,0.4918131
1783532869.5125,76,spine_5_joint,-0.002899743,0.25724196,-0.010668964,0.5423857,0.45008495,0.5436533,0.45572165
1783532869.5125,76,spine_6_joint,-0.002550679,0.3494583,0.006718132,0.5565189,0.42933986,0.56055504,0.43787223
1783532869.5125,76,spine_7_joint,-0.002246333,0.45302168,0.033972792,0.55601734,0.43007156,0.55940616,0.4392584
1783532869.5125,76,left_shoulder_1_joint,0.087662704,0.56245965,0.057324596,-0.59211564,0.057038043,-0.08960983,0.79882157
1783532869.5125,76,left_arm_joint,0.2294392,0.53189605,0.05949923,-0.33563858,0.43981358,-0.45059875,0.70062226
1783532869.5125,76,left_forearm_joint,0.28451157,0.28542352,-0.023969892,-0.42322293,0.33226383,-0.61463726,0.57680535
1783532869.5125,76,left_hand_joint,0.29084736,0.020053787,0.012729723,0.6851314,-0.6352562,0.29090863,-0.20595405
1783532869.5125,76,left_handIndexStart_joint,0.28034675,-0.0029321527,0.028663568,0.6645391,-0.64765817,0.3344152,-0.16460134
1783532869.5125,76,left_handIndex_1_joint,0.2753202,-0.08090395,0.047235634,0.6645391,-0.64765817,0.3344152,-0.16460134
1783532869.5125,76,left_handIndex_2_joint,0.2723978,-0.1262364,0.05803335,0.6645391,-0.64765817,0.3344152,-0.16460134
1783532869.5125,76,left_handIndex_3_joint,0.27076125,-0.15162256,0.06408007,0.6645391,-0.64765817,0.3344152,-0.16460134
1783532869.5125,76,left_handIndexEnd_joint,0.2695923,-0.16975553,0.06839915,0.6645391,-0.64765817,0.3344152,-0.16460134
1783532869.5125,76,left_handMidStart_joint,0.2887366,-0.0058533642,0.019473752,0.68581384,-0.6348535,0.28886843,-0.2077883
1783532869.5125,76,left_handMid_1_joint,0.29079148,-0.08117114,0.029537342,0.68581384,-0.6348535,0.28886843,-0.2077883
1783532869.5125,76,left_handMid_2_joint,0.29223543,-0.13409714,0.036609057,0.68581384,-0.6348535,0.28886843,-0.2077883
1783532869.5125,76,left_handMid_3_joint,0.29306847,-0.16463138,0.040688895,0.68581384,-0.6348535,0.28886843,-0.2077883
1783532869.5125,76,left_handMidEnd_joint,0.29362383,-0.18498755,0.043408785,0.68581384,-0.6348535,0.28886843,-0.2077883
1783532869.5125,76,left_handPinkyStart_joint,0.3046581,-0.007756805,-0.003151164,0.6905413,-0.63414156,0.20593958,-0.28036818
1783532869.5125,76,left_handPinky_1_joint,0.31170082,-0.07070442,-0.0076703415,0.6905413,-0.63414156,0.20593958,-0.28036818
1783532869.5125,76,left_handPinky_2_joint,0.31605074,-0.10958383,-0.010461597,0.6905413,-0.63414156,0.20593958,-0.28036818
1783532869.5125,76,left_handPinky_3_joint,0.31832927,-0.12994924,-0.011923684,0.6905413,-0.63414156,0.20593958,-0.28036818
1783532869.5125,76,left_handPinkyEnd_joint,0.32040066,-0.14846325,-0.0132528525,0.6905413,-0.63414156,0.20593958,-0.28036818
1783532869.5125,76,left_handRingStart_joint,0.2960648,-0.007246847,0.008963895,0.6890109,-0.6352301,0.24833997,-0.2451006
1783532869.5125,76,left_handRing_1_joint,0.30092785,-0.07689561,0.011117233,0.6890109,-0.6352301,0.24833997,-0.2451006
1783532869.5125,76,left_handRing_2_joint,0.3043606,-0.12605943,0.012637236,0.6890109,-0.6352301,0.24833997,-0.2451006
1783532869.5125,76,left_handRing_3_joint,0.30650607,-0.15678683,0.013587237,0.6890109,-0.6352301,0.24833997,-0.2451006
1783532869.5125,76,left_handRingEnd_joint,0.30793637,-0.17727177,0.014220572,0.6890109,-0.6352301,0.24833997,-0.2451006
1783532869.5125,76,left_handThumbStart_joint,0.27035686,-0.002487073,0.022810664,0.31938198,-0.26289922,0.8496387,-0.32709885
1783532869.5125,76,left_handThumb_1_joint,0.23910679,-0.041352253,0.042715345,0.31938198,-0.26289922,0.8496387,-0.32709885
1783532869.5125,76,left_handThumb_2_joint,0.2167689,-0.06913094,0.05694434,0.31938198,-0.26289922,0.8496387,-0.32709885
1783532869.5125,76,left_handThumbEnd_joint,0.201877,-0.087650076,0.06643033,0.31938195,-0.26289916,0.84963876,-0.3270988
1783532869.5125,76,neck_1_joint,-0.001583825,0.58461565,0.060215693,0.59691095,0.36851314,0.6058293,0.37532127
1783532869.5125,76,neck_2_joint,-0.0017536863,0.61145663,0.07361461,0.5856592,0.38353392,0.59967446,0.38767946
1783532869.5125,76,neck_3_joint,-0.0022902999,0.64802474,0.08981594,0.56733924,0.40741923,0.5883137,0.4074586
1783532869.5125,76,neck_4_joint,-0.00325857,0.68569344,0.103237286,0.5503393,0.42858633,0.5761622,0.42600152
1783532869.5125,76,head_joint,-0.0046871216,0.7301666,0.11622584,0.49146992,0.49363142,0.5252462,0.4887754
1783532869.5125,76,jaw_joint,-0.0038505706,0.7050257,0.120377414,0.49146992,0.49363142,0.5252462,0.4887754
1783532869.5125,76,chin_joint,-0.0047194967,0.6516072,0.21858993,0.49146992,0.49363142,0.5252462,0.4887754
1783532869.5125,76,left_eye_joint,0.023840973,0.76094556,0.20479926,0.4957563,0.48932645,0.529489,0.48417604
1783532869.5125,76,left_eyeLowerLid_joint,0.023840973,0.76094556,0.20479926,0.4957563,0.48932645,0.529489,0.48417604
1783532869.5125,76,left_eyeUpperLid_joint,0.023840973,0.76094556,0.20479926,0.4957563,0.48932645,0.529489,0.48417604
1783532869.5125,76,left_eyeball_joint,0.023840973,0.76094556,0.20479926,0.4957563,0.48932645,0.529489,0.48417604
1783532869.5125,76,nose_joint,-0.007794051,0.72633284,0.22611506,0.49575886,0.48932377,0.52949154,0.48417318
1783532869.5125,76,right_eye_joint,-0.04071873,0.75848174,0.20288798,0.4957563,0.48932645,0.529489,0.48417604
1783532869.5125,76,right_eyeLowerLid_joint,-0.04071873,0.75848174,0.20288798,0.4957563,0.48932645,0.529489,0.48417604
1783532869.5125,76,right_eyeUpperLid_joint,-0.04071873,0.75848174,0.20288798,0.4957563,0.48932645,0.529489,0.48417604
1783532869.5125,76,right_eyeball_joint,-0.04071873,0.75848174,0.20288798,0.4957563,0.48932645,0.529489,0.48417604
1783532869.5125,76,right_shoulder_1_joint,-0.09105161,0.5637643,0.055221476,0.7967231,0.08610952,0.06756996,0.5943498
1783532869.5125,76,right_arm_joint,-0.23262528,0.53221154,0.05445116,0.696435,0.4425979,0.42063332,0.37703177
1783532869.5125,76,right_forearm_joint,-0.3002786,0.28386965,-0.0126146935,0.5837181,0.59272057,0.32283393,0.45136872
1783532869.5125,76,right_hand_joint,-0.32410687,0.02034788,0.029773725,0.19453755,0.27908146,0.61453474,0.71176946
1783532869.5125,76,right_handIndexStart_joint,-0.31647614,-0.0025390005,0.04539046,0.15207712,0.32698303,0.6268862,0.69062895
1783532869.5125,76,right_handIndex_1_joint,-0.31649143,-0.08006613,0.06634956,0.15207712,0.32698303,0.6268862,0.69062895
1783532869.5125,76,right_handIndex_2_joint,-0.3164998,-0.12514026,0.07853474,0.15207712,0.32698303,0.6268862,0.69062895
1783532869.5125,76,right_handIndex_3_joint,-0.31650522,-0.15038203,0.08535897,0.15207712,0.32698303,0.6268862,0.69062895
1783532869.5125,76,right_handIndexEnd_joint,-0.316509,-0.16841158,0.09023343,0.15207712,0.32698303,0.6268862,0.69062895
1783532869.5125,76,right_handMidStart_joint,-0.32468072,-0.005273645,0.035978742,0.19389348,0.27968913,0.6149644,0.7113354
1783532869.5125,76,right_handMid_1_joint,-0.33130816,-0.080023706,0.048097823,0.19389348,0.27968913,0.6149644,0.7113354
1783532869.5125,76,right_handMid_2_joint,-0.33596557,-0.1325501,0.056614228,0.19389348,0.27968913,0.6149644,0.7113354
1783532869.5125,76,right_handMid_3_joint,-0.33865234,-0.162854,0.061527427,0.19389348,0.27968913,0.6149644,0.7113354
1783532869.5125,76,right_handMidEnd_joint,-0.34044376,-0.18305622,0.06480302,0.19389349,0.27968913,0.6149644,0.7113354
1783532869.5125,76,right_handPinkyStart_joint,-0.33986202,-0.0069902632,0.012836002,0.26406857,0.19470495,0.6166776,0.7155882
1783532869.5125,76,right_handPinky_1_joint,-0.35025057,-0.06956414,0.00984934,0.26406857,0.19470495,0.6166776,0.7155882
1783532869.5125,76,right_handPinky_2_joint,-0.35666758,-0.10821347,0.008005012,0.26406857,0.19470495,0.6166776,0.7155882
1783532869.5125,76,right_handPinky_3_joint,-0.3600282,-0.12845801,0.007038408,0.26406857,0.19470495,0.6166776,0.7155882
1783532869.5125,76,right_handPinkyEnd_joint,-0.36308372,-0.14686199,0.0061598932,0.26406857,0.19470495,0.6166776,0.7155882
1783532869.5125,76,right_handRingStart_joint,-0.33169383,-0.0065835165,0.025245482,0.23000292,0.2380996,0.616535,0.7143472
1783532869.5125,76,right_handRing_1_joint,-0.34052226,-0.07576185,0.029196547,0.23000292,0.2380996,0.616535,0.7143472
1783532869.5125,76,right_handRing_2_joint,-0.34675384,-0.1245932,0.031985343,0.23000292,0.2380996,0.616535,0.7143472
1783532869.5125,76,right_handRing_3_joint,-0.35064903,-0.15511319,0.0337287,0.23000292,0.2380996,0.616535,0.7143472
1783532869.5125,76,right_handRingEnd_joint,-0.3532451,-0.17546035,0.034890343,0.23000292,0.2380996,0.616535,0.7143472
1783532869.5125,76,right_handThumbStart_joint,-0.3062731,-0.0028217505,0.039905638,0.34091103,0.8380188,0.24733871,0.34688297
1783532869.5125,76,right_handThumb_1_joint,-0.27798152,-0.042718723,0.062066372,0.34091103,0.8380188,0.2473387,0.34688297
1783532869.5125,76,right_handThumb_2_joint,-0.25775868,-0.071234696,0.07790824,0.34091103,0.8380188,0.2473387,0.34688297
1783532869.5125,76,right_handThumbEnd_joint,-0.24427657,-0.09024543,0.08846871,0.34091103,0.8380188,0.24733867,0.34688297
1783532869.5125,76,camera,-0.11582312,0.0010044412,0.12962654,-0.07738746,-0.1136986,-0.71189225,0.6886895
1783532869.5445,77,root,-0.00072842685,0.018302875,-0.0042781956,0.00088825764,0.00044052352,-0.00490913,0.9999875
1783532869.5445,77,hips_joint,-0.00072842685,0.018302875,-0.0042781956,0.00088825764,0.00044052352,-0.00490913,0.9999875
1783532869.5445,77,left_upLeg_joint,0.099562265,-0.0076630875,-0.0034535313,0.56607604,-0.44059077,0.5523309,-0.4246979
1783532869.5445,77,left_leg_joint,0.10024471,-0.41527334,0.10227926,-0.3561079,0.6127947,-0.36560857,0.6033243
1783532869.5445,77,left_foot_joint,0.09184219,-0.81660706,-0.116786994,0.6582322,-0.26279137,0.6598729,-0.24947688
1783532869.5445,77,left_toes_joint,0.09050344,-0.9172336,-0.0068643475,0.6961096,-0.13326985,0.69519645,-0.11988523
1783532869.5445,77,left_toesEnd_joint,0.09037534,-0.9385998,0.049908236,0.6961096,-0.13326965,0.69519645,-0.119885445
1783532869.5445,77,right_upLeg_joint,-0.10150792,-0.0056842566,-0.0032741164,0.4029652,0.5465968,0.4617018,0.57068604
1783532869.5445,77,right_leg_joint,-0.09145509,-0.4130887,0.102744855,0.58649886,0.3384777,0.6671942,0.3103291
1783532869.5445,77,right_foot_joint,-0.036837664,-0.7840251,-0.15908068,0.25296322,0.6281375,0.33384627,0.65574366
1783532869.5445,77,right_toes_joint,-0.035046272,-0.8966375,-0.061480865,0.12932399,0.66469735,0.20350783,0.7071333
1783532869.5445,77,right_toesEnd_joint,-0.03707983,-0.924525,-0.0076499605,0.12932447,0.6646975,0.20350735,0.70713323
1783532869.5445,77,spine_1_joint,-0.0007284466,0.018302875,-0.0042781956,0.48735175,0.5153637,0.4897293,0.50700474
1783532869.5445,77,spine_2_joint,-0.00135399,0.075793415,-0.0068820487,0.48044768,0.5240547,0.4841722,0.5100137
1783532869.5445,77,spine_3_joint,-0.002396399,0.13319841,-0.010871119,0.486152,0.5174975,0.4908364,0.5049081
1783532869.5445,77,spine_4_joint,-0.0033220926,0.18618996,-0.013276337,0.50570434,0.49690858,0.5080971,0.48906264
1783532869.5445,77,spine_5_joint,-0.0040405337,0.2566279,-0.0115365535,0.54411054,0.4533827,0.54179025,0.45260477
1783532869.5445,77,spine_6_joint,-0.0038654676,0.34885055,0.005819454,0.55909395,0.43280455,0.55771035,0.43480274
1783532869.5445,77,spine_7_joint,-0.0035108246,0.45243266,0.033002365,0.5590072,0.43417647,0.55531013,0.43661508
1783532869.5445,77,left_shoulder_1_joint,0.08656148,0.56204987,0.054834783,-0.5905849,0.06256318,-0.078710966,0.80068725
1783532869.5445,77,left_arm_joint,0.22867846,0.5330481,0.053788092,-0.34373504,0.44357857,-0.4360283,0.7035365
1783532869.5445,77,left_forearm_joint,0.28885382,0.2887474,-0.032495532,-0.43780178,0.32853115,-0.59766066,0.58583164
1783532869.5445,77,left_hand_joint,0.30754155,0.024014186,0.0045878217,0.70220673,-0.62205833,0.279597,-0.20438895
1783532869.5445,77,left_handIndexStart_joint,0.29840365,0.00064066646,0.02079524,0.6823175,-0.634396,0.3242323,-0.16388467
1783532869.5445,77,left_handIndex_1_joint,0.29718536,-0.07742057,0.039629925,0.6823175,-0.634396,0.3242323,-0.16388467
1783532869.5445,77,left_handIndex_2_joint,0.29647705,-0.122805,0.05058032,0.6823175,-0.634396,0.3242323,-0.16388467
1783532869.5445,77,left_handIndex_3_joint,0.2960804,-0.14822029,0.05671254,0.6823175,-0.634396,0.3242323,-0.16388467
1783532869.5445,77,left_handIndexEnd_joint,0.29579708,-0.16637407,0.0610927,0.6823175,-0.634396,0.3242323,-0.16388467
1783532869.5445,77,left_handMidStart_joint,0.30670923,-0.0019401431,0.011428676,0.7028601,-0.62166345,0.27750945,-0.20618178
1783532869.5445,77,left_handMid_1_joint,0.31226185,-0.07706712,0.02159561,0.7028601,-0.62166345,0.27750945,-0.20618178
1783532869.5445,77,left_handMid_2_joint,0.31616366,-0.12985906,0.028739942,0.7028601,-0.62166345,0.27750945,-0.20618178
1783532869.5445,77,left_handMid_3_joint,0.31841472,-0.16031595,0.032861672,0.7028601,-0.62166345,0.27750945,-0.20618178
1783532869.5445,77,left_handMidEnd_joint,0.3199154,-0.18062054,0.03560949,0.7028601,-0.62166345,0.27750945,-0.20618178
1783532869.5445,77,left_handPinkyStart_joint,0.32219857,-0.0032164287,-0.011537688,0.7067492,-0.62174994,0.19297287,-0.27693716
1783532869.5445,77,left_handPinky_1_joint,0.3318747,-0.06581133,-0.016084671,0.7067492,-0.62174994,0.19297287,-0.27693716
1783532869.5445,77,left_handPinky_2_joint,0.33785114,-0.10447288,-0.018893104,0.7067492,-0.62174994,0.19297287,-0.27693716
1783532869.5445,77,left_handPinky_3_joint,0.34098166,-0.12472417,-0.020364186,0.7067492,-0.62174994,0.19297287,-0.27693716
1783532869.5445,77,left_handPinkyEnd_joint,0.34382758,-0.14313444,-0.021701535,0.7067492,-0.62174994,0.19297287,-0.27693716
1783532869.5445,77,left_handRingStart_joint,0.31385893,-0.00304476,0.0007627207,0.7056652,-0.622431,0.23614638,-0.24259283
1783532869.5445,77,left_handRing_1_joint,0.32179612,-0.072409436,0.0029480874,0.7056652,-0.622431,0.23614638,-0.24259283
1783532869.5445,77,left_handRing_2_joint,0.32739878,-0.12137274,0.004490699,0.7056652,-0.622431,0.23614638,-0.24259283
1783532869.5445,77,left_handRing_3_joint,0.3309005,-0.1519748,0.0054548318,0.7056652,-0.622431,0.23614638,-0.24259283
1783532869.5445,77,left_handRingEnd_joint,0.33323494,-0.17237617,0.0060975873,0.7056652,-0.622431,0.23614638,-0.24259283
1783532869.5445,77,left_handThumbStart_joint,0.28827795,0.0006335544,0.015162996,0.33475533,-0.25840995,0.839082,-0.34220567
1783532869.5445,77,left_handThumb_1_joint,0.25919375,-0.039494682,0.03582933,0.33475533,-0.25840995,0.839082,-0.34220567
1783532869.5445,77,left_handThumb_2_joint,0.23840398,-0.06817622,0.050602768,0.33475533,-0.25840995,0.839082,-0.34220567
1783532869.5445,77,left_handThumbEnd_joint,0.22454414,-0.087297246,0.06045172,0.33475533,-0.25840995,0.839082,-0.34220567
1783532869.5445,77,neck_1_joint,-0.0026670326,0.5840941,0.058899276,0.6003738,0.3722214,0.6015111,0.37307772
1783532869.5445,77,neck_2_joint,-0.0026888957,0.61096704,0.072235115,0.5890783,0.38727972,0.59544337,0.3852901
1783532869.5445,77,neck_3_joint,-0.003051969,0.64757156,0.08835893,0.5706417,0.4112755,0.58419526,0.40489066
1783532869.5445,77,neck_4_joint,-0.0038865008,0.6852696,0.10170648,0.553523,0.4325447,0.5721496,0.42327598
1783532869.5445,77,head_joint,-0.005196534,0.72977054,0.11461214,0.4941881,0.4979231,0.5216088,0.48556668
1783532869.5445,77,jaw_joint,-0.0042684567,0.7046404,0.11880906,0.4941881,0.4979231,0.5216088,0.48556668
1783532869.5445,77,chin_joint,-0.0037097752,0.6514465,0.21714573,0.4941881,0.4979231,0.5216088,0.48556668
1783532869.5445,77,left_eye_joint,0.024508385,0.760791,0.20271325,0.49851185,0.49359423,0.5258237,0.48099917
1783532869.5445,77,left_eyeLowerLid_joint,0.024508385,0.760791,0.20271325,0.49851185,0.49359423,0.5258237,0.48099917
1783532869.5445,77,left_eyeUpperLid_joint,0.024508385,0.760791,0.20271325,0.49851185,0.49359423,0.5258237,0.48099917
1783532869.5445,77,left_eyeball_joint,0.024508385,0.760791,0.20271325,0.49851185,0.49359423,0.5258237,0.48099917
1783532869.5445,77,nose_joint,-0.0067823348,0.7261851,0.22454228,0.49851444,0.49359164,0.5258263,0.4809964
1783532869.5445,77,right_eye_joint,-0.040068135,0.7582366,0.2016984,0.49851185,0.49359423,0.5258237,0.48099917
1783532869.5445,77,right_eyeLowerLid_joint,-0.040068135,0.7582366,0.2016984,0.49851185,0.49359423,0.5258237,0.48099917
1783532869.5445,77,right_eyeUpperLid_joint,-0.040068135,0.7582366,0.2016984,0.49851185,0.49359423,0.5258237,0.48099917
1783532869.5445,77,right_eyeball_joint,-0.040068135,0.7582366,0.2016984,0.49851185,0.49359423,0.5258237,0.48099917
1783532869.5445,77,right_shoulder_1_joint,-0.09216649,0.5631107,0.055191554,0.79555434,0.087465204,0.06225373,0.5962951
1783532869.5445,77,right_arm_joint,-0.2338721,0.5321558,0.055954188,0.6963937,0.44709826,0.411723,0.38160628
1783532869.5445,77,right_forearm_joint,-0.3033409,0.28294167,-0.005810833,0.5804694,0.597892,0.3064341,0.46008575
1783532869.5445,77,right_hand_joint,-0.32940018,0.021378746,0.046285875,0.18669702,0.29308128,0.6045496,0.7167759
1783532869.5445,77,right_handIndexStart_joint,-0.32182628,-0.0010147023,0.06262875,0.14494692,0.34129894,0.61639225,0.6946699
1783532869.5445,77,right_handIndex_1_joint,-0.3224005,-0.07773663,0.08635969,0.14494692,0.34129894,0.61639225,0.6946699
1783532869.5445,77,right_handIndex_2_joint,-0.32273388,-0.12234264,0.10015641,0.14494692,0.34129894,0.61639225,0.6946699
1783532869.5445,77,right_handIndex_3_joint,-0.32292125,-0.14732224,0.10788312,0.14494692,0.34129894,0.61639225,0.6946699
1783532869.5445,77,right_handIndexEnd_joint,-0.32305503,-0.16516453,0.113402195,0.14494692,0.34129894,0.61639225,0.6946699
1783532869.5445,77,right_handMidStart_joint,-0.33016703,-0.003996415,0.05341382,0.18606651,0.2936975,0.6049742,0.71632916
1783532869.5445,77,right_handMid_1_joint,-0.33742622,-0.078188844,0.06828519,0.18606651,0.2936975,0.6049742,0.71632916
1783532869.5445,77,right_handMid_2_joint,-0.34252754,-0.13032338,0.07873562,0.18606651,0.2936975,0.6049742,0.71632916
1783532869.5445,77,right_handMid_3_joint,-0.34547037,-0.1604012,0.0847646,0.18606651,0.2936975,0.6049742,0.71632916
1783532869.5445,77,right_handMidEnd_joint,-0.34743255,-0.18045266,0.08878405,0.18606652,0.2936975,0.6049742,0.71632916
1783532869.5445,77,right_handPinkyStart_joint,-0.34563205,-0.006377716,0.03051909,0.25571355,0.20841447,0.6077901,0.72233325
1783532869.5445,77,right_handPinky_1_joint,-0.3567008,-0.06890317,0.02989988,0.25571355,0.20841447,0.6077901,0.72233325
1783532869.5445,77,right_handPinky_2_joint,-0.36353794,-0.10752258,0.029517831,0.25571355,0.20841447,0.6077901,0.72233325
1783532869.5445,77,right_handPinky_3_joint,-0.36711863,-0.12775148,0.029317163,0.25571355,0.20841447,0.6077901,0.72233325
1783532869.5445,77,right_handPinkyEnd_joint,-0.3703742,-0.14614122,0.029134955,0.25571355,0.20841447,0.6077901,0.72233325
1783532869.5445,77,right_handRingStart_joint,-0.33731705,-0.0056144954,0.04281374,0.22190472,0.25197086,0.6070695,0.72023326
1783532869.5445,77,right_handRing_1_joint,-0.34681383,-0.07450804,0.04934725,0.22190472,0.25197086,0.6070695,0.72023326
1783532869.5445,77,right_handRing_2_joint,-0.3535172,-0.12313837,0.05395893,0.22190472,0.25197086,0.6070695,0.72023326
1783532869.5445,77,right_handRing_3_joint,-0.3577073,-0.15353271,0.05684161,0.22190472,0.25197086,0.6070695,0.72023326
1783532869.5445,77,right_handRingEnd_joint,-0.36049995,-0.17379613,0.05876281,0.22190472,0.25197086,0.6070695,0.72023326
1783532869.5445,77,right_handThumbStart_joint,-0.31169087,-0.001603384,0.05704379,0.34044722,0.8424741,0.22848433,0.34946862
1783532869.5445,77,right_handThumb_1_joint,-0.2835587,-0.040982652,0.08030619,0.34044722,0.8424741,0.22848433,0.34946862
1783532869.5445,77,right_handThumb_2_joint,-0.2634498,-0.069128506,0.09693543,0.34044722,0.8424741,0.22848429,0.34946862
1783532869.5445,77,right_handThumbEnd_joint,-0.25004366,-0.08789255,0.10802082,0.34044722,0.8424741,0.22848429,0.34946862
1783532869.5445,77,camera,-0.11583598,0.0011297617,0.12988803,-0.07746219,-0.11368463,-0.7117794,0.6888
1783532869.5826,78,root,-0.0009224491,0.017873503,-0.0046158866,0.0031611512,-0.0023203779,-0.0052949935,0.9999783
1783532869.5826,78,hips_joint,-0.0009224491,0.017873503,-0.0046158866,0.0031611512,-0.0023203779,-0.0052949935,0.9999783
1783532869.5826,78,left_upLeg_joint,0.099342205,-0.00817526,-0.0033528535,0.56624246,-0.43825838,0.55757004,-0.42001736
1783532869.5826,78,left_leg_joint,0.09685361,-0.41441104,0.10751773,-0.361042,0.60962665,-0.37799063,0.59592545
1783532869.5826,78,left_foot_joint,0.08357198,-0.8217387,-0.09993632,0.66016287,-0.2572547,0.66505736,-0.23601669
1783532869.5826,78,left_toes_joint,0.08104401,-0.9191443,0.012830009,0.6969557,-0.12746762,0.69773585,-0.10568633
1783532869.5826,78,left_toesEnd_joint,0.08067032,-0.93886864,0.07019265,0.69695586,-0.12746742,0.6977357,-0.10568654
1783532869.5826,78,right_upLeg_joint,-0.101724304,-0.0060381675,-0.0042787413,0.41380033,0.53558785,0.47054031,0.5661334
1783532869.5826,78,right_leg_joint,-0.094765805,-0.41703773,0.087102175,0.5862089,0.33585155,0.6642955,0.31980395
1783532869.5826,78,right_foot_joint,-0.045298185,-0.7914103,-0.17082718,0.2543545,0.6258915,0.32572135,0.66141474
1783532869.5826,78,right_toes_joint,-0.04594365,-0.90307546,-0.072130844,0.13111575,0.66275567,0.19445527,0.7111617
1783532869.5826,78,right_toesEnd_joint,-0.048726987,-0.930395,-0.01804286,0.13111624,0.6627558,0.19445482,0.71116155
1783532869.5826,78,spine_1_joint,-0.0009224689,0.017873503,-0.0046158866,0.48630515,0.5148539,0.4909058,0.5073898
1783532869.5826,78,spine_2_joint,-0.0016203534,0.07536384,-0.0072059506,0.4790916,0.52505517,0.4845395,0.5099117
1783532869.5826,78,spine_3_joint,-0.002824515,0.13275807,-0.011302912,0.48506874,0.519498,0.49058446,0.50414
1783532869.5826,78,spine_4_joint,-0.0039440906,0.18573962,-0.0138423545,0.50518876,0.49972528,0.507185,0.48767033
1783532869.5826,78,spine_5_joint,-0.0049286736,0.25617892,-0.01230051,0.5448319,0.4564116,0.54017454,0.4506199
1783532869.5826,78,spine_6_joint,-0.0049385154,0.34843528,0.0048765084,0.5611064,0.4358766,0.5550189,0.4325801
1783532869.5826,78,spine_7_joint,-0.0045067105,0.45205936,0.03189798,0.5618355,0.4378725,0.55114555,0.43456572
1783532869.5826,78,left_shoulder_1_joint,0.08580105,0.5617675,0.052250918,-0.59037596,0.06884406,-0.06988285,0.80114514
1783532869.5826,78,left_arm_joint,0.22805916,0.5337351,0.048219424,-0.3538083,0.44548294,-0.42213434,0.70580995
1783532869.5826,78,left_forearm_joint,0.29367676,0.29138842,-0.03959421,-0.45380646,0.32249066,-0.5802225,0.59447604
1783532869.5826,78,left_hand_joint,0.32548037,0.028093338,-0.0012231445,0.7201909,-0.6067396,0.2693055,-0.20166086
1783532869.5826,78,left_handIndexStart_joint,0.31779242,0.0044416953,0.015329776,0.70093787,-0.61894304,0.31512704,-0.16214506
1783532869.5826,78,left_handIndex_1_joint,0.32062012,-0.0734494,0.03468879,0.70093787,-0.61894304,0.31512704,-0.16214506
1783532869.5826,78,left_handIndex_2_joint,0.3222641,-0.11873492,0.045944028,0.70093787,-0.61894304,0.31512704,-0.16214506
1783532869.5826,78,left_handIndex_3_joint,0.32318473,-0.14409481,0.05224696,0.70093787,-0.61894304,0.31512704,-0.16214506
1783532869.5826,78,left_handIndexEnd_joint,0.32384232,-0.16220903,0.056749057,0.70093787,-0.61894304,0.31512704,-0.16214506
1783532869.5826,78,left_handMidStart_joint,0.32600626,0.002180028,0.005801204,0.72081846,-0.60635644,0.26716846,-0.20340653
1783532869.5826,78,left_handMid_1_joint,0.33527294,-0.07252992,0.016328223,0.72081846,-0.60635644,0.26716846,-0.20340653
1783532869.5826,78,left_handMid_2_joint,0.34178466,-0.1250288,0.023725586,0.72081846,-0.60635644,0.26716846,-0.20340653
1783532869.5826,78,left_handMid_3_joint,0.34554142,-0.15531662,0.027993295,0.72081846,-0.60635644,0.26716846,-0.20340653
1783532869.5826,78,left_handMidEnd_joint,0.34804592,-0.1755085,0.030838434,0.72081846,-0.60635644,0.26716846,-0.20340653
1783532869.5826,78,left_handPinkyStart_joint,0.3410415,0.0014540529,-0.017488642,0.7240392,-0.6074115,0.18097094,-0.2721553
1783532869.5826,78,left_handPinky_1_joint,0.353526,-0.060655605,-0.021842318,0.7240392,-0.6074115,0.18097094,-0.2721553
1783532869.5826,78,left_handPinky_2_joint,0.361237,-0.09901745,-0.024531351,0.7240392,-0.6074115,0.18097094,-0.2721553
1783532869.5826,78,left_handPinky_3_joint,0.36527607,-0.11911175,-0.025939893,0.7240392,-0.6074115,0.18097094,-0.2721553
1783532869.5826,78,left_handPinkyEnd_joint,0.36894798,-0.13737929,-0.027220385,0.7240392,-0.6074115,0.18097094,-0.2721553
1783532869.5826,78,left_handRingStart_joint,0.33296904,0.0013295197,-0.005010729,0.7233193,-0.6075961,0.22494379,-0.23882416
1783532869.5826,78,left_handRing_1_joint,0.34417704,-0.06757311,-0.0025522953,0.7233193,-0.6075961,0.22494379,-0.23882416
1783532869.5826,78,left_handRing_2_joint,0.35208857,-0.11621026,-0.0008169302,0.7233193,-0.6075961,0.22494379,-0.23882416
1783532869.5826,78,left_handRing_3_joint,0.3570333,-0.14660849,0.0002676729,0.7233193,-0.6075961,0.22494379,-0.23882416
1783532869.5826,78,left_handRingEnd_joint,0.36032978,-0.16687396,0.0009907415,0.7233193,-0.6075961,0.22494379,-0.23882416
1783532869.5826,78,left_handThumbStart_joint,0.30755943,0.0039220094,0.009919739,0.35092822,-0.25131783,0.82810706,-0.35766998
1783532869.5826,78,left_handThumb_1_joint,0.2808285,-0.037359662,0.031473067,0.35092822,-0.25131783,0.82810706,-0.35766998
1783532869.5826,78,left_handThumb_2_joint,0.26172078,-0.06686568,0.04688052,0.35092822,-0.25131783,0.82810706,-0.35766998
1783532869.5826,78,left_handThumbEnd_joint,0.24898227,-0.08653638,0.057152145,0.35092822,-0.2513178,0.82810706,-0.35766998
1783532869.5826,78,neck_1_joint,-0.0033754718,0.58379716,0.057392385,0.6036135,0.37556896,0.5971736,0.37146014
1783532869.5826,78,neck_2_joint,-0.003235563,0.61070865,0.07064957,0.5922593,0.39069456,0.5911584,0.38356036
1783532869.5826,78,neck_3_joint,-0.0034043966,0.6473596,0.086670704,0.57371885,0.41479617,0.5799969,0.40298197
1783532869.5826,78,neck_4_joint,-0.0040805754,0.68509597,0.09991868,0.5564933,0.4361623,0.5680332,0.4212077
1783532869.5826,78,head_joint,-0.0052401577,0.72963375,0.11271118,0.4967355,0.50185573,0.5177887,0.48300058
1783532869.5826,78,jaw_joint,-0.004249972,0.70451623,0.116968594,0.4967355,0.50185573,0.5177887,0.48300058
1783532869.5826,78,chin_joint,-0.002414087,0.6516078,0.21544358,0.4967355,0.50185573,0.5177887,0.48300058
1783532869.5826,78,left_eye_joint,0.02558021,0.7609183,0.20033444,0.50109327,0.49750438,0.5219815,0.4784664
1783532869.5826,78,left_eyeLowerLid_joint,0.02558021,0.7609183,0.20033444,0.50109327,0.49750438,0.5219815,0.4784664
1783532869.5826,78,left_eyeUpperLid_joint,0.02558021,0.7609183,0.20033444,0.50109327,0.49750438,0.5219815,0.4784664
1783532869.5826,78,left_eyeball_joint,0.02558021,0.7609183,0.20033444,0.50109327,0.49750438,0.5219815,0.4784664
1783532869.5826,78,nose_joint,-0.0054167593,0.72636646,0.22266251,0.501096,0.49750176,0.5219839,0.47846368
1783532869.5826,78,right_eye_joint,-0.039003137,0.7583417,0.20015414,0.50109327,0.49750438,0.5219815,0.4784664
1783532869.5826,78,right_eyeLowerLid_joint,-0.039003137,0.7583417,0.20015414,0.50109327,0.49750438,0.5219815,0.4784664
1783532869.5826,78,right_eyeUpperLid_joint,-0.039003137,0.7583417,0.20015414,0.50109327,0.49750438,0.5219815,0.4784664
1783532869.5826,78,right_eyeball_joint,-0.039003137,0.7583417,0.20015414,0.50109327,0.49750438,0.5219815,0.4784664
1783532869.5826,78,right_shoulder_1_joint,-0.092908084,0.5627764,0.054893043,0.79459786,0.0892431,0.05669705,0.5978592
1783532869.5826,78,right_arm_joint,-0.23471431,0.5323714,0.057301868,0.6985343,0.4498342,0.40162408,0.38522378
1783532869.5826,78,right_forearm_joint,-0.30724722,0.28290865,0.00024182319,0.5786144,0.6030923,0.2911269,0.4655432
1783532869.5826,78,right_hand_joint,-0.33486146,0.023250427,0.060436267,0.18193114,0.3064465,0.5954543,0.7200181
1783532869.5826,78,right_handIndexStart_joint,-0.32724366,0.0012780237,0.077321246,0.140823,0.3548588,0.6069954,0.6969942
1783532869.5826,78,right_handIndex_1_joint,-0.3281481,-0.07470269,0.10331848,0.140823,0.3548588,0.6069954,0.6969942
1783532869.5826,78,right_handIndex_2_joint,-0.32867348,-0.11887777,0.11843281,0.140823,0.3548588,0.6069954,0.6969942
1783532869.5826,78,right_handIndex_3_joint,-0.32896838,-0.14361602,0.12689741,0.140823,0.3548588,0.6069954,0.6969942
1783532869.5826,78,right_handIndexEnd_joint,-0.32917896,-0.16128594,0.13294353,0.140823,0.3548588,0.6069954,0.6969942
1783532869.5826,78,right_handMidStart_joint,-0.33574826,-0.0018953991,0.06832267,0.18131335,0.30706853,0.59587663,0.71955943
1783532869.5826,78,right_handMid_1_joint,-0.34344712,-0.07554603,0.08548897,0.18131335,0.30706853,0.59587663,0.71955943
1783532869.5826,78,right_handMid_2_joint,-0.34885737,-0.12729985,0.097552024,0.18131335,0.30706853,0.59587663,0.71955943
1783532869.5826,78,right_handMid_3_joint,-0.35197848,-0.157158,0.10451137,0.18131335,0.30706853,0.59587663,0.71955943
1783532869.5826,78,right_handMidEnd_joint,-0.35405943,-0.17706306,0.10915104,0.18131338,0.30706853,0.59587663,0.71955943
1783532869.5826,78,right_handPinkyStart_joint,-0.35157627,-0.004804804,0.045739144,0.25049123,0.22156486,0.5994053,0.72723913
1783532869.5826,78,right_handPinky_1_joint,-0.36321247,-0.06721463,0.047134217,0.25049123,0.22156486,0.5994053,0.72723913
1783532869.5826,78,right_handPinky_2_joint,-0.37040004,-0.1057626,0.04799632,0.25049123,0.22156486,0.5994053,0.72723913
1783532869.5826,78,right_handPinky_3_joint,-0.37416434,-0.1259541,0.04844733,0.25049123,0.22156486,0.5994053,0.72723913
1783532869.5826,78,right_handPinkyEnd_joint,-0.3775868,-0.14430982,0.04885756,0.25049123,0.22156486,0.5994053,0.72723913
1783532869.5826,78,right_handRingStart_joint,-0.34307098,-0.0037578368,0.057881787,0.21691276,0.2652436,0.5983028,0.7243126
1783532869.5826,78,right_handRing_1_joint,-0.35308498,-0.07233675,0.06659096,0.21691276,0.2652436,0.5983028,0.7243126
1783532869.5826,78,right_handRing_2_joint,-0.3601534,-0.12074499,0.07273839,0.21691276,0.2652436,0.5983028,0.7243126
1783532869.5826,78,right_handRing_3_joint,-0.36457163,-0.15100051,0.07658093,0.21691276,0.2652436,0.5983028,0.7243126
1783532869.5826,78,right_handRingEnd_joint,-0.36751643,-0.17117141,0.07914204,0.21691276,0.2652436,0.5983028,0.7243126
1783532869.5826,78,right_handThumbStart_joint,-0.31719896,0.000429883,0.07160721,0.34080258,0.8467646,0.21187168,0.34921917
1783532869.5826,78,right_handThumb_1_joint,-0.28907412,-0.03850946,0.09560732,0.34080258,0.8467646,0.21187167,0.34921917
1783532869.5826,78,right_handThumb_2_joint,-0.2689704,-0.06634083,0.112763815,0.34080258,0.8467646,0.21187164,0.34921917
1783532869.5826,78,right_handThumbEnd_joint,-0.25556773,-0.08489523,0.1242007,0.3408026,0.8467646,0.21187162,0.34921917
1783532869.5826,78,camera,-0.11585604,0.0012835221,0.1301287,-0.07779768,-0.113721505,-0.7116958,0.6888425
1783532869.6139,79,root,-0.00090715766,0.017751338,-0.0044668615,0.0041489196,-0.004518439,-0.0052471748,0.99996746
1783532869.6139,79,hips_joint,-0.00090715766,0.017751338,-0.0044668615,0.0041489196,-0.004518439,-0.0052471748,0.99996746
1783532869.6139,79,left_upLeg_joint,0.09935331,-0.008291631,-0.0028128296,0.5656897,-0.43600664,0.56271034,-0.41623393
1783532869.6139,79,left_leg_joint,0.09367296,-0.41327578,0.112432934,-0.36229306,0.6072492,-0.38595194,0.59248084
1783532869.6139,79,left_foot_joint,0.0774748,-0.8236365,-0.08874166,0.65968156,-0.2546116,0.6692003,-0.22839554
1783532869.6139,79,left_toes_joint,0.073702455,-0.91925675,0.025508184,0.69598216,-0.12496362,0.70035917,-0.097418055
1783532869.6139,79,left_toesEnd_joint,0.07296047,-0.9380857,0.08316738,0.6959822,-0.12496342,0.7003591,-0.09741825
1783532869.6139,79,right_upLeg_joint,-0.101707354,-0.0061692023,-0.0046206173,0.4197919,0.5279373,0.47743914,0.56312436
1783532869.6139,79,right_leg_joint,-0.09609349,-0.4192459,0.07696136,0.5844994,0.33432108,0.66382456,0.32546434
1783532869.6139,79,right_foot_joint,-0.048135955,-0.7955742,-0.17839447,0.2539526,0.6236325,0.32186002,0.6655802
1783532869.6139,79,right_toes_joint,-0.05036809,-0.9066317,-0.07903789,0.13114928,0.6604613,0.18987444,0.7145198
1783532869.6139,79,right_toesEnd_joint,-0.05373332,-0.9335996,-0.024806686,0.13114977,0.6604614,0.189874,0.7145197
1783532869.6139,79,spine_1_joint,-0.0009071774,0.017751338,-0.004466862,0.4846465,0.51498276,0.49200052,0.50778556
1783532869.6139,79,spine_2_joint,-0.0017441981,0.07523691,-0.007120565,0.47721195,0.5261185,0.48548588,0.5096782
1783532869.6139,79,spine_3_joint,-0.0031826918,0.13261846,-0.01131865,0.48333716,0.521184,0.49148676,0.5031834
1783532869.6139,79,spine_4_joint,-0.0045824614,0.1855894,-0.013939254,0.50395525,0.5017827,0.5080538,0.4859269
1783532869.6139,79,spine_5_joint,-0.005982122,0.25602266,-0.012441973,0.5447381,0.45822638,0.5409959,0.44789806
1783532869.6139,79,spine_6_joint,-0.0064679044,0.34824875,0.004889922,0.5619718,0.437546,0.55526954,0.42943826
1783532869.6139,79,spine_7_joint,-0.0064036935,0.45180228,0.032183655,0.5631328,0.44005725,0.5503068,0.4317335
1783532869.6139,79,left_shoulder_1_joint,0.08363207,0.56182164,0.052056022,-0.5889469,0.07263401,-0.06622762,0.802172
1783532869.6139,79,left_arm_joint,0.22587894,0.5340001,0.046468575,-0.35798565,0.44609126,-0.41472593,0.70770866
1783532869.6139,79,left_forearm_joint,0.2945061,0.2929103,-0.042496826,-0.46097723,0.31950805,-0.5708396,0.59963083
1783532869.6139,79,left_hand_joint,0.3331243,0.030525131,-0.00414643,0.72901994,-0.59871083,0.263607,-0.20146215
1783532869.6139,79,left_handIndexStart_joint,0.32618257,0.006715345,0.012509218,0.7101215,-0.610923,0.31001163,-0.16246168
1783532869.6139,79,left_handIndex_1_joint,0.3311082,-0.0710565,0.031927403,0.7101215,-0.610923,0.31001163,-0.16246168
1783532869.6139,79,left_handIndex_2_joint,0.33397192,-0.116272695,0.043217044,0.7101215,-0.610923,0.31001163,-0.16246168
1783532869.6139,79,left_handIndex_3_joint,0.33557564,-0.14159375,0.049539242,0.7101215,-0.610923,0.31001163,-0.16246168
1783532869.6139,79,left_handIndexEnd_joint,0.33672112,-0.15968023,0.0540551,0.7101215,-0.610923,0.31001163,-0.16246168
1783532869.6139,79,left_handMidStart_joint,0.33435413,0.004642148,0.0029017138,0.7296333,-0.5983299,0.26144534,-0.20318297
1783532869.6139,79,left_handMid_1_joint,0.34555075,-0.06980417,0.013420467,0.7296333,-0.5983299,0.26144534,-0.20318297
1783532869.6139,79,left_handMid_2_joint,0.35341868,-0.1221178,0.020812025,0.7296333,-0.5983299,0.26144534,-0.20318297
1783532869.6139,79,left_handMid_3_joint,0.35795787,-0.15229875,0.025076384,0.7296333,-0.5983299,0.26144534,-0.20318297
1783532869.6139,79,left_handMidEnd_joint,0.360984,-0.17241937,0.027919292,0.7296333,-0.5983299,0.26144534,-0.20318297
1783532869.6139,79,left_handPinkyStart_joint,0.34917015,0.004252076,-0.020536195,0.7324802,-0.59974235,0.17439893,-0.2708639
1783532869.6139,79,left_handPinky_1_joint,0.36312702,-0.05753954,-0.024943795,0.7324802,-0.59974235,0.17439893,-0.2708639
1783532869.6139,79,left_handPinky_2_joint,0.37174743,-0.09570495,-0.027666137,0.7324802,-0.59974235,0.17439893,-0.2708639
1783532869.6139,79,left_handPinky_3_joint,0.37626287,-0.11569636,-0.029092126,0.7324802,-0.59974235,0.17439893,-0.2708639
1783532869.6139,79,left_handPinkyEnd_joint,0.38036785,-0.13387036,-0.030388478,0.7324802,-0.59974235,0.17439893,-0.2708639
1783532869.6139,79,left_handRingStart_joint,0.34122768,0.003947308,-0.007978204,0.7319609,-0.59974194,0.21877936,-0.23807317
1783532869.6139,79,left_handRing_1_joint,0.35414258,-0.06465708,-0.0055535887,0.7319609,-0.59974194,0.21877936,-0.23807317
1783532869.6139,79,left_handRing_2_joint,0.36325896,-0.113083705,-0.003842098,0.7319609,-0.59974194,0.21877936,-0.23807317
1783532869.6139,79,left_handRing_3_joint,0.3689567,-0.14335035,-0.0027724158,0.7319609,-0.59974194,0.21877936,-0.23807317
1783532869.6139,79,left_handRingEnd_joint,0.3727552,-0.1635281,-0.0020592948,0.7319609,-0.59974194,0.21877936,-0.23807317
1783532869.6139,79,left_handThumbStart_joint,0.31591207,0.005938053,0.0072021782,0.3583237,-0.24826431,0.82206774,-0.36629754
1783532869.6139,79,left_handThumb_1_joint,0.29041526,-0.035955384,0.029068055,0.3583237,-0.24826431,0.82206774,-0.36629754
1783532869.6139,79,left_handThumb_2_joint,0.27218962,-0.06589871,0.044698913,0.3583237,-0.24826428,0.82206774,-0.36629754
1783532869.6139,79,left_handThumbEnd_joint,0.2600392,-0.08586094,0.055119485,0.3583237,-0.24826428,0.82206774,-0.36629754
1783532869.6139,79,neck_1_joint,-0.0055887788,0.5835139,0.05782525,0.60514474,0.37759176,0.5960399,0.36872888
1783532869.6139,79,neck_2_joint,-0.005459124,0.6104104,0.07111294,0.5937493,0.39274064,0.5900943,0.38079578
1783532869.6139,79,neck_3_joint,-0.005655643,0.647042,0.08717807,0.5751379,0.4168797,0.5790456,0.40016747
1783532869.6139,79,neck_4_joint,-0.006382243,0.6847603,0.10047481,0.5578431,0.43828228,0.56718653,0.41835317
1783532869.6139,79,head_joint,-0.0076205316,0.7292786,0.113327384,0.49783024,0.5041021,0.5172971,0.48005188
1783532869.6139,79,jaw_joint,-0.006508493,0.70416,0.117548384,0.49783024,0.5041021,0.5172971,0.48005188
1783532869.6139,79,chin_joint,-0.0038114015,0.6511451,0.21594627,0.49783024,0.5041021,0.5172971,0.48005188
1783532869.6139,79,left_eye_joint,0.02367473,0.76057625,0.20077747,0.50220776,0.49974126,0.52146405,0.47552216
1783532869.6139,79,left_eyeLowerLid_joint,0.02367473,0.76057625,0.20077747,0.50220776,0.49974126,0.52146405,0.47552216
1783532869.6139,79,left_eyeUpperLid_joint,0.02367473,0.76057625,0.20077747,0.50220776,0.49974126,0.52146405,0.47552216
1783532869.6139,79,left_eyeball_joint,0.02367473,0.76057625,0.20077747,0.50220776,0.49974126,0.52146405,0.47552216
1783532869.6139,79,nose_joint,-0.007042404,0.7258838,0.22327346,0.5022103,0.4997386,0.52146655,0.47551936
1783532869.6139,79,right_eye_joint,-0.040898364,0.75776,0.20103006,0.50220776,0.49974126,0.52146405,0.47552216
1783532869.6139,79,right_eyeLowerLid_joint,-0.040898364,0.75776,0.20103006,0.50220776,0.49974126,0.52146405,0.47552216
1783532869.6139,79,right_eyeUpperLid_joint,-0.040898364,0.75776,0.20103006,0.50220776,0.49974126,0.52146405,0.47552216
1783532869.6139,79,right_eyeball_joint,-0.040898364,0.75776,0.20103006,0.50220776,0.49974126,0.52146405,0.47552216
1783532869.6139,79,right_shoulder_1_joint,-0.09505766,0.5621634,0.055905454,0.79433775,0.09293554,0.054672666,0.59783095
1783532869.6139,79,right_arm_joint,-0.23673412,0.53126585,0.0594247,0.70062506,0.4519796,0.39371747,0.38707352
1783532869.6139,79,right_forearm_joint,-0.3115831,0.28173608,0.005749273,0.5780931,0.60666054,0.2805022,0.46807095
1783532869.6139,79,right_hand_joint,-0.34013882,0.023411712,0.07102901,0.17999353,0.31569037,0.58911645,0.721723
1783532869.6139,79,right_handIndexStart_joint,-0.33245632,0.0017006445,0.08821996,0.13932951,0.36419973,0.600542,0.6980656
1783532869.6139,79,right_handIndex_1_joint,-0.3335336,-0.07378486,0.11561563,0.13932951,0.36419973,0.600542,0.6980656
1783532869.6139,79,right_handIndex_2_joint,-0.3341595,-0.11767204,0.13154301,0.13932951,0.36419973,0.600542,0.6980656
1783532869.6139,79,right_handIndex_3_joint,-0.33451068,-0.14224905,0.14046292,0.13932951,0.36419973,0.600542,0.6980656
1783532869.6139,79,right_handIndexEnd_joint,-0.33476147,-0.15980378,0.14683427,0.13932951,0.36419973,0.600542,0.6980656
1783532869.6139,79,right_handMidStart_joint,-0.3410916,-0.0015793776,0.07938557,0.17938456,0.3163154,0.5895383,0.7212564
1783532869.6139,79,right_handMid_1_joint,-0.3490564,-0.074850865,0.09799263,0.17938456,0.3163154,0.5895383,0.7212564
1783532869.6139,79,right_handMid_2_joint,-0.35465354,-0.12633823,0.11106809,0.17938456,0.3163154,0.5895383,0.7212564
1783532869.6139,79,right_handMid_3_joint,-0.35788244,-0.1560427,0.11861154,0.17938456,0.3163154,0.5895383,0.7212564
1783532869.6139,79,right_handMidEnd_joint,-0.36003527,-0.17584528,0.12364059,0.17938459,0.3163154,0.5895383,0.7212564
1783532869.6139,79,right_handPinkyStart_joint,-0.35721532,-0.0047943187,0.05705406,0.24822684,0.23066832,0.59339976,0.7301046
1783532869.6139,79,right_handPinky_1_joint,-0.36923844,-0.0670887,0.05973558,0.24822684,0.23066832,0.59339976,0.7301046
1783532869.6139,79,right_handPinky_2_joint,-0.376665,-0.105565354,0.061392274,0.24822684,0.23066832,0.59339976,0.7301046
1783532869.6139,79,right_handPinky_3_joint,-0.38055447,-0.1257195,0.06225948,0.24822685,0.23066832,0.59339976,0.7301046
1783532869.6139,79,right_handPinkyEnd_joint,-0.38409072,-0.14404128,0.06304807,0.24822684,0.23066832,0.59339976,0.7301046
1783532869.6139,79,right_handRingStart_joint,-0.3485544,-0.00358294,0.06907075,0.21481495,0.27442712,0.59211326,0.7265994
1783532869.6139,79,right_handRing_1_joint,-0.3589054,-0.071922556,0.079157956,0.21481495,0.27442712,0.59211326,0.7265994
1783532869.6139,79,right_handRing_2_joint,-0.36621174,-0.12016188,0.0862781,0.21481495,0.27442712,0.59211326,0.7265994
1783532869.6139,79,right_handRing_3_joint,-0.37077865,-0.15031183,0.0907286,0.21481495,0.27442712,0.59211326,0.7265994
1783532869.6139,79,right_handRingEnd_joint,-0.3738226,-0.17041236,0.09369503,0.21481495,0.27442712,0.59211326,0.7265994
1783532869.6139,79,right_handThumbStart_joint,-0.32248855,0.0006808376,0.082400285,0.3416803,0.84966356,0.20086476,0.34782204
1783532869.6139,79,right_handThumb_1_joint,-0.2943235,-0.03800179,0.1067656,0.3416803,0.84966356,0.20086472,0.34782204
1783532869.6139,79,right_handThumb_2_joint,-0.274191,-0.06564963,0.12418311,0.34168026,0.84966356,0.20086472,0.34782204
1783532869.6139,79,right_handThumbEnd_joint,-0.26076916,-0.0840817,0.13579401,0.34168026,0.84966356,0.20086472,0.34782204
1783532869.6139,79,camera,-0.115585536,0.0012468058,0.13045423,-0.07797136,-0.113468155,-0.7117212,0.6888384
1783532869.6451,80,root,-0.0009747524,0.018010745,-0.0036780387,0.0032476587,-0.005871545,-0.0055959453,0.99996185
1783532869.6451,80,hips_joint,-0.0009747524,0.018010745,-0.0036780387,0.0032476587,-0.005871545,-0.0055959453,0.99996185
1783532869.6451,80,left_upLeg_joint,0.09926214,-0.0081008095,-0.001706664,0.5664444,-0.43289578,0.5681241,-0.41106865
1783532869.6451,80,left_leg_joint,0.09070219,-0.41130438,0.11945324,-0.35877025,0.6083101,-0.38867247,0.59175736
1783532869.6451,80,left_foot_joint,0.07139711,-0.8212736,-0.08224457,0.65756255,-0.2576192,0.67089576,-0.22614826
1783532869.6451,80,left_toes_joint,0.06648835,-0.91698855,0.031882733,0.6944716,-0.12831838,0.701598,-0.09489018
1783532869.6451,80,left_toesEnd_joint,0.06543257,-0.93587685,0.08951767,0.69447166,-0.12831818,0.7015979,-0.094890386
1783532869.6451,80,right_upLeg_joint,-0.10179135,-0.0058380077,-0.00406004,0.42394227,0.5215116,0.48169693,0.56237614
1783532869.6451,80,right_leg_joint,-0.09841748,-0.42018157,0.07095688,0.58585155,0.3259416,0.6681926,0.32258126
1783532869.6451,80,right_foot_joint,-0.050198715,-0.7919716,-0.19091421,0.26018447,0.6178698,0.32707644,0.6660044
1783532869.6451,80,right_toes_joint,-0.053554296,-0.90481687,-0.09362514,0.13836044,0.65598434,0.19491592,0.715925
1783532869.6451,80,right_toesEnd_joint,-0.0573992,-0.9327577,-0.039920934,0.1383609,0.65598434,0.19491544,0.7159249
1783532869.6451,80,spine_1_joint,-0.0009747722,0.018010745,-0.003678039,0.48265463,0.5159458,0.49189276,0.50880843
1783532869.6451,80,spine_2_joint,-0.0019138696,0.07548337,-0.006567566,0.47479087,0.52790034,0.48545122,0.5101297
1783532869.6451,80,spine_3_joint,-0.0035646656,0.13283886,-0.011034808,0.48091838,0.5234705,0.49172887,0.5028909
1783532869.6451,80,spine_4_joint,-0.005243151,0.1857904,-0.013875025,0.5022825,0.5038902,0.5090614,0.4844213
1783532869.6451,80,spine_5_joint,-0.0070861457,0.25621524,-0.012463588,0.54415035,0.4598284,0.5424673,0.44518328
1783532869.6451,80,spine_6_joint,-0.008145592,0.34840065,0.005058297,0.56223184,0.438775,0.5565513,0.42617282
1783532869.6451,80,spine_7_joint,-0.008614227,0.4518527,0.032730423,0.56349313,0.44187623,0.55072266,0.42886645
1783532869.6451,80,left_shoulder_1_joint,0.08092285,0.56230545,0.052451532,-0.58882576,0.07262633,-0.06337709,0.80249214
1783532869.6451,80,left_arm_joint,0.22327724,0.5351452,0.04636988,-0.3640029,0.44085875,-0.40788147,0.7118841
1783532869.6451,80,left_forearm_joint,0.29736853,0.29531163,-0.04160267,-0.46766034,0.3111329,-0.56269675,0.60651743
1783532869.6451,80,left_hand_joint,0.3437643,0.034421213,-0.0017054582,0.73850167,-0.5871216,0.26214415,-0.20294021
1783532869.6451,80,left_handIndexStart_joint,0.3375409,0.010517211,0.015098489,0.71968484,-0.599459,0.3091644,-0.16468418
1783532869.6451,80,left_handIndex_1_joint,0.3447795,-0.066956125,0.0349801,0.71968484,-0.599459,0.3091644,-0.16468418
1783532869.6451,80,left_handIndex_2_joint,0.348988,-0.11199877,0.046539176,0.71968484,-0.599459,0.3091644,-0.16468418
1783532869.6451,80,left_handIndex_3_joint,0.35134473,-0.13722265,0.05301226,0.71968484,-0.599459,0.3091644,-0.16468418
1783532869.6451,80,left_handIndexEnd_joint,0.35302815,-0.1552397,0.057635892,0.71968484,-0.599459,0.3091644,-0.16468418
1783532869.6451,80,left_handMidStart_joint,0.34576443,0.008628988,0.00549723,0.7391137,-0.58673877,0.2599559,-0.20462711
1783532869.6451,80,left_handMid_1_joint,0.3591675,-0.0653883,0.016454678,0.7391137,-0.58673877,0.2599559,-0.20462711
1783532869.6451,80,left_handMid_2_joint,0.36858585,-0.11740045,0.024154505,0.7391137,-0.58673877,0.2599559,-0.20462711
1783532869.6451,80,left_handMid_3_joint,0.3740195,-0.14740746,0.028596712,0.7391137,-0.58673877,0.2599559,-0.20462711
1783532869.6451,80,left_handMidEnd_joint,0.37764195,-0.16741215,0.031558182,0.7391137,-0.58673877,0.2599559,-0.20462711
1783532869.6451,80,left_handPinkyStart_joint,0.36057138,0.008536453,-0.017949505,0.74215496,-0.5883945,0.17192028,-0.27100208
1783532869.6451,80,left_handPinky_1_joint,0.37634963,-0.052840237,-0.021996392,0.74215496,-0.5883945,0.17192028,-0.27100208
1783532869.6451,80,left_handPinky_2_joint,0.386095,-0.09074937,-0.024495943,0.74215496,-0.5883945,0.17192028,-0.27100208
1783532869.6451,80,left_handPinky_3_joint,0.3911997,-0.11060652,-0.02580523,0.74215496,-0.5883945,0.17192028,-0.27100208
1783532869.6451,80,left_handPinkyEnd_joint,0.39584038,-0.12865849,-0.026995491,0.74215496,-0.5883945,0.17192028,-0.27100208
1783532869.6451,80,left_handRingStart_joint,0.352649,0.008072381,-0.0053836913,0.74155223,-0.5882567,0.21678153,-0.23887396
1783532869.6451,80,left_handRing_1_joint,0.36759162,-0.06010359,-0.0025567096,0.74155223,-0.5882567,0.21678153,-0.23887396
1783532869.6451,80,left_handRing_2_joint,0.37813935,-0.10822781,-0.000561195,0.74155223,-0.5882567,0.21678153,-0.23887396
1783532869.6451,80,left_handRing_3_joint,0.38473168,-0.13830546,0.0006860022,0.74155223,-0.5882567,0.21678153,-0.23887396
1783532869.6451,80,left_handRingEnd_joint,0.38912654,-0.1583572,0.0015174672,0.74155223,-0.5882567,0.21678153,-0.23887396
1783532869.6451,80,left_handThumbStart_joint,0.32729468,0.009404091,0.009804245,0.36334753,-0.24058008,0.81717277,-0.37726548
1783532869.6451,80,left_handThumb_1_joint,0.30306304,-0.033093374,0.03194155,0.36334753,-0.24058008,0.81717277,-0.37726548
1783532869.6451,80,left_handThumb_2_joint,0.2857417,-0.06346847,0.04776642,0.36334753,-0.24058007,0.81717277,-0.37726548
1783532869.6451,80,left_handThumbEnd_joint,0.27419412,-0.083718546,0.05831633,0.36334753,-0.24058004,0.81717277,-0.37726548
1783532869.6451,80,neck_1_joint,-0.008386557,0.583518,0.058620717,0.60574406,0.3793007,0.5961517,0.36579934
1783532869.6451,80,neck_2_joint,-0.00834249,0.6103879,0.07196277,0.5943096,0.39445034,0.59027594,0.3778625
1783532869.6451,80,neck_3_joint,-0.008663812,0.6469854,0.088103466,0.5756332,0.41859153,0.5793397,0.39723277
1783532869.6451,80,neck_4_joint,-0.009532079,0.68467236,0.10148018,0.5582774,0.43999803,0.5675846,0.41542342
1783532869.6451,80,head_joint,-0.010949097,0.7291576,0.1144287,0.49805588,0.50583756,0.5180442,0.47717902
1783532869.6451,80,jaw_joint,-0.009689672,0.70403653,0.118593775,0.49805588,0.50583756,0.5180442,0.47717902
1783532869.6451,80,chin_joint,-0.0063184523,0.6508372,0.21687135,0.49805588,0.50583756,0.5180442,0.47717902
1783532869.6451,80,left_eye_joint,0.020537974,0.7604403,0.2018153,0.50244844,0.50147456,0.52218616,0.47264284
1783532869.6451,80,left_eyeLowerLid_joint,0.020537974,0.7604403,0.2018153,0.50244844,0.50147456,0.52218616,0.47264284
1783532869.6451,80,left_eyeUpperLid_joint,0.020537974,0.7604403,0.2018153,0.50244844,0.50147456,0.52218616,0.47264284
1783532869.6451,80,left_eyeball_joint,0.020537974,0.7604403,0.2018153,0.50244844,0.50147456,0.52218616,0.47264284
1783532869.6451,80,nose_joint,-0.009907312,0.72554314,0.22436443,0.5024511,0.501472,0.5221886,0.47264007
1783532869.6451,80,right_eye_joint,-0.044018134,0.75728804,0.2023235,0.50244844,0.50147456,0.52218616,0.47264284
1783532869.6451,80,right_eyeLowerLid_joint,-0.044018134,0.75728804,0.2023235,0.50244844,0.50147456,0.52218616,0.47264284
1783532869.6451,80,right_eyeUpperLid_joint,-0.044018134,0.75728804,0.2023235,0.50244844,0.50147456,0.52218616,0.47264284
1783532869.6451,80,right_eyeball_joint,-0.044018134,0.75728804,0.2023235,0.50244844,0.50147456,0.52218616,0.47264284
1783532869.6451,80,right_shoulder_1_joint,-0.097749315,0.56170183,0.05701953,0.7939207,0.09726671,0.05339293,0.597812
1783532869.6451,80,right_arm_joint,-0.23922692,0.5300402,0.061590757,0.70229304,0.45463502,0.38626638,0.3884464
1783532869.6451,80,right_forearm_joint,-0.31588697,0.28036955,0.011228485,0.5774076,0.6105027,0.2716405,0.4691475
1783532869.6451,80,right_hand_joint,-0.3445586,0.023145428,0.08066968,0.17879823,0.3240921,0.5843516,0.72217005
1783532869.6451,80,right_handIndexStart_joint,-0.3367441,0.0016622591,0.09808599,0.1384685,0.3726136,0.59570765,0.697939
1783532869.6451,80,right_handIndex_1_joint,-0.33775458,-0.07340585,0.12660806,0.1384685,0.3726136,0.59570765,0.697939
1783532869.6451,80,right_handIndex_2_joint,-0.3383416,-0.11705036,0.14319031,0.1384685,0.3726136,0.59570765,0.697939
1783532869.6451,80,right_handIndex_3_joint,-0.33867103,-0.14149147,0.15247697,0.1384685,0.3726136,0.59570765,0.697939
1783532869.6451,80,right_handIndexEnd_joint,-0.33890623,-0.15894912,0.15911026,0.1384685,0.3726136,0.59570765,0.697939
1783532869.6451,80,right_handMidStart_joint,-0.34549794,-0.001715796,0.08940652,0.17819643,0.32471848,0.5847733,0.7216959
1783532869.6451,80,right_handMid_1_joint,-0.3534945,-0.074674375,0.109192275,0.17819643,0.32471848,0.5847733,0.7216959
1783532869.6451,80,right_handMid_2_joint,-0.35911396,-0.12594186,0.12309601,0.17819643,0.32471848,0.5847733,0.7216959
1783532869.6451,80,right_handMid_3_joint,-0.36235577,-0.15551947,0.1311173,0.17819643,0.32471848,0.5847733,0.7216959
1783532869.6451,80,right_handMidEnd_joint,-0.3645172,-0.17523748,0.13646492,0.17819647,0.3247185,0.5847733,0.7216959
1783532869.6451,80,right_handPinkyStart_joint,-0.36190364,-0.005200324,0.06732222,0.24683824,0.23903298,0.58883375,0.7315803
1783532869.6451,80,right_handPinky_1_joint,-0.37411335,-0.06740323,0.07107194,0.24683824,0.23903298,0.58883375,0.7315803
1783532869.6451,80,right_handPinky_2_joint,-0.38165516,-0.10582336,0.07338841,0.24683824,0.23903298,0.58883375,0.7315803
1783532869.6451,80,right_handPinky_3_joint,-0.385605,-0.12594794,0.07460122,0.24683826,0.23903298,0.58883375,0.7315803
1783532869.6451,80,right_handPinkyEnd_joint,-0.38919613,-0.1442428,0.07570398,0.24683824,0.23903298,0.58883375,0.7315803
1783532869.6451,80,right_handRingStart_joint,-0.3530928,-0.0038437627,0.07921375,0.21352531,0.2828194,0.587433,0.7275599
1783532869.6451,80,right_handRing_1_joint,-0.3635617,-0.07198802,0.090437084,0.21352531,0.2828194,0.587433,0.7275599
1783532869.6451,80,right_handRing_2_joint,-0.37095127,-0.12008945,0.09835919,0.21352531,0.2828194,0.587433,0.7275599
1783532869.6451,80,right_handRing_3_joint,-0.37557018,-0.1501532,0.103310935,0.21352531,0.2828194,0.587433,0.7275599
1783532869.6451,80,right_handRingEnd_joint,-0.3786488,-0.17019628,0.10661152,0.21352531,0.2828194,0.587433,0.7275599
1783532869.6451,80,right_handThumbStart_joint,-0.3268516,0.0005195761,0.092161626,0.34185204,0.8526032,0.19186373,0.3455345
1783532869.6451,80,right_handThumb_1_joint,-0.29852882,-0.037903316,0.11675409,0.34185204,0.8526032,0.19186373,0.3455345
1783532869.6451,80,right_handThumb_2_joint,-0.27828354,-0.065365486,0.13433391,0.34185204,0.8526032,0.19186372,0.3455345
1783532869.6451,80,right_handThumbEnd_joint,-0.2647865,-0.08367378,0.14605303,0.341852,0.8526032,0.1918637,0.3455345
1783532869.6451,80,camera,-0.11550206,0.0013639993,0.13076065,-0.07810637,-0.113312304,-0.71171725,0.6888529
1783532869.6792,81,root,-0.0010538253,0.018611133,-0.0026715414,0.0005491411,-0.006532358,-0.0060418113,0.9999603
1783532869.6792,81,hips_joint,-0.0010538253,0.018611133,-0.0026715414,0.0005491411,-0.006532358,-0.0060418113,0.9999603
1783532869.6792,81,left_upLeg_joint,0.09915608,-0.007582028,-0.00042983203,0.5672857,-0.4288787,0.57457674,-0.40510705
1783532869.6792,81,left_leg_joint,0.08730176,-0.4085222,0.12775958,-0.3492114,0.61196655,-0.38617292,0.5953312
1783532869.6792,81,left_foot_joint,0.065687224,-0.81425047,-0.08211391,0.6522925,-0.2663924,0.67113197,-0.23050305
1783532869.6792,81,left_toes_joint,0.059313707,-0.91215354,0.03006833,0.69096,-0.1379314,0.7026553,-0.09912129
1783532869.6792,81,left_toesEnd_joint,0.057767283,-0.9321658,0.08731151,0.69096017,-0.13793121,0.70265526,-0.099121496
1783532869.6792,81,right_upLeg_joint,-0.101892024,-0.005146148,-0.003054947,0.42586383,0.51762944,0.48222008,0.56405985
1783532869.6792,81,right_leg_joint,-0.10149071,-0.41987297,0.06989013,0.5895681,0.31396848,0.6741286,0.3152524
1783532869.6792,81,right_foot_joint,-0.0529918,-0.78354734,-0.2030902,0.2704938,0.6107364,0.33626893,0.66389567
1783532869.6792,81,right_toes_joint,-0.057142105,-0.8993295,-0.10934726,0.14983493,0.65093434,0.20434149,0.7155968
1783532869.6792,81,right_toesEnd_joint,-0.061331157,-0.92890227,-0.05655027,0.14983544,0.6509345,0.20434102,0.7155966
1783532869.6792,81,spine_1_joint,-0.0010538449,0.018611133,-0.0026715419,0.4806858,0.5175756,0.49064568,0.5102193
1783532869.6792,81,spine_2_joint,-0.0020457807,0.07606364,-0.005921056,0.4725609,0.5301132,0.48447344,0.5108347
1783532869.6792,81,spine_3_joint,-0.0038568988,0.1333859,-0.010739046,0.47906315,0.5257076,0.49162054,0.50243384
1783532869.6792,81,spine_4_joint,-0.005773121,0.18631849,-0.013775449,0.50146174,0.50551075,0.5100669,0.48252162
1783532869.6792,81,spine_5_joint,-0.007991454,0.25673175,-0.0123271365,0.54463327,0.46045443,0.5441341,0.4418992
1783532869.6792,81,spine_6_joint,-0.009497181,0.34882414,0.0056452593,0.56358284,0.43883997,0.5580776,0.4223077
1783532869.6792,81,spine_7_joint,-0.010339304,0.4520837,0.034018677,0.56512207,0.4422481,0.55137,0.42549396
1783532869.6792,81,left_shoulder_1_joint,0.07892506,0.56272066,0.053942256,-0.5871993,0.07264221,-0.060729086,0.8038858
1783532869.6792,81,left_arm_joint,0.22137411,0.5361839,0.047346562,-0.3680256,0.43726686,-0.40021956,0.71636546
1783532869.6792,81,left_forearm_joint,0.300437,0.2980575,-0.040935315,-0.47192922,0.30581063,-0.5527741,0.61498284
1783532869.6792,81,left_hand_joint,0.35452452,0.038518906,-0.0019177961,0.74700564,-0.57689947,0.2574226,-0.2071317
1783532869.6792,81,left_handIndexStart_joint,0.34904197,0.014394939,0.014829732,0.7284824,-0.58953375,0.30500042,-0.16952418
1783532869.6792,81,left_handIndex_1_joint,0.35858685,-0.06289109,0.034465216,0.7284824,-0.58953375,0.30500042,-0.16952418
1783532869.6792,81,left_handIndex_2_joint,0.3641362,-0.10782482,0.045881193,0.7284824,-0.58953375,0.30500042,-0.16952418
1783532869.6792,81,left_handIndex_3_joint,0.36724383,-0.13298772,0.052274145,0.7284824,-0.58953375,0.30500042,-0.16952418
1783532869.6792,81,left_handIndexEnd_joint,0.36946356,-0.15096122,0.05684054,0.7284824,-0.58953375,0.30500042,-0.16952418
1783532869.6792,81,left_handMidStart_joint,0.35729402,0.012775383,0.0052038967,0.74760693,-0.57650656,0.25520986,-0.20878784
1783532869.6792,81,left_handMid_1_joint,0.37287834,-0.060850333,0.015911216,0.74760693,-0.57650656,0.25520986,-0.20878784
1783532869.6792,81,left_handMid_2_joint,0.38382944,-0.11258732,0.023435278,0.74760693,-0.57650656,0.25520986,-0.20878784
1783532869.6792,81,left_handMid_3_joint,0.3901474,-0.14243558,0.027776083,0.74760693,-0.57650656,0.25520986,-0.20878784
1783532869.6792,81,left_handMidEnd_joint,0.39435935,-0.16233441,0.030669954,0.74760693,-0.57650656,0.25520986,-0.20878784
1783532869.6792,81,left_handPinkyStart_joint,0.37204096,0.013182969,-0.018277254,0.75047106,-0.5780673,0.1662088,-0.2738729
1783532869.6792,81,left_handPinky_1_joint,0.38959438,-0.047694877,-0.022542264,0.75047106,-0.5780673,0.1662088,-0.2738729
1783532869.6792,81,left_handPinky_2_joint,0.4004362,-0.0852959,-0.025176536,0.75047106,-0.5780673,0.1662088,-0.2738729
1783532869.6792,81,left_handPinky_3_joint,0.40611526,-0.10499168,-0.026556393,0.75047106,-0.5780673,0.1662088,-0.2738729
1783532869.6792,81,left_handPinkyEnd_joint,0.41127804,-0.12289693,-0.027810808,0.75047106,-0.5780673,0.1662088,-0.2738729
1783532869.6792,81,left_handRingStart_joint,0.36416572,0.01245147,-0.005694547,0.7499664,-0.57796603,0.21153504,-0.24240243
1783532869.6792,81,left_handRing_1_joint,0.38109887,-0.05526701,-0.0031039203,0.7499664,-0.57796603,0.21153504,-0.24240243
1783532869.6792,81,left_handRing_2_joint,0.39305168,-0.10306829,-0.0012752416,0.7499664,-0.57796603,0.21153504,-0.24240243
1783532869.6792,81,left_handRing_3_joint,0.40052217,-0.13294409,-0.00013231754,0.7499664,-0.57796603,0.21153504,-0.24240243
1783532869.6792,81,left_handRingEnd_joint,0.40550253,-0.15286128,0.0006296313,0.7499664,-0.57796603,0.21153504,-0.24240243
1783532869.6792,81,left_handThumbStart_joint,0.33881995,0.012998433,0.009555984,0.36723346,-0.23688975,0.8107957,-0.38940147
1783532869.6792,81,left_handThumb_1_joint,0.3158925,-0.030252198,0.031623576,0.36723346,-0.23688975,0.8107957,-0.38940147
1783532869.6792,81,left_handThumb_2_joint,0.29950333,-0.06116568,0.047398623,0.36723343,-0.23688973,0.8107957,-0.38940147
1783532869.6792,81,left_handThumbEnd_joint,0.2885772,-0.081774674,0.057915315,0.36723343,-0.23688969,0.8107958,-0.38940144
1783532869.6792,81,neck_1_joint,-0.010424696,0.5836085,0.060614042,0.6074378,0.37944445,0.5964385,0.36235714
1783532869.6792,81,neck_2_joint,-0.010407711,0.61040527,0.074102335,0.5959991,0.39461824,0.59064865,0.37442762
1783532869.6792,81,neck_3_joint,-0.010774852,0.64691305,0.090443954,0.57731295,0.41880152,0.5798504,0.39381316
1783532869.6792,81,neck_4_joint,-0.011704551,0.6845236,0.10402998,0.55994684,0.44025207,0.56822103,0.41202292
1783532869.6792,81,head_joint,-0.013206559,0.72893286,0.11722739,0.4996801,0.5062654,0.51909155,0.47387722
1783532869.6792,81,jaw_joint,-0.011848677,0.7037937,0.12124964,0.4996801,0.5062654,0.51909155,0.47387722
1783532869.6792,81,chin_joint,-0.007875613,0.65007085,0.21921942,0.4996801,0.5062654,0.51909155,0.47387722
1783532869.6792,81,left_eye_joint,0.01856445,0.75984,0.20464481,0.5040763,0.5018883,0.5232047,0.46933198
1783532869.6792,81,left_eyeLowerLid_joint,0.01856445,0.75984,0.20464481,0.5040763,0.5018883,0.5232047,0.46933198
1783532869.6792,81,left_eyeUpperLid_joint,0.01856445,0.75984,0.20464481,0.5040763,0.5018883,0.5232047,0.46933198
1783532869.6792,81,left_eyeball_joint,0.01856445,0.75984,0.20464481,0.5040763,0.5018883,0.5232047,0.46933198
1783532869.6792,81,nose_joint,-0.011669863,0.72472286,0.22713608,0.50407887,0.5018855,0.5232072,0.46932918
1783532869.6792,81,right_eye_joint,-0.045978393,0.7564776,0.20541847,0.5040763,0.5018883,0.5232047,0.46933198
1783532869.6792,81,right_eyeLowerLid_joint,-0.045978393,0.7564776,0.20541847,0.5040763,0.5018883,0.5232047,0.46933198
1783532869.6792,81,right_eyeUpperLid_joint,-0.045978393,0.7564776,0.20541847,0.5040763,0.5018883,0.5232047,0.46933198
1783532869.6792,81,right_eyeball_joint,-0.045978393,0.7564776,0.20541847,0.5040763,0.5018883,0.5232047,0.46933198
1783532869.6792,81,right_shoulder_1_joint,-0.09972245,0.5615099,0.059284933,0.79454625,0.10020954,0.050943192,0.596707
1783532869.6792,81,right_arm_joint,-0.2411056,0.52959347,0.06488935,0.704707,0.45602193,0.37972194,0.38890022
1783532869.6792,81,right_forearm_joint,-0.3197604,0.28007963,0.016881185,0.57922477,0.612112,0.26447994,0.46890107
1783532869.6792,81,right_hand_joint,-0.34943506,0.023596724,0.08860443,0.18039778,0.3296865,0.5796013,0.7230671
1783532869.6792,81,right_handIndexStart_joint,-0.34157637,0.0021922803,0.10609758,0.14039294,0.3782559,0.59107924,0.69845384
1783532869.6792,81,right_handIndex_1_joint,-0.3427886,-0.072648264,0.13520367,0.14039294,0.3782559,0.59107924,0.69845384
1783532869.6792,81,right_handIndex_2_joint,-0.34349293,-0.11616048,0.15212548,0.14039294,0.3782559,0.59107924,0.69845384
1783532869.6792,81,right_handIndex_3_joint,-0.34388804,-0.14052749,0.16160229,0.14039294,0.3782559,0.59107924,0.69845384
1783532869.6792,81,right_handIndexEnd_joint,-0.34417018,-0.15793222,0.16837141,0.14039294,0.3782559,0.59107924,0.69845384
1783532869.6792,81,right_handMidStart_joint,-0.35044903,-0.0011902928,0.09754144,0.17980236,0.33031395,0.5800256,0.7225886
1783532869.6792,81,right_handMid_1_joint,-0.3587291,-0.07393891,0.11797296,0.17980236,0.33031395,0.5800256,0.7225886
1783532869.6792,81,right_handMid_2_joint,-0.36454776,-0.12505886,0.13233049,0.17980236,0.33031395,0.5800256,0.7225886
1783532869.6792,81,right_handMid_3_joint,-0.3679045,-0.15455136,0.14061359,0.17980236,0.33031395,0.5800256,0.7225886
1783532869.6792,81,right_handMidEnd_joint,-0.37014255,-0.1742126,0.14613573,0.17980237,0.33031392,0.5800256,0.7225886
1783532869.6792,81,right_handPinkyStart_joint,-0.36712238,-0.0047275973,0.07566696,0.24812932,0.24446267,0.5839985,0.73322284
1783532869.6792,81,right_handPinky_1_joint,-0.3797189,-0.06681338,0.08002796,0.24812932,0.24446267,0.5839985,0.73322284
1783532869.6792,81,right_handPinky_2_joint,-0.3874996,-0.10516117,0.082722016,0.24812932,0.24446267,0.5839985,0.73322284
1783532869.6792,81,right_handPinky_3_joint,-0.3915746,-0.12524785,0.08413258,0.24812935,0.24446267,0.5839985,0.73322284
1783532869.6792,81,right_handPinkyEnd_joint,-0.3952795,-0.14350826,0.08541514,0.24812932,0.24446267,0.5839985,0.73322284
1783532869.6792,81,right_handRingStart_joint,-0.358171,-0.0033424282,0.08744974,0.21497704,0.28833592,0.582629,0.7288284
1783532869.6792,81,right_handRing_1_joint,-0.36898497,-0.071324684,0.09931002,0.21497704,0.28833592,0.582629,0.7288284
1783532869.6792,81,right_handRing_2_joint,-0.37661812,-0.11931177,0.10768172,0.21497704,0.28833592,0.582629,0.7288284
1783532869.6792,81,right_handRing_3_joint,-0.38138926,-0.14930405,0.112914465,0.21497704,0.28833592,0.582629,0.7288284
1783532869.6792,81,right_handRingEnd_joint,-0.38456938,-0.16929948,0.11640237,0.21497704,0.28833592,0.582629,0.7288284
1783532869.6792,81,right_handThumbStart_joint,-0.33175835,0.00093556877,0.10007331,0.34454688,0.8540352,0.18551491,0.3427767
1783532869.6792,81,right_handThumb_1_joint,-0.30343044,-0.037496533,0.12464539,0.34454688,0.8540352,0.18551488,0.3427767
1783532869.6792,81,right_handThumb_2_joint,-0.2831815,-0.06496528,0.14221063,0.34454688,0.8540352,0.18551488,0.3427767
1783532869.6792,81,right_handThumbEnd_joint,-0.26968202,-0.08327797,0.15392002,0.34454688,0.8540352,0.18551488,0.3427767
1783532869.6792,81,camera,-0.11542848,0.0015153035,0.13099204,-0.0781085,-0.11355796,-0.7116575,0.6888738
1783532869.7132,82,root,-0.00091254903,0.018921817,-0.0022355444,-0.0021701842,-0.0072957356,-0.0054874783,0.99995595
1783532869.7132,82,hips_joint,-0.00091254903,0.018921817,-0.0022355444,-0.0021701842,-0.0072957356,-0.0054874783,0.99995595
1783532869.7132,82,left_upLeg_joint,0.09932181,-0.0071508586,0.00029850064,0.5685666,-0.42393845,0.5795428,-0.40142027
1783532869.7132,82,left_leg_joint,0.08618876,-0.40608296,0.13448755,-0.33755228,0.6161743,-0.37842312,0.60264724
1783532869.7132,82,left_foot_joint,0.06526717,-0.804897,-0.088310614,0.64570934,-0.27689484,0.669543,-0.2410414
1783532869.7132,82,left_toes_joint,0.0578279,-0.9062926,0.020657595,0.6864867,-0.1494912,0.7030926,-0.10976976
1783532869.7132,82,left_toesEnd_joint,0.055803828,-0.92810637,0.07722373,0.6864868,-0.149491,0.7030925,-0.10976996
1783532869.7132,82,right_upLeg_joint,-0.101724625,-0.0049457178,-0.0026397388,0.42645696,0.51541686,0.4816401,0.5661297
1783532869.7132,82,right_leg_joint,-0.103719175,-0.41970047,0.07012015,0.59322304,0.30369684,0.67862785,0.30873764
1783532869.7132,82,right_foot_joint,-0.055456314,-0.77610505,-0.21232611,0.2797054,0.6049045,0.3438283,0.6615418
1783532869.7132,82,right_toes_joint,-0.060187366,-0.89433247,-0.12171509,0.15998496,0.646954,0.21220997,0.71471834
1783532869.7132,82,right_toesEnd_joint,-0.06460552,-0.92529005,-0.06973696,0.15998547,0.6469541,0.21220955,0.7147182
1783532869.7132,82,spine_1_joint,-0.00091256876,0.018921817,-0.0022355446,0.47817945,0.519303,0.48996267,0.5114736
1783532869.7132,82,spine_2_joint,-0.0020335892,0.07635072,-0.0058406233,0.46978727,0.5321228,0.48416346,0.5115964
1783532869.7132,82,spine_3_joint,-0.004055884,0.13363664,-0.010994858,0.476718,0.52738965,0.49241465,0.5021233
1783532869.7132,82,spine_4_joint,-0.006243002,0.18654962,-0.014185722,0.5000526,0.5064306,0.51201403,0.48095387
1783532869.7132,82,spine_5_joint,-0.008872802,0.25694686,-0.012652161,0.5442204,0.4604589,0.54678357,0.43912324
1783532869.7132,82,spine_6_joint,-0.01092161,0.3489363,0.0057876874,0.5635811,0.43852726,0.5606611,0.41920066
1783532869.7132,82,spine_7_joint,-0.012323339,0.4520144,0.034791686,0.5648581,0.44249558,0.5530059,0.42345867
1783532869.7132,82,left_shoulder_1_joint,0.07647867,0.56295544,0.055086832,-0.5871312,0.070373535,-0.06062713,0.8041447
1783532869.7132,82,left_arm_joint,0.21902543,0.5368257,0.048996363,-0.37156203,0.43111974,-0.39718884,0.7199432
1783532869.7132,82,left_forearm_joint,0.30221364,0.29949078,-0.03760956,-0.47455484,0.29880112,-0.5479792,0.6206721
1783532869.7132,82,left_hand_joint,0.36140105,0.041214082,0.0023656106,0.7525266,-0.5684158,0.2578117,-0.21009497
1783532869.7132,82,left_handIndexStart_joint,0.35633317,0.017027352,0.019153116,0.73397183,-0.5812627,0.30574423,-0.17302936
1783532869.7132,82,left_handIndex_1_joint,0.36736044,-0.05999578,0.03904317,0.73397183,-0.5812627,0.30574423,-0.17302936
1783532869.7132,82,left_handIndex_2_joint,0.37377167,-0.104776666,0.050607152,0.73397183,-0.5812627,0.30574423,-0.17302936
1783532869.7132,82,left_handIndex_3_joint,0.37736192,-0.12985396,0.05708298,0.73397183,-0.5812627,0.30574423,-0.17302936
1783532869.7132,82,left_handIndexEnd_joint,0.37992644,-0.14776632,0.061708573,0.73397183,-0.5812627,0.30574423,-0.17302936
1783532869.7132,82,left_handMidStart_joint,0.3646617,0.015551292,0.009570185,0.7531313,-0.5680159,0.25558308,-0.21172673
1783532869.7132,82,left_handMid_1_joint,0.3816944,-0.057712477,0.020550294,0.7531313,-0.5680159,0.25558308,-0.21172673
1783532869.7132,82,left_handMid_2_joint,0.39366332,-0.10919513,0.028266048,0.7531313,-0.5680159,0.25558308,-0.21172673
1783532869.7132,82,left_handMid_3_joint,0.40056846,-0.13889666,0.032717444,0.7531313,-0.5680159,0.25558308,-0.21172673
1783532869.7132,82,left_handMidEnd_joint,0.40517187,-0.15869766,0.035685044,0.7531313,-0.5680159,0.25558308,-0.21172673
1783532869.7132,82,left_handPinkyStart_joint,0.37950745,0.01619811,-0.013843197,0.75630623,-0.5695143,0.16593161,-0.27589965
1783532869.7132,82,left_handPinky_1_joint,0.3983191,-0.044319667,-0.017860768,0.75630623,-0.5695143,0.16593161,-0.27589965
1783532869.7132,82,left_handPinky_2_joint,0.40993804,-0.0816983,-0.020342208,0.75630623,-0.5695143,0.16593161,-0.27589965
1783532869.7132,82,left_handPinky_3_joint,0.41602415,-0.101277575,-0.021642013,0.75630623,-0.5695143,0.16593161,-0.27589965
1783532869.7132,82,left_handPinkyEnd_joint,0.421557,-0.11907693,-0.02282365,0.75630623,-0.5695143,0.16593161,-0.27589965
1783532869.7132,82,left_handRingStart_joint,0.37158972,0.015339078,-0.0012952823,0.7556525,-0.5694311,0.21157517,-0.24489398
1783532869.7132,82,left_handRing_1_joint,0.3898886,-0.052012514,0.0015584347,0.7556525,-0.5694311,0.21157517,-0.24489398
1783532869.7132,82,left_handRing_2_joint,0.40280545,-0.099554814,0.003572822,0.7556525,-0.5694311,0.21157517,-0.24489398
1783532869.7132,82,left_handRing_3_joint,0.41087848,-0.12926875,0.004831815,0.7556525,-0.5694311,0.21157517,-0.24489398
1783532869.7132,82,left_handRingEnd_joint,0.41626048,-0.14907804,0.0056711435,0.7556525,-0.5694311,0.21157517,-0.24489398
1783532869.7132,82,left_handThumbStart_joint,0.34616667,0.015408616,0.013835777,0.36825702,-0.23113419,0.80795175,-0.39771518
1783532869.7132,82,left_handThumb_1_joint,0.32402298,-0.028242849,0.035914358,0.36825702,-0.23113419,0.80795175,-0.39771518
1783532869.7132,82,left_handThumb_2_joint,0.30819395,-0.05944286,0.051697247,0.36825702,-0.23113419,0.80795175,-0.39771518
1783532869.7132,82,left_handThumbEnd_joint,0.29764128,-0.08024286,0.06221917,0.36825702,-0.23113416,0.80795175,-0.39771518
1783532869.7132,82,neck_1_joint,-0.01295778,0.58345056,0.06181424,0.6071769,0.37975737,0.5977991,0.36021763
1783532869.7132,82,neck_2_joint,-0.013052546,0.6102056,0.075384706,0.59570485,0.39495617,0.59201616,0.37237328
1783532869.7132,82,neck_3_joint,-0.013570439,0.6466639,0.09183237,0.5769886,0.41913262,0.5812729,0.39183375
1783532869.7132,82,neck_4_joint,-0.014654467,0.68423164,0.10552496,0.55960536,0.44056332,0.56971025,0.4100928
1783532869.7132,82,head_joint,-0.016338436,0.7285967,0.11884815,0.4992946,0.5065203,0.5207975,0.47213563
1783532869.7132,82,jaw_joint,-0.014878637,0.703452,0.12279918,0.4992946,0.5065203,0.5207975,0.47213563
1783532869.7132,82,chin_joint,-0.010696208,0.649468,0.22061652,0.4992946,0.5065203,0.5207975,0.47213563
1783532869.7132,82,left_eye_joint,0.015298295,0.75938475,0.20635626,0.5036931,0.50214654,0.5248953,0.46757564
1783532869.7132,82,left_eyeLowerLid_joint,0.015298295,0.75938475,0.20635626,0.5036931,0.50214654,0.5248953,0.46757564
1783532869.7132,82,left_eyeUpperLid_joint,0.015298295,0.75938475,0.20635626,0.5036931,0.50214654,0.5248953,0.46757564
1783532869.7132,82,left_eyeball_joint,0.015298295,0.75938475,0.20635626,0.5036931,0.50214654,0.5248953,0.46757564
1783532869.7132,82,nose_joint,-0.0147949625,0.72408116,0.22874458,0.5036958,0.50214386,0.52489775,0.46757293
1783532869.7132,82,right_eye_joint,-0.049230374,0.75575745,0.2071135,0.5036931,0.50214654,0.5248953,0.46757564
1783532869.7132,82,right_eyeLowerLid_joint,-0.049230374,0.75575745,0.2071135,0.5036931,0.50214654,0.5248953,0.46757564
1783532869.7132,82,right_eyeUpperLid_joint,-0.049230374,0.75575745,0.2071135,0.5036931,0.50214654,0.5248953,0.46757564
1783532869.7132,82,right_eyeball_joint,-0.049230374,0.75575745,0.2071135,0.5036931,0.50214654,0.5248953,0.46757564
1783532869.7132,82,right_shoulder_1_joint,-0.10216285,0.560986,0.06040114,0.79448533,0.103536196,0.05075499,0.59623575
1783532869.7132,82,right_arm_joint,-0.24335495,0.52834415,0.066611536,0.70488304,0.45871693,0.37600374,0.3890237
1783532869.7132,82,right_forearm_joint,-0.32219306,0.2785216,0.020549793,0.57909465,0.6140825,0.26087114,0.46850607
1783532869.7132,82,right_hand_joint,-0.35158888,0.022431888,0.09377668,0.18053158,0.33343187,0.57790494,0.7226736
1783532869.7132,82,right_handIndexStart_joint,-0.343633,0.0011114526,0.11132836,0.14064497,0.38196558,0.58939624,0.69780576
1783532869.7132,82,right_handIndex_1_joint,-0.3447113,-0.07357805,0.14082496,0.14064497,0.38196558,0.58939624,0.69780576
1783532869.7132,82,right_handIndex_2_joint,-0.34533775,-0.11700246,0.1579738,0.14064497,0.38196558,0.58939624,0.69780576
1783532869.7132,82,right_handIndex_3_joint,-0.34568927,-0.14132029,0.16757774,0.14064497,0.38196558,0.58939624,0.69780576
1783532869.7132,82,right_handIndexEnd_joint,-0.3459403,-0.15868989,0.17443767,0.14064497,0.38196558,0.58939624,0.69780576
1783532869.7132,82,right_handMidStart_joint,-0.35256302,-0.0023082423,0.102846995,0.17993899,0.3340591,0.57832974,0.7221917
1783532869.7132,82,right_handMid_1_joint,-0.36076346,-0.07494498,0.12370413,0.17993899,0.3340591,0.57832974,0.7221917
1783532869.7132,82,right_handMid_2_joint,-0.3665262,-0.12598631,0.13836072,0.17993899,0.3340591,0.57832974,0.7221917
1783532869.7132,82,right_handMid_3_joint,-0.3698506,-0.15543345,0.14681636,0.17993899,0.3340591,0.57832974,0.7221917
1783532869.7132,82,right_handMidEnd_joint,-0.37206712,-0.17506446,0.15245353,0.17993899,0.33405906,0.57832974,0.7221917
1783532869.7132,82,right_handPinkyStart_joint,-0.3693795,-0.005945041,0.08109878,0.2482194,0.24822797,0.58229864,0.7332789
1783532869.7132,82,right_handPinky_1_joint,-0.3819922,-0.06799816,0.08585909,0.2482194,0.24822797,0.58229864,0.7332789
1783532869.7132,82,right_handPinky_2_joint,-0.38978285,-0.106325775,0.08879976,0.2482194,0.24822797,0.58229864,0.7332789
1783532869.7132,82,right_handPinky_3_joint,-0.3938631,-0.1264019,0.09033952,0.24821942,0.24822797,0.58229864,0.7332789
1783532869.7132,82,right_handPinkyEnd_joint,-0.39757273,-0.14465271,0.09173951,0.2482194,0.24822797,0.58229864,0.7332789
1783532869.7132,82,right_handRingStart_joint,-0.3603514,-0.004506252,0.09281642,0.21509033,0.29209533,0.58092517,0.72865766
1783532869.7132,82,right_handRing_1_joint,-0.37113747,-0.0724187,0.10509448,0.21509033,0.29209533,0.58092517,0.72865766
1783532869.7132,82,right_handRing_2_joint,-0.37875092,-0.1203565,0.11376109,0.21509033,0.29209533,0.58092517,0.72865766
1783532869.7132,82,right_handRing_3_joint,-0.38350976,-0.15031798,0.11917816,0.21509033,0.29209533,0.58092517,0.72865766
1783532869.7132,82,right_handRingEnd_joint,-0.38668168,-0.17029288,0.12278895,0.21509033,0.29209533,0.58092517,0.72865766
1783532869.7132,82,right_handThumbStart_joint,-0.33385485,-0.00018346786,0.1052475,0.34457636,0.85548097,0.18208924,0.3409732
1783532869.7132,82,right_handThumb_1_joint,-0.3053968,-0.038510412,0.12983331,0.34457636,0.85548097,0.18208924,0.3409732
1783532869.7132,82,right_handThumb_2_joint,-0.2850548,-0.065903984,0.14740835,0.34457636,0.85548097,0.1820892,0.3409732
1783532869.7132,82,right_handThumbEnd_joint,-0.2714933,-0.084166564,0.15912427,0.34457636,0.85548097,0.1820892,0.3409732
1783532869.7132,82,camera,-0.11471483,0.0007394168,0.13123219,-0.07847462,-0.11354193,-0.71174586,0.68874365
1783532869.7475,83,root,-0.00072825357,0.01925332,-0.00207855,-0.0036166422,-0.00776136,-0.0046760393,0.99995244
1783532869.7475,83,hips_joint,-0.00072825357,0.01925332,-0.00207855,-0.0036166422,-0.00776136,-0.0046760393,0.99995244
1783532869.7475,83,left_upLeg_joint,0.0995454,-0.006650964,0.0006225334,0.5702134,-0.42051944,0.5811873,-0.40030175
1783532869.7475,83,left_leg_joint,0.087236404,-0.4045375,0.13795708,-0.32705712,0.62132293,-0.36877984,0.60909206
1783532869.7475,83,left_foot_joint,0.067077674,-0.7958355,-0.097858496,0.6406226,-0.28742015,0.66592616,-0.25206178
1783532869.7475,83,left_toes_joint,0.059307728,-0.90074855,0.0077036284,0.68348706,-0.16078988,0.70162994,-0.12127592
1783532869.7475,83,left_toesEnd_joint,0.057107575,-0.92440474,0.063517705,0.68348706,-0.16078964,0.70162994,-0.1212761
1783532869.7475,83,right_upLeg_joint,-0.10150154,-0.004777063,-0.0025049683,0.42637798,0.51399827,0.48140126,0.5676799
1783532869.7475,83,right_leg_joint,-0.10491962,-0.4195028,0.07036738,0.5950236,0.29683802,0.68223774,0.30395055
1783532869.7475,83,right_foot_joint,-0.055930823,-0.7707071,-0.21839741,0.2853526,0.6006155,0.34962222,0.65999955
1783532869.7475,83,right_toes_joint,-0.061005484,-0.89056957,-0.12997974,0.16634268,0.64381313,0.21819119,0.7143021
1783532869.7475,83,right_toesEnd_joint,-0.06560318,-0.9224704,-0.07859085,0.16634317,0.6438133,0.21819071,0.714302
1783532869.7475,83,spine_1_joint,-0.0007282733,0.01925332,-0.0020785502,0.47629067,0.52038056,0.49009335,0.5120153
1783532869.7475,83,spine_2_joint,-0.0019929933,0.076666646,-0.00587887,0.46753913,0.53323716,0.4848863,0.51181084
1783532869.7475,83,spine_3_joint,-0.0042325687,0.13392939,-0.011198274,0.47459647,0.5281639,0.49408942,0.5016737
1783532869.7475,83,spine_4_joint,-0.006681719,0.18682829,-0.014431694,0.4983575,0.50661707,0.5146872,0.47966242
1783532869.7475,83,spine_5_joint,-0.009724278,0.2572056,-0.012753126,0.5428727,0.46013525,0.5500399,0.4370593
1783532869.7475,83,spine_6_joint,-0.012388682,0.3490986,0.0060846973,0.5622288,0.43804154,0.56400466,0.41703382
1783532869.7475,83,spine_7_joint,-0.014506125,0.45202637,0.03557498,0.56306964,0.4423795,0.55590636,0.4221625
1783532869.7475,83,left_shoulder_1_joint,0.0736154,0.56338537,0.05653615,-0.5871167,0.06555408,-0.06140268,0.8045039
1783532869.7475,83,left_arm_joint,0.21632476,0.5378895,0.051694974,-0.37255716,0.4238366,-0.39755738,0.72354144
1783532869.7475,83,left_forearm_joint,0.3026697,0.30086765,-0.03264961,-0.47321346,0.29271615,-0.54917717,0.6235312
1783532869.7475,83,left_hand_joint,0.36308187,0.043109052,0.008810939,0.7531759,-0.564277,0.2624304,-0.21318588
1783532869.7475,83,left_handIndexStart_joint,0.35797474,0.018939096,0.025610765,0.7343239,-0.5773329,0.31039372,-0.17638394
1783532869.7475,83,left_handIndex_1_joint,0.36927325,-0.057949856,0.04586465,0.7343239,-0.5773329,0.31039372,-0.17638394
1783532869.7475,83,left_handIndex_2_joint,0.37584215,-0.102652736,0.05764016,0.7343239,-0.5773329,0.31039372,-0.17638394
1783532869.7475,83,left_handIndex_3_joint,0.37952074,-0.12768635,0.06423445,0.7343239,-0.5773329,0.31039372,-0.17638394
1783532869.7475,83,left_handIndexEnd_joint,0.38214833,-0.1455675,0.068944655,0.7343239,-0.5773329,0.31039372,-0.17638394
1783532869.7475,83,left_handMidStart_joint,0.36642608,0.017489934,0.016131792,0.7537949,-0.5638687,0.2601994,-0.21480691
1783532869.7475,83,left_handMid_1_joint,0.38381046,-0.055626333,0.027536167,0.7537949,-0.5638687,0.2601994,-0.21480691
1783532869.7475,83,left_handMid_2_joint,0.3960265,-0.10700533,0.035550054,0.7537949,-0.5638687,0.2601994,-0.21480691
1783532869.7475,83,left_handMid_3_joint,0.4030742,-0.13664705,0.04017345,0.7537949,-0.5638687,0.2601994,-0.21480691
1783532869.7475,83,left_handMidEnd_joint,0.4077727,-0.1564082,0.04325571,0.7537949,-0.5638687,0.2601994,-0.21480691
1783532869.7475,83,left_handPinkyStart_joint,0.3815443,0.018165834,-0.007105789,0.7576032,-0.5651105,0.17035875,-0.27868566
1783532869.7475,83,left_handPinky_1_joint,0.40080145,-0.042237435,-0.010715697,0.7576032,-0.5651105,0.17035875,-0.27868566
1783532869.7475,83,left_handPinky_2_joint,0.41269562,-0.079545334,-0.012945346,0.7576032,-0.5651105,0.17035875,-0.27868566
1783532869.7475,83,left_handPinky_3_joint,0.41892588,-0.09908756,-0.014113257,0.7576032,-0.5651105,0.17035875,-0.27868566
1783532869.7475,83,left_handPinkyEnd_joint,0.42458975,-0.11685322,-0.015174994,0.7576032,-0.5651105,0.17035875,-0.27868566
1783532869.7475,83,left_handRingStart_joint,0.37348393,0.017291488,0.0053499276,0.7566317,-0.56514496,0.21609986,-0.24783237
1783532869.7475,83,left_handRing_1_joint,0.39219183,-0.04992844,0.00862552,0.7566317,-0.56514496,0.21609986,-0.24783237
1783532869.7475,83,left_handRing_2_joint,0.40539744,-0.09737781,0.010937704,0.7566317,-0.56514496,0.21609986,-0.24783237
1783532869.7475,83,left_handRing_3_joint,0.41365093,-0.12703365,0.012382818,0.7566317,-0.56514496,0.21609986,-0.24783237
1783532869.7475,83,left_handRingEnd_joint,0.41915324,-0.14680421,0.013346227,0.7566317,-0.56514496,0.21609986,-0.24783237
1783532869.7475,83,left_handThumbStart_joint,0.34788302,0.017237134,0.020178184,0.36481622,-0.22633512,0.80914867,-0.40119866
1783532869.7475,83,left_handThumb_1_joint,0.32576725,-0.026494717,0.042125445,0.36481622,-0.22633512,0.80914867,-0.40119866
1783532869.7475,83,left_handThumb_2_joint,0.3099582,-0.05775219,0.05781445,0.36481622,-0.2263351,0.80914867,-0.40119866
1783532869.7475,83,left_handThumbEnd_joint,0.2994188,-0.078590505,0.06827378,0.3648162,-0.22633508,0.80914867,-0.40119866
1783532869.7475,83,neck_1_joint,-0.015956827,0.58338505,0.0629407,0.605314,0.37992823,0.60048574,0.35870108
1783532869.7475,83,neck_2_joint,-0.016252538,0.6101073,0.076572806,0.59378725,0.39514247,0.5946819,0.3709887
1783532869.7475,83,neck_3_joint,-0.017035266,0.6465274,0.0930945,0.575024,0.41927856,0.58393985,0.39059854
1783532869.7475,83,neck_4_joint,-0.018377688,0.6840619,0.10685527,0.5576144,0.4406517,0.5723946,0.4089707
1783532869.7475,83,head_joint,-0.020354478,0.728392,0.12025448,0.49728963,0.5063629,0.52358294,0.47133943
1783532869.7475,83,jaw_joint,-0.018777117,0.70324796,0.12416445,0.49728963,0.5063629,0.52358294,0.47133943
1783532869.7475,83,chin_joint,-0.014718132,0.6491013,0.22189713,0.49728963,0.5063629,0.52358294,0.47133943
1783532869.7475,83,left_eye_joint,0.010749049,0.759182,0.20795286,0.5016868,0.5020066,0.5276737,0.4667552
1783532869.7475,83,left_eyeLowerLid_joint,0.010749049,0.759182,0.20795286,0.5016868,0.5020066,0.5276737,0.4667552
1783532869.7475,83,left_eyeUpperLid_joint,0.010749049,0.759182,0.20795286,0.5016868,0.5020066,0.5276737,0.4667552
1783532869.7475,83,left_eyeball_joint,0.010749049,0.759182,0.20795286,0.5016868,0.5020066,0.5276737,0.4667552
1783532869.7475,83,nose_joint,-0.019249264,0.723676,0.23014781,0.5016895,0.50200397,0.52767617,0.4667525
1783532869.7475,83,right_eye_joint,-0.05376198,0.7552094,0.20843118,0.5016868,0.5020066,0.5276737,0.4667552
1783532869.7475,83,right_eyeLowerLid_joint,-0.05376198,0.7552094,0.20843118,0.5016868,0.5020066,0.5276737,0.4667552
1783532869.7475,83,right_eyeUpperLid_joint,-0.05376198,0.7552094,0.20843118,0.5016868,0.5020066,0.5276737,0.4667552
1783532869.7475,83,right_eyeball_joint,-0.05376198,0.7552094,0.20843118,0.5016868,0.5020066,0.5276737,0.4667552
1783532869.7475,83,right_shoulder_1_joint,-0.105033815,0.56044865,0.061092652,0.7950332,0.10544113,0.052304562,0.5950365
1783532869.7475,83,right_arm_joint,-0.24606411,0.5271012,0.067230396,0.7040422,0.46111453,0.37667328,0.3870597
1783532869.7475,83,right_forearm_joint,-0.323461,0.27684087,0.021100454,0.57804304,0.61585134,0.26299256,0.46629196
1783532869.7475,83,right_hand_joint,-0.35109523,0.020328674,0.09353053,0.18102424,0.33356792,0.5806638,0.7202723
1783532869.7475,83,right_handIndexStart_joint,-0.34297705,-0.0009967756,0.11100164,0.1409479,0.38193628,0.59218097,0.6953992
1783532869.7475,83,right_handIndex_1_joint,-0.3435305,-0.07578741,0.1402556,0.1409479,0.38193628,0.59218097,0.6953992
1783532869.7475,83,right_handIndex_2_joint,-0.3438518,-0.11927061,0.15726337,0.1409479,0.38193628,0.59218097,0.6953992
1783532869.7475,83,right_handIndex_3_joint,-0.34403244,-0.14362137,0.16678832,0.1409479,0.38193628,0.59218097,0.6953992
1783532869.7475,83,right_handIndexEnd_joint,-0.34416136,-0.1610145,0.17359184,0.1409479,0.38193628,0.59218097,0.6953992
1783532869.7475,83,right_handMidStart_joint,-0.35189644,-0.004446673,0.1025213,0.18042909,0.33419222,0.5810885,0.7197896
1783532869.7475,83,right_handMid_1_joint,-0.3595971,-0.07720264,0.123152256,0.18042909,0.33419222,0.5810885,0.7197896
1783532869.7475,83,right_handMid_2_joint,-0.36500862,-0.12832774,0.13764991,0.18042909,0.33419222,0.5810885,0.7197896
1783532869.7475,83,right_handMid_3_joint,-0.36813045,-0.15782322,0.14601384,0.18042909,0.33419222,0.5810885,0.7197896
1783532869.7475,83,right_handMidEnd_joint,-0.3702119,-0.17748645,0.1515899,0.1804291,0.33419222,0.5810885,0.7197896
1783532869.7475,83,right_handPinkyStart_joint,-0.36871904,-0.008121607,0.08078425,0.2490081,0.24858412,0.58490646,0.73081136
1783532869.7475,83,right_handPinky_1_joint,-0.3809227,-0.07027041,0.08535902,0.2490081,0.24858412,0.58490646,0.73081136
1783532869.7475,83,right_handPinky_2_joint,-0.38846073,-0.10865714,0.08818511,0.2490081,0.24858412,0.58490646,0.73081136
1783532869.7475,83,right_handPinky_3_joint,-0.39240864,-0.12876421,0.08966484,0.24900813,0.24858412,0.58490646,0.73081136
1783532869.7475,83,right_handPinkyEnd_joint,-0.395998,-0.14704315,0.091010265,0.2490081,0.24858412,0.58490646,0.73081136
1783532869.7475,83,right_handRingStart_joint,-0.3596843,-0.0066624666,0.09249421,0.21572858,0.29234284,0.5836123,0.7262186
1783532869.7475,83,right_handRing_1_joint,-0.370013,-0.07468309,0.10456508,0.21572858,0.29234284,0.5836123,0.7262186
1783532869.7475,83,right_handRing_2_joint,-0.3773036,-0.12269726,0.11308543,0.21572858,0.29234284,0.5836123,0.7262186
1783532869.7475,83,right_handRing_3_joint,-0.38186067,-0.15270647,0.11841108,0.21572858,0.29234284,0.5836123,0.7262186
1783532869.7475,83,right_handRingEnd_joint,-0.38489807,-0.17271318,0.12196093,0.21572858,0.29234284,0.5836123,0.7262186
1783532869.7475,83,right_handThumbStart_joint,-0.3331992,-0.0022084378,0.10490327,0.34248173,0.85652906,0.1843522,0.33923227
1783532869.7475,83,right_handThumb_1_joint,-0.30445936,-0.040429898,0.12932505,0.34248173,0.85652906,0.1843522,0.33923227
1783532869.7475,83,right_handThumb_2_joint,-0.283916,-0.06774807,0.14678285,0.34248173,0.85652906,0.18435217,0.33923227
1783532869.7475,83,right_handThumbEnd_joint,-0.27022025,-0.08596037,0.15842059,0.34248176,0.85652906,0.18435217,0.33923227
1783532869.7475,83,camera,-0.114493206,0.00079483294,0.13149633,-0.078746624,-0.11352224,-0.71174866,0.6887129
1783532869.7785,84,root,-0.0005227041,0.01944069,-0.0022831003,-0.004470128,-0.008346245,-0.0033276984,0.99994963
1783532869.7785,84,hips_joint,-0.0005227041,0.01944069,-0.0022831003,-0.004470128,-0.008346245,-0.0033276984,0.99994963
1783532869.7785,84,left_upLeg_joint,0.099816985,-0.0061891973,0.00057820097,0.5727593,-0.41705057,0.58179605,-0.39941105
1783532869.7785,84,left_leg_joint,0.08935869,-0.40307283,0.1409349,-0.3204353,0.6254845,-0.3618803,0.61248106
1783532869.7785,84,left_foot_joint,0.069065034,-0.78910565,-0.10339333,0.6379761,-0.29477978,0.6625848,-0.25898442
1783532869.7785,84,left_toes_joint,0.061341092,-0.89630765,-0.00015305518,0.6822835,-0.16851766,0.6996612,-0.12870638
1783532869.7785,84,left_toesEnd_joint,0.059166912,-0.9211818,0.055129994,0.68228364,-0.16851747,0.69966114,-0.1287066
1783532869.7785,84,right_upLeg_joint,-0.1012305,-0.0048612365,-0.0027836862,0.4263079,0.51327115,0.4814872,0.56831706
1783532869.7785,84,right_leg_joint,-0.105207935,-0.41959503,0.070014,0.59491277,0.29668197,0.6815557,0.30584332
1783532869.7785,84,right_foot_joint,-0.05715473,-0.77167463,-0.21784028,0.2853616,0.60042435,0.3479179,0.661069
1783532869.7785,84,right_toes_joint,-0.06265211,-0.8912982,-0.1291248,0.16638774,0.64362717,0.21631508,0.7150292
1783532869.7785,84,right_toesEnd_joint,-0.06737774,-0.92305523,-0.07765858,0.16638823,0.6436273,0.21631464,0.71502906
1783532869.7785,84,spine_1_joint,-0.0005227239,0.01944069,-0.0022831005,0.47460243,0.52103,0.49103346,0.51202166
1783532869.7785,84,spine_2_joint,-0.0019714697,0.07684414,-0.006165963,0.4656156,0.533728,0.4864004,0.5116159
1783532869.7785,84,spine_3_joint,-0.0044406084,0.13409339,-0.011528513,0.4726904,0.52833164,0.49641824,0.500997
1783532869.7785,84,spine_4_joint,-0.0071533257,0.18698223,-0.014716047,0.49653703,0.5064495,0.51770467,0.4784779
1783532869.7785,84,spine_5_joint,-0.010610156,0.257336,-0.012862517,0.54101664,0.45980036,0.5533896,0.4354815
1783532869.7785,84,spine_6_joint,-0.013912234,0.34914374,0.006287118,0.56027627,0.43753624,0.5675006,0.41544577
1783532869.7785,84,spine_7_joint,-0.016784586,0.4519444,0.03615434,0.5608156,0.44194478,0.55930513,0.4211272
1783532869.7785,84,left_shoulder_1_joint,0.07059683,0.56372947,0.05793033,-0.5865655,0.060665328,-0.062063925,0.8052381
1783532869.7785,84,left_arm_joint,0.2134615,0.5389084,0.0543199,-0.3714525,0.41851798,-0.39945203,0.72615683
1783532869.7785,84,left_forearm_joint,0.30138642,0.30190155,-0.02841903,-0.46974534,0.28948966,-0.5527464,0.6245048
1783532869.7785,84,left_hand_joint,0.3606974,0.044018097,0.01384655,0.7509921,-0.5638484,0.26722273,-0.21605045
1783532869.7785,84,left_handIndexStart_joint,0.35533565,0.01986699,0.030594043,0.7318355,-0.5770892,0.31503326,-0.17927316
1783532869.7785,84,left_handIndex_1_joint,0.36621323,-0.05704022,0.05100833,0.7318355,-0.5770892,0.31503326,-0.17927316
1783532869.7785,84,left_handIndex_2_joint,0.37253737,-0.10175371,0.062877096,0.7318355,-0.5770892,0.31503326,-0.17927316
1783532869.7785,84,left_handIndex_3_joint,0.3760789,-0.12679327,0.06952361,0.7318355,-0.5770892,0.31503326,-0.17927316
1783532869.7785,84,left_handIndexEnd_joint,0.37860858,-0.14467867,0.07427111,0.7318355,-0.5770892,0.31503326,-0.17927316
1783532869.7785,84,left_handMidStart_joint,0.3638946,0.018394116,0.02121585,0.75162506,-0.5634318,0.26499727,-0.21767157
1783532869.7785,84,left_handMid_1_joint,0.38097075,-0.0547583,0.032851525,0.75162506,-0.5634318,0.26499727,-0.21767157
1783532869.7785,84,left_handMid_2_joint,0.39297023,-0.1061627,0.041027945,0.75162506,-0.5634318,0.26499727,-0.21767157
1783532869.7785,84,left_handMid_3_joint,0.399893,-0.13581908,0.04574511,0.75162506,-0.5634318,0.26499727,-0.21767157
1783532869.7785,84,left_handMidEnd_joint,0.40450817,-0.15559,0.04888989,0.75162506,-0.5634318,0.26499727,-0.21767157
1783532869.7785,84,left_handPinkyStart_joint,0.3792871,0.019025069,-0.0018422365,0.7559734,-0.56431913,0.1752563,-0.28166172
1783532869.7785,84,left_handPinky_1_joint,0.39844283,-0.041424833,-0.005202477,0.7559734,-0.56431913,0.1752563,-0.28166172
1783532869.7785,84,left_handPinky_2_joint,0.4102743,-0.078761525,-0.0072779176,0.7559734,-0.56431913,0.1752563,-0.28166172
1783532869.7785,84,left_handPinky_3_joint,0.41647175,-0.098318845,-0.008365054,0.7559734,-0.56431913,0.1752563,-0.28166172
1783532869.7785,84,left_handPinkyEnd_joint,0.4221058,-0.11609822,-0.00935336,0.7559734,-0.56431913,0.1752563,-0.28166172
1783532869.7785,84,left_handRingStart_joint,0.3710785,0.018174715,0.010517969,0.7547265,-0.56452525,0.22095446,-0.25075537
1783532869.7785,84,left_handRing_1_joint,0.3895878,-0.049087763,0.014038827,0.7547265,-0.56452525,0.22095446,-0.25075537
1783532869.7785,84,left_handRing_2_joint,0.40265316,-0.09656716,0.016524138,0.7547265,-0.56452525,0.22095446,-0.25075537
1783532869.7785,84,left_handRing_3_joint,0.410819,-0.12624177,0.018077457,0.7547265,-0.56452525,0.22095446,-0.25075537
1783532869.7785,84,left_handRingEnd_joint,0.41626292,-0.14602485,0.019113004,0.7547265,-0.56452525,0.22095446,-0.25075537
1783532869.7785,84,left_handThumbStart_joint,0.34530464,0.01818664,0.025043586,0.359854,-0.22424136,0.8117999,-0.4014995
1783532869.7785,84,left_handThumb_1_joint,0.3228287,-0.025484147,0.046745088,0.359854,-0.22424136,0.8117999,-0.4014995
1783532869.7785,84,left_handThumb_2_joint,0.3067622,-0.05669797,0.06225842,0.359854,-0.22424135,0.8117999,-0.4014995
1783532869.7785,84,left_handThumbEnd_joint,0.29605117,-0.07750718,0.07260063,0.359854,-0.22424133,0.8117999,-0.4014995
1783532869.7785,84,neck_1_joint,-0.019120183,0.5832168,0.063870616,0.60277635,0.37999108,0.603815,0.35731563
1783532869.7785,84,neck_2_joint,-0.019659325,0.6099049,0.07756194,0.59111476,0.39527068,0.5980485,0.3697052
1783532869.7785,84,neck_3_joint,-0.020771392,0.64628506,0.094152465,0.57232845,0.41929907,0.58733594,0.389441
1783532869.7785,84,neck_4_joint,-0.022433402,0.68378186,0.107981004,0.55490565,0.44057325,0.5758177,0.40793195
1783532869.7785,84,head_joint,-0.024770333,0.7280709,0.1214579,0.4945869,0.505955,0.527087,0.47071463
1783532869.7785,84,jaw_joint,-0.023058468,0.7029292,0.12532632,0.4945869,0.505955,0.527087,0.47071463
1783532869.7785,84,chin_joint,-0.01925111,0.64860725,0.22297166,0.4945869,0.505955,0.527087,0.47071463
1783532869.7785,84,left_eye_joint,0.00560672,0.75887424,0.20940584,0.49898067,0.5016223,0.5311721,0.4660999
1783532869.7785,84,left_eyeLowerLid_joint,0.00560672,0.75887424,0.20940584,0.49898067,0.5016223,0.5311721,0.4660999
1783532869.7785,84,left_eyeUpperLid_joint,0.00560672,0.75887424,0.20940584,0.49898067,0.5016223,0.5311721,0.4660999
1783532869.7785,84,left_eyeball_joint,0.00560672,0.75887424,0.20940584,0.49898067,0.5016223,0.5311721,0.4660999
1783532869.7785,84,nose_joint,-0.024301456,0.72313476,0.23134606,0.49898332,0.50161964,0.53117454,0.46609703
1783532869.7785,84,right_eye_joint,-0.058879692,0.7544955,0.20948426,0.49898067,0.5016223,0.5311721,0.4660999
1783532869.7785,84,right_eyeLowerLid_joint,-0.058879692,0.7544955,0.20948426,0.49898067,0.5016223,0.5311721,0.4660999
1783532869.7785,84,right_eyeUpperLid_joint,-0.058879692,0.7544955,0.20948426,0.49898067,0.5016223,0.5311721,0.4660999
1783532869.7785,84,right_eyeball_joint,-0.058879692,0.7544955,0.20948426,0.49898067,0.5016223,0.5311721,0.4660999
1783532869.7785,84,right_shoulder_1_joint,-0.10805672,0.5597944,0.061443858,0.79615253,0.10599077,0.054620143,0.5932314
1783532869.7785,84,right_arm_joint,-0.24898148,0.52591467,0.06706917,0.70228535,0.4635715,0.38055274,0.38350505
1783532869.7785,84,right_forearm_joint,-0.32360703,0.27508816,0.01947122,0.5755865,0.61818826,0.26859227,0.46303484
1783532869.7785,84,right_hand_joint,-0.34810033,0.01773531,0.090025015,0.18102251,0.33206418,0.58654225,0.7161928
1783532869.7785,84,right_handIndexStart_joint,-0.3397394,-0.0036100936,0.107356705,0.14054315,0.38015595,0.5980428,0.6914286
1783532869.7785,84,right_handIndex_1_joint,-0.33939013,-0.078609034,0.13607553,0.14054315,0.38015595,0.5980428,0.6914286
1783532869.7785,84,right_handIndex_2_joint,-0.3391866,-0.12221334,0.15277217,0.14054315,0.38015595,0.5980428,0.6914286
1783532869.7785,84,right_handIndex_3_joint,-0.33907333,-0.14663194,0.16212289,0.14054315,0.38015595,0.5980428,0.6914286
1783532869.7785,84,right_handIndexEnd_joint,-0.33899233,-0.1640735,0.16880195,0.14054315,0.38015595,0.5980428,0.6914286
1783532869.7785,84,right_handMidStart_joint,-0.3486014,-0.0071118614,0.09883755,0.18042141,0.33268353,0.5869656,0.71571
1783532869.7785,84,right_handMid_1_joint,-0.35541132,-0.08010514,0.118936524,0.18042141,0.33268353,0.5869656,0.71571
1783532869.7785,84,right_handMid_2_joint,-0.36019695,-0.13139701,0.13306038,0.18042141,0.33268353,0.5869656,0.71571
1783532869.7785,84,right_handMid_3_joint,-0.3629577,-0.16098869,0.14120865,0.18042141,0.33268353,0.5869656,0.71571
1783532869.7785,84,right_handMidEnd_joint,-0.3647984,-0.18071607,0.14664093,0.18042141,0.33268353,0.5869656,0.71571
1783532869.7785,84,right_handPinkyStart_joint,-0.36534286,-0.010843849,0.077047594,0.24957699,0.24748968,0.5906016,0.72639495
1783532869.7785,84,right_handPinky_1_joint,-0.3767652,-0.073173255,0.0811592,0.24957699,0.24748968,0.5906016,0.72639495
1783532869.7785,84,right_handPinky_2_joint,-0.38382068,-0.11167153,0.083699204,0.24957699,0.24748968,0.5906016,0.72639495
1783532869.7785,84,right_handPinky_3_joint,-0.38751578,-0.13183703,0.08502909,0.24957703,0.2474897,0.5906017,0.7263949
1783532869.7785,84,right_handPinkyEnd_joint,-0.39087534,-0.15016909,0.08623829,0.24957699,0.24748968,0.5906016,0.72639495
1783532869.7785,84,right_handRingStart_joint,-0.3563452,-0.009354269,0.08878229,0.21600586,0.29104477,0.5894084,0.7219639
1783532869.7785,84,right_handRing_1_joint,-0.36582986,-0.07758476,0.10035094,0.21600586,0.29104477,0.5894084,0.7219639
1783532869.7785,84,right_handRing_2_joint,-0.37252465,-0.12574707,0.1085168,0.21600586,0.29104477,0.5894084,0.7219639
1783532869.7785,84,right_handRing_3_joint,-0.3767093,-0.15584888,0.11362089,0.21600586,0.29104477,0.5894084,0.7219639
1783532869.7785,84,right_handRingEnd_joint,-0.37949842,-0.17591731,0.11702303,0.21600586,0.29104477,0.5894084,0.7219639
1783532869.7785,84,right_handThumbStart_joint,-0.32993767,-0.0046542548,0.101265706,0.33811602,0.85774887,0.1898237,0.3375073
1783532869.7785,84,right_handThumb_1_joint,-0.30075336,-0.042682584,0.12546076,0.33811602,0.85774887,0.18982369,0.3375073
1783532869.7785,84,right_handThumb_2_joint,-0.2798923,-0.069862716,0.14275652,0.33811602,0.85774887,0.18982367,0.3375073
1783532869.7785,84,right_handThumbEnd_joint,-0.26598474,-0.087983,0.15428624,0.33811602,0.85774887,0.18982366,0.3375073
1783532869.7785,84,camera,-0.11431564,0.00093637814,0.13184209,-0.078565575,-0.11331917,-0.7118913,0.6886197
1783532869.8139,85,root,-0.00035602934,0.019670501,-0.0023069205,-0.0046533113,-0.008071722,-0.0032368116,0.9999514
1783532869.8139,85,hips_joint,-0.00035602934,0.019670501,-0.0023069205,-0.0046533113,-0.008071722,-0.0032368116,0.9999514
1783532869.8139,85,left_upLeg_joint,0.09998976,-0.00594066,0.0005084623,0.5733286,-0.41769835,0.5802131,-0.40021893
1783532869.8139,85,left_leg_joint,0.09062513,-0.4031995,0.13987772,-0.31360766,0.6307406,-0.35569608,0.61424506
1783532869.8139,85,left_foot_joint,0.06835123,-0.7839435,-0.1124461,0.63584274,-0.30312788,0.6588043,-0.2641867
1783532869.8139,85,left_toes_joint,0.06062852,-0.89326996,-0.01145812,0.6817711,-0.17711884,0.6969353,-0.13453093
1783532869.8139,85,left_toesEnd_joint,0.05855554,-0.9192949,0.043296482,0.6817711,-0.17711863,0.69693524,-0.13453114
1783532869.8139,85,right_upLeg_joint,-0.10105981,-0.004649347,-0.0027431117,0.42511094,0.5143742,0.48018402,0.56931823
1783532869.8139,85,right_leg_joint,-0.1051381,-0.41904175,0.071968205,0.5941386,0.29902297,0.6798963,0.30874848
1783532869.8139,85,right_foot_joint,-0.057875603,-0.7735258,-0.21305238,0.2833085,0.6017899,0.34482014,0.6623326
1783532869.8139,85,right_toes_joint,-0.06352333,-0.89241666,-0.12336668,0.164113,0.64457875,0.21303396,0.7156828
1783532869.8139,85,right_toesEnd_joint,-0.068271145,-0.9237473,-0.071641766,0.1641135,0.6445788,0.2130335,0.7156827
1783532869.8139,85,spine_1_joint,-0.00035604913,0.019670501,-0.0023069207,0.47404486,0.5210325,0.4914425,0.51214373
1783532869.8139,85,spine_2_joint,-0.0018513341,0.07707165,-0.0062064473,0.4645115,0.53346694,0.4875525,0.5117958
1783532869.8139,85,spine_3_joint,-0.0044175475,0.13431706,-0.011564902,0.4711402,0.52776265,0.49841022,0.50108
1783532869.8139,85,spine_4_joint,-0.007276749,0.18720078,-0.01470892,0.4945658,0.50559264,0.520529,0.47836283
1783532869.8139,85,spine_5_joint,-0.011023398,0.25753653,-0.012736354,0.5385849,0.45876345,0.5569036,0.4351106
1783532869.8139,85,spine_6_joint,-0.014882278,0.34927666,0.006632393,0.55747163,0.43618327,0.5715963,0.41502744
1783532869.8139,85,spine_7_joint,-0.018505706,0.45196396,0.036806718,0.5576756,0.4402514,0.56387234,0.42098165
1783532869.8139,85,left_shoulder_1_joint,0.068106145,0.56409687,0.059833076,-0.58520633,0.054752298,-0.06354753,0.8065346
1783532869.8139,85,left_arm_joint,0.21111475,0.53993315,0.05781073,-0.36756358,0.41413096,-0.4035439,0.72838545
1783532869.8139,85,left_forearm_joint,0.29923493,0.30259082,-0.023750776,-0.46305594,0.28848282,-0.5593429,0.6240936
1783532869.8139,85,left_hand_joint,0.35492623,0.04391056,0.018570717,0.74540216,-0.56701416,0.27309683,-0.21974796
1783532869.8139,85,left_handIndexStart_joint,0.3490403,0.019774174,0.035162736,0.7258759,-0.5804845,0.32053143,-0.18276219
1783532869.8139,85,left_handIndex_1_joint,0.35872534,-0.05731443,0.055493426,0.7258759,-0.5804845,0.32053143,-0.18276219
1783532869.8139,85,left_handIndex_2_joint,0.3643562,-0.102133386,0.0673136,0.7258759,-0.5804845,0.32053143,-0.18276219
1783532869.8139,85,left_handIndex_3_joint,0.36750945,-0.127232,0.073932886,0.7258759,-0.5804845,0.32053143,-0.18276219
1783532869.8139,85,left_handIndexEnd_joint,0.3697618,-0.14515957,0.07866096,0.7258759,-0.5804845,0.32053143,-0.18276219
1783532869.8139,85,left_handMidStart_joint,0.3577179,0.018229442,0.025905877,0.7460513,-0.56658596,0.27088612,-0.22137986
1783532869.8139,85,left_handMid_1_joint,0.37377238,-0.055150885,0.037561126,0.7460513,-0.56658596,0.27088612,-0.22137986
1783532869.8139,85,left_handMid_2_joint,0.38505393,-0.10671544,0.0457513,0.7460513,-0.56658596,0.27088612,-0.22137986
1783532869.8139,85,left_handMid_3_joint,0.39156252,-0.13646421,0.0504764,0.7460513,-0.56658596,0.27088612,-0.22137986
1783532869.8139,85,left_handMidEnd_joint,0.3959016,-0.15629673,0.053626463,0.7460513,-0.56658596,0.27088612,-0.22137986
1783532869.8139,85,left_handPinkyStart_joint,0.3734523,0.018749204,0.0030769324,0.7509527,-0.5668948,0.18155132,-0.2859017
1783532869.8139,85,left_handPinky_1_joint,0.3919527,-0.04190946,-0.00019207924,0.7509527,-0.5668948,0.18155132,-0.2859017
1783532869.8139,85,left_handPinky_2_joint,0.40337944,-0.0793751,-0.0022111745,0.7509527,-0.5668948,0.18155132,-0.2859017
1783532869.8139,85,left_handPinky_3_joint,0.40936485,-0.09899996,-0.003268796,0.7509527,-0.5668948,0.18155132,-0.2859017
1783532869.8139,85,left_handPinkyEnd_joint,0.41480613,-0.11684075,-0.0042302706,0.7509527,-0.5668948,0.18155132,-0.2859017
1783532869.8139,85,left_handRingStart_joint,0.36505446,0.017957993,0.015313329,0.7494178,-0.5673889,0.22705846,-0.2547308
1783532869.8139,85,left_handRing_1_joint,0.3827289,-0.04952555,0.018893953,0.7494178,-0.5673889,0.22705846,-0.2547308
1783532869.8139,85,left_handRing_2_joint,0.395205,-0.097160995,0.021421453,0.7494178,-0.5673889,0.22705846,-0.2547308
1783532869.8139,85,left_handRing_3_joint,0.40300253,-0.12693314,0.023001142,0.7494178,-0.5673889,0.22705846,-0.2547308
1783532869.8139,85,left_handRingEnd_joint,0.4082009,-0.14678124,0.024054265,0.7494178,-0.5673889,0.22705846,-0.2547308
1783532869.8139,85,left_handThumbStart_joint,0.3390727,0.018227104,0.029461255,0.35199445,-0.22462152,0.8163851,-0.39894956
1783532869.8139,85,left_handThumb_1_joint,0.3157767,-0.025242934,0.05069602,0.35199445,-0.22462152,0.8163851,-0.39894956
1783532869.8139,85,left_handThumb_2_joint,0.299124,-0.056313258,0.06587572,0.35199445,-0.22462152,0.8163851,-0.39894956
1783532869.8139,85,left_handThumbEnd_joint,0.28802222,-0.07702681,0.07599551,0.3519945,-0.22462147,0.8163851,-0.39894956
1783532869.8139,85,neck_1_joint,-0.021759957,0.5831264,0.06494799,0.59878844,0.37924543,0.6087639,0.3564167
1783532869.8139,85,neck_2_joint,-0.0226252,0.6097701,0.07870908,0.586738,0.39478213,0.6032005,0.36883077
1783532869.8139,85,neck_3_joint,-0.024201514,0.6460991,0.09537412,0.56787103,0.41870585,0.59252113,0.38875204
1783532869.8139,85,neck_4_joint,-0.026313197,0.6835483,0.10927035,0.5504499,0.43982205,0.58100516,0.40742624
1783532869.8139,85,head_joint,-0.029149668,0.72778493,0.12282325,0.49021766,0.5046743,0.53226745,0.4708329
1783532869.8139,85,jaw_joint,-0.027281515,0.7026483,0.12665208,0.49021766,0.5046743,0.53226745,0.4708329
1783532869.8139,85,chin_joint,-0.024122845,0.648123,0.22420749,0.49021766,0.5046743,0.53226745,0.4708329
1783532869.8139,85,left_eye_joint,9.047985e-06,0.7586153,0.21117324,0.49460045,0.5003798,0.53635347,0.46617293
1783532869.8139,85,left_eyeLowerLid_joint,9.047985e-06,0.7586153,0.21117324,0.49460045,0.5003798,0.53635347,0.46617293
1783532869.8139,85,left_eyeUpperLid_joint,9.047985e-06,0.7586153,0.21117324,0.49460045,0.5003798,0.53635347,0.46617293
1783532869.8139,85,left_eyeball_joint,9.047985e-06,0.7586153,0.21117324,0.49460045,0.5003798,0.53635347,0.46617293
1783532869.8139,85,nose_joint,-0.02985566,0.7225881,0.2326983,0.49460304,0.50037724,0.5363559,0.46617013
1783532869.8139,85,right_eye_joint,-0.0644377,0.7537275,0.21052805,0.49460045,0.5003798,0.53635347,0.46617293
1783532869.8139,85,right_eyeLowerLid_joint,-0.0644377,0.7537275,0.21052805,0.49460045,0.5003798,0.53635347,0.46617293
1783532869.8139,85,right_eyeUpperLid_joint,-0.0644377,0.7537275,0.21052805,0.49460045,0.5003798,0.53635347,0.46617293
1783532869.8139,85,right_eyeball_joint,-0.0644377,0.7537275,0.21052805,0.49460045,0.5003798,0.53635347,0.46617293
1783532869.8139,85,right_shoulder_1_joint,-0.11055219,0.5592799,0.061557055,0.79814315,0.103303775,0.059130087,0.5905933
1783532869.8139,85,right_arm_joint,-0.25149128,0.5252302,0.06556513,0.7002009,0.46262005,0.38869503,0.38028708
1783532869.8139,85,right_forearm_joint,-0.32325375,0.27427647,0.0143701695,0.57391727,0.6168532,0.278072,0.46128958
1783532869.8139,85,right_hand_joint,-0.34585327,0.015795002,0.08134018,0.18073975,0.32529324,0.5933098,0.7137939
1783532869.8139,85,right_handIndexStart_joint,-0.33746064,-0.0056870175,0.09848681,0.1397936,0.37323603,0.6047729,0.6894949
1783532869.8139,85,right_handIndex_1_joint,-0.33664855,-0.0810444,0.12624209,0.1397936,0.37323603,0.6047729,0.6894949
1783532869.8139,85,right_handIndex_2_joint,-0.33617595,-0.12485708,0.14237854,0.1397936,0.37323603,0.6047729,0.6894949
1783532869.8139,85,right_handIndex_3_joint,-0.33591196,-0.14939238,0.15141554,0.1397936,0.37323603,0.6047729,0.6894949
1783532869.8139,85,right_handIndexEnd_joint,-0.33572334,-0.16691732,0.15787052,0.1397936,0.37323603,0.6047729,0.6894949
1783532869.8139,85,right_handMidStart_joint,-0.34619334,-0.009168095,0.08982683,0.18013003,0.32590932,0.59373134,0.71331626
1783532869.8139,85,right_handMid_1_joint,-0.35246712,-0.08248123,0.10891083,0.18013003,0.32590932,0.59373134,0.71331626
1783532869.8139,85,right_handMid_2_joint,-0.356876,-0.13399787,0.12232145,0.18013003,0.32590932,0.59373134,0.71331626
1783532869.8139,85,right_handMid_3_joint,-0.35941935,-0.16371924,0.13005824,0.18013003,0.32590932,0.59373134,0.71331626
1783532869.8139,85,right_handMidEnd_joint,-0.3611152,-0.18353306,0.1352162,0.18013006,0.32590932,0.59373134,0.71331626
1783532869.8139,85,right_handPinkyStart_joint,-0.36265865,-0.012787582,0.06780868,0.2497678,0.24099216,0.5972489,0.72307223
1783532869.8139,85,right_handPinky_1_joint,-0.37348133,-0.07527807,0.07099401,0.2497678,0.24099216,0.5972489,0.72307223
1783532869.8139,85,right_handPinky_2_joint,-0.38016644,-0.11387585,0.0729619,0.2497678,0.24099216,0.5972489,0.72307223
1783532869.8139,85,right_handPinky_3_joint,-0.38366753,-0.13409345,0.073992096,0.2497678,0.24099216,0.5972489,0.72307223
1783532869.8139,85,right_handPinkyEnd_joint,-0.38685068,-0.1524729,0.074928865,0.2497678,0.24099216,0.5972489,0.72307223
1783532869.8139,85,right_handRingStart_joint,-0.35380435,-0.011358706,0.079659395,0.21595313,0.28440502,0.59613127,0.71910113
1783532869.8139,85,right_handRing_1_joint,-0.36270937,-0.079826385,0.09024615,0.21595313,0.28440502,0.59613127,0.71910113
1783532869.8139,85,right_handRing_2_joint,-0.36899504,-0.12815611,0.09771892,0.21595313,0.28440502,0.59613127,0.71910113
1783532869.8139,85,right_handRing_3_joint,-0.37292403,-0.15836255,0.10238981,0.21595313,0.28440502,0.59613127,0.71910113
1783532869.8139,85,right_handRingEnd_joint,-0.37554267,-0.17850074,0.10550316,0.21595313,0.28440502,0.59613127,0.71910113
1783532869.8139,85,right_handThumbStart_joint,-0.32758325,-0.0065524005,0.09249062,0.3348501,0.8563775,0.19891667,0.33900723
1783532869.8139,85,right_handThumb_1_joint,-0.29827175,-0.04459219,0.11651347,0.3348501,0.8563775,0.19891667,0.33900723
1783532869.8139,85,right_handThumb_2_joint,-0.27731976,-0.071780525,0.13368616,0.3348501,0.8563775,0.19891664,0.33900723
1783532869.8139,85,right_handThumbEnd_joint,-0.26335162,-0.08990626,0.14513384,0.3348501,0.8563775,0.19891664,0.33900723
1783532869.8139,85,camera,-0.114473626,0.0008575703,0.13192613,-0.07902838,-0.1133972,-0.7118676,0.68857837
1783532869.8470,86,root,-0.00035574436,0.019786643,-0.0023421752,-0.0057748402,-0.0060079675,-0.0044618174,0.99995536
1783532869.8470,86,hips_joint,-0.00035574436,0.019786643,-0.0023421752,-0.0057748402,-0.0060079675,-0.0044618174,0.99995536
1783532869.8470,86,left_upLeg_joint,0.0999369,-0.0060682045,0.00011643037,0.5757066,-0.4184043,0.57853526,-0.39849305
1783532869.8470,86,left_leg_joint,0.09171261,-0.40309933,0.14020438,-0.31628877,0.63253766,-0.3573226,0.610064
1783532869.8470,86,left_foot_joint,0.066301614,-0.7854572,-0.10936744,0.63906157,-0.3028892,0.6575063,-0.2598923
1783532869.8470,86,left_toes_joint,0.059131257,-0.8940852,-0.007588129,0.6848862,-0.17627434,0.6948469,-0.1305604
1783532869.8470,86,left_toesEnd_joint,0.05744711,-0.9197381,0.047355045,0.6848863,-0.17627415,0.69484687,-0.13056059
1783532869.8470,86,right_upLeg_joint,-0.101120524,-0.0042831074,-0.0023095487,0.42448008,0.51721257,0.47650987,0.5703035
1783532869.8470,86,right_leg_joint,-0.10569313,-0.41805068,0.07576047,0.5960438,0.29990315,0.6774249,0.30965328
1783532869.8470,86,right_foot_joint,-0.06101654,-0.77339834,-0.20860092,0.28426552,0.60365766,0.34231666,0.6615208
1783532869.8470,86,right_toes_joint,-0.06650589,-0.89204216,-0.11857879,0.16469869,0.64659417,0.21072973,0.71441126
1783532869.8470,86,right_toesEnd_joint,-0.07105648,-0.92322624,-0.06674773,0.1646992,0.6465943,0.21072929,0.71441114
1783532869.8470,86,spine_1_joint,-0.00035576415,0.019786643,-0.0023421757,0.47484502,0.52147603,0.49029598,0.5120497
1783532869.8470,86,spine_2_joint,-0.0017747219,0.077187136,-0.0062796054,0.4649906,0.53340703,0.4874623,0.51150906
1783532869.8470,86,spine_3_joint,-0.00432344,0.13443734,-0.011594871,0.4713274,0.52715117,0.49928367,0.50067765
1783532869.8470,86,spine_4_joint,-0.007206674,0.18732612,-0.0146302935,0.49440765,0.5044502,0.52223307,0.47787452
1783532869.8470,86,spine_5_joint,-0.011040582,0.25765067,-0.012438855,0.53795934,0.4571897,0.55925226,0.43452823
1783532869.8470,86,spine_6_joint,-0.015122957,0.34930655,0.0072797155,0.55646545,0.4341328,0.5744608,0.41457218
1783532869.8470,86,spine_7_joint,-0.01907092,0.45185095,0.037895992,0.5563853,0.43777442,0.56706566,0.42098224
1783532869.8470,86,left_shoulder_1_joint,0.06725441,0.5639691,0.06204313,-0.5838844,0.050798986,-0.06560946,0.8075853
1783532869.8470,86,left_arm_joint,0.21030681,0.5399935,0.06125517,-0.3643365,0.411011,-0.4077597,0.72942525
1783532869.8470,86,left_forearm_joint,0.29797703,0.30210775,-0.019200448,-0.45767468,0.28821316,-0.56403625,0.6239635
1783532869.8470,86,left_hand_joint,0.35092598,0.04279512,0.022769403,0.7410262,-0.56962335,0.27700746,-0.22288257
1783532869.8470,86,left_handIndexStart_joint,0.34465066,0.01865337,0.0392102,0.7212552,-0.58328825,0.32414907,-0.18572418
1783532869.8470,86,left_handIndex_1_joint,0.353437,-0.05858963,0.05936228,0.7212552,-0.58328825,0.32414907,-0.18572418
1783532869.8470,86,left_handIndex_2_joint,0.35854533,-0.10349834,0.071078606,0.7212552,-0.58328825,0.32414907,-0.18572418
1783532869.8470,86,left_handIndex_3_joint,0.361406,-0.12864722,0.07763975,0.7212552,-0.58328825,0.32414907,-0.18572418
1783532869.8470,86,left_handIndexEnd_joint,0.36344936,-0.14661072,0.08232628,0.7212552,-0.58328825,0.32414907,-0.18572418
1783532869.8470,86,left_handMidStart_joint,0.35341227,0.017064437,0.030040406,0.7416861,-0.5691853,0.27480826,-0.2245231
1783532869.8470,86,left_handMid_1_joint,0.36869258,-0.056496304,0.04159865,0.7416861,-0.5691853,0.27480826,-0.2245231
1783532869.8470,86,left_handMid_2_joint,0.3794301,-0.10818764,0.049720664,0.7416861,-0.5691853,0.27480826,-0.2245231
1783532869.8470,86,left_handMid_3_joint,0.3856248,-0.13800955,0.054406438,0.7416861,-0.5691853,0.27480826,-0.2245231
1783532869.8470,86,left_handMidEnd_joint,0.38975462,-0.15789083,0.057530288,0.7416861,-0.5691853,0.27480826,-0.2245231
1783532869.8470,86,left_handPinkyStart_joint,0.3693928,0.017525293,0.007381768,0.7469451,-0.5690128,0.185787,-0.28944942
1783532869.8470,86,left_handPinky_1_joint,0.38739005,-0.043283273,0.0040888777,0.7469451,-0.5690128,0.185787,-0.28944942
1783532869.8470,86,left_handPinky_2_joint,0.39850602,-0.080841504,0.002055033,0.7469451,-0.5690128,0.185787,-0.28944942
1783532869.8470,86,left_handPinky_3_joint,0.40432864,-0.10051486,0.0009896859,0.7469451,-0.5690128,0.185787,-0.28944942
1783532869.8470,86,left_handPinkyEnd_joint,0.40962195,-0.11839973,2.1187812e-05,0.7469451,-0.5690128,0.185787,-0.28944942
1783532869.8470,86,left_handRingStart_joint,0.36085853,0.016765364,0.0195254,0.74522203,-0.56974727,0.23114587,-0.2580776
1783532869.8470,86,left_handRing_1_joint,0.37789664,-0.050884664,0.02304815,0.74522203,-0.56974727,0.23114587,-0.2580776
1783532869.8470,86,left_handRing_2_joint,0.38992354,-0.098637626,0.025534796,0.74522203,-0.56974727,0.23114587,-0.2580776
1783532869.8470,86,left_handRing_3_joint,0.39744037,-0.12848322,0.027088951,0.74522203,-0.56974727,0.23114587,-0.2580776
1783532869.8470,86,left_handRingEnd_joint,0.40245157,-0.1483803,0.028125055,0.74522203,-0.56974727,0.23114587,-0.2580776
1783532869.8470,86,left_handThumbStart_joint,0.33473104,0.017215041,0.033397693,0.3459368,-0.22551893,0.819599,-0.39714813
1783532869.8470,86,left_handThumb_1_joint,0.31082702,-0.026121357,0.05422596,0.3459368,-0.22551893,0.819599,-0.39714813
1783532869.8470,86,left_handThumb_2_joint,0.2937397,-0.057096146,0.069115095,0.3459368,-0.2255189,0.819599,-0.39714813
1783532869.8470,86,left_handThumbEnd_joint,0.28234816,-0.07774601,0.079041176,0.3459368,-0.22551888,0.819599,-0.39714813
1783532869.8470,86,neck_1_joint,-0.022666177,0.58288133,0.06660523,0.5965655,0.37748,0.6124243,0.35574657
1783532869.8470,86,neck_2_joint,-0.02371946,0.6094649,0.08046907,0.5840729,0.3933627,0.6071621,0.36807546
1783532869.8470,86,neck_3_joint,-0.025589874,0.64572364,0.09725626,0.5651423,0.41727126,0.5965205,0.3881536
1783532869.8470,86,neck_4_joint,-0.027986042,0.6831124,0.11126855,0.54775625,0.4382907,0.5850114,0.40697336
1783532869.8470,86,head_joint,-0.031134564,0.7272866,0.124955796,0.48769844,0.50282925,0.5362805,0.4708689
1783532869.8470,86,jaw_joint,-0.029185748,0.70214474,0.12870996,0.48769844,0.50282925,0.5362805,0.4708689
1783532869.8470,86,chin_joint,-0.026600117,0.6472808,0.22609214,0.48769844,0.50282925,0.5362805,0.4708689
1783532869.8470,86,left_eye_joint,-0.0028560995,0.75792617,0.21365756,0.49206522,0.4985568,0.5403667,0.46617392
1783532869.8470,86,left_eyeLowerLid_joint,-0.0028560995,0.75792617,0.21365756,0.49206522,0.4985568,0.5403667,0.46617392
1783532869.8470,86,left_eyeUpperLid_joint,-0.0028560995,0.75792617,0.21365756,0.49206522,0.4985568,0.5403667,0.46617392
1783532869.8470,86,left_eyeball_joint,-0.0028560995,0.75792617,0.21365756,0.49206522,0.4985568,0.5403667,0.46617392
1783532869.8470,86,nose_joint,-0.032738134,0.7216884,0.23480166,0.49206784,0.49855426,0.54036915,0.46617112
1783532869.8470,86,right_eye_joint,-0.06727256,0.7527534,0.21245365,0.49206522,0.4985568,0.5403667,0.46617392
1783532869.8470,86,right_eyeLowerLid_joint,-0.06727256,0.7527534,0.21245365,0.49206522,0.4985568,0.5403667,0.46617392
1783532869.8470,86,right_eyeUpperLid_joint,-0.06727256,0.7527534,0.21245365,0.49206522,0.4985568,0.5403667,0.46617392
1783532869.8470,86,right_eyeball_joint,-0.06727256,0.7527534,0.21245365,0.49206522,0.4985568,0.5403667,0.46617392
1783532869.8470,86,right_shoulder_1_joint,-0.11140631,0.55895764,0.06247587,0.80050826,0.09994613,0.061199788,0.5877519
1783532869.8470,86,right_arm_joint,-0.25247112,0.5253126,0.06530509,0.69882596,0.46186176,0.39562574,0.37657225
1783532869.8470,86,right_forearm_joint,-0.3217147,0.2743588,0.010751758,0.572309,0.61645985,0.2862867,0.45878127
1783532869.8470,86,right_hand_joint,-0.3420896,0.014883633,0.07451581,0.18096486,0.32003525,0.5996335,0.71082294
1783532869.8470,86,right_handIndexStart_joint,-0.33360016,-0.006710045,0.09147348,0.13958223,0.36778602,0.6110948,0.68688715
1783532869.8470,86,right_handIndex_1_joint,-0.33220214,-0.08237673,0.11834993,0.13958223,0.36778602,0.6110948,0.68688715
1783532869.8470,86,right_handIndex_2_joint,-0.33138886,-0.12636924,0.13397543,0.13958223,0.36778602,0.6110948,0.68688715
1783532869.8470,86,right_handIndex_3_joint,-0.3309341,-0.15100525,0.1427263,0.13958223,0.36778602,0.6110948,0.68688715
1783532869.8470,86,right_handIndexEnd_joint,-0.3306092,-0.16860212,0.1489769,0.13958223,0.36778602,0.6110948,0.68688715
1783532869.8470,86,right_handMidStart_joint,-0.34223017,-0.010179958,0.08270674,0.18034756,0.3206475,0.6000539,0.710349
1783532869.8470,86,right_handMid_1_joint,-0.3478737,-0.08377457,0.10088248,0.18034756,0.3206475,0.6000539,0.710349
1783532869.8470,86,right_handMid_2_joint,-0.35183966,-0.135489,0.11365487,0.18034756,0.3206475,0.6000539,0.710349
1783532869.8470,86,right_handMid_3_joint,-0.3541275,-0.16532445,0.121023454,0.18034756,0.3206475,0.6000539,0.710349
1783532869.8470,86,right_handMidEnd_joint,-0.35565296,-0.18521436,0.12593594,0.18034758,0.3206475,0.6000539,0.710349
1783532869.8470,86,right_handPinkyStart_joint,-0.35849014,-0.013711688,0.06052236,0.25047264,0.23604172,0.603388,0.7193547
1783532869.8470,86,right_handPinky_1_joint,-0.3686766,-0.07634517,0.06289289,0.25047264,0.23604172,0.603388,0.7193547
1783532869.8470,86,right_handPinky_2_joint,-0.37496874,-0.11503128,0.0643575,0.25047264,0.23604172,0.603388,0.7193547
1783532869.8470,86,right_handPinky_3_joint,-0.378264,-0.13529514,0.06512409,0.25047264,0.23604172,0.603388,0.7193547
1783532869.8470,86,right_handPinkyEnd_joint,-0.38126007,-0.15371664,0.06582121,0.25047264,0.23604172,0.603388,0.7193547
1783532869.8470,86,right_handRingStart_joint,-0.3497409,-0.012330057,0.07245641,0.21641219,0.27929693,0.60237634,0.71575296
1783532869.8470,86,right_handRing_1_joint,-0.35800254,-0.08100717,0.08217233,0.21641219,0.27929693,0.60237634,0.71575296
1783532869.8470,86,right_handRing_2_joint,-0.36383405,-0.12948471,0.08903038,0.21641219,0.27929693,0.60237634,0.71575296
1783532869.8470,86,right_handRing_3_joint,-0.3674792,-0.15978356,0.09331708,0.21641219,0.27929693,0.60237634,0.71575296
1783532869.8470,86,right_handRingEnd_joint,-0.3699086,-0.17998333,0.096174285,0.21641219,0.27929693,0.60237634,0.71575296
1783532869.8470,86,right_handThumbStart_joint,-0.32366934,-0.007401309,0.08554334,0.33157504,0.8556482,0.20699163,0.3392331
1783532869.8470,86,right_handThumb_1_joint,-0.29413986,-0.04541292,0.10934279,0.33157504,0.8556482,0.20699163,0.3392331
1783532869.8470,86,right_handThumb_2_joint,-0.27303213,-0.07258113,0.12635581,0.33157504,0.8556482,0.20699161,0.3392331
1783532869.8470,86,right_handThumbEnd_joint,-0.25896013,-0.09069342,0.13769706,0.33157504,0.8556482,0.2069916,0.3392331
1783532869.8470,86,camera,-0.11444609,0.0009124025,0.13206951,-0.0793763,-0.11402996,-0.71160394,0.6887063
1783532869.8791,87,root,-0.00033942284,0.020043258,-0.0022255688,-0.0068047596,-0.0036246665,-0.0058334605,0.9999532
1783532869.8791,87,hips_joint,-0.00033942284,0.020043258,-0.0022255688,-0.0068047596,-0.0036246665,-0.0058334605,0.9999532
1783532869.8791,87,left_upLeg_joint,0.09989157,-0.0060860845,-0.00019162595,0.5769642,-0.42088664,0.57561827,-0.3982843
1783532869.8791,87,left_leg_joint,0.09274806,-0.4036864,0.13833256,-0.31850576,0.6346531,-0.35827014,0.6061452
1783532869.8791,87,left_foot_joint,0.06426509,-0.7871878,-0.109144345,0.6421114,-0.30318728,0.65583557,-0.25622305
1783532869.8791,87,left_toes_joint,0.05769493,-0.8953015,-0.0067785927,0.6879374,-0.17598902,0.692511,-0.12727432
1783532869.8791,87,left_toesEnd_joint,0.05641614,-0.9206828,0.048301514,0.6879375,-0.17598881,0.6925109,-0.12727453
1783532869.8791,87,right_upLeg_joint,-0.10116939,-0.0037453626,-0.0016647881,0.4218652,0.5218533,0.47084856,0.5727131
1783532869.8791,87,right_leg_joint,-0.106197774,-0.4162591,0.082753904,0.5977493,0.30130574,0.6750222,0.31025052
1783532869.8791,87,right_foot_joint,-0.063722074,-0.77252966,-0.20078868,0.2847431,0.60581356,0.34005684,0.6605093
1783532869.8791,87,right_toes_joint,-0.06889386,-0.89089423,-0.11038107,0.16475901,0.64880145,0.20870258,0.7129897
1783532869.8791,87,right_toesEnd_joint,-0.073200695,-0.9219155,-0.058431607,0.16475949,0.64880157,0.20870212,0.7129896
1783532869.8791,87,spine_1_joint,-0.00033944263,0.020043258,-0.002225569,0.47592497,0.52195114,0.48929927,0.5115158
1783532869.8791,87,spine_2_joint,-0.001703092,0.0774458,-0.0061525647,0.46569332,0.5334069,0.48781252,0.51053464
1783532869.8791,87,spine_3_joint,-0.00429113,0.13470507,-0.011349773,0.4716368,0.5266616,0.5007974,0.49938774
1783532869.8791,87,spine_4_joint,-0.0072802505,0.18759853,-0.014194944,0.49422234,0.50355905,0.5246087,0.47640145
1783532869.8791,87,spine_5_joint,-0.011337634,0.25789997,-0.011687109,0.5371335,0.45606276,0.56217706,0.43295643
1783532869.8791,87,spine_6_joint,-0.015843926,0.34944147,0.00846553,0.5550652,0.43279442,0.57774276,0.41328558
1783532869.8791,87,spine_7_joint,-0.020356148,0.45182556,0.039536867,0.5545063,0.4362252,0.5704587,0.42048457
1783532869.8791,87,left_shoulder_1_joint,0.06542715,0.5641401,0.064682186,-0.5837655,0.045294825,-0.06714022,0.8078727
1783532869.8791,87,left_arm_joint,0.20857403,0.5407342,0.06543694,-0.362547,0.4061903,-0.4129701,0.7300854
1783532869.8791,87,left_forearm_joint,0.296065,0.30200255,-0.012673988,-0.45352864,0.2854721,-0.5699629,0.622864
1783532869.8791,87,left_hand_joint,0.34625468,0.04235052,0.030568004,0.7370534,-0.571001,0.28339028,-0.2244995
1783532869.8791,87,left_handIndexStart_joint,0.33956242,0.018302461,0.04698163,0.71687746,-0.5847656,0.33026075,-0.18725267
1783532869.8791,87,left_handIndex_1_joint,0.34742913,-0.058963906,0.067421876,0.71687746,-0.5847656,0.33026075,-0.18725267
1783532869.8791,87,left_handIndex_2_joint,0.35200277,-0.10388622,0.07930574,0.71687746,-0.5847656,0.33026075,-0.18725267
1783532869.8791,87,left_handIndex_3_joint,0.35456404,-0.12904271,0.0859607,0.71687746,-0.5847656,0.33026075,-0.18725267
1783532869.8791,87,left_handIndexEnd_joint,0.3563935,-0.14701164,0.090714246,0.71687746,-0.5847656,0.33026075,-0.18725267
1783532869.8791,87,left_handMidStart_joint,0.34842753,0.016617129,0.03792927,0.73773116,-0.5705579,0.28120187,-0.22614576
1783532869.8791,87,left_handMid_1_joint,0.36292952,-0.05704294,0.049851764,0.73773116,-0.5705579,0.28120187,-0.22614576
1783532869.8791,87,left_handMid_2_joint,0.3731201,-0.10880407,0.058229737,0.73773116,-0.5705579,0.28120187,-0.22614576
1783532869.8791,87,left_handMid_3_joint,0.3789993,-0.13866626,0.06306318,0.73773116,-0.5705579,0.28120187,-0.22614576
1783532869.8791,87,left_handMidEnd_joint,0.38291875,-0.15857439,0.066285476,0.73773116,-0.5705579,0.28120187,-0.22614576
1783532869.8791,87,left_handPinkyStart_joint,0.36470187,0.016887814,0.015477664,0.7436404,-0.5700936,0.19249359,-0.29144192
1783532869.8791,87,left_handPinky_1_joint,0.38222057,-0.044079244,0.012556201,0.7436404,-0.5700936,0.19249359,-0.29144192
1783532869.8791,87,left_handPinky_2_joint,0.39304093,-0.08173537,0.010751767,0.7436404,-0.5700936,0.19249359,-0.29144192
1783532869.8791,87,left_handPinky_3_joint,0.39870873,-0.10146001,0.009806588,0.7436404,-0.5700936,0.19249359,-0.29144192
1783532869.8791,87,left_handPinkyEnd_joint,0.40386125,-0.11939149,0.008947334,0.7436404,-0.5700936,0.19249359,-0.29144192
1783532869.8791,87,left_handRingStart_joint,0.35600573,0.016229568,0.027511902,0.74158525,-0.57096976,0.23770723,-0.25988466
1783532869.8791,87,left_handRing_1_joint,0.37241927,-0.051554218,0.03140876,0.74158525,-0.57096976,0.23770723,-0.25988466
1783532869.8791,87,left_handRing_2_joint,0.3840053,-0.099401586,0.03415949,0.74158525,-0.57096976,0.23770723,-0.25988466
1783532869.8791,87,left_handRing_3_joint,0.39124656,-0.1293062,0.03587869,0.74158525,-0.57096976,0.23770723,-0.25988466
1783532869.8791,87,left_handRingEnd_joint,0.39607406,-0.14924261,0.037024826,0.74158525,-0.57096976,0.23770723,-0.25988466
1783532869.8791,87,left_handThumbStart_joint,0.3297066,0.016934609,0.041044954,0.34014875,-0.22346655,0.82375854,-0.39469397
1783532869.8791,87,left_handThumb_1_joint,0.30516747,-0.026146945,0.061662156,0.34014875,-0.22346655,0.82375854,-0.39469397
1783532869.8791,87,left_handThumb_2_joint,0.28762618,-0.05693956,0.076400414,0.34014875,-0.22346655,0.82375854,-0.39469397
1783532869.8791,87,left_handThumbEnd_joint,0.27593198,-0.077467985,0.08622591,0.34014872,-0.22346649,0.8237586,-0.39469394
1783532869.8791,87,neck_1_joint,-0.024585161,0.5827357,0.0687041,0.5942745,0.37630394,0.6159868,0.35467365
1783532869.8791,87,neck_2_joint,-0.025847822,0.6092619,0.08266011,0.58164364,0.39223903,0.6108635,0.3669947
1783532869.8791,87,neck_3_joint,-0.028008277,0.64544797,0.09956854,0.56271565,0.41606253,0.6002645,0.38720247
1783532869.8791,87,neck_4_joint,-0.030682318,0.6827719,0.11370275,0.5453575,0.43699396,0.5887761,0.4061581
1783532869.8791,87,head_joint,-0.0341383,0.7268788,0.12753186,0.48544598,0.50124985,0.54009885,0.47051483
1783532869.8791,87,jaw_joint,-0.032098338,0.70173246,0.13120602,0.48544598,0.50124985,0.54009885,0.47051483
1783532869.8791,87,chin_joint,-0.029961472,0.6465141,0.22839849,0.48544598,0.50124985,0.54009885,0.47051483
1783532869.8791,87,left_eye_joint,-0.0066494867,0.7573156,0.2165511,0.48979905,0.49699703,0.54418176,0.46578658
1783532869.8791,87,left_eyeLowerLid_joint,-0.0066494867,0.7573156,0.2165511,0.48979905,0.49699703,0.54418176,0.46578658
1783532869.8791,87,left_eyeUpperLid_joint,-0.0066494867,0.7573156,0.2165511,0.48979905,0.49699703,0.54418176,0.46578658
1783532869.8791,87,left_eyeball_joint,-0.0066494867,0.7573156,0.2165511,0.48979905,0.49699703,0.54418176,0.46578658
1783532869.8791,87,nose_joint,-0.036513153,0.7208586,0.23734134,0.48980173,0.49699458,0.5441842,0.46578377
1783532869.8791,87,right_eye_joint,-0.071030356,0.75184554,0.21485883,0.48979905,0.49699703,0.54418176,0.46578658
1783532869.8791,87,right_eyeLowerLid_joint,-0.071030356,0.75184554,0.21485883,0.48979905,0.49699703,0.54418176,0.46578658
1783532869.8791,87,right_eyeUpperLid_joint,-0.071030356,0.75184554,0.21485883,0.48979905,0.49699703,0.54418176,0.46578658
1783532869.8791,87,right_eyeball_joint,-0.071030356,0.75184554,0.21485883,0.48979905,0.49699703,0.54418176,0.46578658
1783532869.8791,87,right_shoulder_1_joint,-0.11321456,0.5585322,0.06388484,0.802164,0.098308586,0.062873095,0.5855898
1783532869.8791,87,right_arm_joint,-0.25431332,0.5249744,0.065954395,0.69626206,0.46423993,0.4015369,0.3721138
1783532869.8791,87,right_forearm_joint,-0.3198785,0.27353784,0.009126596,0.5678419,0.61984086,0.2939245,0.45493022
1783532869.8791,87,right_hand_joint,-0.3356382,0.013238277,0.07080363,0.1797149,0.3181388,0.6077682,0.70505905
1783532869.8791,87,right_handIndexStart_joint,-0.32680583,-0.008325944,0.08762307,0.13777755,0.36549896,0.6191208,0.68126166
1783532869.8791,87,right_handIndex_1_joint,-0.32409123,-0.08416149,0.11391647,0.13777755,0.36549896,0.6191208,0.68126166
1783532869.8791,87,right_handIndex_2_joint,-0.32251248,-0.12825216,0.12920298,0.13777755,0.36549896,0.6191208,0.68126166
1783532869.8791,87,right_handIndex_3_joint,-0.32162905,-0.15294316,0.137764,0.13777755,0.36549896,0.6191208,0.68126166
1783532869.8791,87,right_handIndexEnd_joint,-0.32099798,-0.1705793,0.14387903,0.13777755,0.36549896,0.6191208,0.68126166
1783532869.8791,87,right_handMidStart_joint,-0.33534014,-0.011886892,0.07879933,0.17908937,0.3187445,0.6081854,0.7045847
1783532869.8791,87,right_handMid_1_joint,-0.33967495,-0.08571353,0.0963836,0.17908937,0.3187445,0.6081854,0.7045847
1783532869.8791,87,right_handMid_2_joint,-0.3427213,-0.13759102,0.10874037,0.17908937,0.3187445,0.6081854,0.7045847
1783532869.8791,87,right_handMid_3_joint,-0.34447864,-0.16752054,0.115869164,0.17908937,0.3187445,0.6081854,0.7045847
1783532869.8791,87,right_handMidEnd_joint,-0.34565043,-0.18747316,0.120621815,0.17908937,0.3187445,0.6081854,0.7045847
1783532869.8791,87,right_handPinkyStart_joint,-0.35145655,-0.015546431,0.05653108,0.2500265,0.23476642,0.6113944,0.7131399
1783532869.8791,87,right_handPinky_1_joint,-0.36048403,-0.07837493,0.058379754,0.2500265,0.23476642,0.6113944,0.7131399
1783532869.8791,87,right_handPinky_2_joint,-0.36606032,-0.11718151,0.059522033,0.2500265,0.23476642,0.6113944,0.7131399
1783532869.8791,87,right_handPinky_3_joint,-0.36898062,-0.13750845,0.06011979,0.2500265,0.23476642,0.6113944,0.7131399
1783532869.8791,87,right_handPinkyEnd_joint,-0.37163582,-0.1559873,0.06066343,0.2500265,0.23476642,0.6113944,0.7131399
1783532869.8791,87,right_handRingStart_joint,-0.34277487,-0.0140959,0.06850623,0.21555348,0.27771288,0.610459,0.70975506
1783532869.8791,87,right_handRing_1_joint,-0.3497903,-0.0829885,0.07765991,0.21555348,0.27771288,0.610459,0.70975506
1783532869.8791,87,right_handRing_2_joint,-0.3547421,-0.13161816,0.08412111,0.21555348,0.27771288,0.610459,0.70975506
1783532869.8791,87,right_handRing_3_joint,-0.35783744,-0.16201207,0.08815977,0.21555348,0.27771288,0.610459,0.70975506
1783532869.8791,87,right_handRingEnd_joint,-0.35990027,-0.18227522,0.09085161,0.21555348,0.27771288,0.610459,0.70975506
1783532869.8791,87,right_handThumbStart_joint,-0.31684393,-0.008786211,0.081722766,0.3245683,0.857294,0.21403877,0.33747566
1783532869.8791,87,right_handThumb_1_joint,-0.28669304,-0.046427686,0.10533045,0.3245683,0.857294,0.21403877,0.33747566
1783532869.8791,87,right_handThumb_2_joint,-0.26514116,-0.07333133,0.12220645,0.3245683,0.8572941,0.21403876,0.33747566
1783532869.8791,87,right_handThumbEnd_joint,-0.25077304,-0.09126725,0.13345633,0.3245683,0.8572941,0.21403874,0.33747566
1783532869.8791,87,camera,-0.11417222,0.00095016416,0.13234918,-0.07897523,-0.11411004,-0.7118149,0.68852115
1783532869.9136,88,root,-0.00026433915,0.019971415,-0.0026330426,-0.007365412,-0.0027862221,-0.0066631036,0.9999468
1783532869.9136,88,hips_joint,-0.00026433915,0.019971415,-0.0026330426,-0.007365412,-0.0027862221,-0.0066631036,0.9999468
1783532869.9136,88,left_upLeg_joint,0.09992605,-0.006323583,-0.00073767453,0.5768486,-0.42284864,0.5745352,-0.39793715
1783532869.9136,88,left_leg_joint,0.09243742,-0.40430486,0.1366698,-0.32101917,0.6349758,-0.36212188,0.60217977
1783532869.9136,88,left_foot_joint,0.061042115,-0.7901819,-0.10672854,0.6442888,-0.30189115,0.65642226,-0.2507262
1783532869.9136,88,left_toes_joint,0.054476243,-0.89721274,-0.0032308768,0.6898296,-0.1743037,0.6920452,-0.12176588
1783532869.9136,88,left_toesEnd_joint,0.05334732,-0.9220238,0.05211173,0.68982965,-0.17430349,0.69204515,-0.12176609
1783532869.9136,88,right_upLeg_joint,-0.10113291,-0.00364758,-0.0018774347,0.42015207,0.5246968,0.4665935,0.5748529
1783532869.9136,88,right_leg_joint,-0.107014485,-0.41520303,0.0870433,0.597479,0.30574754,0.67047644,0.3162254
1783532869.9136,88,right_foot_joint,-0.06766664,-0.7762004,-0.19091712,0.28179112,0.6091434,0.33279383,0.6624094
1783532869.9136,88,right_toes_joint,-0.0730892,-0.8930702,-0.09859972,0.16122942,0.65151143,0.20121107,0.7134788
1783532869.9136,88,right_toesEnd_joint,-0.07734108,-0.9232306,-0.04614128,0.16122991,0.65151155,0.20121062,0.7134787
1783532869.9136,88,spine_1_joint,-0.0002643589,0.019971415,-0.0026330426,0.4764787,0.52177167,0.48938617,0.5111003
1783532869.9136,88,spine_2_joint,-0.0016162209,0.077379085,-0.006488577,0.46611056,0.5328761,0.48895696,0.5096127
1783532869.9136,88,spine_3_joint,-0.0042677885,0.13465086,-0.01151322,0.47179335,0.5258467,0.5027768,0.49810815
1783532869.9136,88,spine_4_joint,-0.0073766904,0.18754888,-0.014136409,0.49396172,0.5025719,0.5271265,0.4749325
1783532869.9136,88,spine_5_joint,-0.011666822,0.2578241,-0.011302221,0.5362986,0.45512232,0.5648632,0.43148246
1783532869.9136,88,spine_6_joint,-0.016581802,0.34925914,0.009234509,0.55374885,0.4319316,0.5803865,0.41224864
1783532869.9136,88,spine_7_joint,-0.021592226,0.45152166,0.040628128,0.5528511,0.43540263,0.5727587,0.42039022
1783532869.9136,88,left_shoulder_1_joint,0.06377325,0.56401426,0.066391826,-0.58471847,0.041037202,-0.06985915,0.8071804
1783532869.9136,88,left_arm_joint,0.20691872,0.5406949,0.06863241,-0.360861,0.40211666,-0.4208958,0.7286483
1783532869.9136,88,left_forearm_joint,0.29264554,0.30035314,-0.006437855,-0.44966382,0.28331766,-0.57859284,0.6186793
1783532869.9136,88,left_hand_joint,0.33817986,0.04022846,0.039057855,0.73144835,-0.574474,0.29157895,-0.22348346
1783532869.9136,88,left_handIndexStart_joint,0.3309039,0.016395232,0.055536356,0.71075284,-0.58816296,0.33807054,-0.18601951
1783532869.9136,88,left_handIndex_1_joint,0.33729225,-0.06085166,0.076557614,0.71075284,-0.58816296,0.33807054,-0.18601951
1783532869.9136,88,left_handIndex_2_joint,0.3410064,-0.10576264,0.08877928,0.71075284,-0.58816296,0.33807054,-0.18601951
1783532869.9136,88,left_handIndex_3_joint,0.3430863,-0.1309128,0.095623404,0.71075284,-0.58816296,0.33807054,-0.18601951
1783532869.9136,88,left_handIndexEnd_joint,0.34457198,-0.14887719,0.10051207,0.71075284,-0.58816296,0.33807054,-0.18601951
1783532869.9136,88,left_handMidStart_joint,0.3398535,0.014512174,0.04660695,0.7321485,-0.57403284,0.28940648,-0.22514196
1783532869.9136,88,left_handMid_1_joint,0.3530391,-0.059288356,0.059172153,0.7321485,-0.57403284,0.28940648,-0.22514196
1783532869.9136,88,left_handMid_2_joint,0.3623046,-0.111148186,0.068001755,0.7321485,-0.57403284,0.28940648,-0.22514196
1783532869.9136,88,left_handMid_3_joint,0.3676501,-0.14106733,0.07309576,0.7321485,-0.57403284,0.28940648,-0.22514196
1783532869.9136,88,left_handMidEnd_joint,0.37121376,-0.16101341,0.07649176,0.7321485,-0.57403284,0.28940648,-0.22514196
1783532869.9136,88,left_handPinkyStart_joint,0.35640895,0.014381692,0.024360541,0.7388246,-0.5734884,0.2012536,-0.29111233
1783532869.9136,88,left_handPinky_1_joint,0.3729965,-0.04687105,0.02204167,0.7388246,-0.5734884,0.2012536,-0.29111233
1783532869.9136,88,left_handPinky_2_joint,0.3832418,-0.08470363,0.020609424,0.7388246,-0.5734884,0.2012536,-0.29111233
1783532869.9136,88,left_handPinky_3_joint,0.38860837,-0.1045207,0.0198592,0.7388246,-0.5734884,0.2012536,-0.29111233
1783532869.9136,88,left_handPinkyEnd_joint,0.39348704,-0.12253622,0.01917718,0.7388246,-0.5734884,0.2012536,-0.29111233
1783532869.9136,88,left_handRingStart_joint,0.347554,0.0139381215,0.036288343,0.736379,-0.5744021,0.24620575,-0.2592123
1783532869.9136,88,left_handRing_1_joint,0.36284378,-0.054068916,0.04081593,0.736379,-0.5744021,0.24620575,-0.2592123
1783532869.9136,88,left_handRing_2_joint,0.37363654,-0.102073886,0.044011872,0.736379,-0.5744021,0.24620575,-0.2592123
1783532869.9136,88,left_handRing_3_joint,0.38038203,-0.13207698,0.04600934,0.736379,-0.5744021,0.24620575,-0.2592123
1783532869.9136,88,left_handRingEnd_joint,0.38487902,-0.15207906,0.04734098,0.736379,-0.5744021,0.24620575,-0.2592123
1783532869.9136,88,left_handThumbStart_joint,0.32110253,0.0151442615,0.049484875,0.33446342,-0.22104304,0.8296672,-0.38849282
1783532869.9136,88,left_handThumb_1_joint,0.29562986,-0.02741178,0.070061326,0.33446342,-0.22104304,0.8296672,-0.38849282
1783532869.9136,88,left_handThumb_2_joint,0.27742133,-0.057828743,0.084770426,0.33446342,-0.22104299,0.8296672,-0.38849282
1783532869.9136,88,left_handThumbEnd_joint,0.26528233,-0.078106724,0.09457649,0.33446342,-0.22104296,0.8296672,-0.38849282
1783532869.9136,88,neck_1_joint,-0.026305856,0.5823719,0.06998976,0.5924493,0.3756904,0.6183957,0.35418594
1783532869.9136,88,neck_2_joint,-0.027719246,0.6088682,0.083987996,0.5797695,0.39160612,0.61334485,0.3664976
1783532869.9136,88,neck_3_joint,-0.030083034,0.64501464,0.10095407,0.5608331,0.4153684,0.6027701,0.38678652
1783532869.9136,88,neck_4_joint,-0.03295205,0.6823023,0.11514563,0.54349,0.43623298,0.5912867,0.4058325
1783532869.9136,88,head_joint,-0.036623303,0.726371,0.12904096,0.48366544,0.50026923,0.54261756,0.4704945
1783532869.9136,88,jaw_joint,-0.0345215,0.70122427,0.13267756,0.48366544,0.50026923,0.54261756,0.4704945
1783532869.9136,88,chin_joint,-0.032718327,0.64582485,0.22977376,0.48366544,0.50026923,0.54261756,0.4704945
1783532869.9136,88,left_eye_joint,-0.009702303,0.75672364,0.21826226,0.48801005,0.4960321,0.5467002,0.4657444
1783532869.9136,88,left_eyeLowerLid_joint,-0.009702303,0.75672364,0.21826226,0.48801005,0.4960321,0.5467002,0.4657444
1783532869.9136,88,left_eyeUpperLid_joint,-0.009702303,0.75672364,0.21826226,0.48801005,0.4960321,0.5467002,0.4657444
1783532869.9136,88,left_eyeball_joint,-0.009702303,0.75672364,0.21826226,0.48801005,0.4960321,0.5467002,0.4657444
1783532869.9136,88,nose_joint,-0.03955716,0.72013044,0.23882465,0.4880126,0.49602944,0.5467027,0.46574143
1783532869.9136,88,right_eye_joint,-0.07405538,0.7510496,0.21621996,0.48801005,0.4960321,0.5467002,0.4657444
1783532869.9136,88,right_eyeLowerLid_joint,-0.07405538,0.7510496,0.21621996,0.48801005,0.4960321,0.5467002,0.4657444
1783532869.9136,88,right_eyeUpperLid_joint,-0.07405538,0.7510496,0.21621996,0.48801005,0.4960321,0.5467002,0.4657444
1783532869.9136,88,right_eyeball_joint,-0.07405538,0.7510496,0.21621996,0.48801005,0.4960321,0.5467002,0.4657444
1783532869.9136,88,right_shoulder_1_joint,-0.114847116,0.5579487,0.064682975,0.8027477,0.09853578,0.062940724,0.58474404
1783532869.9136,88,right_arm_joint,-0.25593042,0.5243253,0.066740565,0.69350034,0.46976507,0.40403163,0.36760962
1783532869.9136,88,right_forearm_joint,-0.3176813,0.27200672,0.009550428,0.56146306,0.6274577,0.2993039,0.44885823
1783532869.9136,88,right_hand_joint,-0.32663903,0.011196613,0.070428826,0.1782748,0.32098463,0.6166484,0.69637084
1783532869.9136,88,right_handIndexStart_joint,-0.3171921,-0.010193944,0.08713571,0.13573538,0.3677429,0.6278765,0.67239326
1783532869.9136,88,right_handIndex_1_joint,-0.31245953,-0.086022235,0.11316301,0.13573538,0.3677429,0.6278765,0.67239326
1783532869.9136,88,right_handIndex_2_joint,-0.30970755,-0.13010865,0.12829481,0.13573538,0.3677429,0.6278765,0.67239326
1783532869.9136,88,right_handIndex_3_joint,-0.30816713,-0.15479732,0.13676919,0.13573538,0.3677429,0.6278765,0.67239326
1783532869.9136,88,right_handIndexEnd_joint,-0.30706677,-0.17243177,0.14282233,0.13573538,0.3677429,0.6278765,0.67239326
1783532869.9136,88,right_handMidStart_joint,-0.32567555,-0.013938892,0.078339115,0.17764188,0.3215806,0.617062,0.695891
1783532869.9136,88,right_handMid_1_joint,-0.32808074,-0.08790723,0.095696256,0.17764188,0.3215806,0.617062,0.695891
1783532869.9136,88,right_handMid_2_joint,-0.3297712,-0.13988432,0.10789343,0.17764188,0.3215806,0.617062,0.695891
1783532869.9136,88,right_handMid_3_joint,-0.33074623,-0.16987129,0.11493015,0.17764188,0.3215806,0.617062,0.695891
1783532869.9136,88,right_handMidEnd_joint,-0.33139652,-0.18986222,0.11962141,0.17764188,0.3215806,0.617062,0.695891
1783532869.9136,88,right_handPinkyStart_joint,-0.3417985,-0.017928798,0.05613244,0.2496453,0.23851134,0.62007684,0.7044819
1783532869.9136,88,right_handPinky_1_joint,-0.34924302,-0.08096921,0.05781235,0.2496453,0.23851134,0.62007684,0.7044819
1783532869.9136,88,right_handPinky_2_joint,-0.35384154,-0.11990668,0.058850393,0.2496453,0.23851134,0.62007684,0.7044819
1783532869.9136,88,right_handPinky_3_joint,-0.3562497,-0.14030217,0.059393547,0.2496453,0.23851134,0.62007684,0.7044819
1783532869.9136,88,right_handPinkyEnd_joint,-0.3584393,-0.15884337,0.05988755,0.2496453,0.23851134,0.62007684,0.7044819
1783532869.9136,88,right_handRingStart_joint,-0.33310038,-0.01630007,0.06807268,0.21463005,0.2810167,0.61924887,0.701067
1783532869.9136,88,right_handRing_1_joint,-0.33834788,-0.08537585,0.077028066,0.21463005,0.2810167,0.61924887,0.701067
1783532869.9136,88,right_handRing_2_joint,-0.34205177,-0.1341348,0.08334928,0.21463005,0.2810167,0.61924887,0.701067
1783532869.9136,88,right_handRing_3_joint,-0.3443671,-0.16460957,0.08730045,0.21463005,0.2810167,0.61924887,0.701067
1783532869.9136,88,right_handRingEnd_joint,-0.34590995,-0.18492657,0.08993397,0.21463005,0.2810167,0.61924887,0.701067
1783532869.9136,88,right_handThumbStart_joint,-0.30724928,-0.010385709,0.08118856,0.31486222,0.86170894,0.2189044,0.33226612
1783532869.9136,88,right_handThumb_1_joint,-0.27605706,-0.047336757,0.10453275,0.31486222,0.86170894,0.21890439,0.33226612
1783532869.9136,88,right_handThumb_2_joint,-0.25376093,-0.07374689,0.12122039,0.31486222,0.86170894,0.21890436,0.33226612
1783532869.9136,88,right_handThumbEnd_joint,-0.23889664,-0.09135379,0.13234471,0.31486228,0.86170894,0.21890435,0.33226612
1783532869.9136,88,camera,-0.11384491,0.00031266746,0.13267519,-0.07893331,-0.11382345,-0.71219134,0.688184
1783532869.9443,89,root,-0.00027627422,0.0201871,-0.0023751298,-0.008861112,-0.0016569486,-0.008069831,0.9999268
1783532869.9443,89,hips_joint,-0.00027627422,0.0201871,-0.0023751298,-0.008861112,-0.0016569486,-0.008069831,0.9999268
1783532869.9443,89,left_upLeg_joint,0.0998432,-0.0063867853,-0.00062739,0.5760318,-0.4252133,0.57439595,-0.3968
1783532869.9443,89,left_leg_joint,0.0908003,-0.40462765,0.13593203,-0.32142127,0.6357415,-0.36533803,0.5992072
1783532869.9443,89,left_foot_joint,0.056375027,-0.7917414,-0.105080955,0.6450777,-0.3022461,0.65712094,-0.24640273
1783532869.9443,89,left_toes_joint,0.049471673,-0.8981169,-0.00093162537,0.69067144,-0.17450266,0.69191176,-0.117388345
1783532869.9443,89,left_toesEnd_joint,0.04835674,-0.9225929,0.054560218,0.69067156,-0.17450246,0.69191164,-0.11738857
1783532869.9443,89,right_upLeg_joint,-0.10120943,-0.0031427979,-0.0013220476,0.41755274,0.52894205,0.46083447,0.5774959
1783532869.9443,89,right_leg_joint,-0.10782209,-0.41328025,0.09387799,0.59998107,0.3061034,0.66762114,0.3171835
1783532869.9443,89,right_foot_joint,-0.07176954,-0.7749318,-0.18367885,0.28354135,0.6109665,0.32995525,0.6614028
1783532869.9443,89,right_toes_joint,-0.07708979,-0.89161396,-0.091118485,0.16260238,0.65363324,0.19861472,0.71195245
1783532869.9443,89,right_toesEnd_joint,-0.08113166,-0.9216633,-0.03857973,0.16260287,0.6536333,0.19861428,0.7119523
1783532869.9443,89,spine_1_joint,-0.000276294,0.0201871,-0.0023751298,0.47674856,0.5220817,0.4885131,0.51136744
1783532869.9443,89,spine_2_joint,-0.001567116,0.077591635,-0.0062976615,0.46611568,0.5328866,0.4891439,0.5094176
1783532869.9443,89,spine_3_joint,-0.004241014,0.13486426,-0.011300636,0.4715638,0.5255122,0.5039048,0.4975385
1783532869.9443,89,spine_4_joint,-0.0074330852,0.18776192,-0.01383019,0.49345672,0.50190324,0.5289193,0.47417116
1783532869.9443,89,spine_5_joint,-0.011894912,0.2580187,-0.010810203,0.5354724,0.4541751,0.5669855,0.43072304
1783532869.9443,89,spine_6_joint,-0.017100591,0.34937736,0.009993324,0.5527852,0.43057856,0.58253133,0.4119324
1783532869.9443,89,spine_7_joint,-0.022398014,0.45153838,0.04166913,0.5520213,0.43351048,0.57453084,0.42101786
1783532869.9443,89,left_shoulder_1_joint,0.06290296,0.56391937,0.06812429,-0.58479637,0.038529366,-0.07383067,0.8068941
1783532869.9443,89,left_arm_joint,0.20594074,0.54010063,0.07163065,-0.35782143,0.3998527,-0.42859438,0.72690386
1783532869.9443,89,left_forearm_joint,0.2891545,0.29825372,-0.0014061641,-0.44484192,0.28342327,-0.58577573,0.61534923
1783532869.9443,89,left_hand_joint,0.33017448,0.037499808,0.04477756,0.72559327,-0.57888097,0.29725188,-0.22372606
1783532869.9443,89,left_handIndexStart_joint,0.3223636,0.013800065,0.061203673,0.7045408,-0.5925734,0.34335288,-0.18598056
1783532869.9443,89,left_handIndex_1_joint,0.32733732,-0.06351475,0.08235731,0.7045408,-0.5925734,0.34335288,-0.18598056
1783532869.9443,89,left_handIndex_2_joint,0.33022907,-0.10846521,0.09465594,0.7045408,-0.5925734,0.34335288,-0.18598056
1783532869.9443,89,left_handIndex_3_joint,0.33184844,-0.13363747,0.10154317,0.7045408,-0.5925734,0.34335288,-0.18598056
1783532869.9443,89,left_handIndexEnd_joint,0.33300513,-0.15161766,0.10646263,0.7045408,-0.5925734,0.34335288,-0.18598056
1783532869.9443,89,left_handMidStart_joint,0.33137175,0.011768541,0.052366156,0.7263085,-0.57843816,0.29509568,-0.22539888
1783532869.9443,89,left_handMid_1_joint,0.34327996,-0.062215023,0.06512924,0.7263085,-0.57843816,0.29509568,-0.22539888
1783532869.9443,89,left_handMid_2_joint,0.35164785,-0.11420347,0.0740979,0.7263085,-0.57843816,0.29509568,-0.22539888
1783532869.9443,89,left_handMid_3_joint,0.3564755,-0.14419681,0.07927213,0.7263085,-0.57843816,0.29509568,-0.22539888
1783532869.9443,89,left_handMidEnd_joint,0.35969394,-0.16419236,0.08272161,0.7263085,-0.57843816,0.29509568,-0.22539888
1783532869.9443,89,left_handPinkyStart_joint,0.34814513,0.011356983,0.030287001,0.73346245,-0.5776581,0.20749329,-0.29204667
1783532869.9443,89,left_handPinky_1_joint,0.3637992,-0.050148945,0.028189609,0.73346245,-0.5776581,0.20749329,-0.29204667
1783532869.9443,89,left_handPinky_2_joint,0.3734679,-0.088137895,0.026894161,0.73346245,-0.5776581,0.20749329,-0.29204667
1783532869.9443,89,left_handPinky_3_joint,0.37853244,-0.10803687,0.026215592,0.73346245,-0.5776581,0.20749329,-0.29204667
1783532869.9443,89,left_handPinkyEnd_joint,0.3831366,-0.12612686,0.025598714,0.73346245,-0.5776581,0.20749329,-0.29204667
1783532869.9443,89,left_handRingStart_joint,0.3391654,0.011063842,0.042125806,0.73076904,-0.5786907,0.25218344,-0.25980383
1783532869.9443,89,left_handRing_1_joint,0.3533481,-0.057168137,0.04686758,0.73076904,-0.5786907,0.25218344,-0.25980383
1783532869.9443,89,left_handRing_2_joint,0.36335948,-0.1053319,0.050214715,0.73076904,-0.5786907,0.25218344,-0.25980383
1783532869.9443,89,left_handRing_3_joint,0.36961657,-0.13543424,0.052306674,0.73076904,-0.5786907,0.25218344,-0.25980383
1783532869.9443,89,left_handRingEnd_joint,0.373788,-0.15550247,0.053701315,0.73076904,-0.5786907,0.25218344,-0.25980383
1783532869.9443,89,left_handThumbStart_joint,0.312605,0.0126953935,0.05505532,0.32876062,-0.22128546,0.83443975,-0.38296255
1783532869.9443,89,left_handThumb_1_joint,0.2862679,-0.02943739,0.07541348,0.32876062,-0.22128546,0.83443975,-0.38296255
1783532869.9443,89,left_handThumb_2_joint,0.26744148,-0.059551794,0.089966536,0.32876062,-0.22128546,0.83443975,-0.38296255
1783532869.9443,89,left_handThumbEnd_joint,0.25489053,-0.07962807,0.09966857,0.32876062,-0.22128543,0.83443975,-0.38296255
1783532869.9443,89,neck_1_joint,-0.02718231,0.5823231,0.07131021,0.59132254,0.37392566,0.62039644,0.35443804
1783532869.9443,89,neck_2_joint,-0.028665043,0.6087832,0.08536946,0.5786346,0.38983315,0.61539745,0.36674127
1783532869.9443,89,neck_3_joint,-0.031119764,0.64488417,0.10241926,0.559745,0.41356015,0.6048148,0.38710913
1783532869.9443,89,neck_4_joint,-0.034066405,0.68213356,0.11669519,0.54245687,0.43438902,0.59331435,0.40623355
1783532869.9443,89,head_joint,-0.037814215,0.7261647,0.13068882,0.4828453,0.49831775,0.5445755,0.47114593
1783532869.9443,89,jaw_joint,-0.035729706,0.70100844,0.13426916,0.4828453,0.49831775,0.5445755,0.47114593
1783532869.9443,89,chin_joint,-0.034434266,0.64534956,0.23122501,0.4828453,0.49831775,0.5445755,0.47114593
1783532869.9443,89,left_eye_joint,-0.011366279,0.7562801,0.22013168,0.4871729,0.4940878,0.5486638,0.46637866
1783532869.9443,89,left_eyeLowerLid_joint,-0.011366279,0.7562801,0.22013168,0.4871729,0.4940878,0.5486638,0.46637866
1783532869.9443,89,left_eyeUpperLid_joint,-0.011366279,0.7562801,0.22013168,0.4871729,0.4940878,0.5486638,0.46637866
1783532869.9443,89,left_eyeball_joint,-0.011366279,0.7562801,0.22013168,0.4871729,0.4940878,0.5486638,0.46637866
1783532869.9443,89,nose_joint,-0.04132636,0.71963024,0.24043846,0.4871755,0.49408516,0.54866624,0.46637577
1783532869.9443,89,right_eye_joint,-0.075707294,0.7506076,0.21773499,0.4871729,0.4940878,0.5486638,0.46637866
1783532869.9443,89,right_eyeLowerLid_joint,-0.075707294,0.7506076,0.21773499,0.4871729,0.4940878,0.5486638,0.46637866
1783532869.9443,89,right_eyeUpperLid_joint,-0.075707294,0.7506076,0.21773499,0.4871729,0.4940878,0.5486638,0.46637866
1783532869.9443,89,right_eyeball_joint,-0.075707294,0.7506076,0.21773499,0.4871729,0.4940878,0.5486638,0.46637866
1783532869.9443,89,right_shoulder_1_joint,-0.115710124,0.55796576,0.065499984,0.8038598,0.096879266,0.062179554,0.58357364
1783532869.9443,89,right_arm_joint,-0.25691497,0.5248471,0.06740087,0.6922691,0.47281954,0.4059722,0.36385757
1783532869.9443,89,right_forearm_joint,-0.31629813,0.2721422,0.009414291,0.55713797,0.63300246,0.303582,0.44355804
1783532869.9443,89,right_hand_joint,-0.3201278,0.010964126,0.06924481,0.17801026,0.32283822,0.62340194,0.68953496
1783532869.9443,89,right_handIndexStart_joint,-0.31021208,-0.010314245,0.08582283,0.1350109,0.36912334,0.63459224,0.6654423
1783532869.9443,89,right_handIndex_1_joint,-0.30395433,-0.08614646,0.11151453,0.1350109,0.36912334,0.63459224,0.6654423
1783532869.9443,89,right_handIndex_2_joint,-0.30031562,-0.13023517,0.12645121,0.1350109,0.36912334,0.63459224,0.6654423
1783532869.9443,89,right_handIndex_3_joint,-0.2982786,-0.15492511,0.13481633,0.1350109,0.36912334,0.63459224,0.6654423
1783532869.9443,89,right_handIndexEnd_joint,-0.29682356,-0.1725605,0.14079142,0.1350109,0.36912334,0.63459224,0.6654423
1783532869.9443,89,right_handMidStart_joint,-0.3186617,-0.014181061,0.07704642,0.17737173,0.32342646,0.62381375,0.6890513
1783532869.9443,89,right_handMid_1_joint,-0.3196122,-0.08825162,0.0941058,0.17737173,0.32342646,0.62381375,0.6890513
1783532869.9443,89,right_handMid_2_joint,-0.3202804,-0.14030053,0.10609375,0.17737173,0.32342646,0.62381375,0.6890513
1783532869.9443,89,right_handMid_3_joint,-0.3206657,-0.17032894,0.11300976,0.17737173,0.32342646,0.62381375,0.6890513
1783532869.9443,89,right_handMidEnd_joint,-0.32092285,-0.1903475,0.11762054,0.17737173,0.32342646,0.62381375,0.6890513
1783532869.9443,89,right_handPinkyStart_joint,-0.3348022,-0.018380761,0.05489121,0.2501711,0.24104513,0.626585,0.6976414
1783532869.9443,89,right_handPinky_1_joint,-0.34106192,-0.08155554,0.056340225,0.2501711,0.24104513,0.626585,0.6976414
1783532869.9443,89,right_handPinky_2_joint,-0.34492868,-0.12057602,0.057235654,0.2501711,0.24104513,0.626585,0.6976414
1783532869.9443,89,right_handPinky_3_joint,-0.34695354,-0.14101498,0.05770411,0.2501711,0.24104513,0.626585,0.6976414
1783532869.9443,89,right_handPinkyEnd_joint,-0.3487947,-0.15959568,0.0581302,0.2501711,0.24104513,0.626585,0.6976414
1783532869.9443,89,right_handRingStart_joint,-0.326085,-0.016638594,0.06680151,0.21475206,0.2832162,0.62588704,0.69421625
1783532869.9443,89,right_handRing_1_joint,-0.33000445,-0.08583628,0.075491555,0.21475206,0.2832162,0.62588704,0.69421625
1783532869.9443,89,right_handRing_2_joint,-0.3327709,-0.13468128,0.08162548,0.21475206,0.2832162,0.62588704,0.69421625
1783532869.9443,89,right_handRing_3_joint,-0.33450034,-0.16520983,0.08545958,0.21475206,0.2832162,0.62588704,0.69421625
1783532869.9443,89,right_handRingEnd_joint,-0.33565256,-0.18556267,0.08801505,0.21475206,0.2832162,0.62588704,0.69421625
1783532869.9443,89,right_handThumbStart_joint,-0.3002929,-0.01029603,0.07983325,0.30795208,0.86485946,0.22310284,0.32773373
1783532869.9443,89,right_handThumb_1_joint,-0.26831722,-0.04675303,0.10289248,0.30795208,0.86485946,0.22310282,0.32773373
1783532869.9443,89,right_handThumb_2_joint,-0.24546106,-0.07281002,0.11937644,0.30795208,0.8648594,0.2231028,0.32773373
1783532869.9443,89,right_handThumbEnd_joint,-0.23022345,-0.090181485,0.13036498,0.30795208,0.8648594,0.2231028,0.32773373
1783532869.9443,89,camera,-0.11365962,0.00044419034,0.13271438,-0.08003153,-0.114007436,-0.7119055,0.6883225
1783532869.9791,90,root,-0.00021062,0.020438284,-0.0022262086,-0.010373103,-0.000720496,-0.009123699,0.9999043
1783532869.9791,90,hips_joint,-0.00021062,0.020438284,-0.0022262086,-0.010373103,-0.000720496,-0.009123699,0.9999043
1783532869.9791,90,left_upLeg_joint,0.099855214,-0.0063436627,-0.000586303,0.57444286,-0.42841533,0.5736596,-0.3967246
1783532869.9791,90,left_leg_joint,0.089222394,-0.40528205,0.13380532,-0.3200339,0.6373937,-0.36682376,0.59728366
1783532869.9791,90,left_foot_joint,0.05187826,-0.79224163,-0.10702052,0.6450044,-0.3044023,0.6571043,-0.24397226
1783532869.9791,90,left_toes_joint,0.04459155,-0.8985478,-0.0028265761,0.69100815,-0.17663364,0.6914348,-0.115005046
1783532869.9791,90,left_toesEnd_joint,0.043465886,-0.9230029,0.052674267,0.6910082,-0.17663345,0.69143474,-0.11500527
1783532869.9791,90,right_upLeg_joint,-0.10119101,-0.0026730655,-0.00091369567,0.41290575,0.5338546,0.45474857,0.5811298
1783532869.9791,90,right_leg_joint,-0.10809946,-0.41088042,0.10222929,0.6005318,0.30755413,0.66612774,0.31787702
1783532869.9791,90,right_foot_joint,-0.07305445,-0.7734722,-0.17422761,0.28308022,0.61244816,0.32835197,0.6610278
1783532869.9791,90,right_toes_joint,-0.07814901,-0.8898427,-0.081263,0.16186878,0.6550005,0.19711155,0.7112804
1783532869.9791,90,right_toesEnd_joint,-0.08204596,-0.9197147,-0.028612345,0.16186929,0.6550007,0.19711113,0.7112802
1783532869.9791,90,spine_1_joint,-0.00021063977,0.020438284,-0.0022262086,0.4768513,0.5224695,0.48786646,0.5114928
1783532869.9791,90,spine_2_joint,-0.0014754217,0.07783926,-0.006208823,0.46611306,0.5329661,0.48958364,0.50891453
1783532869.9791,90,spine_3_joint,-0.004208595,0.13511342,-0.011162158,0.47147197,0.5252435,0.5052627,0.49653155
1783532869.9791,90,spine_4_joint,-0.007516114,0.18801019,-0.013558392,0.4931745,0.5013264,0.5308801,0.4728818
1783532869.9791,90,spine_5_joint,-0.012188947,0.2582423,-0.01029349,0.5349072,0.45336255,0.56916374,0.42940623
1783532869.9791,90,spine_6_joint,-0.01772166,0.3495046,0.010845842,0.55209607,0.42947015,0.5846314,0.41103756
1783532869.9791,90,spine_7_joint,-0.023341682,0.45154178,0.042863335,0.5514441,0.43201935,0.5761785,0.42105487
1783532869.9791,90,left_shoulder_1_joint,0.06183604,0.5638697,0.06993365,-0.5851158,0.036360115,-0.07720685,0.806447
1783532869.9791,90,left_arm_joint,0.20477302,0.5396353,0.07453244,-0.3552633,0.39861462,-0.43660226,0.72406703
1783532869.9791,90,left_forearm_joint,0.28482687,0.29612875,0.0035061026,-0.44113523,0.28395447,-0.592674,0.6111525
1783532869.9791,90,left_hand_joint,0.32132837,0.0348703,0.05062059,0.72010744,-0.58345693,0.30244145,-0.22260499
1783532869.9791,90,left_handIndexStart_joint,0.3130178,0.011339793,0.06704476,0.6987283,-0.59706426,0.34817743,-0.18456948
1783532869.9791,90,left_handIndex_1_joint,0.31659752,-0.06599101,0.08842047,0.6987283,-0.59706426,0.34817743,-0.18456948
1783532869.9791,90,left_handIndex_2_joint,0.31867877,-0.110950775,0.10084821,0.6987283,-0.59706426,0.34817743,-0.18456948
1783532869.9791,90,left_handIndex_3_joint,0.31984425,-0.13612825,0.10780775,0.6987283,-0.59706426,0.34817743,-0.18456948
1783532869.9791,90,left_handIndexEnd_joint,0.3206767,-0.15411215,0.11277884,0.6987283,-0.59706426,0.34817743,-0.18456948
1783532869.9791,90,left_handMidStart_joint,0.32205772,0.009142405,0.058279652,0.7208363,-0.58301604,0.3003008,-0.22429237
1783532869.9791,90,left_handMid_1_joint,0.33268636,-0.06498946,0.07130885,0.7208363,-0.58301604,0.3003008,-0.22429237
1783532869.9791,90,left_handMid_2_joint,0.34015518,-0.117082134,0.080464505,0.7208363,-0.58301604,0.3003008,-0.22429237
1783532869.9791,90,left_handMid_3_joint,0.3444641,-0.1471356,0.08574661,0.7208363,-0.58301604,0.3003008,-0.22429237
1783532869.9791,90,left_handMidEnd_joint,0.3473367,-0.16717124,0.089268014,0.7208363,-0.58301604,0.3003008,-0.22429237
1783532869.9791,90,left_handPinkyStart_joint,0.3389859,0.008407393,0.03632742,0.72840434,-0.5821529,0.21326008,-0.29162574
1783532869.9791,90,left_handPinky_1_joint,0.35366973,-0.053345755,0.03449462,0.72840434,-0.5821529,0.21326008,-0.29162574
1783532869.9791,90,left_handPinky_2_joint,0.36273915,-0.09148741,0.033362594,0.72840434,-0.5821529,0.21326008,-0.29162574
1783532869.9791,90,left_handPinky_3_joint,0.36748976,-0.11146637,0.032769628,0.72840434,-0.5821529,0.21326008,-0.29162574
1783532869.9791,90,left_handPinkyEnd_joint,0.37180853,-0.12962906,0.03223057,0.72840434,-0.5821529,0.21326008,-0.29162574
1783532869.9791,90,left_handRingStart_joint,0.3299149,0.008287528,0.04809951,0.72549665,-0.58322906,0.25768206,-0.25903437
1783532869.9791,90,left_handRing_1_joint,0.34296927,-0.06015007,0.05311082,0.72549665,-0.58322906,0.25768206,-0.25903437
1783532869.9791,90,left_handRing_2_joint,0.35218415,-0.10845896,0.05664821,0.72549665,-0.58322906,0.25768206,-0.25903437
1783532869.9791,90,left_handRing_3_joint,0.35794342,-0.13865201,0.05885908,0.72549665,-0.58322906,0.25768206,-0.25903437
1783532869.9791,90,left_handRingEnd_joint,0.36178294,-0.15878072,0.060332995,0.72549665,-0.58322906,0.25768206,-0.25903437
1783532869.9791,90,left_handThumbStart_joint,0.30328873,0.010375628,0.060826387,0.32434338,-0.22145112,0.8389629,-0.37669942
1783532869.9791,90,left_handThumb_1_joint,0.27613088,-0.03127972,0.08108841,0.32434338,-0.22145112,0.8389629,-0.37669942
1783532869.9791,90,left_handThumb_2_joint,0.25671786,-0.061052844,0.09557274,0.32434338,-0.22145112,0.8389629,-0.37669942
1783532869.9791,90,left_handThumbEnd_joint,0.24377581,-0.0809016,0.10522895,0.32434338,-0.22145107,0.8389629,-0.37669942
1783532869.9791,90,neck_1_joint,-0.0282643,0.5822475,0.07282798,0.59054506,0.37250024,0.6221313,0.3541936
1783532869.9791,90,neck_2_joint,-0.029812528,0.6086675,0.08695555,0.5778577,0.3883942,0.6171806,0.36649525
1783532869.9791,90,neck_3_joint,-0.032353487,0.64471793,0.104099385,0.55901164,0.4120916,0.6066011,0.38693923
1783532869.9791,90,neck_4_joint,-0.03537624,0.6819244,0.11847079,0.54176766,0.43289512,0.59510237,0.40613207
1783532869.9791,90,head_joint,-0.039202835,0.72591305,0.13257629,0.48232663,0.4967512,0.54635775,0.4712675
1783532869.9791,90,jaw_joint,-0.037118252,0.7007477,0.13609235,0.48232663,0.4967512,0.54635775,0.4712675
1783532869.9791,90,chin_joint,-0.036168277,0.6448109,0.23289205,0.48232663,0.4967512,0.54635775,0.4712675
1783532869.9791,90,left_eye_joint,-0.013119103,0.7557855,0.22220737,0.48664048,0.4925258,0.55044705,0.46648455
1783532869.9791,90,left_eyeLowerLid_joint,-0.013119103,0.7557855,0.22220737,0.48664048,0.4925258,0.55044705,0.46648455
1783532869.9791,90,left_eyeUpperLid_joint,-0.013119103,0.7557855,0.22220737,0.48664048,0.4925258,0.55044705,0.46648455
1783532869.9791,90,left_eyeball_joint,-0.013119103,0.7557855,0.22220737,0.48664048,0.4925258,0.55044705,0.46648455
1783532869.9791,90,nose_joint,-0.043137398,0.719061,0.24229217,0.4866431,0.49252322,0.5504495,0.4664817
1783532869.9791,90,right_eye_joint,-0.077447124,0.7500848,0.21954449,0.48664048,0.4925258,0.55044705,0.46648455
1783532869.9791,90,right_eyeLowerLid_joint,-0.077447124,0.7500848,0.21954449,0.48664048,0.4925258,0.55044705,0.46648455
1783532869.9791,90,right_eyeUpperLid_joint,-0.077447124,0.7500848,0.21954449,0.48664048,0.4925258,0.55044705,0.46648455
1783532869.9791,90,right_eyeball_joint,-0.077447124,0.7500848,0.21954449,0.48664048,0.4925258,0.55044705,0.46648455
1783532869.9791,90,right_shoulder_1_joint,-0.11676461,0.5578883,0.06662034,0.804839,0.09617248,0.06087784,0.5824769
1783532869.9791,90,right_arm_joint,-0.25805548,0.5251469,0.06865724,0.69132406,0.47679287,0.40656444,0.35978508
1783532869.9791,90,right_forearm_joint,-0.31517538,0.27198458,0.0103931185,0.5523205,0.6400521,0.3065897,0.43735427
1783532869.9791,90,right_hand_joint,-0.31321174,0.0106584355,0.06966489,0.1778964,0.32665816,0.6300464,0.6816813
1783532869.9791,90,right_handIndexStart_joint,-0.30273458,-0.010447814,0.08611713,0.13444549,0.37239563,0.6412089,0.6573413
1783532869.9791,90,right_handIndex_1_joint,-0.2947312,-0.08619005,0.11158878,0.13444549,0.37239563,0.6412089,0.6573413
1783532869.9791,90,right_handIndex_2_joint,-0.2900776,-0.13022643,0.12639752,0.13444549,0.37239563,0.6412089,0.6573413
1783532869.9791,90,right_handIndex_3_joint,-0.28747222,-0.1548871,0.134691,0.13444549,0.37239563,0.6412089,0.6573413
1783532869.9791,90,right_handIndexEnd_joint,-0.2856112,-0.17250156,0.14061491,0.13444549,0.37239563,0.6412089,0.6573413
1783532869.9791,90,right_handMidStart_joint,-0.3111723,-0.014467845,0.07739831,0.17725301,0.3272375,0.63045645,0.6811918
1783532869.9791,90,right_handMid_1_joint,-0.3104791,-0.088577814,0.09429817,0.17725301,0.3272375,0.63045645,0.6811918
1783532869.9791,90,right_handMid_2_joint,-0.30999234,-0.14065443,0.10617402,0.17725301,0.3272375,0.63045645,0.6811918
1783532869.9791,90,right_handMid_3_joint,-0.30971128,-0.1706988,0.11302536,0.17725301,0.3272375,0.63045645,0.6811918
1783532869.9791,90,right_handMidEnd_joint,-0.30952418,-0.19072802,0.11759303,0.17725301,0.3272375,0.63045645,0.6811918
1783532869.9791,90,right_handPinkyStart_joint,-0.32739735,-0.018949632,0.055360436,0.250908,0.24563393,0.6329408,0.68999684
1783532869.9791,90,right_handPinky_1_joint,-0.33235678,-0.08224184,0.05671638,0.250908,0.24563393,0.6329408,0.68999684
1783532869.9791,90,right_handPinky_2_joint,-0.33542037,-0.12133486,0.057554323,0.250908,0.24563393,0.6329408,0.68999684
1783532869.9791,90,right_handPinky_3_joint,-0.33702454,-0.14181179,0.057992663,0.250908,0.24563393,0.6329408,0.68999684
1783532869.9791,90,right_handPinkyEnd_joint,-0.33848324,-0.16042703,0.058391377,0.250908,0.24563393,0.6329408,0.68999684
1783532869.9791,90,right_handRingStart_joint,-0.3186242,-0.01705489,0.06720618,0.21505472,0.28742874,0.6323923,0.6864524
1783532869.9791,90,right_handRing_1_joint,-0.3210643,-0.08633611,0.07577111,0.21505472,0.28742874,0.6323923,0.6864524
1783532869.9791,90,right_handRing_2_joint,-0.3227865,-0.13524008,0.08181671,0.21505472,0.28742874,0.6323923,0.6864524
1783532869.9791,90,right_handRing_3_joint,-0.3238633,-0.16580547,0.08559562,0.21505472,0.28742874,0.6323923,0.6864524
1783532869.9791,90,right_handRingEnd_joint,-0.3245804,-0.18618287,0.08811429,0.21505472,0.28742874,0.6323923,0.6864524
1783532869.9791,90,right_handThumbStart_joint,-0.2928652,-0.010214796,0.080050334,0.30034548,0.8689883,0.2261615,0.3217195
1783532869.9791,90,right_handThumb_1_joint,-0.25997308,-0.046060067,0.10277722,0.30034548,0.8689883,0.22616148,0.3217195
1783532869.9791,90,right_handThumb_2_joint,-0.23646192,-0.07167979,0.119023636,0.30034548,0.8689883,0.22616145,0.3217195
1783532869.9791,90,right_handThumbEnd_joint,-0.22078763,-0.08875976,0.12985379,0.30034548,0.8689883,0.22616144,0.3217195
1783532869.9791,90,camera,-0.113601714,0.0008319224,0.13293229,-0.080220394,-0.11402214,-0.71138734,0.68883365
