timestamp,frame,joint,pos_x,pos_y,pos_z,rot_x,rot_y,rot_z,rot_w
1783532929.0350,0,root,-0.0004883116,0.020084614,-0.0045944517,-0.04636772,-0.006740448,-0.005620177,0.9988859
1783532929.0350,0,hips_joint,-0.0004883116,0.020084614,-0.0045944517,-0.04636772,-0.006740448,-0.005620177,0.9988859
1783532929.0350,0,left_upLeg_joint,0.09972773,-0.005762014,7.790357e-05,0.60198694,-0.37886953,0.59481144,-0.37452486
1783532929.0350,0,left_leg_joint,0.10196561,-0.38546553,0.18213889,-0.26616576,0.65612096,-0.3257591,0.62653166
1783532929.0350,0,left_foot_joint,0.06847826,-0.7318619,-0.11453851,0.61414766,-0.35236433,0.64281464,-0.29232046
1783532929.0350,0,left_toes_joint,0.057339247,-0.8523724,-0.027569579,0.6698013,-0.2295748,0.68656784,-0.16518535
1783532929.0350,0,left_toesEnd_joint,0.054418225,-0.88478696,0.023620548,0.66980135,-0.22957458,0.68656784,-0.16518554
1783532929.0350,0,right_upLeg_joint,-0.10132125,-0.0036252283,-0.0027345645,0.37300834,0.56107086,0.42866734,0.60192084
1783532929.0350,0,right_leg_joint,-0.10253722,-0.3971856,0.14702615,0.5925001,0.32078794,0.66855395,0.31476113
1783532929.0350,0,right_foot_joint,-0.056925,-0.76348966,-0.12291887,0.2685965,0.617913,0.3321835,0.66007113
1783532929.0350,0,right_toes_joint,-0.059261158,-0.8783139,-0.027942952,0.14661177,0.6576211,0.20105492,0.71106726
1783532929.0350,0,right_toesEnd_joint,-0.06255031,-0.9073552,0.02521154,0.14661227,0.65762126,0.20105448,0.7110671
1783532929.0350,0,spine_1_joint,-0.00048833137,0.020084614,-0.004594452,0.46525604,0.52834475,0.47283295,0.5299226
1783532929.0350,0,spine_2_joint,-0.00080131297,0.07722085,-0.011500049,0.4694291,0.526444,0.47874025,0.5227823
1783532929.0350,0,spine_3_joint,-0.0015305447,0.13447502,-0.017310709,0.48965308,0.5056178,0.5015286,0.50305086
1783532929.0350,0,spine_4_joint,-0.0022924207,0.1875156,-0.018241975,0.52203953,0.46979553,0.53384346,0.47093394
1783532929.0350,0,spine_5_joint,-0.0030936645,0.2575328,-0.010368107,0.56512105,0.41513819,0.5752636,0.4211544
1783532929.0350,0,spine_6_joint,-0.0037123226,0.34686798,0.018357119,0.57509696,0.39762747,0.5898481,0.40402484
1783532929.0350,0,spine_7_joint,-0.00501323,0.4466252,0.057281468,0.55890554,0.4199288,0.57628816,0.4232938
1783532929.0350,0,left_shoulder_1_joint,0.08253643,0.5565263,0.08664875,-0.6115202,0.016433157,-0.14276144,0.7780702
1783532929.0350,0,left_arm_joint,0.22159538,0.5213872,0.10826561,-0.35866523,0.3090841,-0.54545766,0.69159496
1783532929.0350,0,left_forearm_joint,0.27848625,0.26173475,0.0986239,-0.41298518,0.19128966,-0.71874875,0.5255984
1783532929.0350,0,left_hand_joint,0.24997917,0.016931666,0.20382404,0.6461377,-0.58532524,0.4588961,-0.17122011
1783532929.0350,0,left_handIndexStart_joint,0.23402578,-0.00031396508,0.22227897,0.6147986,-0.59557426,0.4995552,-0.1332678
1783532929.0350,0,left_handIndex_1_joint,0.21727885,-0.06981998,0.25886124,0.6147986,-0.59557426,0.4995552,-0.1332678
1783532929.0350,0,left_handIndex_2_joint,0.20754226,-0.110230446,0.28012997,0.6147986,-0.59557426,0.4995552,-0.1332678
1783532929.0350,0,left_handIndex_3_joint,0.20208979,-0.13286032,0.29204047,0.6147986,-0.59557426,0.4995552,-0.1332678
1783532929.0350,0,left_handIndexEnd_joint,0.19819514,-0.1490245,0.300548,0.6147986,-0.59557426,0.4995552,-0.1332678
1783532929.0350,0,left_handMidStart_joint,0.24386314,-0.0059868237,0.216412,0.64730823,-0.58502245,0.45697775,-0.17295595
1783532929.0350,0,left_handMid_1_joint,0.23609756,-0.075574905,0.24600038,0.64730823,-0.58502245,0.45697775,-0.17295595
1783532929.0350,0,left_handMid_2_joint,0.23064068,-0.12447464,0.26679224,0.64730823,-0.58502245,0.45697775,-0.17295595
1783532929.0350,0,left_handMid_3_joint,0.22749247,-0.15268601,0.27878752,0.64730823,-0.58502245,0.45697775,-0.17295595
1783532929.0350,0,left_handMidEnd_joint,0.22539365,-0.1714936,0.28678438,0.64730823,-0.58502245,0.45697775,-0.17295595
1783532929.0350,0,left_handPinkyStart_joint,0.26401737,-0.014696822,0.19947249,0.6714339,-0.5875294,0.37843934,-0.24651742
1783532929.0350,0,left_handPinky_1_joint,0.26548976,-0.076646075,0.2133489,0.6714339,-0.5875294,0.37843934,-0.24651742
1783532929.0350,0,left_handPinky_2_joint,0.26639917,-0.11490885,0.22191963,0.6714339,-0.5875294,0.37843934,-0.24651742
1783532929.0350,0,left_handPinky_3_joint,0.26687554,-0.13495126,0.22640906,0.6714339,-0.5875294,0.37843934,-0.24651742
1783532929.0350,0,left_handPinkyEnd_joint,0.26730856,-0.15317163,0.23049037,0.6714339,-0.5875294,0.37843934,-0.24651742
1783532929.0350,0,left_handRingStart_joint,0.2531082,-0.010519175,0.20866033,0.6601973,-0.58678025,0.41886085,-0.2106788
1783532929.0350,0,left_handRing_1_joint,0.25034836,-0.07696691,0.23002213,0.6601973,-0.58678025,0.41886085,-0.2106788
1783532929.0350,0,left_handRing_2_joint,0.24840023,-0.1238712,0.24510106,0.6601973,-0.58678025,0.41886085,-0.2106788
1783532929.0350,0,left_handRing_3_joint,0.24718265,-0.15318638,0.2545254,0.6601973,-0.58678025,0.41886085,-0.2106788
1783532929.0350,0,left_handRingEnd_joint,0.24637094,-0.17272983,0.26080826,0.6601973,-0.58678025,0.41886085,-0.2106788
1783532929.0350,0,left_handThumbStart_joint,0.22563137,-0.0011320793,0.21433435,0.25217053,-0.1158563,0.9196056,-0.2780541
1783532929.0350,0,left_handThumb_1_joint,0.1870686,-0.03173232,0.2357776,0.25217053,-0.1158563,0.9196056,-0.2780541
1783532929.0350,0,left_handThumb_2_joint,0.15950356,-0.053602993,0.25110567,0.25217053,-0.11585628,0.9196056,-0.2780541
1783532929.0350,0,left_handThumbEnd_joint,0.1411269,-0.06818345,0.26132438,0.25217053,-0.115856245,0.9196056,-0.2780541
1783532929.0350,0,neck_1_joint,-0.007143576,0.5768542,0.08956133,0.60304654,0.35420036,0.61874354,0.35781935
1783532929.0350,0,neck_2_joint,-0.0076416754,0.6029541,0.104344815,0.596313,0.36564326,0.61064875,0.37124795
1783532929.0350,0,neck_3_joint,-0.008168638,0.6385333,0.1226163,0.58050776,0.38819072,0.5989766,0.39185098
1783532929.0350,0,neck_4_joint,-0.0089258505,0.6753378,0.1382641,0.56383145,0.41006163,0.5874361,0.41093022
1783532929.0350,0,head_joint,-0.01013098,0.7189727,0.15385754,0.50699776,0.47673795,0.538316,0.47528037
1783532929.0350,0,jaw_joint,-0.009419281,0.69362664,0.1565165,0.50699776,0.47673795,0.538316,0.47528037
1783532929.0350,0,chin_joint,-0.010542194,0.63450485,0.2514027,0.50699776,0.47673795,0.538316,0.47528037
1783532929.0350,0,left_eye_joint,0.018561434,0.74432373,0.24408245,0.5111362,0.47229812,0.54244065,0.47056746
1783532929.0350,0,left_eyeLowerLid_joint,0.018561434,0.74432373,0.24408245,0.5111362,0.47229812,0.54244065,0.47056746
1783532929.0350,0,left_eyeUpperLid_joint,0.018561434,0.74432373,0.24408245,0.5111362,0.47229812,0.54244065,0.47056746
1783532929.0350,0,left_eyeball_joint,0.018561434,0.74432373,0.24408245,0.5111362,0.47229812,0.54244065,0.47056746
1783532929.0350,0,nose_joint,-0.01324314,0.7086699,0.2633299,0.5111387,0.47229537,0.5424431,0.47056457
1783532929.0350,0,right_eye_joint,-0.046010073,0.742298,0.24205619,0.5111362,0.47229812,0.54244065,0.47056746
1783532929.0350,0,right_eyeLowerLid_joint,-0.046010073,0.742298,0.24205619,0.5111362,0.47229812,0.54244065,0.47056746
1783532929.0350,0,right_eyeUpperLid_joint,-0.046010073,0.742298,0.24205619,0.5111362,0.47229812,0.54244065,0.47056746
1783532929.0350,0,right_eyeball_joint,-0.046010073,0.742298,0.24205619,0.5111362,0.47229812,0.54244065,0.47056746
1783532929.0350,0,right_shoulder_1_joint,-0.09613917,0.5545889,0.08261478,0.77859414,0.15740605,0.042210154,0.6059984
1783532929.0350,0,right_arm_joint,-0.23348384,0.51161534,0.10075268,0.6844072,0.5573052,0.28264916,0.37564364
1783532929.0350,0,right_forearm_joint,-0.29174566,0.25222638,0.109211564,0.5073303,0.7437745,0.18969555,0.39170405
1783532929.0350,0,right_hand_joint,-0.24394773,0.010171814,0.21377437,0.16943863,0.47984338,0.59911245,0.61814743
1783532929.0350,0,right_handIndexStart_joint,-0.22737516,-0.006175755,0.23062749,0.128228,0.5208785,0.60974747,0.5834828
1783532929.0350,0,right_handIndex_1_joint,-0.2043893,-0.074048944,0.26688537,0.128228,0.5208785,0.60974747,0.5834828
1783532929.0350,0,right_handIndex_2_joint,-0.19102502,-0.11351034,0.2879651,0.128228,0.5208785,0.60974747,0.5834828
1783532929.0350,0,right_handIndex_3_joint,-0.18354149,-0.13560891,0.29977053,0.128228,0.5208785,0.60974747,0.5834828
1783532929.0350,0,right_handIndexEnd_joint,-0.1781961,-0.15139332,0.30820292,0.128228,0.5208785,0.60974747,0.5834828
1783532929.0350,0,right_handMidStart_joint,-0.23708576,-0.012539401,0.22528131,0.16887692,0.480363,0.59951466,0.6175072
1783532929.0350,0,right_handMid_1_joint,-0.22337773,-0.081155166,0.25498557,0.16887692,0.480363,0.59951466,0.6175072
1783532929.0350,0,right_handMid_2_joint,-0.2137454,-0.12937097,0.27585906,0.16887692,0.480363,0.59951466,0.6175072
1783532929.0350,0,right_handMid_3_joint,-0.20818807,-0.15718797,0.28790134,0.16887692,0.480363,0.59951466,0.6175072
1783532929.0350,0,right_handMidEnd_joint,-0.20448346,-0.17573227,0.29592964,0.16887692,0.480363,0.59951466,0.6175072
1783532929.0350,0,right_handPinkyStart_joint,-0.25740504,-0.02272509,0.20939468,0.24489756,0.4048842,0.60141057,0.6437392
1783532929.0350,0,right_handPinky_1_joint,-0.2541506,-0.08448667,0.22379102,0.24489756,0.4048842,0.60141057,0.6437392
1783532929.0350,0,right_handPinky_2_joint,-0.25214073,-0.122634225,0.23268355,0.24489756,0.4048842,0.60141057,0.6437392
1783532929.0350,0,right_handPinky_3_joint,-0.25108755,-0.14261602,0.2373408,0.24489756,0.4048842,0.60141057,0.6437392
1783532929.0350,0,right_handPinkyEnd_joint,-0.25013044,-0.1607811,0.24157491,0.24489756,0.4048842,0.60141057,0.6437392
1783532929.0350,0,right_handRingStart_joint,-0.24637039,-0.01774773,0.21801686,0.20779917,0.4438278,0.6009659,0.6314091
1783532929.0350,0,right_handRing_1_joint,-0.23824783,-0.08364286,0.23972079,0.20779917,0.4438278,0.6009659,0.6314091
1783532929.0350,0,right_handRing_2_joint,-0.23251419,-0.13015668,0.25504085,0.20779917,0.4438278,0.6009659,0.6314091
1783532929.0350,0,right_handRing_3_joint,-0.22893089,-0.15922819,0.2646165,0.20779917,0.4438278,0.6009659,0.6314091
1783532929.0350,0,right_handRingEnd_joint,-0.22654141,-0.17860973,0.27099955,0.20779917,0.4438278,0.6009659,0.6314091
1783532929.0350,0,right_handThumbStart_joint,-0.21933085,-0.006529617,0.22229509,0.24934863,0.9344844,0.11319785,0.2274886
1783532929.0350,0,right_handThumb_1_joint,-0.17787056,-0.034321602,0.24209258,0.24934863,0.9344844,0.11319785,0.2274886
1783532929.0350,0,right_handThumb_2_joint,-0.14823487,-0.05418465,0.25624457,0.24934863,0.9344844,0.11319783,0.2274886
1783532929.0350,0,right_handThumbEnd_joint,-0.12847777,-0.067426965,0.26567847,0.24934863,0.9344844,0.1131978,0.2274886
1783532929.0350,0,camera,0.11191647,0.06250779,-0.049233615,-0.086754434,-0.08348525,-0.69756216,0.7063363
1783532929.0684,1,root,-0.00044745154,0.019898789,-0.004429469,-0.04304376,-0.0060249483,-0.0061751446,0.99903595
1783532929.0684,1,hips_joint,-0.00044745154,0.019898789,-0.004429469,-0.04304376,-0.0060249483,-0.0061751446,0.99903595
1783532929.0684,1,left_upLeg_joint,0.09974539,-0.0060910652,-6.452382e-05,0.598064,-0.3859519,0.5906182,-0.38017198
1783532929.0684,1,left_leg_joint,0.101607695,-0.38959646,0.17384961,-0.2659764,0.6570113,-0.3245279,0.6263182
1783532929.0684,1,left_foot_joint,0.0677833,-0.7353268,-0.123565674,0.6145476,-0.3531819,0.64171374,-0.29291174
1783532929.0684,1,left_toes_joint,0.056893863,-0.8560464,-0.03685523,0.67034906,-0.23030177,0.6855989,-0.1659746
1783532929.0684,1,left_toesEnd_joint,0.054093573,-0.88858145,0.014265099,0.67034906,-0.23030156,0.6855989,-0.16597483
1783532929.0684,1,right_upLeg_joint,-0.101304606,-0.003709576,-0.002591992,0.37463778,0.55918384,0.43093354,0.6010462
1783532929.0684,1,right_leg_joint,-0.10266039,-0.39827582,0.14449699,0.59045607,0.321378,0.6699486,0.31503475
1783532929.0684,1,right_foot_joint,-0.054994334,-0.764868,-0.124701075,0.2666236,0.6171169,0.33311266,0.6611466
1783532929.0684,1,right_toes_joint,-0.05743928,-0.8795551,-0.029562453,0.14482553,0.6564657,0.20176344,0.7122993
1783532929.0684,1,right_toesEnd_joint,-0.06087802,-0.90852493,0.023621606,0.14482604,0.65646577,0.20176299,0.71229917
1783532929.0684,1,spine_1_joint,-0.0004474713,0.019898789,-0.0044294694,0.46655375,0.5276406,0.47327808,0.5290849
1783532929.0684,1,spine_2_joint,-0.00072335015,0.07705765,-0.011146695,0.4697812,0.5264081,0.47853467,0.52268994
1783532929.0684,1,spine_3_joint,-0.0014255978,0.13431378,-0.016941307,0.48929173,0.50611234,0.5008252,0.5036049
1783532929.0684,1,spine_4_joint,-0.0021657683,0.18735255,-0.017984461,0.5212489,0.4706812,0.5328866,0.47200698
1783532929.0684,1,spine_5_joint,-0.0029405379,0.25739872,-0.010370424,0.5642215,0.41622117,0.57432026,0.4225755
1783532929.0684,1,spine_6_joint,-0.0035248254,0.34685943,0.017961878,0.57434744,0.39844802,0.5891045,0.40536413
1783532929.0684,1,spine_7_joint,-0.0047783065,0.44676098,0.056515712,0.5587039,0.41985956,0.57597417,0.4240539
1783532929.0684,1,left_shoulder_1_joint,0.08286982,0.5566053,0.08580133,-0.6103729,0.01876697,-0.14160088,0.77912885
1783532929.0684,1,left_arm_joint,0.22200069,0.5212769,0.10663264,-0.35879463,0.31308547,-0.5413884,0.6929231
1783532929.0684,1,left_forearm_joint,0.2799198,0.261954,0.09455851,-0.4153437,0.19475448,-0.71360284,0.52946335
1783532929.0684,1,left_hand_joint,0.2546458,0.016109198,0.19814245,0.6503476,-0.58499557,0.4527013,-0.17288692
1783532929.0684,1,left_handIndexStart_joint,0.23903006,-0.0014200389,0.2166189,0.61940026,-0.59535503,0.4936444,-0.13494849
1783532929.0684,1,left_handIndex_1_joint,0.22326793,-0.071351185,0.25282627,0.61940026,-0.59535503,0.4936444,-0.13494849
1783532929.0684,1,left_handIndex_2_joint,0.2141039,-0.11200884,0.2738771,0.61940026,-0.59535503,0.4936444,-0.13494849
1783532929.0684,1,left_handIndex_3_joint,0.20897205,-0.13477713,0.28566557,0.61940026,-0.59535503,0.4936444,-0.13494849
1783532929.0684,1,left_handIndexEnd_joint,0.20530643,-0.15104018,0.2940859,0.61940026,-0.59535503,0.4936444,-0.13494849
1783532929.0684,1,left_handMidStart_joint,0.24885969,-0.0069588516,0.21061257,0.65150064,-0.58468866,0.45077068,-0.17461999
1783532929.0684,1,left_handMid_1_joint,0.24200998,-0.07683759,0.23973827,0.65150064,-0.58468866,0.45077068,-0.17461999
1783532929.0684,1,left_handMid_2_joint,0.23719668,-0.12594156,0.26020497,0.65150064,-0.58468866,0.45077068,-0.17461999
1783532929.0684,1,left_handMid_3_joint,0.23441978,-0.15427078,0.2720127,0.65150064,-0.58468866,0.45077068,-0.17461999
1783532929.0684,1,left_handMidEnd_joint,0.2325685,-0.17315693,0.27988452,0.65150064,-0.58468866,0.45077068,-0.17461999
1783532929.0684,1,left_handPinkyStart_joint,0.26892358,-0.015356953,0.1934104,0.67497003,-0.58714676,0.37177557,-0.24790582
1783532929.0684,1,left_handPinky_1_joint,0.2710879,-0.077394195,0.20679396,0.67497003,-0.58714676,0.37177557,-0.24790582
1783532929.0684,1,left_handPinky_2_joint,0.27242473,-0.115711324,0.21506031,0.67497003,-0.58714676,0.37177557,-0.24790582
1783532929.0684,1,left_handPinky_3_joint,0.27312496,-0.1357822,0.21939029,0.67497003,-0.58714676,0.37177557,-0.24790582
1783532929.0684,1,left_handPinkyEnd_joint,0.27376154,-0.15402845,0.22332664,0.67497003,-0.58714676,0.37177557,-0.24790582
1783532929.0684,1,left_handRingStart_joint,0.2580683,-0.011348233,0.20273626,0.66406584,-0.5864274,0.41241518,-0.2122109
1783532929.0684,1,left_handRing_1_joint,0.25611478,-0.07797893,0.22361131,0.66406584,-0.5864274,0.41241518,-0.2122109
1783532929.0684,1,left_handRing_2_joint,0.25473586,-0.12501235,0.23834665,0.66406584,-0.5864274,0.41241518,-0.2122109
1783532929.0684,1,left_handRing_3_joint,0.253874,-0.15440825,0.24755624,0.66406584,-0.5864274,0.41241518,-0.2122109
1783532929.0684,1,left_handRingEnd_joint,0.25329944,-0.17400551,0.25369596,0.66406584,-0.5864274,0.41241518,-0.2122109
1783532929.0684,1,left_handThumbStart_joint,0.23056558,-0.0022534644,0.20875059,0.25612745,-0.11960345,0.9166461,-0.28258416
1783532929.0684,1,left_handThumb_1_joint,0.19249173,-0.033363555,0.23033309,0.25612745,-0.11960345,0.9166461,-0.28258416
1783532929.0684,1,left_handThumb_2_joint,0.16527614,-0.055598676,0.24576072,0.25612745,-0.11960343,0.9166461,-0.28258416
1783532929.0684,1,left_handThumbEnd_joint,0.14713243,-0.0704221,0.2560458,0.25612748,-0.119603395,0.9166461,-0.28258416
1783532929.0684,1,neck_1_joint,-0.006790311,0.57703084,0.088637434,0.6028375,0.35415256,0.6185162,0.35860938
1783532929.0684,1,neck_2_joint,-0.0072694896,0.60314894,0.103389174,0.5961042,0.3655902,0.61040556,0.372033
1783532929.0684,1,neck_3_joint,-0.0077695823,0.6387506,0.12161747,0.5803017,0.38813293,0.5987045,0.3926268
1783532929.0684,1,neck_4_joint,-0.008497121,0.6755747,0.13722049,0.5636288,0.41000015,0.58713603,0.41169623
1783532929.0684,1,head_joint,-0.009665372,0.7192296,0.15276065,0.5068057,0.476658,0.53792566,0.47600552
1783532929.0684,1,jaw_joint,-0.008981857,0.69388604,0.15545054,0.5068057,0.476658,0.53792566,0.47600552
1783532929.0684,1,chin_joint,-0.0102216955,0.63487995,0.2504071,0.5068057,0.476658,0.53792566,0.47600552
1783532929.0684,1,left_eye_joint,0.019001571,0.7446592,0.2429715,0.51094353,0.4722199,0.5420565,0.47129604
1783532929.0684,1,left_eyeLowerLid_joint,0.019001571,0.7446592,0.2429715,0.51094353,0.4722199,0.5420565,0.47129604
1783532929.0684,1,left_eyeUpperLid_joint,0.019001571,0.7446592,0.2429715,0.51094353,0.4722199,0.5420565,0.47129604
1783532929.0684,1,left_eyeball_joint,0.019001571,0.7446592,0.2429715,0.51094353,0.4722199,0.5420565,0.47129604
1783532929.0684,1,nose_joint,-0.012851551,0.70906204,0.2622434,0.5109459,0.47221714,0.54205906,0.47129315
1783532929.0684,1,right_eye_joint,-0.045570787,0.7426989,0.24091026,0.51094353,0.4722199,0.5420565,0.47129604
1783532929.0684,1,right_eyeLowerLid_joint,-0.045570787,0.7426989,0.24091026,0.51094353,0.4722199,0.5420565,0.47129604
1783532929.0684,1,right_eyeUpperLid_joint,-0.045570787,0.7426989,0.24091026,0.51094353,0.4722199,0.5420565,0.47129604
1783532929.0684,1,right_eyeball_joint,-0.045570787,0.7426989,0.24091026,0.51094353,0.4722199,0.5420565,0.47129604
1783532929.0684,1,right_shoulder_1_joint,-0.09580517,0.55485064,0.081666134,0.7797684,0.15482576,0.043948684,0.60502785
1783532929.0684,1,right_arm_joint,-0.23334008,0.5121138,0.09889917,0.68591505,0.5536846,0.28634927,0.37544373
1783532929.0684,1,right_forearm_joint,-0.29262167,0.25289002,0.104998834,0.5106228,0.73977625,0.19336566,0.39319846
1783532929.0684,1,right_hand_joint,-0.24724935,0.009691753,0.20797566,0.17116879,0.4744411,0.5996371,0.6213228
1783532929.0684,1,right_handIndexStart_joint,-0.23091824,-0.006900631,0.22482519,0.12991443,0.5157052,0.61039066,0.58702064
1783532929.0684,1,right_handIndex_1_joint,-0.20866759,-0.0752141,0.26071268,0.12991443,0.5157052,0.61039066,0.58702064
1783532929.0684,1,right_handIndex_2_joint,-0.19573075,-0.11493148,0.28157708,0.12991443,0.5157052,0.61039066,0.58702064
1783532929.0684,1,right_handIndex_3_joint,-0.18848658,-0.1371734,0.29326192,0.12991443,0.5157052,0.61039066,0.58702064
1783532929.0684,1,right_handIndexEnd_joint,-0.18331216,-0.15306021,0.30160815,0.12991443,0.5157052,0.61039066,0.58702064
1783532929.0684,1,right_handMidStart_joint,-0.24062842,-0.013156235,0.21935222,0.17060468,0.47496355,0.6000414,0.6206882
1783532929.0684,1,right_handMid_1_joint,-0.22760849,-0.08209778,0.24860814,0.17060468,0.47496355,0.6000414,0.6206882
1783532929.0684,1,right_handMid_2_joint,-0.21845968,-0.13054252,0.2691666,0.17060468,0.47496355,0.6000414,0.6206882
1783532929.0684,1,right_handMid_3_joint,-0.2131813,-0.15849158,0.28102708,0.17060468,0.47496355,0.6000414,0.6206882
1783532929.0684,1,right_handMidEnd_joint,-0.20966266,-0.17712395,0.2889342,0.17060468,0.47496355,0.6000414,0.6206882
1783532929.0684,1,right_handPinkyStart_joint,-0.26088917,-0.023078365,0.20322588,0.24647085,0.39912352,0.6018444,0.6463249
1783532929.0684,1,right_handPinky_1_joint,-0.25815663,-0.084973626,0.21714854,0.24647085,0.39912352,0.6018444,0.6463249
1783532929.0684,1,right_handPinky_2_joint,-0.2564691,-0.123203754,0.22574851,0.24647085,0.39912352,0.6018444,0.6463249
1783532929.0684,1,right_handPinky_3_joint,-0.25558478,-0.14322877,0.23025249,0.24647085,0.39912352,0.6018444,0.6463249
1783532929.0684,1,right_handPinkyEnd_joint,-0.25478116,-0.16143318,0.2343473,0.24647085,0.39912352,0.6018444,0.6463249
1783532929.0684,1,right_handRingStart_joint,-0.24988993,-0.018244063,0.21197377,0.20945482,0.43823957,0.6014519,0.63429505
1783532929.0684,1,right_handRing_1_joint,-0.2423743,-0.08436371,0.23320821,0.20945482,0.43823957,0.6014519,0.63429505
1783532929.0684,1,right_handRing_2_joint,-0.23706909,-0.131036,0.24819688,0.20945482,0.43823957,0.6014519,0.63429505
1783532929.0684,1,right_handRing_3_joint,-0.23375356,-0.16020654,0.25756535,0.20945482,0.43823957,0.6014519,0.63429505
1783532929.0684,1,right_handRingEnd_joint,-0.2315426,-0.17965409,0.26381034,0.20945482,0.43823957,0.6014519,0.63429505
1783532929.0684,1,right_handThumbStart_joint,-0.22281124,-0.007241435,0.21655323,0.25292003,0.9322899,0.11717202,0.2305161
1783532929.0684,1,right_handThumb_1_joint,-0.18169266,-0.03546739,0.23644881,0.25292003,0.9322899,0.11717201,0.2305161
1783532929.0684,1,right_handThumb_2_joint,-0.15230119,-0.05564065,0.25067094,0.25292003,0.9322899,0.117171995,0.2305161
1783532929.0684,1,right_handThumbEnd_joint,-0.13270688,-0.06908977,0.2601516,0.25292003,0.9322899,0.11717197,0.2305161
1783532929.0684,1,camera,0.111773014,0.062424917,-0.050139897,-0.08775018,-0.08620767,-0.6967571,0.7066808
1783532929.1017,2,root,-0.00019064799,0.020306326,-0.0035806803,-0.044207025,-0.00462208,-0.0045253607,0.9990015
1783532929.1017,2,hips_joint,-0.00019064799,0.020306326,-0.0035806803,-0.044207025,-0.00462208,-0.0045253607,0.9990015
1783532929.1017,2,left_upLeg_joint,0.10009641,-0.005356755,0.0005478245,0.6027015,-0.38484094,0.5881141,-0.3778498
1783532929.1017,2,left_leg_joint,0.10516596,-0.38785356,0.17660601,-0.26143962,0.664189,-0.31738722,0.6243138
1783532929.1017,2,left_foot_joint,0.06686037,-0.72790176,-0.12675734,0.61540264,-0.3616302,0.63485646,-0.29573733
1783532929.1017,2,left_toes_joint,0.056780107,-0.85019696,-0.042183332,0.67278975,-0.2384348,0.6794015,-0.17004865
1783532929.1017,2,left_toesEnd_joint,0.05454362,-0.88367516,0.008352527,0.6727898,-0.2384346,0.6794015,-0.17004885
1783532929.1017,2,right_upLeg_joint,-0.10096672,-0.003616042,-0.0013895163,0.3744357,0.560923,0.43089235,0.5995792
1783532929.1017,2,right_leg_joint,-0.1007117,-0.39808238,0.14597313,0.592451,0.32080552,0.6701574,0.31140774
1783532929.1017,2,right_foot_joint,-0.05312603,-0.76278776,-0.12578954,0.26854697,0.6178965,0.33551362,0.65842015
1783532929.1017,2,right_toes_joint,-0.054805476,-0.8780916,-0.031382598,0.14656632,0.6575957,0.20463768,0.7100773
1783532929.1017,2,right_toesEnd_joint,-0.05792235,-0.9074133,0.021628127,0.1465668,0.65759575,0.20463721,0.7100772
1783532929.1017,2,spine_1_joint,-0.00019066776,0.020306326,-0.0035806808,0.4659339,0.5295397,0.47255626,0.5283787
1783532929.1017,2,spine_2_joint,-0.0006190487,0.07744702,-0.010443006,0.4693778,0.52807957,0.47768387,0.52214426
1783532929.1017,2,spine_3_joint,-0.001430535,0.1346878,-0.016373197,0.48924643,0.5074867,0.49998,0.5031057
1783532929.1017,2,spine_4_joint,-0.0022287555,0.18772385,-0.017509198,0.5216823,0.4715992,0.53213435,0.47146088
1783532929.1017,2,spine_5_joint,-0.0030131147,0.2577751,-0.009942697,0.5651743,0.41644517,0.57372844,0.42188567
1783532929.1017,2,spine_6_joint,-0.0035036083,0.34721228,0.01846557,0.5755618,0.39818683,0.5886643,0.4045375
1783532929.1017,2,spine_7_joint,-0.0046000383,0.44704154,0.057211075,0.5599765,0.41945478,0.575678,0.42317748
1783532929.1017,2,left_shoulder_1_joint,0.08319596,0.5567522,0.08655449,-0.6095662,0.0201729,-0.14023203,0.77997273
1783532929.1017,2,left_arm_joint,0.22242287,0.5214547,0.10678788,-0.36067587,0.31415784,-0.5372381,0.6946896
1783532929.1017,2,left_forearm_joint,0.28236568,0.2626378,0.0937687,-0.4184519,0.19484009,-0.7089591,0.5332099
1783532929.1017,2,left_hand_joint,0.26061425,0.016343517,0.19708438,0.65508455,-0.58226925,0.44894117,-0.1740086
1783532929.1017,2,left_handIndexStart_joint,0.24532785,-0.0013943743,0.21563694,0.624372,-0.5927095,0.49019766,-0.13624151
1783532929.1017,2,left_handIndex_1_joint,0.23061523,-0.07156274,0.25182712,0.624372,-0.5927095,0.49019766,-0.13624151
1783532929.1017,2,left_handIndex_2_joint,0.22206138,-0.1123583,0.27286792,0.624372,-0.5927095,0.49019766,-0.13624151
1783532929.1017,2,left_handIndex_3_joint,0.21727122,-0.13520382,0.28465077,0.624372,-0.5927095,0.49019766,-0.13624151
1783532929.1017,2,left_handIndexEnd_joint,0.2138497,-0.15152204,0.2930671,0.624372,-0.5927095,0.49019766,-0.13624151
1783532929.1017,2,left_handMidStart_joint,0.2551781,-0.0068103764,0.20955285,0.65622765,-0.5819601,0.44699684,-0.1757327
1783532929.1017,2,left_handMid_1_joint,0.24932742,-0.076812506,0.2386,0.65622765,-0.5819601,0.44699684,-0.1757327
1783532929.1017,2,left_handMid_2_joint,0.24521616,-0.12600319,0.2590115,0.65622765,-0.5819601,0.44699684,-0.1757327
1783532929.1017,2,left_handMid_3_joint,0.24284427,-0.15438242,0.2707874,0.65622765,-0.5819601,0.44699684,-0.1757327
1783532929.1017,2,left_handMidEnd_joint,0.24126302,-0.17330192,0.27863795,0.65622765,-0.5819601,0.44699684,-0.1757327
1783532929.1017,2,left_handPinkyStart_joint,0.2752166,-0.014949531,0.19219734,0.67937285,-0.5844687,0.36750233,-0.24857847
1783532929.1017,2,left_handPinky_1_joint,0.27818066,-0.07698088,0.20545448,0.67937285,-0.5844687,0.36750233,-0.24857847
1783532929.1017,2,left_handPinky_2_joint,0.2800114,-0.11529436,0.21364273,0.67937285,-0.5844687,0.36750233,-0.24857847
1783532929.1017,2,left_handPinky_3_joint,0.28097034,-0.13536333,0.2179318,0.67937285,-0.5844687,0.36750233,-0.24857847
1783532929.1017,2,left_handPinkyEnd_joint,0.2818421,-0.15360785,0.22183095,0.67937285,-0.5844687,0.36750233,-0.24857847
1783532929.1017,2,left_handRingStart_joint,0.26438126,-0.01108091,0.20160522,0.6686368,-0.5837235,0.4083829,-0.21310902
1783532929.1017,2,left_handRing_1_joint,0.26333216,-0.07776521,0.2223739,0.6686368,-0.5837235,0.4083829,-0.21310902
1783532929.1017,2,left_handRing_2_joint,0.26259157,-0.12483649,0.23703414,0.6686368,-0.5837235,0.4083829,-0.21310902
1783532929.1017,2,left_handRing_3_joint,0.26212874,-0.15425603,0.24619679,0.6686368,-0.5837235,0.4083829,-0.21310902
1783532929.1017,2,left_handRingEnd_joint,0.26182017,-0.17386907,0.25230524,0.6686368,-0.5837235,0.4083829,-0.21310902
1783532929.1017,2,left_handThumbStart_joint,0.23681906,-0.0023108493,0.20782587,0.2597299,-0.11992165,0.9140225,-0.28761482
1783532929.1017,2,left_handThumb_1_joint,0.19925281,-0.033890255,0.22961538,0.2597299,-0.11992165,0.9140225,-0.28761482
1783532929.1017,2,left_handThumb_2_joint,0.17240007,-0.056460857,0.24519098,0.2597299,-0.11992163,0.9140225,-0.28761482
1783532929.1017,2,left_handThumbEnd_joint,0.15449825,-0.07150792,0.2555747,0.2597299,-0.1199216,0.9140225,-0.28761482
1783532929.1017,2,neck_1_joint,-0.0064421366,0.57723945,0.089633465,0.604057,0.35361096,0.61812186,0.35777095
1783532929.1017,2,neck_2_joint,-0.006869061,0.6033243,0.10444561,0.59733456,0.36507514,0.6100265,0.3711866
1783532929.1017,2,neck_3_joint,-0.0073020384,0.6388847,0.12275592,0.58155125,0.38765964,0.59836054,0.39176926
1783532929.1017,2,neck_4_joint,-0.007967269,0.67567384,0.13844426,0.56489575,0.40956724,0.58682793,0.41082934
1783532929.1017,2,head_joint,-0.009068119,0.719294,0.15408623,0.5081174,0.47637305,0.5377312,0.47511148
1783532929.1017,2,jaw_joint,-0.0083981035,0.69394386,0.15671696,0.5081174,0.47637305,0.5377312,0.47511148
1783532929.1017,2,chin_joint,-0.009475274,0.63472265,0.25154153,0.5081174,0.47637305,0.5377312,0.47511148
1783532929.1017,2,left_eye_joint,0.019815616,0.74449635,0.24429172,0.5122527,0.47192353,0.5418543,0.47040373
1783532929.1017,2,left_eyeLowerLid_joint,0.019815616,0.74449635,0.24429172,0.5122527,0.47192353,0.5418543,0.47040373
1783532929.1017,2,left_eyeUpperLid_joint,0.019815616,0.74449635,0.24429172,0.5122527,0.47192353,0.5418543,0.47040373
1783532929.1017,2,left_eyeball_joint,0.019815616,0.74449635,0.24429172,0.5122527,0.47192353,0.5418543,0.47040373
1783532929.1017,2,nose_joint,-0.012022474,0.7088797,0.26355228,0.51225513,0.4719208,0.54185677,0.4704009
1783532929.1017,2,right_eye_joint,-0.044762593,0.74258983,0.24236748,0.5122527,0.47192353,0.5418543,0.47040373
1783532929.1017,2,right_eyeLowerLid_joint,-0.044762593,0.74258983,0.24236748,0.5122527,0.47192353,0.5418543,0.47040373
1783532929.1017,2,right_eyeUpperLid_joint,-0.044762593,0.74258983,0.24236748,0.5122527,0.47192353,0.5418543,0.47040373
1783532929.1017,2,right_eyeball_joint,-0.044762593,0.74258983,0.24236748,0.5122527,0.47192353,0.5418543,0.47040373
1783532929.1017,2,right_shoulder_1_joint,-0.09548901,0.5551428,0.08280673,0.78017086,0.15509796,0.043653756,0.6044608
1783532929.1017,2,right_arm_joint,-0.23300695,0.5123853,0.10012365,0.68641996,0.5531955,0.28599527,0.37551227
1783532929.1017,2,right_forearm_joint,-0.29268438,0.25325167,0.106198125,0.5116055,0.73899275,0.19276981,0.39368716
1783532929.1017,2,right_hand_joint,-0.24805622,0.009953708,0.20926496,0.1716595,0.47417432,0.5986899,0.6223043
1783532929.1017,2,right_handIndexStart_joint,-0.23177937,-0.0066810143,0.2261253,0.1304686,0.51550615,0.60947996,0.58801883
1783532929.1017,2,right_handIndex_1_joint,-0.20974018,-0.07504807,0.26204142,0.1304686,0.51550615,0.60947996,0.58801883
1783532929.1017,2,right_handIndex_2_joint,-0.19692628,-0.11479658,0.28292248,0.1304686,0.51550615,0.60947996,0.58801883
1783532929.1017,2,right_handIndex_3_joint,-0.18975097,-0.13705595,0.29461664,0.1304686,0.51550615,0.60947996,0.58801883
1783532929.1017,2,right_handIndexEnd_joint,-0.18462576,-0.15295522,0.30296952,0.1304686,0.51550615,0.60947996,0.58801883
1783532929.1017,2,right_handMidStart_joint,-0.2415058,-0.012909996,0.22065082,0.17109618,0.47469768,0.59909487,0.62167037
1783532929.1017,2,right_handMid_1_joint,-0.22869685,-0.08188026,0.24993232,0.17109618,0.47469768,0.59909487,0.62167037
1783532929.1017,2,right_handMid_2_joint,-0.21969631,-0.13034515,0.27050874,0.17109618,0.47469768,0.59909487,0.62167037
1783532929.1017,2,right_handMid_3_joint,-0.21450345,-0.15830585,0.2823796,0.17109618,0.47469768,0.59909487,0.62167037
1783532929.1017,2,right_handMidEnd_joint,-0.21104185,-0.17694597,0.29029363,0.17109618,0.47469768,0.59909487,0.62167037
1783532929.1017,2,right_handPinkyStart_joint,-0.2617897,-0.022778027,0.20452039,0.24684763,0.39874297,0.60088533,0.647308
1783532929.1017,2,right_handPinky_1_joint,-0.25924224,-0.08467677,0.21846288,0.24684763,0.39874297,0.60088533,0.647308
1783532929.1017,2,right_handPinky_2_joint,-0.257669,-0.12290903,0.2270751,0.24684763,0.39874297,0.60088533,0.647308
1783532929.1017,2,right_handPinky_3_joint,-0.25684455,-0.14293517,0.2315855,0.24684763,0.39874297,0.60088533,0.647308
1783532929.1017,2,right_handPinkyEnd_joint,-0.25609538,-0.1611406,0.23568614,0.24684763,0.39874297,0.60088533,0.647308
1783532929.1017,2,right_handRingStart_joint,-0.25077948,-0.017973093,0.21327068,0.20989056,0.43791497,0.600498,0.63527876
1783532929.1017,2,right_handRing_1_joint,-0.24346381,-0.08410788,0.23452789,0.20989056,0.43791497,0.600498,0.63527876
1783532929.1017,2,right_handRing_2_joint,-0.23829971,-0.13079087,0.24953264,0.20989056,0.43791497,0.600498,0.63527876
1783532929.1017,2,right_handRing_3_joint,-0.23507237,-0.15996811,0.25891116,0.20989056,0.43791497,0.600498,0.63527876
1783532929.1017,2,right_handRingEnd_joint,-0.23292021,-0.17942013,0.26516286,0.20989056,0.43791497,0.600498,0.63527876
1783532929.1017,2,right_handThumbStart_joint,-0.22367048,-0.007047943,0.21785627,0.25422138,0.9318983,0.116738476,0.23088849
1783532929.1017,2,right_handThumb_1_joint,-0.18264116,-0.035387434,0.2377749,0.25422138,0.9318983,0.116738476,0.23088849
1783532929.1017,2,right_handThumb_2_joint,-0.1533135,-0.05564185,0.2520135,0.25422138,0.9318983,0.11673846,0.23088849
1783532929.1017,2,right_handThumbEnd_joint,-0.13376173,-0.069145076,0.26150513,0.25422138,0.9318983,0.11673843,0.23088849
1783532929.1017,2,camera,0.111869335,0.062452774,-0.050230466,-0.088901825,-0.085136876,-0.6972656,0.70616484
1783532929.1351,3,root,-0.0001490444,0.020272845,-0.0036995981,-0.045327466,-0.004895404,-0.004005365,0.9989522
1783532929.1351,3,hips_joint,-0.0001490444,0.020272845,-0.0036995981,-0.045327466,-0.004895404,-0.004005365,0.9989522
1783532929.1351,3,left_upLeg_joint,0.100162916,-0.00527528,0.0005357176,0.6047318,-0.38220236,0.58877695,-0.37624824
1783532929.1351,3,left_leg_joint,0.10627993,-0.38650313,0.1792924,-0.2620974,0.66431916,-0.31695458,0.6241194
1783532929.1351,3,left_foot_joint,0.06806735,-0.72667867,-0.123939954,0.61600065,-0.3613269,0.634396,-0.29585117
1783532929.1351,3,left_toes_joint,0.05822666,-0.8489636,-0.03932286,0.6733194,-0.23802367,0.678971,-0.17024769
1783532929.1351,3,left_toesEnd_joint,0.05608489,-0.88243103,0.011224217,0.6733195,-0.23802347,0.67897093,-0.17024793
1783532929.1351,3,right_upLeg_joint,-0.100900955,-0.0037506246,-0.0015039071,0.3735633,0.56148523,0.4307957,0.5996665
1783532929.1351,3,right_leg_joint,-0.10018459,-0.3979646,0.14653091,0.5919768,0.32179865,0.6699766,0.31167358
1783532929.1351,3,right_foot_joint,-0.052236784,-0.76318,-0.12448217,0.2675613,0.618386,0.33520743,0.6585179
1783532929.1351,3,right_toes_joint,-0.0537971,-0.878291,-0.02983815,0.1455057,0.65788937,0.20431848,0.7101153
1783532929.1351,3,right_toesEnd_joint,-0.056882944,-0.90750676,0.02323287,0.1455062,0.6578895,0.20431803,0.7101152
1783532929.1351,3,spine_1_joint,-0.00014906417,0.020272845,-0.0036995986,0.4652299,0.5300115,0.47230795,0.5287477
1783532929.1351,3,spine_2_joint,-0.0006079913,0.077400856,-0.0106647145,0.46894732,0.5284143,0.4774386,0.5224166
1783532929.1351,3,spine_3_joint,-0.00143322,0.13463376,-0.016668497,0.4891028,0.5076699,0.4998255,0.5032138
1783532929.1351,3,spine_4_joint,-0.0022347977,0.18766907,-0.017835736,0.521817,0.4715991,0.5321058,0.47134367
1783532929.1351,3,spine_5_joint,-0.0030149268,0.25771865,-0.0102534415,0.5655171,0.41626653,0.5738195,0.42147827
1783532929.1351,3,spine_6_joint,-0.0034968662,0.34712648,0.018247215,0.57600045,0.39793995,0.5888779,0.40384442
1783532929.1351,3,spine_7_joint,-0.0046045682,0.44689268,0.057154424,0.5603374,0.41937318,0.5760559,0.42226523
1783532929.1351,3,left_shoulder_1_joint,0.08310461,0.5566379,0.08662813,-0.60901225,0.019861791,-0.13888708,0.7806536
1783532929.1351,3,left_arm_joint,0.22244403,0.52167547,0.10666784,-0.3613918,0.3140296,-0.5348258,0.6962349
1783532929.1351,3,left_forearm_joint,0.28380543,0.26321533,0.09317875,-0.41950434,0.19414073,-0.7071685,0.53501254
1783532929.1351,3,left_hand_joint,0.26355872,0.016796913,0.19650407,0.65700996,-0.5806331,0.447932,-0.17481475
1783532929.1351,3,left_handIndexStart_joint,0.24839805,-0.0010258198,0.21507846,0.6263596,-0.59113,0.48931473,-0.13715105
1783532929.1351,3,left_handIndex_1_joint,0.2341247,-0.07127666,0.2512845,0.6263596,-0.59113,0.48931473,-0.13715105
1783532929.1351,3,left_handIndex_2_joint,0.22582626,-0.11212017,0.27233455,0.6263596,-0.59113,0.48931473,-0.13715105
1783532929.1351,3,left_handIndex_3_joint,0.22117911,-0.13499254,0.2841226,0.6263596,-0.59113,0.48931473,-0.13715105
1783532929.1351,3,left_handIndexEnd_joint,0.21785975,-0.15132995,0.29254258,0.6263596,-0.59113,0.48931473,-0.13715105
1783532929.1351,3,left_handMidStart_joint,0.25826833,-0.006387415,0.20897868,0.65815055,-0.5803222,0.44598222,-0.17653385
1783532929.1351,3,left_handMid_1_joint,0.2528448,-0.07642299,0.23802806,0.65815055,-0.5803222,0.44598222,-0.17653385
1783532929.1351,3,left_handMid_2_joint,0.24903373,-0.12563719,0.25844115,0.65815055,-0.5803222,0.44598222,-0.17653385
1783532929.1351,3,left_handMid_3_joint,0.24683502,-0.15402998,0.2702179,0.65815055,-0.5803222,0.44598222,-0.17653385
1783532929.1351,3,left_handMidEnd_joint,0.24536923,-0.17295852,0.27806908,0.65815055,-0.5803222,0.44598222,-0.17653385
1783532929.1351,3,left_handPinkyStart_joint,0.2783242,-0.014415495,0.1915915,0.6812378,-0.5828202,0.36627108,-0.2491614
1783532929.1351,3,left_handPinky_1_joint,0.28164738,-0.076430894,0.20483808,0.6812378,-0.5828202,0.36627108,-0.2491614
1783532929.1351,3,left_handPinky_2_joint,0.28369993,-0.114734516,0.21301979,0.6812378,-0.5828202,0.36627108,-0.2491614
1783532929.1351,3,left_handPinky_3_joint,0.28477508,-0.13479832,0.21730545,0.6812378,-0.5828202,0.36627108,-0.2491614
1783532929.1351,3,left_handPinkyEnd_joint,0.28575248,-0.15303813,0.2212015,0.6812378,-0.5828202,0.36627108,-0.2491614
1783532929.1351,3,left_handRingStart_joint,0.2674824,-0.010606928,0.20101646,0.67053294,-0.5820788,0.40725666,-0.21380377
1783532929.1351,3,left_handRing_1_joint,0.2668295,-0.077297784,0.2217803,0.67053294,-0.5820788,0.40725666,-0.21380377
1783532929.1351,3,left_handRing_2_joint,0.2663686,-0.12437368,0.23643711,0.67053294,-0.5820788,0.40725666,-0.21380377
1783532929.1351,3,left_handRing_3_joint,0.26608056,-0.15379612,0.24559763,0.67053294,-0.5820788,0.40725666,-0.21380377
1783532929.1351,3,left_handRingEnd_joint,0.2658885,-0.17341109,0.25170463,0.67053294,-0.5820788,0.40725666,-0.21380377
1783532929.1351,3,left_handThumbStart_joint,0.23988235,-0.0019880568,0.20728043,0.26074797,-0.11947604,0.9130276,-0.29002878
1783532929.1351,3,left_handThumb_1_joint,0.20252278,-0.03377405,0.22912478,0.26074797,-0.11947604,0.9130276,-0.29002878
1783532929.1351,3,left_handThumb_2_joint,0.17581777,-0.056492317,0.2447396,0.26074797,-0.11947602,0.9130276,-0.29002878
1783532929.1351,3,left_handThumbEnd_joint,0.15801443,-0.07163783,0.25514948,0.26074797,-0.119476005,0.9130276,-0.29002878
1783532929.1351,3,neck_1_joint,-0.0065512657,0.5770322,0.08980437,0.6044079,0.35349146,0.6183953,0.3568224
1783532929.1351,3,neck_2_joint,-0.006993408,0.6030908,0.10466213,0.59768873,0.36496398,0.6103188,0.3702439
1783532929.1351,3,neck_3_joint,-0.007448425,0.63861895,0.12303453,0.58190835,0.38755804,0.59868795,0.39083815
1783532929.1351,3,neck_4_joint,-0.008138704,0.67538,0.13878725,0.5652547,0.40947407,0.5871894,0.40991074
1783532929.1351,3,head_joint,-0.009271287,0.71897185,0.15450577,0.5084827,0.47631696,0.5382016,0.47424313
1783532929.1351,3,jaw_joint,-0.008574741,0.6936178,0.15709196,0.5084827,0.47631696,0.5382016,0.47424313
1783532929.1351,3,chin_joint,-0.009528763,0.634231,0.25181413,0.5084827,0.47631696,0.5382016,0.47424313
1783532929.1351,3,left_eye_joint,0.019650076,0.74404556,0.24473503,0.51261747,0.4718642,0.54231715,0.46953124
1783532929.1351,3,left_eyeLowerLid_joint,0.019650076,0.74404556,0.24473503,0.51261747,0.4718642,0.54231715,0.46953124
1783532929.1351,3,left_eyeUpperLid_joint,0.019650076,0.74404556,0.24473503,0.51261747,0.4718642,0.54231715,0.46953124
1783532929.1351,3,left_eyeball_joint,0.019650076,0.74404556,0.24473503,0.51261747,0.4718642,0.54231715,0.46953124
1783532929.1351,3,nose_joint,-0.012139981,0.70836437,0.26395553,0.5126199,0.4718615,0.54231966,0.4695284
1783532929.1351,3,right_eye_joint,-0.044927537,0.7420794,0.24285187,0.51261747,0.4718642,0.54231715,0.46953124
1783532929.1351,3,right_eyeLowerLid_joint,-0.044927537,0.7420794,0.24285187,0.51261747,0.4718642,0.54231715,0.46953124
1783532929.1351,3,right_eyeUpperLid_joint,-0.044927537,0.7420794,0.24285187,0.51261747,0.4718642,0.54231715,0.46953124
1783532929.1351,3,right_eyeball_joint,-0.044927537,0.7420794,0.24285187,0.51261747,0.4718642,0.54231715,0.46953124
1783532929.1351,3,right_shoulder_1_joint,-0.09558119,0.55486053,0.08300046,0.78037333,0.15570521,0.044019315,0.60401636
1783532929.1351,3,right_arm_joint,-0.23303509,0.511898,0.10031847,0.6865632,0.55293214,0.2860242,0.37561584
1783532929.1351,3,right_forearm_joint,-0.2928586,0.25279677,0.10633847,0.51235056,0.7382152,0.1926324,0.39424372
1783532929.1351,3,right_hand_joint,-0.24887446,0.009388771,0.20942219,0.17191961,0.47363585,0.5981121,0.6231973
1783532929.1351,3,right_handIndexStart_joint,-0.23265155,-0.0072839377,0.22629698,0.1307672,0.5150301,0.6089218,0.5889469
1783532929.1351,3,right_handIndex_1_joint,-0.21080038,-0.07570377,0.2622274,0.1307672,0.5150301,0.6089218,0.5889469
1783532929.1351,3,right_handIndex_2_joint,-0.1980958,-0.11548298,0.28311676,0.1307672,0.5150301,0.6089218,0.5889469
1783532929.1351,3,right_handIndex_3_joint,-0.1909817,-0.13775954,0.29481557,0.1307672,0.5150301,0.6089218,0.5889469
1783532929.1351,3,right_handIndexEnd_joint,-0.18590021,-0.15367107,0.3031718,0.1307672,0.5150301,0.6089218,0.5889469
1783532929.1351,3,right_handMidStart_joint,-0.24238628,-0.0134906955,0.22081201,0.17135657,0.47416013,0.5985175,0.6225641
1783532929.1351,3,right_handMid_1_joint,-0.22975998,-0.0824925,0.25009844,0.17135657,0.47416013,0.5985175,0.6225641
1783532929.1351,3,right_handMid_2_joint,-0.22088775,-0.13097957,0.2706783,0.17135657,0.47416013,0.5985175,0.6225641
1783532929.1351,3,right_handMid_3_joint,-0.21576895,-0.15895307,0.2825512,0.17135657,0.47416013,0.5985175,0.6225641
1783532929.1351,3,right_handMidEnd_joint,-0.2123567,-0.1776017,0.29046658,0.17135657,0.47416013,0.5985175,0.6225641
1783532929.1351,3,right_handPinkyStart_joint,-0.2626758,-0.023311855,0.20466003,0.24702425,0.39810845,0.6003133,0.64816105
1783532929.1351,3,right_handPinky_1_joint,-0.26027977,-0.08521765,0.21859796,0.24702425,0.39810845,0.6003133,0.64816105
1783532929.1351,3,right_handPinky_2_joint,-0.2588001,-0.123454265,0.22720735,0.24702425,0.39810845,0.6003133,0.64816105
1783532929.1351,3,right_handPinky_3_joint,-0.25802463,-0.1434827,0.23171626,0.24702425,0.39810845,0.6003133,0.64816105
1783532929.1351,3,right_handPinkyEnd_joint,-0.25732,-0.1616902,0.23581555,0.24702425,0.39810845,0.6003133,0.64816105
1783532929.1351,3,right_handRingStart_joint,-0.25166374,-0.018532362,0.21342193,0.21011019,0.43732756,0.599923,0.6361533
1783532929.1351,3,right_handRing_1_joint,-0.24451631,-0.08468561,0.2346789,0.21011019,0.43732756,0.599923,0.6361533
1783532929.1351,3,right_handRing_2_joint,-0.23947097,-0.13138163,0.24968347,0.21011019,0.43732756,0.599923,0.6361533
1783532929.1351,3,right_handRing_3_joint,-0.23631787,-0.16056702,0.25906187,0.21011019,0.43732756,0.599923,0.6361533
1783532929.1351,3,right_handRingEnd_joint,-0.2342152,-0.18002446,0.26531348,0.21011019,0.43732756,0.599923,0.6361533
1783532929.1351,3,right_handThumbStart_joint,-0.2245352,-0.0076679336,0.2180361,0.25520974,0.9314925,0.11666319,0.23147257
1783532929.1351,3,right_handThumb_1_joint,-0.18358898,-0.036100667,0.23799276,0.25520974,0.9314925,0.116663165,0.23147257
1783532929.1351,3,right_handThumb_2_joint,-0.15432072,-0.056421738,0.25225854,0.25520974,0.9314925,0.11666315,0.23147257
1783532929.1351,3,right_handThumbEnd_joint,-0.13480854,-0.06996939,0.2617683,0.25520977,0.9314925,0.116663136,0.23147257
1783532929.1351,3,camera,0.11196625,0.06215884,-0.05010581,-0.08851311,-0.083114006,-0.69817734,0.70555365
1783532929.1687,4,root,-0.0003291234,0.020044433,-0.0041894405,-0.04435749,-0.0050158594,-0.004056082,0.9989949
1783532929.1687,4,hips_joint,-0.0003291234,0.020044433,-0.0041894405,-0.04435749,-0.0050158594,-0.004056082,0.9989949
1783532929.1687,4,left_upLeg_joint,0.099979706,-0.0055199717,2.160132e-05,0.60355705,-0.38396963,0.58747876,-0.3783583
1783532929.1687,4,left_leg_joint,0.106242366,-0.38790068,0.17629348,-0.26338178,0.6637203,-0.3173536,0.6240129
1783532929.1687,4,left_foot_joint,0.06852566,-0.7289093,-0.12606385,0.6166424,-0.36006337,0.63464445,-0.29552123
1783532929.1687,4,left_toes_joint,0.058862656,-0.8509906,-0.041132916,0.67371,-0.23666143,0.6791524,-0.16987664
1783532929.1687,4,left_toesEnd_joint,0.05676944,-0.8843311,0.009499964,0.67371005,-0.23666123,0.6791524,-0.16987683
1783532929.1687,4,right_upLeg_joint,-0.10108352,-0.0039751125,-0.0020658344,0.37350196,0.56136763,0.4309944,0.5996719
1783532929.1687,4,right_leg_joint,-0.1003342,-0.39822537,0.14587191,0.59024316,0.32475626,0.6685205,0.31500268
1783532929.1687,4,right_foot_joint,-0.052419957,-0.7661476,-0.12146088,0.2643726,0.61964494,0.33200812,0.66024065
1783532929.1687,4,right_toes_joint,-0.054151908,-0.8803126,-0.025680866,0.14213617,0.65852123,0.20085068,0.7112005
1783532929.1687,4,right_toesEnd_joint,-0.057307284,-0.908998,0.027674612,0.14213666,0.6585214,0.20085023,0.71120036
1783532929.1687,4,spine_1_joint,-0.00032914316,0.020044433,-0.004189441,0.46539766,0.5296574,0.47304198,0.52829844
1783532929.1687,4,spine_2_joint,-0.0008247677,0.07718393,-0.011057175,0.46885955,0.52817833,0.4782958,0.5219499
1783532929.1687,4,spine_3_joint,-0.0017155852,0.13442461,-0.016976958,0.48877257,0.50754786,0.5007247,0.5027639
1783532929.1687,4,spine_4_joint,-0.00259946,0.1874599,-0.018084342,0.5213057,0.4715708,0.53301334,0.47091198
1783532929.1687,4,spine_5_joint,-0.0035118451,0.25750148,-0.010443122,0.5648861,0.41632935,0.5746878,0.42107898
1783532929.1687,4,spine_6_joint,-0.004191147,0.346892,0.018107748,0.5753217,0.39799738,0.5896749,0.40359208
1783532929.1687,4,spine_7_joint,-0.0055103838,0.44664428,0.057044003,0.559655,0.41935134,0.57671803,0.42228764
1783532929.1687,4,left_shoulder_1_joint,0.082033835,0.5564848,0.08665262,-0.60905015,0.019682912,-0.1404089,0.7803561
1783532929.1687,4,left_arm_joint,0.221252,0.5212212,0.107004955,-0.36039189,0.31375277,-0.5370045,0.69519997
1783532929.1687,4,left_forearm_joint,0.28146356,0.26246995,0.09392435,-0.41844374,0.19386959,-0.7097256,0.53254926
1783532929.1687,4,left_hand_joint,0.25933135,0.01642641,0.19775489,0.65468055,-0.5819555,0.45013747,-0.17348568
1783532929.1687,4,left_handIndexStart_joint,0.24400167,-0.0012558055,0.21632482,0.6238917,-0.5923624,0.49136564,-0.13574068
1783532929.1687,4,left_handIndex_1_joint,0.22917095,-0.071329705,0.2526495,0.6238917,-0.5923624,0.49136564,-0.13574068
1783532929.1687,4,left_handIndex_2_joint,0.22054844,-0.11207035,0.27376845,0.6238917,-0.5923624,0.49136564,-0.13574068
1783532929.1687,4,left_handIndex_3_joint,0.21571983,-0.1348851,0.2855951,0.6238917,-0.5923624,0.49136564,-0.13574068
1783532929.1687,4,left_handIndexEnd_joint,0.21227083,-0.15118136,0.29404268,0.6238917,-0.5923624,0.49136564,-0.13574068
1783532929.1687,4,left_handMidStart_joint,0.25385544,-0.0066945935,0.2102669,0.65582705,-0.5816478,0.44819447,-0.17520921
1783532929.1687,4,left_handMid_1_joint,0.24789703,-0.07662647,0.23946087,0.65582705,-0.5816478,0.44819447,-0.17520921
1783532929.1687,4,left_handMid_2_joint,0.24371004,-0.1257678,0.25997555,0.65582705,-0.5816478,0.44819447,-0.17520921
1783532929.1687,4,left_handMid_3_joint,0.24129446,-0.15411855,0.27181092,0.65582705,-0.5816478,0.44819447,-0.17520921
1783532929.1687,4,left_handMidEnd_joint,0.23968406,-0.17301907,0.2797012,0.65582705,-0.5816478,0.44819447,-0.17520921
1783532929.1687,4,left_handPinkyStart_joint,0.27391106,-0.014891166,0.19295822,0.6791088,-0.58420354,0.36875373,-0.24806857
1783532929.1687,4,left_handPinky_1_joint,0.2767974,-0.07689568,0.20635717,0.6791088,-0.58420354,0.36875373,-0.24806857
1783532929.1687,4,left_handPinky_2_joint,0.27858016,-0.115192585,0.214633,0.6791088,-0.58420354,0.36875373,-0.24806857
1783532929.1687,4,left_handPinky_3_joint,0.27951398,-0.13525286,0.21896797,0.6791088,-0.58420354,0.36875373,-0.24806857
1783532929.1687,4,left_handPinkyEnd_joint,0.2803629,-0.15348949,0.22290884,0.6791088,-0.58420354,0.36875373,-0.24806857
1783532929.1687,4,left_handRingStart_joint,0.26306593,-0.010991442,0.20234196,0.66830444,-0.5834332,0.40960905,-0.21259123
1783532929.1687,4,left_handRing_1_joint,0.261924,-0.07762842,0.22325699,0.66830444,-0.5834332,0.40960905,-0.21259123
1783532929.1687,4,left_handRing_2_joint,0.26111794,-0.12466629,0.23802055,0.66830444,-0.5834332,0.40960905,-0.21259123
1783532929.1687,4,left_handRing_3_joint,0.26061416,-0.15406495,0.24724777,0.66830444,-0.5834332,0.40960905,-0.21259123
1783532929.1687,4,left_handRingEnd_joint,0.26027828,-0.17366405,0.25339925,0.66830444,-0.5834332,0.40960905,-0.21259123
1783532929.1687,4,left_handThumbStart_joint,0.2355032,-0.0021815812,0.20850365,0.25933826,-0.11882433,0.9144763,-0.2869799
1783532929.1687,4,left_handThumb_1_joint,0.19787599,-0.033677053,0.23030935,0.25933826,-0.11882433,0.9144763,-0.2869799
1783532929.1687,4,left_handThumb_2_joint,0.1709797,-0.05618765,0.2458965,0.25933826,-0.11882431,0.9144763,-0.2869799
1783532929.1687,4,left_handThumbEnd_joint,0.15304881,-0.071194716,0.25628796,0.25933826,-0.11882429,0.9144763,-0.2869799
1783532929.1687,4,neck_1_joint,-0.0076488745,0.5767822,0.08968801,0.60372853,0.3535452,0.61905736,0.35677084
1783532929.1687,4,neck_2_joint,-0.0081424415,0.60284066,0.10454448,0.5970093,0.36500344,0.61098266,0.3702056
1783532929.1687,4,neck_3_joint,-0.008664626,0.6383686,0.12291536,0.58122563,0.38757274,0.59935033,0.39082366
1783532929.1687,4,neck_4_joint,-0.0094193015,0.67512923,0.13866617,0.56456894,0.40946466,0.58784884,0.40991938
1783532929.1687,4,head_joint,-0.010623616,0.71872014,0.15438196,0.5077987,0.47622594,0.5388508,0.47432995
1783532929.1687,4,jaw_joint,-0.009903711,0.693367,0.15696977,0.5077987,0.47622594,0.5388508,0.47432995
1783532929.1687,4,chin_joint,-0.010941804,0.6339811,0.2516916,0.5077987,0.47622594,0.5388508,0.47432995
1783532929.1687,4,left_eye_joint,0.01812934,0.743827,0.24465582,0.5119326,0.47177917,0.5429671,0.46961242
1783532929.1687,4,left_eyeLowerLid_joint,0.01812934,0.743827,0.24465582,0.5119326,0.47177917,0.5429671,0.46961242
1783532929.1687,4,left_eyeUpperLid_joint,0.01812934,0.743827,0.24465582,0.5119326,0.47177917,0.5429671,0.46961242
1783532929.1687,4,left_eyeball_joint,0.01812934,0.743827,0.24465582,0.5119326,0.47177917,0.5429671,0.46961242
1783532929.1687,4,nose_joint,-0.013652165,0.7081119,0.26382732,0.51193506,0.47177646,0.5429695,0.4696096
1783532929.1687,4,right_eye_joint,-0.046443064,0.7417909,0.2426716,0.5119326,0.47177917,0.5429671,0.46961242
1783532929.1687,4,right_eyeLowerLid_joint,-0.046443064,0.7417909,0.2426716,0.5119326,0.47177917,0.5429671,0.46961242
1783532929.1687,4,right_eyeUpperLid_joint,-0.046443064,0.7417909,0.2426716,0.5119326,0.47177917,0.5429671,0.46961242
1783532929.1687,4,right_eyeball_joint,-0.046443064,0.7417909,0.2426716,0.5119326,0.47177917,0.5429671,0.46961242
1783532929.1687,4,right_shoulder_1_joint,-0.09664402,0.55451417,0.08274521,0.7800895,0.15648061,0.045118183,0.60410136
1783532929.1687,4,right_arm_joint,-0.23399927,0.51119524,0.09995788,0.6853668,0.55424154,0.28683928,0.37524915
1783532929.1687,4,right_forearm_joint,-0.2928032,0.2518617,0.10601625,0.510622,0.73938876,0.19357035,0.39382735
1783532929.1687,4,right_hand_joint,-0.24769558,0.008661423,0.20910469,0.17078973,0.4740087,0.5995675,0.6218245
1783532929.1687,4,right_handIndexStart_joint,-0.23139672,-0.007935539,0.22598094,0.12954068,0.51530844,0.6102955,0.5875509
1783532929.1687,4,right_handIndex_1_joint,-0.20923045,-0.076252796,0.2619135,0.12954068,0.51530844,0.6102955,0.5875509
1783532929.1687,4,right_handIndex_2_joint,-0.19634269,-0.11597236,0.28280413,0.12954068,0.51530844,0.6102955,0.5875509
1783532929.1687,4,right_handIndex_3_joint,-0.18912601,-0.13821553,0.29450366,0.12954068,0.51530844,0.6102955,0.5875509
1783532929.1687,4,right_handIndexEnd_joint,-0.18397123,-0.1541032,0.30286038,0.12954068,0.51530844,0.6102955,0.5875509
1783532929.1687,4,right_handMidStart_joint,-0.24110197,-0.0141875595,0.22049516,0.1702255,0.4745317,0.5999714,0.6211903
1783532929.1687,4,right_handMid_1_joint,-0.22815715,-0.08312975,0.24978296,0.1702255,0.4745317,0.5999714,0.6211903
1783532929.1687,4,right_handMid_2_joint,-0.21906114,-0.13157493,0.27036378,0.1702255,0.4745317,0.5999714,0.6211903
1783532929.1687,4,right_handMid_3_joint,-0.21381323,-0.15952426,0.28223723,0.1702255,0.4745317,0.5999714,0.6211903
1783532929.1687,4,right_handMidEnd_joint,-0.2103149,-0.17815678,0.29015294,0.1702255,0.4745317,0.5999714,0.6211903
1783532929.1687,4,right_handPinkyStart_joint,-0.26134413,-0.024103105,0.20434144,0.24606982,0.39865518,0.60183024,0.6467799
1783532929.1687,4,right_handPinky_1_joint,-0.2586612,-0.08599703,0.21827981,0.24606982,0.39865518,0.60183024,0.6467799
1783532929.1687,4,right_handPinky_2_joint,-0.25700432,-0.12422632,0.22688949,0.24606982,0.39865518,0.60183024,0.6467799
1783532929.1687,4,right_handPinky_3_joint,-0.25613603,-0.14425091,0.23139855,0.24606982,0.39865518,0.60183024,0.6467799
1783532929.1687,4,right_handPinkyEnd_joint,-0.255347,-0.16245493,0.23549798,0.24606982,0.39865518,0.60183024,0.6467799
1783532929.1687,4,right_handRingStart_joint,-0.25035524,-0.019272378,0.21310431,0.20906462,0.43778875,0.6014102,0.63477474
1783532929.1687,4,right_handRing_1_joint,-0.24290182,-0.08539156,0.23436214,0.20906462,0.43778875,0.6014102,0.63477474
1783532929.1687,4,right_handRing_2_joint,-0.23764049,-0.13206354,0.24936733,0.20906462,0.43778875,0.6014102,0.63477474
1783532929.1687,4,right_handRing_3_joint,-0.2343524,-0.16123387,0.25874612,0.20906462,0.43778875,0.6014102,0.63477474
1783532929.1687,4,right_handRingEnd_joint,-0.23215972,-0.1806813,0.264998,0.20906462,0.43778875,0.6014102,0.63477474
1783532929.1687,4,right_handThumbStart_joint,-0.22327793,-0.008281781,0.21772078,0.25303572,0.932074,0.11721101,0.23124138
1783532929.1687,4,right_handThumb_1_joint,-0.18220155,-0.03652355,0.23768109,0.25303572,0.932074,0.117210984,0.23124138
1783532929.1687,4,right_handThumb_2_joint,-0.15284027,-0.056708116,0.2519495,0.25303572,0.932074,0.11721097,0.23124138
1783532929.1687,4,right_handThumbEnd_joint,-0.13326608,-0.07016477,0.261461,0.25303572,0.932074,0.117210954,0.23124138
1783532929.1687,4,camera,0.112207726,0.062253397,-0.049623363,-0.08748887,-0.08247755,-0.69901687,0.70492446
1783532929.2017,5,root,-0.00020145152,0.020352155,-0.0036258753,-0.045595214,-0.0046253167,-0.0039595454,0.9989414
1783532929.2017,5,hips_joint,-0.00020145152,0.020352155,-0.0036258753,-0.045595214,-0.0046253167,-0.0039595454,0.9989414
1783532929.2017,5,left_upLeg_joint,0.10011445,-0.0051872632,0.00056833413,0.6047786,-0.38282713,0.5874493,-0.37761027
1783532929.2017,5,left_leg_joint,0.10714406,-0.3870016,0.17803484,-0.26213348,0.6646604,-0.3151848,0.62463665
1783532929.2017,5,left_foot_joint,0.069539726,-0.7264198,-0.12612057,0.6162396,-0.36157337,0.6333218,-0.29734963
1783532929.2017,5,left_toes_joint,0.06005184,-0.84896386,-0.041838836,0.6736007,-0.23822035,0.6782003,-0.17192258
1783532929.2017,5,left_toesEnd_joint,0.05802561,-0.88257736,0.008615966,0.6736008,-0.23822016,0.67820024,-0.17192279
1783532929.2017,5,right_upLeg_joint,-0.1009506,-0.0036766075,-0.0013623601,0.3716009,0.5637486,0.42936677,0.59978706
1783532929.2017,5,right_leg_joint,-0.09912454,-0.39699286,0.14903194,0.59146345,0.32495928,0.668323,0.31291652
1783532929.2017,5,right_foot_joint,-0.051331196,-0.7640554,-0.119501695,0.2652081,0.6205574,0.33313915,0.65847665
1783532929.2017,5,right_toes_joint,-0.05250163,-0.87849426,-0.02404047,0.14278358,0.6595755,0.20229547,0.70968276
1783532929.2017,5,right_toesEnd_joint,-0.055417757,-0.907337,0.02924372,0.14278406,0.6595756,0.20229504,0.70968264
1783532929.2017,5,spine_1_joint,-0.0002014713,0.020352155,-0.0036258756,0.46512857,0.5301652,0.47244203,0.5285629
1783532929.2017,5,spine_2_joint,-0.0006937341,0.07748032,-0.010587396,0.4688011,0.5283969,0.47788545,0.52215683
1783532929.2017,5,spine_3_joint,-0.0015659838,0.13471599,-0.016558254,0.4888979,0.5074927,0.50050616,0.5029154
1783532929.2017,5,spine_4_joint,-0.0024207048,0.18775156,-0.01767553,0.5215724,0.47123712,0.5329983,0.47096828
1783532929.2017,5,spine_5_joint,-0.0032864744,0.25778964,-0.009996959,0.5651995,0.41568735,0.5749415,0.4209469
1783532929.2017,5,spine_6_joint,-0.0039205723,0.34714165,0.018675447,0.5755638,0.39721256,0.5900802,0.40342838
1783532929.2017,5,spine_7_joint,-0.0052091866,0.44683102,0.057773594,0.5596334,0.41874808,0.57710826,0.422383
1783532929.2017,5,left_shoulder_1_joint,0.082351804,0.55660665,0.08757286,-0.609358,0.019265,-0.14221473,0.7797995
1783532929.2017,5,left_arm_joint,0.22142664,0.52102935,0.10835466,-0.3601113,0.3122444,-0.5394021,0.69416803
1783532929.2017,5,left_forearm_joint,0.28076762,0.26202324,0.09638245,-0.41766432,0.19223017,-0.71261144,0.5298962
1783532929.2017,5,left_hand_joint,0.25677508,0.016617298,0.20130362,0.6524613,-0.5823829,0.45342872,-0.17183621
1783532929.2017,5,left_handIndexStart_joint,0.2412651,-0.0008861243,0.21989329,0.621464,-0.5926813,0.49450758,-0.13406916
1783532929.2017,5,left_handIndex_1_joint,0.22587621,-0.07069659,0.25649217,0.621464,-0.5926813,0.49450758,-0.13406916
1783532929.2017,5,left_handIndex_2_joint,0.21692918,-0.111284085,0.27777058,0.621464,-0.5926813,0.49450758,-0.13406916
1783532929.2017,5,left_handIndex_3_joint,0.21191885,-0.13401307,0.2896865,0.621464,-0.5926813,0.49450758,-0.13406916
1783532929.2017,5,left_handIndexEnd_joint,0.20834003,-0.15024807,0.29819787,0.621464,-0.5926813,0.49450758,-0.13406916
1783532929.2017,5,left_handMidStart_joint,0.2511128,-0.00641088,0.2139036,0.6536169,-0.5820795,0.4514924,-0.17356192
1783532929.2017,5,left_handMid_1_joint,0.24462695,-0.07616499,0.24340898,0.6536169,-0.5820795,0.4514924,-0.17356192
1783532929.2017,5,left_handMid_2_joint,0.24006933,-0.12518139,0.26414248,0.6536169,-0.5820795,0.4514924,-0.17356192
1783532929.2017,5,left_handMid_3_joint,0.23743993,-0.15346009,0.27610412,0.6536169,-0.5820795,0.4514924,-0.17356192
1783532929.2017,5,left_handMidEnd_joint,0.235687,-0.17231254,0.28407854,0.6536169,-0.5820795,0.4514924,-0.17356192
1783532929.2017,5,left_handPinkyStart_joint,0.27119368,-0.014806639,0.19672008,0.67723554,-0.5847401,0.3723181,-0.24659896
1783532929.2017,5,left_handPinky_1_joint,0.27366495,-0.07676111,0.21043012,0.67723554,-0.5847401,0.3723181,-0.24659896
1783532929.2017,5,left_handPinky_2_joint,0.2751913,-0.11502711,0.2188981,0.67723554,-0.5847401,0.3723181,-0.24659896
1783532929.2017,5,left_handPinky_3_joint,0.27599084,-0.1350712,0.2233337,0.67723554,-0.5847401,0.3723181,-0.24659896
1783532929.2017,5,left_handPinkyEnd_joint,0.2767177,-0.1532931,0.22736606,0.67723554,-0.5847401,0.3723181,-0.24659896
1783532929.2017,5,left_handRingStart_joint,0.26033172,-0.010799074,0.20603871,0.6662612,-0.5839152,0.41304597,-0.21102855
1783532929.2017,5,left_handRing_1_joint,0.25871626,-0.07732626,0.22726992,0.6662612,-0.5839152,0.41304597,-0.21102855
1783532929.2017,5,left_handRing_2_joint,0.25757593,-0.12428663,0.24225664,0.6662612,-0.5839152,0.41304597,-0.21102855
1783532929.2017,5,left_handRing_3_joint,0.25686324,-0.15363686,0.25162333,0.6662612,-0.5839152,0.41304597,-0.21102855
1783532929.2017,5,left_handRingEnd_joint,0.2563881,-0.17320368,0.2578678,0.6662612,-0.5839152,0.41304597,-0.21102855
1783532929.2017,5,left_handThumbStart_joint,0.23279452,-0.0018008602,0.21204057,0.25774887,-0.11675203,0.91613287,-0.28396434
1783532929.2017,5,left_handThumb_1_joint,0.19489406,-0.032973066,0.23383774,0.25774887,-0.11675203,0.91613287,-0.28396434
1783532929.2017,5,left_handThumb_2_joint,0.16780242,-0.05525259,0.24941878,0.2577489,-0.11675201,0.91613287,-0.28396434
1783532929.2017,5,left_handThumbEnd_joint,0.14974134,-0.070105605,0.25980616,0.2577489,-0.116751984,0.91613287,-0.28396434
1783532929.2017,5,neck_1_joint,-0.0073252753,0.5769406,0.09053228,0.6036409,0.35294768,0.6194554,0.35682112
1783532929.2017,5,neck_2_joint,-0.007823108,0.6029859,0.10541165,0.5969345,0.364404,0.61137944,0.37026316
1783532929.2017,5,neck_3_joint,-0.008349121,0.6384976,0.123813905,0.58117104,0.3869711,0.5997445,0.39089766
1783532929.2017,5,neck_4_joint,-0.009104336,0.67524445,0.13959694,0.56453377,0.4088618,0.5882399,0.41000992
1783532929.2017,5,head_joint,-0.01030617,0.71882176,0.15535064,0.5078327,0.47562367,0.53922784,0.4744704
1783532929.2017,5,jaw_joint,-0.009600048,0.69346595,0.15791643,0.5078327,0.47562367,0.53922784,0.4744704
1783532929.2017,5,chin_joint,-0.010763697,0.6339953,0.2525838,0.5078327,0.47562367,0.53922784,0.4744704
1783532929.2017,5,left_eye_joint,0.01836277,0.7438349,0.24567723,0.51196146,0.4711766,0.54334533,0.46974963
1783532929.2017,5,left_eyeLowerLid_joint,0.01836277,0.7438349,0.24567723,0.51196146,0.4711766,0.54334533,0.46974963
1783532929.2017,5,left_eyeUpperLid_joint,0.01836277,0.7438349,0.24567723,0.51196146,0.4711766,0.54334533,0.46974963
1783532929.2017,5,left_eyeball_joint,0.01836277,0.7438349,0.24567723,0.51196146,0.4711766,0.54334533,0.46974963
1783532929.2017,5,nose_joint,-0.013454485,0.7081164,0.26478323,0.51196384,0.4711739,0.5433478,0.4697468
1783532929.2017,5,right_eye_joint,-0.04620845,0.7418288,0.24362335,0.51196146,0.4711766,0.54334533,0.46974963
1783532929.2017,5,right_eyeLowerLid_joint,-0.04620845,0.7418288,0.24362335,0.51196146,0.4711766,0.54334533,0.46974963
1783532929.2017,5,right_eyeUpperLid_joint,-0.04620845,0.7418288,0.24362335,0.51196146,0.4711766,0.54334533,0.46974963
1783532929.2017,5,right_eyeball_joint,-0.04620845,0.7418288,0.24362335,0.51196146,0.4711766,0.54334533,0.46974963
1783532929.2017,5,right_shoulder_1_joint,-0.09632281,0.5547177,0.08347597,0.77989763,0.1571093,0.045503214,0.60415775
1783532929.2017,5,right_arm_joint,-0.23361076,0.5111971,0.10071681,0.6849729,0.55489075,0.2863226,0.37540463
1783532929.2017,5,right_forearm_joint,-0.29218924,0.25182262,0.10719902,0.5100175,0.7400367,0.19314468,0.3936034
1783532929.2017,5,right_hand_joint,-0.24665599,0.008797817,0.2105145,0.17044169,0.47478253,0.59961754,0.62128156
1783532929.2017,5,right_handIndexStart_joint,-0.23031786,-0.007758784,0.22739246,0.12919062,0.51604354,0.6103216,0.5869561
1783532929.2017,5,right_handIndex_1_joint,-0.20802478,-0.076006465,0.2633789,0.12919062,0.51604354,0.6103216,0.5869561
1783532929.2017,5,right_handIndex_2_joint,-0.19506328,-0.11568558,0.28430083,0.12919062,0.51604354,0.6103216,0.5869561
1783532929.2017,5,right_handIndex_3_joint,-0.18780531,-0.13790609,0.2960179,0.12919062,0.51604354,0.6103216,0.5869561
1783532929.2017,5,right_handIndexEnd_joint,-0.18262103,-0.1537776,0.30438715,0.12919062,0.51604354,0.6103216,0.5869561
1783532929.2017,5,right_handMidStart_joint,-0.24002063,-0.014029671,0.22192384,0.1698777,0.47530508,0.6000211,0.6206466
1783532929.2017,5,right_handMid_1_joint,-0.2269551,-0.082921825,0.25127584,0.1698777,0.47530508,0.6000211,0.6206466
1783532929.2017,5,right_handMid_2_joint,-0.21777426,-0.13133186,0.2719018,0.1698777,0.47530508,0.6000211,0.6206466
1783532929.2017,5,right_handMid_3_joint,-0.21247739,-0.15926091,0.28380123,0.1698777,0.47530508,0.6000211,0.6206466
1783532929.2017,5,right_handMidEnd_joint,-0.20894644,-0.1778799,0.2917343,0.1698777,0.47530508,0.6000211,0.6206466
1783532929.2017,5,right_handPinkyStart_joint,-0.26026663,-0.02398989,0.20580246,0.24575815,0.39949253,0.60189986,0.64631724
1783532929.2017,5,right_handPinky_1_joint,-0.25748822,-0.085864514,0.21980779,0.24575815,0.39949253,0.60189986,0.64631724
1783532929.2017,5,right_handPinky_2_joint,-0.25577232,-0.12408189,0.22845882,0.24575815,0.39949253,0.60189986,0.64631724
1783532929.2017,5,right_handPinky_3_joint,-0.25487316,-0.14410025,0.23298953,0.24575815,0.39949253,0.60189986,0.64631724
1783532929.2017,5,right_handPinkyEnd_joint,-0.25405604,-0.16229858,0.23710866,0.24575815,0.39949253,0.60189986,0.64631724
1783532929.2017,5,right_handRingStart_joint,-0.24927494,-0.01913492,0.2145484,0.20873393,0.43859547,0.6014693,0.6342711
1783532929.2017,5,right_handRing_1_joint,-0.24171285,-0.085220315,0.23587297,0.20873393,0.43859547,0.6014693,0.6342711
1783532929.2017,5,right_handRing_2_joint,-0.23637483,-0.13186844,0.25092527,0.20873393,0.43859547,0.6014693,0.6342711
1783532929.2017,5,right_handRing_3_joint,-0.2330388,-0.16102389,0.2603335,0.20873393,0.43859547,0.6014693,0.6342711
1783532929.2017,5,right_handRingEnd_joint,-0.23081416,-0.18046136,0.26660502,0.20873393,0.43859547,0.6014693,0.6342711
1783532929.2017,5,right_handThumbStart_joint,-0.22220722,-0.00810373,0.2191242,0.2523571,0.93242586,0.116704606,0.2308216
1783532929.2017,5,right_handThumb_1_joint,-0.18107311,-0.036269274,0.2390735,0.2523571,0.93242586,0.1167046,0.2308216
1783532929.2017,5,right_handThumb_2_joint,-0.15167056,-0.05639935,0.25333402,0.2523571,0.93242586,0.116704576,0.2308216
1783532929.2017,5,right_handThumbEnd_joint,-0.13206884,-0.06981968,0.26284027,0.2523571,0.93242586,0.11670455,0.2308216
1783532929.2017,5,camera,0.112150066,0.062326726,-0.049842156,-0.0870547,-0.08467083,-0.69920576,0.7045308
1783532929.2347,6,root,-0.00014555543,0.020558573,-0.0035599389,-0.047706358,-0.0045243693,-0.0036957078,0.9988444
1783532929.2347,6,hips_joint,-0.00014555543,0.020558573,-0.0035599389,-0.047706358,-0.0045243693,-0.0036957078,0.9988444
1783532929.2347,6,left_upLeg_joint,0.10018405,-0.004913013,0.0007178822,0.6069212,-0.3802631,0.58790207,-0.37605575
1783532929.2347,6,left_leg_joint,0.10841331,-0.38548186,0.18078914,-0.26147243,0.6653951,-0.31318823,0.6251359
1783532929.2347,6,left_foot_joint,0.07106292,-0.72367626,-0.12475784,0.61617225,-0.36255935,0.63205785,-0.298974
1783532929.2347,6,left_toes_joint,0.06183892,-0.84658813,-0.040983878,0.6737214,-0.2392012,0.6772672,-0.17375706
1783532929.2347,6,left_toesEnd_joint,0.059909318,-0.8804166,0.009330892,0.6737215,-0.23920098,0.6772672,-0.17375726
1783532929.2347,6,right_upLeg_joint,-0.10088219,-0.0035104821,-0.0011704012,0.3680458,0.56668437,0.4267111,0.6011062
1783532929.2347,6,right_leg_joint,-0.098175734,-0.39518145,0.15344511,0.59094244,0.32723507,0.6676106,0.31305
1783532929.2347,6,right_foot_joint,-0.049895287,-0.7631967,-0.113693684,0.26339447,0.6220277,0.33249605,0.6581424
1783532929.2347,6,right_toes_joint,-0.050648794,-0.87725616,-0.017775306,0.14072414,0.6606752,0.20172739,0.7092327
1783532929.2347,6,right_toesEnd_joint,-0.05341661,-0.905893,0.035627745,0.14072463,0.6606754,0.20172694,0.70923257
1783532929.2347,6,spine_1_joint,-0.00014557519,0.020558573,-0.003559939,0.4644365,0.53082275,0.47184283,0.52904683
1783532929.2347,6,spine_2_joint,-0.00065301097,0.07766949,-0.0106607145,0.46856782,0.5285857,0.47775698,0.5222931
1783532929.2347,6,spine_3_joint,-0.0015340724,0.1349009,-0.01667098,0.48904794,0.50725317,0.50082797,0.5026911
1783532929.2347,6,spine_4_joint,-0.0023971715,0.18793735,-0.01773874,0.5219987,0.47058338,0.53373516,0.47031435
1783532929.2347,6,spine_5_joint,-0.0032868732,0.25795597,-0.009887138,0.56568277,0.41473722,0.5759744,0.4198212
1783532929.2347,6,spine_6_joint,-0.0039961305,0.34720278,0.019109152,0.5758829,0.39626992,0.59133375,0.4020622
1783532929.2347,6,spine_7_joint,-0.0054419003,0.44673568,0.058598578,0.55953246,0.4181983,0.5785111,0.42114004
1783532929.2347,6,left_shoulder_1_joint,0.08185637,0.5566004,0.08883705,-0.60906184,0.01673234,-0.14271508,0.7799977
1783532929.2347,6,left_arm_joint,0.22091629,0.52135086,0.11026703,-0.35950735,0.3094565,-0.5404814,0.6948895
1783532929.2347,6,left_forearm_joint,0.28055933,0.2623723,0.09923864,-0.4158215,0.18952595,-0.7153484,0.5286298
1783532929.2347,6,left_hand_joint,0.25502536,0.017467098,0.20496263,0.65022737,-0.5818705,0.4572421,-0.17193376
1783532929.2347,6,left_handIndexStart_joint,0.23932494,8.741021e-05,0.22350846,0.6189887,-0.5921751,0.49816856,-0.13420197
1783532929.2347,6,left_handIndex_1_joint,0.22344863,-0.06952655,0.26027298,0.6189887,-0.5921751,0.49816856,-0.13420197
1783532929.2347,6,left_handIndex_2_joint,0.21421823,-0.10999979,0.28164768,0.6189887,-0.5921751,0.49816856,-0.13420197
1783532929.2347,6,left_handIndex_3_joint,0.2090492,-0.1326648,0.29361752,0.6189887,-0.5921751,0.49816856,-0.13420197
1783532929.2347,6,left_handIndexEnd_joint,0.20535703,-0.1488541,0.3021674,0.6189887,-0.5921751,0.49816856,-0.13420197
1783532929.2347,6,left_handMidStart_joint,0.24919845,-0.005492296,0.21761297,0.65139407,-0.58156645,0.45531207,-0.17365906
1783532929.2347,6,left_handMid_1_joint,0.24227676,-0.075106405,0.24734896,0.65139407,-0.58156645,0.45531207,-0.17365906
1783532929.2347,6,left_handMid_2_joint,0.23741287,-0.12402443,0.26824453,0.65139407,-0.58156645,0.45531207,-0.17365906
1783532929.2347,6,left_handMid_3_joint,0.23460677,-0.15224636,0.28029966,0.65139407,-0.58156645,0.45531207,-0.17365906
1783532929.2347,6,left_handMidEnd_joint,0.23273605,-0.17106098,0.28833646,0.65139407,-0.58156645,0.45531207,-0.17365906
1783532929.2347,6,left_handPinkyStart_joint,0.26937723,-0.0140201375,0.20061018,0.6754434,-0.5841568,0.37634525,-0.24678259
1783532929.2347,6,left_handPinky_1_joint,0.2715522,-0.075926386,0.21458559,0.6754434,-0.5841568,0.37634525,-0.24678259
1783532929.2347,6,left_handPinky_2_joint,0.27289554,-0.114162594,0.22321746,0.6754434,-0.5841568,0.37634525,-0.24678259
1783532929.2347,6,left_handPinky_3_joint,0.2735992,-0.13419108,0.2277389,0.6754434,-0.5841568,0.37634525,-0.24678259
1783532929.2347,6,left_handPinkyEnd_joint,0.27423888,-0.1523988,0.23184933,0.6754434,-0.5841568,0.37634525,-0.24678259
1783532929.2347,6,left_handRingStart_joint,0.25846046,-0.009941025,0.20983317,0.6642506,-0.5833626,0.4169749,-0.21116729
1783532929.2347,6,left_handRing_1_joint,0.2564795,-0.07637683,0.23131794,0.6642506,-0.5833626,0.4169749,-0.21116729
1783532929.2347,6,left_handRing_2_joint,0.25508118,-0.123272695,0.24648364,0.6642506,-0.5833626,0.4169749,-0.21116729
1783532929.2347,6,left_handRing_3_joint,0.25420725,-0.1525826,0.25596222,0.6642506,-0.5833626,0.4169749,-0.21116729
1783532929.2347,6,left_handRingEnd_joint,0.25362462,-0.17212255,0.26228127,0.6642506,-0.5833626,0.4169749,-0.21116729
1783532929.2347,6,left_handThumbStart_joint,0.23090896,-0.0008322966,0.21559787,0.25479144,-0.11428475,0.91774553,-0.28242472
1783532929.2347,6,left_handThumb_1_joint,0.19275211,-0.031797357,0.23724236,0.25479144,-0.11428475,0.91774553,-0.28242472
1783532929.2347,6,left_handThumb_2_joint,0.16547722,-0.053928804,0.25271425,0.25479144,-0.114284724,0.91774553,-0.28242472
1783532929.2347,6,left_handThumbEnd_joint,0.14729396,-0.06868311,0.26302883,0.25479147,-0.114284694,0.91774553,-0.28242472
1783532929.2347,6,neck_1_joint,-0.007866197,0.5767378,0.091759905,0.6034808,0.35240626,0.620733,0.35540366
1783532929.2347,6,neck_2_joint,-0.0084361825,0.6027347,0.10672115,0.59678805,0.3638607,0.6126858,0.36887136
1783532929.2347,6,neck_3_joint,-0.009058464,0.6381867,0.12523521,0.58103997,0.38641784,0.60109967,0.38955587
1783532929.2347,6,neck_4_joint,-0.009909634,0.6748816,0.14113374,0.5644162,0.40829828,0.58964074,0.40871903
1783532929.2347,6,head_joint,-0.011221937,0.71840614,0.15702404,0.507774,0.47504106,0.5407712,0.47335896
1783532929.2347,6,jaw_joint,-0.010464717,0.6930438,0.1595103,0.507774,0.47504106,0.5407712,0.47335896
1783532929.2347,6,chin_joint,-0.011608062,0.63327104,0.25398737,0.507774,0.47504106,0.5407712,0.47335896
1783532929.2347,6,left_eye_joint,0.017292224,0.74319357,0.24746177,0.5118975,0.47059447,0.54487896,0.46862468
1783532929.2347,6,left_eyeLowerLid_joint,0.017292224,0.74319357,0.24746177,0.5118975,0.47059447,0.54487896,0.46862468
1783532929.2347,6,left_eyeUpperLid_joint,0.017292224,0.74319357,0.24746177,0.5118975,0.47059447,0.54487896,0.46862468
1783532929.2347,6,left_eyeball_joint,0.017292224,0.74319357,0.24746177,0.5118975,0.47059447,0.54487896,0.46862468
1783532929.2347,6,nose_joint,-0.014470348,0.70734715,0.26641858,0.51190007,0.47059184,0.54488134,0.46862185
1783532929.2347,6,right_eye_joint,-0.04727222,0.7410568,0.24532859,0.5118975,0.47059447,0.54487896,0.46862468
1783532929.2347,6,right_eyeLowerLid_joint,-0.04727222,0.7410568,0.24532859,0.5118975,0.47059447,0.54487896,0.46862468
1783532929.2347,6,right_eyeUpperLid_joint,-0.04727222,0.7410568,0.24532859,0.5118975,0.47059447,0.54487896,0.46862468
1783532929.2347,6,right_eyeball_joint,-0.04727222,0.7410568,0.24532859,0.5118975,0.47059447,0.54487896,0.46862468
1783532929.2347,6,right_shoulder_1_joint,-0.0968092,0.55435133,0.08453531,0.7799459,0.15864629,0.046160944,0.6036434
1783532929.2347,6,right_arm_joint,-0.23393886,0.5103724,0.101872385,0.6845625,0.5559046,0.28582,0.37503532
1783532929.2347,6,right_forearm_joint,-0.29207113,0.2509063,0.108693436,0.5094762,0.74084073,0.1928736,0.39292392
1783532929.2347,6,right_hand_joint,-0.2459559,0.008004093,0.21203876,0.17041828,0.47558764,0.5998848,0.62041324
1783532929.2347,6,right_handIndexStart_joint,-0.22956137,-0.008517661,0.22889614,0.12914956,0.5167873,0.610586,0.5860344
1783532929.2347,6,right_handIndex_1_joint,-0.207093,-0.07671192,0.26487473,0.12914956,0.5167873,0.610586,0.5860344
1783532929.2347,6,right_handIndex_2_joint,-0.19402957,-0.11635997,0.28579208,0.12914956,0.5167873,0.610586,0.5860344
1783532929.2347,6,right_handIndex_3_joint,-0.18671453,-0.13856308,0.29750657,0.12914956,0.5167873,0.610586,0.5860344
1783532929.2347,6,right_handIndexEnd_joint,-0.1814895,-0.15442216,0.305874,0.12914956,0.5167873,0.610586,0.5860344
1783532929.2347,6,right_handMidStart_joint,-0.23926298,-0.014807181,0.22344688,0.16985434,0.47610933,0.6002882,0.6197773
1783532929.2347,6,right_handMid_1_joint,-0.22603236,-0.08366429,0.25280705,0.16985434,0.47610933,0.6002882,0.6197773
1783532929.2347,6,right_handMid_2_joint,-0.21673551,-0.1320497,0.27343875,0.16985434,0.47610933,0.6002882,0.6197773
1783532929.2347,6,right_handMid_3_joint,-0.21137172,-0.15996453,0.28534153,0.16985434,0.47610933,0.6002882,0.6197773
1783532929.2347,6,right_handMidEnd_joint,-0.20779616,-0.17857406,0.29327682,0.16985434,0.47610933,0.6002882,0.6197773
1783532929.2347,6,right_handPinkyStart_joint,-0.2595198,-0.024808384,0.20736445,0.24579394,0.40038255,0.60214055,0.6455279
1783532929.2347,6,right_handPinky_1_joint,-0.25661412,-0.086672,0.22139245,0.24579394,0.40038255,0.60214055,0.6455279
1783532929.2347,6,right_handPinky_2_joint,-0.25481963,-0.12488258,0.23005748,0.24579394,0.40038255,0.60214055,0.6455279
1783532929.2347,6,right_handPinky_3_joint,-0.25387928,-0.14489737,0.23459554,0.24579394,0.40038255,0.60214055,0.6455279
1783532929.2347,6,right_handPinkyEnd_joint,-0.2530248,-0.16309248,0.23872133,0.24579394,0.40038255,0.60214055,0.6455279
1783532929.2347,6,right_handRingStart_joint,-0.2485213,-0.019931164,0.21608949,0.20873936,0.4394441,0.6017228,0.63344055
1783532929.2347,6,right_handRing_1_joint,-0.24081248,-0.085994296,0.23743041,0.20873936,0.4394441,0.6017228,0.63344055
1783532929.2347,6,right_handRing_2_joint,-0.23537087,-0.1326267,0.25249425,0.20873936,0.4394441,0.6017228,0.63344055
1783532929.2347,6,right_handRing_3_joint,-0.23197012,-0.16177231,0.26190972,0.20873936,0.4394441,0.6017228,0.63344055
1783532929.2347,6,right_handRingEnd_joint,-0.22970234,-0.18120325,0.26818603,0.20873936,0.4394441,0.6017228,0.63344055
1783532929.2347,6,right_handThumbStart_joint,-0.2214643,-0.008852759,0.22061422,0.25162634,0.93285865,0.11647463,0.22998467
1783532929.2347,6,right_handThumb_1_joint,-0.18024924,-0.036940657,0.24050578,0.25162634,0.93285865,0.11647462,0.22998467
1783532929.2347,6,right_handThumb_2_joint,-0.15078884,-0.057015233,0.25472504,0.25162634,0.93285865,0.116474606,0.22998467
1783532929.2347,6,right_handThumbEnd_joint,-0.13114858,-0.07039856,0.26420376,0.25162634,0.93285865,0.11647458,0.22998467
1783532929.2347,6,camera,0.112036005,0.062500775,-0.049790062,-0.08580259,-0.085426025,-0.6992307,0.7045685
1783532929.2699,7,root,-0.000201943,0.0204668,-0.0037120497,-0.04853134,-0.0044814004,-0.0035122032,0.99880546
1783532929.2699,7,hips_joint,-0.000201943,0.0204668,-0.0037120497,-0.04853134,-0.0044814004,-0.0035122032,0.99880546
1783532929.2699,7,left_upLeg_joint,0.100137174,-0.0049620937,0.00059689756,0.60816044,-0.3791634,0.5876337,-0.37558305
1783532929.2699,7,left_leg_joint,0.109335475,-0.38504562,0.18164352,-0.26235896,0.6655863,-0.31272924,0.62479043
1783532929.2699,7,left_foot_joint,0.07201496,-0.7234642,-0.12365871,0.61698806,-0.36216316,0.63148355,-0.2989851
1783532929.2699,7,left_toes_joint,0.06309284,-0.8463423,-0.03980256,0.6744474,-0.2386576,0.6767053,-0.17387684
1783532929.2699,7,left_toesEnd_joint,0.061287053,-0.8801453,0.010533876,0.6744475,-0.23865737,0.6767053,-0.17387703
1783532929.2699,7,right_upLeg_joint,-0.10092975,-0.003633995,-0.0012717079,0.36645633,0.5678966,0.4256335,0.6016972
1783532929.2699,7,right_leg_joint,-0.09783867,-0.39458674,0.15514395,0.59022915,0.32887876,0.66707736,0.31380895
1783532929.2699,7,right_foot_joint,-0.049222793,-0.7635863,-0.11057259,0.26181933,0.6228817,0.3316082,0.658411
1783532929.2699,7,right_toes_joint,-0.049835127,-0.8772728,-0.014211416,0.13901575,0.6612154,0.20080477,0.7093281
1783532929.2699,7,right_toesEnd_joint,-0.052561387,-0.9057048,0.039303135,0.13901623,0.6612155,0.20080431,0.70932806
1783532929.2699,7,spine_1_joint,-0.00020196277,0.0204668,-0.00371205,0.46414426,0.53105474,0.47177076,0.5291345
1783532929.2699,7,spine_2_joint,-0.00072992634,0.07757262,-0.010852024,0.46845654,0.52858025,0.47795382,0.522218
1783532929.2699,7,spine_3_joint,-0.0016319877,0.13480468,-0.016852891,0.48907176,0.50702906,0.50125426,0.5024682
1783532929.2699,7,spine_4_joint,-0.0025163346,0.1878417,-0.017873308,0.5220866,0.47017223,0.5343459,0.46993408
1783532929.2699,7,spine_5_joint,-0.0034433443,0.25784805,-0.009917663,0.56574917,0.4141766,0.57667696,0.4193199
1783532929.2699,7,spine_6_joint,-0.0042176894,0.34704065,0.019243222,0.5758615,0.39568698,0.5920479,0.4016151
1783532929.2699,7,spine_7_joint,-0.0057461243,0.44650343,0.058905628,0.55932045,0.41778383,0.5791375,0.42097175
1783532929.2699,7,left_shoulder_1_joint,0.081469245,0.55637544,0.08935615,-0.6090804,0.015833884,-0.14387308,0.77978915
1783532929.2699,7,left_arm_joint,0.2204414,0.52103126,0.11119575,-0.3590149,0.3079851,-0.5419111,0.69468415
1783532929.2699,7,left_forearm_joint,0.27974442,0.26194543,0.100876436,-0.41482246,0.18815653,-0.71706307,0.52758
1783532929.2699,7,left_hand_joint,0.25317135,0.017363796,0.20709243,0.64879775,-0.5818087,0.45943555,-0.17169668
1783532929.2699,7,left_handIndexStart_joint,0.23735428,6.9321395e-05,0.2256188,0.6174203,-0.59209746,0.50026524,-0.13397077
1783532929.2699,7,left_handIndex_1_joint,0.22115654,-0.06941438,0.26248938,0.6174203,-0.59209746,0.50026524,-0.13397077
1783532929.2699,7,left_handIndex_2_joint,0.21173923,-0.10981187,0.28392577,0.6174203,-0.59209746,0.50026524,-0.13397077
1783532929.2699,7,left_handIndex_3_joint,0.20646554,-0.13243447,0.29593015,0.6174203,-0.59209746,0.50026524,-0.13397077
1783532929.2699,7,left_handIndexEnd_joint,0.20269863,-0.14859349,0.30450472,0.6174203,-0.59209746,0.50026524,-0.13397077
1783532929.2699,7,left_handMidStart_joint,0.2472364,-0.0055498527,0.21977547,0.6499707,-0.58150524,0.45750973,-0.17342244
1783532929.2699,7,left_handMid_1_joint,0.24002059,-0.075073615,0.24965262,0.6499707,-0.58150524,0.45750973,-0.17342244
1783532929.2699,7,left_handMid_2_joint,0.23495002,-0.123928145,0.27064738,0.6499707,-0.58150524,0.45750973,-0.17342244
1783532929.2699,7,left_handMid_3_joint,0.23202468,-0.15211345,0.28275976,0.6499707,-0.58150524,0.45750973,-0.17342244
1783532929.2699,7,left_handMidEnd_joint,0.23007445,-0.17090365,0.29083467,0.6499707,-0.58150524,0.45750973,-0.17342244
1783532929.2699,7,left_handPinkyStart_joint,0.26745948,-0.014170425,0.20287234,0.67425954,-0.5840792,0.3786866,-0.24662244
1783532929.2699,7,left_handPinky_1_joint,0.26942143,-0.076047875,0.21700595,0.67425954,-0.5840792,0.3786866,-0.24662244
1783532929.2699,7,left_handPinky_2_joint,0.27063322,-0.1142663,0.22573555,0.67425954,-0.5840792,0.3786866,-0.24662244
1783532929.2699,7,left_handPinky_3_joint,0.27126795,-0.13428548,0.23030819,0.67425954,-0.5840792,0.3786866,-0.24662244
1783532929.2699,7,left_handPinkyEnd_joint,0.271845,-0.15248473,0.23446514,0.67425954,-0.5840792,0.3786866,-0.24662244
1783532929.2699,7,left_handRingStart_joint,0.25651726,-0.010041084,0.2120427,0.6629453,-0.5832909,0.4192478,-0.2109674
1783532929.2699,7,left_handRing_1_joint,0.25428247,-0.07641921,0.23368034,0.6629453,-0.5832909,0.4192478,-0.2109674
1783532929.2699,7,left_handRing_2_joint,0.252705,-0.12327436,0.24895395,0.6629453,-0.5832909,0.4192478,-0.2109674
1783532929.2699,7,left_handRing_3_joint,0.25171906,-0.15255883,0.25849995,0.6629453,-0.5832909,0.4192478,-0.2109674
1783532929.2699,7,left_handRingEnd_joint,0.25106177,-0.17208181,0.26486397,0.6629453,-0.5832909,0.4192478,-0.2109674
1783532929.2699,7,left_handThumbStart_joint,0.22896688,-0.00084815384,0.21767761,0.2531953,-0.11294514,0.91873926,-0.28116575
1783532929.2699,7,left_handThumb_1_joint,0.19064674,-0.03166313,0.2392477,0.2531953,-0.11294514,0.91873926,-0.28116575
1783532929.2699,7,left_handThumb_2_joint,0.16325511,-0.0536873,0.25466642,0.2531953,-0.112945125,0.91873926,-0.28116575
1783532929.2699,7,left_handThumbEnd_joint,0.14499404,-0.06837008,0.26494557,0.2531953,-0.1129451,0.91873926,-0.28116575
1783532929.2699,7,neck_1_joint,-0.008265388,0.5764708,0.09219579,0.6032255,0.35201794,0.6213371,0.355166
1783532929.2699,7,neck_2_joint,-0.008863979,0.6024523,0.10718268,0.5965418,0.3634672,0.61329466,0.36864546
1783532929.2699,7,neck_3_joint,-0.0095230825,0.6378852,0.12573192,0.5808059,0.3860148,0.6017154,0.38935342
1783532929.2699,7,neck_4_joint,-0.010408592,0.6745636,0.1416666,0.5641937,0.4078864,0.5902621,0.40854013
1783532929.2699,7,head_joint,-0.011758204,0.7180714,0.15759945,0.50759804,0.4746043,0.5414078,0.47325793
1783532929.2699,7,jaw_joint,-0.010992799,0.69270694,0.16006088,0.50759804,0.4746043,0.5414078,0.47325793
1783532929.2699,7,chin_joint,-0.012219114,0.63283795,0.25447598,0.50759804,0.4746043,0.5414078,0.47325793
1783532929.2699,7,left_eye_joint,0.016640756,0.7427796,0.24809508,0.5117178,0.47015926,0.54551464,0.46851808
1783532929.2699,7,left_eyeLowerLid_joint,0.016640756,0.7427796,0.24809508,0.5117178,0.47015926,0.54551464,0.46851808
1783532929.2699,7,left_eyeUpperLid_joint,0.016640756,0.7427796,0.24809508,0.5117178,0.47015926,0.54551464,0.46851808
1783532929.2699,7,left_eyeball_joint,0.016640756,0.7427796,0.24809508,0.5117178,0.47015926,0.54551464,0.46851808
1783532929.2699,7,nose_joint,-0.015128036,0.70690024,0.26697886,0.51172024,0.47015652,0.5455171,0.46851525
1783532929.2699,7,right_eye_joint,-0.047920235,0.740617,0.2458852,0.5117178,0.47015926,0.54551464,0.46851808
1783532929.2699,7,right_eyeLowerLid_joint,-0.047920235,0.740617,0.2458852,0.5117178,0.47015926,0.54551464,0.46851808
1783532929.2699,7,right_eyeUpperLid_joint,-0.047920235,0.740617,0.2458852,0.5117178,0.47015926,0.54551464,0.46851808
1783532929.2699,7,right_eyeball_joint,-0.047920235,0.740617,0.2458852,0.5117178,0.47015926,0.54551464,0.46851808
1783532929.2699,7,right_shoulder_1_joint,-0.09719024,0.554053,0.084845826,0.7796823,0.159367,0.046532076,0.60376555
1783532929.2699,7,right_arm_joint,-0.23424342,0.5098565,0.10223435,0.6838351,0.5569033,0.28544027,0.3751699
1783532929.2699,7,right_forearm_joint,-0.29189995,0.2502976,0.10954326,0.50840336,0.7417507,0.19247594,0.39279154
1783532929.2699,7,right_hand_joint,-0.24514379,0.007670803,0.21324684,0.16964118,0.47655365,0.6001149,0.619662
1783532929.2699,7,right_handIndexStart_joint,-0.22869685,-0.008786122,0.23011659,0.1283592,0.5177,0.610762,0.5852186
1783532929.2699,7,right_handIndex_1_joint,-0.2060423,-0.07687011,0.26618716,0.1283592,0.5177,0.610762,0.5852186
1783532929.2699,7,right_handIndex_2_joint,-0.19287063,-0.116454065,0.28715798,0.1283592,0.5177,0.610762,0.5852186
1783532929.2699,7,right_handIndex_3_joint,-0.18549497,-0.13862127,0.29890242,0.1283592,0.5177,0.610762,0.5852186
1783532929.2699,7,right_handIndexEnd_joint,-0.18022664,-0.15445471,0.3072912,0.1283592,0.5177,0.610762,0.5852186
1783532929.2699,7,right_handMidStart_joint,-0.23838915,-0.015106475,0.22468646,0.16907737,0.4770747,0.60051733,0.61902493
1783532929.2699,7,right_handMid_1_joint,-0.22497681,-0.08388506,0.25414807,0.16907737,0.4770747,0.60051733,0.61902493
1783532929.2699,7,right_handMid_2_joint,-0.21555226,-0.13221528,0.27485102,0.16907737,0.4770747,0.60051733,0.61902493
1783532929.2699,7,right_handMid_3_joint,-0.21011478,-0.16009828,0.28679493,0.16907737,0.4770747,0.60051733,0.61902493
1783532929.2699,7,right_handMidEnd_joint,-0.2064901,-0.17868657,0.29475763,0.16907737,0.4770747,0.60051733,0.61902493
1783532929.2699,7,right_handPinkyStart_joint,-0.25863782,-0.025179833,0.20863888,0.24508186,0.40144673,0.60242677,0.64487016
1783532929.2699,7,right_handPinky_1_joint,-0.25557995,-0.08701352,0.22276613,0.24508186,0.40144673,0.60242677,0.64487016
1783532929.2699,7,right_handPinky_2_joint,-0.2536915,-0.1252056,0.23149246,0.24508186,0.40144673,0.60242677,0.64487016
1783532929.2699,7,right_handPinky_3_joint,-0.25270194,-0.14521073,0.23606262,0.24508186,0.40144673,0.60242677,0.64487016
1783532929.2699,7,right_handPinkyEnd_joint,-0.25180265,-0.16339703,0.24021761,0.24508186,0.40144673,0.60242677,0.64487016
1783532929.2699,7,right_handRingStart_joint,-0.24764252,-0.020263446,0.21734588,0.20799305,0.44046074,0.60198003,0.6327351
1783532929.2699,7,right_handRing_1_joint,-0.23976547,-0.086273745,0.23878862,0.20799305,0.44046074,0.60198003,0.6327351
1783532929.2699,7,right_handRing_2_joint,-0.23420513,-0.13286886,0.25392434,0.20799305,0.44046074,0.60198003,0.6327351
1783532929.2699,7,right_handRing_3_joint,-0.23073013,-0.16199115,0.26338473,0.20799305,0.44046074,0.60198003,0.6327351
1783532929.2699,7,right_handRingEnd_joint,-0.22841285,-0.18140656,0.26969096,0.20799305,0.44046074,0.60198003,0.6327351
1783532929.2699,7,right_handThumbStart_joint,-0.2206065,-0.009116624,0.22182791,0.25043714,0.93334115,0.11585145,0.22963953
1783532929.2699,7,right_handThumb_1_joint,-0.17931032,-0.03707868,0.24172844,0.25043714,0.93334115,0.11585144,0.22963953
1783532929.2699,7,right_handThumb_2_joint,-0.14979193,-0.0570633,0.2559541,0.25043714,0.93334115,0.11585142,0.22963953
1783532929.2699,7,right_handThumbEnd_joint,-0.13011299,-0.07038666,0.2654371,0.25043714,0.93334115,0.115851395,0.22963953
1783532929.2699,7,camera,0.112179294,0.06264762,-0.04969707,-0.08550531,-0.083989196,-0.6996499,0.70436114
1783532929.3017,8,root,-0.00028770458,0.020444866,-0.0039067366,-0.04787664,-0.004159499,-0.0039024933,0.998837
1783532929.3017,8,hips_joint,-0.00028770458,0.020444866,-0.0039067366,-0.04787664,-0.004159499,-0.0039024933,0.998837
1783532929.3017,8,left_upLeg_joint,0.10003347,-0.005070386,0.00030839114,0.6068489,-0.38170946,0.58601147,-0.37765467
1783532929.3017,8,left_leg_joint,0.10920385,-0.3865456,0.17840552,-0.26072952,0.66665787,-0.3108639,0.6252608
1783532929.3017,8,left_foot_joint,0.071641445,-0.72329557,-0.12870672,0.6163663,-0.3640117,0.63030523,-0.30050564
1783532929.3017,8,left_toes_joint,0.062762365,-0.8466268,-0.045513783,0.6741872,-0.24059048,0.67583656,-0.17559312
1783532929.3017,8,left_toesEnd_joint,0.060986742,-0.8807028,0.004639368,0.6741873,-0.24059027,0.67583656,-0.17559332
1783532929.3017,8,right_upLeg_joint,-0.10103341,-0.0035780882,-0.0014375496,0.36548033,0.5690468,0.424551,0.60196877
1783532929.3017,8,right_leg_joint,-0.097616054,-0.39396662,0.15637414,0.590045,0.33019382,0.66632813,0.3143659
1783532929.3017,8,right_foot_joint,-0.04912114,-0.7637447,-0.10828002,0.2608633,0.6238033,0.33067504,0.65838736
1783532929.3017,8,right_toes_joint,-0.04957525,-0.87713987,-0.011575337,0.13790238,0.6619391,0.199893,0.709128
1783532929.3017,8,right_toesEnd_joint,-0.05222967,-0.90541136,0.042027798,0.13790287,0.66193914,0.19989252,0.70912796
1783532929.3017,8,spine_1_joint,-0.00028772437,0.020444866,-0.003906737,0.46457195,0.5307135,0.47199947,0.5288973
1783532929.3017,8,spine_2_joint,-0.0007988461,0.07755964,-0.010975976,0.4686152,0.5282167,0.4783835,0.52204967
1783532929.3017,8,spine_3_joint,-0.0017040166,0.13479832,-0.016912846,0.48896518,0.5066299,0.5018507,0.5023795
1783532929.3017,8,spine_4_joint,-0.002608901,0.18783596,-0.01788193,0.5217218,0.4697459,0.5350867,0.46992293
1783532929.3017,8,spine_5_joint,-0.0035907563,0.25783518,-0.009870299,0.5651526,0.4137429,0.57752943,0.4193798
1783532929.3017,8,spine_6_joint,-0.004483357,0.34700865,0.019345814,0.5751,0.39520103,0.59296566,0.401831
1783532929.3017,8,spine_7_joint,-0.0061639794,0.44645312,0.05904809,0.55846936,0.4171765,0.58004224,0.42145848
1783532929.3017,8,left_shoulder_1_joint,0.080936946,0.5563391,0.08977455,-0.60903454,0.0145968525,-0.14563563,0.779522
1783532929.3017,8,left_arm_joint,0.21977197,0.5208262,0.112204626,-0.35753292,0.3065541,-0.54433924,0.6941831
1783532929.3017,8,left_forearm_joint,0.2781398,0.2615032,0.1025304,-0.41262558,0.18717587,-0.7199911,0.5256607
1783532929.3017,8,left_hand_joint,0.24950896,0.017272644,0.20901942,0.6458881,-0.58278763,0.46236417,-0.17148605
1783532929.3017,8,left_handIndexStart_joint,0.23348202,0.00010435939,0.22748269,0.6143269,-0.5930592,0.50299984,-0.1336992
1783532929.3017,8,left_handIndex_1_joint,0.21666053,-0.069216944,0.26437974,0.6143269,-0.5930592,0.50299984,-0.1336992
1783532929.3017,8,left_handIndex_2_joint,0.2068806,-0.10952003,0.2858315,0.6143269,-0.5930592,0.50299984,-0.1336992
1783532929.3017,8,left_handIndex_3_joint,0.20140384,-0.13208976,0.29784453,0.6143269,-0.5930592,0.50299984,-0.1336992
1783532929.3017,8,left_handIndexEnd_joint,0.19749187,-0.148211,0.3064252,0.6143269,-0.5930592,0.50299984,-0.1336992
1783532929.3017,8,left_handMidStart_joint,0.24336526,-0.0055830404,0.22170766,0.64706916,-0.5824841,0.4604465,-0.17321543
1783532929.3017,8,left_handMid_1_joint,0.23556636,-0.07500953,0.25166443,0.64706916,-0.5824841,0.4604465,-0.17321543
1783532929.3017,8,left_handMid_2_joint,0.23008606,-0.12379572,0.27271515,0.64706916,-0.5824841,0.4604465,-0.17321543
1783532929.3017,8,left_handMid_3_joint,0.22692434,-0.1519416,0.28485978,0.64706916,-0.5824841,0.4604465,-0.17321543
1783532929.3017,8,left_handMidEnd_joint,0.22481653,-0.17070551,0.2929562,0.64706916,-0.5824841,0.4604465,-0.17321543
1783532929.3017,8,left_handPinkyStart_joint,0.26363665,-0.014352175,0.20493934,0.67164767,-0.58498394,0.38191235,-0.24663156
1783532929.3017,8,left_handPinky_1_joint,0.2651527,-0.07621452,0.21919352,0.67164767,-0.58498394,0.38191235,-0.24663156
1783532929.3017,8,left_handPinky_2_joint,0.26608908,-0.11442362,0.22799754,0.67164767,-0.58498394,0.38191235,-0.24663156
1783532929.3017,8,left_handPinky_3_joint,0.26657954,-0.1344379,0.2326092,0.67164767,-0.58498394,0.38191235,-0.24663156
1783532929.3017,8,left_handPinkyEnd_joint,0.26702544,-0.15263271,0.2368016,0.67164767,-0.58498394,0.38191235,-0.24663156
1783532929.3017,8,left_handRingStart_joint,0.25266504,-0.010142395,0.21403772,0.6601846,-0.5842314,0.4223347,-0.2108658
1783532929.3017,8,left_handRing_1_joint,0.24991392,-0.07646729,0.23577894,0.6601846,-0.5842314,0.4223347,-0.2108658
1783532929.3017,8,left_handRing_2_joint,0.24797195,-0.12328487,0.25112566,0.6601846,-0.5842314,0.4223347,-0.2108658
1783532929.3017,8,left_handRing_3_joint,0.24675822,-0.15254585,0.2607174,0.6601846,-0.5842314,0.4223347,-0.2108658
1783532929.3017,8,left_handRingEnd_joint,0.24594907,-0.17205316,0.26711187,0.6601846,-0.5842314,0.4223347,-0.2108658
1783532929.3017,8,left_handThumbStart_joint,0.22513628,-0.00077832816,0.21949382,0.25040618,-0.11203819,0.9204008,-0.2785807
1783532929.3017,8,left_handThumb_1_joint,0.18650985,-0.03132975,0.2408919,0.25040618,-0.11203819,0.9204008,-0.2785807
1783532929.3017,8,left_handThumb_2_joint,0.15889932,-0.05316553,0.25618768,0.25040618,-0.11203817,0.9204008,-0.2785807
1783532929.3017,8,left_handThumbEnd_joint,0.1404923,-0.06772272,0.26638487,0.25040615,-0.11203814,0.9204008,-0.2785807
1783532929.3017,8,neck_1_joint,-0.0088102445,0.57641333,0.09235651,0.60231376,0.35150748,0.6222917,0.35554767
1783532929.3017,8,neck_2_joint,-0.009458514,0.60239166,0.10734674,0.5956419,0.36293718,0.61424214,0.36904544
1783532929.3017,8,neck_3_joint,-0.010179864,0.6378208,0.12590098,0.5799224,0.3854539,0.60264456,0.38978916
1783532929.3017,8,neck_4_joint,-0.011120282,0.67449576,0.1418403,0.5633264,0.40729672,0.59117144,0.4090107
1783532929.3017,8,head_joint,-0.01252636,0.7180001,0.15777776,0.50680065,0.47391853,0.5422487,0.4738369
1783532929.3017,8,jaw_joint,-0.011762293,0.69263536,0.16023637,0.50680065,0.47391853,0.5422487,0.4738369
1783532929.3017,8,chin_joint,-0.013250126,0.6327473,0.25463566,0.50680065,0.47391853,0.5422487,0.4738369
1783532929.3017,8,left_eye_joint,0.0156029165,0.7426968,0.24836071,0.5109145,0.46948048,0.54636055,0.46908978
1783532929.3017,8,left_eyeLowerLid_joint,0.0156029165,0.7426968,0.24836071,0.5109145,0.46948048,0.54636055,0.46908978
1783532929.3017,8,left_eyeUpperLid_joint,0.0156029165,0.7426968,0.24836071,0.5109145,0.46948048,0.54636055,0.46908978
1783532929.3017,8,left_eyeball_joint,0.0156029165,0.7426968,0.24836071,0.5109145,0.46948048,0.54636055,0.46908978
1783532929.3017,8,nose_joint,-0.016212547,0.7068064,0.26714468,0.51091695,0.46947786,0.54636306,0.46908692
1783532929.3017,8,right_eye_joint,-0.048950877,0.74051976,0.24596217,0.5109145,0.46948048,0.54636055,0.46908978
1783532929.3017,8,right_eyeLowerLid_joint,-0.048950877,0.74051976,0.24596217,0.5109145,0.46948048,0.54636055,0.46908978
1783532929.3017,8,right_eyeUpperLid_joint,-0.048950877,0.74051976,0.24596217,0.5109145,0.46948048,0.54636055,0.46908978
1783532929.3017,8,right_eyeball_joint,-0.048950877,0.74051976,0.24596217,0.5109145,0.46948048,0.54636055,0.46908978
1783532929.3017,8,right_shoulder_1_joint,-0.09770809,0.55397654,0.08474284,0.7797174,0.15872996,0.047540948,0.6038097
1783532929.3017,8,right_arm_joint,-0.23479253,0.5097452,0.10179314,0.6835699,0.5566014,0.28629333,0.37545156
1783532929.3017,8,right_forearm_joint,-0.2923684,0.25016144,0.10885522,0.507735,0.74198204,0.19352715,0.39270344
1783532929.3017,8,right_hand_joint,-0.24521074,0.007525253,0.21235538,0.16916044,0.476106,0.6010938,0.61918914
1783532929.3017,8,right_handIndexStart_joint,-0.22874656,-0.0089148,0.22922479,0.1278123,0.5172212,0.61170536,0.58477676
1783532929.3017,8,right_handIndex_1_joint,-0.2059864,-0.07698876,0.26524794,0.1278123,0.5172212,0.61170536,0.58477676
1783532929.3017,8,right_handIndex_2_joint,-0.19275333,-0.116566874,0.2861912,0.1278123,0.5172212,0.61170536,0.58477676
1783532929.3017,8,right_handIndex_3_joint,-0.18534328,-0.13873082,0.29792017,0.1278123,0.5172212,0.61170536,0.58477676
1783532929.3017,8,right_handIndexEnd_joint,-0.18005039,-0.15456192,0.30629796,0.1278123,0.5172212,0.61170536,0.58477676
1783532929.3017,8,right_handMidStart_joint,-0.23842014,-0.0152497385,0.2237783,0.16859552,0.47662652,0.6014957,0.6185522
1783532929.3017,8,right_handMid_1_joint,-0.22489402,-0.084030725,0.25318238,0.16859552,0.47662652,0.6014957,0.6185522
1783532929.3017,8,right_handMid_2_joint,-0.21538953,-0.13236263,0.27384493,0.16859552,0.47662652,0.6014957,0.6185522
1783532929.3017,8,right_handMid_3_joint,-0.20990597,-0.16024661,0.2857655,0.16859552,0.47662652,0.6014957,0.6185522
1783532929.3017,8,right_handMidEnd_joint,-0.20625053,-0.17883556,0.29371268,0.16859552,0.47662652,0.6014957,0.6185522
1783532929.3017,8,right_handPinkyStart_joint,-0.25863147,-0.025348693,0.20769978,0.24469134,0.40106395,0.6034316,0.64431775
1783532929.3017,8,right_handPinky_1_joint,-0.25545883,-0.08719051,0.2217662,0.24469134,0.40106395,0.6034316,0.64431775
1783532929.3017,8,right_handPinky_2_joint,-0.25349948,-0.12538762,0.23045495,0.24469134,0.40106395,0.6034316,0.64431775
1783532929.3017,8,right_handPinky_3_joint,-0.25247276,-0.14539535,0.23500545,0.24469134,0.40106395,0.6034316,0.64431775
1783532929.3017,8,right_handPinkyEnd_joint,-0.2515397,-0.16358404,0.23914255,0.24469134,0.40106395,0.6034316,0.64431775
1783532929.3017,8,right_handRingStart_joint,-0.24765527,-0.020418396,0.21642303,0.20755577,0.44004545,0.6029733,0.6322222
1783532929.3017,8,right_handRing_1_joint,-0.23966213,-0.086434335,0.23780552,0.20755577,0.44004545,0.6029733,0.6322222
1783532929.3017,8,right_handRing_2_joint,-0.23401983,-0.13303342,0.2528987,0.20755577,0.44004545,0.6029733,0.6322222
1783532929.3017,8,right_handRing_3_joint,-0.23049362,-0.16215822,0.2623325,0.20755577,0.44004545,0.6029733,0.6322222
1783532929.3017,8,right_handRingEnd_joint,-0.2281422,-0.18157527,0.26862103,0.20755577,0.44004545,0.6029733,0.6322222
1783532929.3017,8,right_handThumbStart_joint,-0.22064714,-0.00921983,0.22094399,0.24952331,0.9334256,0.116700895,0.22986194
1783532929.3017,8,right_handThumb_1_joint,-0.17931278,-0.037116293,0.2408575,0.24952331,0.9334256,0.11670088,0.22986194
1783532929.3017,8,right_handThumb_2_joint,-0.14976712,-0.05705403,0.25509244,0.24952333,0.9334256,0.116700865,0.22986194
1783532929.3017,8,right_handThumbEnd_joint,-0.13006997,-0.07034613,0.26458165,0.24952333,0.9334256,0.11670085,0.22986194
1783532929.3017,8,camera,0.111719385,0.062748805,-0.049667038,-0.08588216,-0.08435743,-0.69970554,0.70421606
1783532929.3347,9,root,-0.00022485017,0.020493235,-0.0038109354,-0.0474527,-0.003977865,-0.0039061373,0.9988579
1783532929.3347,9,hips_joint,-0.00022485017,0.020493235,-0.0038109354,-0.0474527,-0.003977865,-0.0039061373,0.9988579
1783532929.3347,9,left_upLeg_joint,0.10009729,-0.0050276825,0.00034644126,0.60595614,-0.38386488,0.58456844,-0.37913674
1783532929.3347,9,left_leg_joint,0.10930044,-0.38758662,0.17610179,-0.25694802,0.66909474,-0.30741945,0.62592584
1783532929.3347,9,left_foot_joint,0.070708826,-0.7208207,-0.13469562,0.6148921,-0.36826187,0.6280039,-0.30315337
1783532929.3347,9,left_toes_joint,0.061765213,-0.84506047,-0.052872743,0.6735454,-0.24504305,0.67407876,-0.17862904
1783532929.3347,9,left_toesEnd_joint,0.06001514,-0.8796924,-0.0031009626,0.6735455,-0.24504286,0.67407876,-0.17862923
1783532929.3347,9,right_upLeg_joint,-0.100970164,-0.003529713,-0.0013259724,0.36464295,0.57008094,0.42394146,0.60192764
1783532929.3347,9,right_leg_joint,-0.096996166,-0.39351088,0.15747687,0.59026283,0.330851,0.66599387,0.31397396
1783532929.3347,9,right_foot_joint,-0.048511323,-0.76337475,-0.10705924,0.2606295,0.624455,0.33065352,0.65787274
1783532929.3347,9,right_toes_joint,-0.048727207,-0.87672216,-0.010297737,0.13754928,0.6625345,0.1999694,0.7086187
1783532929.3347,9,right_toesEnd_joint,-0.051282223,-0.9049694,0.043322977,0.13754979,0.6625346,0.19996892,0.7086186
1783532929.3347,9,spine_1_joint,-0.00022486996,0.020493235,-0.003810936,0.46458822,0.5306477,0.47220048,0.52876973
1783532929.3347,9,spine_2_joint,-0.0007497866,0.077610776,-0.010856748,0.46838373,0.52814764,0.47868183,0.5220539
1783532929.3347,9,spine_3_joint,-0.0016794188,0.13484982,-0.016786383,0.48854384,0.50649524,0.5022989,0.502477
1783532929.3347,9,spine_4_joint,-0.0026176006,0.18788692,-0.017752726,0.52114123,0.46952155,0.53571564,0.47007453
1783532929.3347,9,spine_5_joint,-0.0036643296,0.25788438,-0.009733854,0.56444,0.41341785,0.57834774,0.41953236
1783532929.3347,9,spine_6_joint,-0.0046849805,0.3470489,0.019505398,0.57430863,0.39471272,0.5939254,0.40202534
1783532929.3347,9,spine_7_joint,-0.0065285284,0.44647327,0.059250664,0.55767983,0.41643393,0.5811063,0.421772
1783532929.3347,9,left_shoulder_1_joint,0.08044013,0.5563681,0.09031815,-0.6085378,0.013571858,-0.14692311,0.77968675
1783532929.3347,9,left_arm_joint,0.21917427,0.5207401,0.113185674,-0.35594282,0.30575556,-0.54570323,0.6942813
1783532929.3347,9,left_forearm_joint,0.2770112,0.26129532,0.10358824,-0.4106193,0.18685886,-0.7217521,0.52492845
1783532929.3347,9,left_hand_joint,0.24708307,0.017122936,0.20985332,0.6438452,-0.5835942,0.46396133,-0.17210849
1783532929.3347,9,left_handIndexStart_joint,0.23091681,2.1469593e-06,0.22823906,0.61218464,-0.5939031,0.5044612,-0.13426928
1783532929.3347,9,left_handIndex_1_joint,0.21369793,-0.06927566,0.2650342,0.61218464,-0.5939031,0.5044612,-0.13426928
1783532929.3347,9,left_handIndex_2_joint,0.20368694,-0.10955346,0.28642675,0.61218464,-0.5939031,0.5044612,-0.13426928
1783532929.3347,9,left_handIndex_3_joint,0.19808078,-0.13210903,0.29840654,0.61218464,-0.5939031,0.5044612,-0.13426928
1783532929.3347,9,left_handIndexEnd_joint,0.19407637,-0.14822015,0.30696356,0.61218464,-0.5939031,0.5044612,-0.13426928
1783532929.3347,9,left_handMidStart_joint,0.24080604,-0.0057165762,0.22250532,0.6450306,-0.58328855,0.46204934,-0.17384073
1783532929.3347,9,left_handMid_1_joint,0.23263974,-0.07512757,0.25239992,0.6450306,-0.58328855,0.46204934,-0.17384073
1783532929.3347,9,left_handMid_2_joint,0.22690128,-0.12390287,0.27340698,0.6450306,-0.58328855,0.46204934,-0.17384073
1783532929.3347,9,left_handMid_3_joint,0.22359061,-0.15204246,0.28552642,0.6450306,-0.58328855,0.46204934,-0.17384073
1783532929.3347,9,left_handMidEnd_joint,0.22138351,-0.17080219,0.29360604,0.6450306,-0.58328855,0.46204934,-0.17384073
1783532929.3347,9,left_handPinkyStart_joint,0.26112115,-0.014548101,0.20582291,0.6697634,-0.5856532,0.38369367,-0.24740012
1783532929.3347,9,left_handPinky_1_joint,0.26236445,-0.07642064,0.22005908,0.6697634,-0.5856532,0.38369367,-0.24740012
1783532929.3347,9,left_handPinky_2_joint,0.26313236,-0.11463603,0.228852,0.6697634,-0.5856532,0.38369367,-0.24740012
1783532929.3347,9,left_handPinky_3_joint,0.2635346,-0.13465361,0.2334578,0.6697634,-0.5856532,0.38369367,-0.24740012
1783532929.3347,9,left_handPinkyEnd_joint,0.26390028,-0.15285142,0.23764491,0.6697634,-0.5856532,0.38369367,-0.24740012
1783532929.3347,9,left_handRingStart_joint,0.25012395,-0.010304561,0.21487458,0.6582196,-0.58496773,0.42403015,-0.21156204
1783532929.3347,9,left_handRing_1_joint,0.24705207,-0.07662798,0.23657717,0.6582196,-0.58496773,0.42403015,-0.21156204
1783532929.3347,9,left_handRing_2_joint,0.24488369,-0.123444505,0.25189662,0.6582196,-0.58496773,0.42403015,-0.21156204
1783532929.3347,9,left_handRing_3_joint,0.24352844,-0.15270483,0.26147127,0.6582196,-0.58496773,0.42403015,-0.21156204
1783532929.3347,9,left_handRingEnd_joint,0.24262494,-0.17221172,0.2678544,0.6582196,-0.58496773,0.42403015,-0.21156204
1783532929.3347,9,left_handThumbStart_joint,0.22260341,-0.00084912893,0.22021317,0.2481352,-0.11202881,0.9213993,-0.27731222
1783532929.3347,9,left_handThumb_1_joint,0.18377972,-0.031277332,0.24142896,0.2481352,-0.11202881,0.9213993,-0.27731222
1783532929.3347,9,left_handThumb_2_joint,0.15602818,-0.05302503,0.2565944,0.2481352,-0.11202879,0.9213993,-0.27731222
1783532929.3347,9,left_handThumbEnd_joint,0.13752717,-0.0675235,0.2667047,0.24813516,-0.11202874,0.92139935,-0.2773122
1783532929.3347,9,neck_1_joint,-0.00932164,0.57640797,0.09264627,0.60144883,0.35085604,0.6233853,0.3557393
1783532929.3347,9,neck_2_joint,-0.010024192,0.60237503,0.107653536,0.5947918,0.36226723,0.6153325,0.36925808
1783532929.3347,9,neck_3_joint,-0.01081392,0.63779026,0.12623152,0.57909316,0.38475424,0.6037234,0.3900433
1783532929.3347,9,neck_4_joint,-0.011815345,0.6744532,0.14219481,0.56251746,0.40656954,0.592237,0.4093057
1783532929.3347,9,head_joint,-0.01328491,0.71794534,0.15815988,0.50607663,0.47310194,0.54326594,0.4742611
1783532929.3347,9,jaw_joint,-0.012518982,0.69257903,0.16060218,0.50607663,0.47310194,0.54326594,0.4742611
1783532929.3347,9,chin_joint,-0.014267468,0.63262117,0.25495264,0.50607663,0.47310194,0.54326594,0.4742611
1783532929.3347,9,left_eye_joint,0.014564259,0.7425857,0.24884467,0.51018345,0.4686703,0.54738146,0.46950507
1783532929.3347,9,left_eyeLowerLid_joint,0.014564259,0.7425857,0.24884467,0.51018345,0.4686703,0.54738146,0.46950507
1783532929.3347,9,left_eyeUpperLid_joint,0.014564259,0.7425857,0.24884467,0.51018345,0.4686703,0.54738146,0.46950507
1783532929.3347,9,left_eyeball_joint,0.014564259,0.7425857,0.24884467,0.51018345,0.4686703,0.54738146,0.46950507
1783532929.3347,9,nose_joint,-0.017294215,0.70667,0.26750705,0.5101859,0.4686676,0.5473839,0.46950218
1783532929.3347,9,right_eye_joint,-0.049981263,0.7403871,0.24625139,0.51018345,0.4686703,0.54738146,0.46950507
1783532929.3347,9,right_eyeLowerLid_joint,-0.049981263,0.7403871,0.24625139,0.51018345,0.4686703,0.54738146,0.46950507
1783532929.3347,9,right_eyeUpperLid_joint,-0.049981263,0.7403871,0.24625139,0.51018345,0.4686703,0.54738146,0.46950507
1783532929.3347,9,right_eyeball_joint,-0.049981263,0.7403871,0.24625139,0.51018345,0.4686703,0.54738146,0.46950507
1783532929.3347,9,right_shoulder_1_joint,-0.09818815,0.5539447,0.08475019,0.7800397,0.15776101,0.048851043,0.60354227
1783532929.3347,9,right_arm_joint,-0.23532493,0.5096921,0.10131762,0.6837491,0.55563587,0.28743887,0.37567937
1783532929.3347,9,right_forearm_joint,-0.29312244,0.25014284,0.107810274,0.50754386,0.74179274,0.19486885,0.39264348
1783532929.3347,9,right_hand_joint,-0.24583614,0.0073579787,0.2109016,0.16904385,0.4751471,0.6020512,0.6190266
1783532929.3347,9,right_handIndexStart_joint,-0.22937803,-0.009096147,0.22776315,0.12762985,0.5162533,0.61265224,0.5846798
1783532929.3347,9,right_handIndex_1_joint,-0.20659226,-0.0772145,0.26368582,0.12762985,0.5162533,0.61265224,0.5846798
1783532929.3347,9,right_handIndex_2_joint,-0.19334432,-0.11681843,0.2845707,0.12762985,0.5162533,0.61265224,0.5846798
1783532929.3347,9,right_handIndex_3_joint,-0.18592593,-0.13899682,0.29626697,0.12762985,0.5162533,0.61265224,0.5846798
1783532929.3347,9,right_handIndexEnd_joint,-0.1806271,-0.15483826,0.3046214,0.12762985,0.5162533,0.61265224,0.5846798
1783532929.3347,9,right_handMidStart_joint,-0.23903602,-0.015431583,0.22228967,0.1684777,0.47566733,0.6024527,0.6183904
1783532929.3347,9,right_handMid_1_joint,-0.22547355,-0.084254645,0.25157812,0.1684777,0.47566733,0.6024527,0.6183904
1783532929.3347,9,right_handMid_2_joint,-0.2159435,-0.13261612,0.2721594,0.1684777,0.47566733,0.6024527,0.6183904
1783532929.3347,9,right_handMid_3_joint,-0.21044517,-0.16051716,0.2840331,0.1684777,0.47566733,0.6024527,0.6183904
1783532929.3347,9,right_handMidEnd_joint,-0.20677991,-0.17911749,0.29194897,0.1684777,0.47566733,0.6024527,0.6183904
1783532929.3347,9,right_handPinkyStart_joint,-0.25921145,-0.025522312,0.20616099,0.24464153,0.40012813,0.6043859,0.64402306
1783532929.3347,9,right_handPinky_1_joint,-0.25598758,-0.087388,0.22011003,0.24464153,0.40012813,0.6043859,0.64402306
1783532929.3347,9,right_handPinky_2_joint,-0.25399658,-0.12559986,0.22872628,0.24464153,0.40012813,0.6043859,0.64402306
1783532929.3347,9,right_handPinky_3_joint,-0.2529533,-0.14561532,0.23323879,0.24464153,0.40012813,0.6043859,0.64402306
1783532929.3347,9,right_handPinkyEnd_joint,-0.2520052,-0.16381103,0.23734136,0.24464153,0.40012813,0.6043859,0.64402306
1783532929.3347,9,right_handRingStart_joint,-0.24825409,-0.020596465,0.21491039,0.20747167,0.43909746,0.6039314,0.6319936
1783532929.3347,9,right_handRing_1_joint,-0.2402158,-0.086645104,0.23617442,0.20747167,0.43909746,0.6039314,0.6319936
1783532929.3347,9,right_handRing_2_joint,-0.23454162,-0.13326728,0.251184,0.20747167,0.43909746,0.6039314,0.6319936
1783532929.3347,9,right_handRing_3_joint,-0.23099549,-0.1624065,0.26056555,0.20747167,0.43909746,0.6039314,0.6319936
1783532929.3347,9,right_handRingEnd_joint,-0.22863081,-0.18183316,0.2668192,0.20747167,0.43909746,0.6039314,0.6319936
1783532929.3347,9,right_handThumbStart_joint,-0.22126588,-0.009375372,0.2194939,0.24911754,0.9332829,0.11794348,0.23024547
1783532929.3347,9,right_handThumb_1_joint,-0.17992881,-0.037262868,0.23941417,0.24911754,0.9332829,0.11794347,0.23024547
1783532929.3347,9,right_handThumb_2_joint,-0.15038122,-0.0571942,0.25365394,0.24911754,0.9332829,0.11794346,0.23024547
1783532929.3347,9,right_handThumbEnd_joint,-0.13068281,-0.07048203,0.26314637,0.24911755,0.9332829,0.117943436,0.23024547
1783532929.3347,9,camera,0.11162156,0.062791824,-0.050232477,-0.08631107,-0.08645006,-0.6993833,0.7042299
1783532929.3682,10,root,-0.00015627955,0.020582471,-0.003581791,-0.04831058,-0.0038163187,-0.00459864,0.99881446
1783532929.3682,10,hips_joint,-0.00015627955,0.020582471,-0.003581791,-0.04831058,-0.0038163187,-0.00459864,0.99881446
1783532929.3682,10,left_upLeg_joint,0.10013098,-0.005072341,0.00059295417,0.60533786,-0.3845631,0.5848917,-0.3789183
1783532929.3682,10,left_leg_joint,0.10856391,-0.38778296,0.17605652,-0.25432163,0.6698848,-0.30615744,0.62677157
1783532929.3682,10,left_foot_joint,0.06971305,-0.7191079,-0.13674335,0.61331177,-0.37050343,0.62753195,-0.30459738
1783532929.3682,10,left_toes_joint,0.06045246,-0.8438114,-0.055664577,0.67241853,-0.24754353,0.6738891,-0.18013632
1783532929.3682,10,left_toesEnd_joint,0.058583975,-0.8787329,-0.006099882,0.6724186,-0.24754333,0.67388904,-0.18013656
1783532929.3682,10,right_upLeg_joint,-0.10093461,-0.003294506,-0.0010293096,0.36242133,0.5721547,0.42190233,0.6027339
1783532929.3682,10,right_leg_joint,-0.09641831,-0.3920948,0.1606289,0.59113634,0.33037817,0.6665471,0.31164548
1783532929.3682,10,right_foot_joint,-0.047545176,-0.7607068,-0.10557774,0.2616087,0.62462133,0.3325249,0.6563809
1783532929.3682,10,right_toes_joint,-0.04732914,-0.8744685,-0.009303779,0.1384792,0.6628836,0.20208968,0.7075086
1783532929.3682,10,right_toesEnd_joint,-0.0497246,-0.9029514,0.044199485,0.13847971,0.66288376,0.20208922,0.7075085
1783532929.3682,10,spine_1_joint,-0.00015629934,0.020582471,-0.0035817912,0.46469125,0.5306188,0.47150257,0.52933073
1783532929.3682,10,spine_2_joint,-0.0006018798,0.07769273,-0.01069184,0.46861988,0.52794117,0.4782193,0.5224749
1783532929.3682,10,spine_3_joint,-0.0014554565,0.13493036,-0.016646601,0.4889057,0.50608987,0.5021506,0.5026822
1783532929.3682,10,spine_4_joint,-0.002334253,0.1879689,-0.017590772,0.52160025,0.46889764,0.5358986,0.46998
1783532929.3682,10,spine_5_joint,-0.003326041,0.25795615,-0.009476176,0.5649001,0.41260725,0.578826,0.41905075
1783532929.3682,10,spine_6_joint,-0.00432511,0.3470546,0.019964445,0.57470727,0.39385304,0.59459627,0.40130636
1783532929.3682,10,spine_7_joint,-0.0061944933,0.44637123,0.059976935,0.5579134,0.41569906,0.58195144,0.4210218
1783532929.3682,10,left_shoulder_1_joint,0.08069067,0.5562347,0.091387086,-0.6080666,0.012988211,-0.14707132,0.7800361
1783532929.3682,10,left_arm_joint,0.21941665,0.5206631,0.11439137,-0.35562015,0.305036,-0.5460936,0.6944559
1783532929.3682,10,left_forearm_joint,0.27726063,0.261212,0.10501154,-0.4101474,0.18590204,-0.7227995,0.52419525
1783532929.3682,10,left_hand_joint,0.24671285,0.017286586,0.21166655,0.6430272,-0.58346033,0.46537358,-0.17180689
1783532929.3682,10,left_handIndexStart_joint,0.23047838,0.00022543668,0.2300476,0.6112771,-0.59374964,0.5058177,-0.13397783
1783532929.3682,10,left_handIndex_1_joint,0.21306862,-0.06895631,0.2669335,0.6112771,-0.59374964,0.5058177,-0.13397783
1783532929.3682,10,left_handIndex_2_joint,0.20294666,-0.10917825,0.2883788,0.6112771,-0.59374964,0.5058177,-0.13397783
1783532929.3682,10,left_handIndex_3_joint,0.19727837,-0.13170254,0.3003882,0.6112771,-0.59374964,0.5058177,-0.13397783
1783532929.3682,10,left_handIndexEnd_joint,0.19322957,-0.14779133,0.3089663,0.6112771,-0.59374964,0.5058177,-0.13397783
1783532929.3682,10,left_handMidStart_joint,0.24037172,-0.0055193473,0.22434711,0.6442166,-0.5831555,0.46346402,-0.17353916
1783532929.3682,10,left_handMid_1_joint,0.23202996,-0.074861266,0.25435337,0.6442166,-0.5831555,0.46346402,-0.17353916
1783532929.3682,10,left_handMid_2_joint,0.22616819,-0.123588026,0.27543885,0.6442166,-0.5831555,0.46346402,-0.17353916
1783532929.3682,10,left_handMid_3_joint,0.2227864,-0.15169962,0.28760353,0.6442166,-0.5831555,0.46346402,-0.17353916
1783532929.3682,10,left_handMidEnd_joint,0.22053188,-0.17044067,0.29571334,0.6442166,-0.5831555,0.46346402,-0.17353916
1783532929.3682,10,left_handPinkyStart_joint,0.26071092,-0.01441364,0.20772757,0.66910565,-0.58552927,0.3851957,-0.2471385
1783532929.3682,10,left_handPinky_1_joint,0.261826,-0.076261126,0.22208264,0.66910565,-0.58552927,0.3851957,-0.2471385
1783532929.3682,10,left_handPinky_2_joint,0.2625147,-0.11446105,0.23094903,0.66910565,-0.58552927,0.3851957,-0.2471385
1783532929.3682,10,left_handPinky_3_joint,0.26287547,-0.13447052,0.23559333,0.66910565,-0.58552927,0.3851957,-0.2471385
1783532929.3682,10,left_handPinkyEnd_joint,0.2632034,-0.15266097,0.23981541,0.66910565,-0.58552927,0.3851957,-0.2471385
1783532929.3682,10,left_handRingStart_joint,0.2496998,-0.01013608,0.21674621,0.65748286,-0.58483773,0.42549062,-0.21127936
1783532929.3682,10,left_handRing_1_joint,0.24647583,-0.07641371,0.23856623,0.65748286,-0.58483773,0.42549062,-0.21127936
1783532929.3682,10,left_handRing_2_joint,0.24420007,-0.123197936,0.25396863,0.65748286,-0.58483773,0.42549062,-0.21127936
1783532929.3682,10,left_handRing_3_joint,0.24277772,-0.15243806,0.2635951,0.65748286,-0.58483773,0.42549062,-0.21127936
1783532929.3682,10,left_handRingEnd_joint,0.24182948,-0.17193149,0.27001277,0.65748286,-0.58483773,0.42549062,-0.21127936
1783532929.3682,10,left_handThumbStart_joint,0.22218189,-0.00062808156,0.22200447,0.24726208,-0.11103997,0.9219998,-0.27649248
1783532929.3682,10,left_handThumb_1_joint,0.18326302,-0.030956244,0.24318902,0.24726208,-0.11103997,0.9219998,-0.27649248
1783532929.3682,10,left_handThumb_2_joint,0.15544344,-0.052632436,0.25833216,0.24726212,-0.11103997,0.92199975,-0.2764925
1783532929.3682,10,left_handThumbEnd_joint,0.13689707,-0.06708323,0.26842755,0.2472621,-0.11103993,0.92199975,-0.2764925
1783532929.3682,10,neck_1_joint,-0.00908404,0.5762173,0.093707256,0.60160154,0.35010102,0.6241411,0.3548986
1783532929.3682,10,neck_2_joint,-0.009811413,0.602145,0.108781286,0.59496135,0.3615162,0.6161047,0.36843202
1783532929.3682,10,neck_3_joint,-0.010633733,0.6375115,0.12745044,0.5792872,0.38400695,0.6045255,0.38924843
1783532929.3682,10,neck_4_joint,-0.011666729,0.67413235,0.14350802,0.56273395,0.40582585,0.59306735,0.40854275
1783532929.3682,10,head_joint,-0.013171766,0.71758205,0.15958475,0.5063748,0.47238392,0.5441823,0.4736073
1783532929.3682,10,jaw_joint,-0.0123929735,0.69221,0.16196182,0.5063748,0.47238392,0.5441823,0.4736073
1783532929.3682,10,chin_joint,-0.014169979,0.6320068,0.2561554,0.5063748,0.47238392,0.5441823,0.4736073
1783532929.3682,10,left_eye_joint,0.014602978,0.74200326,0.25035164,0.5104753,0.46794972,0.54829204,0.46884337
1783532929.3682,10,left_eyeLowerLid_joint,0.014602978,0.74200326,0.25035164,0.5104753,0.46794972,0.54829204,0.46884337
1783532929.3682,10,left_eyeUpperLid_joint,0.014602978,0.74200326,0.25035164,0.5104753,0.46794972,0.54829204,0.46884337
1783532929.3682,10,left_eyeball_joint,0.014602978,0.74200326,0.25035164,0.5104753,0.46794972,0.54829204,0.46884337
1783532929.3682,10,nose_joint,-0.017247373,0.70602113,0.26889962,0.5104778,0.467947,0.54829454,0.46884054
1783532929.3682,10,right_eye_joint,-0.049939528,0.7397746,0.24770959,0.5104753,0.46794972,0.54829204,0.46884337
1783532929.3682,10,right_eyeLowerLid_joint,-0.049939528,0.7397746,0.24770959,0.5104753,0.46794972,0.54829204,0.46884337
1783532929.3682,10,right_eyeUpperLid_joint,-0.049939528,0.7397746,0.24770959,0.5104753,0.46794972,0.54829204,0.46884337
1783532929.3682,10,right_eyeball_joint,-0.049939528,0.7397746,0.24770959,0.5104753,0.46794972,0.54829204,0.46884337
1783532929.3682,10,right_shoulder_1_joint,-0.097932436,0.55372393,0.08569372,0.7808646,0.1578186,0.049544804,0.6024027
1783532929.3682,10,right_arm_joint,-0.23504414,0.50931543,0.10205021,0.68464255,0.5549106,0.28771505,0.37491152
1783532929.3682,10,right_forearm_joint,-0.29318556,0.24982856,0.10793405,0.5082985,0.7416807,0.1956735,0.391477
1783532929.3682,10,right_hand_joint,-0.24581997,0.0067272377,0.2102401,0.17034855,0.4745733,0.6026264,0.6185491
1783532929.3682,10,right_handIndexStart_joint,-0.22934543,-0.009780023,0.22703354,0.1288918,0.5156473,0.6133151,0.5842425
1783532929.3682,10,right_handIndex_1_joint,-0.20652957,-0.07800965,0.26272517,0.1288918,0.5156473,0.6133151,0.5842425
1783532929.3682,10,right_handIndex_2_joint,-0.19326414,-0.11767827,0.28347573,0.1288918,0.5156473,0.6133151,0.5842425
1783532929.3682,10,right_handIndex_3_joint,-0.18583594,-0.1398929,0.29509678,0.1288918,0.5156473,0.6133151,0.5842425
1783532929.3682,10,right_handIndexEnd_joint,-0.1805301,-0.15576021,0.30339748,0.1288918,0.5156473,0.6133151,0.5842425
1783532929.3682,10,right_handMidStart_joint,-0.23901048,-0.01609753,0.22155182,0.1697817,0.47509268,0.603029,0.6179135
1783532929.3682,10,right_handMid_1_joint,-0.22542545,-0.08501053,0.25061747,0.1697817,0.47509268,0.603029,0.6179135
1783532929.3682,10,right_handMid_2_joint,-0.21587954,-0.1334352,0.2710422,0.1697817,0.47509268,0.603029,0.6179135
1783532929.3682,10,right_handMid_3_joint,-0.21037208,-0.16137269,0.28282556,0.1697817,0.47509268,0.603029,0.6179135
1783532929.3682,10,right_handMidEnd_joint,-0.20670073,-0.17999732,0.29068127,0.1697817,0.47509268,0.603029,0.6179135
1783532929.3682,10,right_handPinkyStart_joint,-0.25920546,-0.02613667,0.20541538,0.24597959,0.3995594,0.6048039,0.6434738
1783532929.3682,10,right_handPinky_1_joint,-0.25597516,-0.088044584,0.21917425,0.24597959,0.3995594,0.6048039,0.6434738
1783532929.3682,10,right_handPinky_2_joint,-0.2539802,-0.12628253,0.22767305,0.24597959,0.3995594,0.6048039,0.6434738
1783532929.3682,10,right_handPinky_3_joint,-0.25293484,-0.14631164,0.23212403,0.24597959,0.3995594,0.6048039,0.6434738
1783532929.3682,10,right_handPinkyEnd_joint,-0.25198483,-0.16451976,0.23617066,0.24597959,0.3995594,0.6048039,0.6434738
1783532929.3682,10,right_handRingStart_joint,-0.24823758,-0.021238808,0.2141673,0.20879427,0.43852535,0.60442984,0.63147855
1783532929.3682,10,right_handRing_1_joint,-0.2401853,-0.08735239,0.23522316,0.20879427,0.43852535,0.60442984,0.63147855
1783532929.3682,10,right_handRing_2_joint,-0.23450126,-0.13402042,0.25008577,0.20879427,0.43852535,0.60442984,0.63147855
1783532929.3682,10,right_handRing_3_joint,-0.23094895,-0.16318828,0.25937545,0.20879427,0.43852535,0.60442984,0.63147855
1783532929.3682,10,right_handRingEnd_joint,-0.22858015,-0.18263407,0.2655679,0.20879427,0.43852535,0.60442984,0.63147855
1783532929.3682,10,right_handThumbStart_joint,-0.22124259,-0.010035498,0.2187544,0.24959877,0.93321455,0.11919349,0.22935577
1783532929.3682,10,right_handThumb_1_joint,-0.1798874,-0.03798891,0.2385442,0.24959876,0.93321455,0.11919349,0.22935577
1783532929.3682,10,right_handThumb_2_joint,-0.15032686,-0.057967357,0.2526907,0.24959876,0.93321455,0.11919347,0.22935577
1783532929.3682,10,right_handThumbEnd_joint,-0.13061981,-0.0712866,0.26212093,0.24959876,0.93321455,0.119193435,0.22935577
1783532929.3682,10,camera,0.111680076,0.06286162,-0.050515816,-0.086600535,-0.08680323,-0.6994094,0.704125
1783532929.4020,11,root,-0.00018523693,0.020655984,-0.0035583558,-0.04924494,-0.0040595983,-0.005015087,0.99876595
1783532929.4020,11,hips_joint,-0.00018523693,0.020655984,-0.0035583558,-0.04924494,-0.0040595983,-0.005015087,0.99876595
1783532929.4020,11,left_upLeg_joint,0.100078866,-0.005072746,0.00071638194,0.6055466,-0.3838087,0.5859671,-0.37768626
1783532929.4020,11,left_leg_joint,0.10793951,-0.38720137,0.17747024,-0.2534704,0.66986275,-0.30650133,0.6269719
1783532929.4020,11,left_foot_joint,0.068922974,-0.718253,-0.13559842,0.61262804,-0.371011,0.62792623,-0.30454305
1783532929.4020,11,left_toes_joint,0.059402663,-0.8429992,-0.05461562,0.67184347,-0.24817154,0.67426586,-0.18000829
1783532929.4020,11,left_toesEnd_joint,0.057434782,-0.8779524,-0.005077095,0.67184347,-0.2481713,0.6742659,-0.18000849
1783532929.4020,11,right_upLeg_joint,-0.10098432,-0.0031339836,-0.0010135078,0.36157846,0.5728324,0.42061213,0.60349774
1783532929.4020,11,right_leg_joint,-0.09672998,-0.39135018,0.16204956,0.5920254,0.3293324,0.6666834,0.31077263
1783532929.4020,11,right_foot_joint,-0.04832159,-0.75917107,-0.10533392,0.26295355,0.62434655,0.33317065,0.65577775
1783532929.4020,11,right_toes_joint,-0.048079833,-0.8732281,-0.009409885,0.13985175,0.6628685,0.2028379,0.7070388
1783532929.4020,11,right_toesEnd_joint,-0.050440975,-0.90187377,0.044007953,0.13985224,0.6628686,0.20283747,0.70703864
1783532929.4020,11,spine_1_joint,-0.00018525671,0.020655984,-0.003558356,0.464431,0.53056735,0.47105625,0.53000766
1783532929.4020,11,spine_2_joint,-0.0005761249,0.077757105,-0.010744593,0.46849617,0.5277256,0.47793698,0.52306134
1783532929.4020,11,spine_3_joint,-0.0013724429,0.13499089,-0.016744042,0.48892114,0.50569457,0.502055,0.50316024
1783532929.4020,11,spine_4_joint,-0.0021986014,0.18803008,-0.017696913,0.52174443,0.46829227,0.5359951,0.47031298
1783532929.4020,11,spine_5_joint,-0.0031248003,0.25801402,-0.009546196,0.56511813,0.41178814,0.5790671,0.4192293
1783532929.4020,11,spine_6_joint,-0.00405016,0.34708026,0.019994104,0.5749578,0.3929104,0.5949079,0.40140948
1783532929.4020,11,spine_7_joint,-0.005841008,0.44634092,0.0601488,0.5582267,0.41469344,0.5823041,0.42111063
1783532929.4020,11,left_shoulder_1_joint,0.08114474,0.55604964,0.09182028,-0.60750544,0.012962758,-0.14808607,0.78028166
1783532929.4020,11,left_arm_joint,0.21978402,0.5202444,0.11498428,-0.3544285,0.30509773,-0.547078,0.6942631
1783532929.4020,11,left_forearm_joint,0.27703547,0.26066753,0.10545238,-0.40888715,0.18627325,-0.7239513,0.5234576
1783532929.4020,11,left_hand_joint,0.24552041,0.016748942,0.21184105,0.6415768,-0.58445007,0.4660702,-0.17197606
1783532929.4020,11,left_handIndexStart_joint,0.22919542,-0.00027772307,0.2301738,0.6097841,-0.59474754,0.50641906,-0.13408318
1783532929.4020,11,left_handIndex_1_joint,0.2114974,-0.06943633,0.26696578,0.6097841,-0.59474754,0.50641906,-0.13408318
1783532929.4020,11,left_handIndex_2_joint,0.20120785,-0.10964481,0.28835645,0.6097841,-0.59474754,0.50641906,-0.13408318
1783532929.4020,11,left_handIndex_3_joint,0.1954457,-0.13216157,0.30033523,0.6097841,-0.59474754,0.50641906,-0.13408318
1783532929.4020,11,left_handIndexEnd_joint,0.1913299,-0.14824496,0.3088915,0.6097841,-0.59474754,0.50641906,-0.13408318
1783532929.4020,11,left_handMidStart_joint,0.23908317,-0.0060479566,0.22448936,0.642768,-0.58414453,0.46416456,-0.17371136
1783532929.4020,11,left_handMid_1_joint,0.23046711,-0.07538872,0.2544206,0.642768,-0.58414453,0.46416456,-0.17371136
1783532929.4020,11,left_handMid_2_joint,0.22441258,-0.12411467,0.2754534,0.642768,-0.58414453,0.46416456,-0.17371136
1783532929.4020,11,left_handMid_3_joint,0.22091956,-0.15222579,0.28758767,0.642768,-0.58414453,0.46416456,-0.17371136
1783532929.4020,11,left_handMidEnd_joint,0.2185909,-0.17096655,0.29567719,0.642768,-0.58414453,0.46416456,-0.17371136
1783532929.4020,11,left_handPinkyStart_joint,0.2594301,-0.014990553,0.20790525,0.66770536,-0.58644646,0.38603383,-0.24744259
1783532929.4020,11,left_handPinky_1_joint,0.26032656,-0.0768529,0.22221147,0.66770536,-0.58644646,0.38603383,-0.24744259
1783532929.4020,11,left_handPinky_2_joint,0.26088023,-0.115062006,0.23104766,0.66770536,-0.58644646,0.38603383,-0.24744259
1783532929.4020,11,left_handPinky_3_joint,0.26117027,-0.13507628,0.23567615,0.66770536,-0.58644646,0.38603383,-0.24744259
1783532929.4020,11,left_handPinkyEnd_joint,0.26143393,-0.1532711,0.23988385,0.66770536,-0.58644646,0.38603383,-0.24744259
1783532929.4020,11,left_handRingStart_joint,0.24841312,-0.010686855,0.21690427,0.65605605,-0.5857916,0.4262621,-0.21151657
1783532929.4020,11,left_handRing_1_joint,0.24494134,-0.07697223,0.23866262,0.65605605,-0.5857916,0.4262621,-0.21151657
1783532929.4020,11,left_handRing_2_joint,0.2424907,-0.123761915,0.25402144,0.65605605,-0.5857916,0.4262621,-0.21151657
1783532929.4020,11,left_handRing_3_joint,0.24095903,-0.15300547,0.2636207,0.65605605,-0.5857916,0.4262621,-0.21151657
1783532929.4020,11,left_handRingEnd_joint,0.23993793,-0.17250116,0.27002022,0.65605605,-0.5857916,0.4262621,-0.21151657
1783532929.4020,11,left_handThumbStart_joint,0.2209133,-0.0010993421,0.22211254,0.24600895,-0.11150575,0.92263365,-0.2753058
1783532929.4020,11,left_handThumb_1_joint,0.18185772,-0.03132611,0.24319015,0.24600895,-0.11150575,0.92263365,-0.2753058
1783532929.4020,11,left_handThumb_2_joint,0.15394044,-0.05292982,0.25825682,0.24600893,-0.11150573,0.92263365,-0.2753058
1783532929.4020,11,left_handThumbEnd_joint,0.13532893,-0.0673323,0.26830128,0.24600893,-0.1115057,0.92263365,-0.2753058
1783532929.4020,11,neck_1_joint,-0.008608332,0.5761353,0.094087824,0.60180175,0.34906644,0.62450045,0.35494578
1783532929.4020,11,neck_2_joint,-0.0093192225,0.6020392,0.109203376,0.5951832,0.36048567,0.6164622,0.3684852
1783532929.4020,11,neck_3_joint,-0.010117261,0.63737625,0.12792931,0.57954484,0.3829852,0.60488147,0.38931817
1783532929.4020,11,neck_4_joint,-0.011122005,0.67397213,0.14404555,0.56302583,0.40481415,0.5934218,0.40862957
1783532929.4020,11,head_joint,-0.012590696,0.71739745,0.16019161,0.50678235,0.4714146,0.5445255,0.4737425
1783532929.4020,11,jaw_joint,-0.011844316,0.69202065,0.1625281,0.50678235,0.4714146,0.5445255,0.4737425
1783532929.4020,11,chin_joint,-0.013782405,0.6316664,0.25662175,0.50678235,0.4714146,0.5445255,0.4737425
1783532929.4020,11,left_eye_joint,0.015126736,0.7416377,0.25102445,0.51087445,0.46697688,0.54863644,0.46897554
1783532929.4020,11,left_eyeLowerLid_joint,0.015126736,0.7416377,0.25102445,0.51087445,0.46697688,0.54863644,0.46897554
1783532929.4020,11,left_eyeUpperLid_joint,0.015126736,0.7416377,0.25102445,0.51087445,0.46697688,0.54863644,0.46897554
1783532929.4020,11,left_eyeball_joint,0.015126736,0.7416377,0.25102445,0.51087445,0.46697688,0.54863644,0.46897554
1783532929.4020,11,nose_joint,-0.016783956,0.70566344,0.26948357,0.51087695,0.4669742,0.5486389,0.46897265
1783532929.4020,11,right_eye_joint,-0.049415816,0.7394902,0.24831754,0.51087445,0.46697688,0.54863644,0.46897554
1783532929.4020,11,right_eyeLowerLid_joint,-0.049415816,0.7394902,0.24831754,0.51087445,0.46697688,0.54863644,0.46897554
1783532929.4020,11,right_eyeUpperLid_joint,-0.049415816,0.7394902,0.24831754,0.51087445,0.46697688,0.54863644,0.46897554
1783532929.4020,11,right_eyeball_joint,-0.049415816,0.7394902,0.24831754,0.51087445,0.46697688,0.54863644,0.46897554
1783532929.4020,11,right_shoulder_1_joint,-0.0974757,0.5537607,0.08595341,0.7814698,0.15716948,0.049701035,0.60177445
1783532929.4020,11,right_arm_joint,-0.23464221,0.5094534,0.10212371,0.6854002,0.55415523,0.2878021,0.37457767
1783532929.4020,11,right_forearm_joint,-0.2932027,0.2500521,0.107610784,0.50878376,0.7416334,0.19607642,0.39073372
1783532929.4020,11,right_hand_joint,-0.2457901,0.0067643737,0.20945074,0.17118336,0.474293,0.6029197,0.61824757
1783532929.4020,11,right_handIndexStart_joint,-0.22930405,-0.009774925,0.22620128,0.1297044,0.51534647,0.6136646,0.5839608
1783532929.4020,11,right_handIndex_1_joint,-0.20646912,-0.07807062,0.26175404,0.1297044,0.51534647,0.6136646,0.5839608
1783532929.4020,11,right_handIndex_2_joint,-0.19319257,-0.11777765,0.28242382,0.1297044,0.51534647,0.6136646,0.5839608
1783532929.4020,11,right_handIndex_3_joint,-0.18575819,-0.14001378,0.29399967,0.1297044,0.51534647,0.6136646,0.5839608
1783532929.4020,11,right_handIndexEnd_joint,-0.18044789,-0.15589646,0.3022681,0.1297044,0.51534647,0.6136646,0.5839608
1783532929.4020,11,right_handMidStart_joint,-0.23897475,-0.016081264,0.22071669,0.17061615,0.4748118,0.603323,0.61761224
1783532929.4020,11,right_handMid_1_joint,-0.22537635,-0.08504723,0.24965008,0.17061615,0.4748118,0.603323,0.61761224
1783532929.4020,11,right_handMid_2_joint,-0.21582106,-0.13350914,0.26998186,0.17061615,0.4748118,0.603323,0.61761224
1783532929.4020,11,right_handMid_3_joint,-0.21030816,-0.1614681,0.28171164,0.17061615,0.4748118,0.603323,0.61761224
1783532929.4020,11,right_handMidEnd_joint,-0.20663318,-0.18010706,0.28953156,0.17061615,0.4748118,0.603323,0.61761224
1783532929.4020,11,right_handPinkyStart_joint,-0.25918502,-0.026088871,0.20457979,0.24683104,0.39928165,0.6049975,0.6431379
1783532929.4020,11,right_handPinky_1_joint,-0.25595313,-0.08802131,0.21822746,0.24683104,0.39928165,0.6049975,0.6431379
1783532929.4020,11,right_handPinky_2_joint,-0.25395718,-0.12627439,0.22665757,0.24683104,0.39928165,0.6049975,0.6431379
1783532929.4020,11,right_handPinky_3_joint,-0.2529113,-0.14631145,0.23107259,0.24683104,0.39928165,0.6049975,0.6431379
1783532929.4020,11,right_handPinkyEnd_joint,-0.25196084,-0.16452679,0.23508653,0.24683104,0.39928165,0.6049975,0.6431379
1783532929.4020,11,right_handRingStart_joint,-0.24820894,-0.021208115,0.21333101,0.20963821,0.4382458,0.60467416,0.6311587
1783532929.4020,11,right_handRing_1_joint,-0.24014959,-0.08735976,0.2342642,0.20963821,0.4382458,0.60467416,0.6311587
1783532929.4020,11,right_handRing_2_joint,-0.23446056,-0.13405465,0.24904022,0.20963821,0.4382458,0.60467416,0.6311587
1783532929.4020,11,right_handRing_3_joint,-0.23090515,-0.16323933,0.25827578,0.20963821,0.4382458,0.60467416,0.6311587
1783532929.4020,11,right_handRingEnd_joint,-0.22853425,-0.1826963,0.26443216,0.20963821,0.4382458,0.60467416,0.6311587
1783532929.4020,11,right_handThumbStart_joint,-0.22120826,-0.010017201,0.21791486,0.24992523,0.9331864,0.119886674,0.22875197
1783532929.4020,11,right_handThumb_1_joint,-0.17984092,-0.038011875,0.23762067,0.24992523,0.9331864,0.11988667,0.22875197
1783532929.4020,11,right_handThumb_2_joint,-0.15027168,-0.058019817,0.25170714,0.24992523,0.9331864,0.11988665,0.22875197
1783532929.4020,11,right_handThumbEnd_joint,-0.13055885,-0.071358725,0.26109737,0.24992523,0.9331864,0.11988664,0.22875197
1783532929.4020,11,camera,0.1112988,0.06298104,-0.050276704,-0.08603959,-0.0866368,-0.6994454,0.7041785
1783532929.4350,12,root,-0.00012970962,0.020662298,-0.003600757,-0.049431235,-0.0040144897,-0.005513441,0.9987543
1783532929.4350,12,hips_joint,-0.00012970962,0.020662298,-0.003600757,-0.049431235,-0.0040144897,-0.005513441,0.9987543
1783532929.4350,12,left_upLeg_joint,0.100108765,-0.005165262,0.0006791967,0.60526925,-0.38401246,0.5865429,-0.37702957
1783532929.4350,12,left_leg_joint,0.10726903,-0.3871669,0.1777373,-0.2527825,0.66989475,-0.30698666,0.6269782
1783532929.4350,12,left_foot_joint,0.06794095,-0.7180846,-0.13543426,0.6121063,-0.3714605,0.6283121,-0.30424884
1783532929.4350,12,left_toes_joint,0.058176648,-0.84283507,-0.054486904,0.6714164,-0.2487117,0.674589,-0.17964625
1783532929.4350,12,left_toesEnd_joint,0.056123316,-0.8777968,-0.0049578664,0.6714165,-0.24871148,0.674589,-0.17964648
1783532929.4350,12,right_upLeg_joint,-0.10095247,-0.0030257606,-0.0010428402,0.3613726,0.57331127,0.42005023,0.6035577
1783532929.4350,12,right_leg_joint,-0.09663374,-0.39102402,0.16253652,0.59325546,0.32776523,0.6673035,0.30874604
1783532929.4350,12,right_foot_joint,-0.048410624,-0.75730443,-0.10698646,0.26488832,0.6238713,0.3349085,0.65456486
1783532929.4350,12,right_toes_joint,-0.047999553,-0.8719026,-0.011710186,0.14184152,0.6627687,0.2047742,0.70617723
1783532929.4350,12,right_toesEnd_joint,-0.05028099,-0.90085125,0.041547537,0.14184201,0.6627688,0.20477372,0.7061771
1783532929.4350,12,spine_1_joint,-0.0001297294,0.020662298,-0.0036007573,0.46467835,0.53035355,0.47066367,0.53035367
1783532929.4350,12,spine_2_joint,-0.00045191872,0.07776187,-0.010802666,0.46881497,0.5274496,0.47756144,0.5233971
1783532929.4350,12,spine_3_joint,-0.001173402,0.13499597,-0.016808612,0.48930174,0.505345,0.5017266,0.5034687
1783532929.4350,12,spine_4_joint,-0.0019271098,0.18803637,-0.017756129,0.5221609,0.46786198,0.53574044,0.4705693
1783532929.4350,12,spine_5_joint,-0.002758056,0.25801867,-0.009581069,0.5655016,0.41130936,0.5788696,0.41945538
1783532929.4350,12,spine_6_joint,-0.003566705,0.3470725,0.020000093,0.57529074,0.39246857,0.5947734,0.40156448
1783532929.4350,12,spine_7_joint,-0.0052492246,0.4463146,0.06020548,0.55844146,0.41438136,0.5822728,0.421177
1783532929.4350,12,left_shoulder_1_joint,0.08180458,0.5559545,0.091928534,-0.6076137,0.012658626,-0.14809193,0.7802016
1783532929.4350,12,left_arm_joint,0.22044563,0.5202046,0.115167364,-0.35447907,0.30463186,-0.5473798,0.69420457
1783532929.4350,12,left_forearm_joint,0.27767253,0.26061293,0.10588859,-0.40872627,0.18561889,-0.7247543,0.522705
1783532929.4350,12,left_hand_joint,0.24566463,0.016920796,0.21264908,0.64099526,-0.5844107,0.4671052,-0.17147209
1783532929.4350,12,left_handIndexStart_joint,0.22929113,-5.1054954e-05,0.23098947,0.60913694,-0.5946754,0.5074147,-0.13358349
1783532929.4350,12,left_handIndex_1_joint,0.2114448,-0.069121495,0.2678755,0.60913694,-0.5946754,0.5074147,-0.13358349
1783532929.4350,12,left_handIndex_2_joint,0.20106903,-0.10927872,0.28932086,0.60913694,-0.5946754,0.5074147,-0.13358349
1783532929.4350,12,left_handIndex_3_joint,0.19525859,-0.13176678,0.30133027,0.60913694,-0.5946754,0.5074147,-0.13358349
1783532929.4350,12,left_handIndexEnd_joint,0.19110829,-0.14782967,0.30990842,0.60913694,-0.5946754,0.5074147,-0.13358349
1783532929.4350,12,left_handMidStart_joint,0.23917781,-0.0058452794,0.22532763,0.64218944,-0.5841064,0.46520135,-0.1732076
1783532929.4350,12,left_handMid_1_joint,0.23042205,-0.0751227,0.255365,0.64218944,-0.5841064,0.46520135,-0.1732076
1783532929.4350,12,left_handMid_2_joint,0.22426935,-0.12380413,0.27647236,0.64218944,-0.5841064,0.46520135,-0.1732076
1783532929.4350,12,left_handMid_3_joint,0.22071971,-0.15188956,0.28864968,0.64218944,-0.5841064,0.46520135,-0.1732076
1783532929.4350,12,left_handMidEnd_joint,0.21835329,-0.17061318,0.2967679,0.64218944,-0.5841064,0.46520135,-0.1732076
1783532929.4350,12,left_handPinkyStart_joint,0.25953317,-0.01484554,0.208785,0.66723794,-0.58644515,0.38714245,-0.24697606
1783532929.4350,12,left_handPinky_1_joint,0.260321,-0.076684855,0.22319706,0.66723794,-0.58644515,0.38714245,-0.24697606
1783532929.4350,12,left_handPinky_2_joint,0.26080757,-0.11487972,0.23209861,0.66723794,-0.58644515,0.38714245,-0.24697606
1783532929.4350,12,left_handPinky_3_joint,0.26106244,-0.13488656,0.23676133,0.66723794,-0.58644515,0.38714245,-0.24697606
1783532929.4350,12,left_handPinkyEnd_joint,0.26129416,-0.15307459,0.24100018,0.66723794,-0.58644515,0.38714245,-0.24697606
1783532929.4350,12,left_handRingStart_joint,0.24851081,-0.010510585,0.21776247,0.6555328,-0.58577085,0.42733634,-0.21103017
1783532929.4350,12,left_handRing_1_joint,0.24491435,-0.07675395,0.23962846,0.6555328,-0.58577085,0.42733634,-0.21103017
1783532929.4350,12,left_handRing_2_joint,0.24237567,-0.123513974,0.25506327,0.6555328,-0.58577085,0.42733634,-0.21103017
1783532929.4350,12,left_handRing_3_joint,0.24078901,-0.15273899,0.26471004,0.6555328,-0.58577085,0.42733634,-0.21103017
1783532929.4350,12,left_handRingEnd_joint,0.23973124,-0.17222233,0.27114123,0.6555328,-0.58577085,0.42733634,-0.21103017
1783532929.4350,12,left_handThumbStart_joint,0.22101825,-0.0008743012,0.22291888,0.24556364,-0.11072532,0.923087,-0.27449852
1783532929.4350,12,left_handThumb_1_joint,0.18189141,-0.031008538,0.243997,0.24556364,-0.11072532,0.923087,-0.27449852
1783532929.4350,12,left_handThumb_2_joint,0.15392321,-0.05254611,0.25906405,0.24556364,-0.1107253,0.923087,-0.27449852
1783532929.4350,12,left_handThumbEnd_joint,0.13527775,-0.06690449,0.26910874,0.24556363,-0.110725276,0.923087,-0.27449852
1783532929.4350,12,neck_1_joint,-0.007935964,0.57609564,0.09420212,0.6019805,0.34873235,0.6244761,0.35501465
1783532929.4350,12,neck_2_joint,-0.008631047,0.6019933,0.109329164,0.59536874,0.36015522,0.61643595,0.36855328
1783532929.4350,12,neck_3_joint,-0.009407457,0.6373225,0.1280708,0.5797423,0.38266194,0.60485345,0.3893864
1783532929.4350,12,neck_4_joint,-0.010389694,0.6739118,0.14420326,0.5632345,0.40449828,0.5933922,0.40869817
1783532929.4350,12,head_joint,-0.011831569,0.7173308,0.16036858,0.5070273,0.47112626,0.54448926,0.47380933
1783532929.4350,12,jaw_joint,-0.011101244,0.6919525,0.1626938,0.5070273,0.47112626,0.54448926,0.47380933
1783532929.4350,12,chin_joint,-0.013080453,0.63155764,0.25676057,0.5070273,0.47112626,0.54448926,0.47380933
1783532929.4350,12,left_eye_joint,0.015898133,0.74151325,0.2512131,0.51111686,0.46668637,0.54860085,0.46904263
1783532929.4350,12,left_eyeLowerLid_joint,0.015898133,0.74151325,0.2512131,0.51111686,0.46668637,0.54860085,0.46904263
1783532929.4350,12,left_eyeUpperLid_joint,0.015898133,0.74151325,0.2512131,0.51111686,0.46668637,0.54860085,0.46904263
1783532929.4350,12,left_eyeball_joint,0.015898133,0.74151325,0.2512131,0.51111686,0.46668637,0.54860085,0.46904263
1783532929.4350,12,nose_joint,-0.016035832,0.70555085,0.2696552,0.5111193,0.46668363,0.5486033,0.4690397
1783532929.4350,12,right_eye_joint,-0.04864569,0.73940766,0.24850316,0.51111686,0.46668637,0.54860085,0.46904263
1783532929.4350,12,right_eyeLowerLid_joint,-0.04864569,0.73940766,0.24850316,0.51111686,0.46668637,0.54860085,0.46904263
1783532929.4350,12,right_eyeUpperLid_joint,-0.04864569,0.73940766,0.24850316,0.51111686,0.46668637,0.54860085,0.46904263
1783532929.4350,12,right_eyeball_joint,-0.04864569,0.73940766,0.24850316,0.51111686,0.46668637,0.54860085,0.46904263
1783532929.4350,12,right_shoulder_1_joint,-0.09681717,0.5537807,0.086054854,0.78177524,0.1568803,0.04963116,0.6014594
1783532929.4350,12,right_arm_joint,-0.23401205,0.50954175,0.10217178,0.6862601,0.5533762,0.28750667,0.3743826
1783532929.4350,12,right_forearm_joint,-0.29312202,0.25026006,0.10742232,0.5095168,0.74147373,0.19606662,0.39008677
1783532929.4350,12,right_hand_joint,-0.24583831,0.006794624,0.2088974,0.17215815,0.47417152,0.60281587,0.6181718
1783532929.4350,12,right_handIndexStart_joint,-0.22934991,-0.009782633,0.2256081,0.13068397,0.5152195,0.61362785,0.5838937
1783532929.4350,12,right_handIndex_1_joint,-0.20654328,-0.07814668,0.26104763,0.13068397,0.5152195,0.61362785,0.5838937
1783532929.4350,12,right_handIndex_2_joint,-0.19328322,-0.11789344,0.28165156,0.13068397,0.5152195,0.61362785,0.5838937
1783532929.4350,12,right_handIndex_3_joint,-0.18585804,-0.14015184,0.29319054,0.13068397,0.5152195,0.61362785,0.5838937
1783532929.4350,12,right_handIndexEnd_joint,-0.18055433,-0.15605041,0.3014326,0.13068397,0.5152195,0.61362785,0.5838937
1783532929.4350,12,right_handMidStart_joint,-0.23903316,-0.01607225,0.22012639,0.17159106,0.47469008,0.6032203,0.6175368
1783532929.4350,12,right_handMid_1_joint,-0.22547123,-0.08508885,0.24895617,0.17159106,0.47469008,0.6032203,0.6175368
1783532929.4350,12,right_handMid_2_joint,-0.21594156,-0.13358633,0.26921517,0.17159106,0.47469008,0.6032203,0.6175368
1783532929.4350,12,right_handMid_3_joint,-0.21044345,-0.16156581,0.28090292,0.17159106,0.47469008,0.6032203,0.6175368
1783532929.4350,12,right_handMidEnd_joint,-0.20677833,-0.18021844,0.28869486,0.17159106,0.47469008,0.6032203,0.6175368
1783532929.4350,12,right_handPinkyStart_joint,-0.2592717,-0.026038932,0.20399965,0.24778531,0.39913502,0.60479045,0.64305735
1783532929.4350,12,right_handPinky_1_joint,-0.25608656,-0.08799203,0.21756446,0.24778531,0.39913502,0.60479045,0.64305735
1783532929.4350,12,right_handPinky_2_joint,-0.25411946,-0.12625788,0.2259434,0.24778531,0.39913502,0.60479045,0.64305735
1783532929.4350,12,right_handPinky_3_joint,-0.25308868,-0.14630161,0.2303316,0.24778531,0.39913502,0.60479045,0.64305735
1783532929.4350,12,right_handPinkyEnd_joint,-0.25215197,-0.16452302,0.23432116,0.24778531,0.39913502,0.60479045,0.64305735
1783532929.4350,12,right_handRingStart_joint,-0.24828082,-0.021180384,0.21274464,0.21060412,0.43811125,0.60451907,0.6310797
1783532929.4350,12,right_handRing_1_joint,-0.24026418,-0.08736686,0.23358409,0.21060412,0.43811125,0.60451907,0.6310797
1783532929.4350,12,right_handRing_2_joint,-0.23460528,-0.13408633,0.24829395,0.21060412,0.43811125,0.60451907,0.6310797
1783532929.4350,12,right_handRing_3_joint,-0.23106872,-0.16328636,0.25748816,0.21060412,0.43811125,0.60451907,0.6310797
1783532929.4350,12,right_handRingEnd_joint,-0.2287104,-0.18275358,0.26361698,0.21060412,0.43811125,0.60451907,0.6310797
1783532929.4350,12,right_handThumbStart_joint,-0.22126375,-0.0100224195,0.2173122,0.25060764,0.93311363,0.12022721,0.22812393
1783532929.4350,12,right_handThumb_1_joint,-0.17990218,-0.038083777,0.23693532,0.25060764,0.93311363,0.12022721,0.22812393
1783532929.4350,12,right_handThumb_2_joint,-0.15033709,-0.05813939,0.2509627,0.25060764,0.93311363,0.120227195,0.22812393
1783532929.4350,12,right_handThumbEnd_joint,-0.13062702,-0.07151007,0.26031354,0.25060764,0.93311363,0.12022718,0.22812393
1783532929.4350,12,camera,0.11148646,0.0631503,-0.05024751,-0.08603764,-0.087014474,-0.6996584,0.70392054
1783532929.4683,13,root,-0.00014184068,0.020789474,-0.0035100393,-0.050901577,-0.0039605373,-0.0054258,0.9986811
1783532929.4683,13,hips_joint,-0.00014184068,0.020789474,-0.0035100393,-0.050901577,-0.0039605373,-0.0054258,0.9986811
1783532929.4683,13,left_upLeg_joint,0.10010126,-0.0050096414,0.00083268044,0.6063928,-0.38224468,0.58752805,-0.3754833
1783532929.4683,13,left_leg_joint,0.10742826,-0.38601956,0.18000795,-0.25190818,0.67011917,-0.30627808,0.6274366
1783532929.4683,13,left_foot_joint,0.06822256,-0.7161753,-0.13398193,0.6115565,-0.37217632,0.6280369,-0.3050466
1783532929.4683,13,left_toes_joint,0.05840263,-0.8411198,-0.05334113,0.67101216,-0.24951875,0.67447,-0.18048167
1783532929.4683,13,left_toesEnd_joint,0.056319993,-0.87620085,-0.003897743,0.6710122,-0.24951854,0.67447,-0.1804819
1783532929.4683,13,right_upLeg_joint,-0.10096054,-0.0029067707,-0.0008690497,0.35963538,0.5748424,0.41858682,0.60415554
1783532929.4683,13,right_leg_joint,-0.096194915,-0.3899968,0.16483581,0.59445447,0.32645187,0.6681497,0.3059885
1783532929.4683,13,right_foot_joint,-0.04772415,-0.7544764,-0.10707327,0.26664218,0.62357694,0.3372752,0.65291595
1783532929.4683,13,right_toes_joint,-0.046948392,-0.8696733,-0.01252409,0.14361937,0.6628121,0.20741053,0.7050068
1783532929.4683,13,right_toesEnd_joint,-0.04909103,-0.8989621,0.04055312,0.14361987,0.66281223,0.20741007,0.70500666
1783532929.4683,13,spine_1_joint,-0.00014186045,0.020789474,-0.0035100398,0.46424592,0.5308465,0.4700431,0.5307894
1783532929.4683,13,spine_2_joint,-0.00045707365,0.07787469,-0.010825255,0.4687613,0.527664,0.47714254,0.52361125
1783532929.4683,13,spine_3_joint,-0.0011585535,0.13510361,-0.016882682,0.48959923,0.50524974,0.50153947,0.5034615
1783532929.4683,13,spine_4_joint,-0.0018821206,0.18814462,-0.017818604,0.5227229,0.46749112,0.53573555,0.47031936
1783532929.4683,13,spine_5_joint,-0.0026635374,0.2581177,-0.0095603885,0.56622785,0.4106534,0.5790298,0.41889682
1783532929.4683,13,spine_6_joint,-0.0034056106,0.3471087,0.020211024,0.5760172,0.39179653,0.5949807,0.4008716
1783532929.4683,13,spine_7_joint,-0.0050277435,0.4462569,0.060649842,0.558992,0.4139782,0.58248335,0.42055148
1783532929.4683,13,left_shoulder_1_joint,0.08204474,0.55583924,0.09251998,-0.6074244,0.01233685,-0.14831138,0.7803124
1783532929.4683,13,left_arm_joint,0.22066924,0.52009237,0.11586177,-0.354325,0.30405617,-0.54777575,0.6942231
1783532929.4683,13,left_forearm_joint,0.27785185,0.26048252,0.106822394,-0.40835205,0.18507229,-0.7253083,0.52242255
1783532929.4683,13,left_hand_joint,0.24552192,0.016901817,0.21373993,0.6405264,-0.5843076,0.4678767,-0.17147176
1783532929.4683,13,left_handIndexStart_joint,0.22911008,-4.351258e-05,0.23207055,0.6086193,-0.5945723,0.5081543,-0.13359027
1783532929.4683,13,left_handIndex_1_joint,0.21116284,-0.06907083,0.26898825,0.6086193,-0.5945723,0.5081543,-0.13359027
1783532929.4683,13,left_handIndex_2_joint,0.20072837,-0.109202996,0.29045203,0.6086193,-0.5945723,0.5081543,-0.13359027
1783532929.4683,13,left_handIndex_3_joint,0.19488508,-0.131677,0.30247176,0.6086193,-0.5945723,0.5081543,-0.13359027
1783532929.4683,13,left_handIndexEnd_joint,0.1907113,-0.14772987,0.31105727,0.6086193,-0.5945723,0.5081543,-0.13359027
1783532929.4683,13,left_handMidStart_joint,0.23900108,-0.0058492017,0.22642803,0.64172274,-0.58400327,0.46597424,-0.17320721
1783532929.4683,13,left_handMid_1_joint,0.23015425,-0.07509543,0.25651056,0.64172274,-0.58400327,0.46597424,-0.17320721
1783532929.4683,13,left_handMid_2_joint,0.22393754,-0.12375495,0.27764964,0.64172274,-0.58400327,0.46597424,-0.17320721
1783532929.4683,13,left_handMid_3_joint,0.22035098,-0.15182774,0.28984526,0.64172274,-0.58400327,0.46597424,-0.17320721
1783532929.4683,13,left_handMidEnd_joint,0.21795996,-0.17054294,0.2979757,0.64172274,-0.58400327,0.46597424,-0.17320721
1783532929.4683,13,left_handPinkyStart_joint,0.25937447,-0.014877164,0.20992273,0.66685855,-0.5863291,0.38795963,-0.24699336
1783532929.4683,13,left_handPinky_1_joint,0.2600991,-0.07670489,0.22438768,0.66685855,-0.5863291,0.38795963,-0.24699336
1783532929.4683,13,left_handPinky_2_joint,0.26054665,-0.1148926,0.2333219,0.66685855,-0.5863291,0.38795963,-0.24699336
1783532929.4683,13,left_handPinky_3_joint,0.26078108,-0.1348957,0.23800175,0.66685855,-0.5863291,0.38795963,-0.24699336
1783532929.4683,13,left_handPinkyEnd_joint,0.26099423,-0.15308031,0.24225613,0.66685855,-0.5863291,0.38795963,-0.24699336
1783532929.4683,13,left_handRingStart_joint,0.24834193,-0.010527194,0.21888044,0.6551091,-0.58566046,0.42813256,-0.21103829
1783532929.4683,13,left_handRing_1_joint,0.24466841,-0.076749735,0.2407966,0.6551091,-0.58566046,0.42813256,-0.21103829
1783532929.4683,13,left_handRing_2_joint,0.24207531,-0.123495065,0.25626683,0.6551091,-0.58566046,0.42813256,-0.21103829
1783532929.4683,13,left_handRing_3_joint,0.24045463,-0.15271088,0.26593575,0.6551091,-0.58566046,0.42813256,-0.21103829
1783532929.4683,13,left_handRingEnd_joint,0.23937418,-0.1721881,0.27238166,0.6551091,-0.58566046,0.42813256,-0.21103829
1783532929.4683,13,left_handThumbStart_joint,0.22084846,-0.00086789246,0.22398856,0.24496606,-0.11022157,0.92340577,-0.27416232
1783532929.4683,13,left_handThumb_1_joint,0.18167038,-0.030957831,0.24503466,0.24496606,-0.11022157,0.92340577,-0.27416232
1783532929.4683,13,left_handThumb_2_joint,0.15366553,-0.052463736,0.26007882,0.24496607,-0.11022156,0.92340577,-0.27416232
1783532929.4683,13,left_handThumbEnd_joint,0.13499564,-0.06680101,0.27010825,0.24496606,-0.11022153,0.92340577,-0.27416232
1783532929.4683,13,neck_1_joint,-0.0076944074,0.5759763,0.09488242,0.60248363,0.34827182,0.6246146,0.3543691
1783532929.4683,13,neck_2_joint,-0.008380612,0.60184664,0.11005662,0.59588176,0.3597059,0.61658674,0.36791033
1783532929.4683,13,neck_3_joint,-0.009146026,0.6371419,0.12886249,0.58027065,0.38222912,0.60502917,0.388751
1783532929.4683,13,neck_4_joint,-0.010118783,0.67370206,0.14506158,0.56377697,0.4040814,0.5935925,0.40807122
1783532929.4683,13,head_joint,-0.011551155,0.7170918,0.16130613,0.50761443,0.47077268,0.5447662,0.47321367
1783532929.4683,13,jaw_joint,-0.010819498,0.6917093,0.16358508,0.50761443,0.47077268,0.5447662,0.47321367
1783532929.4683,13,chin_joint,-0.012743779,0.6311446,0.25754377,0.50761443,0.47077268,0.5447662,0.47321367
1783532929.4683,13,left_eye_joint,0.016231686,0.74111015,0.25217798,0.51170087,0.46632767,0.5488725,0.4684446
1783532929.4683,13,left_eyeLowerLid_joint,0.016231686,0.74111015,0.25217798,0.51170087,0.46632767,0.5488725,0.4684446
1783532929.4683,13,left_eyeUpperLid_joint,0.016231686,0.74111015,0.25217798,0.51170087,0.46632767,0.5488725,0.4684446
1783532929.4683,13,left_eyeball_joint,0.016231686,0.74111015,0.25217798,0.51170087,0.46632767,0.5488725,0.4684446
1783532929.4683,13,nose_joint,-0.015691543,0.7051144,0.27057374,0.5117033,0.46632499,0.548875,0.46844175
1783532929.4683,13,right_eye_joint,-0.048313726,0.7390093,0.24950197,0.51170087,0.46632767,0.5488725,0.4684446
1783532929.4683,13,right_eyeLowerLid_joint,-0.048313726,0.7390093,0.24950197,0.51170087,0.46632767,0.5488725,0.4684446
1783532929.4683,13,right_eyeUpperLid_joint,-0.048313726,0.7390093,0.24950197,0.51170087,0.46632767,0.5488725,0.4684446
1783532929.4683,13,right_eyeball_joint,-0.048313726,0.7390093,0.24950197,0.51170087,0.46632767,0.5488725,0.4684446
1783532929.4683,13,right_shoulder_1_joint,-0.0965804,0.5536761,0.086746834,0.78184247,0.15779603,0.049454365,0.6011468
1783532929.4683,13,right_arm_joint,-0.23369676,0.5092618,0.103048354,0.6861383,0.5543893,0.2863588,0.37398627
1783532929.4683,13,right_forearm_joint,-0.2925601,0.24993517,0.10882143,0.5084347,0.74311876,0.1951088,0.38884634
1783532929.4683,13,right_hand_joint,-0.24416836,0.0067814253,0.21052109,0.1720405,0.47606182,0.6030409,0.61653
1783532929.4683,13,right_handIndexStart_joint,-0.22756866,-0.00971839,0.22719821,0.13055253,0.51699287,0.61384344,0.5821262
1783532929.4683,13,right_handIndex_1_joint,-0.2044255,-0.077954695,0.26266572,0.13055253,0.51699287,0.61384344,0.5821262
1783532929.4683,13,right_handIndex_2_joint,-0.19096977,-0.117627196,0.28328595,0.13055253,0.51699287,0.61384344,0.5821262
1783532929.4683,13,right_handIndex_3_joint,-0.18343502,-0.139844,0.29483405,0.13055253,0.51699287,0.61384344,0.5821262
1783532929.4683,13,right_handIndexEnd_joint,-0.17805305,-0.15571287,0.3030826,0.13055253,0.51699287,0.61384344,0.5821262
1783532929.4683,13,right_handMidStart_joint,-0.23725292,-0.016046237,0.22176248,0.17147389,0.47657853,0.6034449,0.6158929
1783532929.4683,13,right_handMid_1_joint,-0.22337663,-0.08497389,0.25065535,0.17147389,0.47657853,0.6034449,0.6158929
1783532929.4683,13,right_handMid_2_joint,-0.21362606,-0.13340886,0.27095863,0.17147389,0.47657853,0.6034449,0.6158929
1783532929.4683,13,right_handMid_3_joint,-0.20800053,-0.16135229,0.28267196,0.17147389,0.47657853,0.6034449,0.6158929
1783532929.4683,13,right_handMidEnd_joint,-0.20425044,-0.17998089,0.29048094,0.17147389,0.47657853,0.6034449,0.6158929
1783532929.4683,13,right_handPinkyStart_joint,-0.25752032,-0.026100546,0.20572662,0.24776386,0.40118706,0.6049757,0.6416125
1783532929.4683,13,right_handPinky_1_joint,-0.25409812,-0.088021256,0.21938121,0.24776386,0.40118706,0.6049757,0.6416125
1783532929.4683,13,right_handPinky_2_joint,-0.2519846,-0.1262671,0.2278156,0.24776386,0.40118706,0.6049757,0.6416125
1783532929.4683,13,right_handPinky_3_joint,-0.2508771,-0.14630038,0.23223285,0.24776386,0.40118706,0.6049757,0.6416125
1783532929.4683,13,right_handPinkyEnd_joint,-0.24987067,-0.16451226,0.23624884,0.24776386,0.40118706,0.6049757,0.6416125
1783532929.4683,13,right_handRingStart_joint,-0.24651214,-0.021194428,0.21442315,0.21053334,0.44008487,0.6047226,0.6295331
1783532929.4683,13,right_handRing_1_joint,-0.238219,-0.0873219,0.23534152,0.21053334,0.44008487,0.6047226,0.6295331
1783532929.4683,13,right_handRing_2_joint,-0.23236492,-0.13399972,0.25010708,0.21053334,0.44008487,0.6047226,0.6295331
1783532929.4683,13,right_handRing_3_joint,-0.22870636,-0.16317374,0.25933614,0.21053334,0.44008487,0.6047226,0.6295331
1783532929.4683,13,right_handRingEnd_joint,-0.2262667,-0.1826236,0.26548815,0.21053334,0.44008487,0.6047226,0.6295331
1783532929.4683,13,right_handThumbStart_joint,-0.21951234,-0.009947479,0.21887304,0.24923097,0.93400717,0.119343035,0.22643335
1783532929.4683,13,right_handThumb_1_joint,-0.17799439,-0.037851475,0.23838994,0.24923097,0.93400717,0.11934303,0.22643335
1783532929.4683,13,right_handThumb_2_joint,-0.14831747,-0.057794604,0.2523414,0.24923097,0.93400717,0.11934301,0.22643335
1783532929.4683,13,right_handThumbEnd_joint,-0.12853287,-0.071090296,0.2616416,0.24923098,0.93400717,0.11934298,0.22643335
1783532929.4683,13,camera,0.11175516,0.06345107,-0.050213233,-0.0862062,-0.08694863,-0.69990647,0.7036614
1783532929.5017,14,root,-0.00014929195,0.020991914,-0.0034390737,-0.053107847,-0.0038416917,-0.0054314397,0.99856657
1783532929.5017,14,hips_joint,-0.00014929195,0.020991914,-0.0034390737,-0.053107847,-0.0038416917,-0.0054314397,0.99856657
1783532929.5017,14,left_upLeg_joint,0.10009387,-0.0047920463,0.0009915212,0.6078474,-0.37967944,0.58965474,-0.37238705
1783532929.5017,14,left_leg_joint,0.10695846,-0.38409194,0.18377653,-0.25053278,0.6703528,-0.30645066,0.62765294
1783532929.5017,14,left_foot_joint,0.06736949,-0.7136179,-0.13082576,0.61061776,-0.37320837,0.6283063,-0.30511028
1783532929.5017,14,left_toes_joint,0.05721944,-0.83868253,-0.050412595,0.67028606,-0.25071007,0.6747466,-0.18049318
1783532929.5017,14,left_toesEnd_joint,0.05501925,-0.8738455,-0.0010325718,0.6702862,-0.25070992,0.6747465,-0.18049343
1783532929.5017,14,right_upLeg_joint,-0.10096827,-0.002688136,-0.0006672558,0.35761982,0.5770994,0.41620728,0.6048434
1783532929.5017,14,right_leg_joint,-0.095685795,-0.3885126,0.16794749,0.59652615,0.32504284,0.66826916,0.30318272
1783532929.5017,14,right_foot_joint,-0.04790862,-0.75116056,-0.10652118,0.26914185,0.62374526,0.33909935,0.6507809
1783532929.5017,14,right_toes_joint,-0.04670246,-0.8669748,-0.012733812,0.14604186,0.66345114,0.20960635,0.70325625
1783532929.5017,14,right_toesEnd_joint,-0.04863116,-0.896613,0.040157303,0.14604233,0.66345125,0.20960589,0.70325613
1783532929.5017,14,spine_1_joint,-0.00014931173,0.020991914,-0.0034390741,0.46362916,0.5315339,0.46924314,0.5313477
1783532929.5017,14,spine_2_joint,-0.00046210736,0.07805742,-0.010906505,0.46858504,0.52797866,0.47679082,0.5237718
1783532929.5017,14,spine_3_joint,-0.00116322,0.13528022,-0.017021302,0.48980445,0.50520957,0.5016141,0.5032277
1783532929.5017,14,spine_4_joint,-0.0018904301,0.1883217,-0.017927747,0.523196,0.46710908,0.53613204,0.4697208
1783532929.5017,14,spine_5_joint,-0.002681479,0.25827926,-0.009539804,0.56681883,0.40999213,0.57955736,0.41801447
1783532929.5017,14,spine_6_joint,-0.003436236,0.34718955,0.020471377,0.5765813,0.39110228,0.5955165,0.39994174
1783532929.5017,14,spine_7_joint,-0.0050783297,0.4462249,0.061184984,0.55934054,0.41361046,0.58288926,0.41988683
1783532929.5017,14,left_shoulder_1_joint,0.08195475,0.5557859,0.093235604,-0.6074811,0.011231455,-0.14878576,0.7801946
1783532929.5017,14,left_arm_joint,0.22054592,0.5201313,0.116914056,-0.35409033,0.30253667,-0.5490289,0.69401664
1783532929.5017,14,left_forearm_joint,0.2774877,0.26044318,0.10863672,-0.4076707,0.18354386,-0.72671187,0.52154243
1783532929.5017,14,left_hand_joint,0.2443674,0.017213764,0.2161106,0.6394526,-0.5839317,0.46991748,-0.17117877
1783532929.5017,14,left_handIndexStart_joint,0.22786361,0.0003474748,0.23443156,0.60741603,-0.5941777,0.51012146,-0.13332346
1783532929.5017,14,left_handIndex_1_joint,0.2096699,-0.068546794,0.27147692,0.60741603,-0.5941777,0.51012146,-0.13332346
1783532929.5017,14,left_handIndex_2_joint,0.19909218,-0.10860161,0.29301494,0.60741603,-0.5941777,0.51012146,-0.13332346
1783532929.5017,14,left_handIndex_3_joint,0.19316864,-0.1310323,0.3050762,0.60741603,-0.5941777,0.51012146,-0.13332346
1783532929.5017,14,left_handIndexEnd_joint,0.18893754,-0.14705423,0.3136914,0.60741603,-0.5941777,0.51012146,-0.13332346
1783532929.5017,14,left_handMidStart_joint,0.23776357,-0.0054909205,0.22883871,0.64065486,-0.58362806,0.46801817,-0.17291373
1783532929.5017,14,left_handMid_1_joint,0.22869308,-0.07463875,0.2590806,0.64065486,-0.58362806,0.46801817,-0.17291373
1783532929.5017,14,left_handMid_2_joint,0.22231922,-0.1232291,0.2803316,0.64065486,-0.58362806,0.46801817,-0.17291373
1783532929.5017,14,left_handMid_3_joint,0.218642,-0.151262,0.29259184,0.64065486,-0.58362806,0.46801817,-0.17291373
1783532929.5017,14,left_handMidEnd_joint,0.21619052,-0.16995059,0.30076534,0.64065486,-0.58362806,0.46801817,-0.17291373
1783532929.5017,14,left_handPinkyStart_joint,0.25817716,-0.014599673,0.21242777,0.6660226,-0.5859573,0.39011425,-0.24673732
1783532929.5017,14,left_handPinky_1_joint,0.25874424,-0.0763886,0.2270645,0.6660226,-0.5859573,0.39011425,-0.24673732
1783532929.5017,14,left_handPinky_2_joint,0.25909448,-0.11455234,0.23610485,0.6660226,-0.5859573,0.39011425,-0.24673732
1783532929.5017,14,left_handPinky_3_joint,0.25927794,-0.13454287,0.24084026,0.6660226,-0.5859573,0.39011425,-0.24673732
1783532929.5017,14,left_handPinkyEnd_joint,0.2594447,-0.15271609,0.24514519,0.6660226,-0.5859573,0.39011425,-0.24673732
1783532929.5017,14,left_handRingStart_joint,0.24712184,-0.010205891,0.22133586,0.6541561,-0.58528435,0.43023467,-0.21076219
1783532929.5017,14,left_handRing_1_joint,0.24325773,-0.07636147,0.24342078,0.6541561,-0.58528435,0.43023467,-0.21076219
1783532929.5017,14,left_handRing_2_joint,0.24053012,-0.12305953,0.25901014,0.6541561,-0.58528435,0.43023467,-0.21076219
1783532929.5017,14,left_handRing_3_joint,0.23882537,-0.15224582,0.2687535,0.6541561,-0.58528435,0.43023467,-0.21076219
1783532929.5017,14,left_handRingEnd_joint,0.23768885,-0.17170335,0.27524906,0.6541561,-0.58528435,0.43023467,-0.21076219
1783532929.5017,14,left_handThumbStart_joint,0.21962813,-0.000484699,0.22632377,0.24367274,-0.10870166,0.92421114,-0.27320638
1783532929.5017,14,left_handThumb_1_joint,0.18032596,-0.030448388,0.24731861,0.24367274,-0.10870166,0.92421114,-0.27320638
1783532929.5017,14,left_handThumb_2_joint,0.15223244,-0.05186405,0.2623261,0.24367274,-0.10870165,0.92421114,-0.27320638
1783532929.5017,14,left_handThumbEnd_joint,0.13350344,-0.066141166,0.2723311,0.24367273,-0.10870161,0.92421114,-0.27320638
1783532929.5017,14,neck_1_joint,-0.0077923057,0.5758813,0.0956516,0.6027901,0.34786883,0.6249434,0.35366288
1783532929.5017,14,neck_2_joint,-0.008486323,0.60172397,0.110872485,0.5961974,0.35931003,0.61692923,0.36721057
1783532929.5017,14,neck_3_joint,-0.009262757,0.63698494,0.12974201,0.58059937,0.38184246,0.60539776,0.38806552
1783532929.5017,14,neck_4_joint,-0.010247569,0.67351544,0.1460071,0.56411755,0.4037035,0.5939864,0.40740088
1783532929.5017,14,head_joint,-0.011694827,0.7168753,0.16233005,0.507995,0.4704333,0.5452391,0.4725975
1783532929.5017,14,jaw_joint,-0.010952179,0.69148904,0.16456313,0.507995,0.4704333,0.5452391,0.4725975
1783532929.5017,14,chin_joint,-0.012833054,0.6307545,0.25841296,0.507995,0.4704333,0.5452391,0.4725975
1783532929.5017,14,left_eye_joint,0.01609565,0.7407415,0.25323963,0.5120785,0.4659851,0.54934,0.46782443
1783532929.5017,14,left_eyeLowerLid_joint,0.01609565,0.7407415,0.25323963,0.5120785,0.4659851,0.54934,0.46782443
1783532929.5017,14,left_eyeUpperLid_joint,0.01609565,0.7407415,0.25323963,0.5120785,0.4659851,0.54934,0.46782443
1783532929.5017,14,left_eyeball_joint,0.01609565,0.7407415,0.25323963,0.5120785,0.4659851,0.54934,0.46782443
1783532929.5017,14,nose_joint,-0.015809037,0.70469946,0.27157673,0.51208097,0.46598232,0.5493425,0.46782148
1783532929.5017,14,right_eye_joint,-0.0484494,0.7386187,0.25057232,0.5120785,0.4659851,0.54934,0.46782443
1783532929.5017,14,right_eyeLowerLid_joint,-0.0484494,0.7386187,0.25057232,0.5120785,0.4659851,0.54934,0.46782443
1783532929.5017,14,right_eyeUpperLid_joint,-0.0484494,0.7386187,0.25057232,0.5120785,0.4659851,0.54934,0.46782443
1783532929.5017,14,right_eyeball_joint,-0.0484494,0.7386187,0.25057232,0.5120785,0.4659851,0.54934,0.46782443
1783532929.5017,14,right_shoulder_1_joint,-0.09667059,0.5535588,0.087492995,0.7817306,0.15872993,0.048917122,0.6010904
1783532929.5017,14,right_arm_joint,-0.23371652,0.50903237,0.104078226,0.6860426,0.55530196,0.28493398,0.37389567
1783532929.5017,14,right_forearm_joint,-0.29247406,0.249698,0.11054067,0.50781137,0.7442788,0.19372779,0.38813162
1783532929.5017,14,right_hand_joint,-0.24344541,0.0068387794,0.212638,0.17197281,0.47781917,0.602636,0.61558425
1783532929.5017,14,right_handIndexStart_joint,-0.22677206,-0.009601504,0.22930042,0.13051398,0.5186816,0.61343455,0.58106244
1783532929.5017,14,right_handIndex_1_joint,-0.20342857,-0.07772697,0.26484957,0.13051398,0.5186816,0.61343455,0.58106244
1783532929.5017,14,right_handIndex_2_joint,-0.18985637,-0.11733502,0.28551725,0.13051398,0.5186816,0.61343455,0.58106244
1783532929.5017,14,right_handIndex_3_joint,-0.18225642,-0.13951574,0.29709193,0.13051398,0.5186816,0.61343455,0.58106244
1783532929.5017,14,right_handIndexEnd_joint,-0.17682786,-0.15535882,0.30535948,0.13051398,0.5186816,0.61343455,0.58106244
1783532929.5017,14,right_handMidStart_joint,-0.2364649,-0.015954299,0.22390932,0.17140724,0.47833502,0.6030399,0.6149455
1783532929.5017,14,right_handMid_1_joint,-0.22240789,-0.084798105,0.2529144,0.17140724,0.47833502,0.6030399,0.6149455
1783532929.5017,14,right_handMid_2_joint,-0.21253031,-0.13317417,0.27329656,0.17140724,0.47833502,0.6030399,0.6149455
1783532929.5017,14,right_handMid_3_joint,-0.20683151,-0.16108362,0.2850554,0.17140724,0.47833502,0.6030399,0.6149455
1783532929.5017,14,right_handMidEnd_joint,-0.20303258,-0.17968956,0.29289475,0.17140724,0.47833502,0.6030399,0.6149455
1783532929.5017,14,right_handPinkyStart_joint,-0.25676906,-0.026071388,0.20795967,0.24771973,0.40303564,0.6045537,0.6408681
1783532929.5017,14,right_handPinky_1_joint,-0.25322285,-0.08795647,0.22174346,0.24771973,0.40303564,0.6045537,0.6408681
1783532929.5017,14,right_handPinky_2_joint,-0.25103274,-0.1261803,0.23025766,0.24771973,0.40303564,0.6045537,0.6408681
1783532929.5017,14,right_handPinky_3_joint,-0.24988516,-0.14620204,0.23471671,0.24771973,0.40303564,0.6045537,0.6408681
1783532929.5017,14,right_handPinkyEnd_joint,-0.24884224,-0.16440345,0.2387707,0.24771973,0.40303564,0.6045537,0.6408681
1783532929.5017,14,right_handRingStart_joint,-0.24574023,-0.021131199,0.21661064,0.2104771,0.44188976,0.6043069,0.628686
1783532929.5017,14,right_handRing_1_joint,-0.2372949,-0.08720021,0.2376524,0.2104771,0.44188976,0.6043069,0.628686
1783532929.5017,14,right_handRing_2_joint,-0.2313334,-0.13383678,0.2525051,0.2104771,0.44188976,0.6043069,0.628686
1783532929.5017,14,right_handRing_3_joint,-0.2276077,-0.16298498,0.26178858,0.2104771,0.44188976,0.6043069,0.628686
1783532929.5017,14,right_handRingEnd_joint,-0.22512329,-0.18241763,0.26797688,0.2104771,0.44188976,0.6043069,0.628686
1783532929.5017,14,right_handThumbStart_joint,-0.21874148,-0.009838919,0.22095063,0.24854857,0.9346573,0.1180449,0.22517715
1783532929.5017,14,right_handThumb_1_joint,-0.17712614,-0.03764433,0.24040066,0.24854857,0.9346573,0.118044876,0.22517715
1783532929.5017,14,right_handThumb_2_joint,-0.14737964,-0.057516992,0.2543043,0.24854858,0.9346573,0.11804487,0.22517715
1783532929.5017,14,right_handThumbEnd_joint,-0.12754862,-0.07076571,0.2635726,0.24854858,0.9346573,0.118044846,0.22517715
1783532929.5017,14,camera,0.11176573,0.06327891,-0.049683966,-0.08584804,-0.08655996,-0.69987,0.70378935
1783532929.5352,15,root,-7.3654126e-05,0.021173982,-0.0034871367,-0.05654251,-0.0035873468,-0.005287292,0.9983797
1783532929.5352,15,hips_joint,-7.3654126e-05,0.021173982,-0.0034871367,-0.05654251,-0.0035873468,-0.005287292,0.9983797
1783532929.5352,15,left_upLeg_joint,0.100178,-0.0045557856,0.0010645535,0.6110002,-0.3751197,0.591897,-0.36826888
1783532929.5352,15,left_leg_joint,0.10770993,-0.38116774,0.18930025,-0.25168687,0.6698893,-0.30738276,0.6272303
1783532929.5352,15,left_foot_joint,0.0681659,-0.7117109,-0.124238946,0.6112406,-0.3721319,0.62877935,-0.30420285
1783532929.5352,15,left_toes_joint,0.058077734,-0.83652157,-0.043424394,0.67069346,-0.24953501,0.67503905,-0.17951247
1783532929.5352,15,left_toesEnd_joint,0.055900954,-0.8715274,0.006068206,0.6706935,-0.24953479,0.67503905,-0.1795127
1783532929.5352,15,right_upLeg_joint,-0.100885525,-0.0025096845,-0.00049607095,0.3545321,0.57998836,0.4128664,0.6061861
1783532929.5352,15,right_leg_joint,-0.09512053,-0.3864611,0.17232601,0.5979434,0.32470244,0.6680077,0.30132586
1783532929.5352,15,right_foot_joint,-0.047865238,-0.7481373,-0.10351181,0.2704676,0.6243513,0.34003863,0.64915794
1783532929.5352,15,right_toes_joint,-0.046243485,-0.8642645,-0.010118618,0.14722867,0.66429746,0.2108362,0.7018407
1783532929.5352,15,right_toesEnd_joint,-0.04797313,-0.89408207,0.042678468,0.14722916,0.6642976,0.21083573,0.7018406
1783532929.5352,15,spine_1_joint,-7.36739e-05,0.021173982,-0.003487137,0.46275845,0.53266156,0.46772802,0.53231245
1783532929.5352,15,spine_2_joint,-0.0003612067,0.07820556,-0.011210413,0.4685167,0.5284908,0.4757465,0.5242657
1783532929.5352,15,spine_3_joint,-0.0010101009,0.13541593,-0.01744619,0.49042502,0.5051618,0.5010628,0.50322026
1783532929.5352,15,spine_4_joint,-0.0016735436,0.18845834,-0.018345337,0.5243403,0.46651193,0.5359999,0.46918824
1783532929.5352,15,spine_5_joint,-0.0023663165,0.25839862,-0.009806109,0.5682147,0.4089395,0.5796726,0.4169891
1783532929.5352,15,spine_6_joint,-0.0029837822,0.34719965,0.020529836,0.5779727,0.39002275,0.59575164,0.39863458
1783532929.5352,15,spine_7_joint,-0.004504368,0.44606853,0.06165057,0.5603607,0.4130985,0.58317494,0.4186312
1783532929.5352,15,left_shoulder_1_joint,0.082544856,0.5555549,0.09391142,-0.6071346,0.009939577,-0.14830576,0.7805729
1783532929.5352,15,left_arm_joint,0.22118534,0.52022135,0.11778168,-0.35390463,0.30123907,-0.5492038,0.6945369
1783532929.5352,15,left_forearm_joint,0.27844164,0.26059082,0.109878756,-0.4071243,0.18224032,-0.7271886,0.5217612
1783532929.5352,15,left_hand_joint,0.24520534,0.017481098,0.21758689,0.63914806,-0.58317745,0.47108263,-0.17168212
1783532929.5352,15,left_handIndexStart_joint,0.22866505,0.00062773586,0.23588678,0.6070373,-0.5934576,0.51126444,-0.13387524
1783532929.5352,15,left_handIndex_1_joint,0.21042122,-0.068229966,0.27297536,0.6070373,-0.5934576,0.51126444,-0.13387524
1783532929.5352,15,left_handIndex_2_joint,0.19981433,-0.10826351,0.2945385,0.6070373,-0.5934576,0.51126444,-0.13387524
1783532929.5352,15,left_handIndex_3_joint,0.19387446,-0.13068229,0.30661383,0.6070373,-0.5934576,0.51126444,-0.13387524
1783532929.5352,15,left_handIndexEnd_joint,0.18963173,-0.14669572,0.3152391,0.6070373,-0.5934576,0.51126444,-0.13387524
1783532929.5352,15,left_handMidStart_joint,0.23858361,-0.00521126,0.23032764,0.6403538,-0.58287257,0.46918413,-0.17341524
1783532929.5352,15,left_handMid_1_joint,0.22948097,-0.07432523,0.26063702,0.6403538,-0.58287257,0.46918413,-0.17341524
1783532929.5352,15,left_handMid_2_joint,0.22308452,-0.12289181,0.2819355,0.6403538,-0.58287257,0.46918413,-0.17341524
1783532929.5352,15,left_handMid_3_joint,0.21939427,-0.15091099,0.2942231,0.6403538,-0.58287257,0.46918413,-0.17341524
1783532929.5352,15,left_handMidEnd_joint,0.21693408,-0.16959044,0.30241483,0.6403538,-0.58287257,0.46918413,-0.17341524
1783532929.5352,15,left_handPinkyStart_joint,0.25904635,-0.014327695,0.21398237,0.66587317,-0.5851478,0.39128998,-0.24719843
1783532929.5352,15,left_handPinky_1_joint,0.25961715,-0.07609679,0.22870222,0.66587317,-0.5851478,0.39128998,-0.24719843
1783532929.5352,15,left_handPinky_2_joint,0.2599697,-0.11424829,0.2377939,0.66587317,-0.5851478,0.39128998,-0.24719843
1783532929.5352,15,left_handPinky_3_joint,0.26015437,-0.13423242,0.2425562,0.66587317,-0.5851478,0.39128998,-0.24719843
1783532929.5352,15,left_handPinkyEnd_joint,0.26032227,-0.1523998,0.24688558,0.66587317,-0.5851478,0.39128998,-0.24719843
1783532929.5352,15,left_handRingStart_joint,0.24796475,-0.009929726,0.2228556,0.65393007,-0.58449954,0.43140656,-0.21124402
1783532929.5352,15,left_handRing_1_joint,0.2440878,-0.07605868,0.24501777,0.65393007,-0.58449954,0.43140656,-0.21124402
1783532929.5352,15,left_handRing_2_joint,0.24135114,-0.12273795,0.26066166,0.65393007,-0.58449954,0.43140656,-0.21124402
1783532929.5352,15,left_handRing_3_joint,0.23964073,-0.15191248,0.2704391,0.65393007,-0.58449954,0.43140656,-0.21124402
1783532929.5352,15,left_handRingEnd_joint,0.23850046,-0.17136219,0.27695736,0.65393007,-0.58449954,0.43140656,-0.21124402
1783532929.5352,15,left_handThumbStart_joint,0.22045143,-0.00022077441,0.22775851,0.24267805,-0.10764936,0.924508,-0.27350298
1783532929.5352,15,left_handThumb_1_joint,0.18111481,-0.030183587,0.24868982,0.24267805,-0.10764936,0.924508,-0.27350298
1783532929.5352,15,left_handThumb_2_joint,0.15299664,-0.05159862,0.2636519,0.24267805,-0.10764935,0.924508,-0.27350298
1783532929.5352,15,left_handThumbEnd_joint,0.13425122,-0.065875314,0.2736266,0.24267805,-0.10764931,0.924508,-0.27350298
1783532929.5352,15,neck_1_joint,-0.0072041727,0.57561684,0.09652221,0.6037485,0.34724918,0.6250856,0.35238275
1783532929.5352,15,neck_2_joint,-0.007883012,0.60141206,0.111824006,0.59716904,0.35871187,0.61709607,0.36593333
1783532929.5352,15,neck_3_joint,-0.00864155,0.63661426,0.13080369,0.58159155,0.38127527,0.60561395,0.3867973
1783532929.5352,15,neck_4_joint,-0.009612677,0.67309403,0.14718318,0.5651281,0.4031659,0.5942514,0.4061437
1783532929.5352,15,head_joint,-0.011048109,0.7164027,0.16364233,0.5090609,0.47001103,0.54565835,0.4713847
1783532929.5352,15,jaw_joint,-0.010294948,0.6910099,0.16579574,0.5090609,0.47001103,0.54565835,0.4713847
1783532929.5352,15,chin_joint,-0.012019763,0.62998474,0.2594598,0.5090609,0.47001103,0.54565835,0.4713847
1783532929.5352,15,left_eye_joint,0.016869996,0.73999554,0.2545841,0.51314056,0.46555346,0.54974866,0.4666079
1783532929.5352,15,left_eyeLowerLid_joint,0.016869996,0.73999554,0.2545841,0.51314056,0.46555346,0.54974866,0.4666079
1783532929.5352,15,left_eyeUpperLid_joint,0.016869996,0.73999554,0.2545841,0.51314056,0.46555346,0.54974866,0.4666079
1783532929.5352,15,left_eyeball_joint,0.016869996,0.73999554,0.2545841,0.51314056,0.46555346,0.54974866,0.4666079
1783532929.5352,15,nose_joint,-0.014997282,0.70388776,0.27285668,0.51314306,0.46555078,0.5497511,0.466605
1783532929.5352,15,right_eye_joint,-0.04767828,0.7378624,0.2520056,0.51314056,0.46555346,0.54974866,0.4666079
1783532929.5352,15,right_eyeLowerLid_joint,-0.04767828,0.7378624,0.2520056,0.51314056,0.46555346,0.54974866,0.4666079
1783532929.5352,15,right_eyeUpperLid_joint,-0.04767828,0.7378624,0.2520056,0.51314056,0.46555346,0.54974866,0.4666079
1783532929.5352,15,right_eyeball_joint,-0.04767828,0.7378624,0.2520056,0.51314056,0.46555346,0.54974866,0.4666079
1783532929.5352,15,right_shoulder_1_joint,-0.09608805,0.553294,0.08842595,0.78194076,0.16007052,0.04817575,0.60052055
1783532929.5352,15,right_arm_joint,-0.23303089,0.50859094,0.105383664,0.6863567,0.556013,0.28337255,0.37344852
1783532929.5352,15,right_forearm_joint,-0.29184008,0.24928218,0.1123778,0.50799644,0.7449416,0.19221152,0.38737082
1783532929.5352,15,right_hand_joint,-0.2425961,0.0065624807,0.21470284,0.17257845,0.47926092,0.60182387,0.6150881
1783532929.5352,15,right_handIndexStart_joint,-0.22587647,-0.009859292,0.23133709,0.13117474,0.52008563,0.61266565,0.5804693
1783532929.5352,15,right_handIndex_1_joint,-0.20245011,-0.07793926,0.26691884,0.13117474,0.52008563,0.61266565,0.5804693
1783532929.5352,15,right_handIndex_2_joint,-0.18882973,-0.11752086,0.28760546,0.13117474,0.52008563,0.61266565,0.5804693
1783532929.5352,15,right_handIndex_3_joint,-0.18120278,-0.13968676,0.29919073,0.13117474,0.52008563,0.61266565,0.5804693
1783532929.5352,15,right_handIndexEnd_joint,-0.17575496,-0.15551928,0.30746588,0.13117474,0.52008563,0.61266565,0.5804693
1783532929.5352,15,right_handMidStart_joint,-0.2355899,-0.016215963,0.22598775,0.17201415,0.47977626,0.60222846,0.61444813
1783532929.5352,15,right_handMid_1_joint,-0.22147162,-0.0850202,0.2550569,0.17201415,0.47977626,0.60222846,0.61444813
1783532929.5352,15,right_handMid_2_joint,-0.21155101,-0.13336845,0.27548409,0.17201415,0.47977626,0.60222846,0.61444813
1783532929.5352,15,right_handMid_3_joint,-0.20582737,-0.16126186,0.28726885,0.17201415,0.47977626,0.60222846,0.61444813
1783532929.5352,15,right_handMidEnd_joint,-0.20201188,-0.17985709,0.29512548,0.17201415,0.47977626,0.60222846,0.61444813
1783532929.5352,15,right_handPinkyStart_joint,-0.2559508,-0.026348611,0.21012054,0.24829002,0.4045019,0.6036718,0.6405547
1783532929.5352,15,right_handPinky_1_joint,-0.25238955,-0.08821332,0.2239916,0.24829002,0.4045019,0.6036718,0.6405547
1783532929.5352,15,right_handPinky_2_joint,-0.25019014,-0.12642457,0.2325597,0.24829002,0.4045019,0.6036718,0.6405547
1783532929.5352,15,right_handPinky_3_joint,-0.2490377,-0.1464397,0.23704699,0.24829002,0.4045019,0.6036718,0.6405547
1783532929.5352,15,right_handPinkyEnd_joint,-0.24799035,-0.16463512,0.24112661,0.24829002,0.4045019,0.6036718,0.6405547
1783532929.5352,15,right_handRingStart_joint,-0.24489146,-0.021399988,0.21872762,0.2110662,0.44334495,0.6034575,0.6282795
1783532929.5352,15,right_handRing_1_joint,-0.23640947,-0.0874394,0.23984735,0.2110662,0.44334495,0.6034575,0.6282795
1783532929.5352,15,right_handRing_2_joint,-0.2304221,-0.13405506,0.25475505,0.2110662,0.44334495,0.6034575,0.6282795
1783532929.5352,15,right_handRing_3_joint,-0.22668022,-0.16319023,0.26407292,0.2110662,0.44334495,0.6034575,0.6282795
1783532929.5352,15,right_handRingEnd_joint,-0.22418502,-0.18261419,0.27028418,0.2110662,0.44334495,0.6034575,0.6282795
1783532929.5352,15,right_handThumbStart_joint,-0.21787326,-0.010113956,0.22296159,0.24878706,0.93505657,0.11683858,0.22388107
1783532929.5352,15,right_handThumb_1_joint,-0.17620818,-0.037908543,0.24232033,0.24878706,0.93505657,0.11683858,0.22388107
1783532929.5352,15,right_handThumb_2_joint,-0.14642613,-0.057773463,0.2561587,0.24878706,0.93505657,0.11683857,0.22388107
1783532929.5352,15,right_handThumbEnd_joint,-0.12657142,-0.07101703,0.26538354,0.24878706,0.93505657,0.11683854,0.22388107
1783532929.5352,15,camera,0.11188892,0.06370538,-0.04935173,-0.08557056,-0.08631436,-0.6998687,0.7038546
1783532929.5683,16,root,-9.9504534e-05,0.021272752,-0.0036151654,-0.05909367,-0.0036712082,-0.0050879307,0.9982328
1783532929.5683,16,hips_joint,-9.9504534e-05,0.021272752,-0.0036151654,-0.05909367,-0.0036712082,-0.0050879307,0.9982328
1783532929.5683,16,left_upLeg_joint,0.10016156,-0.0043945075,0.0010798507,0.6134182,-0.37091264,0.594233,-0.36473176
1783532929.5683,16,left_leg_joint,0.10800339,-0.37855116,0.19413757,-0.25328666,0.66877586,-0.3090892,0.62693614
1783532929.5683,16,left_foot_joint,0.0688606,-0.71071225,-0.11773792,0.6118131,-0.3702687,0.6299413,-0.30291903
1783532929.5683,16,left_toes_joint,0.058748778,-0.8351111,-0.036293544,0.67090267,-0.24759708,0.67593664,-0.17803179
1783532929.5683,16,left_toesEnd_joint,0.056541756,-0.86986357,0.013375926,0.6709028,-0.2475969,0.67593664,-0.17803198
1783532929.5683,16,right_upLeg_joint,-0.10090256,-0.0024344253,-0.00051493914,0.35278097,0.5816301,0.4108015,0.6070374
1783532929.5683,16,right_leg_joint,-0.09496403,-0.38525856,0.17478473,0.5989783,0.32443875,0.6675192,0.30063716
1783532929.5683,16,right_foot_joint,-0.048461873,-0.7465425,-0.10169473,0.27144477,0.62478197,0.34007895,0.6483145
1783532929.5683,16,right_toes_joint,-0.046671685,-0.86280864,-0.0084776115,0.14810655,0.6649055,0.21103558,0.7010202
1783532929.5683,16,right_toesEnd_joint,-0.04829308,-0.8927039,0.04427903,0.14810702,0.6649056,0.2110351,0.70102006
1783532929.5683,16,spine_1_joint,-9.95243e-05,0.021272752,-0.0036151656,0.46202242,0.53340185,0.46686104,0.53297144
1783532929.5683,16,spine_2_joint,-0.00038461568,0.07828086,-0.011509998,0.46843928,0.5287904,0.47526357,0.5244711
1783532929.5683,16,spine_3_joint,-0.0010170925,0.13548476,-0.017806645,0.4908834,0.5050935,0.5009135,0.50299096
1783532929.5683,16,spine_4_joint,-0.0016573131,0.18852802,-0.018673275,0.5251901,0.46610045,0.5360826,0.46855238
1783532929.5683,16,spine_5_joint,-0.0023087156,0.25845155,-0.009994701,0.56924057,0.40829214,0.57981646,0.41602385
1783532929.5683,16,spine_6_joint,-0.0028575931,0.3471669,0.020592365,0.5790048,0.38948596,0.59584564,0.39751986
1783532929.5683,16,spine_7_joint,-0.004311508,0.4459193,0.061994523,0.56111604,0.4130915,0.5831637,0.41764116
1783532929.5683,16,left_shoulder_1_joint,0.08273657,0.55539423,0.09429748,-0.6071923,0.008972763,-0.14753924,0.780685
1783532929.5683,16,left_arm_joint,0.22144812,0.5203996,0.11825385,-0.3541565,0.3003948,-0.5493386,0.6946677
1783532929.5683,16,left_forearm_joint,0.2788959,0.26079974,0.110740915,-0.40716088,0.18125059,-0.7274765,0.5216761
1783532929.5683,16,left_hand_joint,0.24562792,0.017855072,0.21881118,0.639126,-0.5825604,0.47190827,-0.17159218
1783532929.5683,16,left_handIndexStart_joint,0.22907265,0.0010254073,0.23711933,0.6069623,-0.59283596,0.512087,-0.13382584
1783532929.5683,16,left_handIndex_1_joint,0.21081205,-0.06777816,0.2743,0.6069623,-0.59283596,0.512087,-0.13382584
1783532929.5683,16,left_handIndex_2_joint,0.20019542,-0.10778025,0.29591668,0.6069623,-0.59283596,0.512087,-0.13382584
1783532929.5683,16,left_handIndex_3_joint,0.1942501,-0.1301814,0.30802202,0.6069623,-0.59283596,0.512087,-0.13382584
1783532929.5683,16,left_handIndexEnd_joint,0.19000345,-0.14618224,0.3166687,0.6069623,-0.59283596,0.512087,-0.13382584
1783532929.5683,16,left_handMidStart_joint,0.23900008,-0.0048188353,0.23158157,0.64033425,-0.58225566,0.47000992,-0.17332372
1783532929.5683,16,left_handMid_1_joint,0.2298888,-0.07388627,0.26199433,0.64033425,-0.58225566,0.47000992,-0.17332372
1783532929.5683,16,left_handMid_2_joint,0.22348626,-0.12242014,0.28336543,0.64033425,-0.58225566,0.47000992,-0.17332372
1783532929.5683,16,left_handMid_3_joint,0.2197925,-0.15042044,0.29569492,0.64033425,-0.58225566,0.47000992,-0.17332372
1783532929.5683,16,left_handMidEnd_joint,0.21732998,-0.1690873,0.30391458,0.64033425,-0.58225566,0.47000992,-0.17332372
1783532929.5683,16,left_handPinkyStart_joint,0.25948575,-0.013954152,0.21527557,0.6659612,-0.5845465,0.39211816,-0.24707174
1783532929.5683,16,left_handPinky_1_joint,0.26006344,-0.07569864,0.23009813,0.6659612,-0.5845465,0.39211816,-0.24707174
1783532929.5683,16,left_handPinky_2_joint,0.26042026,-0.11383493,0.23925322,0.6659612,-0.5845465,0.39211816,-0.24707174
1783532929.5683,16,left_handPinky_3_joint,0.26060715,-0.13381109,0.24404876,0.6659612,-0.5845465,0.39211816,-0.24707174
1783532929.5683,16,left_handPinkyEnd_joint,0.26077706,-0.15197124,0.24840833,0.6659612,-0.5845465,0.39211816,-0.24707174
1783532929.5683,16,left_handRingStart_joint,0.24839191,-0.009545924,0.22412843,0.65396446,-0.5838888,0.43223423,-0.21113478
1783532929.5683,16,left_handRing_1_joint,0.24451478,-0.075639725,0.24639522,0.65396446,-0.5838888,0.43223423,-0.21113478
1783532929.5683,16,left_handRing_2_joint,0.24177799,-0.12229417,0.26211295,0.65396446,-0.5838888,0.43223423,-0.21113478
1783532929.5683,16,left_handRing_3_joint,0.2400675,-0.15145321,0.27193654,0.65396446,-0.5838888,0.43223423,-0.21113478
1783532929.5683,16,left_handRingEnd_joint,0.23892717,-0.17089257,0.2784856,0.65396446,-0.5838888,0.43223423,-0.21113478
1783532929.5683,16,left_handThumbStart_joint,0.22086896,0.00016021848,0.22898276,0.24237819,-0.106676035,0.924686,-0.2735487
1783532929.5683,16,left_handThumb_1_joint,0.18151939,-0.029783564,0.249917,0.24237819,-0.106676035,0.924686,-0.2735487
1783532929.5683,16,left_handThumb_2_joint,0.15339197,-0.051184993,0.2648812,0.24237818,-0.10667602,0.924686,-0.2735487
1783532929.5683,16,left_handThumbEnd_joint,0.13464035,-0.06545262,0.2748573,0.24237818,-0.10667599,0.924686,-0.2735487
1783532929.5683,16,neck_1_joint,-0.0070181596,0.57540536,0.09709624,0.60449874,0.34716037,0.624963,0.35140046
1783532929.5683,16,neck_2_joint,-0.007684101,0.6011735,0.11244406,0.5979213,0.35863993,0.6169925,0.36494902
1783532929.5683,16,neck_3_joint,-0.008428286,0.6363423,0.13148627,0.5823463,0.38122708,0.6055487,0.38581023
1783532929.5683,16,neck_4_joint,-0.009390147,0.67279285,0.14793089,0.56588435,0.4031397,0.5942242,0.4051551
1783532929.5683,16,head_joint,-0.010819667,0.7160721,0.16446784,0.5098154,0.4700684,0.54575384,0.47040036
1783532929.5683,16,jaw_joint,-0.010049835,0.690676,0.16657577,0.5098154,0.4700684,0.54575384,0.47040036
1783532929.5683,16,chin_joint,-0.011583615,0.62948704,0.26013625,0.5098154,0.4700684,0.54575384,0.47040036
1783532929.5683,16,left_eye_joint,0.017241469,0.739521,0.25540283,0.5138955,0.46560425,0.5498356,0.46562278
1783532929.5683,16,left_eyeLowerLid_joint,0.017241469,0.739521,0.25540283,0.5138955,0.46560425,0.5498356,0.46562278
1783532929.5683,16,left_eyeUpperLid_joint,0.017241469,0.739521,0.25540283,0.5138955,0.46560425,0.5498356,0.46562278
1783532929.5683,16,left_eyeball_joint,0.017241469,0.739521,0.25540283,0.5138955,0.46560425,0.5498356,0.46562278
1783532929.5683,16,nose_joint,-0.014576095,0.7033651,0.27366683,0.513898,0.46560156,0.54983807,0.46561986
1783532929.5683,16,right_eye_joint,-0.04731001,0.73735905,0.2529307,0.5138955,0.46560425,0.5498356,0.46562278
1783532929.5683,16,right_eyeLowerLid_joint,-0.04731001,0.73735905,0.2529307,0.5138955,0.46560425,0.5498356,0.46562278
1783532929.5683,16,right_eyeUpperLid_joint,-0.04731001,0.73735905,0.2529307,0.5138955,0.46560425,0.5498356,0.46562278
1783532929.5683,16,right_eyeball_joint,-0.04731001,0.73735905,0.2529307,0.5138955,0.46560425,0.5498356,0.46562278
1783532929.5683,16,right_shoulder_1_joint,-0.09590427,0.5530508,0.08911269,0.78182757,0.16136034,0.04728221,0.6003939
1783532929.5683,16,right_arm_joint,-0.23275158,0.50821793,0.10649342,0.6862704,0.55711293,0.2817944,0.37316197
1783532929.5683,16,right_forearm_joint,-0.29138395,0.2488896,0.1142103,0.5075444,0.74599385,0.19057496,0.38674647
1783532929.5683,16,right_hand_joint,-0.24163486,0.0064676856,0.21699594,0.17259316,0.48108634,0.60115016,0.61431736
1783532929.5683,16,right_handIndexStart_joint,-0.22484972,-0.009899567,0.23361795,0.13123675,0.521854,0.6119942,0.5795757
1783532929.5683,16,right_handIndex_1_joint,-0.2012595,-0.077871546,0.26929772,0.13123675,0.521854,0.6119942,0.5795757
1783532929.5683,16,right_handIndex_2_joint,-0.18754384,-0.11739037,0.29004133,0.13123675,0.521854,0.6119942,0.5795757
1783532929.5683,16,right_handIndex_3_joint,-0.17986354,-0.13952112,0.30165854,0.13123675,0.521854,0.6119942,0.5795757
1783532929.5683,16,right_handIndexEnd_joint,-0.1743776,-0.15532851,0.30995646,0.13123675,0.521854,0.6119942,0.5795757
1783532929.5683,16,right_handMidStart_joint,-0.23457582,-0.016276812,0.22831634,0.17203014,0.48160088,0.60155475,0.61367565
1783532929.5683,16,right_handMid_1_joint,-0.22031417,-0.08499636,0.25751552,0.17203014,0.48160088,0.60155475,0.61367565
1783532929.5683,16,right_handMid_2_joint,-0.21029282,-0.13328509,0.2780341,0.17203014,0.48160088,0.60155475,0.61367565
1783532929.5683,16,right_handMid_3_joint,-0.20451103,-0.16114415,0.2898716,0.17203014,0.48160088,0.60155475,0.61367565
1783532929.5683,16,right_handMidEnd_joint,-0.20065679,-0.17971651,0.29776338,0.17203014,0.48160088,0.60155475,0.61367565
1783532929.5683,16,right_handPinkyStart_joint,-0.25498062,-0.026464513,0.21254106,0.24830166,0.40639803,0.6029803,0.64000106
1783532929.5683,16,right_handPinky_1_joint,-0.25133005,-0.08829096,0.2265587,0.24830166,0.40639803,0.6029803,0.64000106
1783532929.5683,16,right_handPinky_2_joint,-0.24907546,-0.12647857,0.23521733,0.24830166,0.40639803,0.6029803,0.64000106
1783532929.5683,16,right_handPinky_3_joint,-0.24789412,-0.14648134,0.23975204,0.24830166,0.40639803,0.6029803,0.64000106
1783532929.5683,16,right_handPinkyEnd_joint,-0.24682052,-0.1646655,0.24387479,0.24830166,0.40639803,0.6029803,0.64000106
1783532929.5683,16,right_handRingStart_joint,-0.2438971,-0.021486014,0.22109962,0.21107945,0.4452076,0.60277224,0.62761545
1783532929.5683,16,right_handRing_1_joint,-0.23529935,-0.087465115,0.24236062,0.21107945,0.4452076,0.60277224,0.62761545
1783532929.5683,16,right_handRing_2_joint,-0.22923028,-0.1340382,0.25736806,0.21107945,0.4452076,0.60277224,0.62761545
1783532929.5683,16,right_handRing_3_joint,-0.22543734,-0.16314673,0.26674825,0.21107945,0.4452076,0.60277224,0.62761545
1783532929.5683,16,right_handRingEnd_joint,-0.22290811,-0.18255296,0.27300104,0.21107945,0.4452076,0.60277224,0.62761545
1783532929.5683,16,right_handThumbStart_joint,-0.21687345,-0.01016998,0.22521728,0.24835488,0.9356551,0.11531972,0.22264488
1783532929.5683,16,right_handThumb_1_joint,-0.17512602,-0.037885305,0.24451213,0.24835488,0.9356551,0.115319714,0.22264488
1783532929.5683,16,right_handThumb_2_joint,-0.14528508,-0.057693567,0.25830486,0.24835488,0.9356551,0.1153197,0.22264488
1783532929.5683,16,right_handThumbEnd_joint,-0.12539111,-0.07089935,0.26749924,0.24835488,0.9356551,0.11531968,0.22264488
1783532929.5683,16,camera,0.11206295,0.06419071,-0.04889476,-0.08533984,-0.085730575,-0.69987255,0.7039501
1783532929.6023,17,root,-0.00012920593,0.02146234,-0.0036023941,-0.061871484,-0.0035088747,-0.005552068,0.9980625
1783532929.6023,17,hips_joint,-0.00012920593,0.02146234,-0.0036023941,-0.061871484,-0.0035088747,-0.005552068,0.9980625
1783532929.6023,17,left_upLeg_joint,0.10010839,-0.0042755315,0.0012058517,0.6154183,-0.36697978,0.5970831,-0.36066306
1783532929.6023,17,left_leg_joint,0.10753462,-0.37584814,0.19920737,-0.25447154,0.6674104,-0.31138608,0.6267745
1783532929.6023,17,left_foot_joint,0.068757035,-0.70968723,-0.11091692,0.6119038,-0.368463,0.6316498,-0.30137524
1783532929.6023,17,left_toes_joint,0.0584004,-0.8336303,-0.02881134,0.6706494,-0.24580695,0.6773215,-0.17619218
1783532929.6023,17,left_toesEnd_joint,0.05607319,-0.86810833,0.021043563,0.67064947,-0.24580674,0.6773215,-0.17619239
1783532929.6023,17,right_upLeg_joint,-0.100954205,-0.0021295643,-0.00034078836,0.3508111,0.5837539,0.40805447,0.6079921
1783532929.6023,17,right_leg_joint,-0.09482555,-0.38353994,0.17800708,0.601404,0.32208225,0.6679328,0.29739156
1783532929.6023,17,right_foot_joint,-0.04921173,-0.74237853,-0.101784855,0.27480757,0.6244228,0.34240592,0.64601463
1783532929.6023,17,right_toes_joint,-0.04708185,-0.8594565,-0.009596643,0.15147647,0.6651902,0.21375635,0.69920295
1783532929.6023,17,right_toesEnd_joint,-0.04851708,-0.88981307,0.04290128,0.15147693,0.6651903,0.21375586,0.6992029
1783532929.6023,17,spine_1_joint,-0.00012922571,0.02146234,-0.0036023944,0.4616382,0.53401744,0.46536192,0.53399813
1783532929.6023,17,spine_2_joint,-0.00032907768,0.07844258,-0.01169841,0.46874738,0.528923,0.47416633,0.52505505
1783532929.6023,17,spine_3_joint,-0.0008577804,0.135638,-0.018080963,0.49174285,0.5048021,0.5001904,0.5031635
1783532929.6023,17,spine_4_joint,-0.0013899688,0.1886827,-0.018933326,0.52643675,0.46541384,0.5356496,0.4683309
1783532929.6023,17,spine_5_joint,-0.0018860797,0.25859225,-0.010132785,0.5706323,0.4073112,0.5795183,0.41549388
1783532929.6023,17,spine_6_joint,-0.0022194555,0.3472269,0.020690452,0.58037925,0.3885797,0.59554225,0.3968567
1783532929.6023,17,spine_7_joint,-0.0034441834,0.44586906,0.062361907,0.56217164,0.41276437,0.58277255,0.417091
1783532929.6023,17,left_shoulder_1_joint,0.0837648,0.55521315,0.09467398,-0.6075013,0.008303614,-0.14708498,0.7805379
1783532929.6023,17,left_arm_joint,0.22251855,0.52044475,0.1187154,-0.3547873,0.29954627,-0.54978067,0.69436264
1783532929.6023,17,left_forearm_joint,0.27997872,0.26083013,0.11183242,-0.40777183,0.17998306,-0.7278571,0.5211071
1783532929.6023,17,left_hand_joint,0.24665937,0.018218689,0.22063327,0.6392714,-0.5817771,0.47297502,-0.17077023
1783532929.6023,17,left_handIndexStart_joint,0.2300947,0.0014450443,0.23898432,0.60703886,-0.5920013,0.5131614,-0.13305682
1783532929.6023,17,left_handIndex_1_joint,0.21181601,-0.06724414,0.2763671,0.60703886,-0.5920013,0.5131614,-0.13305682
1783532929.6023,17,left_handIndex_2_joint,0.20118888,-0.107179716,0.29810128,0.60703886,-0.5920013,0.5131614,-0.13305682
1783532929.6023,17,left_handIndex_3_joint,0.1952377,-0.12954363,0.31027243,0.60703886,-0.5920013,0.5131614,-0.13305682
1783532929.6023,17,left_handIndexEnd_joint,0.19098684,-0.14551786,0.31896612,0.60703886,-0.5920013,0.5131614,-0.13305682
1783532929.6023,17,left_handMidStart_joint,0.24002528,-0.004415946,0.23346993,0.64048284,-0.58147466,0.47107643,-0.1724998
1783532929.6023,17,left_handMid_1_joint,0.23089957,-0.07338958,0.26409057,0.64048284,-0.58147466,0.47107643,-0.1724998
1783532929.6023,17,left_handMid_2_joint,0.22448692,-0.121857546,0.28560778,0.64048284,-0.58147466,0.47107643,-0.1724998
1783532929.6023,17,left_handMid_3_joint,0.22078732,-0.14981982,0.29802153,0.64048284,-0.58147466,0.47107643,-0.1724998
1783532929.6023,17,left_handMidEnd_joint,0.2183209,-0.16846135,0.3062974,0.64048284,-0.58147466,0.47107643,-0.1724998
1783532929.6023,17,left_handPinkyStart_joint,0.26051998,-0.013600881,0.21720317,0.6662443,-0.5838655,0.3931941,-0.24620776
1783532929.6023,17,left_handPinky_1_joint,0.26109144,-0.075299375,0.23221631,0.6662443,-0.5838655,0.3931941,-0.24620776
1783532929.6023,17,left_handPinky_2_joint,0.2614444,-0.11340727,0.24148914,0.6662443,-0.5838655,0.3931941,-0.24620776
1783532929.6023,17,left_handPinky_3_joint,0.26162928,-0.13336855,0.24634634,0.6662443,-0.5838655,0.3931941,-0.24620776
1783532929.6023,17,left_handPinkyEnd_joint,0.26179734,-0.15151517,0.25076196,0.6662443,-0.5838655,0.3931941,-0.24620776
1783532929.6023,17,left_handRingStart_joint,0.24942125,-0.009165709,0.22603644,0.6541815,-0.5831558,0.4333065,-0.21028969
1783532929.6023,17,left_handRing_1_joint,0.24553399,-0.075190686,0.2485048,0.6541815,-0.5831558,0.4333065,-0.21028969
1783532929.6023,17,left_handRing_2_joint,0.24279006,-0.12179655,0.26436484,0.6541815,-0.5831558,0.4333065,-0.21028969
1783532929.6023,17,left_handRing_3_joint,0.24107508,-0.15092522,0.27427733,0.6541815,-0.5831558,0.4333065,-0.21028969
1783532929.6023,17,left_handRingEnd_joint,0.23993179,-0.17034432,0.28088567,0.6541815,-0.5831558,0.4333065,-0.21028969
1783532929.6023,17,left_handThumbStart_joint,0.22189543,0.0005545294,0.23084606,0.24255271,-0.10517364,0.9249105,-0.27321684
1783532929.6023,17,left_handThumb_1_joint,0.18253544,-0.029325757,0.25185135,0.24255271,-0.10517364,0.9249105,-0.27321684
1783532929.6023,17,left_handThumb_2_joint,0.15440057,-0.050681796,0.26686633,0.24255271,-0.105173625,0.9249105,-0.27321684
1783532929.6023,17,left_handThumbEnd_joint,0.135644,-0.06491916,0.2768763,0.24255271,-0.10517359,0.9249105,-0.27321684
1783532929.6023,17,neck_1_joint,-0.005966051,0.57530266,0.09767012,0.6055109,0.34671935,0.6245109,0.3508968
1783532929.6023,17,neck_2_joint,-0.0065797428,0.6010475,0.11305925,0.5989421,0.3582207,0.61654913,0.3644362
1783532929.6023,17,neck_3_joint,-0.007256141,0.63618726,0.13215755,0.58338314,0.38084322,0.60512775,0.38528335
1783532929.6023,17,neck_4_joint,-0.00815384,0.672613,0.14866063,0.566936,0.4027903,0.5938266,0.40461555
1783532929.6023,17,head_joint,-0.009512706,0.71586776,0.16526757,0.51090395,0.46984294,0.5454302,0.46982005
1783532929.6023,17,jaw_joint,-0.008762472,0.69046766,0.16733453,0.51090395,0.46984294,0.5454302,0.46982005
1783532929.6023,17,chin_joint,-0.010179703,0.6291344,0.26080233,0.51090395,0.46984294,0.5454302,0.46982005
1783532929.6023,17,left_eye_joint,0.01873838,0.739149,0.25618687,0.51498216,0.46536937,0.54950684,0.4650454
1783532929.6023,17,left_eyeLowerLid_joint,0.01873838,0.739149,0.25618687,0.51498216,0.46536937,0.54950684,0.4650454
1783532929.6023,17,left_eyeUpperLid_joint,0.01873838,0.739149,0.25618687,0.51498216,0.46536937,0.54950684,0.4650454
1783532929.6023,17,left_eyeball_joint,0.01873838,0.739149,0.25618687,0.51498216,0.46536937,0.54950684,0.4650454
1783532929.6023,17,nose_joint,-0.0130787855,0.70299405,0.27445343,0.51498455,0.4653667,0.54950935,0.4650424
1783532929.6023,17,right_eye_joint,-0.045819562,0.7370505,0.25383094,0.51498216,0.46536937,0.54950684,0.4650454
1783532929.6023,17,right_eyeLowerLid_joint,-0.045819562,0.7370505,0.25383094,0.51498216,0.46536937,0.54950684,0.4650454
1783532929.6023,17,right_eyeUpperLid_joint,-0.045819562,0.7370505,0.25383094,0.51498216,0.46536937,0.54950684,0.4650454
1783532929.6023,17,right_eyeball_joint,-0.045819562,0.7370505,0.25383094,0.51498216,0.46536937,0.54950684,0.4650454
1783532929.6023,17,right_shoulder_1_joint,-0.09488746,0.5530427,0.089816436,0.78186053,0.16200736,0.045967754,0.600279
1783532929.6023,17,right_arm_joint,-0.23170963,0.50829196,0.10760215,0.68678313,0.5573664,0.2800526,0.37315184
1783532929.6023,17,right_forearm_joint,-0.29071236,0.24906635,0.115925856,0.508075,0.7462311,0.18868971,0.38651696
1783532929.6023,17,right_hand_joint,-0.24115674,0.006781673,0.21912803,0.17315507,0.4824104,0.5997874,0.61445326
1783532929.6023,17,right_handIndexStart_joint,-0.22435912,-0.009580297,0.23574266,0.1318915,0.5231841,0.61067355,0.57962155
1783532929.6023,17,right_handIndex_1_joint,-0.20080505,-0.07751688,0.27151373,0.1318915,0.5231841,0.61067355,0.57962155
1783532929.6023,17,right_handIndex_2_joint,-0.18711042,-0.11701513,0.29231042,0.1318915,0.5231841,0.61067355,0.57962155
1783532929.6023,17,right_handIndex_3_joint,-0.17944188,-0.13913435,0.30395737,0.1318915,0.5231841,0.61067355,0.57962155
1783532929.6023,17,right_handIndexEnd_joint,-0.17396437,-0.15493351,0.31227654,0.1318915,0.5231841,0.61067355,0.57962155
1783532929.6023,17,right_handMidStart_joint,-0.23411144,-0.015950765,0.23048119,0.17259382,0.48292503,0.6001927,0.61381066
1783532929.6023,17,right_handMid_1_joint,-0.21990448,-0.08463158,0.25979802,0.17259382,0.48292503,0.6001927,0.61381066
1783532929.6023,17,right_handMid_2_joint,-0.20992152,-0.13289309,0.28039926,0.17259382,0.48292503,0.6001927,0.61381066
1783532929.6023,17,right_handMid_3_joint,-0.20416193,-0.16073644,0.29228446,0.17259382,0.48292503,0.6001927,0.61381066
1783532929.6023,17,right_handMidEnd_joint,-0.20032246,-0.17929833,0.30020803,0.17259382,0.48292503,0.6001927,0.61381066
1783532929.6023,17,right_handPinkyStart_joint,-0.25457743,-0.026134763,0.21478292,0.24876511,0.40768543,0.6015772,0.6403229
1783532929.6023,17,right_handPinky_1_joint,-0.2510084,-0.08793634,0.22893071,0.24876511,0.40768543,0.6015772,0.6403229
1783532929.6023,17,right_handPinky_2_joint,-0.2488042,-0.1261086,0.23766975,0.24876511,0.40768543,0.6015772,0.6403229
1783532929.6023,17,right_handPinky_3_joint,-0.24764927,-0.14610331,0.24224657,0.24876511,0.40768543,0.6015772,0.6403229
1783532929.6023,17,right_handPinkyEnd_joint,-0.24659964,-0.16428016,0.2464076,0.24876511,0.40768543,0.6015772,0.6403229
1783532929.6023,17,right_handRingStart_joint,-0.24346174,-0.021158297,0.2233009,0.21159393,0.44651407,0.60138637,0.6278438
1783532929.6023,17,right_handRing_1_joint,-0.2349344,-0.087105684,0.24468835,0.21159393,0.44651407,0.60138637,0.6278438
1783532929.6023,17,right_handRing_2_joint,-0.22891502,-0.13365638,0.25978503,0.21159393,0.44651407,0.60138637,0.6278438
1783532929.6023,17,right_handRing_3_joint,-0.22515313,-0.16275093,0.269221,0.21159393,0.44651407,0.60138637,0.6278438
1783532929.6023,17,right_handRingEnd_joint,-0.22264461,-0.18214782,0.275511,0.21159393,0.44651407,0.60138637,0.6278438
1783532929.6023,17,right_handThumbStart_joint,-0.21640563,-0.00988502,0.22732158,0.24915417,0.93583906,0.11372036,0.22179991
1783532929.6023,17,right_handThumb_1_joint,-0.17466056,-0.037637025,0.24656883,0.24915414,0.93583906,0.11372035,0.22179991
1783532929.6023,17,right_handThumb_2_joint,-0.1448213,-0.057471503,0.26032752,0.24915414,0.93583906,0.113720335,0.22179991
1783532929.6023,17,right_handThumbEnd_joint,-0.124928474,-0.07069477,0.2694992,0.24915415,0.93583906,0.11372031,0.22179991
1783532929.6023,17,camera,0.112149745,0.06465985,-0.048354566,-0.08498788,-0.08547963,-0.69971716,0.7041776
1783532929.6354,18,root,-9.431544e-05,0.02163803,-0.0037229552,-0.06534581,-0.0032828795,-0.005459333,0.9978423
1783532929.6354,18,hips_joint,-9.431544e-05,0.02163803,-0.0037229552,-0.06534581,-0.0032828795,-0.005459333,0.9978423
1783532929.6354,18,left_upLeg_joint,0.100149065,-0.004052863,0.0012141957,0.6190488,-0.36183533,0.5994284,-0.3557237
1783532929.6354,18,left_leg_joint,0.1083697,-0.37228414,0.2053319,-0.25703403,0.6667521,-0.31378278,0.6252324
1783532929.6354,18,left_foot_joint,0.06902495,-0.708464,-0.1021814,0.61351514,-0.36636472,0.63258547,-0.29868335
1783532929.6354,18,left_toes_joint,0.0587753,-0.83177686,-0.01911889,0.6718339,-0.24344124,0.6777301,-0.17337166
1783532929.6354,18,left_toesEnd_joint,0.056521334,-0.8658742,0.031000514,0.67183393,-0.24344106,0.67773,-0.17337187
1783532929.6354,18,right_upLeg_joint,-0.10091456,-0.0019435644,-0.00024679748,0.34801462,0.58593655,0.40412763,0.610119
1783532929.6354,18,right_leg_joint,-0.09532187,-0.38133198,0.18238017,0.6021214,0.32216787,0.6669905,0.29796216
1783532929.6354,18,right_foot_joint,-0.050808057,-0.7405208,-0.09713974,0.27531952,0.6249325,0.34131238,0.64588267
1783532929.6354,18,right_toes_joint,-0.04871124,-0.8575119,-0.0048404597,0.15188251,0.6657878,0.21270761,0.6988662
1783532929.6354,18,right_toesEnd_joint,-0.05010425,-0.88781464,0.047689743,0.15188298,0.66578794,0.21270713,0.69886607
1783532929.6354,18,spine_1_joint,-9.4335206e-05,0.02163803,-0.0037229552,0.46097362,0.5349594,0.46412417,0.53470576
1783532929.6354,18,spine_2_joint,-0.00027768387,0.078589134,-0.012021714,0.46902338,0.5291629,0.47360918,0.52506924
1783532929.6354,18,spine_3_joint,-0.00077485334,0.13578144,-0.018434636,0.49275032,0.5044234,0.50022805,0.50251967
1783532929.6354,18,spine_4_joint,-0.0012704922,0.18882813,-0.019176876,0.52790195,0.46450102,0.53609264,0.46707937
1783532929.6354,18,spine_5_joint,-0.001714194,0.25870147,-0.01009048,0.57221234,0.4060572,0.58007646,0.41376585
1783532929.6354,18,spine_6_joint,-0.0019768549,0.34717494,0.021193106,0.58177483,0.3875597,0.5960699,0.39501455
1783532929.6354,18,spine_7_joint,-0.0031654763,0.44561255,0.06334657,0.5629894,0.4126393,0.583127,0.41561392
1783532929.6354,18,left_shoulder_1_joint,0.08396619,0.55497134,0.09581724,-0.60760695,0.006375164,-0.14677979,0.78053135
1783532929.6354,18,left_arm_joint,0.22275417,0.520612,0.12024605,-0.35457453,0.29753983,-0.5511511,0.6942478
1783532929.6354,18,left_forearm_joint,0.28004906,0.2609372,0.11431865,-0.40690088,0.17797089,-0.72954214,0.5201219
1783532929.6354,18,left_hand_joint,0.24579965,0.018763198,0.22380313,0.63798285,-0.58118427,0.47553173,-0.1705076
1783532929.6354,18,left_handIndexStart_joint,0.2291234,0.0020834578,0.2421387,0.6055882,-0.59139204,0.5156296,-0.1328346
1783532929.6354,18,left_handIndex_1_joint,0.21055266,-0.06644288,0.27967614,0.6055882,-0.59139204,0.5156296,-0.1328346
1783532929.6354,18,left_handIndex_2_joint,0.19975574,-0.106283754,0.30150023,0.6055882,-0.59139204,0.5156296,-0.1328346
1783532929.6354,18,left_handIndex_3_joint,0.19370945,-0.12859467,0.31372172,0.6055882,-0.59139204,0.5156296,-0.1328346
1783532929.6354,18,left_handIndexEnd_joint,0.18939067,-0.14453101,0.32245135,0.6055882,-0.59139204,0.5156296,-0.1328346
1783532929.6354,18,left_handMidStart_joint,0.23906705,-0.0038148593,0.23668808,0.6392017,-0.58088255,0.47363693,-0.1722362
1783532929.6354,18,left_handMid_1_joint,0.22967826,-0.07266586,0.26750457,0.6392017,-0.58088255,0.47363693,-0.1722362
1783532929.6354,18,left_handMid_2_joint,0.22308074,-0.121047646,0.28915942,0.6392017,-0.58088255,0.47363693,-0.1722362
1783532929.6354,18,left_handMid_3_joint,0.21927448,-0.14896022,0.3016526,0.6392017,-0.58088255,0.47363693,-0.1722362
1783532929.6354,18,left_handMidEnd_joint,0.21673697,-0.16756858,0.30998138,0.6392017,-0.58088255,0.47363693,-0.1722362
1783532929.6354,18,left_handPinkyStart_joint,0.2596156,-0.013093634,0.22054297,0.6652581,-0.5832693,0.39588407,-0.2459774
1783532929.6354,18,left_handPinky_1_joint,0.26000586,-0.074741155,0.23576984,0.6652581,-0.5832693,0.39588407,-0.2459774
1783532929.6354,18,left_handPinky_2_joint,0.26024693,-0.11281757,0.24517468,0.6652581,-0.5832693,0.39588407,-0.2459774
1783532929.6354,18,left_handPinky_3_joint,0.26037318,-0.13276236,0.250101,0.6652581,-0.5832693,0.39588407,-0.2459774
1783532929.6354,18,left_handPinkyEnd_joint,0.26048797,-0.15089397,0.2545795,0.6652581,-0.5832693,0.39588407,-0.2459774
1783532929.6354,18,left_handRingStart_joint,0.24848661,-0.008607559,0.22931221,0.65304637,-0.5825583,0.4359352,-0.2100413
1783532929.6354,18,left_handRing_1_joint,0.24437748,-0.07454763,0.25198945,0.65304637,-0.5825583,0.4359352,-0.2100413
1783532929.6354,18,left_handRing_2_joint,0.2414769,-0.12109358,0.2679969,0.65304637,-0.5825583,0.4359352,-0.2100413
1783532929.6354,18,left_handRing_3_joint,0.23966403,-0.1501848,0.27800158,0.65304637,-0.5825583,0.4359352,-0.2100413
1783532929.6354,18,left_handRingEnd_joint,0.23845546,-0.16957892,0.28467137,0.65304637,-0.5825583,0.4359352,-0.2100413
1783532929.6354,18,left_handThumbStart_joint,0.2209582,0.0011801993,0.23396765,0.24089478,-0.10321325,0.9258732,-0.27216864
1783532929.6354,18,left_handThumb_1_joint,0.18145072,-0.028554672,0.25490233,0.24089478,-0.10321325,0.9258732,-0.27216864
1783532929.6354,18,left_handThumb_2_joint,0.15321045,-0.04980677,0.26986682,0.24089476,-0.103213236,0.9258732,-0.27216864
1783532929.6354,18,left_handThumbEnd_joint,0.1343836,-0.06397484,0.27984312,0.24089476,-0.103213206,0.9258732,-0.27216864
1783532929.6354,18,neck_1_joint,-0.0057835984,0.57494444,0.09901896,0.60637623,0.34645197,0.62465405,0.34940904
1783532929.6354,18,neck_2_joint,-0.0063969013,0.6006448,0.114482276,0.5998137,0.35797307,0.61672145,0.3629518
1783532929.6354,18,neck_3_joint,-0.007076113,0.6357294,0.13368157,0.5842627,0.38062206,0.6053566,0.38380712
1783532929.6354,18,neck_4_joint,-0.007982499,0.6721073,0.1502897,0.5678218,0.4025936,0.5941111,0.4031493
1783532929.6354,18,head_joint,-0.009356925,0.71531326,0.16702192,0.5118054,0.46974307,0.5458929,0.46839967
1783532929.6354,18,jaw_joint,-0.008576834,0.68990815,0.16901533,0.5118054,0.46974307,0.5458929,0.46839967
1783532929.6354,18,chin_joint,-0.009766895,0.62830806,0.26231074,0.5118054,0.46974307,0.5458929,0.46839967
1783532929.6354,18,left_eye_joint,0.019029416,0.7383654,0.25795746,0.51588273,0.46526167,0.54995716,0.463621
1783532929.6354,18,left_eyeLowerLid_joint,0.019029416,0.7383654,0.25795746,0.51588273,0.46526167,0.54995716,0.463621
1783532929.6354,18,left_eyeUpperLid_joint,0.019029416,0.7383654,0.25795746,0.51588273,0.46526167,0.54995716,0.463621
1783532929.6354,18,left_eyeball_joint,0.019029416,0.7383654,0.25795746,0.51588273,0.46526167,0.54995716,0.463621
1783532929.6354,18,nose_joint,-0.012718333,0.7021256,0.27617684,0.5158852,0.4652589,0.5499596,0.46361807
1783532929.6354,18,right_eye_joint,-0.045530375,0.7362066,0.25570858,0.51588273,0.46526167,0.54995716,0.463621
1783532929.6354,18,right_eyeLowerLid_joint,-0.045530375,0.7362066,0.25570858,0.51588273,0.46526167,0.54995716,0.463621
1783532929.6354,18,right_eyeUpperLid_joint,-0.045530375,0.7362066,0.25570858,0.51588273,0.46526167,0.54995716,0.463621
1783532929.6354,18,right_eyeball_joint,-0.045530375,0.7362066,0.25570858,0.51588273,0.46526167,0.54995716,0.463621
1783532929.6354,18,right_shoulder_1_joint,-0.094691254,0.5525993,0.091251716,0.7814378,0.16428374,0.04509554,0.6002773
1783532929.6354,18,right_arm_joint,-0.23132099,0.50750434,0.10963713,0.6858476,0.55963016,0.278068,0.372969
1783532929.6354,18,right_forearm_joint,-0.2895679,0.24815126,0.119219184,0.50676733,0.74783653,0.18629351,0.38629314
1783532929.6354,18,right_hand_joint,-0.23920825,0.006472244,0.22344728,0.17224537,0.4851347,0.59883994,0.61348754
1783532929.6354,18,right_handIndexStart_joint,-0.22232257,-0.009776602,0.24008365,0.13105057,0.5258365,0.60966563,0.578472
1783532929.6354,18,right_handIndex_1_joint,-0.19851913,-0.07749196,0.27610826,0.13105057,0.5258365,0.60966563,0.578472
1783532929.6354,18,right_handIndex_2_joint,-0.18467952,-0.11686159,0.29705235,0.13105057,0.5258365,0.60966563,0.578472
1783532929.6354,18,right_handIndex_3_joint,-0.17692979,-0.13890877,0.30878183,0.13105057,0.5258365,0.60966563,0.578472
1783532929.6354,18,right_handIndexEnd_joint,-0.17139427,-0.15465648,0.31715998,0.13105057,0.5258365,0.60966563,0.578472
1783532929.6354,18,right_handMidStart_joint,-0.23208165,-0.016190741,0.23488823,0.17168596,0.48564878,0.59924453,0.61284226
1783532929.6354,18,right_handMid_1_joint,-0.21764655,-0.084699266,0.2644953,0.17168596,0.48564878,0.59924453,0.61284226
1783532929.6354,18,right_handMid_2_joint,-0.20750332,-0.13283971,0.28530052,0.17168596,0.48564878,0.59924453,0.61284226
1783532929.6354,18,right_handMid_3_joint,-0.20165123,-0.16061325,0.29730338,0.17168596,0.48564878,0.59924453,0.61284226
1783532929.6354,18,right_handMidEnd_joint,-0.1977501,-0.17912857,0.30530542,0.17168596,0.48564878,0.59924453,0.61284226
1783532929.6354,18,right_handPinkyStart_joint,-0.25258404,-0.026489569,0.21931285,0.24786177,0.4105287,0.6007059,0.63967454
1783532929.6354,18,right_handPinky_1_joint,-0.24885261,-0.088213556,0.23375452,0.24786177,0.4105287,0.6007059,0.63967454
1783532929.6354,18,right_handPinky_2_joint,-0.2465481,-0.12633789,0.24267505,0.24786177,0.4105287,0.6007059,0.63967454
1783532929.6354,18,right_handPinky_3_joint,-0.24534062,-0.1463075,0.24734692,0.24786177,0.4105287,0.6007059,0.63967454
1783532929.6354,18,right_handPinkyEnd_joint,-0.24424322,-0.16446154,0.2515944,0.24786177,0.4105287,0.6007059,0.63967454
1783532929.6354,18,right_handRingStart_joint,-0.24144761,-0.02145077,0.22776686,0.21068616,0.44930094,0.6004726,0.62703514
1783532929.6354,18,right_handRing_1_joint,-0.23272493,-0.08727558,0.24945113,0.21068616,0.44930094,0.6004726,0.62703514
1783532929.6354,18,right_handRing_2_joint,-0.22656767,-0.13373975,0.26475734,0.21068616,0.44930094,0.6004726,0.62703514
1783532929.6354,18,right_handRing_3_joint,-0.2227196,-0.16278023,0.2743243,0.21068616,0.44930094,0.6004726,0.62703514
1783532929.6354,18,right_handRingEnd_joint,-0.22015361,-0.18214107,0.28070158,0.21068616,0.44930094,0.6004726,0.62703514
1783532929.6354,18,right_handThumbStart_joint,-0.21439818,-0.010108791,0.23163626,0.24795282,0.9367329,0.1111595,0.22066881
1783532929.6354,18,right_handThumb_1_joint,-0.17253518,-0.037689365,0.2508739,0.24795282,0.9367329,0.1111595,0.22066881
1783532929.6354,18,right_handThumb_2_joint,-0.14261167,-0.057401303,0.26462567,0.24795282,0.9367329,0.11115949,0.22066881
1783532929.6354,18,right_handThumbEnd_joint,-0.12266263,-0.07054288,0.27379277,0.24795279,0.9367329,0.111159466,0.22066881
1783532929.6354,18,camera,0.111940466,0.06525062,-0.048116602,-0.084568836,-0.08499536,-0.6997271,0.7042768
1783532929.6685,19,root,-0.00020006126,0.021557914,-0.0039851363,-0.06643475,-0.0037535015,-0.0053701745,0.9977693
1783532929.6685,19,hips_joint,-0.00020006126,0.021557914,-0.0039851363,-0.06643475,-0.0037535015,-0.0053701745,0.9977693
1783532929.6685,19,left_upLeg_joint,0.10004467,-0.004098806,0.0011000398,0.6197249,-0.35981074,0.6008232,-0.35424381
1783532929.6685,19,left_leg_joint,0.108085744,-0.37114856,0.20734215,-0.25902385,0.66522986,-0.3160629,0.6248843
1783532929.6685,19,left_foot_joint,0.06928203,-0.70938444,-0.09797765,0.6141427,-0.3639392,0.63416576,-0.29700318
1783532929.6685,19,left_toes_joint,0.05896368,-0.8321449,-0.014109363,0.67199033,-0.24094078,0.67896324,-0.1714225
1783532929.6685,19,left_toesEnd_joint,0.05665367,-0.8659084,0.036233015,0.6719904,-0.24094057,0.67896324,-0.1714227
1783532929.6685,19,right_upLeg_joint,-0.101018004,-0.0020394563,-0.0005497193,0.34687003,0.5861207,0.40298063,0.61135125
1783532929.6685,19,right_leg_joint,-0.09602308,-0.38074574,0.18350485,0.60088944,0.32367784,0.6662293,0.30050442
1783532929.6685,19,right_foot_joint,-0.051545504,-0.7417431,-0.09368108,0.27341852,0.62536156,0.33914533,0.64741457
1783532929.6685,19,right_toes_joint,-0.049728315,-0.8581527,-0.0006436634,0.14993465,0.66584873,0.21028948,0.6999596
1783532929.6685,19,right_toesEnd_joint,-0.051235564,-0.888122,0.052074287,0.14993514,0.66584885,0.21028903,0.69995946
1783532929.6685,19,spine_1_joint,-0.00020008103,0.021557914,-0.0039851367,0.46057886,0.5349636,0.46417627,0.534997
1783532929.6685,19,spine_2_joint,-0.00038949028,0.07850369,-0.012320427,0.46898675,0.5289385,0.47393295,0.52503633
1783532929.6685,19,spine_3_joint,-0.0008946134,0.1356994,-0.01870231,0.49293888,0.5040518,0.50070316,0.50223464
1783532929.6685,19,spine_4_joint,-0.0014009381,0.18874694,-0.01937464,0.52815324,0.4640854,0.5365538,0.46667865
1783532929.6685,19,spine_5_joint,-0.0018599178,0.2586062,-0.010181326,0.57242286,0.40570122,0.58041173,0.41335315
1783532929.6685,19,spine_6_joint,-0.0021413756,0.34703788,0.021220023,0.58188915,0.38738227,0.5962601,0.3947328
1783532929.6685,19,spine_7_joint,-0.0033490513,0.4454425,0.063449964,0.56296873,0.41276166,0.5830819,0.41558376
1783532929.6685,19,left_shoulder_1_joint,0.083770886,0.5548199,0.09588945,-0.6081307,0.0053558336,-0.14657107,0.7801701
1783532929.6685,19,left_arm_joint,0.2225801,0.520702,0.12053511,-0.35501057,0.29632306,-0.55161154,0.69417924
1783532929.6685,19,left_forearm_joint,0.2799892,0.26103804,0.115282744,-0.4070577,0.17652683,-0.7300771,0.5197402
1783532929.6685,19,left_hand_joint,0.24559566,0.019164333,0.22538394,0.63787854,-0.5803527,0.47682795,-0.17010829
1783532929.6685,19,left_handIndexStart_joint,0.2288925,0.0025334752,0.24373941,0.60540074,-0.5905366,0.5169167,-0.13249068
1783532929.6685,19,left_handIndex_1_joint,0.21027069,-0.06589078,0.28143737,0.60540074,-0.5905366,0.5169167,-0.13249068
1783532929.6685,19,left_handIndex_2_joint,0.19944404,-0.10567232,0.3033548,0.60540074,-0.5905366,0.5169167,-0.13249068
1783532929.6685,19,left_handIndex_3_joint,0.19338112,-0.12794998,0.31562853,0.60540074,-0.5905366,0.5169167,-0.13249068
1783532929.6685,19,left_handIndexEnd_joint,0.18905047,-0.14386259,0.3243955,0.60540074,-0.5905366,0.5169167,-0.13249068
1783532929.6685,19,left_handMidStart_joint,0.23884542,-0.0033787298,0.2383208,0.63910127,-0.5800524,0.4749336,-0.17183489
1783532929.6685,19,left_handMid_1_joint,0.22941616,-0.07214517,0.2693132,0.63910127,-0.5800524,0.4749336,-0.17183489
1783532929.6685,19,left_handMid_2_joint,0.22279018,-0.12046753,0.29109162,0.63910127,-0.5800524,0.4749336,-0.17183489
1783532929.6685,19,left_handMid_3_joint,0.21896751,-0.14834581,0.3036561,0.63910127,-0.5800524,0.4749336,-0.17183489
1783532929.6685,19,left_handMidEnd_joint,0.21641906,-0.16693135,0.31203243,0.63910127,-0.5800524,0.4749336,-0.17183489
1783532929.6685,19,left_handPinkyStart_joint,0.2594204,-0.012699742,0.2222338,0.66532105,-0.58248734,0.3972004,-0.24553718
1783532929.6685,19,left_handPinky_1_joint,0.25979385,-0.07430477,0.23763207,0.66532105,-0.58248734,0.3972004,-0.24553718
1783532929.6685,19,left_handPinky_2_joint,0.26002452,-0.11235493,0.24714275,0.66532105,-0.58248734,0.3972004,-0.24553718
1783532929.6685,19,left_handPinky_3_joint,0.2601453,-0.13228597,0.25212452,0.66532105,-0.58248734,0.3972004,-0.24553718
1783532929.6685,19,left_handPinkyEnd_joint,0.26025516,-0.1504051,0.25665343,0.66532105,-0.58248734,0.3972004,-0.24553718
1783532929.6685,19,left_handRingStart_joint,0.24827713,-0.008190718,0.23097306,0.65302795,-0.58174974,0.43724295,-0.20961982
1783532929.6685,19,left_handRing_1_joint,0.24413995,-0.07406817,0.25382647,0.65302795,-0.58174974,0.43724295,-0.20961982
1783532929.6685,19,left_handRing_2_joint,0.2412196,-0.12056989,0.2699583,0.65302795,-0.58174974,0.43724295,-0.20961982
1783532929.6685,19,left_handRing_3_joint,0.23939437,-0.14963348,0.28004068,0.65302795,-0.58174974,0.43724295,-0.20961982
1783532929.6685,19,left_handRingEnd_joint,0.23817757,-0.16900921,0.28676227,0.65302795,-0.58174974,0.43724295,-0.20961982
1783532929.6685,19,left_handThumbStart_joint,0.22074032,0.0016066039,0.23555806,0.24054952,-0.10170195,0.92618847,-0.27197006
1783532929.6685,19,left_handThumb_1_joint,0.18120342,-0.028074864,0.2565129,0.24054952,-0.10170195,0.92618847,-0.27197006
1783532929.6685,19,left_handThumb_2_joint,0.1529421,-0.049288787,0.2714918,0.24054952,-0.10170194,0.92618847,-0.27197006
1783532929.6685,19,left_handThumbEnd_joint,0.13410123,-0.06343141,0.28147772,0.2405495,-0.10170191,0.92618847,-0.27197006
1783532929.6685,19,neck_1_joint,-0.0059814216,0.57477975,0.09910164,0.606369,0.34657598,0.62460595,0.34938428
1783532929.6685,19,neck_2_joint,-0.006596272,0.6004825,0.11456085,0.5998039,0.35809693,0.6166739,0.36292624
1783532929.6685,19,neck_3_joint,-0.0072778817,0.6355701,0.1337545,0.58424866,0.38074538,0.60531,0.38377944
1783532929.6685,19,neck_4_joint,-0.008187268,0.6719506,0.15035684,0.5678036,0.40271625,0.5940654,0.4031195
1783532929.6685,19,head_joint,-0.009565708,0.71515906,0.1670822,0.51177305,0.46986246,0.545851,0.4683638
1783532929.6685,19,jaw_joint,-0.008781445,0.68975437,0.16907966,0.51177305,0.46986246,0.545851,0.4683638
1783532929.6685,19,chin_joint,-0.009947832,0.6281694,0.26238528,0.51177305,0.46986246,0.545851,0.4683638
1783532929.6685,19,left_eye_joint,0.01883105,0.73823035,0.25800964,0.5158514,0.46538123,0.54991496,0.46358547
1783532929.6685,19,left_eyeLowerLid_joint,0.01883105,0.73823035,0.25800964,0.5158514,0.46538123,0.54991496,0.46358547
1783532929.6685,19,left_eyeUpperLid_joint,0.01883105,0.73823035,0.25800964,0.5158514,0.46538123,0.54991496,0.46358547
1783532929.6685,19,left_eyeball_joint,0.01883105,0.73823035,0.25800964,0.5158514,0.46538123,0.54991496,0.46358547
1783532929.6685,19,nose_joint,-0.012908378,0.70198876,0.27623978,0.5158538,0.4653786,0.5499174,0.46358255
1783532929.6685,19,right_eye_joint,-0.045728736,0.73606133,0.25577095,0.5158514,0.46538123,0.54991496,0.46358547
1783532929.6685,19,right_eyeLowerLid_joint,-0.045728736,0.73606133,0.25577095,0.5158514,0.46538123,0.54991496,0.46358547
1783532929.6685,19,right_eyeUpperLid_joint,-0.045728736,0.73606133,0.25577095,0.5158514,0.46538123,0.54991496,0.46358547
1783532929.6685,19,right_eyeball_joint,-0.045728736,0.73606133,0.25577095,0.5158514,0.46538123,0.54991496,0.46358547
1783532929.6685,19,right_shoulder_1_joint,-0.094886854,0.5524198,0.09135165,0.7810469,0.16454576,0.04447711,0.60075986
1783532929.6685,19,right_arm_joint,-0.23150767,0.5073855,0.10995096,0.68548703,0.5602426,0.27711427,0.37342158
1783532929.6685,19,right_forearm_joint,-0.2896713,0.24803887,0.12019059,0.50622964,0.7483273,0.18503626,0.3866519
1783532929.6685,19,right_hand_joint,-0.23916833,0.006666946,0.22505897,0.17160004,0.48628327,0.59813124,0.61345047
1783532929.6685,19,right_handIndexStart_joint,-0.22226419,-0.009531248,0.24172597,0.13045603,0.5269803,0.6089145,0.5783567
1783532929.6685,19,right_handIndex_1_joint,-0.19841434,-0.07713929,0.27792105,0.13045603,0.5269803,0.6089145,0.5783567
1783532929.6685,19,right_handIndex_2_joint,-0.18454774,-0.11644652,0.2989643,0.13045603,0.5269803,0.6089145,0.5783567
1783532929.6685,19,right_handIndex_3_joint,-0.1767829,-0.13845876,0.31074926,0.13045603,0.5269803,0.6089145,0.5783567
1783532929.6685,19,right_handIndexEnd_joint,-0.1712366,-0.15418151,0.31916705,0.13045603,0.5269803,0.6089145,0.5783567
1783532929.6685,19,right_handMidStart_joint,-0.23202679,-0.015962038,0.23655775,0.17104168,0.4867976,0.59853524,0.6128041
1783532929.6685,19,right_handMid_1_joint,-0.217551,-0.08438332,0.2663462,0.17104168,0.4867976,0.59853524,0.6128041
1783532929.6685,19,right_handMid_2_joint,-0.20737915,-0.13246246,0.28727883,0.17104168,0.4867976,0.59853524,0.6128041
1783532929.6685,19,right_handMid_3_joint,-0.20151056,-0.16020061,0.2993552,0.17104168,0.4867976,0.59853524,0.6128041
1783532929.6685,19,right_handMidEnd_joint,-0.19759846,-0.17869236,0.30740625,0.17104168,0.4867976,0.59853524,0.6128041
1783532929.6685,19,right_handPinkyStart_joint,-0.25254136,-0.0263091,0.2210305,0.24718733,0.4116994,0.60007113,0.63977885
1783532929.6685,19,right_handPinky_1_joint,-0.24878448,-0.08799105,0.23564409,0.24718733,0.4116994,0.60007113,0.63977885
1783532929.6685,19,right_handPinky_2_joint,-0.24646425,-0.12608942,0.24467082,0.24718733,0.4116994,0.60007113,0.63977885
1783532929.6685,19,right_handPinky_3_joint,-0.24524853,-0.14604543,0.24939834,0.24718733,0.4116994,0.60007113,0.63977885
1783532929.6685,19,right_handPinkyEnd_joint,-0.24414365,-0.1641871,0.25369638,0.24718733,0.4116994,0.60007113,0.63977885
1783532929.6685,19,right_handRingStart_joint,-0.2413982,-0.021244118,0.22945993,0.21002585,0.45046186,0.5997985,0.6270689
1783532929.6685,19,right_handRing_1_joint,-0.23264262,-0.08700531,0.2513232,0.21002585,0.45046186,0.5997985,0.6270689
1783532929.6685,19,right_handRing_2_joint,-0.22646216,-0.13342458,0.26675576,0.21002585,0.45046186,0.5997985,0.6270689
1783532929.6685,19,right_handRing_3_joint,-0.22259957,-0.16243698,0.27640167,0.21002585,0.45046186,0.5997985,0.6270689
1783532929.6685,19,right_handRingEnd_joint,-0.22002392,-0.18177912,0.2828316,0.21002585,0.45046186,0.5997985,0.6270689
1783532929.6685,19,right_handThumbStart_joint,-0.21434745,-0.009885899,0.23327228,0.24759778,0.93701535,0.10973623,0.22058073
1783532929.6685,19,right_handThumb_1_joint,-0.17246139,-0.037403505,0.25254983,0.24759778,0.93701535,0.10973623,0.22058073
1783532929.6685,19,right_handThumb_2_joint,-0.14252137,-0.057070434,0.26633015,0.24759778,0.93701535,0.10973621,0.22058073
1783532929.6685,19,right_handThumbEnd_joint,-0.12256136,-0.07018201,0.27551627,0.24759778,0.93701535,0.10973619,0.22058073
1783532929.6685,19,camera,0.11183453,0.06533147,-0.047577005,-0.083903745,-0.08397635,-0.6997805,0.7044256
1783532929.7017,20,root,-0.00026896174,0.021460125,-0.004272316,-0.06618195,-0.004316724,-0.005383162,0.9977837
1783532929.7017,20,hips_joint,-0.00026896174,0.021460125,-0.004272316,-0.06618195,-0.004316724,-0.005383162,0.9977837
1783532929.7017,20,left_upLeg_joint,0.09997128,-0.0041940543,0.0009131205,0.61927706,-0.35930732,0.60147303,-0.35443518
1783532929.7017,20,left_leg_joint,0.10765927,-0.3711363,0.20735976,-0.2615116,0.66326445,-0.31864452,0.6246261
1783532929.7017,20,left_foot_joint,0.06974484,-0.7118161,-0.09534351,0.61488914,-0.3608579,0.6360388,-0.29520786
1783532929.7017,20,left_toes_joint,0.05938301,-0.8339182,-0.01052495,0.6721391,-0.2377738,0.6804621,-0.16930465
1783532929.7017,20,left_toesEnd_joint,0.057009738,-0.8672841,0.04007887,0.6721392,-0.23777364,0.68046206,-0.16930489
1783532929.7017,20,right_upLeg_joint,-0.101089515,-0.002144072,-0.00096246094,0.34688085,0.58503854,0.40277213,0.61251783
1783532929.7017,20,right_leg_joint,-0.097303465,-0.38082793,0.18316694,0.59871215,0.3255656,0.6653836,0.30465606
1783532929.7017,20,right_foot_joint,-0.052734986,-0.7445085,-0.09047405,0.27054033,0.6255048,0.3359193,0.65016127
1783532929.7017,20,right_toes_joint,-0.05151349,-0.8600457,0.0036541843,0.1470815,0.6654439,0.20660137,0.702045
1783532929.7017,20,right_toesEnd_joint,-0.05327266,-0.8895164,0.05664472,0.14708196,0.66544396,0.20660087,0.70204496
1783532929.7017,20,spine_1_joint,-0.0002689815,0.021460125,-0.004272316,0.46066996,0.53453064,0.46485075,0.53476554
1783532929.7017,20,spine_2_joint,-0.00047722107,0.0784177,-0.01252607,0.4691896,0.5285507,0.47472626,0.52452904
1783532929.7017,20,spine_3_joint,-0.0010217548,0.13562503,-0.018799748,0.49315187,0.5037758,0.5014526,0.5015547
1783532929.7017,20,spine_4_joint,-0.0015782428,0.18867329,-0.0193705,0.52830404,0.46401954,0.53712946,0.46591145
1783532929.7017,20,spine_5_joint,-0.0021158003,0.2585176,-0.010068363,0.572451,0.405995,0.58068174,0.41264665
1783532929.7017,20,spine_6_joint,-0.0025003313,0.34692654,0.021395978,0.5818297,0.38803464,0.596249,0.39419663
1783532929.7017,20,spine_7_joint,-0.0038125585,0.4453382,0.063606426,0.5628245,0.41374564,0.58280724,0.41518623
1783532929.7017,20,left_shoulder_1_joint,0.083188914,0.55487674,0.0958193,-0.60874176,0.0044258824,-0.14543703,0.7799119
1783532929.7017,20,left_arm_joint,0.22209685,0.52118975,0.12050148,-0.35542578,0.29578048,-0.5517404,0.6940963
1783532929.7017,20,left_forearm_joint,0.27960128,0.26153967,0.11560868,-0.40712005,0.17584594,-0.73060644,0.5191789
1783532929.7017,20,left_hand_joint,0.24492209,0.01988098,0.22609222,0.63759035,-0.5801276,0.47766048,-0.16962278
1783532929.7017,20,left_handIndexStart_joint,0.22819012,0.0032946335,0.24446177,0.6050595,-0.5902805,0.51772916,-0.13202123
1783532929.7017,20,left_handIndex_1_joint,0.20948194,-0.065050595,0.28226033,0.6050595,-0.5902805,0.51772916,-0.13202123
1783532929.7017,20,left_handIndex_2_joint,0.19860508,-0.104786195,0.30423623,0.6050595,-0.5902805,0.51772916,-0.13202123
1783532929.7017,20,left_handIndex_3_joint,0.19251403,-0.12703814,0.31654274,0.6050595,-0.5902805,0.51772916,-0.13202123
1783532929.7017,20,left_handIndexEnd_joint,0.1881633,-0.14293237,0.3253331,0.6050595,-0.5902805,0.51772916,-0.13202123
1783532929.7017,20,left_handMidStart_joint,0.23814294,-0.0026346801,0.2390617,0.63881546,-0.5798285,0.47576696,-0.1713489
1783532929.7017,20,left_handMid_1_joint,0.22863272,-0.0713408,0.27016306,0.63881546,-0.5798285,0.47576696,-0.1713489
1783532929.7017,20,left_handMid_2_joint,0.22194986,-0.11962077,0.29201812,0.63881546,-0.5798285,0.47576696,-0.1713489
1783532929.7017,20,left_handMid_3_joint,0.21809436,-0.1474746,0.30462676,0.63881546,-0.5798285,0.47576696,-0.1713489
1783532929.7017,20,left_handMidEnd_joint,0.21552403,-0.16604382,0.31303254,0.63881546,-0.5798285,0.47576696,-0.1713489
1783532929.7017,20,left_handPinkyStart_joint,0.25872418,-0.011999383,0.22300808,0.6651301,-0.58230877,0.39807627,-0.24506079
1783532929.7017,20,left_handPinky_1_joint,0.2590356,-0.07357841,0.2385115,0.6651301,-0.58230877,0.39807627,-0.24506079
1783532929.7017,20,left_handPinky_2_joint,0.25922793,-0.11161253,0.24808714,0.6651301,-0.58230877,0.39807627,-0.24506079
1783532929.7017,20,left_handPinky_3_joint,0.2593287,-0.13153516,0.25310296,0.6651301,-0.58230877,0.39807627,-0.24506079
1783532929.7017,20,left_handPinkyEnd_joint,0.25942028,-0.14964662,0.25766277,0.6651301,-0.58230877,0.39807627,-0.24506079
1783532929.7017,20,left_handRingStart_joint,0.24757706,-0.0074666524,0.23173016,0.6527897,-0.5815475,0.43809873,-0.20913768
1783532929.7017,20,left_handRing_1_joint,0.24336812,-0.073301844,0.25469217,0.6527897,-0.5815475,0.43809873,-0.20913768
1783532929.7017,20,left_handRing_2_joint,0.24039713,-0.119773746,0.27090064,0.6527897,-0.5815475,0.43809873,-0.20913768
1783532929.7017,20,left_handRing_3_joint,0.23854025,-0.14881869,0.28103092,0.6527897,-0.5815475,0.43809873,-0.20913768
1783532929.7017,20,left_handRingEnd_joint,0.23730232,-0.16818197,0.28778443,0.6527897,-0.5815475,0.43809873,-0.20913768
1783532929.7017,20,left_handThumbStart_joint,0.22004414,0.0023602832,0.23627509,0.24034728,-0.10089341,0.9264848,-0.27144122
1783532929.7017,20,left_handThumb_1_joint,0.18046583,-0.027254142,0.25724682,0.24034728,-0.10089341,0.9264848,-0.27144122
1783532929.7017,20,left_handThumb_2_joint,0.15217492,-0.048420142,0.27223778,0.24034728,-0.10089339,0.9264848,-0.27144122
1783532929.7017,20,left_handThumbEnd_joint,0.13331433,-0.06253081,0.28223178,0.24034728,-0.10089336,0.9264848,-0.27144122
1783532929.7017,20,neck_1_joint,-0.006588342,0.5747088,0.099126235,0.60633457,0.34757084,0.6242896,0.34902173
1783532929.7017,20,neck_2_joint,-0.007220926,0.6004269,0.114559345,0.5997488,0.35909158,0.6163656,0.3625586
1783532929.7017,20,neck_3_joint,-0.007929201,0.6355336,0.13371716,0.58415884,0.38173616,0.6050151,0.3833974
1783532929.7017,20,neck_4_joint,-0.008870468,0.67193,0.15028262,0.5676805,0.40370157,0.59378374,0.40272298
1783532929.7017,20,head_joint,-0.010290632,0.7151539,0.16696459,0.51153547,0.47082353,0.545618,0.4679299
1783532929.7017,20,jaw_joint,-0.009466622,0.68975246,0.16898757,0.51153547,0.47082353,0.545618,0.4679299
1783532929.7017,20,chin_joint,-0.010422861,0.6282636,0.262359,0.51153547,0.47082353,0.545618,0.4679299
1783532929.7017,20,left_eye_joint,0.018189276,0.7383619,0.25783122,0.5156223,0.46634442,0.54967815,0.46315372
1783532929.7017,20,left_eyeLowerLid_joint,0.018189276,0.7383619,0.25783122,0.5156223,0.46634442,0.54967815,0.46315372
1783532929.7017,20,left_eyeUpperLid_joint,0.018189276,0.7383619,0.25783122,0.5156223,0.46634442,0.54967815,0.46315372
1783532929.7017,20,left_eyeball_joint,0.018189276,0.7383619,0.25783122,0.5156223,0.46634442,0.54967815,0.46315372
1783532929.7017,20,nose_joint,-0.013473622,0.702093,0.27614012,0.51562464,0.46634164,0.54968065,0.4631507
1783532929.7017,20,right_eye_joint,-0.046370123,0.7360962,0.25567797,0.5156223,0.46634442,0.54967815,0.46315372
1783532929.7017,20,right_eyeLowerLid_joint,-0.046370123,0.7360962,0.25567797,0.5156223,0.46634442,0.54967815,0.46315372
1783532929.7017,20,right_eyeUpperLid_joint,-0.046370123,0.7360962,0.25567797,0.5156223,0.46634442,0.54967815,0.46315372
1783532929.7017,20,right_eyeball_joint,-0.046370123,0.7360962,0.25567797,0.5156223,0.46634442,0.54967815,0.46315372
1783532929.7017,20,right_shoulder_1_joint,-0.095470905,0.5522108,0.091514155,0.7804577,0.1655916,0.0432928,0.60132504
1783532929.7017,20,right_arm_joint,-0.2320217,0.5071672,0.11059863,0.68483746,0.5619083,0.27580798,0.3730781
1783532929.7017,20,right_forearm_joint,-0.28957528,0.2477172,0.121638104,0.5050731,0.7497758,0.18366337,0.3860127
1783532929.7017,20,right_hand_joint,-0.23818052,0.00676445,0.22703613,0.17106105,0.48826644,0.5979066,0.6122438
1783532929.7017,20,right_handIndexStart_joint,-0.2211874,-0.009346242,0.24369746,0.12993507,0.5288767,0.608653,0.57701707
1783532929.7017,20,right_handIndex_1_joint,-0.19706714,-0.076794505,0.28001133,0.12993507,0.5288767,0.608653,0.57701707
1783532929.7017,20,right_handIndex_2_joint,-0.18304332,-0.11600884,0.3011236,0.12993507,0.5288767,0.608653,0.57701707
1783532929.7017,20,right_handIndex_3_joint,-0.17519042,-0.13796906,0.31294727,0.12993507,0.5288767,0.608653,0.57701707
1783532929.7017,20,right_handIndexEnd_joint,-0.16958122,-0.15365466,0.32139266,0.12993507,0.5288767,0.608653,0.57701707
1783532929.7017,20,right_handMidStart_joint,-0.23095031,-0.015814794,0.23857723,0.17050362,0.48877966,0.5983098,0.6115954
1783532929.7017,20,right_handMid_1_joint,-0.21622156,-0.08411668,0.26851532,0.17050362,0.48877966,0.5983098,0.6115954
1783532929.7017,20,right_handMid_2_joint,-0.20587195,-0.13211194,0.2895531,0.17050362,0.48877966,0.5983098,0.6115954
1783532929.7017,20,right_handMid_3_joint,-0.19990082,-0.15980169,0.30169016,0.17050362,0.48877966,0.5983098,0.6115954
1783532929.7017,20,right_handMidEnd_joint,-0.19592033,-0.17826116,0.30978164,0.17050362,0.48877966,0.5983098,0.6115954
1783532929.7017,20,right_handPinkyStart_joint,-0.2514873,-0.026254497,0.22314185,0.24670221,0.41381526,0.5998687,0.63879037
1783532929.7017,20,right_handPinky_1_joint,-0.24753946,-0.087885626,0.23791873,0.24670221,0.41381526,0.5998687,0.63879037
1783532929.7017,20,right_handPinky_2_joint,-0.24510127,-0.12595259,0.24704634,0.24670221,0.41381526,0.5998687,0.63879037
1783532929.7017,20,right_handPinky_3_joint,-0.24382377,-0.14589217,0.25182667,0.24670221,0.41381526,0.5998687,0.63879037
1783532929.7017,20,right_handPinkyEnd_joint,-0.24266273,-0.1640189,0.25617272,0.24670221,0.41381526,0.5998687,0.63879037
1783532929.7017,20,right_handRingStart_joint,-0.24033065,-0.021139205,0.23152296,0.20951246,0.45251384,0.5995824,0.6259692
1783532929.7017,20,right_handRing_1_joint,-0.23135243,-0.0868171,0.25354582,0.20951246,0.45251384,0.5995824,0.6259692
1783532929.7017,20,right_handRing_2_joint,-0.22501479,-0.13317758,0.269091,0.20951246,0.45251384,0.5995824,0.6259692
1783532929.7017,20,right_handRing_3_joint,-0.221054,-0.16215324,0.27880734,0.20951246,0.45251384,0.5995824,0.6259692
1783532929.7017,20,right_handRingEnd_joint,-0.21841285,-0.18147089,0.2852842,0.20951246,0.45251384,0.5995824,0.6259692
1783532929.7017,20,right_handThumbStart_joint,-0.21329555,-0.009706161,0.23522078,0.24633925,0.93779737,0.10829172,0.21937753
1783532929.7017,20,right_handThumb_1_joint,-0.17128585,-0.037069608,0.25444874,0.24633923,0.93779737,0.10829171,0.21937753
1783532929.7017,20,right_handThumb_2_joint,-0.14125746,-0.05662634,0.2681936,0.24633923,0.93779737,0.10829169,0.21937753
1783532929.7017,20,right_handThumbEnd_joint,-0.121238545,-0.06966445,0.2773561,0.24633923,0.93779737,0.10829168,0.21937753
1783532929.7017,20,camera,0.1116994,0.065120205,-0.047344424,-0.08422047,-0.08373578,-0.6996971,0.70449924
1783532929.7351,21,root,-0.00025009256,0.021502769,-0.004196512,-0.0656396,-0.0044126445,-0.005578133,0.99781805
1783532929.7351,21,hips_joint,-0.00025009256,0.021502769,-0.004196512,-0.0656396,-0.0044126445,-0.005578133,0.99781805
1783532929.7351,21,left_upLeg_joint,0.09997947,-0.004194269,0.0009833318,0.61865336,-0.3599033,0.6017397,-0.35446692
1783532929.7351,21,left_leg_joint,0.10703612,-0.371354,0.20706546,-0.26022026,0.66366124,-0.3185656,0.62478405
1783532929.7351,21,left_foot_joint,0.06868613,-0.71134573,-0.096355475,0.6141173,-0.3619666,0.63607407,-0.29538083
1783532929.7351,21,left_toes_joint,0.05807207,-0.8336036,-0.011793013,0.67159146,-0.23900875,0.6805295,-0.16946784
1783532929.7351,21,left_toesEnd_joint,0.05561624,-0.86706924,0.03874098,0.67159146,-0.23900853,0.6805295,-0.16946803
1783532929.7351,21,right_upLeg_joint,-0.10108013,-0.002067561,-0.000934768,0.34807476,0.5841329,0.40332305,0.6123424
1783532929.7351,21,right_leg_joint,-0.09781185,-0.38129878,0.1820747,0.59937024,0.32400832,0.6658033,0.30410472
1783532929.7351,21,right_foot_joint,-0.05365749,-0.74410284,-0.09279421,0.27201876,0.6246848,0.33658975,0.649986
1783532929.7351,21,right_toes_joint,-0.052607182,-0.8599615,0.00094011304,0.14868852,0.66491896,0.20729285,0.7020001
1783532929.7351,21,right_toesEnd_joint,-0.054416355,-0.8896103,0.05382956,0.14868902,0.66491914,0.20729241,0.70199996
1783532929.7351,21,spine_1_joint,-0.00025011232,0.021502769,-0.0041965125,0.4609232,0.5342454,0.46504283,0.53466517
1783532929.7351,21,spine_2_joint,-0.00044382742,0.07846725,-0.01240279,0.46935508,0.5283768,0.474859,0.52443564
1783532929.7351,21,spine_3_joint,-0.0009817283,0.13567817,-0.018644072,0.49321225,0.5037348,0.5015024,0.50148606
1783532929.7351,21,spine_4_joint,-0.0015391606,0.1887265,-0.019203143,0.5282471,0.46415532,0.5370756,0.46590212
1783532929.7351,21,spine_5_joint,-0.0020863407,0.2585729,-0.009917648,0.57228285,0.40636688,0.5805131,0.41275045
1783532929.7351,21,spine_6_joint,-0.0024906413,0.34700766,0.021473683,0.5815729,0.38861936,0.59598213,0.39440238
1783532929.7351,21,spine_7_joint,-0.003831641,0.44547546,0.06355197,0.56250477,0.4144444,0.5824453,0.4154295
1783532929.7351,21,left_shoulder_1_joint,0.08313199,0.55510765,0.09554769,-0.6095155,0.0040815133,-0.14508691,0.779374
1783532929.7351,21,left_arm_joint,0.22207028,0.52158237,0.12027916,-0.35606626,0.29529777,-0.5521305,0.69366264
1783532929.7351,21,left_forearm_joint,0.27949733,0.26190627,0.11589466,-0.4075787,0.17516004,-0.73096925,0.51853853
1783532929.7351,21,left_hand_joint,0.24466263,0.020504054,0.22688815,0.63757145,-0.5797983,0.47836316,-0.16883497
1783532929.7351,21,left_handIndexStart_joint,0.22791883,0.0039667785,0.24529105,0.60499537,-0.5899008,0.5184295,-0.13125673
1783532929.7351,21,left_handIndex_1_joint,0.20916595,-0.06428668,0.2832328,0.60499537,-0.5899008,0.5184295,-0.13125673
1783532929.7351,21,left_handIndex_2_joint,0.19826312,-0.103968926,0.30529195,0.60499537,-0.5899008,0.5184295,-0.13125673
1783532929.7351,21,left_handIndex_3_joint,0.19215754,-0.12619099,0.31764507,0.60499537,-0.5899008,0.5184295,-0.13125673
1783532929.7351,21,left_handIndexEnd_joint,0.1877964,-0.14206389,0.32646877,0.60499537,-0.5899008,0.5184295,-0.13125673
1783532929.7351,21,left_handMidStart_joint,0.23786873,-0.001979909,0.23990472,0.6387986,-0.5795014,0.47646987,-0.17056032
1783532929.7351,21,left_handMid_1_joint,0.22831434,-0.07061397,0.27115116,0.6387986,-0.5795014,0.47646987,-0.17056032
1783532929.7351,21,left_handMid_2_joint,0.22160046,-0.11884332,0.2931081,0.6387986,-0.5795014,0.47646987,-0.17056032
1783532929.7351,21,left_handMid_3_joint,0.21772705,-0.14666793,0.30577555,0.6387986,-0.5795014,0.47646987,-0.17056032
1783532929.7351,21,left_handMidEnd_joint,0.21514478,-0.16521768,0.31422055,0.6387986,-0.5795014,0.47646987,-0.17056032
1783532929.7351,21,left_handPinkyStart_joint,0.2584462,-0.0113909505,0.22387344,0.6651952,-0.582068,0.3988053,-0.24426728
1783532929.7351,21,left_handPinky_1_joint,0.25871938,-0.07293696,0.23950788,0.6651952,-0.582068,0.3988053,-0.24426728
1783532929.7351,21,left_handPinky_2_joint,0.25888813,-0.11095068,0.24916445,0.6651952,-0.582068,0.3988053,-0.24426728
1783532929.7351,21,left_handPinky_3_joint,0.25897652,-0.13086262,0.25422263,0.6651952,-0.582068,0.3988053,-0.24426728
1783532929.7351,21,left_handPinkyEnd_joint,0.25905687,-0.14896439,0.258821,0.6651952,-0.582068,0.3988053,-0.24426728
1783532929.7351,21,left_handRingStart_joint,0.24730076,-0.006833062,0.23258458,0.6528146,-0.5812626,0.43881556,-0.20834547
1783532929.7351,21,left_handRing_1_joint,0.24305026,-0.072616674,0.25568613,0.6528146,-0.5812626,0.43881556,-0.20834547
1783532929.7351,21,left_handRing_2_joint,0.24004993,-0.11905217,0.2719931,0.6528146,-0.5812626,0.43881556,-0.20834547
1783532929.7351,21,left_handRing_3_joint,0.23817472,-0.14807436,0.28218496,0.6528146,-0.5812626,0.43881556,-0.20834547
1783532929.7351,21,left_handRingEnd_joint,0.23692459,-0.16742249,0.28897953,0.6528146,-0.5812626,0.43881556,-0.20834547
1783532929.7351,21,left_handThumbStart_joint,0.21977319,0.003019849,0.23710546,0.24055396,-0.09996358,0.9266853,-0.2709159
1783532929.7351,21,left_handThumb_1_joint,0.1801751,-0.02652637,0.2581357,0.24055396,-0.09996358,0.9266853,-0.2709159
1783532929.7351,21,left_handThumb_2_joint,0.15187004,-0.047643613,0.27316844,0.24055396,-0.09996357,0.9266853,-0.2709159
1783532929.7351,21,left_handThumbEnd_joint,0.133,-0.061721783,0.28319028,0.24055395,-0.09996354,0.9266853,-0.2709159
1783532929.7351,21,neck_1_joint,-0.006653077,0.5749032,0.09885897,0.6060936,0.34830037,0.6239579,0.34930503
1783532929.7351,21,neck_2_joint,-0.007291271,0.60064644,0.11424979,0.5994923,0.35981578,0.61602896,0.3628359
1783532929.7351,21,neck_3_joint,-0.008007995,0.6357844,0.13334984,0.5838776,0.38245165,0.60466784,0.38365987
1783532929.7351,21,neck_4_joint,-0.008959395,0.6722077,0.14985548,0.56737566,0.4044079,0.5934263,0.40296978
1783532929.7351,21,head_joint,-0.010392835,0.71545845,0.16646652,0.51115143,0.47149044,0.5452319,0.46812773
1783532929.7351,21,jaw_joint,-0.009556133,0.69006085,0.16853116,0.51115143,0.47149044,0.5452319,0.46812773
1783532929.7351,21,chin_joint,-0.010445068,0.62872607,0.26200446,0.51115143,0.47149044,0.5452319,0.46812773
1783532929.7351,21,left_eye_joint,0.018113796,0.7388299,0.25728282,0.51524395,0.4670146,0.5492938,0.46335477
1783532929.7351,21,left_eyeLowerLid_joint,0.018113796,0.7388299,0.25728282,0.51524395,0.4670146,0.5492938,0.46335477
1783532929.7351,21,left_eyeUpperLid_joint,0.018113796,0.7388299,0.25728282,0.51524395,0.4670146,0.5492938,0.46335477
1783532929.7351,21,left_eyeball_joint,0.018113796,0.7388299,0.25728282,0.51524395,0.4670146,0.5492938,0.46335477
1783532929.7351,21,nose_joint,-0.013524582,0.70257664,0.27566478,0.5152464,0.46701187,0.54929626,0.46335185
1783532929.7351,21,right_eye_joint,-0.046445392,0.73653054,0.25516006,0.51524395,0.4670146,0.5492938,0.46335477
1783532929.7351,21,right_eyeLowerLid_joint,-0.046445392,0.73653054,0.25516006,0.51524395,0.4670146,0.5492938,0.46335477
1783532929.7351,21,right_eyeUpperLid_joint,-0.046445392,0.73653054,0.25516006,0.51524395,0.4670146,0.5492938,0.46335477
1783532929.7351,21,right_eyeball_joint,-0.046445392,0.73653054,0.25516006,0.51524395,0.4670146,0.5492938,0.46335477
1783532929.7351,21,right_shoulder_1_joint,-0.09552821,0.55235124,0.09132086,0.7798837,0.16607466,0.04301113,0.60195565
1783532929.7351,21,right_arm_joint,-0.2320396,0.5072671,0.110590905,0.6841861,0.56282264,0.27528545,0.37327978
1783532929.7351,21,right_forearm_joint,-0.28919917,0.24775322,0.12215802,0.50414395,0.7505281,0.18298087,0.38608858
1783532929.7351,21,right_hand_joint,-0.23733377,0.0071043014,0.22801803,0.17027335,0.48927772,0.597814,0.6117455
1783532929.7351,21,right_handIndexStart_joint,-0.22030139,-0.00894429,0.24469917,0.12915625,0.5298519,0.60850644,0.5764507
1783532929.7351,21,right_handIndex_1_joint,-0.1960439,-0.076277696,0.28113437,0.12915625,0.5298519,0.60850644,0.5764507
1783532929.7351,21,right_handIndex_2_joint,-0.18194027,-0.11542526,0.3023172,0.12915625,0.5298519,0.60850644,0.5764507
1783532929.7351,21,right_handIndex_3_joint,-0.1740427,-0.13734809,0.31418037,0.12915625,0.5298519,0.60850644,0.5764507
1783532929.7351,21,right_handIndexEnd_joint,-0.16840158,-0.15300697,0.32265398,0.12915625,0.5298519,0.60850644,0.5764507
1783532929.7351,21,right_handMidStart_joint,-0.23005812,-0.015439131,0.23960045,0.16971637,0.48979077,0.59821665,0.611096
1783532929.7351,21,right_handMid_1_joint,-0.21519588,-0.08365452,0.26966938,0.16971637,0.48979077,0.59821665,0.611096
1783532929.7351,21,right_handMid_2_joint,-0.20475248,-0.131589,0.2907991,0.16971637,0.48979077,0.59821665,0.611096
1783532929.7351,21,right_handMid_3_joint,-0.19872722,-0.15924367,0.30298918,0.16971637,0.48979077,0.59821665,0.611096
1783532929.7351,21,right_handMidEnd_joint,-0.19471067,-0.17767976,0.31111604,0.16971637,0.48979077,0.59821665,0.611096
1783532929.7351,21,right_handPinkyStart_joint,-0.25059092,-0.025943922,0.22420374,0.24594691,0.41489998,0.5998446,0.6384
1783532929.7351,21,right_handPinky_1_joint,-0.24653254,-0.08753756,0.23910634,0.24594691,0.41489998,0.5998446,0.6384
1783532929.7351,21,right_handPinky_2_joint,-0.24402611,-0.12558135,0.2483116,0.24594691,0.41489998,0.5998446,0.6384
1783532929.7351,21,right_handPinky_3_joint,-0.24271286,-0.1455088,0.2531326,0.24594691,0.41489998,0.5998446,0.6384
1783532929.7351,21,right_handPinkyEnd_joint,-0.24151932,-0.1636245,0.25751564,0.24594691,0.41489998,0.5998446,0.6384
1783532929.7351,21,right_handRingStart_joint,-0.23943567,-0.020793272,0.232565,0.2087396,0.45356327,0.59952265,0.62552434
1783532929.7351,21,right_handRing_1_joint,-0.2303346,-0.08641043,0.25471792,0.2087396,0.45356327,0.59952265,0.62552434
1783532929.7351,21,right_handRing_2_joint,-0.22391026,-0.13272806,0.27035493,0.2087396,0.45356327,0.59952265,0.62552434
1783532929.7351,21,right_handRing_3_joint,-0.21989524,-0.1616769,0.28012863,0.2087396,0.45356327,0.59952265,0.62552434
1783532929.7351,21,right_handRingEnd_joint,-0.21721798,-0.18097667,0.28664374,0.2087396,0.45356327,0.59952265,0.62552434
1783532929.7351,21,right_handThumbStart_joint,-0.21241587,-0.009309364,0.23621681,0.24540402,0.9381958,0.107384816,0.21916644
1783532929.7351,21,right_handThumb_1_joint,-0.17034693,-0.036565326,0.25546768,0.24540402,0.9381958,0.10738481,0.21916644
1783532929.7351,21,right_handThumb_2_joint,-0.14027618,-0.056045227,0.2692289,0.24540402,0.9381958,0.10738479,0.21916644
1783532929.7351,21,right_handThumbEnd_joint,-0.12022901,-0.06903212,0.2784023,0.24540402,0.9381958,0.10738476,0.21916644
1783532929.7351,21,camera,0.1117071,0.06492581,-0.047063276,-0.08492815,-0.08391071,-0.6995451,0.7045444
1783532929.7695,22,root,-0.000313773,0.021310283,-0.0043585063,-0.06540482,-0.004823619,-0.0058274907,0.9978302
1783532929.7695,22,hips_joint,-0.000313773,0.021310283,-0.0043585063,-0.06540482,-0.004823619,-0.0058274907,0.9978302
1783532929.7695,22,left_upLeg_joint,0.09989998,-0.0044334386,0.0008950373,0.6179688,-0.3596788,0.6026858,-0.35428193
1783532929.7695,22,left_leg_joint,0.10613319,-0.37145737,0.20724575,-0.26171395,0.66202015,-0.3209986,0.6246562
1783532929.7695,22,left_foot_joint,0.06834995,-0.7133157,-0.094142415,0.61428106,-0.35975358,0.6379105,-0.29377994
1783532929.7695,22,left_toes_joint,0.057514608,-0.8350434,-0.008846159,0.67133284,-0.23680478,0.6820292,-0.1675479
1783532929.7695,22,left_toesEnd_joint,0.054938093,-0.8681939,0.041889098,0.67133284,-0.23680457,0.6820292,-0.16754809
1783532929.7695,22,right_upLeg_joint,-0.10115695,-0.002217033,-0.0011940333,0.34899995,0.5825777,0.40372258,0.61303395
1783532929.7695,22,right_leg_joint,-0.099145345,-0.38188738,0.18092096,0.5984638,0.32354632,0.66605556,0.30582508
1783532929.7695,22,right_foot_joint,-0.05495734,-0.7452881,-0.093153395,0.27159005,0.623762,0.33572742,0.6514959
1783532929.7695,22,right_toes_joint,-0.054423235,-0.8609762,0.00079566956,0.14844249,0.66393167,0.20615998,0.7033191
1783532929.7695,22,right_toesEnd_joint,-0.056448407,-0.8905239,0.053733863,0.14844298,0.6639317,0.20615953,0.703319
1783532929.7695,22,spine_1_joint,-0.00031379279,0.021310283,-0.0043585068,0.46097788,0.53392845,0.4652272,0.5347744
1783532929.7695,22,spine_2_joint,-0.00048827703,0.078278504,-0.012539289,0.46942344,0.5281761,0.47502106,0.5244302
1783532929.7695,22,spine_3_joint,-0.0010194784,0.13549222,-0.018755639,0.4932867,0.50365597,0.5016203,0.50137454
1783532929.7695,22,spine_4_joint,-0.0015810161,0.18854074,-0.019294428,0.5283333,0.46421465,0.5370974,0.46572047
1783532929.7695,22,spine_5_joint,-0.0021393448,0.25838494,-0.009992781,0.57237977,0.40665057,0.58035314,0.41256204
1783532929.7695,22,spine_6_joint,-0.0025516849,0.3468247,0.021384383,0.5817042,0.38904426,0.59571946,0.39418715
1783532929.7695,22,spine_7_joint,-0.0038956408,0.44530693,0.06342887,0.56266326,0.41498765,0.5820791,0.4151863
1783532929.7695,22,left_shoulder_1_joint,0.0830575,0.55499595,0.0952577,-0.6098589,0.0041852333,-0.1441346,0.779282
1783532929.7695,22,left_arm_joint,0.22207542,0.5216711,0.119811796,-0.35688484,0.29546925,-0.5514071,0.6937448
1783532929.7695,22,left_forearm_joint,0.27987334,0.26207677,0.115454175,-0.40847567,0.17507787,-0.73023635,0.5188939
1783532929.7695,22,left_hand_joint,0.24562825,0.02067295,0.22662799,0.6385016,-0.57929146,0.47782707,-0.1685792
1783532929.7695,22,left_handIndexStart_joint,0.22894323,0.0041171717,0.24506764,0.6059584,-0.58937913,0.51795506,-0.13103394
1783532929.7695,22,left_handIndex_1_joint,0.21036822,-0.06414822,0.2830755,0.6059584,-0.58937913,0.51795506,-0.13103394
1783532929.7695,22,left_handIndex_2_joint,0.19956878,-0.10383739,0.3051731,0.6059584,-0.58937913,0.51795506,-0.13103394
1783532929.7695,22,left_handIndex_3_joint,0.1935211,-0.12606333,0.31754774,0.6059584,-0.58937913,0.51795506,-0.13103394
1783532929.7695,22,left_handIndexEnd_joint,0.18920133,-0.14193901,0.32638678,0.6059584,-0.58937913,0.51795506,-0.13103394
1783532929.7695,22,left_handMidStart_joint,0.23889382,-0.0018157052,0.23966739,0.63972723,-0.5789956,0.4759314,-0.17030299
1783532929.7695,22,left_handMid_1_joint,0.22950654,-0.07044979,0.27096447,0.63972723,-0.5789956,0.4759314,-0.17030299
1783532929.7695,22,left_handMid_2_joint,0.22291008,-0.11867916,0.29295704,0.63972723,-0.5789956,0.4759314,-0.17030299
1783532929.7695,22,left_handMid_3_joint,0.21910442,-0.14650379,0.30564505,0.63972723,-0.5789956,0.4759314,-0.17030299
1783532929.7695,22,left_handMidEnd_joint,0.21656732,-0.16505353,0.31410372,0.63972723,-0.5789956,0.4759314,-0.17030299
1783532929.7695,22,left_handPinkyStart_joint,0.25945964,-0.011200654,0.22360586,0.66607857,-0.5816225,0.3981838,-0.24393655
1783532929.7695,22,left_handPinky_1_joint,0.25986165,-0.07273827,0.23927072,0.66607857,-0.5816225,0.3981838,-0.24393655
1783532929.7695,22,left_handPinky_2_joint,0.26010993,-0.11074679,0.24894607,0.66607857,-0.5816225,0.3981838,-0.24393655
1783532929.7695,22,left_handPinky_3_joint,0.26024,-0.13065602,0.2540141,0.66607857,-0.5816225,0.3981838,-0.24393655
1783532929.7695,22,left_handPinkyEnd_joint,0.26035824,-0.14875531,0.25862142,0.66607857,-0.5816225,0.3981838,-0.24393655
1783532929.7695,22,left_handRingStart_joint,0.24832147,-0.006656883,0.23233366,0.6537223,-0.58078647,0.43823412,-0.20805179
1783532929.7695,22,left_handRing_1_joint,0.24421953,-0.07243582,0.25547543,0.6537223,-0.58078647,0.43823412,-0.20805179
1783532929.7695,22,left_handRing_2_joint,0.24132404,-0.11886801,0.2718108,0.6537223,-0.58078647,0.43823412,-0.20805179
1783532929.7695,22,left_handRing_3_joint,0.23951435,-0.14788812,0.2820204,0.6537223,-0.58078647,0.43823412,-0.20805179
1783532929.7695,22,left_handRingEnd_joint,0.2383079,-0.16723487,0.2888268,0.6537223,-0.58078647,0.43823412,-0.20805179
1783532929.7695,22,left_handThumbStart_joint,0.22078528,0.0031525765,0.23689638,0.24149229,-0.0997606,0.92628056,-0.2715401
1783532929.7695,22,left_handThumb_1_joint,0.18127204,-0.026448764,0.25800872,0.24149229,-0.0997606,0.92628056,-0.2715401
1783532929.7695,22,left_handThumb_2_joint,0.15302764,-0.04760541,0.27310017,0.24149229,-0.099760585,0.92628056,-0.2715401
1783532929.7695,22,left_handThumbEnd_joint,0.13419805,-0.061709847,0.28316113,0.24149226,-0.099760555,0.92628056,-0.2715401
1783532929.7695,22,neck_1_joint,-0.0067324787,0.5747522,0.09867069,0.6063107,0.3488234,0.62356687,0.34910524
1783532929.7695,22,neck_2_joint,-0.0073632887,0.6005033,0.11404865,0.59969825,0.36034366,0.61564213,0.36262894
1783532929.7695,22,neck_3_joint,-0.008072312,0.63565105,0.13313092,0.5840656,0.38298592,0.6042895,0.38343713
1783532929.7695,22,neck_4_joint,-0.009019836,0.6720827,0.14961842,0.56754655,0.4049474,0.5930568,0.40273154
1783532929.7695,22,head_joint,-0.010452392,0.7153416,0.1662083,0.5112594,0.47204491,0.5448947,0.46784368
1783532929.7695,22,jaw_joint,-0.00960144,0.6899455,0.16828537,0.5112594,0.47204491,0.5448947,0.46784368
1783532929.7695,22,chin_joint,-0.010345421,0.62865996,0.26179224,0.5112594,0.47204491,0.5448947,0.46784368
1783532929.7695,22,left_eye_joint,0.018156929,0.7387745,0.25697652,0.51535684,0.46756816,0.5489542,0.4630737
1783532929.7695,22,left_eyeLowerLid_joint,0.018156929,0.7387745,0.25697652,0.51535684,0.46756816,0.5489542,0.4630737
1783532929.7695,22,left_eyeUpperLid_joint,0.018156929,0.7387745,0.25697652,0.51535684,0.46756816,0.5489542,0.4630737
1783532929.7695,22,left_eyeball_joint,0.018156929,0.7387745,0.25697652,0.51535684,0.46756816,0.5489542,0.4630737
1783532929.7695,22,nose_joint,-0.013441808,0.7025164,0.2754172,0.5153592,0.4675654,0.54895663,0.46307075
1783532929.7695,22,right_eye_joint,-0.046403814,0.7364443,0.25493565,0.51535684,0.46756816,0.5489542,0.4630737
1783532929.7695,22,right_eyeLowerLid_joint,-0.046403814,0.7364443,0.25493565,0.51535684,0.46756816,0.5489542,0.4630737
1783532929.7695,22,right_eyeUpperLid_joint,-0.046403814,0.7364443,0.25493565,0.51535684,0.46756816,0.5489542,0.4630737
1783532929.7695,22,right_eyeball_joint,-0.046403814,0.7364443,0.25493565,0.51535684,0.46756816,0.5489542,0.4630737
1783532929.7695,22,right_shoulder_1_joint,-0.09560663,0.55215544,0.09125564,0.7796764,0.1665382,0.04239363,0.60214037
1783532929.7695,22,right_arm_joint,-0.23208858,0.50708205,0.11075783,0.6840368,0.5633248,0.2748706,0.37310252
1783532929.7695,22,right_forearm_joint,-0.28906882,0.24753845,0.12254433,0.5044664,0.7503592,0.18244417,0.3862502
1783532929.7695,22,right_hand_joint,-0.23744436,0.006900711,0.22854787,0.17043369,0.48946595,0.5972839,0.6120685
1783532929.7695,22,right_handIndexStart_joint,-0.2204253,-0.0091561135,0.2452347,0.1293526,0.5300617,0.6079889,0.57676035
1783532929.7695,22,right_handIndex_1_joint,-0.19623321,-0.07649289,0.28170726,0.1293526,0.5300617,0.6079889,0.57676035
1783532929.7695,22,right_handIndex_2_joint,-0.18216763,-0.11564241,0.30291182,0.1293526,0.5300617,0.6079889,0.57676035
1783532929.7695,22,right_handIndex_3_joint,-0.17429137,-0.13756633,0.31478715,0.1293526,0.5300617,0.6079889,0.57676035
1783532929.7695,22,right_handIndexEnd_joint,-0.16866548,-0.153226,0.32326946,0.1293526,0.5300617,0.6079889,0.57676035
1783532929.7695,22,right_handMidStart_joint,-0.23019078,-0.0156433,0.24014305,0.16987725,0.48997927,0.59768665,0.61141896
1783532929.7695,22,right_handMid_1_joint,-0.21539684,-0.083855644,0.27025262,0.16987725,0.48997927,0.59768665,0.61141896
1783532929.7695,22,right_handMid_2_joint,-0.20500143,-0.13178797,0.2914109,0.16987725,0.48997927,0.59768665,0.61141896
1783532929.7695,22,right_handMid_3_joint,-0.19900386,-0.15944143,0.30361748,0.16987725,0.48997927,0.59768665,0.61141896
1783532929.7695,22,right_handMidEnd_joint,-0.19500577,-0.1778767,0.3117553,0.16987725,0.48997927,0.59768665,0.61141896
1783532929.7695,22,right_handPinkyStart_joint,-0.25073984,-0.026135053,0.22475912,0.24605681,0.41505,0.59931296,0.6387597
1783532929.7695,22,right_handPinky_1_joint,-0.24674667,-0.08772343,0.23970109,0.24605681,0.41505,0.59931296,0.6387597
1783532929.7695,22,right_handPinky_2_joint,-0.24428049,-0.12576398,0.24893066,0.24605681,0.41505,0.59931296,0.6387597
1783532929.7695,22,right_handPinky_3_joint,-0.24298832,-0.14568973,0.25376442,0.24605681,0.41505,0.59931296,0.6387597
1783532929.7695,22,right_handPinkyEnd_joint,-0.24181394,-0.16380388,0.258159,0.24605681,0.41505,0.59931296,0.6387597
1783532929.7695,22,right_handRingStart_joint,-0.23957638,-0.020991491,0.2331138,0.20887546,0.45373228,0.5989909,0.62586606
1783532929.7695,22,right_handRing_1_joint,-0.23054294,-0.08660433,0.2553073,0.20887546,0.45373228,0.5989909,0.62586606
1783532929.7695,22,right_handRing_2_joint,-0.22416633,-0.1329189,0.27097294,0.20887546,0.45373228,0.5989909,0.62586606
1783532929.7695,22,right_handRing_3_joint,-0.22018115,-0.16186585,0.28076455,0.20887546,0.45373228,0.5989909,0.62586606
1783532929.7695,22,right_handRingEnd_joint,-0.21752378,-0.18116434,0.2872916,0.20887546,0.45373228,0.5989909,0.62586606
1783532929.7695,22,right_handThumbStart_joint,-0.21254262,-0.0095356535,0.2367503,0.24587642,0.9381241,0.106917575,0.21917346
1783532929.7695,22,right_handThumb_1_joint,-0.17049888,-0.0368264,0.25600708,0.24587642,0.9381241,0.10691756,0.21917346
1783532929.7695,22,right_handThumb_2_joint,-0.14044614,-0.056331158,0.26977253,0.24587642,0.9381241,0.106917545,0.21917346
1783532929.7695,22,right_handThumbEnd_joint,-0.120410986,-0.06933462,0.27894875,0.24587642,0.9381241,0.10691752,0.21917346
1783532929.7695,22,camera,0.111429416,0.06458651,-0.046735544,-0.08511335,-0.08402075,-0.69949985,0.70455384
1783532929.8017,23,root,-0.00033228958,0.021365628,-0.0043002493,-0.065032884,-0.0050400756,-0.005958281,0.9978526
1783532929.8017,23,hips_joint,-0.00033228958,0.021365628,-0.0043002493,-0.065032884,-0.0050400756,-0.005958281,0.9978526
1783532929.8017,23,left_upLeg_joint,0.09987317,-0.0044049453,0.0009795477,0.61754584,-0.35961634,0.60359704,-0.35353076
1783532929.8017,23,left_leg_joint,0.10521848,-0.37115827,0.20783563,-0.26130894,0.6617936,-0.32222542,0.62443405
1783532929.8017,23,left_foot_joint,0.06698777,-0.7133526,-0.09311435,0.6138225,-0.35982502,0.6387393,-0.29284847
1783532929.8017,23,left_toes_joint,0.05582173,-0.8349395,-0.007660007,0.6708961,-0.23696184,0.68266636,-0.1664762
1783532929.8017,23,left_toesEnd_joint,0.053130686,-0.8680145,0.043118604,0.6708962,-0.23696163,0.68266636,-0.16647643
1783532929.8017,23,right_upLeg_joint,-0.101182275,-0.0021409416,-0.0011989748,0.3507679,0.5809084,0.40504974,0.61273324
1783532929.8017,23,right_leg_joint,-0.09990226,-0.3827683,0.17891389,0.59924996,0.3208387,0.66728306,0.30445877
1783532929.8017,23,right_foot_joint,-0.055813093,-0.74442714,-0.09747049,0.27387878,0.62211543,0.33753628,0.65117735
1783532929.8017,23,right_toes_joint,-0.05552742,-0.8607257,-0.004276924,0.15100181,0.6627487,0.20799643,0.7033492
1783532929.8017,23,right_toesEnd_joint,-0.05765072,-0.8906153,0.04846509,0.15100229,0.6627488,0.20799595,0.70334905
1783532929.8017,23,spine_1_joint,-0.00033230937,0.021365628,-0.0043002497,0.46096176,0.5338952,0.4652728,0.5347818
1783532929.8017,23,spine_2_joint,-0.0005075852,0.078334294,-0.012477883,0.46931455,0.5283982,0.47489506,0.524418
1783532929.8017,23,spine_3_joint,-0.001052014,0.13554512,-0.018719655,0.49314666,0.50410473,0.5013269,0.5013546
1783532929.8017,23,spine_4_joint,-0.0016303267,0.18859297,-0.01930405,0.5282267,0.4648656,0.53664523,0.4657132
1783532929.8017,23,spine_5_joint,-0.0022056785,0.25844815,-0.010086421,0.572392,0.4074606,0.57975614,0.41258508
1783532929.8017,23,spine_6_joint,-0.0026110092,0.3469329,0.021163711,0.5818784,0.38993716,0.59499186,0.3941465
1783532929.8017,23,spine_7_joint,-0.0039170757,0.44547525,0.06306818,0.56309015,0.41582954,0.58124214,0.4149374
1783532929.8017,23,left_shoulder_1_joint,0.08308974,0.5552136,0.09457893,-0.6097858,0.005196332,-0.14255477,0.77962345
1783532929.8017,23,left_arm_joint,0.22223632,0.52205294,0.11862142,-0.35754505,0.29730684,-0.5494069,0.6942065
1783532929.8017,23,left_forearm_joint,0.28062603,0.2626085,0.113325834,-0.4099182,0.1766907,-0.7278223,0.5205986
1783532929.8017,23,left_hand_joint,0.24796332,0.020721417,0.2239239,0.6406795,-0.5791267,0.4749286,-0.16907251
1783532929.8017,23,left_handIndexStart_joint,0.23144296,0.004039049,0.24239771,0.6083192,-0.58924776,0.51520306,-0.131535
1783532929.8017,23,left_handIndex_1_joint,0.21334952,-0.06442053,0.2802884,0.6083192,-0.58924776,0.51520306,-0.131535
1783532929.8017,23,left_handIndex_2_joint,0.20283008,-0.10422261,0.3023179,0.6083192,-0.58924776,0.51520306,-0.131535
1783532929.8017,23,left_handIndex_3_joint,0.1969392,-0.12651178,0.31465438,0.6083192,-0.58924776,0.51520306,-0.131535
1783532929.8017,23,left_handIndexEnd_joint,0.19273141,-0.14243262,0.32346618,0.6083192,-0.58924776,0.51520306,-0.131535
1783532929.8017,23,left_handMidStart_joint,0.24139023,-0.0018353891,0.23692787,0.641897,-0.57882977,0.47302657,-0.17079496
1783532929.8017,23,left_handMid_1_joint,0.2324512,-0.07060446,0.26805946,0.641897,-0.57882977,0.47302657,-0.17079496
1783532929.8017,23,left_handMid_2_joint,0.22616974,-0.11892868,0.28993577,0.641897,-0.57882977,0.47302657,-0.17079496
1783532929.8017,23,left_handMid_3_joint,0.2225458,-0.14680803,0.3025567,0.641897,-0.57882977,0.47302657,-0.17079496
1783532929.8017,23,left_handMidEnd_joint,0.22012986,-0.16539426,0.31097063,0.641897,-0.57882977,0.47302657,-0.17079496
1783532929.8017,23,left_handPinkyStart_joint,0.26191187,-0.011084473,0.22073156,0.6679392,-0.5814709,0.39505345,-0.24429949
1783532929.8017,23,left_handPinky_1_joint,0.2626516,-0.072667904,0.23620287,0.6679392,-0.5814709,0.39505345,-0.24429949
1783532929.8017,23,left_handPinky_2_joint,0.26310846,-0.11070473,0.24575868,0.6679392,-0.5814709,0.39505345,-0.24429949
1783532929.8017,23,left_handPinky_3_joint,0.2633478,-0.13062878,0.2507641,0.6679392,-0.5814709,0.39505345,-0.24429949
1783532929.8017,23,left_handPinkyEnd_joint,0.2635654,-0.14874154,0.25531447,0.6679392,-0.5814709,0.39505345,-0.24429949
1783532929.8017,23,left_handRingStart_joint,0.25080004,-0.0066143703,0.22953069,0.65574014,-0.5806303,0.43521172,-0.20848171
1783532929.8017,23,left_handRing_1_joint,0.24709222,-0.07248103,0.2524888,0.65574014,-0.5806303,0.43521172,-0.20848171
1783532929.8017,23,left_handRing_2_joint,0.24447493,-0.11897513,0.2686945,0.65574014,-0.5806303,0.43521172,-0.20848171
1783532929.8017,23,left_handRing_3_joint,0.24283914,-0.14803395,0.27882308,0.65574014,-0.5806303,0.43521172,-0.20848171
1783532929.8017,23,left_handRingEnd_joint,0.24174862,-0.16740648,0.28557545,0.65574014,-0.5806303,0.43521172,-0.20848171
1783532929.8017,23,left_handThumbStart_joint,0.22324702,0.0030654941,0.2342656,0.24366674,-0.10138894,0.92492956,-0.27359208
1783532929.8017,23,left_handThumb_1_joint,0.1839672,-0.026766166,0.25548905,0.24366674,-0.10138894,0.92492956,-0.27359208
1783532929.8017,23,left_handThumb_2_joint,0.15588965,-0.048087448,0.27065992,0.24366671,-0.101388924,0.92492956,-0.27359208
1783532929.8017,23,left_handThumbEnd_joint,0.13717127,-0.062301643,0.28077382,0.24366671,-0.1013889,0.92492956,-0.27359208
1783532929.8017,23,neck_1_joint,-0.00669571,0.57495654,0.09818188,0.60682684,0.34961355,0.62270683,0.34895277
1783532929.8017,23,neck_2_joint,-0.007295319,0.60072356,0.11353449,0.600197,0.3611449,0.61478513,0.36246032
1783532929.8017,23,neck_3_joint,-0.007966233,0.635891,0.13258182,0.5845381,0.38380408,0.60344106,0.38323483
1783532929.8017,23,neck_4_joint,-0.00888197,0.6723396,0.14903358,0.5679938,0.40578088,0.59221816,0.40249595
1783532929.8017,23,head_joint,-0.010283795,0.71561545,0.16558178,0.51161015,0.47292426,0.54409325,0.46750462
1783532929.8017,23,jaw_joint,-0.009423188,0.69022167,0.16768326,0.51161015,0.47292426,0.54409325,0.46750462
1783532929.8017,23,chin_joint,-0.009936364,0.6290333,0.2612553,0.51161015,0.47292426,0.54409325,0.46750462
1783532929.8017,23,left_eye_joint,0.01853384,0.739148,0.25625822,0.5157151,0.46844432,0.5481498,0.46274158
1783532929.8017,23,left_eyeLowerLid_joint,0.01853384,0.739148,0.25625822,0.5157151,0.46844432,0.5481498,0.46274158
1783532929.8017,23,left_eyeUpperLid_joint,0.01853384,0.739148,0.25625822,0.5157151,0.46844432,0.5481498,0.46274158
1783532929.8017,23,left_eyeball_joint,0.01853384,0.739148,0.25625822,0.5157151,0.46844432,0.5481498,0.46274158
1783532929.8017,23,nose_joint,-0.013014722,0.70290333,0.27481067,0.5157175,0.46844158,0.54815227,0.46273866
1783532929.8017,23,right_eye_joint,-0.046031054,0.7368037,0.25437117,0.5157151,0.46844432,0.5481498,0.46274158
1783532929.8017,23,right_eyeLowerLid_joint,-0.046031054,0.7368037,0.25437117,0.5157151,0.46844432,0.5481498,0.46274158
1783532929.8017,23,right_eyeUpperLid_joint,-0.046031054,0.7368037,0.25437117,0.5157151,0.46844432,0.5481498,0.46274158
1783532929.8017,23,right_eyeball_joint,-0.046031054,0.7368037,0.25437117,0.5157151,0.46844432,0.5481498,0.46274158
1783532929.8017,23,right_shoulder_1_joint,-0.09558269,0.55233556,0.09099873,0.7795748,0.16684017,0.041368637,0.60225934
1783532929.8017,23,right_arm_joint,-0.23206036,0.5073764,0.11079247,0.6844132,0.563312,0.274252,0.37288645
1783532929.8017,23,right_forearm_joint,-0.28922898,0.24787895,0.12268187,0.5054252,0.7498064,0.18170571,0.38641813
1783532929.8017,23,right_hand_joint,-0.23819311,0.007141857,0.22874473,0.17109838,0.48946887,0.5963615,0.6127797
1783532929.8017,23,right_handIndexStart_joint,-0.22120936,-0.00895406,0.24542987,0.13007878,0.53011304,0.6071145,0.57747036
1783532929.8017,23,right_handIndex_1_joint,-0.1971792,-0.07634197,0.28191498,0.13007878,0.53011304,0.6071145,0.57747036
1783532929.8017,23,right_handIndex_2_joint,-0.18320778,-0.11552123,0.30312684,0.13007878,0.53011304,0.6071145,0.57747036
1783532929.8017,23,right_handIndex_3_joint,-0.17538424,-0.1374618,0.31500626,0.13007878,0.53011304,0.6071145,0.57747036
1783532929.8017,23,right_handIndexEnd_joint,-0.16979599,-0.15313336,0.3234915,0.13007878,0.53011304,0.6071145,0.57747036
1783532929.8017,23,right_handMidStart_joint,-0.23099399,-0.015417261,0.24034446,0.17054278,0.4899828,0.5967651,0.61213046
1783532929.8017,23,right_handMid_1_joint,-0.21636686,-0.083658166,0.27047077,0.17054278,0.4899828,0.5967651,0.61213046
1783532929.8017,23,right_handMid_2_joint,-0.20608868,-0.13161056,0.29164082,0.17054278,0.4899828,0.5967651,0.61213046
1783532929.8017,23,right_handMid_3_joint,-0.20015873,-0.15927559,0.30385417,0.17054278,0.4899828,0.5967651,0.61213046
1783532929.8017,23,right_handMidEnd_joint,-0.1962057,-0.17771858,0.31199652,0.17054278,0.4899828,0.5967651,0.61213046
1783532929.8017,23,right_handPinkyStart_joint,-0.25157696,-0.025860107,0.22497259,0.24661957,0.41495943,0.5983522,0.6395017
1783532929.8017,23,right_handPinky_1_joint,-0.24773945,-0.08745375,0.23993358,0.24661957,0.41495943,0.5983522,0.6395017
1783532929.8017,23,right_handPinky_2_joint,-0.2453694,-0.12549756,0.24917488,0.24661957,0.41495943,0.5983522,0.6395017
1783532929.8017,23,right_handPinky_3_joint,-0.24412762,-0.14542502,0.25401476,0.24661957,0.41495943,0.5983522,0.6395017
1783532929.8017,23,right_handPinkyEnd_joint,-0.24299903,-0.16354072,0.25841495,0.24661957,0.41495943,0.5983522,0.6395017
1783532929.8017,23,right_handRingStart_joint,-0.24039654,-0.020743113,0.23332089,0.2094912,0.45368788,0.5980484,0.62659335
1783532929.8017,23,right_handRing_1_joint,-0.23152637,-0.08637203,0.25553265,0.2094912,0.45368788,0.5980484,0.62659335
1783532929.8017,23,right_handRing_2_joint,-0.22526498,-0.13269794,0.2712112,0.2094912,0.45368788,0.5980484,0.62659335
1783532929.8017,23,right_handRing_3_joint,-0.22135183,-0.16165198,0.28101084,0.2094912,0.45368788,0.5980484,0.62659335
1783532929.8017,23,right_handRingEnd_joint,-0.21874246,-0.18095523,0.28754327,0.2094912,0.45368788,0.5980484,0.62659335
1783532929.8017,23,right_handThumbStart_joint,-0.21333125,-0.009357159,0.23694237,0.24709456,0.9378635,0.10642104,0.21915992
1783532929.8017,23,right_handThumb_1_joint,-0.17135139,-0.03675187,0.25619084,0.24709456,0.9378635,0.10642102,0.21915992
1783532929.8017,23,right_handThumb_2_joint,-0.14134431,-0.056330945,0.26995036,0.24709456,0.9378635,0.10642101,0.21915992
1783532929.8017,23,right_handThumbEnd_joint,-0.121339604,-0.06938396,0.2791226,0.24709456,0.9378635,0.10642099,0.21915992
1783532929.8017,23,camera,0.1112162,0.06429295,-0.046468303,-0.08547329,-0.08361854,-0.69983965,0.70422065
1783532929.8351,24,root,-0.00030628536,0.021035518,-0.0046344684,-0.062933564,-0.005528831,-0.004625153,0.9979916
1783532929.8351,24,hips_joint,-0.00030628536,0.021035518,-0.0046344684,-0.062933564,-0.005528831,-0.004625153,0.9979916
1783532929.8351,24,left_upLeg_joint,0.099965274,-0.0044817687,0.00062068016,0.61623585,-0.3611314,0.6019781,-0.35701472
1783532929.8351,24,left_leg_joint,0.10603453,-0.372909,0.20445983,-0.26209864,0.6613019,-0.32130095,0.6250996
1783532929.8351,24,left_foot_joint,0.06894282,-0.7151311,-0.09660072,0.6141409,-0.35895094,0.638422,-0.29394233
1783532929.8351,24,left_toes_joint,0.05808485,-0.8367726,-0.0111845685,0.6710431,-0.23604326,0.68256223,-0.16761044
1783532929.8351,24,left_toesEnd_joint,0.055463783,-0.8698688,0.039583806,0.67104316,-0.23604307,0.68256223,-0.16761063
1783532929.8351,24,right_upLeg_joint,-0.101093784,-0.002760601,-0.0017154964,0.35198656,0.57907337,0.40783742,0.6119214
1783532929.8351,24,right_leg_joint,-0.09969791,-0.3845999,0.17581244,0.59569055,0.3251449,0.66606104,0.3095093
1783532929.8351,24,right_foot_joint,-0.054554746,-0.7502969,-0.09503279,0.26842117,0.62331027,0.33345973,0.6543996
1783532929.8351,24,right_toes_joint,-0.054640863,-0.865208,-0.00013344764,0.14541666,0.66288745,0.203383,0.7057404
1783532929.8351,24,right_toesEnd_joint,-0.056972086,-0.8943163,0.05303504,0.14541717,0.6628876,0.20338257,0.7057402
1783532929.8351,24,spine_1_joint,-0.00030630516,0.021035518,-0.0046344684,0.46094692,0.5335214,0.4672482,0.5334434
1783532929.8351,24,spine_2_joint,-0.000647711,0.07803307,-0.012602875,0.4690921,0.5282213,0.47670227,0.5231538
1783532929.8351,24,spine_3_joint,-0.0013685934,0.13526054,-0.018671678,0.49267745,0.5041965,0.50281614,0.50023067
1783532929.8351,24,spine_4_joint,-0.002115411,0.18830734,-0.01914794,0.52750885,0.46532604,0.53768605,0.46486574
1783532929.8351,24,spine_5_joint,-0.0029086487,0.25815398,-0.009881851,0.57149565,0.40836358,0.58030117,0.41216803
1783532929.8351,24,spine_6_joint,-0.003570718,0.34666428,0.021291403,0.58094746,0.39104244,0.5952365,0.3940547
1783532929.8351,24,spine_7_joint,-0.0051236716,0.44527656,0.06302254,0.56221575,0.41687417,0.5812324,0.41508773
1783532929.8351,24,left_shoulder_1_joint,0.08168586,0.55523086,0.094323605,-0.6104903,0.0045291167,-0.1416048,0.7792491
1783532929.8351,24,left_arm_joint,0.22091262,0.5224176,0.11837838,-0.3585819,0.29681796,-0.548734,0.69441265
1783532929.8351,24,left_forearm_joint,0.27984992,0.26309073,0.113405466,-0.41101903,0.17577088,-0.72707874,0.52108043
1783532929.8351,24,left_hand_joint,0.24794075,0.021321734,0.22448038,0.6418486,-0.57794464,0.47488824,-0.16879477
1783532929.8351,24,left_handIndexStart_joint,0.23148414,0.0046299994,0.24300252,0.6094893,-0.5880506,0.51523846,-0.13133408
1783532929.8351,24,left_handIndex_1_joint,0.21361119,-0.063807264,0.2810378,0.6094893,-0.5880506,0.51523846,-0.13133408
1783532929.8351,24,left_handIndex_2_joint,0.2032199,-0.10359636,0.30315134,0.6094893,-0.5880506,0.51523846,-0.13133408
1783532929.8351,24,left_handIndex_3_joint,0.1974008,-0.12587826,0.31553492,0.6094893,-0.5880506,0.51523846,-0.13133408
1783532929.8351,24,left_handIndexEnd_joint,0.19324428,-0.1417939,0.32438034,0.6094893,-0.5880506,0.51523846,-0.13133408
1783532929.8351,24,left_handMidStart_joint,0.24144085,-0.0012283658,0.23753263,0.64306635,-0.5776486,0.472983,-0.17051372
1783532929.8351,24,left_handMid_1_joint,0.23271574,-0.069963515,0.26879942,0.64306635,-0.5776486,0.472983,-0.17051372
1783532929.8351,24,left_handMid_2_joint,0.22658458,-0.11826389,0.2907707,0.64306635,-0.5776486,0.472983,-0.17051372
1783532929.8351,24,left_handMid_3_joint,0.22304736,-0.14612949,0.3034464,0.64306635,-0.5776486,0.472983,-0.17051372
1783532929.8351,24,left_handMidEnd_joint,0.22068924,-0.16470656,0.31189692,0.64306635,-0.5776486,0.472983,-0.17051372
1783532929.8351,24,left_handPinkyStart_joint,0.2619691,-0.010453302,0.22133099,0.6691369,-0.58036673,0.39490214,-0.2438908
1783532929.8351,24,left_handPinky_1_joint,0.2628869,-0.07200616,0.23691389,0.6691369,-0.58036673,0.39490214,-0.2438908
1783532929.8351,24,left_handPinky_2_joint,0.2634538,-0.110024095,0.24653864,0.6691369,-0.58036673,0.39490214,-0.2438908
1783532929.8351,24,left_handPinky_3_joint,0.26375076,-0.12993826,0.25158015,0.6691369,-0.58036673,0.39490214,-0.2438908
1783532929.8351,24,left_handPinkyEnd_joint,0.2640207,-0.14804204,0.25616336,0.6691369,-0.58036673,0.39490214,-0.2438908
1783532929.8351,24,left_handRingStart_joint,0.25085512,-0.0059962175,0.23013397,0.6569257,-0.57948613,0.43511304,-0.20813726
1783532929.8351,24,left_handRing_1_joint,0.24734472,-0.07183022,0.2532163,0.6569257,-0.57948613,0.43511304,-0.20813726
1783532929.8351,24,left_handRing_2_joint,0.24486679,-0.11830127,0.2695097,0.6569257,-0.57948613,0.43511304,-0.20813726
1783532929.8351,24,left_handRing_3_joint,0.24331808,-0.14734568,0.2796931,0.6569257,-0.57948613,0.43511304,-0.20813726
1783532929.8351,24,left_handRingEnd_joint,0.24228561,-0.16670862,0.286482,0.6569257,-0.57948613,0.43511304,-0.20813726
1783532929.8351,24,left_handThumbStart_joint,0.22328201,0.0036201298,0.2348811,0.24455045,-0.10037295,0.9245303,-0.274525
1783532929.8351,24,left_handThumb_1_joint,0.1841035,-0.026275367,0.25620165,0.24455045,-0.10037295,0.9245303,-0.274525
1783532929.8351,24,left_handThumb_2_joint,0.15609837,-0.04764228,0.2714419,0.24455044,-0.10037293,0.9245303,-0.274525
1783532929.8351,24,left_handThumbEnd_joint,0.13742827,-0.06188689,0.28160208,0.24455044,-0.10037289,0.9245303,-0.274525
1783532929.8351,24,neck_1_joint,-0.008134326,0.5748269,0.09786121,0.6060737,0.35074845,0.62271625,0.34910506
1783532929.8351,24,neck_2_joint,-0.008782326,0.6006253,0.113159046,0.5994207,0.36226398,0.61479306,0.36261392
1783532929.8351,24,neck_3_joint,-0.009518778,0.6358317,0.13213167,0.5837219,0.38489494,0.60344076,0.38338467
1783532929.8351,24,neck_4_joint,-0.010501568,0.67231345,0.14850596,0.5671397,0.40684295,0.5922091,0.40264073
1783532929.8351,24,head_joint,-0.011982215,0.71562177,0.16496208,0.5106359,0.47387835,0.5440616,0.46763992
1783532929.8351,24,jaw_joint,-0.011078483,0.69023407,0.16711755,0.5106359,0.47387835,0.5440616,0.46763992
1783532929.8351,24,chin_joint,-0.011511237,0.62924325,0.2608188,0.5106359,0.47387835,0.5440616,0.46763992
1783532929.8351,24,left_eye_joint,0.01677083,0.7393959,0.255596,0.5147492,0.46940684,0.54811937,0.46287715
1783532929.8351,24,left_eyeLowerLid_joint,0.01677083,0.7393959,0.255596,0.5147492,0.46940684,0.54811937,0.46287715
1783532929.8351,24,left_eyeUpperLid_joint,0.01677083,0.7393959,0.255596,0.5147492,0.46940684,0.54811937,0.46287715
1783532929.8351,24,left_eyeball_joint,0.01677083,0.7393959,0.255596,0.5147492,0.46940684,0.54811937,0.46287715
1783532929.8351,24,nose_joint,-0.014720254,0.7031363,0.27421686,0.5147518,0.4694042,0.5481218,0.46287432
1783532929.8351,24,right_eye_joint,-0.04778941,0.73693645,0.25369698,0.5147492,0.46940684,0.54811937,0.46287715
1783532929.8351,24,right_eyeLowerLid_joint,-0.04778941,0.73693645,0.25369698,0.5147492,0.46940684,0.54811937,0.46287715
1783532929.8351,24,right_eyeUpperLid_joint,-0.04778941,0.73693645,0.25369698,0.5147492,0.46940684,0.54811937,0.46287715
1783532929.8351,24,right_eyeball_joint,-0.04778941,0.73693645,0.25369698,0.5147492,0.46940684,0.54811937,0.46287715
1783532929.8351,24,right_shoulder_1_joint,-0.09698034,0.5520378,0.090702705,0.77893597,0.1670851,0.041424803,0.6030132
1783532929.8351,24,right_arm_joint,-0.23343292,0.50703526,0.11057074,0.6834256,0.5642596,0.2746502,0.3729713
1783532929.8351,24,right_forearm_joint,-0.28991678,0.24739785,0.122672915,0.504486,0.75016284,0.18188904,0.38686687
1783532929.8351,24,right_hand_joint,-0.23855864,0.0068601607,0.22903194,0.17007813,0.4896432,0.59672225,0.61257285
1783532929.8351,24,right_handIndexStart_joint,-0.22156225,-0.009188789,0.24574941,0.12903637,0.53027344,0.6074045,0.57725173
1783532929.8351,24,right_handIndex_1_joint,-0.1974482,-0.07649684,0.28232643,0.12903637,0.53027344,0.6074045,0.57725173
1783532929.8351,24,right_handIndex_2_joint,-0.18342797,-0.11562966,0.3035917,0.12903637,0.53027344,0.6074045,0.57725173
1783532929.8351,24,right_handIndex_3_joint,-0.17557712,-0.13754423,0.31550106,0.12903637,0.53027344,0.6074045,0.57725173
1783532929.8351,24,right_handIndexEnd_joint,-0.16996937,-0.15319721,0.32400763,0.12903637,0.53027344,0.6074045,0.57725173
1783532929.8351,24,right_handMidStart_joint,-0.23133087,-0.01567433,0.24066164,0.16952226,0.49015716,0.59712476,0.6119233
1783532929.8351,24,right_handMid_1_joint,-0.21661244,-0.083858386,0.27087206,0.16952226,0.49015716,0.59712476,0.6119233
1783532929.8351,24,right_handMid_2_joint,-0.2062701,-0.13177082,0.2921012,0.16952226,0.49015716,0.59712476,0.6119233
1783532929.8351,24,right_handMid_3_joint,-0.20030315,-0.1594128,0.30434865,0.16952226,0.49015716,0.59712476,0.6119233
1783532929.8351,24,right_handMidEnd_joint,-0.19632547,-0.17784043,0.31251374,0.16952226,0.49015716,0.59712476,0.6119233
1783532929.8351,24,right_handPinkyStart_joint,-0.25188133,-0.026169015,0.2252816,0.24564967,0.41518852,0.5988097,0.63929766
1783532929.8351,24,right_handPinky_1_joint,-0.24795009,-0.08774033,0.24030986,0.24564967,0.41518852,0.5988097,0.63929766
1783532929.8351,24,right_handPinky_2_joint,-0.24552217,-0.12577036,0.24959272,0.24564967,0.41518852,0.5988097,0.63929766
1783532929.8351,24,right_handPinky_3_joint,-0.24425004,-0.1456906,0.25445437,0.24564967,0.41518852,0.5988097,0.63929766
1783532929.8351,24,right_handPinkyEnd_joint,-0.2430939,-0.16379973,0.2588744,0.24564967,0.41518852,0.5988097,0.63929766
1783532929.8351,24,right_handRingStart_joint,-0.24071759,-0.021023864,0.23363492,0.20849429,0.4538903,0.59845746,0.6263884
1783532929.8351,24,right_handRing_1_joint,-0.23175335,-0.08661417,0.25592276,0.20849429,0.4538903,0.59845746,0.6263884
1783532929.8351,24,right_handRing_2_joint,-0.22542556,-0.13291283,0.27165502,0.20849429,0.4538903,0.59845746,0.6263884
1783532929.8351,24,right_handRing_3_joint,-0.22147092,-0.16184984,0.28148827,0.20849429,0.4538903,0.59845746,0.6263884
1783532929.8351,24,right_handRingEnd_joint,-0.2188339,-0.18114172,0.28804308,0.20849429,0.4538903,0.59845746,0.6263884
1783532929.8351,24,right_handThumbStart_joint,-0.21367559,-0.009586892,0.23726958,0.24611245,0.9380325,0.1062416,0.21962789
1783532929.8351,24,right_handThumb_1_joint,-0.17166577,-0.036888268,0.25658512,0.24611245,0.9380325,0.1062416,0.21962789
1783532929.8351,24,right_handThumb_2_joint,-0.1416373,-0.05640063,0.2703926,0.24611245,0.9380325,0.106241584,0.21962789
1783532929.8351,24,right_handThumbEnd_joint,-0.12161831,-0.06940916,0.2795968,0.24611245,0.9380325,0.10624155,0.21962789
1783532929.8351,24,camera,0.11130953,0.064268604,-0.046267897,-0.08597657,-0.08333287,-0.7000119,0.70402205
1783532929.8683,25,root,-0.00034183756,0.02100475,-0.004578173,-0.062405635,-0.005715499,-0.0049740225,0.9980221
1783532929.8683,25,hips_joint,-0.00034183756,0.02100475,-0.004578173,-0.062405635,-0.005715499,-0.0049740225,0.9980221
1783532929.8683,25,left_upLeg_joint,0.09991047,-0.0045849606,0.0006921109,0.6155998,-0.36199227,0.6017033,-0.35770318
1783532929.8683,25,left_leg_joint,0.105734095,-0.37353128,0.20359762,-0.26282758,0.66092694,-0.32225138,0.62470096
1783532929.8683,25,left_foot_joint,0.06853645,-0.71653014,-0.09656494,0.61448354,-0.35820618,0.63892436,-0.29304245
1783532929.8683,25,left_toes_joint,0.057646398,-0.83794445,-0.010830259,0.6712383,-0.23524708,0.68288493,-0.16663162
1783532929.8683,25,left_toesEnd_joint,0.05501739,-0.87090695,0.04002469,0.6712385,-0.2352469,0.6828849,-0.16663183
1783532929.8683,25,right_upLeg_joint,-0.1011464,-0.0027272224,-0.001726824,0.35313997,0.57725966,0.40866387,0.6124192
1783532929.8683,25,right_leg_joint,-0.10094861,-0.38518682,0.17446643,0.59449744,0.3246527,0.66671664,0.3109057
1783532929.8683,25,right_foot_joint,-0.05529885,-0.7512984,-0.095733166,0.26778555,0.62218714,0.33311465,0.65590304
1783532929.8683,25,right_toes_joint,-0.055870492,-0.8660838,-0.0006833553,0.14500542,0.66166407,0.20275925,0.7071512
1783532929.8683,25,right_toesEnd_joint,-0.05842904,-0.8951188,0.052514758,0.14500593,0.66166425,0.2027588,0.70715106
1783532929.8683,25,spine_1_joint,-0.00034185732,0.02100475,-0.0045781736,0.4610772,0.5332826,0.46723342,0.53358257
1783532929.8683,25,spine_2_joint,-0.00065234513,0.0780042,-0.012534235,0.46907315,0.5281969,0.4765069,0.5233733
1783532929.8683,25,spine_3_joint,-0.0013488182,0.13522947,-0.018626502,0.49258026,0.5043349,0.5024706,0.500534
1783532929.8683,25,spine_4_joint,-0.002073582,0.18827613,-0.019149583,0.52741224,0.46558064,0.5372506,0.46522364
1783532929.8683,25,spine_5_joint,-0.0028342947,0.25813368,-0.00996338,0.5714694,0.40869176,0.57981855,0.41255838
1783532929.8683,25,spine_6_joint,-0.0034414418,0.34668297,0.021100158,0.5810703,0.3913123,0.5947344,0.39436448
1783532929.8683,25,spine_7_joint,-0.00491134,0.44533682,0.06273601,0.56266826,0.41684753,0.58077115,0.41514784
1783532929.8683,25,left_shoulder_1_joint,0.08202309,0.5552179,0.09394762,-0.60981846,0.0057213046,-0.14084485,0.779905
1783532929.8683,25,left_arm_joint,0.22130859,0.52233964,0.11756976,-0.35831735,0.29888982,-0.54705286,0.6949871
1783532929.8683,25,left_forearm_joint,0.28056934,0.26311347,0.11134244,-0.4115632,0.17782457,-0.72525805,0.52248967
1783532929.8683,25,left_hand_joint,0.2496881,0.020800875,0.22152,0.6431314,-0.5784891,0.47219837,-0.1695928
1783532929.8683,25,left_handIndexStart_joint,0.23334534,0.0039908458,0.24003601,0.61094284,-0.58864623,0.51263666,-0.13209362
1783532929.8683,25,left_handIndex_1_joint,0.21578938,-0.06464981,0.27785188,0.61094284,-0.58864623,0.51263666,-0.13209362
1783532929.8683,25,left_handIndex_2_joint,0.20558241,-0.10455717,0.29983786,0.61094284,-0.58864623,0.51263666,-0.13209362
1783532929.8683,25,left_handIndex_3_joint,0.1998665,-0.12690529,0.31215,0.61094284,-0.58864623,0.51263666,-0.13209362
1783532929.8683,25,left_handIndexEnd_joint,0.19578372,-0.14286824,0.3209444,0.61094284,-0.58864623,0.51263666,-0.13209362
1783532929.8683,25,left_handMidStart_joint,0.24329472,-0.0018199348,0.23450235,0.64434135,-0.5781911,0.47028932,-0.17131256
1783532929.8683,25,left_handMid_1_joint,0.2348606,-0.07070747,0.26551268,0.64434135,-0.5781911,0.47028932,-0.17131256
1783532929.8683,25,left_handMid_2_joint,0.22893395,-0.11911493,0.28730372,0.64434135,-0.5781911,0.47028932,-0.17131256
1783532929.8683,25,left_handMid_3_joint,0.22551471,-0.1470423,0.29987547,0.64434135,-0.5781911,0.47028932,-0.17131256
1783532929.8683,25,left_handMidEnd_joint,0.22323522,-0.16566058,0.30825666,0.64434135,-0.5781911,0.47028932,-0.17131256
1783532929.8683,25,left_handPinkyStart_joint,0.26378146,-0.010926051,0.21818137,0.67010677,-0.5808569,0.39206183,-0.2446433
1783532929.8683,25,left_handPinky_1_joint,0.26491088,-0.0725416,0.23350051,0.67010677,-0.5808569,0.39206183,-0.2446433
1783532929.8683,25,left_handPinky_2_joint,0.2656085,-0.110598266,0.24296233,0.67010677,-0.5808569,0.39206183,-0.2446433
1783532929.8683,25,left_handPinky_3_joint,0.2659739,-0.13053271,0.24791853,0.67010677,-0.5808569,0.39206183,-0.2446433
1783532929.8683,25,left_handPinkyEnd_joint,0.26630607,-0.14865494,0.25242415,0.67010677,-0.5808569,0.39206183,-0.2446433
1783532929.8683,25,left_handRingStart_joint,0.2526914,-0.0065334197,0.2270467,0.65804905,-0.5800057,0.43234235,-0.20891519
1783532929.8683,25,left_handRing_1_joint,0.24943264,-0.07247254,0.24986446,0.65804905,-0.5800057,0.43234235,-0.20891519
1783532929.8683,25,left_handRing_2_joint,0.24713233,-0.11901781,0.26597112,0.65804905,-0.5800057,0.43234235,-0.20891519
1783532929.8683,25,left_handRing_3_joint,0.24569465,-0.14810859,0.27603778,0.65804905,-0.5800057,0.43234235,-0.20891519
1783532929.8683,25,left_handRingEnd_joint,0.2447362,-0.16750246,0.28274888,0.65804905,-0.5800057,0.43234235,-0.20891519
1783532929.8683,25,left_handThumbStart_joint,0.2251138,0.002995039,0.23194268,0.2459113,-0.10256248,0.9234972,-0.27597457
1783532929.8683,25,left_handThumb_1_joint,0.1860926,-0.027086249,0.2532905,0.2459113,-0.10256248,0.9234972,-0.27597457
1783532929.8683,25,left_handThumb_2_joint,0.15819989,-0.048585966,0.2685503,0.24591127,-0.10256245,0.92349726,-0.27597454
1783532929.8683,25,left_handThumbEnd_joint,0.13960476,-0.06291912,0.2787235,0.24591127,-0.10256241,0.92349726,-0.27597454
1783532929.8683,25,neck_1_joint,-0.0077767884,0.5748913,0.09757169,0.60651946,0.35067183,0.6222635,0.34921616
1783532929.8683,25,neck_2_joint,-0.008387745,0.60069096,0.11286897,0.59986717,0.36219656,0.6143375,0.36271584
1783532929.8683,25,neck_3_joint,-0.009075502,0.63589895,0.13184069,0.58417207,0.38484415,0.6029835,0.3834703
1783532929.8683,25,neck_4_joint,-0.010011028,0.67238224,0.14821427,0.5675934,0.4068084,0.591751,0.40271053
1783532929.8683,25,head_joint,-0.011438464,0.7156926,0.16466986,0.5110936,0.4738986,0.5436015,0.46765515
1783532929.8683,25,jaw_joint,-0.010554455,0.69030416,0.16682562,0.5110936,0.4738986,0.5436015,0.46765515
1783532929.8683,25,chin_joint,-0.010948523,0.6293178,0.26053008,0.5110936,0.4738986,0.5436015,0.46765515
1783532929.8683,25,left_eye_joint,0.017423106,0.739446,0.25527474,0.5152071,0.46942312,0.54765946,0.46289644
1783532929.8683,25,left_eyeLowerLid_joint,0.017423106,0.739446,0.25527474,0.5152071,0.46942312,0.54765946,0.46289644
1783532929.8683,25,left_eyeUpperLid_joint,0.017423106,0.739446,0.25527474,0.5152071,0.46942312,0.54765946,0.46289644
1783532929.8683,25,left_eyeball_joint,0.017423106,0.739446,0.25527474,0.5152071,0.46942312,0.54765946,0.46289644
1783532929.8683,25,nose_joint,-0.01408102,0.70321435,0.2739279,0.5152097,0.46942052,0.54766184,0.46289364
1783532929.8683,25,right_eye_joint,-0.047141075,0.73704207,0.25343862,0.5152071,0.46942312,0.54765946,0.46289644
1783532929.8683,25,right_eyeLowerLid_joint,-0.047141075,0.73704207,0.25343862,0.5152071,0.46942312,0.54765946,0.46289644
1783532929.8683,25,right_eyeUpperLid_joint,-0.047141075,0.73704207,0.25343862,0.5152071,0.46942312,0.54765946,0.46289644
1783532929.8683,25,right_eyeball_joint,-0.047141075,0.73704207,0.25343862,0.5152071,0.46942312,0.54765946,0.46289644
1783532929.8683,25,right_shoulder_1_joint,-0.09664931,0.5521783,0.09050066,0.77937883,0.16641931,0.04097894,0.602656
1783532929.8683,25,right_arm_joint,-0.23317695,0.50738716,0.11033048,0.68415564,0.56337947,0.2750185,0.37269276
1783532929.8683,25,right_forearm_joint,-0.29008117,0.24781863,0.1219338,0.5057828,0.7491163,0.18230115,0.3870082
1783532929.8683,25,right_hand_joint,-0.23948349,0.006944027,0.22789441,0.17102878,0.48855948,0.5964217,0.61346596
1783532929.8683,25,right_handIndexStart_joint,-0.2225472,-0.009182395,0.24459834,0.13000461,0.5292529,0.60717016,0.57821727
1783532929.8683,25,right_handIndex_1_joint,-0.19865257,-0.076624036,0.28107327,0.13000461,0.5292529,0.60717016,0.57821727
1783532929.8683,25,right_handIndex_2_joint,-0.18475993,-0.11583452,0.30227917,0.13000461,0.5292529,0.60717016,0.57821727
1783532929.8683,25,right_handIndex_3_joint,-0.17698051,-0.13779259,0.31415528,0.13000461,0.5292529,0.60717016,0.57821727
1783532929.8683,25,right_handIndexEnd_joint,-0.17142378,-0.15347664,0.32263812,0.13000461,0.5292529,0.60717016,0.57821727
1783532929.8683,25,right_handMidStart_joint,-0.23232858,-0.015631735,0.23948912,0.17047282,0.48907417,0.5968254,0.6128177
1783532929.8683,25,right_handMid_1_joint,-0.21782577,-0.08391186,0.26958677,0.17047282,0.48907417,0.5968254,0.6128177
1783532929.8683,25,right_handMid_2_joint,-0.20763494,-0.1318918,0.29073668,0.17047282,0.48907417,0.5968254,0.6128177
1783532929.8683,25,right_handMid_3_joint,-0.2017554,-0.15957274,0.3029384,0.17047282,0.48907417,0.5968254,0.6128177
1783532929.8683,25,right_handMidEnd_joint,-0.197836,-0.1780263,0.311073,0.17047282,0.48907417,0.5968254,0.6128177
1783532929.8683,25,right_handPinkyStart_joint,-0.25289276,-0.02604158,0.22406977,0.2465223,0.41398674,0.5984399,0.6400875
1783532929.8683,25,right_handPinky_1_joint,-0.24914432,-0.08765129,0.2389872,0.2465223,0.41398674,0.5984399,0.6400875
1783532929.8683,25,right_handPinky_2_joint,-0.24682932,-0.12570503,0.24820161,0.2465223,0.41398674,0.5984399,0.6400875
1783532929.8683,25,right_handPinky_3_joint,-0.24561633,-0.14563768,0.25302744,0.2465223,0.41398674,0.5984399,0.6400875
1783532929.8683,25,right_handPinkyEnd_joint,-0.24451394,-0.1637581,0.25741482,0.2465223,0.41398674,0.5984399,0.6400875
1783532929.8683,25,right_handRingStart_joint,-0.24172309,-0.020942511,0.23244342,0.20940803,0.45274585,0.5981234,0.6272309
1783532929.8683,25,right_handRing_1_joint,-0.23295969,-0.08659843,0.2546178,0.20940803,0.45274585,0.5981234,0.6272309
1783532929.8683,25,right_handRing_2_joint,-0.22677368,-0.13294339,0.27026996,0.20940803,0.45274585,0.5981234,0.6272309
1783532929.8683,25,right_handRing_3_joint,-0.22290763,-0.16190934,0.28005314,0.20940803,0.45274585,0.5981234,0.6272309
1783532929.8683,25,right_handRingEnd_joint,-0.22032969,-0.18122053,0.28657457,0.20940803,0.45274585,0.5981234,0.6272309
1783532929.8683,25,right_handThumbStart_joint,-0.21465345,-0.009586301,0.2361254,0.24754737,0.93749005,0.10693238,0.21999696
1783532929.8683,25,right_handThumb_1_joint,-0.17273708,-0.037038337,0.25543055,0.24754737,0.93749005,0.10693237,0.21999696
1783532929.8683,25,right_handThumb_2_joint,-0.14277539,-0.056658387,0.2692306,0.24754737,0.93749005,0.10693236,0.21999696
1783532929.8683,25,right_handThumbEnd_joint,-0.12280092,-0.06973871,0.2784299,0.24754737,0.93749005,0.106932335,0.21999696
1783532929.8683,25,camera,0.111316115,0.06435925,-0.0460755,-0.085974164,-0.083741896,-0.6998108,0.7041736
1783532929.9021,26,root,-0.00023424174,0.021082299,-0.004402713,-0.060821652,-0.005396133,-0.0050722393,0.9981212
1783532929.9021,26,hips_joint,-0.00023424174,0.021082299,-0.004402713,-0.060821652,-0.005396133,-0.0050722393,0.9981212
1783532929.9021,26,left_upLeg_joint,0.100015685,-0.004545672,0.0007249653,0.6142926,-0.36415714,0.600956,-0.35900706
1783532929.9021,26,left_leg_joint,0.105272226,-0.3746483,0.20152932,-0.2607528,0.661985,-0.3211174,0.625034
1783532929.9021,26,left_foot_joint,0.06746167,-0.7160951,-0.10032133,0.61350286,-0.36031866,0.638237,-0.294004
1783532929.9021,26,left_toes_joint,0.056380853,-0.83791393,-0.015186882,0.6706758,-0.23750713,0.68239224,-0.16770595
1783532929.9021,26,left_toesEnd_joint,0.053703826,-0.87112325,0.03550472,0.6706759,-0.23750691,0.68239224,-0.16770615
1783532929.9021,26,right_upLeg_joint,-0.10104221,-0.0026368594,-0.0015652212,0.35534123,0.57630444,0.41107035,0.61043185
1783532929.9021,26,right_leg_joint,-0.10011108,-0.38643393,0.171693,0.59612226,0.3221755,0.66811585,0.30734754
1783532929.9021,26,right_foot_joint,-0.054218598,-0.74990094,-0.10201309,0.2705922,0.62123907,0.33641043,0.6539649
1783532929.9021,26,right_toes_joint,-0.054483917,-0.86558026,-0.008051996,0.14794095,0.66126513,0.2063626,0.70587283
1783532929.9021,26,right_toesEnd_joint,-0.056927647,-0.8951209,0.044872455,0.14794146,0.66126525,0.20636217,0.7058727
1783532929.9021,26,spine_1_joint,-0.00023426152,0.021082299,-0.0044027134,0.46172285,0.53294265,0.46745458,0.5331701
1783532929.9021,26,spine_2_joint,-0.00052682974,0.0780947,-0.012266123,0.46940094,0.52807826,0.47637987,0.5233148
1783532929.9021,26,spine_3_joint,-0.0011949548,0.13532263,-0.018336568,0.49260935,0.50444657,0.5020451,0.50081986
1783532929.9021,26,spine_4_joint,-0.0018863162,0.18836933,-0.01890157,0.5272248,0.46588182,0.5366546,0.4658223
1783532929.9021,26,spine_5_joint,-0.0025963793,0.2582428,-0.009832935,0.5711405,0.4091732,0.579162,0.41345796
1783532929.9021,26,spine_6_joint,-0.0031347377,0.34686664,0.021018505,0.5806963,0.39181858,0.5941146,0.39534575
1783532929.9021,26,spine_7_joint,-0.0045320136,0.44562638,0.062405217,0.56234854,0.41714266,0.58029926,0.41594377
1783532929.9021,26,left_shoulder_1_joint,0.0824732,0.5555041,0.09343086,-0.6103215,0.005946933,-0.14064945,0.7795448
1783532929.9021,26,left_arm_joint,0.2217739,0.5226439,0.116988525,-0.3588231,0.29914576,-0.54695547,0.6946924
1783532929.9021,26,left_forearm_joint,0.28100988,0.26341027,0.1108421,-0.41225818,0.17780308,-0.7250829,0.5221915
1783532929.9021,26,left_hand_joint,0.25026882,0.021201115,0.22128558,0.643507,-0.5783665,0.47207135,-0.16893627
1783532929.9021,26,left_handIndexStart_joint,0.23394926,0.0044082846,0.23983757,0.6113259,-0.5884817,0.51253456,-0.13144629
1783532929.9021,26,left_handIndex_1_joint,0.21644117,-0.06419698,0.27773964,0.6113259,-0.5884817,0.51253456,-0.13144629
1783532929.9021,26,left_handIndex_2_joint,0.20626205,-0.10408376,0.29977572,0.6113259,-0.5884817,0.51253456,-0.13144629
1783532929.9021,26,left_handIndex_3_joint,0.20056175,-0.12642036,0.3121159,0.6113259,-0.5884817,0.51253456,-0.13144629
1783532929.9021,26,left_handIndexEnd_joint,0.1964901,-0.14237508,0.32093036,0.6113259,-0.5884817,0.51253456,-0.13144629
1783532929.9021,26,left_handMidStart_joint,0.24389185,-0.0014075565,0.2342971,0.6447166,-0.57807046,0.47016132,-0.17065565
1783532929.9021,26,left_handMid_1_joint,0.23549718,-0.07026598,0.2653826,0.6447166,-0.57807046,0.47016132,-0.17065565
1783532929.9021,26,left_handMid_2_joint,0.22959822,-0.11865297,0.28722644,0.6447166,-0.57807046,0.47016132,-0.17065565
1783532929.9021,26,left_handMid_3_joint,0.226195,-0.14656854,0.29982868,0.6447166,-0.57807046,0.47016132,-0.17065565
1783532929.9021,26,left_handMidEnd_joint,0.22392616,-0.16517892,0.30823016,0.6447166,-0.57807046,0.47016132,-0.17065565
1783532929.9021,26,left_handPinkyStart_joint,0.26435855,-0.010528712,0.2179594,0.6704682,-0.58081806,0.39191872,-0.24397196
1783532929.9021,26,left_handPinky_1_joint,0.2655079,-0.07212977,0.23333506,0.6704682,-0.58081806,0.39191872,-0.24397196
1783532929.9021,26,left_handPinky_2_joint,0.26621783,-0.11017748,0.24283181,0.6704682,-0.58081806,0.39191872,-0.24397196
1783532929.9021,26,left_handPinky_3_joint,0.2665897,-0.13010722,0.2478063,0.6704682,-0.58081806,0.39191872,-0.24397196
1783532929.9021,26,left_handPinkyEnd_joint,0.26692775,-0.14822519,0.25232857,0.6704682,-0.58081806,0.39191872,-0.24397196
1783532929.9021,26,left_handRingStart_joint,0.2532794,-0.0061279107,0.2268343,0.65841854,-0.57992613,0.43220657,-0.20825042
1783532929.9021,26,left_handRing_1_joint,0.2500499,-0.07204554,0.24971806,0.65841854,-0.57992613,0.43220657,-0.20825042
1783532929.9021,26,left_handRing_2_joint,0.24777026,-0.11857565,0.2658713,0.65841854,-0.57992613,0.43220657,-0.20825042
1783532929.9021,26,left_handRing_3_joint,0.24634549,-0.14765695,0.27596706,0.65841854,-0.57992613,0.43220657,-0.20825042
1783532929.9021,26,left_handRingEnd_joint,0.24539566,-0.16704449,0.2826976,0.65841854,-0.57992613,0.43220657,-0.20825042
1783532929.9021,26,left_handThumbStart_joint,0.22570771,0.0034047472,0.23175535,0.24661237,-0.10229676,0.9233909,-0.27580234
1783532929.9021,26,left_handThumb_1_joint,0.18671349,-0.026656989,0.25317967,0.24661237,-0.10229676,0.9233909,-0.27580234
1783532929.9021,26,left_handThumb_2_joint,0.15884005,-0.04814274,0.26849413,0.24661237,-0.10229675,0.9233909,-0.27580234
1783532929.9021,26,left_handThumbEnd_joint,0.14025776,-0.062466573,0.27870375,0.24661234,-0.10229672,0.9233909,-0.27580234
1783532929.9021,26,neck_1_joint,-0.0073134527,0.5752487,0.09699428,0.6062331,0.35099918,0.6218837,0.35006005
1783532929.9021,26,neck_2_joint,-0.007909843,0.60107774,0.11224243,0.5995732,0.362517,0.6139411,0.36355203
1783532929.9021,26,neck_3_joint,-0.008577224,0.63632214,0.13114713,0.58386797,0.38515675,0.60255605,0.38429043
1783532929.9021,26,neck_4_joint,-0.009490786,0.67283714,0.14745122,0.5672805,0.40711382,0.5912937,0.40351373
1783532929.9021,26,head_joint,-0.010891376,0.71617967,0.16382423,0.5107493,0.47417015,0.54305005,0.4683961
1783532929.9021,26,jaw_joint,-0.01002615,0.69079477,0.16602838,0.5107493,0.47417015,0.54305005,0.4683961
1783532929.9021,26,chin_joint,-0.010488192,0.62998664,0.2598483,0.5107493,0.47417015,0.54305005,0.4683961
1783532929.9021,26,left_eye_joint,0.017963843,0.74008423,0.25439137,0.5148652,0.4696977,0.54711443,0.46364218
1783532929.9021,26,left_eyeLowerLid_joint,0.017963843,0.74008423,0.25439137,0.5148652,0.4696977,0.54711443,0.46364218
1783532929.9021,26,left_eyeUpperLid_joint,0.017963843,0.74008423,0.25439137,0.5148652,0.4696977,0.54711443,0.46364218
1783532929.9021,26,left_eyeball_joint,0.017963843,0.74008423,0.25439137,0.5148652,0.4696977,0.54711443,0.46364218
1783532929.9021,26,nose_joint,-0.0135710975,0.70391065,0.27310506,0.5148676,0.469695,0.5471168,0.4636393
1783532929.9021,26,right_eye_joint,-0.04660156,0.73772305,0.25254303,0.5148652,0.4696977,0.54711443,0.46364218
1783532929.9021,26,right_eyeLowerLid_joint,-0.04660156,0.73772305,0.25254303,0.5148652,0.4696977,0.54711443,0.46364218
1783532929.9021,26,right_eyeUpperLid_joint,-0.04660156,0.73772305,0.25254303,0.5148652,0.4696977,0.54711443,0.46364218
1783532929.9021,26,right_eyeball_joint,-0.04660156,0.73772305,0.25254303,0.5148652,0.4696977,0.54711443,0.46364218
1783532929.9021,26,right_shoulder_1_joint,-0.09620043,0.5525861,0.08994325,0.77948356,0.16552678,0.04126317,0.6027469
1783532929.9021,26,right_arm_joint,-0.23280723,0.50794095,0.10955588,0.68454736,0.56231934,0.27607006,0.3727968
1783532929.9021,26,right_forearm_joint,-0.29003802,0.2484173,0.120539926,0.5068167,0.7478606,0.18338127,0.3875732
1783532929.9021,26,right_hand_joint,-0.24023607,0.007189064,0.22607218,0.17151445,0.48690662,0.5965286,0.61453956
1783532929.9021,26,right_handIndexStart_joint,-0.22337751,-0.0090128565,0.24278167,0.13048068,0.5276771,0.6073106,0.5794015
1783532929.9021,26,right_handIndex_1_joint,-0.19972299,-0.0765905,0.27916124,0.13048068,0.5276771,0.6073106,0.5794015
1783532929.9021,26,right_handIndex_2_joint,-0.18596996,-0.115880065,0.3003117,0.13048068,0.5276771,0.6073106,0.5794015
1783532929.9021,26,right_handIndex_3_joint,-0.17826872,-0.13788241,0.31215677,0.13048068,0.5276771,0.6073106,0.5794015
1783532929.9021,26,right_handIndexEnd_joint,-0.17276783,-0.1535981,0.32061744,0.13048068,0.5276771,0.6073106,0.5794015
1783532929.9021,26,right_handMidStart_joint,-0.23315997,-0.0154289575,0.23763283,0.17095782,0.48742223,0.59693295,0.613893
1783532929.9021,26,right_handMid_1_joint,-0.2188829,-0.08380979,0.26760945,0.17095782,0.48742223,0.59693295,0.613893
1783532929.9021,26,right_handMid_2_joint,-0.20885068,-0.13186052,0.2886743,0.17095782,0.48742223,0.59693295,0.613893
1783532929.9021,26,right_handMid_3_joint,-0.20306264,-0.15958227,0.30082697,0.17095782,0.48742223,0.59693295,0.613893
1783532929.9021,26,right_handMidEnd_joint,-0.19920424,-0.17806308,0.30892888,0.17095782,0.48742223,0.59693295,0.613893
1783532929.9021,26,right_handPinkyStart_joint,-0.25370768,-0.025758175,0.22213748,0.24695429,0.4122153,0.5985274,0.64098173
1783532929.9021,26,right_handPinky_1_joint,-0.25013182,-0.08741012,0.23692214,0.24695429,0.4122153,0.5985274,0.64098173
1783532929.9021,26,right_handPinky_2_joint,-0.24792339,-0.12548995,0.24605453,0.24695429,0.4122153,0.5985274,0.64098173
1783532929.9021,26,right_handPinky_3_joint,-0.24676624,-0.14543627,0.2508374,0.24695429,0.4122153,0.5985274,0.64098173
1783532929.9021,26,right_handPinkyEnd_joint,-0.2457146,-0.16356912,0.25518572,0.24695429,0.4122153,0.5985274,0.64098173
1783532929.9021,26,right_handRingStart_joint,-0.24254817,-0.020702893,0.23055114,0.20986809,0.45103154,0.59822243,0.6282167
1783532929.9021,26,right_handRing_1_joint,-0.23398462,-0.086428724,0.25259608,0.20986809,0.45103154,0.59822243,0.6282167
1783532929.9021,26,right_handRing_2_joint,-0.22793968,-0.13282305,0.26815686,0.20986809,0.45103154,0.59822243,0.6282167
1783532929.9021,26,right_handRing_3_joint,-0.2241618,-0.16181983,0.2778829,0.20986809,0.45103154,0.59822243,0.6282167
1783532929.9021,26,right_handRingEnd_joint,-0.22164264,-0.18115158,0.28436628,0.20986809,0.45103154,0.59822243,0.6282167
1783532929.9021,26,right_handThumbStart_joint,-0.21546319,-0.009414559,0.23432782,0.24869113,0.9368151,0.10808538,0.22101617
1783532929.9021,26,right_handThumb_1_joint,-0.17365608,-0.037002783,0.25367564,0.24869113,0.9368151,0.10808537,0.22101617
1783532929.9021,26,right_handThumb_2_joint,-0.14377247,-0.056720182,0.26750618,0.24869113,0.9368151,0.10808536,0.22101617
1783532929.9021,26,right_handThumbEnd_joint,-0.123850055,-0.069865406,0.2767258,0.24869113,0.9368151,0.10808533,0.22101617
1783532929.9021,26,camera,0.11131241,0.064464115,-0.046332773,-0.08641952,-0.08426555,-0.6996406,0.70422584
1783532929.9351,27,root,-8.995239e-05,0.021091947,-0.0041934876,-0.06071368,-0.005157298,-0.0045395447,0.99813163
1783532929.9351,27,hips_joint,-8.995239e-05,0.021091947,-0.0041934876,-0.06071368,-0.005157298,-0.0045395447,0.99813163
1783532929.9351,27,left_upLeg_joint,0.10018922,-0.0044332766,0.0008745289,0.6140506,-0.36434144,0.6009997,-0.3591608
1783532929.9351,27,left_leg_joint,0.1052884,-0.37464803,0.20147613,-0.25712293,0.66351414,-0.31820917,0.62640226
1783532929.9351,27,left_foot_joint,0.06732457,-0.71299237,-0.10382904,0.61158836,-0.36376092,0.6367914,-0.29687455
1783532929.9351,27,left_toes_joint,0.056050234,-0.8356512,-0.019935207,0.6694485,-0.24124986,0.6815169,-0.17079848
1783532929.9351,27,left_toesEnd_joint,0.053300653,-0.86936706,0.03041703,0.6694485,-0.24124962,0.68151695,-0.17079867
1783532929.9351,27,right_upLeg_joint,-0.10087175,-0.0027322054,-0.0013065818,0.355558,0.5771784,0.41148114,0.6092019
1783532929.9351,27,right_leg_joint,-0.098807044,-0.38668114,0.17160499,0.59722674,0.32262203,0.66736096,0.30637324
1783532929.9351,27,right_foot_joint,-0.053573284,-0.74991065,-0.102525674,0.2711863,0.62227166,0.336417,0.65273243
1783532929.9351,27,right_toes_joint,-0.05345455,-0.86566114,-0.008652001,0.14832853,0.66239166,0.20660268,0.70466393
1783532929.9351,27,right_toesEnd_joint,-0.05570535,-0.89524335,0.044257745,0.14832902,0.6623918,0.2066022,0.7046638
1783532929.9351,27,spine_1_joint,-8.9972156e-05,0.021091947,-0.004193488,0.46157956,0.53318363,0.4674845,0.5330269
1783532929.9351,27,spine_2_joint,-0.0004153277,0.0781025,-0.012069012,0.46926028,0.5281933,0.47631595,0.523383
1783532929.9351,27,spine_3_joint,-0.0010904147,0.13532798,-0.018161701,0.4924727,0.50441897,0.5019733,0.5010538
1783532929.9351,27,spine_4_joint,-0.0017711712,0.18837455,-0.018748788,0.52707237,0.4657016,0.53663975,0.46619147
1783532929.9351,27,spine_5_joint,-0.002455175,0.25825152,-0.009705194,0.57093346,0.40883666,0.5792694,0.4139257
1783532929.9351,27,spine_6_joint,-0.0029658675,0.3468827,0.02112549,0.580434,0.39131042,0.59434444,0.395888
1783532929.9351,27,spine_7_joint,-0.0043375944,0.44564578,0.062504984,0.56208503,0.41643482,0.5806188,0.41656244
1783532929.9351,27,left_shoulder_1_joint,0.082725525,0.5554286,0.09370369,-0.61018497,0.0059886263,-0.1421717,0.77937514
1783532929.9351,27,left_arm_joint,0.22190116,0.522224,0.117516115,-0.35785487,0.29905117,-0.54856133,0.6939659
1783532929.9351,27,left_forearm_joint,0.2802314,0.262781,0.11154421,-0.41126573,0.17793874,-0.72653794,0.520904
1783532929.9351,27,left_hand_joint,0.24833246,0.020730667,0.22200754,0.6419395,-0.5793504,0.47315174,-0.1685053
1783532929.9351,27,left_handIndexStart_joint,0.23191054,0.004007299,0.24053192,0.6096913,-0.5894349,0.5135116,-0.13095337
1783532929.9351,27,left_handIndex_1_joint,0.21406108,-0.06451678,0.27842164,0.6096913,-0.5894349,0.5135116,-0.13095337
1783532929.9351,27,left_handIndex_2_joint,0.20368351,-0.10435636,0.30045053,0.6096913,-0.5894349,0.5135116,-0.13095337
1783532929.9351,27,left_handIndex_3_joint,0.19787206,-0.12666653,0.31278676,0.6096913,-0.5894349,0.5135116,-0.13095337
1783532929.9351,27,left_handIndexEnd_joint,0.19372103,-0.14260235,0.32159832,0.6096913,-0.5894349,0.5135116,-0.13095337
1783532929.9351,27,left_handMidStart_joint,0.24184194,-0.0018487239,0.23501375,0.64315194,-0.5790553,0.47124627,-0.17022787
1783532929.9351,27,left_handMid_1_joint,0.23311876,-0.07066343,0.2661056,0.64315194,-0.5790553,0.47124627,-0.17022787
1783532929.9351,27,left_handMid_2_joint,0.22698896,-0.11901972,0.2879539,0.64315194,-0.5790553,0.47124627,-0.17022787
1783532929.9351,27,left_handMid_3_joint,0.22345254,-0.14691757,0.30055872,0.64315194,-0.5790553,0.47124627,-0.17022787
1783532929.9351,27,left_handMidEnd_joint,0.22109492,-0.16551614,0.30896193,0.64315194,-0.5790553,0.47124627,-0.17022787
1783532929.9351,27,left_handPinkyStart_joint,0.26230663,-0.011054346,0.21872094,0.6689906,-0.58179134,0.3931718,-0.24369304
1783532929.9351,27,left_handPinky_1_joint,0.26318738,-0.07265399,0.23412,0.6689906,-0.58179134,0.3931718,-0.24369304
1783532929.9351,27,left_handPinky_2_joint,0.26373133,-0.11070083,0.24363118,0.6689906,-0.58179134,0.3931718,-0.24369304
1783532929.9351,27,left_handPinky_3_joint,0.26401627,-0.13063012,0.24861324,0.6689906,-0.58179134,0.3931718,-0.24369304
1783532929.9351,27,left_handPinkyEnd_joint,0.2642753,-0.14874767,0.25314236,0.6689906,-0.58179134,0.3931718,-0.24369304
1783532929.9351,27,left_handRingStart_joint,0.25122643,-0.0066078063,0.22757171,0.65689546,-0.5809055,0.4333782,-0.20789513
1783532929.9351,27,left_handRing_1_joint,0.24769641,-0.07250452,0.25047138,0.65689546,-0.5809055,0.4333782,-0.20789513
1783532929.9351,27,left_handRing_2_joint,0.24520466,-0.119019836,0.26663586,0.65689546,-0.5809055,0.4333782,-0.20789513
1783532929.9351,27,left_handRing_3_joint,0.2436473,-0.14809191,0.27673864,0.65689546,-0.5809055,0.4333782,-0.20789513
1783532929.9351,27,left_handRingEnd_joint,0.24260905,-0.16747329,0.28347382,0.65689546,-0.5809055,0.4333782,-0.20789513
1783532929.9351,27,left_handThumbStart_joint,0.22368169,0.0030326832,0.23243326,0.24552085,-0.1023305,0.92418903,-0.2740851
1783532929.9351,27,left_handThumb_1_joint,0.18452835,-0.026871165,0.25378826,0.24552085,-0.1023305,0.92418903,-0.2740851
1783532929.9351,27,left_handThumb_2_joint,0.1565412,-0.04824405,0.26905316,0.24552085,-0.102330476,0.92418903,-0.2740851
1783532929.9351,27,left_handThumbEnd_joint,0.13788308,-0.062492646,0.27922976,0.2455208,-0.102330446,0.92418903,-0.2740851
1783532929.9351,27,neck_1_joint,-0.007046926,0.57526493,0.097111605,0.6058931,0.3503236,0.62227017,0.35063782
1783532929.9351,27,neck_2_joint,-0.0076437304,0.6010919,0.11236315,0.5992474,0.36183357,0.6143157,0.36413655
1783532929.9351,27,neck_3_joint,-0.008308313,0.63633376,0.13127278,0.5835656,0.38446394,0.6029081,0.38489044
1783532929.9351,27,neck_4_joint,-0.0092131635,0.6728468,0.14758155,0.56700104,0.4064135,0.59162307,0.40412882
1783532929.9351,27,head_joint,-0.010598142,0.7161879,0.1639596,0.51055276,0.4734456,0.5433018,0.46905053
1783532929.9351,27,jaw_joint,-0.009762935,0.69080174,0.16616087,0.51055276,0.4734456,0.5433018,0.46905053
1783532929.9351,27,chin_joint,-0.0104536,0.62997806,0.2599692,0.51055276,0.4734456,0.5433018,0.46905053
1783532929.9351,27,left_eye_joint,0.018121302,0.7400472,0.25458178,0.5146623,0.46897486,0.54737186,0.4642944
1783532929.9351,27,left_eyeLowerLid_joint,0.018121302,0.7400472,0.25458178,0.5146623,0.46897486,0.54737186,0.4642944
1783532929.9351,27,left_eyeUpperLid_joint,0.018121302,0.7400472,0.25458178,0.5146623,0.46897486,0.54737186,0.4642944
1783532929.9351,27,left_eyeball_joint,0.018121302,0.7400472,0.25458178,0.5146623,0.46897486,0.54737186,0.4642944
1783532929.9351,27,nose_joint,-0.013483903,0.7039029,0.27323332,0.5146647,0.46897215,0.5473743,0.46429154
1783532929.9351,27,right_eye_joint,-0.04644311,0.7377528,0.2526188,0.5146623,0.46897486,0.54737186,0.4642944
1783532929.9351,27,right_eyeLowerLid_joint,-0.04644311,0.7377528,0.2526188,0.5146623,0.46897486,0.54737186,0.4642944
1783532929.9351,27,right_eyeUpperLid_joint,-0.04644311,0.7377528,0.2526188,0.5146623,0.46897486,0.54737186,0.4642944
1783532929.9351,27,right_eyeball_joint,-0.04644311,0.7377528,0.2526188,0.5146623,0.46897486,0.54737186,0.4642944
1783532929.9351,27,right_shoulder_1_joint,-0.09594452,0.552695,0.08989932,0.7796423,0.16485116,0.04260889,0.60263306
1783532929.9351,27,right_arm_joint,-0.23258334,0.5079611,0.109082095,0.68421817,0.5615423,0.27765012,0.37339818
1783532929.9351,27,right_forearm_joint,-0.28981322,0.24841659,0.11956491,0.5075142,0.7462075,0.18458168,0.3892726
1783532929.9351,27,right_hand_joint,-0.2410983,0.006940994,0.22503833,0.17104873,0.4848637,0.59649223,0.6163166
1783532929.9351,27,right_handIndexStart_joint,-0.224359,-0.009321853,0.24180838,0.13001707,0.52576095,0.60724324,0.5813143
1783532929.9351,27,right_handIndex_1_joint,-0.20104179,-0.07700049,0.2782178,0.13001707,0.52576095,0.60724324,0.5813143
1783532929.9351,27,right_handIndex_2_joint,-0.18748485,-0.11634878,0.2993856,0.13001707,0.52576095,0.60724324,0.5813143
1783532929.9351,27,right_handIndex_3_joint,-0.17989343,-0.138384,0.31124038,0.13001707,0.52576095,0.60724324,0.5813143
1783532929.9351,27,right_handIndexEnd_joint,-0.17447098,-0.15412317,0.319708,0.13001707,0.52576095,0.60724324,0.5813143
1783532929.9351,27,right_handMidStart_joint,-0.23413216,-0.015708053,0.23660496,0.17049134,0.48538134,0.5968963,0.6156722
1783532929.9351,27,right_handMid_1_joint,-0.22016351,-0.08415948,0.26656565,0.17049134,0.48538134,0.5968963,0.6156722
1783532929.9351,27,right_handMid_2_joint,-0.21034805,-0.1322598,0.28761932,0.17049134,0.48538134,0.5968963,0.6156722
1783532929.9351,27,right_handMid_3_joint,-0.20468505,-0.16001019,0.29976553,0.17049134,0.48538134,0.5968963,0.6156722
1783532929.9351,27,right_handMidEnd_joint,-0.20091002,-0.17851007,0.30786315,0.17049134,0.48538134,0.5968963,0.6156722
1783532929.9351,27,right_handPinkyStart_joint,-0.25463027,-0.025968798,0.22099887,0.2464095,0.4100173,0.59859407,0.64253634
1783532929.9351,27,right_handPinky_1_joint,-0.25127375,-0.087647066,0.23572488,0.2464095,0.4100173,0.59859407,0.64253634
1783532929.9351,27,right_handPinky_2_joint,-0.24920084,-0.12574315,0.24482104,0.2464095,0.4100173,0.59859407,0.64253634
1783532929.9351,27,right_handPinky_3_joint,-0.24811466,-0.14569797,0.24958494,0.2464095,0.4100173,0.59859407,0.64253634
1783532929.9351,27,right_handPinkyEnd_joint,-0.24712755,-0.16383855,0.25391603,0.2464095,0.4100173,0.59859407,0.64253634
1783532929.9351,27,right_handRingStart_joint,-0.24349903,-0.0209507,0.22947198,0.20936324,0.44890884,0.5982396,0.62988645
1783532929.9351,27,right_handRing_1_joint,-0.23519947,-0.086723685,0.25147703,0.20936324,0.44890884,0.5982396,0.62988645
1783532929.9351,27,right_handRing_2_joint,-0.22934087,-0.1331513,0.26700965,0.20936324,0.44890884,0.5982396,0.62988645
1783532929.9351,27,right_handRing_3_joint,-0.22567947,-0.1621689,0.2767181,0.20936324,0.44890884,0.5982396,0.62988645
1783532929.9351,27,right_handRingEnd_joint,-0.22323793,-0.1815145,0.28318974,0.20936324,0.44890884,0.5982396,0.62988645
1783532929.9351,27,right_handThumbStart_joint,-0.21640533,-0.0097324075,0.23339203,0.249696,0.9359168,0.1089848,0.22323486
1783532929.9351,27,right_handThumb_1_joint,-0.17475791,-0.037444957,0.25290576,0.249696,0.9359168,0.1089848,0.22323486
1783532929.9351,27,right_handThumb_2_joint,-0.14498846,-0.057251222,0.26685488,0.249696,0.9359168,0.10898478,0.22323486
1783532929.9351,27,right_handThumbEnd_joint,-0.12514216,-0.070455685,0.27615353,0.24969602,0.9359168,0.10898475,0.22323486
1783532929.9351,27,camera,0.1114214,0.06472405,-0.046022624,-0.086473174,-0.084087476,-0.69945115,0.7044287
1783532929.9684,28,root,-2.571088e-05,0.021289011,-0.00399545,-0.060728844,-0.0047948235,-0.0046759965,0.9981318
1783532929.9684,28,hips_joint,-2.571088e-05,0.021289011,-0.00399545,-0.060728844,-0.0047948235,-0.0046759965,0.9981318
1783532929.9684,28,left_upLeg_joint,0.100248925,-0.0042678285,0.0010023054,0.6130944,-0.3646121,0.60231644,-0.35831302
1783532929.9684,28,left_leg_joint,0.103847556,-0.37429717,0.20197827,-0.25385565,0.6638731,-0.31749025,0.6277181
1783532929.9684,28,left_foot_joint,0.06586603,-0.71071225,-0.10544937,0.6092376,-0.36605835,0.637037,-0.29835376
1783532929.9684,28,left_toes_joint,0.05399868,-0.833836,-0.022321815,0.66757584,-0.24395122,0.68203837,-0.17220439
1783532929.9684,28,left_toesEnd_joint,0.05100383,-0.8678429,0.027820233,0.66757584,-0.243951,0.68203837,-0.17220458
1783532929.9684,28,right_upLeg_joint,-0.10081299,-0.0025031613,-0.0010366652,0.35643965,0.5788652,0.4123493,0.6064931
1783532929.9684,28,right_leg_joint,-0.0965036,-0.3868918,0.17085367,0.6007058,0.32146636,0.6666779,0.30224583
1783532929.9684,28,right_foot_joint,-0.052784078,-0.7478049,-0.10656259,0.27463776,0.6235074,0.3384246,0.64906204
1783532929.9684,28,right_toes_joint,-0.05180268,-0.86431706,-0.013641071,0.15148321,0.6642592,0.20926955,0.7014406
1783532929.9684,28,right_toesEnd_joint,-0.05361835,-0.8943333,0.039040484,0.15148368,0.6642593,0.20926908,0.70144045
1783532929.9684,28,spine_1_joint,-2.5730656e-05,0.021289011,-0.0039954507,0.46172866,0.5332879,0.46689162,0.5333131
1783532929.9684,28,spine_2_joint,-0.0003001123,0.07829326,-0.011918427,0.46936452,0.5282408,0.4754958,0.5239872
1783532929.9684,28,spine_3_joint,-0.00089113286,0.1355113,-0.018089319,0.4925797,0.50437474,0.50104713,0.5019197
1783532929.9684,28,spine_4_joint,-0.001468578,0.18855807,-0.018763108,0.52716625,0.465564,0.53570414,0.46729788
1783532929.9684,28,spine_5_joint,-0.0019930464,0.2584526,-0.009845523,0.5709849,0.40861085,0.5784628,0.41520396
1783532929.9684,28,spine_6_joint,-0.002294398,0.3471406,0.020824153,0.5804287,0.39102474,0.5936574,0.3972064
1783532929.9684,28,spine_7_joint,-0.0034444337,0.4459783,0.06203185,0.56202173,0.41608697,0.58006966,0.41775885
1783532929.9684,28,left_shoulder_1_joint,0.0838353,0.55561584,0.09313607,-0.6106831,0.006289003,-0.14346293,0.7787459
1783532929.9684,28,left_arm_joint,0.22290286,0.52209145,0.11713102,-0.35747942,0.2989023,-0.55021095,0.692917
1783532929.9684,28,left_forearm_joint,0.2803162,0.26243445,0.11158499,-0.41071436,0.1779809,-0.72792274,0.5193894
1783532929.9684,28,left_hand_joint,0.24732979,0.020631675,0.22227114,0.6405877,-0.5802176,0.47423235,-0.16762754
1783532929.9684,28,left_handIndexStart_joint,0.2308181,0.0039925254,0.2407916,0.6082719,-0.5902429,0.5145031,-0.13002215
1783532929.9684,28,left_handIndex_1_joint,0.21265188,-0.06442,0.27873242,0.6082719,-0.5902429,0.5145031,-0.13002215
1783532929.9684,28,left_handIndex_2_joint,0.20209013,-0.10419472,0.300791,0.6082719,-0.5902429,0.5145031,-0.13002215
1783532929.9684,28,left_handIndex_3_joint,0.19617553,-0.12646857,0.31314385,0.6082719,-0.5902429,0.5145031,-0.13002215
1783532929.9684,28,left_handIndexEnd_joint,0.19195083,-0.14237846,0.32196727,0.6082719,-0.5902429,0.5145031,-0.13002215
1783532929.9684,28,left_handMidStart_joint,0.24073419,-0.0019080209,0.23529336,0.6418029,-0.57992476,0.4723309,-0.16935292
1783532929.9684,28,left_handMid_1_joint,0.23170225,-0.070654035,0.26644903,0.6418029,-0.57992476,0.4723309,-0.16935292
1783532929.9684,28,left_handMid_2_joint,0.22535549,-0.118962035,0.2883422,0.6418029,-0.57992476,0.4723309,-0.16935292
1783532929.9684,28,left_handMid_3_joint,0.22169389,-0.14683205,0.30097288,0.6418029,-0.57992476,0.4723309,-0.16935292
1783532929.9684,28,left_handMidEnd_joint,0.21925282,-0.16541204,0.30939332,0.6418029,-0.57992476,0.4723309,-0.16935292
1783532929.9684,28,left_handPinkyStart_joint,0.2611851,-0.011210859,0.21903852,0.6677297,-0.5827039,0.39441794,-0.24295683
1783532929.9684,28,left_handPinky_1_joint,0.26180625,-0.07279641,0.23450653,0.6677297,-0.5827039,0.39441794,-0.24295683
1783532929.9684,28,left_handPinky_2_joint,0.2621899,-0.11083455,0.24406028,0.6677297,-0.5827039,0.39441794,-0.24295683
1783532929.9684,28,left_handPinky_3_joint,0.26239085,-0.13075928,0.24906462,0.6677297,-0.5827039,0.39441794,-0.24295683
1783532929.9684,28,left_handPinkyEnd_joint,0.26257354,-0.14887267,0.25361404,0.6677297,-0.5827039,0.39441794,-0.24295683
1783532929.9684,28,left_handRingStart_joint,0.2501102,-0.0067116474,0.22786933,0.65558934,-0.5817968,0.43454623,-0.2070872
1783532929.9684,28,left_handRing_1_joint,0.24629383,-0.07256886,0.25083667,0.65558934,-0.5817968,0.43454623,-0.2070872
1783532929.9684,28,left_handRing_2_joint,0.2435999,-0.11905631,0.2670489,0.65558934,-0.5817968,0.43454623,-0.2070872
1783532929.9684,28,left_handRing_3_joint,0.24191621,-0.14811096,0.27718157,0.65558934,-0.5817968,0.43454623,-0.2070872
1783532929.9684,28,left_handRingEnd_joint,0.24079375,-0.16748074,0.28393668,0.65558934,-0.5817968,0.43454623,-0.2070872
1783532929.9684,28,left_handThumbStart_joint,0.22259648,0.0030408395,0.23268284,0.24484612,-0.10211027,0.92494106,-0.27222833
1783532929.9684,28,left_handThumb_1_joint,0.1832986,-0.026687512,0.25401747,0.24484612,-0.10211027,0.92494106,-0.27222833
1783532929.9684,28,left_handThumb_2_joint,0.15520814,-0.04793495,0.26926783,0.24484612,-0.10211025,0.92494106,-0.27222833
1783532929.9684,28,left_handThumbEnd_joint,0.13648118,-0.062099915,0.27943474,0.2448461,-0.10211023,0.92494106,-0.27222833
1783532929.9684,28,neck_1_joint,-0.005896092,0.5756532,0.09644843,0.6057899,0.34998253,0.6218572,0.35188705
1783532929.9684,28,neck_2_joint,-0.0064477473,0.6015036,0.11166206,0.5991499,0.36148903,0.6138772,0.3653765
1783532929.9684,28,neck_3_joint,-0.0070493105,0.6367742,0.13052006,0.5834821,0.38412055,0.60242474,0.38611493
1783532929.9684,28,neck_4_joint,-0.007886441,0.6733127,0.1467752,0.5669319,0.4060729,0.5910966,0.40533713
1783532929.9684,28,head_joint,-0.009188831,0.7166805,0.16308933,0.5105276,0.47310743,0.5426349,0.47018987
1783532929.9684,28,jaw_joint,-0.008410738,0.69129586,0.16532804,0.5105276,0.47310743,0.5426349,0.47018987
1783532929.9684,28,chin_joint,-0.009303825,0.63061005,0.25922394,0.5105276,0.47310743,0.5426349,0.47018987
1783532929.9684,28,left_eye_joint,0.01951554,0.7406086,0.25369817,0.51463425,0.468637,0.5467149,0.46543956
1783532929.9684,28,left_eyeLowerLid_joint,0.01951554,0.7406086,0.25369817,0.51463425,0.468637,0.5467149,0.46543956
1783532929.9684,28,left_eyeUpperLid_joint,0.01951554,0.7406086,0.25369817,0.51463425,0.468637,0.5467149,0.46543956
1783532929.9684,28,left_eyeball_joint,0.01951554,0.7406086,0.25369817,0.51463425,0.468637,0.5467149,0.46543956
1783532929.9684,28,nose_joint,-0.012182389,0.70456046,0.27237862,0.5146367,0.46863422,0.5467174,0.46543664
1783532929.9684,28,right_eye_joint,-0.045052264,0.7384524,0.25169048,0.51463425,0.468637,0.5467149,0.46543956
1783532929.9684,28,right_eyeLowerLid_joint,-0.045052264,0.7384524,0.25169048,0.51463425,0.468637,0.5467149,0.46543956
1783532929.9684,28,right_eyeUpperLid_joint,-0.045052264,0.7384524,0.25169048,0.51463425,0.468637,0.5467149,0.46543956
1783532929.9684,28,right_eyeball_joint,-0.045052264,0.7384524,0.25169048,0.51463425,0.468637,0.5467149,0.46543956
1783532929.9684,28,right_shoulder_1_joint,-0.09483744,0.55326706,0.089202724,0.77952015,0.1640471,0.042791717,0.6029973
1783532929.9684,28,right_arm_joint,-0.23154846,0.5086844,0.10822243,0.6840793,0.5610984,0.27815586,0.37394315
1783532929.9684,28,right_forearm_joint,-0.2888939,0.24916176,0.118616246,0.5077028,0.7455677,0.18491742,0.39009276
1783532929.9684,28,right_hand_joint,-0.24062403,0.007633495,0.22417389,0.17070585,0.48415077,0.59637547,0.6170851
1783532929.9684,28,right_handIndexStart_joint,-0.223934,-0.008646479,0.24097642,0.12968248,0.5251027,0.60710365,0.5821298
1783532929.9684,28,right_handIndex_1_joint,-0.20075515,-0.07634963,0.2774287,0.12968248,0.5251027,0.60710365,0.5821298
1783532929.9684,28,right_handIndex_2_joint,-0.18727867,-0.11571217,0.29862142,0.12968248,0.5251027,0.60710365,0.5821298
1783532929.9684,28,right_handIndex_3_joint,-0.1797323,-0.13775538,0.31049013,0.12968248,0.5251027,0.60710365,0.5821298
1783532929.9684,28,right_handIndexEnd_joint,-0.17434204,-0.15350024,0.31896773,0.12968248,0.5251027,0.60710365,0.5821298
1783532929.9684,28,right_handMidStart_joint,-0.23370294,-0.015022912,0.2357532,0.17014828,0.48466927,0.59677917,0.6164413
1783532929.9684,28,right_handMid_1_joint,-0.21986057,-0.083489425,0.26573807,0.17014828,0.48466927,0.59677917,0.6164413
1783532929.9684,28,right_handMid_2_joint,-0.21013382,-0.13160035,0.28680873,0.17014828,0.48466927,0.59677917,0.6164413
1783532929.9684,28,right_handMid_3_joint,-0.20452201,-0.15935683,0.29896477,0.17014828,0.48466927,0.59677917,0.6164413
1783532929.9684,28,right_handMidEnd_joint,-0.20078109,-0.1778608,0.30706888,0.17014828,0.48466927,0.59677917,0.6164413
1783532929.9684,28,right_handPinkyStart_joint,-0.2541799,-0.025262931,0.22010574,0.24602884,0.40924162,0.5985377,0.6432293
1783532929.9684,28,right_handPinky_1_joint,-0.25091267,-0.086945206,0.23483516,0.24602884,0.40924162,0.5985377,0.6432293
1783532929.9684,28,right_handPinky_2_joint,-0.2488949,-0.12504376,0.24393344,0.24602884,0.40924162,0.5985377,0.6432293
1783532929.9684,28,right_handPinky_3_joint,-0.24783759,-0.1449999,0.24869844,0.24602884,0.40924162,0.5985377,0.6432293
1783532929.9684,28,right_handPinkyEnd_joint,-0.24687675,-0.16314167,0.25303054,0.24602884,0.40924162,0.5985377,0.6432293
1783532929.9684,28,right_handRingStart_joint,-0.24306068,-0.020256087,0.22860128,0.20900151,0.44816375,0.5981534,0.630619
1783532929.9684,28,right_handRing_1_joint,-0.23486893,-0.08603826,0.25061938,0.20900151,0.44816375,0.5981534,0.630619
1783532929.9684,28,right_handRing_2_joint,-0.22908641,-0.13247237,0.26616117,0.20900151,0.44816375,0.5981534,0.630619
1783532929.9684,28,right_handRing_3_joint,-0.22547258,-0.16149402,0.27587542,0.20900151,0.44816375,0.5981534,0.630619
1783532929.9684,28,right_handRingEnd_joint,-0.22306275,-0.18084234,0.28235087,0.20900151,0.44816375,0.5981534,0.630619
1783532929.9684,28,right_handThumbStart_joint,-0.21596394,-0.009064335,0.2325759,0.25004804,0.93556976,0.1091492,0.22421403
1783532929.9684,28,right_handThumb_1_joint,-0.17438243,-0.036818363,0.25217113,0.250048,0.93556976,0.109149195,0.22421403
1783532929.9684,28,right_handThumb_2_joint,-0.14466009,-0.056654282,0.26617852,0.250048,0.93556976,0.10914917,0.22421403
1783532929.9684,28,right_handThumbEnd_joint,-0.12484518,-0.06987851,0.27551603,0.250048,0.93556976,0.10914915,0.22421403
1783532929.9684,28,camera,0.111538954,0.065090835,-0.045427587,-0.08573639,-0.084171355,-0.6992627,0.7046957
1783532930.0023,29,root,2.3692732e-05,0.021458132,-0.0038029489,-0.06102965,-0.0046600676,-0.0049944026,0.9981126
1783532930.0023,29,hips_joint,2.3692732e-05,0.021458132,-0.0038029489,-0.06102965,-0.0046600676,-0.0049944026,0.9981126
1783532930.0023,29,left_upLeg_joint,0.100282736,-0.0041614007,0.0011867639,0.6116548,-0.36437193,0.60506314,-0.35638505
1783532930.0023,29,left_leg_joint,0.10123595,-0.37347132,0.20351152,-0.24946146,0.6638268,-0.31760454,0.62946826
1783532930.0023,29,left_foot_joint,0.06324401,-0.7077818,-0.10620209,0.6057501,-0.3687318,0.63820624,-0.299661
1783532930.0023,29,left_toes_joint,0.050346687,-0.83136046,-0.023907041,0.66465807,-0.2472372,0.68343425,-0.17326629
1783532930.0023,29,left_toesEnd_joint,0.04692478,-0.86566323,0.026005639,0.6646582,-0.24723701,0.6834342,-0.17326649
1783532930.0023,29,right_upLeg_joint,-0.10077845,-0.0022662329,-0.0008064624,0.35739172,0.58063877,0.41273856,0.6039675
1783532930.0023,29,right_leg_joint,-0.09446677,-0.38697368,0.1703069,0.6048532,0.31977502,0.66548586,0.2983708
1783532930.0023,29,right_foot_joint,-0.053191595,-0.7454824,-0.11057966,0.27894565,0.6247335,0.33987588,0.6452765
1783532930.0023,29,right_toes_joint,-0.05146057,-0.8627944,-0.01868103,0.15548064,0.6662797,0.21141204,0.69799876
1783532930.0023,29,right_toesEnd_joint,-0.052840754,-0.8932649,0.033752345,0.1554811,0.66627973,0.2114116,0.69799864
1783532930.0023,29,spine_1_joint,2.3672956e-05,0.021458132,-0.003802949,0.46176487,0.5332539,0.4663659,0.5337755
1783532930.0023,29,spine_2_joint,-0.00019007406,0.07845535,-0.011778225,0.4693568,0.5281426,0.4749092,0.52462476
1783532930.0023,29,spine_3_joint,-0.00070497236,0.13566709,-0.018014068,0.49249643,0.5042477,0.50047266,0.50270176
1783532930.0023,29,spine_4_joint,-0.0012077638,0.18871371,-0.01875739,0.5269802,0.4654401,0.53522,0.46818528
1783532930.0023,29,spine_5_joint,-0.0016427346,0.25862157,-0.009939892,0.57063735,0.40857998,0.57815397,0.4161417
1783532930.0023,29,spine_6_joint,-0.0018729421,0.34735814,0.020589763,0.57985973,0.39113513,0.5935329,0.39811468
1783532930.0023,29,spine_7_joint,-0.0030107806,0.44626787,0.061624657,0.56112367,0.41638082,0.5801773,0.41852388
1783532930.0023,29,left_shoulder_1_joint,0.08418992,0.5559878,0.09266027,-0.6119796,0.0045247665,-0.14383729,0.7776708
1783532930.0023,29,left_arm_joint,0.22323185,0.52273446,0.11717562,-0.35747778,0.29667273,-0.55296016,0.69168687
1783532930.0023,29,left_forearm_joint,0.27973828,0.26285025,0.11316787,-0.40953454,0.17601928,-0.7308338,0.5168963
1783532930.0023,29,left_hand_joint,0.2448483,0.021756781,0.2248138,0.6381449,-0.58040285,0.47773772,-0.16634671
1783532930.0023,29,left_handIndexStart_joint,0.22814882,0.005295607,0.24332494,0.6056075,-0.59034365,0.51784396,-0.12873425
1783532930.0023,29,left_handIndex_1_joint,0.20940952,-0.062836766,0.28149056,0.6056075,-0.59034365,0.51784396,-0.12873425
1783532930.0023,29,left_handIndex_2_joint,0.1985146,-0.10244861,0.30367988,0.6056075,-0.59034365,0.51784396,-0.12873425
1783532930.0023,29,left_handIndex_3_joint,0.19241342,-0.12463125,0.3161059,0.6056075,-0.59034365,0.51784396,-0.12873425
1783532930.0023,29,left_handIndexEnd_joint,0.18805546,-0.14047599,0.3249816,0.6056075,-0.59034365,0.51784396,-0.12873425
1783532930.0023,29,left_handMidStart_joint,0.23806117,-0.00068482157,0.23790686,0.63936996,-0.5801133,0.47584355,-0.16807367
1783532930.0023,29,left_handMid_1_joint,0.22848968,-0.069232546,0.26933724,0.63936996,-0.5801133,0.47584355,-0.16807367
1783532930.0023,29,left_handMid_2_joint,0.22176376,-0.11740121,0.29142344,0.63936996,-0.5801133,0.47584355,-0.16807367
1783532930.0023,29,left_handMid_3_joint,0.21788342,-0.14519083,0.30416548,0.63936996,-0.5801133,0.47584355,-0.16807367
1783532930.0023,29,left_handMidEnd_joint,0.21529654,-0.16371724,0.3126602,0.63936996,-0.5801133,0.47584355,-0.16807367
1783532930.0023,29,left_handPinkyStart_joint,0.25854588,-0.010175728,0.22180393,0.66566736,-0.5829533,0.39820695,-0.24183577
1783532930.0023,29,left_handPinky_1_joint,0.25874868,-0.07168996,0.23756427,0.66566736,-0.5829533,0.39820695,-0.24183577
1783532930.0023,29,left_handPinky_2_joint,0.25887394,-0.10968404,0.2472986,0.66566736,-0.5829533,0.39820695,-0.24183577
1783532930.0023,29,left_handPinky_3_joint,0.25893953,-0.12958571,0.25239754,0.66566736,-0.5829533,0.39820695,-0.24183577
1783532930.0023,29,left_handPinkyEnd_joint,0.2589992,-0.14767814,0.25703293,0.66566736,-0.5829533,0.39820695,-0.24183577
1783532930.0023,29,left_handRingStart_joint,0.2474496,-0.0055745244,0.230555,0.65333945,-0.58201283,0.4382029,-0.20588313
1783532930.0023,29,left_handRing_1_joint,0.24315229,-0.07130065,0.25381115,0.65333945,-0.58201283,0.4382029,-0.20588313
1783532930.0023,29,left_handRing_2_joint,0.24011888,-0.11769557,0.27022728,0.65333945,-0.58201283,0.4382029,-0.20588313
1783532930.0023,29,left_handRing_3_joint,0.238223,-0.14669238,0.28048736,0.65333945,-0.58201283,0.4382029,-0.20588313
1783532930.0023,29,left_handRingEnd_joint,0.23695907,-0.1660236,0.2873274,0.65333945,-0.58201283,0.4382029,-0.20588313
1783532930.0023,29,left_handThumbStart_joint,0.21996479,0.0043503963,0.23517752,0.2427743,-0.0998819,0.92656,-0.2693912
1783532930.0023,29,left_handThumb_1_joint,0.18039332,-0.02506217,0.25644416,0.2427743,-0.0998819,0.92656,-0.2693912
1783532930.0023,29,left_handThumb_2_joint,0.15210733,-0.04608388,0.27164593,0.2427743,-0.09988189,0.92656,-0.2693912
1783532930.0023,29,left_handThumbEnd_joint,0.13325,-0.060098357,0.28178042,0.24277426,-0.099881865,0.92656,-0.26939118
1783532930.0023,29,neck_1_joint,-0.0055521703,0.576006,0.09579595,0.60513973,0.3501555,0.62198555,0.3526069
1783532930.0023,29,neck_2_joint,-0.0061206697,0.6018786,0.11097121,0.5984962,0.36164755,0.61399174,0.36609876
1783532930.0023,29,neck_3_joint,-0.006742656,0.63717663,0.12977706,0.58282256,0.38425782,0.60251075,0.3868402
1783532930.0023,29,neck_4_joint,-0.0075965235,0.673739,0.1459779,0.5662674,0.40619013,0.59115416,0.4060643
1783532930.0023,29,head_joint,-0.008914754,0.71713066,0.16222715,0.50985336,0.47314975,0.5426012,0.47091776
1783532930.0023,29,jaw_joint,-0.008143253,0.6917491,0.16450381,0.50985336,0.47314975,0.5426012,0.47091776
1783532930.0023,29,chin_joint,-0.009171309,0.6312001,0.25848666,0.50985336,0.47314975,0.5426012,0.47091776
1783532930.0023,29,left_eye_joint,0.019670982,0.7411865,0.25283968,0.5139604,0.46868515,0.5466876,0.4661677
1783532930.0023,29,left_eyeLowerLid_joint,0.019670982,0.7411865,0.25283968,0.5139604,0.46868515,0.5466876,0.4661677
1783532930.0023,29,left_eyeUpperLid_joint,0.019670982,0.7411865,0.25283968,0.5139604,0.46868515,0.5466876,0.4661677
1783532930.0023,29,left_eyeball_joint,0.019670982,0.7411865,0.25283968,0.5139604,0.46868515,0.5466876,0.4661677
1783532930.0023,29,nose_joint,-0.012057166,0.70517,0.27152985,0.5139629,0.46868247,0.54669005,0.46616486
1783532930.0023,29,right_eye_joint,-0.044894394,0.7390364,0.25074822,0.5139604,0.46868515,0.5466876,0.4661677
1783532930.0023,29,right_eyeLowerLid_joint,-0.044894394,0.7390364,0.25074822,0.5139604,0.46868515,0.5466876,0.4661677
1783532930.0023,29,right_eyeUpperLid_joint,-0.044894394,0.7390364,0.25074822,0.5139604,0.46868515,0.5466876,0.4661677
1783532930.0023,29,right_eyeball_joint,-0.044894394,0.7390364,0.25074822,0.5139604,0.46868515,0.5466876,0.4661677
1783532930.0023,29,right_shoulder_1_joint,-0.094475925,0.55358136,0.088453785,0.77892363,0.16410448,0.043810263,0.6036797
1783532930.0023,29,right_arm_joint,-0.23115589,0.50882727,0.10729328,0.6830484,0.5614408,0.2789479,0.37472367
1783532930.0023,29,right_forearm_joint,-0.2880622,0.2492146,0.117853,0.50671786,0.74551713,0.18531787,0.39127892
1783532930.0023,29,right_hand_joint,-0.23975317,0.007892132,0.22386289,0.16920535,0.48386955,0.5966649,0.6174394
1783532930.0023,29,right_handIndexStart_joint,-0.22308554,-0.008343462,0.24073051,0.12816542,0.52484727,0.6072898,0.5825022
1783532930.0023,29,right_handIndex_1_joint,-0.19991347,-0.07596714,0.2773344,0.12816542,0.52484727,0.6072898,0.5825022
1783532930.0023,29,right_handIndex_2_joint,-0.18644094,-0.11528347,0.29861528,0.12816542,0.52484727,0.6072898,0.5825022
1783532930.0023,29,right_handIndex_3_joint,-0.17889678,-0.13730079,0.31053337,0.12816542,0.52484727,0.6072898,0.5825022
1783532930.0023,29,right_handIndexEnd_joint,-0.17350811,-0.15302718,0.3190462,0.12816542,0.52484727,0.6072898,0.5825022
1783532930.0023,29,right_handMidStart_joint,-0.23283274,-0.014739599,0.23549077,0.16864736,0.4843889,0.59706724,0.61679566
1783532930.0023,29,right_handMid_1_joint,-0.21897945,-0.08314747,0.2656043,0.16864736,0.4843889,0.59706724,0.61679566
1783532930.0023,29,right_handMid_2_joint,-0.20924503,-0.1312172,0.28676534,0.16864736,0.4843889,0.59706724,0.61679566
1783532930.0023,29,right_handMid_3_joint,-0.20362881,-0.15894991,0.2989735,0.16864736,0.4843889,0.59706724,0.61679566
1783532930.0023,29,right_handMidEnd_joint,-0.19988495,-0.17743802,0.3071124,0.16864736,0.4843889,0.59706724,0.61679566
1783532930.0023,29,right_handPinkyStart_joint,-0.25325605,-0.025027296,0.21980453,0.24455608,0.40897685,0.59899193,0.64353675
1783532930.0023,29,right_handPinky_1_joint,-0.24994728,-0.0866853,0.23462616,0.24455608,0.40897685,0.59899193,0.64353675
1783532930.0023,29,right_handPinky_2_joint,-0.24790384,-0.124768876,0.24378137,0.24455608,0.40897685,0.59899193,0.64353675
1783532930.0023,29,right_handPinky_3_joint,-0.24683309,-0.14471714,0.24857618,0.24455608,0.40897685,0.59899193,0.64353675
1783532930.0023,29,right_handPinkyEnd_joint,-0.24586003,-0.16285177,0.25293538,0.24455608,0.40897685,0.59899193,0.64353675
1783532930.0023,29,right_handRingStart_joint,-0.24216525,-0.01999456,0.2283219,0.20751272,0.4478911,0.59852546,0.6309517
1783532930.0023,29,right_handRing_1_joint,-0.23394546,-0.085736215,0.2504504,0.20751272,0.4478911,0.59852546,0.6309517
1783532930.0023,29,right_handRing_2_joint,-0.22814317,-0.1321417,0.26607016,0.20751272,0.4478911,0.59852546,0.6309517
1783532930.0023,29,right_handRing_3_joint,-0.22451696,-0.16114548,0.2758331,0.20751272,0.4478911,0.59852546,0.6309517
1783532930.0023,29,right_handRingEnd_joint,-0.22209889,-0.18048187,0.28234106,0.20751272,0.4478911,0.59852546,0.6309517
1783532930.0023,29,right_handThumbStart_joint,-0.21509331,-0.008762393,0.23235112,0.24915084,0.9355151,0.10898137,0.2255194
1783532930.0023,29,right_handThumb_1_joint,-0.17352669,-0.036436055,0.2520912,0.24915081,0.9355151,0.10898137,0.2255194
1783532930.0023,29,right_handThumb_2_joint,-0.14381498,-0.056214523,0.26620215,0.24915081,0.9355151,0.108981356,0.2255194
1783532930.0023,29,right_handThumbEnd_joint,-0.12400717,-0.06940046,0.27560866,0.24915081,0.9355151,0.108981326,0.2255194
1783532930.0023,29,camera,0.111643985,0.06530548,-0.04505817,-0.085106075,-0.08416109,-0.69928914,0.70474714
1783532930.0352,30,root,4.519767e-05,0.021687279,-0.0035422395,-0.06203534,-0.0039294884,-0.0044796853,0.9980562
1783532930.0352,30,hips_joint,4.519767e-05,0.021687279,-0.0035422395,-0.06203534,-0.0039294884,-0.0044796853,0.9980562
1783532930.0352,30,left_upLeg_joint,0.10033553,-0.003829224,0.0013454192,0.61110425,-0.36364043,0.60679847,-0.35512337
1783532930.0352,30,left_leg_joint,0.09996596,-0.3724699,0.20488864,-0.2422836,0.6654769,-0.31303492,0.63280976
1783532930.0352,30,left_foot_joint,0.062603675,-0.7011139,-0.11090641,0.6011171,-0.37445724,0.63666964,-0.30510947
1783532930.0352,30,left_toes_joint,0.04902196,-0.82610583,-0.030887479,0.6611942,-0.25373697,0.6829581,-0.1789072
1783532930.0352,30,left_toesEnd_joint,0.04528393,-0.8612835,0.018389534,0.66119426,-0.25373676,0.6829581,-0.17890742
1783532930.0352,30,right_upLeg_joint,-0.10073014,-0.0021244264,-0.00034365058,0.35643306,0.58493906,0.41279328,0.6003361
1783532930.0352,30,right_leg_joint,-0.09015897,-0.38641945,0.17148496,0.61063373,0.3176328,0.664864,0.29015833
1783532930.0352,30,right_foot_joint,-0.050889213,-0.7402587,-0.115543194,0.28481725,0.62661195,0.34445095,0.63842803
1783532930.0352,30,right_toes_joint,-0.047524404,-0.8590004,-0.025545567,0.16088974,0.6692369,0.21720217,0.69214153
1783532930.0352,30,right_toesEnd_joint,-0.04812436,-0.8903018,0.026410922,0.1608902,0.66923696,0.21720167,0.6921415
1783532930.0352,30,spine_1_joint,4.5177894e-05,0.021687279,-0.0035422398,0.46136713,0.5341371,0.4654597,0.53402746
1783532930.0352,30,spine_2_joint,-0.0001798654,0.078664795,-0.011656748,0.46901834,0.5288041,0.47387522,0.5251957
1783532930.0352,30,spine_3_joint,-0.0006623244,0.13586038,-0.01804161,0.49223796,0.5046802,0.49948466,0.5035026
1783532930.0352,30,spine_4_joint,-0.0011066031,0.18890552,-0.01891621,0.52676624,0.46562034,0.5344517,0.46912315
1783532930.0352,30,spine_5_joint,-0.0014493441,0.25883222,-0.010245387,0.57038355,0.40854484,0.57771385,0.4171338
1783532930.0352,30,spine_6_joint,-0.0015792536,0.34761962,0.02013657,0.57942736,0.39098874,0.5933775,0.39911792
1783532930.0352,30,spine_7_joint,-0.002654178,0.44659027,0.061026063,0.560352,0.41627637,0.5802477,0.41956204
1783532930.0352,30,left_shoulder_1_joint,0.08455482,0.5563066,0.092050724,-0.6133875,0.0028002548,-0.14459719,0.7764275
1783532930.0352,30,left_arm_joint,0.22353683,0.5232391,0.117150106,-0.35783568,0.29391357,-0.55573654,0.690453
1783532930.0352,30,left_forearm_joint,0.27927247,0.2631667,0.114984386,-0.4084688,0.17336206,-0.73403007,0.5141003
1783532930.0352,30,left_hand_joint,0.24237062,0.022969913,0.22790858,0.63561124,-0.5802043,0.48188958,-0.16475496
1783532930.0352,30,left_handIndexStart_joint,0.22546977,0.006717397,0.24642134,0.6028108,-0.59004146,0.5218245,-0.1271612
1783532930.0352,30,left_handIndex_1_joint,0.20612304,-0.061070997,0.28489506,0.6028108,-0.59004146,0.5218245,-0.1271612
1783532930.0352,30,left_handIndex_2_joint,0.19487496,-0.10048285,0.30726352,0.6028108,-0.59004146,0.5218245,-0.1271612
1783532930.0352,30,left_handIndex_3_joint,0.18857601,-0.1225535,0.31978986,0.6028108,-0.59004146,0.5218245,-0.1271612
1783532930.0352,30,left_handIndexEnd_joint,0.18407676,-0.13831824,0.32873726,0.6028108,-0.59004146,0.5218245,-0.1271612
1783532930.0352,30,left_handMidStart_joint,0.23538034,0.00064827915,0.24109945,0.63684803,-0.57991886,0.48000294,-0.16648248
1783532930.0352,30,left_handMid_1_joint,0.22523867,-0.06764837,0.27289534,0.63684803,-0.57991886,0.48000294,-0.16648248
1783532930.0352,30,left_handMid_2_joint,0.21811208,-0.11564062,0.2952384,0.63684803,-0.57991886,0.48000294,-0.16648248
1783532930.0352,30,left_handMid_3_joint,0.2140006,-0.14332846,0.30812863,0.63684803,-0.57991886,0.48000294,-0.16648248
1783532930.0352,30,left_handMidEnd_joint,0.2112596,-0.161787,0.31672212,0.63684803,-0.57991886,0.48000294,-0.16648248
1783532930.0352,30,left_handPinkyStart_joint,0.25590646,-0.009056492,0.2251778,0.6635962,-0.582854,0.40266055,-0.24038759
1783532930.0352,30,left_handPinky_1_joint,0.255671,-0.070471734,0.24131899,0.6635962,-0.582854,0.40266055,-0.24038759
1783532930.0352,30,left_handPinky_2_joint,0.25552553,-0.10840468,0.25128853,0.6635962,-0.582854,0.40266055,-0.24038759
1783532930.0352,30,left_handPinky_3_joint,0.25544935,-0.12827432,0.2565107,0.6635962,-0.582854,0.40266055,-0.24038759
1783532930.0352,30,left_handPinkyEnd_joint,0.2553801,-0.14633763,0.2612581,0.6635962,-0.582854,0.40266055,-0.24038759
1783532930.0352,30,left_handRingStart_joint,0.24478456,-0.004339244,0.23383401,0.651041,-0.5818618,0.44251582,-0.20435901
1783532930.0352,30,left_handRing_1_joint,0.2399811,-0.06989459,0.25746998,0.651041,-0.5818618,0.44251582,-0.20435901
1783532930.0352,30,left_handRing_2_joint,0.23659042,-0.11616895,0.2741542,0.651041,-0.5818618,0.44251582,-0.20435901
1783532930.0352,30,left_handRing_3_joint,0.23447125,-0.14509043,0.2845818,0.651041,-0.5818618,0.44251582,-0.20435901
1783532930.0352,30,left_handRingEnd_joint,0.23305847,-0.16437142,0.29153356,0.651041,-0.5818618,0.44251582,-0.20435901
1783532930.0352,30,left_handThumbStart_joint,0.21732897,0.005767194,0.23823129,0.24057555,-0.09688801,0.92833096,-0.26634198
1783532930.0352,30,left_handThumb_1_joint,0.17746799,-0.023291698,0.25944328,0.24057555,-0.09688801,0.92833096,-0.26634198
1783532930.0352,30,left_handThumb_2_joint,0.14897506,-0.04406059,0.27460596,0.24057555,-0.096888,0.92833096,-0.26634198
1783532930.0352,30,left_handThumbEnd_joint,0.12997977,-0.05790653,0.2847144,0.24057555,-0.09688795,0.92833096,-0.26634198
1783532930.0352,30,neck_1_joint,-0.005180585,0.57638544,0.094980754,0.60458016,0.34989846,0.6221232,0.35357708
1783532930.0352,30,neck_2_joint,-0.005748553,0.6022761,0.110125184,0.5979417,0.36137772,0.61411005,0.36707085
1783532930.0352,30,neck_3_joint,-0.0063665533,0.6375964,0.12888925,0.58227766,0.38397163,0.6025919,0.38781685
1783532930.0352,30,neck_4_joint,-0.0072106505,0.6741783,0.14504646,0.5657325,0.4058893,0.5911985,0.40704444
1783532930.0352,30,head_joint,-0.008512158,0.7175899,0.16124341,0.50935733,0.47279388,0.542525,0.47189805
1783532930.0352,30,jaw_joint,-0.0077707386,0.6922103,0.16355066,0.50935733,0.47279388,0.542525,0.47189805
1783532930.0352,30,chin_joint,-0.009023094,0.6317709,0.25760123,0.50935733,0.47279388,0.542525,0.47189805
1783532930.0352,30,left_eye_joint,0.019942218,0.741721,0.25187728,0.5134613,0.46833366,0.54661995,0.4671485
1783532930.0352,30,left_eyeLowerLid_joint,0.019942218,0.741721,0.25187728,0.5134613,0.46833366,0.54661995,0.4671485
1783532930.0352,30,left_eyeUpperLid_joint,0.019942218,0.741721,0.25187728,0.5134613,0.46833366,0.54661995,0.4671485
1783532930.0352,30,left_eyeball_joint,0.019942218,0.741721,0.25187728,0.5134613,0.46833366,0.54661995,0.4671485
1783532930.0352,30,nose_joint,-0.011855164,0.70575875,0.27055418,0.51346374,0.46833095,0.5466224,0.46714565
1783532930.0352,30,right_eye_joint,-0.0446216,0.7396348,0.24967697,0.5134613,0.46833366,0.54661995,0.4671485
1783532930.0352,30,right_eyeLowerLid_joint,-0.0446216,0.7396348,0.24967697,0.5134613,0.46833366,0.54661995,0.4671485
1783532930.0352,30,right_eyeUpperLid_joint,-0.0446216,0.7396348,0.24967697,0.5134613,0.46833366,0.54661995,0.4671485
1783532930.0352,30,right_eyeball_joint,-0.0446216,0.7396348,0.24967697,0.5134613,0.46833366,0.54661995,0.4671485
1783532930.0352,30,right_shoulder_1_joint,-0.09410393,0.55400383,0.08750379,0.77836806,0.16348417,0.04488498,0.60448444
1783532930.0352,30,right_arm_joint,-0.2308152,0.50921756,0.10603719,0.6820418,0.5614067,0.27972016,0.3760293
1783532930.0352,30,right_forearm_joint,-0.28751227,0.24956965,0.116849266,0.5047208,0.74595267,0.1851503,0.39310414
1783532930.0352,30,right_hand_joint,-0.23888847,0.008781299,0.22392383,0.16651203,0.48431808,0.5967931,0.61769545
1783532930.0352,30,right_handIndexStart_joint,-0.22222856,-0.00734606,0.2409025,0.12546988,0.5253138,0.6072334,0.58272654
1783532930.0352,30,right_handIndex_1_joint,-0.19898875,-0.074768506,0.277833,0.12546988,0.5253138,0.6072334,0.58272654
1783532930.0352,30,right_handIndex_2_joint,-0.18547684,-0.113967836,0.29930383,0.12546988,0.5253138,0.6072334,0.58272654
1783532930.0352,30,right_handIndex_3_joint,-0.17791061,-0.13591966,0.31132826,0.12546988,0.5253138,0.6072334,0.58272654
1783532930.0352,30,right_handIndexEnd_joint,-0.17250618,-0.15159924,0.31991708,0.12546988,0.5253138,0.6072334,0.58272654
1783532930.0352,30,right_handMidStart_joint,-0.23194355,-0.013787646,0.23565859,0.165954,0.4848384,0.5971928,0.6170509
1783532930.0352,30,right_handMid_1_joint,-0.2180012,-0.08204346,0.26607436,0.165954,0.4848384,0.5971928,0.6170509
1783532930.0352,30,right_handMid_2_joint,-0.20820421,-0.13000633,0.2874478,0.165954,0.4848384,0.5971928,0.6170509
1783532930.0352,30,right_handMid_3_joint,-0.20255187,-0.1576774,0.29977852,0.165954,0.4848384,0.5971928,0.6170509
1783532930.0352,30,right_handMidEnd_joint,-0.19878395,-0.17612441,0.30799907,0.165954,0.4848384,0.5971928,0.6170509
1783532930.0352,30,right_handPinkyStart_joint,-0.2522935,-0.02418859,0.21995172,0.24190687,0.40949,0.5994086,0.6438232
1783532930.0352,30,right_handPinky_1_joint,-0.24886794,-0.08578062,0.2350189,0.24190687,0.40949,0.5994086,0.6438232
1783532930.0352,30,right_handPinky_2_joint,-0.24675237,-0.12382344,0.24432579,0.24190687,0.40949,0.5994086,0.6438232
1783532930.0352,30,right_handPinky_3_joint,-0.24564384,-0.14375037,0.24920005,0.24190687,0.40949,0.5994086,0.6438232
1783532930.0352,30,right_handPinkyEnd_joint,-0.24463642,-0.16186559,0.2536315,0.24190687,0.40949,0.5994086,0.6438232
1783532930.0352,30,right_handRingStart_joint,-0.24124107,-0.019094357,0.22848241,0.20483758,0.44837335,0.59879667,0.6312254
1783532930.0352,30,right_handRing_1_joint,-0.23291549,-0.08472923,0.2508865,0.20483758,0.44837335,0.59879667,0.6312254
1783532930.0352,30,right_handRing_2_joint,-0.22703853,-0.13105935,0.26670077,0.20483758,0.44837335,0.59879667,0.6312254
1783532930.0352,30,right_handRing_3_joint,-0.22336566,-0.16001602,0.27658528,0.20483758,0.44837335,0.59879667,0.6312254
1783532930.0352,30,right_handRingEnd_joint,-0.22091648,-0.179321,0.28317428,0.20483758,0.44837335,0.59879667,0.6312254
1783532930.0352,30,right_handThumbStart_joint,-0.21421054,-0.0077760885,0.23254837,0.24733642,0.93571216,0.10785447,0.22723295
1783532930.0352,30,right_handThumb_1_joint,-0.17263055,-0.035265256,0.2525166,0.24733642,0.93571216,0.10785447,0.22723295
1783532930.0352,30,right_handThumb_2_joint,-0.14290932,-0.054911852,0.26679057,0.24733642,0.93571216,0.107854456,0.22723295
1783532930.0352,30,right_handThumbEnd_joint,-0.12309515,-0.06800987,0.2763058,0.2473364,0.93571216,0.10785442,0.22723295
1783532930.0352,30,camera,0.111904114,0.065621644,-0.044327095,-0.08425967,-0.08368848,-0.6992326,0.7049613
1783532930.0686,31,root,-2.7975966e-05,0.022405636,-0.003032114,-0.06823178,-0.003650254,-0.0032825975,0.9976574
1783532930.0686,31,hips_joint,-2.7975966e-05,0.022405636,-0.003032114,-0.06823178,-0.003650254,-0.0032825975,0.9976574
1783532930.0686,31,left_upLeg_joint,0.10032458,-0.0028176426,0.002094702,0.613258,-0.35655645,0.6102405,-0.3526876
1783532930.0686,31,left_leg_joint,0.10072379,-0.36823672,0.21136658,-0.2330407,0.6658494,-0.30219966,0.641102
1783532930.0686,31,left_foot_joint,0.069004886,-0.68735516,-0.11464977,0.5940707,-0.3804504,0.6332537,-0.31831908
1783532930.0686,31,left_toes_joint,0.055367667,-0.8148045,-0.038615882,0.65541154,-0.2609571,0.6821078,-0.19252487
1783532930.0686,31,left_toesEnd_joint,0.051319625,-0.8514866,0.009526539,0.6554116,-0.26095688,0.68210775,-0.19252509
1783532930.0686,31,right_upLeg_joint,-0.100745685,-0.0015959883,0.0005399221,0.3474017,0.59414375,0.40709162,0.60048443
1783532930.0686,31,right_leg_joint,-0.08497115,-0.3813031,0.18190452,0.6159767,0.31610438,0.6652457,0.27946165
1783532930.0686,31,right_foot_joint,-0.046123035,-0.7294264,-0.112085834,0.2899658,0.62870365,0.35134783,0.630243
1783532930.0686,31,right_toes_joint,-0.040545195,-0.84976566,-0.024348687,0.16554856,0.6722665,0.22552542,0.6854121
1783532930.0686,31,right_toesEnd_joint,-0.04020502,-0.882021,0.027023425,0.16554902,0.67226666,0.22552495,0.685412
1783532930.0686,31,spine_1_joint,-2.7995742e-05,0.022405636,-0.0030321141,0.45830205,0.53705895,0.46291104,0.535948
1783532930.0686,31,spine_2_joint,-0.00034096304,0.07929452,-0.011743614,0.46687245,0.5309251,0.47192514,0.52672124
1783532930.0686,31,spine_3_joint,-0.00086985645,0.13643846,-0.018571762,0.4911878,0.50587535,0.49837682,0.5044255
1783532930.0686,31,spine_4_joint,-0.0013250023,0.18947928,-0.019673148,0.52674454,0.4657796,0.5342172,0.4692566
1783532930.0686,31,spine_5_joint,-0.0016533809,0.25941077,-0.011040663,0.5710535,0.40769303,0.57818407,0.41639838
1783532930.0686,31,spine_6_joint,-0.0017547852,0.3481138,0.019586802,0.58023745,0.3896878,0.5942328,0.39793885
1783532930.0686,31,spine_7_joint,-0.002829862,0.4469108,0.060893983,0.56082374,0.41525674,0.58126897,0.41852748
1783532930.0686,31,left_shoulder_1_joint,0.08430339,0.5565605,0.09236382,-0.61332613,0.0012876372,-0.14435415,0.77652526
1783532930.0686,31,left_arm_joint,0.22330755,0.5238128,0.11775806,-0.35825938,0.29182947,-0.5565842,0.69043475
1783532930.0686,31,left_forearm_joint,0.27919108,0.26376545,0.116647445,-0.40843338,0.17041843,-0.73605907,0.5122084
1783532930.0686,31,left_hand_joint,0.24123302,0.02440361,0.23098567,0.63444436,-0.57907444,0.4852815,-0.16326542
1783532930.0686,31,left_handIndexStart_joint,0.22421661,0.008314078,0.24953489,0.60142773,-0.5888173,0.5251348,-0.12574987
1783532930.0686,31,left_handIndex_1_joint,0.20454502,-0.059173543,0.28837097,0.60142773,-0.5888173,0.5251348,-0.12574987
1783532930.0686,31,left_handIndex_2_joint,0.19310804,-0.098410524,0.31095007,0.60142773,-0.5888173,0.5251348,-0.12574987
1783532930.0686,31,left_handIndex_3_joint,0.18670334,-0.12038324,0.3235944,0.60142773,-0.5888173,0.5251348,-0.12574987
1783532930.0686,31,left_handIndexEnd_joint,0.18212853,-0.13607804,0.33262604,0.60142773,-0.5888173,0.5251348,-0.12574987
1783532930.0686,31,left_handMidStart_joint,0.23413366,0.0021859526,0.24429329,0.635691,-0.5787931,0.48339853,-0.16499063
1783532930.0686,31,left_handMid_1_joint,0.22369295,-0.06587621,0.27649266,0.635691,-0.5787931,0.48339853,-0.16499063
1783532930.0686,31,left_handMid_2_joint,0.21635623,-0.11370367,0.29911926,0.635691,-0.5787931,0.48339853,-0.16499063
1783532930.0686,31,left_handMid_3_joint,0.2121235,-0.14129643,0.31217307,0.635691,-0.5787931,0.48339853,-0.16499063
1783532930.0686,31,left_handMidEnd_joint,0.2093017,-0.1596916,0.32087559,0.635691,-0.5787931,0.48339853,-0.16499063
1783532930.0686,31,left_handPinkyStart_joint,0.25470027,-0.007673139,0.2285194,0.6628345,-0.5818633,0.4062123,-0.23890929
1783532930.0686,31,left_handPinky_1_joint,0.25424647,-0.068980776,0.24506012,0.6628345,-0.5818633,0.4062123,-0.23890929
1783532930.0686,31,left_handPinky_2_joint,0.25396618,-0.10684726,0.25527644,0.6628345,-0.5818633,0.4062123,-0.23890929
1783532930.0686,31,left_handPinky_3_joint,0.25381938,-0.12668207,0.26062787,0.6628345,-0.5818633,0.4062123,-0.23890929
1783532930.0686,31,left_handPinkyEnd_joint,0.25368592,-0.14471373,0.26549277,0.6628345,-0.5818633,0.4062123,-0.23890929
1783532930.0686,31,left_handRingStart_joint,0.24355496,-0.0028720712,0.2370991,0.65008163,-0.58079886,0.4459939,-0.20287076
1783532930.0686,31,left_handRing_1_joint,0.23849244,-0.06825947,0.26114273,0.65008163,-0.58079886,0.4459939,-0.20287076
1783532930.0686,31,left_handRing_2_joint,0.23491889,-0.11441528,0.2781147,0.65008163,-0.58079886,0.4459939,-0.20287076
1783532930.0686,31,left_handRing_3_joint,0.23268543,-0.14326265,0.2887222,0.65008163,-0.58079886,0.4459939,-0.20287076
1783532930.0686,31,left_handRingEnd_joint,0.23119645,-0.16249426,0.29579383,0.65008163,-0.58079886,0.4459939,-0.20287076
1783532930.0686,31,left_handThumbStart_joint,0.21610686,0.007330352,0.24131802,0.2394301,-0.09360824,0.9294598,-0.2646046
1783532930.0686,31,left_handThumb_1_joint,0.17608778,-0.021491164,0.26255614,0.2394301,-0.09360824,0.9294598,-0.2646046
1783532930.0686,31,left_handThumb_2_joint,0.14748181,-0.042090386,0.27773747,0.2394301,-0.09360822,0.9294598,-0.2646046
1783532930.0686,31,left_handThumbEnd_joint,0.12841117,-0.055823207,0.28785834,0.23943007,-0.0936082,0.9294598,-0.26460463
1783532930.0686,31,neck_1_joint,-0.005444246,0.57658195,0.09531275,0.6050518,0.34871304,0.62299377,0.35240647
1783532930.0686,31,neck_2_joint,-0.0060275653,0.60241413,0.11055604,0.5984988,0.360141,0.61498946,0.36590385
1783532930.0686,31,neck_3_joint,-0.006660653,0.63765985,0.12945953,0.5829269,0.38270408,0.60349643,0.38668576
1783532930.0686,31,neck_4_joint,-0.007514277,0.67417604,0.14576417,0.56642187,0.40464026,0.5921451,0.40595144
1783532930.0686,31,head_joint,-0.008825947,0.71752167,0.16213602,0.5101843,0.47162807,0.543599,0.47093388
1783532930.0686,31,jaw_joint,-0.008083122,0.69213295,0.16434091,0.5101843,0.47162807,0.543599,0.47093388
1783532930.0686,31,chin_joint,-0.009366214,0.6313137,0.2581458,0.5101843,0.47162807,0.543599,0.47093388
1783532930.0686,31,left_eye_joint,0.01959134,0.7412886,0.25287765,0.51427805,0.46716064,0.5476855,0.46617508
1783532930.0686,31,left_eyeLowerLid_joint,0.01959134,0.7412886,0.25287765,0.51427805,0.46716064,0.5476855,0.46617508
1783532930.0686,31,left_eyeUpperLid_joint,0.01959134,0.7412886,0.25287765,0.51427805,0.46716064,0.5476855,0.46617508
1783532930.0686,31,left_eyeball_joint,0.01959134,0.7412886,0.25287765,0.51427805,0.46716064,0.5476855,0.46617508
1783532930.0686,31,nose_joint,-0.012209966,0.7052483,0.27139676,0.51428056,0.46715793,0.54768795,0.46617216
1783532930.0686,31,right_eye_joint,-0.04497142,0.7392056,0.250644,0.51427805,0.46716064,0.5476855,0.46617508
1783532930.0686,31,right_eyeLowerLid_joint,-0.04497142,0.7392056,0.250644,0.51427805,0.46716064,0.5476855,0.46617508
1783532930.0686,31,right_eyeUpperLid_joint,-0.04497142,0.7392056,0.250644,0.51427805,0.46716064,0.5476855,0.46617508
1783532930.0686,31,right_eyeball_joint,-0.04497142,0.7392056,0.250644,0.51427805,0.46716064,0.5476855,0.46617508
1783532930.0686,31,right_shoulder_1_joint,-0.09435147,0.55418104,0.08770287,0.7786014,0.16310355,0.04507508,0.60427254
1783532930.0686,31,right_arm_joint,-0.23109382,0.5094391,0.10611352,0.681892,0.5609915,0.2792759,0.37724924
1783532930.0686,31,right_forearm_joint,-0.28817093,0.24989419,0.117390074,0.503096,0.74656427,0.18345706,0.3948165
1783532930.0686,31,right_hand_joint,-0.23939233,0.0097789,0.22589645,0.16418384,0.4858257,0.595809,0.6180851
1783532930.0686,31,right_handIndexStart_joint,-0.22273156,-0.006232449,0.24298376,0.123215504,0.5268462,0.60609263,0.5830123
1783532930.0686,31,right_handIndex_1_joint,-0.19945516,-0.07341605,0.28032434,0.123215504,0.5268462,0.60609263,0.5830123
1783532930.0686,31,right_handIndex_2_joint,-0.18592195,-0.11247652,0.30203354,0.123215504,0.5268462,0.60609263,0.5830123
1783532930.0686,31,right_handIndex_3_joint,-0.17834383,-0.13435057,0.31419152,0.123215504,0.5268462,0.60609263,0.5830123
1783532930.0686,31,right_handIndexEnd_joint,-0.17293087,-0.14997461,0.32287568,0.123215504,0.5268462,0.60609263,0.5830123
1783532930.0686,31,right_handMidStart_joint,-0.23243454,-0.012714605,0.23776767,0.16362718,0.4863471,0.5962065,0.617439
1783532930.0686,31,right_handMid_1_joint,-0.21844837,-0.08077909,0.26858947,0.16362718,0.4863471,0.5962065,0.617439
1783532930.0686,31,right_handMid_2_joint,-0.20862058,-0.12860751,0.29024825,0.16362718,0.4863471,0.5962065,0.617439
1783532930.0686,31,right_handMid_3_joint,-0.20295049,-0.15620102,0.30274355,0.16362718,0.4863471,0.5962065,0.617439
1783532930.0686,31,right_handMidEnd_joint,-0.19917072,-0.17459632,0.31107384,0.16362718,0.4863471,0.5962065,0.617439
1783532930.0686,31,right_handPinkyStart_joint,-0.2527581,-0.023227775,0.22210138,0.23954214,0.41103336,0.59869033,0.6443922
1783532930.0686,31,right_handPinky_1_joint,-0.24928102,-0.084728315,0.23752631,0.23954214,0.41103336,0.59869033,0.6443922
1783532930.0686,31,right_handPinky_2_joint,-0.24713363,-0.122714624,0.24705419,0.23954214,0.41103336,0.59869033,0.6443922
1783532930.0686,31,right_handPinky_3_joint,-0.24600843,-0.14261197,0.2520442,0.23954214,0.41103336,0.59869033,0.6443922
1783532930.0686,31,right_handPinkyEnd_joint,-0.24498585,-0.16070028,0.25658086,0.23954214,0.41103336,0.59869033,0.6443922
1783532930.0686,31,right_handRingStart_joint,-0.24171941,-0.01807258,0.23061323,0.20248866,0.44990095,0.59794176,0.6317069
1783532930.0686,31,right_handRing_1_joint,-0.23334508,-0.083568364,0.25340295,0.20248866,0.44990095,0.59794176,0.6317069
1783532930.0686,31,right_handRing_2_joint,-0.22743371,-0.1298003,0.26948947,0.20248866,0.44990095,0.59794176,0.6317069
1783532930.0686,31,right_handRing_3_joint,-0.22373933,-0.1586956,0.27954412,0.20248866,0.44990095,0.59794176,0.6317069
1783532930.0686,31,right_handRingEnd_joint,-0.2212758,-0.17795968,0.28624654,0.20248866,0.44990095,0.59794176,0.6317069
1783532930.0686,31,right_handThumbStart_joint,-0.214705,-0.0067019165,0.23463996,0.24612549,0.9360421,0.10540154,0.22833818
1783532930.0686,31,right_handThumb_1_joint,-0.17311485,-0.03403078,0.25480622,0.24612549,0.9360421,0.10540154,0.22833818
1783532930.0686,31,right_handThumb_2_joint,-0.14338635,-0.053562783,0.26922175,0.24612549,0.9360421,0.10540152,0.22833818
1783532930.0686,31,right_handThumbEnd_joint,-0.12356733,-0.066584416,0.27883133,0.24612549,0.9360421,0.105401486,0.22833818
1783532930.0686,31,camera,0.112231135,0.0658777,-0.04375273,-0.08374813,-0.08368746,-0.6992964,0.70495903
1783532930.1024,32,root,-0.00017470251,0.022958893,-0.0028337191,-0.0738453,-0.0040475987,-0.0023420095,0.9972587
1783532930.1024,32,hips_joint,-0.00017470251,0.022958893,-0.0028337191,-0.0738453,-0.0040475987,-0.0023420095,0.9972587
1783532930.1024,32,left_upLeg_joint,0.10022188,-0.0020152354,0.002639119,0.61478907,-0.34945637,0.6142378,-0.35018095
1783532930.1024,32,left_leg_joint,0.10072069,-0.36410835,0.2176142,-0.22146128,0.6665436,-0.2898299,0.65013325
1783532930.1024,32,left_foot_joint,0.07485391,-0.67145646,-0.12002087,0.5853833,-0.38813773,0.6290855,-0.3330568
1783532930.1024,32,left_toes_joint,0.06102392,-0.8016299,-0.04878836,0.6483387,-0.2701516,0.6808085,-0.20778552
1783532930.1024,32,left_toesEnd_joint,0.056598272,-0.84004146,-0.0020483637,0.6483387,-0.27015138,0.6808085,-0.20778573
1783532930.1024,32,right_upLeg_joint,-0.1008493,-0.00119138,0.00094603444,0.33850288,0.602142,0.40354264,0.59999514
1783532930.1024,32,right_leg_joint,-0.07943958,-0.3767647,0.19017005,0.6215992,0.31110045,0.6687767,0.2637586
1783532930.1024,32,right_foot_joint,-0.039153747,-0.7149661,-0.114995785,0.29747772,0.6282318,0.36381122,0.6200589
1783532930.1024,32,right_toes_joint,-0.031095915,-0.83790815,-0.03114604,0.17301372,0.6732271,0.23969316,0.67777485
1783532930.1024,32,right_toesEnd_joint,-0.029799309,-0.8717485,0.019180536,0.17301421,0.6732273,0.23969273,0.67777467
1783532930.1024,32,spine_1_joint,-0.0001747223,0.022958893,-0.0028337196,0.4553019,0.53921103,0.46085992,0.5381075
1783532930.1024,32,spine_2_joint,-0.0005361982,0.07976311,-0.012079373,0.46477503,0.5322618,0.47043368,0.5285579
1783532930.1024,32,spine_3_joint,-0.0010668989,0.13685942,-0.019294811,0.49008483,0.5063319,0.49764535,0.50576025
1783532930.1024,32,spine_4_joint,-0.0014937874,0.1898961,-0.020588703,0.5265754,0.4652316,0.5343358,0.46985403
1783532930.1024,32,spine_5_joint,-0.0017677924,0.2598287,-0.011963101,0.5714843,0.4061609,0.57905155,0.4160984
1783532930.1024,32,spine_6_joint,-0.0018245646,0.3484339,0.018946182,0.5807398,0.38774753,0.59554005,0.39714614
1783532930.1024,32,spine_7_joint,-0.0029110953,0.4470387,0.06070976,0.56066537,0.41399515,0.5826567,0.41805902
1783532930.1024,32,left_shoulder_1_joint,0.08409944,0.5566296,0.09271938,-0.6129148,-0.0011827657,-0.14358862,0.7769919
1783532930.1024,32,left_arm_joint,0.22316763,0.52447426,0.11851694,-0.35855666,0.28953052,-0.5557255,0.6919382
1783532930.1024,32,left_forearm_joint,0.28027028,0.26469025,0.11794338,-0.4085915,0.16709685,-0.73659235,0.51240945
1783532930.1024,32,left_hand_joint,0.24249206,0.025815524,0.23335461,0.63469166,-0.57674277,0.48770642,-0.1633307
1783532930.1024,32,left_handIndexStart_joint,0.2254479,0.009777222,0.25192267,0.6015193,-0.58649486,0.52757066,-0.12596713
1783532930.1024,32,left_handIndex_1_joint,0.2058028,-0.05756229,0.29102826,0.6015193,-0.58649486,0.52757066,-0.12596713
1783532930.1024,32,left_handIndex_2_joint,0.19438124,-0.09671318,0.31376407,0.6015193,-0.58649486,0.52757066,-0.12596713
1783532930.1024,32,left_handIndex_3_joint,0.18798515,-0.11863767,0.32649612,0.6015193,-0.58649486,0.52757066,-0.12596713
1783532930.1024,32,left_handIndexEnd_joint,0.18341653,-0.13429803,0.33559042,0.6015193,-0.58649486,0.52757066,-0.12596713
1783532930.1024,32,left_handMidStart_joint,0.23539951,0.003647697,0.24674867,0.6359458,-0.57646143,0.4858229,-0.16504991
1783532930.1024,32,left_handMid_1_joint,0.22501108,-0.064276636,0.27925447,0.6359458,-0.57646143,0.4858229,-0.16504991
1783532930.1024,32,left_handMid_2_joint,0.2177111,-0.11200725,0.30209637,0.6359458,-0.57646143,0.4858229,-0.16504991
1783532930.1024,32,left_handMid_3_joint,0.21349958,-0.13954414,0.31527442,0.6359458,-0.57646143,0.4858229,-0.16504991
1783532930.1024,32,left_handMidEnd_joint,0.21069188,-0.15790206,0.32405975,0.6359458,-0.57646143,0.4858229,-0.16504991
1783532930.1024,32,left_handPinkyStart_joint,0.25604868,-0.0062391707,0.23110056,0.6634222,-0.57955724,0.4086017,-0.23880781
1783532930.1024,32,left_handPinky_1_joint,0.25568777,-0.06746317,0.24795035,0.6634222,-0.57955724,0.4086017,-0.23880781
1783532930.1024,32,left_handPinky_2_joint,0.25546485,-0.10527799,0.25835755,0.6634222,-0.57955724,0.4086017,-0.23880781
1783532930.1024,32,left_handPinky_3_joint,0.2553481,-0.12508576,0.26380894,0.6634222,-0.57955724,0.4086017,-0.23880781
1783532930.1024,32,left_handPinkyEnd_joint,0.25524193,-0.14309281,0.26876476,0.6634222,-0.57955724,0.4086017,-0.23880781
1783532930.1024,32,left_handRingStart_joint,0.24485987,-0.0014228821,0.23961483,0.6505036,-0.5784743,0.44840232,-0.20284991
1783532930.1024,32,left_handRing_1_joint,0.23987289,-0.06670022,0.26397118,0.6505036,-0.5784743,0.44840232,-0.20284991
1783532930.1024,32,left_handRing_2_joint,0.23635265,-0.112778336,0.2811639,0.6505036,-0.5784743,0.44840232,-0.20284991
1783532930.1024,32,left_handRing_3_joint,0.2341525,-0.14157717,0.29190937,0.6505036,-0.5784743,0.44840232,-0.20284991
1783532930.1024,32,left_handRingEnd_joint,0.23268573,-0.16077638,0.299073,0.6505036,-0.5784743,0.44840232,-0.20284991
1783532930.1024,32,left_handThumbStart_joint,0.21737096,0.008731409,0.24368124,0.2385098,-0.090464436,0.92979854,-0.26533768
1783532930.1024,32,left_handThumb_1_joint,0.1773464,-0.020083155,0.26491842,0.2385098,-0.090464436,0.92979854,-0.26533768
1783532930.1024,32,left_handThumb_2_joint,0.14873652,-0.040677402,0.28009903,0.2385098,-0.09046442,0.92979854,-0.26533768
1783532930.1024,32,left_handThumbEnd_joint,0.12966327,-0.054406907,0.29021946,0.23850979,-0.090464406,0.92979854,-0.2653377
1783532930.1024,32,neck_1_joint,-0.005663514,0.5766044,0.09551244,0.6048177,0.3474284,0.62427795,0.35180402
1783532930.1024,32,neck_2_joint,-0.006289279,0.6023897,0.1108333,0.59832853,0.35882387,0.616259,0.36534008
1783532930.1024,32,neck_3_joint,-0.006971652,0.63757676,0.1298439,0.58282167,0.3813633,0.6047673,0.38618317
1783532930.1024,32,neck_4_joint,-0.00786617,0.67404217,0.14625953,0.5663581,0.4032944,0.59343237,0.40549985
1783532930.1024,32,head_joint,-0.009219644,0.7173369,0.16276245,0.51027256,0.4702808,0.54493,0.47064754
1783532930.1024,32,jaw_joint,-0.008478992,0.6919415,0.16489042,0.51027256,0.4702808,0.54493,0.47064754
1783532930.1024,32,chin_joint,-0.00996743,0.6308321,0.25850353,0.51027256,0.4702808,0.54493,0.47064754
1783532930.1024,32,left_eye_joint,0.018989785,0.7408257,0.25364125,0.5143546,0.46581268,0.5490139,0.46587712
1783532930.1024,32,left_eyeLowerLid_joint,0.018989785,0.7408257,0.25364125,0.5143546,0.46581268,0.5490139,0.46587712
1783532930.1024,32,left_eyeUpperLid_joint,0.018989785,0.7408257,0.25364125,0.5143546,0.46581268,0.5490139,0.46587712
1783532930.1024,32,left_eyeball_joint,0.018989785,0.7408257,0.25364125,0.5143546,0.46581268,0.5490139,0.46587712
1783532930.1024,32,nose_joint,-0.012849326,0.704725,0.27197674,0.514357,0.46580997,0.54901636,0.46587425
1783532930.1024,32,right_eye_joint,-0.045567546,0.73874295,0.2512552,0.5143546,0.46581268,0.5490139,0.46587712
1783532930.1024,32,right_eyeLowerLid_joint,-0.045567546,0.73874295,0.2512552,0.5143546,0.46581268,0.5490139,0.46587712
1783532930.1024,32,right_eyeUpperLid_joint,-0.045567546,0.73874295,0.2512552,0.5143546,0.46581268,0.5490139,0.46587712
1783532930.1024,32,right_eyeball_joint,-0.045567546,0.73874295,0.2512552,0.5143546,0.46581268,0.5490139,0.46587712
1783532930.1024,32,right_shoulder_1_joint,-0.09454258,0.5541893,0.087621056,0.7792453,0.16145779,0.046017222,0.603813
1783532930.1024,32,right_arm_joint,-0.23141497,0.5096299,0.10550029,0.68213344,0.55931115,0.2805439,0.3783645
1783532930.1024,32,right_forearm_joint,-0.28911585,0.25020176,0.11627547,0.502131,0.74606067,0.18344747,0.39699456
1783532930.1024,32,right_hand_joint,-0.24074209,0.010395966,0.2256436,0.16210239,0.48542902,0.59549814,0.61924404
1783532930.1024,32,right_handIndexStart_joint,-0.2241478,-0.0055655516,0.24284182,0.12115982,0.52653104,0.6056405,0.5841957
1783532930.1024,32,right_handIndex_1_joint,-0.20101264,-0.07264185,0.2804619,0.12115982,0.52653104,0.6056405,0.5841957
1783532930.1024,32,right_handIndex_2_joint,-0.18756157,-0.11163994,0.30233362,0.12115982,0.52653104,0.6056405,0.5841957
1783532930.1024,32,right_handIndex_3_joint,-0.18002942,-0.13347904,0.31458256,0.12115982,0.52653104,0.6056405,0.5841957
1783532930.1024,32,right_handIndexEnd_joint,-0.17464933,-0.14907813,0.3233317,0.12115982,0.52653104,0.6056405,0.5841957
1783532930.1024,32,right_handMidStart_joint,-0.23382905,-0.012063482,0.2376051,0.16154581,0.48595217,0.5958936,0.6185982
1783532930.1024,32,right_handMid_1_joint,-0.21995792,-0.080040045,0.26867178,0.16154581,0.48595217,0.5958936,0.6185982
1783532930.1024,32,right_handMid_2_joint,-0.21021096,-0.12780668,0.29050267,0.16154581,0.48595217,0.5958936,0.6185982
1783532930.1024,32,right_handMid_3_joint,-0.20458752,-0.15536454,0.30309725,0.16154581,0.48595217,0.5958936,0.6185982
1783532930.1024,32,right_handMidEnd_joint,-0.20083883,-0.17373607,0.31149378,0.16154581,0.48595217,0.5958936,0.6185982
1783532930.1024,32,right_handPinkyStart_joint,-0.25408858,-0.022622893,0.22188705,0.23742282,0.4105932,0.59863573,0.6455064
1783532930.1024,32,right_handPinky_1_joint,-0.25066572,-0.08407977,0.23749687,0.23742282,0.4105932,0.59863573,0.6455064
1783532930.1024,32,right_handPinky_2_joint,-0.2485518,-0.1220391,0.24713892,0.23742282,0.4105932,0.59863573,0.6455064
1783532930.1024,32,right_handPinky_3_joint,-0.24744415,-0.14192232,0.25218874,0.23742282,0.4105932,0.59863573,0.6455064
1783532930.1024,32,right_handPinkyEnd_joint,-0.24643752,-0.15999779,0.25677976,0.23742282,0.4105932,0.59863573,0.6455064
1783532930.1024,32,right_handRingStart_joint,-0.24308464,-0.017442571,0.23042853,0.20038615,0.44948262,0.59775823,0.63284725
1783532930.1024,32,right_handRing_1_joint,-0.2347935,-0.08287353,0.2534337,0.20038615,0.44948262,0.59775823,0.63284725
1783532930.1024,32,right_handRing_2_joint,-0.22894086,-0.12905972,0.2696723,0.20038615,0.44948262,0.59775823,0.63284725
1783532930.1024,32,right_handRing_3_joint,-0.2252832,-0.15792643,0.27982202,0.20038615,0.44948262,0.59775823,0.63284725
1783532930.1024,32,right_handRingEnd_joint,-0.22284414,-0.17717144,0.28658783,0.20038615,0.44948262,0.59775823,0.63284725
1783532930.1024,32,right_handThumbStart_joint,-0.21608791,-0.006057179,0.23453149,0.24553691,0.93574536,0.104604796,0.23054262
1783532930.1024,32,right_handThumb_1_joint,-0.1745754,-0.033324283,0.25493968,0.24553691,0.93574536,0.10460479,0.23054262
1783532930.1024,32,right_handThumb_2_joint,-0.1449024,-0.052812137,0.26952812,0.24553691,0.93574536,0.104604766,0.23054262
1783532930.1024,32,right_handThumbEnd_joint,-0.12512039,-0.06580434,0.279253,0.24553691,0.93574536,0.10460474,0.23054262
1783532930.1024,32,camera,0.11275186,0.06647073,-0.042782806,-0.08356295,-0.08396709,-0.69936895,0.7048758
1783532930.1352,33,root,-0.00048774882,0.023731224,-0.0024977385,-0.081170104,-0.0037277376,-0.0029768047,0.9966888
1783532930.1352,33,hips_joint,-0.00048774882,0.023731224,-0.0024977385,-0.081170104,-0.0037277376,-0.0029768047,0.9966888
1783532930.1352,33,left_upLeg_joint,0.09987768,-0.0012983084,0.0032846993,0.6182248,-0.34249002,0.6187328,-0.343028
1783532930.1352,33,left_leg_joint,0.099768505,-0.3583738,0.22649537,-0.20720053,0.6709029,-0.27812994,0.65543926
1783532930.1352,33,left_foot_joint,0.07464678,-0.652247,-0.12298521,0.5768455,-0.40036392,0.62314737,-0.34444886
1783532930.1352,33,left_toes_joint,0.06015974,-0.7850613,-0.056947775,0.6422729,-0.28377438,0.6771372,-0.22009654
1783532930.1352,33,left_toesEnd_joint,0.055423446,-0.82525444,-0.011762109,0.64227283,-0.28377414,0.6771372,-0.22009677
1783532930.1352,33,right_upLeg_joint,-0.10119313,-0.00022202967,0.0016930617,0.32933897,0.60887706,0.39761007,0.60225475
1783532930.1352,33,right_leg_joint,-0.07691708,-0.37077513,0.20023902,0.62951666,0.29670158,0.67640936,0.24113715
1783532930.1352,33,right_foot_joint,-0.03524499,-0.6907855,-0.12377666,0.31259006,0.6217795,0.38377008,0.60695803
1783532930.1352,33,right_toes_joint,-0.025143823,-0.8181464,-0.047045767,0.18907511,0.66975605,0.26177332,0.6686943
1783532930.1352,33,right_toesEnd_joint,-0.023069449,-0.8547462,0.0012840176,0.18907556,0.6697563,0.26177287,0.6686942
1783532930.1352,33,spine_1_joint,-0.00048776862,0.023731224,-0.0024977385,0.45234936,0.5418584,0.45731214,0.54095745
1783532930.1352,33,spine_2_joint,-0.0008037352,0.08042031,-0.012426464,0.46286383,0.53394175,0.4680834,0.5306231
1783532930.1352,33,spine_3_joint,-0.0012867188,0.13745731,-0.020099746,0.48948017,0.5067307,0.49660882,0.5069641
1783532930.1352,33,spine_4_joint,-0.0016471075,0.19049004,-0.021565532,0.5272958,0.46402204,0.53454226,0.4700072
1783532930.1352,33,spine_5_joint,-0.0017936014,0.2604056,-0.012800202,0.5731669,0.40319976,0.58010733,0.41519278
1783532930.1352,33,spine_6_joint,-0.0016312766,0.34880096,0.018704059,0.5828322,0.38387966,0.5967688,0.39599228
1783532930.1352,33,spine_7_joint,-0.002394197,0.44704807,0.061309356,0.5626518,0.41054842,0.58305013,0.4182406
1783532930.1352,33,left_shoulder_1_joint,0.085168004,0.5559805,0.09405378,-0.6112313,0.00011771783,-0.14470913,0.77811015
1783532930.1352,33,left_arm_joint,0.22414286,0.5232945,0.11968674,-0.35849667,0.29062045,-0.55441767,0.69256103
1783532930.1352,33,left_forearm_joint,0.28168148,0.2636096,0.11834857,-0.41064987,0.16632146,-0.7357378,0.5122434
1783532930.1352,33,left_hand_joint,0.24471597,0.025021324,0.23461212,0.6362357,-0.57560927,0.48749056,-0.16195914
1783532930.1352,33,left_handIndexStart_joint,0.22775881,0.00900759,0.25328073,0.6030746,-0.585276,0.5274559,-0.12467145
1783532930.1352,33,left_handIndex_1_joint,0.20836253,-0.05824828,0.29265347,0.6030746,-0.585276,0.5274559,-0.12467145
1783532930.1352,33,left_handIndex_2_joint,0.19708565,-0.09735054,0.31554458,0.6030746,-0.585276,0.5274559,-0.12467145
1783532930.1352,33,left_handIndex_3_joint,0.19077058,-0.119247794,0.3283636,0.6030746,-0.585276,0.5274559,-0.12467145
1783532930.1352,33,left_handIndexEnd_joint,0.18625982,-0.1348887,0.33752006,0.6030746,-0.585276,0.5274559,-0.12467145
1783532930.1352,33,left_handMidStart_joint,0.23770688,0.0028814268,0.24809596,0.6374894,-0.5753322,0.48560312,-0.16367495
1783532930.1352,33,left_handMid_1_joint,0.22754861,-0.064961724,0.28084305,0.6374894,-0.5753322,0.48560312,-0.16367495
1783532930.1352,33,left_handMid_2_joint,0.22041038,-0.11263529,0.30385453,0.6374894,-0.5753322,0.48560312,-0.16367495
1783532930.1352,33,left_handMid_3_joint,0.21629217,-0.14013927,0.3171304,0.6374894,-0.5753322,0.48560312,-0.16367495
1783532930.1352,33,left_handMidEnd_joint,0.2135467,-0.15847526,0.32598093,0.6374894,-0.5753322,0.48560312,-0.16367495
1783532930.1352,33,left_handPinkyStart_joint,0.2583285,-0.007013743,0.23241681,0.66496766,-0.57863134,0.40827385,-0.23731005
1783532930.1352,33,left_handPinky_1_joint,0.25813776,-0.06818569,0.24945726,0.66496766,-0.57863134,0.40827385,-0.23731005
1783532930.1352,33,left_handPinky_2_joint,0.25801998,-0.105968356,0.25998223,0.66496766,-0.57863134,0.40827385,-0.23731005
1783532930.1352,33,left_handPinky_3_joint,0.25795826,-0.12575929,0.2654953,0.66496766,-0.57863134,0.40827385,-0.23731005
1783532930.1352,33,left_handPinkyEnd_joint,0.25790218,-0.14375104,0.27050722,0.66496766,-0.57863134,0.40827385,-0.23731005
1783532930.1352,33,left_handRingStart_joint,0.2471558,-0.0021928381,0.24094959,0.65205175,-0.57744557,0.44812712,-0.20141278
1783532930.1352,33,left_handRing_1_joint,0.24236938,-0.0674038,0.26552296,0.65205175,-0.57744557,0.44812712,-0.20141278
1783532930.1352,33,left_handRing_2_joint,0.23899074,-0.113435075,0.28286886,0.65205175,-0.57744557,0.44812712,-0.20141278
1783532930.1352,33,left_handRing_3_joint,0.2368791,-0.14220461,0.29371002,0.65205175,-0.57744557,0.44812712,-0.20141278
1783532930.1352,33,left_handRingEnd_joint,0.23547134,-0.16138431,0.3009375,0.65205175,-0.57744557,0.44812712,-0.20141278
1783532930.1352,33,left_handThumbStart_joint,0.21965934,0.007920474,0.24506679,0.2403997,-0.089186125,0.92932034,-0.2657392
1783532930.1352,33,left_handThumb_1_joint,0.17975493,-0.020905899,0.26651293,0.2403997,-0.089186125,0.92932034,-0.2657392
1783532930.1352,33,left_handThumb_2_joint,0.15123092,-0.04150859,0.2818429,0.2403997,-0.08918611,0.92932034,-0.2657392
1783532930.1352,33,left_handThumbEnd_joint,0.13221492,-0.05524372,0.29206288,0.2403997,-0.08918609,0.92932034,-0.2657392
1783532930.1352,33,neck_1_joint,-0.0044892095,0.57642287,0.09686012,0.60640806,0.34378082,0.62468225,0.35193175
1783532930.1352,33,neck_2_joint,-0.004993999,0.6021219,0.11232962,0.5999936,0.35520914,0.6166561,0.3654715
1783532930.1352,33,neck_3_joint,-0.005509064,0.6372013,0.1315433,0.5846146,0.37781137,0.6051648,0.38634142
1783532930.1352,33,neck_4_joint,-0.006226332,0.6735753,0.1481692,0.56827307,0.3998084,0.59383184,0.4056879
1783532930.1352,33,head_joint,-0.007365844,0.71678025,0.1649215,0.5125856,0.46704838,0.5453159,0.47090572
1783532930.1352,33,jaw_joint,-0.0067645595,0.6913694,0.16690291,0.5125856,0.46704838,0.5453159,0.47090572
1783532930.1352,33,chin_joint,-0.008692222,0.62972724,0.26015806,0.5125856,0.46704838,0.5453159,0.47090572
1783532930.1352,33,left_eye_joint,0.020863038,0.7395894,0.25596726,0.51663923,0.46256018,0.5494021,0.4661319
1783532930.1352,33,left_eyeLowerLid_joint,0.020863038,0.7395894,0.25596726,0.51663923,0.46256018,0.5494021,0.4661319
1783532930.1352,33,left_eyeUpperLid_joint,0.020863038,0.7395894,0.25596726,0.51663923,0.46256018,0.5494021,0.4661319
1783532930.1352,33,left_eyeball_joint,0.020863038,0.7395894,0.25596726,0.51663923,0.46256018,0.5494021,0.4661319
1783532930.1352,33,nose_joint,-0.011191663,0.7035553,0.27405655,0.51664174,0.4625575,0.54940456,0.466129
1783532930.1352,33,right_eye_joint,-0.043701727,0.73786885,0.2534954,0.51663923,0.46256018,0.5494021,0.4661319
1783532930.1352,33,right_eyeLowerLid_joint,-0.043701727,0.73786885,0.2534954,0.51663923,0.46256018,0.5494021,0.4661319
1783532930.1352,33,right_eyeUpperLid_joint,-0.043701727,0.73786885,0.2534954,0.51663923,0.46256018,0.5494021,0.4661319
1783532930.1352,33,right_eyeball_joint,-0.043701727,0.73786885,0.2534954,0.51663923,0.46256018,0.5494021,0.4661319
1783532930.1352,33,right_shoulder_1_joint,-0.09347847,0.5545338,0.0887372,0.7807631,0.1569787,0.04336654,0.60322934
1783532930.1352,33,right_arm_joint,-0.2308334,0.51138943,0.10638538,0.68452466,0.5559244,0.27904013,0.38014516
1783532930.1352,33,right_forearm_joint,-0.2909912,0.25252143,0.1171962,0.5024116,0.7455318,0.18020241,0.39911348
1783532930.1352,33,right_hand_joint,-0.24367267,0.01323162,0.22814465,0.1610513,0.4869596,0.5925882,0.6211052
1783532930.1352,33,right_handIndexStart_joint,-0.22715078,-0.0026881003,0.24545094,0.12031121,0.5281865,0.6026668,0.5859493
1783532930.1352,33,right_handIndex_1_joint,-0.20431232,-0.069615334,0.28351516,0.12031121,0.5281865,0.6026668,0.5859493
1783532930.1352,33,right_handIndex_2_joint,-0.19103372,-0.10852676,0.30564508,0.12031121,0.5281865,0.6026668,0.5859493
1783532930.1352,33,right_handIndex_3_joint,-0.18359818,-0.13031733,0.31803864,0.12031121,0.5281865,0.6026668,0.5859493
1783532930.1352,33,right_handIndexEnd_joint,-0.17828706,-0.14588176,0.3268911,0.12031121,0.5281865,0.6026668,0.5859493
1783532930.1352,33,right_handMidStart_joint,-0.23685886,-0.009178488,0.24025464,0.16049789,0.48748532,0.59298337,0.6204585
1783532930.1352,33,right_handMid_1_joint,-0.22328685,-0.077009045,0.27176934,0.16049789,0.48748532,0.59298337,0.6204585
1783532930.1352,33,right_handMid_2_joint,-0.2137501,-0.124673076,0.293915,0.16049789,0.48748532,0.59298337,0.6204585
1783532930.1352,33,right_handMid_3_joint,-0.2082479,-0.15217175,0.30669123,0.16049789,0.48748532,0.59298337,0.6204585
1783532930.1352,33,right_handMidEnd_joint,-0.20458005,-0.17050382,0.31520882,0.16049789,0.48748532,0.59298337,0.6204585
1783532930.1352,33,right_handPinkyStart_joint,-0.2571604,-0.019753408,0.2246014,0.23612368,0.4119696,0.5959227,0.6476127
1783532930.1352,33,right_handPinky_1_joint,-0.25400534,-0.08112081,0.24061437,0.23612368,0.4119696,0.5959227,0.6476127
1783532930.1352,33,right_handPinky_2_joint,-0.2520568,-0.11902489,0.25050545,0.23612368,0.4119696,0.5959227,0.6476127
1783532930.1352,33,right_handPinky_3_joint,-0.2510358,-0.13887915,0.25568572,0.23612368,0.4119696,0.5959227,0.6476127
1783532930.1352,33,right_handPinkyEnd_joint,-0.25010794,-0.15692832,0.26039532,0.23612368,0.4119696,0.5959227,0.6476127
1783532930.1352,33,right_handRingStart_joint,-0.24613601,-0.0145646185,0.23311134,0.1992126,0.45093703,0.5949411,0.63483465
1783532930.1352,33,right_handRing_1_joint,-0.23813133,-0.07987847,0.2565467,0.1992126,0.45093703,0.5949411,0.63483465
1783532930.1352,33,right_handRing_2_joint,-0.23248088,-0.125982,0.27308896,0.1992126,0.45093703,0.5949411,0.63483465
1783532930.1352,33,right_handRing_3_joint,-0.22894958,-0.15479703,0.28342846,0.1992126,0.45093703,0.5949411,0.63483465
1783532930.1352,33,right_handRingEnd_joint,-0.22659476,-0.17400762,0.29032078,0.1992126,0.45093703,0.5949411,0.63483465
1783532930.1352,33,right_handThumbStart_joint,-0.21909137,-0.0032688593,0.23714592,0.24678178,0.93552715,0.10106882,0.23167329
1783532930.1352,33,right_handThumb_1_joint,-0.17770082,-0.03058001,0.25774205,0.24678178,0.93552715,0.10106882,0.23167329
1783532930.1352,33,right_handThumb_2_joint,-0.148115,-0.050099343,0.2724648,0.24678178,0.93552715,0.1010688,0.23167329
1783532930.1352,33,right_handThumbEnd_joint,-0.12839109,-0.063112535,0.28227922,0.24678178,0.93552715,0.10106878,0.23167329
1783532930.1352,33,camera,0.11299654,0.06683446,-0.042319745,-0.083238974,-0.08457695,-0.69920003,0.70500875
1783532930.1681,34,root,-0.0005145107,0.024085632,-0.0025369069,-0.08561925,-0.0041053095,-0.0035928185,0.99631304
1783532930.1681,34,hips_joint,-0.0005145107,0.024085632,-0.0025369069,-0.08561925,-0.0041053095,-0.0035928185,0.99631304
1783532930.1681,34,left_upLeg_joint,0.099815875,-0.0010115337,0.0035524722,0.6205694,-0.33764413,0.6225711,-0.3365937
1783532930.1681,34,left_leg_joint,0.09846974,-0.3539658,0.23322067,-0.19397263,0.6754447,-0.2692326,0.65853083
1783532930.1681,34,left_foot_joint,0.0722096,-0.6359554,-0.12583596,0.5692332,-0.41209668,0.6180498,-0.35236955
1783532930.1681,34,left_toes_joint,0.05676713,-0.7707878,-0.06425477,0.6370224,-0.29673725,0.6736333,-0.22883981
1783532930.1681,34,left_toesEnd_joint,0.05169208,-0.81242293,-0.020432128,0.6370224,-0.29673707,0.6736333,-0.22884004
1783532930.1681,34,right_upLeg_joint,-0.10125212,0.00029144288,0.001783533,0.32501042,0.61071795,0.39506108,0.60441583
1783532930.1681,34,right_leg_joint,-0.076786794,-0.36797217,0.2045219,0.6352156,0.2813282,0.68405616,0.2223121
1783532930.1681,34,right_foot_joint,-0.033727292,-0.67050606,-0.13569641,0.3265569,0.61319196,0.40139884,0.59685445
1783532930.1681,34,right_toes_joint,-0.02266157,-0.8015999,-0.06567926,0.2044164,0.66397136,0.2809975,0.66211516
1783532930.1681,34,right_toesEnd_joint,-0.020257315,-0.8406381,-0.019312706,0.20441683,0.6639715,0.28099707,0.66211504
1783532930.1681,34,spine_1_joint,-0.0005145305,0.024085632,-0.002536907,0.45035884,0.54305923,0.45528153,0.5431229
1783532930.1681,34,spine_2_joint,-0.000767135,0.08069985,-0.012885823,0.46142986,0.53461796,0.46670213,0.5324052
1783532930.1681,34,spine_3_joint,-0.0011846488,0.137696,-0.020860706,0.48876017,0.5067183,0.49596706,0.50829834
1783532930.1681,34,spine_4_joint,-0.0014760774,0.19072504,-0.022468798,0.527264,0.46320924,0.53458863,0.47079194
1783532930.1681,34,spine_5_joint,-0.0015229505,0.26064032,-0.013699798,0.5736508,0.40147427,0.5807195,0.4153413
1783532930.1681,34,spine_6_joint,-0.0012346548,0.34894896,0.018045824,0.58339596,0.38181224,0.5974445,0.39614254
1783532930.1681,34,spine_7_joint,-0.0018333237,0.44705847,0.060969703,0.56298554,0.40885413,0.58326745,0.41914785
1783532930.1681,34,left_shoulder_1_joint,0.08599496,0.5556764,0.09404474,-0.61067575,0.00026636955,-0.14383559,0.7787082
1783532930.1681,34,left_arm_joint,0.22504292,0.52313626,0.119466014,-0.3591989,0.2922232,-0.5525357,0.69302684
1783532930.1681,34,left_forearm_joint,0.28319284,0.26359296,0.11731242,-0.41399944,0.16537216,-0.73450446,0.51162463
1783532930.1681,34,left_hand_joint,0.24736802,0.025498943,0.2349385,0.63853824,-0.5741089,0.4870769,-0.1594493
1783532930.1681,34,left_handIndexStart_joint,0.23054382,0.009539626,0.2537733,0.60539985,-0.5836178,0.5271935,-0.12226343
1783532930.1681,34,left_handIndex_1_joint,0.21150334,-0.057564437,0.29357645,0.60539985,-0.5836178,0.5271935,-0.12226343
1783532930.1681,34,left_handIndex_2_joint,0.20043331,-0.09657843,0.3167178,0.60539985,-0.5836178,0.5271935,-0.12226343
1783532930.1681,34,left_handIndex_3_joint,0.19423409,-0.11842626,0.32967696,0.60539985,-0.5836178,0.5271935,-0.12226343
1783532930.1681,34,left_handIndexEnd_joint,0.18980606,-0.13403186,0.33893353,0.60539985,-0.5836178,0.5271935,-0.12226343
1783532930.1681,34,left_handMidStart_joint,0.24047878,0.0034102057,0.24856727,0.639791,-0.5738395,0.48518363,-0.16116062
1783532930.1681,34,left_handMid_1_joint,0.23064323,-0.06429317,0.2817,0.639791,-0.5738395,0.48518363,-0.16116062
1783532930.1681,34,left_handMid_2_joint,0.22373176,-0.111868516,0.30498242,0.639791,-0.5738395,0.48518363,-0.16116062
1783532930.1681,34,left_handMid_3_joint,0.21974437,-0.13931583,0.3184146,0.639791,-0.5738395,0.48518363,-0.16116062
1783532930.1681,34,left_handMidEnd_joint,0.21708612,-0.15761404,0.3273694,0.639791,-0.5738395,0.48518363,-0.16116062
1783532930.1681,34,left_handPinkyStart_joint,0.26104137,-0.0065160724,0.23283036,0.6672541,-0.5774886,0.40770912,-0.23463207
1783532930.1681,34,left_handPinky_1_joint,0.26107696,-0.067603536,0.25017235,0.6672541,-0.5774886,0.40770912,-0.23463207
1783532930.1681,34,left_handPinky_2_joint,0.26109892,-0.10533403,0.2608836,0.6672541,-0.5774886,0.40770912,-0.23463207
1783532930.1681,34,left_handPinky_3_joint,0.26111045,-0.12509762,0.26649424,0.6672541,-0.5774886,0.40770912,-0.23463207
1783532930.1681,34,left_handPinkyEnd_joint,0.26112092,-0.14306451,0.27159482,0.6672541,-0.5774886,0.40770912,-0.23463207
1783532930.1681,34,left_handRingStart_joint,0.24990205,-0.001678121,0.24139707,0.65435165,-0.5761263,0.44763294,-0.19881472
1783532930.1681,34,left_handRing_1_joint,0.2453901,-0.06677765,0.26631546,0.65435165,-0.5761263,0.44763294,-0.19881472
1783532930.1681,34,left_handRing_2_joint,0.24220519,-0.11273025,0.28390494,0.65435165,-0.5761263,0.44763294,-0.19881472
1783532930.1681,34,left_handRing_3_joint,0.24021463,-0.14145063,0.29489833,0.65435165,-0.5761263,0.44763294,-0.19881472
1783532930.1681,34,left_handRingEnd_joint,0.2388876,-0.16059755,0.3022273,0.65435165,-0.5761263,0.44763294,-0.19881472
1783532930.1681,34,left_handThumbStart_joint,0.22240448,0.008393911,0.24560687,0.24355744,-0.08731396,0.928613,-0.2659587
1783532930.1681,34,left_handThumb_1_joint,0.18267666,-0.020415438,0.267401,0.24355744,-0.08731396,0.928613,-0.2659587
1783532930.1681,34,left_handThumb_2_joint,0.15427889,-0.04100596,0.28297976,0.24355744,-0.08731394,0.928613,-0.2659587
1783532930.1681,34,left_handThumbEnd_joint,0.13534704,-0.054732986,0.29336557,0.24355744,-0.087313905,0.928613,-0.26595867
1783532930.1681,34,neck_1_joint,-0.0036049169,0.5763889,0.09669929,0.6065508,0.3420572,0.6249979,0.35280436
1783532930.1681,34,neck_2_joint,-0.004062449,0.60206753,0.11220412,0.6001714,0.3534873,0.6169527,0.3663479
1783532930.1681,34,neck_3_joint,-0.0045091645,0.6371213,0.13146637,0.5848535,0.37610012,0.6054299,0.38723397
1783532930.1681,34,neck_4_joint,-0.005148899,0.6734738,0.1481423,0.5685705,0.3981105,0.5940665,0.40659675
1783532930.1681,34,head_joint,-0.0061902637,0.7166584,0.16495343,0.51308095,0.46540397,0.5454423,0.47184753
1783532930.1681,34,jaw_joint,-0.005670616,0.69124305,0.16690008,0.51308095,0.46540397,0.5454423,0.47184753
1783532930.1681,34,chin_joint,-0.007974955,0.62947565,0.26006383,0.51308095,0.46540397,0.5454423,0.47184753
1783532930.1681,34,left_eye_joint,0.021924185,0.7392527,0.2560881,0.51712024,0.46091145,0.5495367,0.46707255
1783532930.1681,34,left_eyeLowerLid_joint,0.021924185,0.7392527,0.2560881,0.51712024,0.46091145,0.5495367,0.46707255
1783532930.1681,34,left_eyeUpperLid_joint,0.021924185,0.7392527,0.2560881,0.51712024,0.46091145,0.5495367,0.46707255
1783532930.1681,34,left_eyeball_joint,0.021924185,0.7392527,0.2560881,0.51712024,0.46091145,0.5495367,0.46707255
1783532930.1681,34,nose_joint,-0.010276936,0.7032913,0.27406174,0.5171227,0.46090874,0.54953915,0.46706966
1783532930.1681,34,right_eye_joint,-0.04264043,0.7377331,0.25348365,0.51712024,0.46091145,0.5495367,0.46707255
1783532930.1681,34,right_eyeLowerLid_joint,-0.04264043,0.7377331,0.25348365,0.51712024,0.46091145,0.5495367,0.46707255
1783532930.1681,34,right_eyeUpperLid_joint,-0.04264043,0.7377331,0.25348365,0.51712024,0.46091145,0.5495367,0.46707255
1783532930.1681,34,right_eyeball_joint,-0.04264043,0.7377331,0.25348365,0.51712024,0.46091145,0.5495367,0.46707255
1783532930.1681,34,right_shoulder_1_joint,-0.09264404,0.55478346,0.08836608,0.7820106,0.15179968,0.04199311,0.6030364
1783532930.1681,34,right_arm_joint,-0.2304969,0.51299995,0.10539535,0.68682677,0.5514697,0.27990422,0.3818428
1783532930.1681,34,right_forearm_joint,-0.29302213,0.25465128,0.11514586,0.5027006,0.7440628,0.17912184,0.40196776
1783532930.1681,34,right_hand_joint,-0.24708436,0.0155988885,0.22718151,0.15956442,0.48643684,0.5908413,0.62355846
1783532930.1681,34,right_handIndexStart_joint,-0.23069654,-0.00031873464,0.24461678,0.11894685,0.5278341,0.6008236,0.5884335
1783532930.1681,34,right_handIndex_1_joint,-0.20827419,-0.067189746,0.2830257,0.11894685,0.5278341,0.6008236,0.5884335
1783532930.1681,34,right_handIndex_2_joint,-0.19523752,-0.10606849,0.30535606,0.11894685,0.5278341,0.6008236,0.5884335
1783532930.1681,34,right_handIndex_3_joint,-0.18793747,-0.12784076,0.31786183,0.11894685,0.5278341,0.6008236,0.5884335
1783532930.1681,34,right_handIndexEnd_joint,-0.18272313,-0.1433921,0.32679448,0.11894685,0.5278341,0.6008236,0.5884335
1783532930.1681,34,right_handMidStart_joint,-0.24040717,-0.0067916084,0.23940341,0.15901238,0.48696572,0.5912356,0.6229125
1783532930.1681,34,right_handMid_1_joint,-0.22722684,-0.074555226,0.27122697,0.15901238,0.48696572,0.5912356,0.6229125
1783532930.1681,34,right_handMid_2_joint,-0.2179653,-0.12217222,0.29358965,0.15901238,0.48696572,0.5912356,0.6229125
1783532930.1681,34,right_handMid_3_joint,-0.21262191,-0.14964375,0.3064911,0.15901238,0.48696572,0.5912356,0.6229125
1783532930.1681,34,right_handMidEnd_joint,-0.20905992,-0.16795774,0.31509215,0.15901238,0.48696572,0.5912356,0.6229125
1783532930.1681,34,right_handPinkyStart_joint,-0.2606824,-0.017347774,0.22370347,0.23443764,0.41125476,0.594424,0.65005285
1783532930.1681,34,right_handPinky_1_joint,-0.25782868,-0.07866662,0.23995735,0.23443764,0.41125476,0.594424,0.65005285
1783532930.1681,34,right_handPinky_2_joint,-0.2560663,-0.11654069,0.24999718,0.23443764,0.41125476,0.594424,0.65005285
1783532930.1681,34,right_handPinky_3_joint,-0.25514275,-0.13637926,0.2552554,0.23443764,0.41125476,0.594424,0.65005285
1783532930.1681,34,right_handPinkyEnd_joint,-0.2543035,-0.15441413,0.26003584,0.23443764,0.41125476,0.594424,0.65005285
1783532930.1681,34,right_handRingStart_joint,-0.24967445,-0.012169125,0.23224083,0.19762655,0.45031714,0.5933157,0.63728696
1783532930.1681,34,right_handRing_1_joint,-0.24201763,-0.07742507,0.2559522,0.19762655,0.45031714,0.5933157,0.63728696
1783532930.1681,34,right_handRing_2_joint,-0.23661272,-0.12348772,0.27268928,0.19762655,0.45031714,0.5933157,0.63728696
1783532930.1681,34,right_handRing_3_joint,-0.23323488,-0.1522772,0.28315052,0.19762655,0.45031714,0.5933157,0.63728696
1783532930.1681,34,right_handRingEnd_joint,-0.23098238,-0.17147075,0.29012406,0.19762655,0.45031714,0.5933157,0.63728696
1783532930.1681,34,right_handThumbStart_joint,-0.22260433,-0.0009609818,0.23634823,0.24791205,0.93475026,0.099411644,0.23430549
1783532930.1681,34,right_handThumb_1_joint,-0.18140548,-0.028351877,0.2572211,0.24791205,0.93475026,0.09941163,0.23430549
1783532930.1681,34,right_handThumb_2_joint,-0.15195666,-0.047928207,0.2721417,0.24791205,0.93475026,0.099411614,0.23430549
1783532930.1681,34,right_handThumbEnd_joint,-0.13232411,-0.060979404,0.282088,0.24791206,0.93475026,0.0994116,0.23430549
1783532930.1681,34,camera,0.113052815,0.06656158,-0.041696385,-0.08277008,-0.08484058,-0.69913864,0.7050931
1783532930.2018,35,root,-0.00067790865,0.024088413,-0.0027767476,-0.08920922,-0.0047395993,-0.0036216546,0.99599504
1783532930.2018,35,hips_joint,-0.00067790865,0.024088413,-0.0027767476,-0.08920922,-0.0047395993,-0.0036216546,0.99599504
1783532930.2018,35,left_upLeg_joint,0.09964518,-0.0009617853,0.0036184432,0.6222475,-0.33329162,0.6256595,-0.33207697
1783532930.2018,35,left_leg_joint,0.09751174,-0.35060775,0.23828676,-0.18489577,0.6778391,-0.2629674,0.661208
1783532930.2018,35,left_foot_joint,0.07133761,-0.62426525,-0.1271663,0.56356436,-0.41957912,0.6147687,-0.35834065
1783532930.2018,35,left_toes_joint,0.05524598,-0.7604077,-0.0687132,0.63287467,-0.30515862,0.6715433,-0.23532462
1783532930.2018,35,left_toesEnd_joint,0.049897064,-0.8030104,-0.02586389,0.63287467,-0.3051584,0.6715433,-0.23532481
1783532930.2018,35,right_upLeg_joint,-0.10142048,0.0003235984,0.0015897086,0.32052773,0.61145383,0.39310077,0.6073367
1783532930.2018,35,right_leg_joint,-0.07749901,-0.36580214,0.20822743,0.6372019,0.27034748,0.6909273,0.20857906
1783532930.2018,35,right_foot_joint,-0.031338997,-0.65516645,-0.14286648,0.33489218,0.6057727,0.4152768,0.59028107
1783532930.2018,35,right_toes_joint,-0.019590693,-0.7886985,-0.07773866,0.21400683,0.6582665,0.29586983,0.6582912
1783532930.2018,35,right_toesEnd_joint,-0.017060738,-0.8294185,-0.03284882,0.21400727,0.6582666,0.29586938,0.6582911
1783532930.2018,35,spine_1_joint,-0.0006779284,0.024088413,-0.0027767478,0.4483767,0.5441925,0.45424792,0.54449207
1783532930.2018,35,spine_2_joint,-0.00096415944,0.08064418,-0.013439485,0.45990074,0.53546923,0.46616313,0.53334403
1783532930.2018,35,spine_3_joint,-0.0014286607,0.13760863,-0.021635082,0.48790365,0.5071329,0.49590576,0.50876695
1783532930.2018,35,spine_4_joint,-0.0017582601,0.19063446,-0.023338998,0.52715474,0.46301204,0.5349138,0.47073847
1783532930.2018,35,spine_5_joint,-0.0018282741,0.2605456,-0.0145374965,0.57416505,0.40055132,0.5811986,0.41485098
1783532930.2018,35,spine_6_joint,-0.0015057891,0.34877616,0.017424153,0.58424985,0.38051647,0.59762406,0.39585918
1783532930.2018,35,spine_7_joint,-0.0019393199,0.44677058,0.06061202,0.56413245,0.40752938,0.58265984,0.41974005
1783532930.2018,35,left_shoulder_1_joint,0.08629673,0.55502445,0.093795046,-0.6093205,0.003029259,-0.14153992,0.7801831
1783532930.2018,35,left_arm_joint,0.22553211,0.52245414,0.11812854,-0.3614045,0.29741204,-0.5463211,0.6945976
1783532930.2018,35,left_forearm_joint,0.28568724,0.26340497,0.11326696,-0.42129758,0.16714533,-0.72732884,0.5153283
1783532930.2018,35,left_hand_joint,0.25516814,0.024787616,0.23132785,0.64659584,-0.5712065,0.48027903,-0.1580149
1783532930.2018,35,left_handIndexStart_joint,0.23889202,0.008590137,0.2504389,0.61388147,-0.58063334,0.52093154,-0.12101513
1783532930.2018,35,left_handIndex_1_joint,0.22146384,-0.058787297,0.29051784,0.61388147,-0.58063334,0.52093154,-0.12101513
1783532930.2018,35,left_handIndex_2_joint,0.21133119,-0.09796022,0.31381956,0.61388147,-0.58063334,0.52093154,-0.12101513
1783532930.2018,35,left_handIndex_3_joint,0.2056569,-0.11989706,0.3268685,0.61388147,-0.58063334,0.52093154,-0.12101513
1783532930.2018,35,left_handIndexEnd_joint,0.20160384,-0.13556623,0.33618918,0.61388147,-0.58063334,0.52093154,-0.12101513
1783532930.2018,35,left_handMidStart_joint,0.24881884,0.0026001167,0.24505806,0.64782983,-0.57094276,0.4783634,-0.15971579
1783532930.2018,35,left_handMid_1_joint,0.24048652,-0.0652471,0.2783084,0.64782983,-0.57094276,0.4783634,-0.15971579
1783532930.2018,35,left_handMid_2_joint,0.23463136,-0.112923525,0.3016735,0.64782983,-0.57094276,0.4783634,-0.15971579
1783532930.2018,35,left_handMid_3_joint,0.23125339,-0.14042915,0.31515336,0.64782983,-0.57094276,0.4783634,-0.15971579
1783532930.2018,35,left_handMidEnd_joint,0.2290014,-0.15876624,0.32413992,0.64782983,-0.57094276,0.4783634,-0.15971579
1783532930.2018,35,left_handPinkyStart_joint,0.26924112,-0.00703563,0.22896196,0.67462677,-0.57501465,0.40015137,-0.2326274
1783532930.2018,35,left_handPinky_1_joint,0.27041426,-0.06812476,0.24625829,0.67462677,-0.57501465,0.40015137,-0.2326274
1783532930.2018,35,left_handPinky_2_joint,0.27113885,-0.105856284,0.25694132,0.67462677,-0.57501465,0.40015137,-0.2326274
1783532930.2018,35,left_handPinky_3_joint,0.27151838,-0.12562041,0.26253718,0.67462677,-0.57501465,0.40015137,-0.2326274
1783532930.2018,35,left_handPinkyEnd_joint,0.27186343,-0.14358781,0.26762435,0.67462677,-0.57501465,0.40015137,-0.2326274
1783532930.2018,35,left_handRingStart_joint,0.25818595,-0.0023550342,0.23772287,0.66207045,-0.57344353,0.4404303,-0.19709432
1783532930.2018,35,left_handRing_1_joint,0.25499842,-0.06752177,0.2626701,0.66207045,-0.57344353,0.4404303,-0.19709432
1783532930.2018,35,left_handRing_2_joint,0.25274843,-0.11352182,0.28027993,0.66207045,-0.57344353,0.4404303,-0.19709432
1783532930.2018,35,left_handRing_3_joint,0.25134218,-0.14227185,0.29128608,0.66207045,-0.57344353,0.4404303,-0.19709432
1783532930.2018,35,left_handRingEnd_joint,0.2504047,-0.16143854,0.2986235,0.66207045,-0.57344353,0.4404303,-0.19709432
1783532930.2018,35,left_handThumbStart_joint,0.23062946,0.0073364982,0.24241327,0.25207534,-0.08819871,0.9246047,-0.27163377
1783532930.2018,35,left_handThumb_1_joint,0.19168274,-0.02202568,0.2648693,0.25207534,-0.08819871,0.9246047,-0.27163377
1783532930.2018,35,left_handThumb_2_joint,0.16384326,-0.043011367,0.28092116,0.25207534,-0.08819869,0.9246047,-0.27163377
1783532930.2018,35,left_handThumbEnd_joint,0.14528362,-0.057001833,0.2916224,0.25207534,-0.08819868,0.9246047,-0.27163377
1783532930.2018,35,neck_1_joint,-0.0032261985,0.5760584,0.0965159,0.6073982,0.34079903,0.6244297,0.3535688
1783532930.2018,35,neck_2_joint,-0.0035895843,0.60172516,0.1120428,0.60104287,0.35224584,0.61636704,0.36709914
1783532930.2018,35,neck_3_joint,-0.0039084214,0.6367638,0.13133511,0.5857711,0.3748936,0.60482043,0.38796788
1783532930.2018,35,neck_4_joint,-0.0044166534,0.673104,0.14804228,0.5695327,0.3969403,0.5934357,0.40731418
1783532930.2018,35,head_joint,-0.0053028124,0.71627754,0.16489063,0.5141793,0.46436143,0.54473674,0.472493
1783532930.2018,35,jaw_joint,-0.004870519,0.6908589,0.16681542,0.5141793,0.46436143,0.54473674,0.472493
1783532930.2018,35,chin_joint,-0.007357387,0.6290203,0.25992712,0.5141793,0.46436143,0.54473674,0.472493
1783532930.2018,35,left_eye_joint,0.022920357,0.7386964,0.256035,0.5182096,0.45985946,0.54883677,0.46772423
1783532930.2018,35,left_eyeLowerLid_joint,0.022920357,0.7386964,0.256035,0.5182096,0.45985946,0.54883677,0.46772423
1783532930.2018,35,left_eyeUpperLid_joint,0.022920357,0.7386964,0.256035,0.5182096,0.45985946,0.54883677,0.46772423
1783532930.2018,35,left_eyeball_joint,0.022920357,0.7386964,0.256035,0.5182096,0.45985946,0.54883677,0.46772423
1783532930.2018,35,nose_joint,-0.009399034,0.7028315,0.27398884,0.51821196,0.45985678,0.5488392,0.46772134
1783532930.2018,35,right_eye_joint,-0.04164998,0.7374026,0.25345117,0.5182096,0.45985946,0.54883677,0.46772423
1783532930.2018,35,right_eyeLowerLid_joint,-0.04164998,0.7374026,0.25345117,0.5182096,0.45985946,0.54883677,0.46772423
1783532930.2018,35,right_eyeUpperLid_joint,-0.04164998,0.7374026,0.25345117,0.5182096,0.45985946,0.54883677,0.46772423
1783532930.2018,35,right_eyeball_joint,-0.04164998,0.7374026,0.25345117,0.5182096,0.45985946,0.54883677,0.46772423
1783532930.2018,35,right_shoulder_1_joint,-0.09234668,0.5547875,0.08819197,0.78340083,0.14692955,0.039619476,0.6025986
1783532930.2018,35,right_arm_joint,-0.23067778,0.5144698,0.1048731,0.689515,0.54735565,0.28012723,0.3827525
1783532930.2018,35,right_forearm_joint,-0.29554138,0.25666067,0.11357076,0.50315005,0.7431489,0.17768528,0.4037298
1783532930.2018,35,right_hand_joint,-0.2506068,0.017817229,0.22645552,0.15886283,0.48657146,0.5891439,0.62523615
1783532930.2018,35,right_handIndexStart_joint,-0.2343033,0.0019007468,0.24397069,0.11836305,0.528084,0.5990831,0.590099
1783532930.2018,35,right_handIndex_1_joint,-0.212174,-0.06492129,0.28263393,0.11836305,0.528084,0.5990831,0.590099
1783532930.2018,35,right_handIndex_2_joint,-0.19930771,-0.10377157,0.30511215,0.11836305,0.528084,0.5990831,0.590099
1783532930.2018,35,right_handIndex_3_joint,-0.19210306,-0.12552789,0.3177007,0.11836305,0.528084,0.5990831,0.590099
1783532930.2018,35,right_handIndexEnd_joint,-0.18695688,-0.14106783,0.3266925,0.11836305,0.528084,0.5990831,0.590099
1783532930.2018,35,right_handMidStart_joint,-0.2440266,-0.0045561264,0.23876113,0.15831244,0.48710257,0.589538,0.62459046
1783532930.2018,35,right_handMid_1_joint,-0.23113075,-0.07226084,0.27082568,0.15831244,0.48710257,0.589538,0.62459046
1783532930.2018,35,right_handMid_2_joint,-0.22206913,-0.11983644,0.29335773,0.15831244,0.48710257,0.589538,0.62459046
1783532930.2018,35,right_handMid_3_joint,-0.21684104,-0.14728409,0.30635685,0.15831244,0.48710257,0.589538,0.62459046
1783532930.2018,35,right_handMidEnd_joint,-0.21335594,-0.16558215,0.31502306,0.15831244,0.48710257,0.589538,0.62459046
1783532930.2018,35,right_handPinkyStart_joint,-0.2643099,-0.015094444,0.22305965,0.23356324,0.41124597,0.5928687,0.6517912
1783532930.2018,35,right_handPinky_1_joint,-0.26169163,-0.076369844,0.23951572,0.23356324,0.41124597,0.5928687,0.6517912
1783532930.2018,35,right_handPinky_2_joint,-0.26007468,-0.11421709,0.24968047,0.23356324,0.41124597,0.5928687,0.6517912
1783532930.2018,35,right_handPinky_3_joint,-0.25922734,-0.13404159,0.2550041,0.23356324,0.41124597,0.5928687,0.6517912
1783532930.2018,35,right_handPinkyEnd_joint,-0.25845733,-0.1520637,0.25984403,0.23356324,0.41124597,0.5928687,0.6517912
1783532930.2018,35,right_handRingStart_joint,-0.25329947,-0.009925434,0.23159961,0.19683968,0.45037967,0.59168667,0.63899845
1783532930.2018,35,right_handRing_1_joint,-0.24590446,-0.07513003,0.25553426,0.19683968,0.45037967,0.59168667,0.63899845
1783532930.2018,35,right_handRing_2_joint,-0.24068435,-0.12115643,0.27242896,0.19683968,0.45037967,0.59168667,0.63899845
1783532930.2018,35,right_handRing_3_joint,-0.23742202,-0.14992326,0.2829887,0.19683968,0.45037967,0.59168667,0.63899845
1783532930.2018,35,right_handRingEnd_joint,-0.23524654,-0.16910172,0.2900279,0.19683968,0.45037967,0.59168667,0.63899845
1783532930.2018,35,right_handThumbStart_joint,-0.22619885,0.0012045729,0.23571849,0.24902368,0.934284,0.097727865,0.23569024
1783532930.2018,35,right_handThumb_1_joint,-0.18512927,-0.026257604,0.25675175,0.24902368,0.934284,0.097727865,0.23569024
1783532930.2018,35,right_handThumb_2_joint,-0.15577285,-0.04588489,0.27178696,0.24902368,0.934284,0.09772784,0.23569024
1783532930.2018,35,right_handThumbEnd_joint,-0.13620189,-0.058970053,0.28180966,0.24902368,0.934284,0.09772781,0.23569024
1783532930.2018,35,camera,0.11306349,0.066182256,-0.040783454,-0.08192932,-0.08436621,-0.6991518,0.7052352
1783532930.2350,36,root,-0.0005822376,0.02397762,-0.00313182,-0.09165275,-0.0050488333,-0.0037170572,0.9957713
1783532930.2350,36,hips_joint,-0.0005822376,0.02397762,-0.00313182,-0.09165275,-0.0050488333,-0.0037170572,0.9957713
1783532930.2350,36,left_upLeg_joint,0.099732846,-0.0010567474,0.0034482377,0.624123,-0.3301146,0.6281217,-0.32704434
1783532930.2350,36,left_leg_joint,0.09677462,-0.34758553,0.24268669,-0.1794557,0.68025833,-0.261038,0.6609867
1783532930.2350,36,left_foot_joint,0.06852019,-0.6170478,-0.12571685,0.5607738,-0.42483842,0.6131134,-0.35935628
1783532930.2350,36,left_toes_joint,0.051710673,-0.75372916,-0.06874211,0.63113135,-0.3108514,0.6701106,-0.23663552
1783532930.2350,36,left_toesEnd_joint,0.04616951,-0.79676884,-0.026356496,0.63113135,-0.31085122,0.6701106,-0.23663574
1783532930.2350,36,right_upLeg_joint,-0.1013313,0.00025045633,0.0012889951,0.31983522,0.6109326,0.39191294,0.6089917
1783532930.2350,36,right_leg_joint,-0.07873174,-0.36531693,0.2090608,0.638654,0.264261,0.6935398,0.20319766
1783532930.2350,36,right_foot_joint,-0.03223977,-0.6485699,-0.14693849,0.3397887,0.60187685,0.4206519,0.5876558
1783532930.2350,36,right_toes_joint,-0.020554503,-0.783208,-0.08411755,0.21955298,0.65536934,0.3016451,0.6567323
1783532930.2350,36,right_toesEnd_joint,-0.018067593,-0.8246979,-0.039935935,0.21955341,0.65536946,0.30164462,0.6567322
1783532930.2350,36,spine_1_joint,-0.0005822574,0.02397762,-0.0031318201,0.44713438,0.54488075,0.4532482,0.5456575
1783532930.2350,36,spine_2_joint,-0.0008503209,0.080489144,-0.014027202,0.45888016,0.5359588,0.46531367,0.5344724
1783532930.2350,36,spine_3_joint,-0.0012841044,0.13742484,-0.0224221,0.48727825,0.50728136,0.49535507,0.50975436
1783532930.2350,36,spine_4_joint,-0.0015717517,0.19044685,-0.02424857,0.5269852,0.46266884,0.5347453,0.4714578
1783532930.2350,36,spine_5_joint,-0.0015713415,0.2603643,-0.015496494,0.5742713,0.39970627,0.58128524,0.41539824
1783532930.2350,36,spine_6_joint,-0.0011417399,0.34857795,0.016510742,0.58457303,0.3792023,0.5978097,0.39636412
1783532930.2350,36,spine_7_joint,-0.0014104758,0.44651362,0.05983322,0.56479657,0.40573004,0.5829806,0.42014554
1783532930.2350,36,left_shoulder_1_joint,0.08707774,0.5544403,0.09340826,-0.6057891,0.006210804,-0.13652557,0.78379977
1783532930.2350,36,left_arm_joint,0.2267091,0.52230567,0.11598893,-0.3627451,0.30627033,-0.53452593,0.6992117
1783532930.2350,36,left_forearm_joint,0.2908015,0.2643814,0.105215855,-0.42946506,0.17280503,-0.714045,0.52520335
1783532930.2350,36,left_hand_joint,0.2695131,0.023619499,0.22092514,0.6590615,-0.567732,0.46626392,-0.16098641
1783532930.2350,36,left_handIndexStart_joint,0.25415894,0.0067688143,0.24023338,0.6272289,-0.5773646,0.50774986,-0.12419595
1783532930.2350,36,left_handIndex_1_joint,0.23951678,-0.061527308,0.2798697,0.6272289,-0.5773646,0.50774986,-0.12419595
1783532930.2350,36,left_handIndex_2_joint,0.23100391,-0.101234354,0.30291408,0.6272289,-0.5773646,0.50774986,-0.12419595
1783532930.2350,36,left_handIndex_3_joint,0.2262367,-0.12347031,0.31581894,0.6272289,-0.5773646,0.50774986,-0.12419595
1783532930.2350,36,left_handIndexEnd_joint,0.22283155,-0.13935313,0.3250367,0.6272289,-0.5773646,0.50774986,-0.12419595
1783532930.2350,36,left_handMidStart_joint,0.26409537,0.0011069893,0.23452488,0.66025656,-0.5674619,0.46431231,-0.16267319
1783532930.2350,36,left_handMid_1_joint,0.2583792,-0.06733704,0.26709792,0.66025656,-0.5674619,0.46431231,-0.16267319
1783532930.2350,36,left_handMid_2_joint,0.25436243,-0.11543285,0.28998706,0.66025656,-0.5674619,0.46431231,-0.16267319
1783532930.2350,36,left_handMid_3_joint,0.2520451,-0.14318043,0.30319235,0.66025656,-0.5674619,0.46431231,-0.16267319
1783532930.2350,36,left_handMidEnd_joint,0.25050017,-0.16167882,0.31199586,0.66025656,-0.5674619,0.46431231,-0.16267319
1783532930.2350,36,left_handPinkyStart_joint,0.28433844,-0.0077931737,0.21779144,0.6856417,-0.57162625,0.3847977,-0.23467019
1783532930.2350,36,left_handPinky_1_joint,0.28753564,-0.06903786,0.23426239,0.6856417,-0.57162625,0.3847977,-0.23467019
1783532930.2350,36,left_handPinky_2_joint,0.28951037,-0.10686547,0.24443561,0.6856417,-0.57162625,0.3847977,-0.23467019
1783532930.2350,36,left_handPinky_3_joint,0.29054478,-0.12667993,0.24976444,0.6856417,-0.57162625,0.3847977,-0.23467019
1783532930.2350,36,left_handPinkyEnd_joint,0.29148513,-0.14469308,0.25460884,0.6856417,-0.57162625,0.3847977,-0.23467019
1783532930.2350,36,left_handRingStart_joint,0.27339533,-0.0035111282,0.22689044,0.6738064,-0.5700169,0.425702,-0.19960883
1783532930.2350,36,left_handRing_1_joint,0.27253735,-0.069039516,0.2510675,0.6738064,-0.5700169,0.425702,-0.19960883
1783532930.2350,36,left_handRing_2_joint,0.2719317,-0.115294844,0.26813364,0.6738064,-0.5700169,0.425702,-0.19960883
1783532930.2350,36,left_handRing_3_joint,0.2715532,-0.14420442,0.2788,0.6738064,-0.5700169,0.425702,-0.19960883
1783532930.2350,36,left_handRingEnd_joint,0.27130085,-0.16347748,0.2859109,0.6738064,-0.5700169,0.425702,-0.19960883
1783532930.2350,36,left_handThumbStart_joint,0.2457275,0.005397676,0.232405,0.2633053,-0.09419505,0.91711706,-0.28406736
1783532930.2350,36,left_handThumb_1_joint,0.20814429,-0.025246548,0.25546363,0.2633053,-0.09419505,0.91711706,-0.28406736
1783532930.2350,36,left_handThumb_2_joint,0.18127942,-0.047148656,0.27194628,0.2633053,-0.09419504,0.91711706,-0.28406736
1783532930.2350,36,left_handThumbEnd_joint,0.16336952,-0.061750066,0.2829347,0.2633053,-0.094195,0.91711706,-0.28406736
1783532930.2350,36,neck_1_joint,-0.0023904047,0.575716,0.09605327,0.6070457,0.3400496,0.6245596,0.35466585
1783532930.2350,36,neck_2_joint,-0.0027329098,0.60139215,0.1115652,0.6001644,0.35218892,0.6163452,0.36862594
1783532930.2350,36,neck_3_joint,-0.0030463922,0.6364779,0.1307718,0.5848096,0.3749296,0.6046837,0.3895946
1783532930.2350,36,neck_4_joint,-0.0035435616,0.67286533,0.14737615,0.56857103,0.3969497,0.59323764,0.4089349
1783532930.2350,36,head_joint,-0.004409994,0.71608704,0.16410173,0.5132242,0.46426737,0.54434097,0.47407836
1783532930.2350,36,jaw_joint,-0.0040152967,0.6906733,0.16609852,0.5132242,0.46426737,0.54434097,0.47407836
1783532930.2350,36,chin_joint,-0.0067875707,0.6290987,0.25937718,0.5132242,0.46426737,0.54434097,0.47407836
1783532930.2350,36,left_eye_joint,0.023642626,0.73872405,0.2552449,0.51725376,0.45977387,0.54845476,0.46931303
1783532930.2350,36,left_eyeLowerLid_joint,0.023642626,0.73872405,0.2552449,0.51725376,0.45977387,0.54845476,0.46931303
1783532930.2350,36,left_eyeUpperLid_joint,0.023642626,0.73872405,0.2552449,0.51725376,0.45977387,0.54845476,0.46931303
1783532930.2350,36,left_eyeball_joint,0.023642626,0.73872405,0.2552449,0.51725376,0.45977387,0.54845476,0.46931303
1783532930.2350,36,nose_joint,-0.00876315,0.70295167,0.2732279,0.51725614,0.45977107,0.5484573,0.46931008
1783532930.2350,36,right_eye_joint,-0.04092358,0.7375074,0.2525229,0.51725376,0.45977387,0.54845476,0.46931303
1783532930.2350,36,right_eyeLowerLid_joint,-0.04092358,0.7375074,0.2525229,0.51725376,0.45977387,0.54845476,0.46931303
1783532930.2350,36,right_eyeUpperLid_joint,-0.04092358,0.7375074,0.2525229,0.51725376,0.45977387,0.54845476,0.46931303
1783532930.2350,36,right_eyeball_joint,-0.04092358,0.7375074,0.2525229,0.51725376,0.45977387,0.54845476,0.46931303
1783532930.2350,36,right_shoulder_1_joint,-0.09155757,0.55471313,0.08755001,0.7864168,0.13848217,0.040878683,0.60058373
1783532930.2350,36,right_arm_joint,-0.23055868,0.5159978,0.10235154,0.69426453,0.5353572,0.2868193,0.38616645
1783532930.2350,36,right_forearm_joint,-0.30031478,0.25935364,0.10639901,0.5123131,0.7306756,0.1812178,0.4132905
1783532930.2350,36,right_hand_joint,-0.26455316,0.018592566,0.21848632,0.16042705,0.47448406,0.5844586,0.6383861
1783532930.2350,36,right_handIndexStart_joint,-0.24911626,0.0021203076,0.23627079,0.12023553,0.5169252,0.59452254,0.60404897
1783532930.2350,36,right_handIndex_1_joint,-0.22973432,-0.0655449,0.27494252,0.12023553,0.5169252,0.59452254,0.60404897
1783532930.2350,36,right_handIndex_2_joint,-0.21846533,-0.10488541,0.2974257,0.12023553,0.5169252,0.59452254,0.60404897
1783532930.2350,36,right_handIndex_3_joint,-0.21215518,-0.12691624,0.31001705,0.12023553,0.5169252,0.59452254,0.60404897
1783532930.2350,36,right_handIndexEnd_joint,-0.20764793,-0.14265227,0.3190108,0.12023553,0.5169252,0.59452254,0.60404897
1783532930.2350,36,right_handMidStart_joint,-0.2588765,-0.0040363166,0.23077469,0.15987657,0.47502884,0.5848564,0.63775426
1783532930.2350,36,right_handMid_1_joint,-0.2485826,-0.072289325,0.26261702,0.15987657,0.47502884,0.5848564,0.63775426
1783532930.2350,36,right_handMid_2_joint,-0.24134937,-0.1202502,0.2849929,0.15987657,0.47502884,0.5848564,0.63775426
1783532930.2350,36,right_handMid_3_joint,-0.23717612,-0.14792013,0.29790196,0.15987657,0.47502884,0.5848564,0.63775426
1783532930.2350,36,right_handMidEnd_joint,-0.23439424,-0.16636638,0.3065081,0.15987657,0.47502884,0.5848564,0.63775426
1783532930.2350,36,right_handPinkyStart_joint,-0.27903956,-0.013914954,0.21449985,0.2341617,0.39783335,0.5884649,0.6637819
1783532930.2350,36,right_handPinky_1_joint,-0.2784602,-0.07535432,0.23053738,0.2341617,0.39783335,0.5884649,0.6637819
1783532930.2350,36,right_handPinky_2_joint,-0.2781026,-0.11330284,0.24044363,0.2341617,0.39783335,0.5884649,0.6637819
1783532930.2350,36,right_handPinky_3_joint,-0.27791488,-0.1331804,0.24563184,0.2341617,0.39783335,0.5884649,0.6637819
1783532930.2350,36,right_handPinkyEnd_joint,-0.27774456,-0.15125072,0.2503487,0.2341617,0.39783335,0.5884649,0.6637819
1783532930.2350,36,right_handRingStart_joint,-0.2681095,-0.009103949,0.22334674,0.19793405,0.4376125,0.5871488,0.65159345
1783532930.2350,36,right_handRing_1_joint,-0.26304564,-0.07465238,0.24694669,0.19793405,0.4376125,0.5871488,0.65159345
1783532930.2350,36,right_handRing_2_joint,-0.25947106,-0.12092149,0.26360512,0.19793405,0.4376125,0.5871488,0.65159345
1783532930.2350,36,right_handRing_3_joint,-0.25723723,-0.14984001,0.2740172,0.19793405,0.4376125,0.5871488,0.65159345
1783532930.2350,36,right_handRingEnd_joint,-0.25574738,-0.1691196,0.28095797,0.19793405,0.4376125,0.5871488,0.65159345
1783532930.2350,36,right_handThumbStart_joint,-0.24083208,0.0012660313,0.22821426,0.26113936,0.927536,0.10110859,0.24750875
1783532930.2350,36,right_handThumb_1_joint,-0.20103958,-0.027436387,0.25003195,0.26113936,0.927536,0.10110857,0.24750875
1783532930.2350,36,right_handThumb_2_joint,-0.17259593,-0.0479502,0.2656279,0.26113933,0.927536,0.10110856,0.24750875
1783532930.2350,36,right_handThumbEnd_joint,-0.15363349,-0.061626375,0.27602443,0.26113933,0.927536,0.10110854,0.24750875
1783532930.2350,36,camera,0.11319807,0.06645051,-0.039910704,-0.081219114,-0.08384828,-0.69918376,0.7053474
1783532930.2700,37,root,-0.0006609167,0.023385415,-0.0036597173,-0.08974533,-0.006126316,-0.0038176489,0.99593854
1783532930.2700,37,hips_joint,-0.0006609167,0.023385415,-0.0036597173,-0.08974533,-0.006126316,-0.0038176489,0.99593854
1783532930.2700,37,left_upLeg_joint,0.09964016,-0.0016725659,0.0030429536,0.62103736,-0.33274806,0.62912226,-0.32832325
1783532930.2700,37,left_leg_joint,0.09415233,-0.34967414,0.24008869,-0.17471571,0.6803901,-0.26070017,0.66225296
1783532930.2700,37,left_foot_joint,0.06589508,-0.61630607,-0.13036816,0.5571237,-0.4278652,0.6136284,-0.36056137
1783532930.2700,37,left_toes_joint,0.048127994,-0.7533034,-0.07445283,0.6281211,-0.31451514,0.6708446,-0.2377212
1783532930.2700,37,left_toesEnd_joint,0.04218945,-0.7966183,-0.032402616,0.62812114,-0.31451494,0.6708447,-0.2377214
1783532930.2700,37,right_upLeg_joint,-0.101418845,-0.00035983563,0.0004510498,0.32334656,0.6071418,0.39528647,0.608748
1783532930.2700,37,right_leg_joint,-0.08047135,-0.36835074,0.20407642,0.6375979,0.26191574,0.6953601,0.20333065
1783532930.2700,37,right_foot_joint,-0.032795608,-0.65040356,-0.1527185,0.34040362,0.59937936,0.42200297,0.588883
1783532930.2700,37,right_toes_joint,-0.021665286,-0.7852896,-0.09032995,0.22063012,0.65303355,0.30273905,0.65819335
1783532930.2700,37,right_toesEnd_joint,-0.019468946,-0.8269435,-0.04628739,0.22063056,0.65303373,0.3027386,0.65819323
1783532930.2700,37,spine_1_joint,-0.00066093646,0.023385415,-0.0036597177,0.44661188,0.544406,0.45400378,0.54593074
1783532930.2700,37,spine_2_joint,-0.00094839296,0.0799015,-0.014530818,0.45756102,0.53625154,0.46546626,0.53517604
1783532930.2700,37,spine_3_joint,-0.001434662,0.13681832,-0.023049766,0.48539773,0.5082563,0.4950716,0.5108512
1783532930.2700,37,spine_4_joint,-0.0017975732,0.1898316,-0.025101565,0.5248014,0.4642804,0.5341937,0.47293174
1783532930.2700,37,spine_5_joint,-0.0019242832,0.25979888,-0.016758531,0.5720435,0.4018962,0.5805823,0.41733667
1783532930.2700,37,spine_6_joint,-0.0016713783,0.34824064,0.014614515,0.5827858,0.38106725,0.5972083,0.39810926
1783532930.2700,37,spine_7_joint,-0.0020904322,0.4464402,0.057334077,0.5640461,0.40620422,0.5828998,0.4208065
1783532930.2700,37,left_shoulder_1_joint,0.08633387,0.55446076,0.09077515,-0.60145104,0.008968144,-0.126458,0.7887868
1783532930.2700,37,left_arm_joint,0.22672115,0.52395904,0.110787466,-0.3648805,0.31673342,-0.51426464,0.7085721
1783532930.2700,37,left_forearm_joint,0.2986502,0.26863158,0.09121973,-0.4374097,0.18184729,-0.6919105,0.5448527
1783532930.2700,37,left_hand_joint,0.29232156,0.023958072,0.20032027,0.6772317,-0.5616327,0.4431449,-0.17189771
1783532930.2700,37,left_handIndexStart_joint,0.27841485,0.0058680964,0.21960396,0.64685947,-0.57199234,0.48584723,-0.13546386
1783532930.2700,37,left_handIndex_1_joint,0.26825997,-0.06413273,0.2576375,0.64685947,-0.57199234,0.48584723,-0.13546386
1783532930.2700,37,left_handIndex_2_joint,0.26235595,-0.104830876,0.27975005,0.64685947,-0.57199234,0.48584723,-0.13546386
1783532930.2700,37,left_handIndex_3_joint,0.2590497,-0.12762184,0.29213306,0.64685947,-0.57199234,0.48584723,-0.13546386
1783532930.2700,37,left_handIndexEnd_joint,0.25668812,-0.1439011,0.3009781,0.64685947,-0.57199234,0.48584723,-0.13546386
1783532930.2700,37,left_handMidStart_joint,0.28840193,0.0008408713,0.21341032,0.6783632,-0.56133467,0.44113943,-0.17356032
1783532930.2700,37,left_handMid_1_joint,0.2869272,-0.0686904,0.24409407,0.6783632,-0.56133467,0.44113943,-0.17356032
1783532930.2700,37,left_handMid_2_joint,0.28589085,-0.1175502,0.26565564,0.6783632,-0.56133467,0.44113943,-0.17356032
1783532930.2700,37,left_handMid_3_joint,0.28529298,-0.14573854,0.278095,0.6783632,-0.56133467,0.44113943,-0.17356032
1783532930.2700,37,left_handMidEnd_joint,0.2848944,-0.16453077,0.28638792,0.6783632,-0.56133467,0.44113943,-0.17356032
1783532930.2700,37,left_handPinkyStart_joint,0.3084555,-0.006625864,0.19577214,0.7014697,-0.5649427,0.35951874,-0.24398062
1783532930.2700,37,left_handPinky_1_joint,0.31500706,-0.06809592,0.21029574,0.7014697,-0.5649427,0.35951874,-0.24398062
1783532930.2700,37,left_handPinky_2_joint,0.31905362,-0.10606272,0.21926618,0.7014697,-0.5649427,0.35951874,-0.24398062
1783532930.2700,37,left_handPinky_3_joint,0.32117325,-0.12595008,0.22396499,0.7014697,-0.5649427,0.35951874,-0.24398062
1783532930.2700,37,left_handPinkyEnd_joint,0.32310015,-0.14402951,0.22823663,0.7014697,-0.5649427,0.35951874,-0.24398062
1783532930.2700,37,left_handRingStart_joint,0.29764086,-0.0031194233,0.20534438,0.69078964,-0.56362355,0.4014327,-0.20973828
1783532930.2700,37,left_handRing_1_joint,0.3005998,-0.06927454,0.22757003,0.69078964,-0.56362355,0.4014327,-0.20973828
1783532930.2700,37,left_handRing_2_joint,0.30268848,-0.115972266,0.24325871,0.69078964,-0.56362355,0.4014327,-0.20973828
1783532930.2700,37,left_handRing_3_joint,0.30399388,-0.14515835,0.25306416,0.69078964,-0.56362355,0.4014327,-0.20973828
1783532930.2700,37,left_handRingEnd_joint,0.30486414,-0.16461574,0.25960112,0.69078964,-0.56362355,0.4014327,-0.20973828
1783532930.2700,37,left_handThumbStart_joint,0.26979586,0.0043265163,0.21201523,0.2763807,-0.10609089,0.9043507,-0.3074223
1783532930.2700,37,left_handThumb_1_joint,0.23445411,-0.02868173,0.23535363,0.2763807,-0.10609089,0.9043507,-0.3074223
1783532930.2700,37,left_handThumb_2_joint,0.20919132,-0.052273672,0.25203633,0.2763807,-0.10609088,0.9043507,-0.3074223
1783532930.2700,37,left_handThumbEnd_joint,0.19234946,-0.06800164,0.2631581,0.27638072,-0.10609085,0.9043507,-0.3074223
1783532930.2700,37,neck_1_joint,-0.003143117,0.57571423,0.09329525,0.60564166,0.341623,0.6242504,0.35609454
1783532930.2700,37,neck_2_joint,-0.003526809,0.6014659,0.10868057,0.5981408,0.35452437,0.6157826,0.37061018
1783532930.2700,37,neck_3_joint,-0.0039168713,0.6366875,0.12763533,0.5825002,0.37749022,0.6038813,0.3918189
1783532930.2700,37,neck_4_joint,-0.004490592,0.6732075,0.14394358,0.5661621,0.39946213,0.5923224,0.41115052
1783532930.2700,37,head_joint,-0.0054424307,0.7165635,0.16031292,0.5105391,0.46649072,0.5431535,0.47615167
1783532930.2700,37,jaw_joint,-0.005015578,0.69116765,0.16251858,0.5105391,0.46649072,0.5431535,0.47615167
1783532930.2700,37,chin_joint,-0.007844972,0.63035595,0.25629452,0.5105391,0.46649072,0.5431535,0.47615167
1783532930.2700,37,left_eye_joint,0.022439593,0.739986,0.2513098,0.5145881,0.46202052,0.5472855,0.4713966
1783532930.2700,37,left_eyeLowerLid_joint,0.022439593,0.739986,0.2513098,0.5145881,0.46202052,0.5472855,0.4713966
1783532930.2700,37,left_eyeUpperLid_joint,0.022439593,0.739986,0.2513098,0.5145881,0.46202052,0.5472855,0.4713966
1783532930.2700,37,left_eyeball_joint,0.022439593,0.739986,0.2513098,0.5145881,0.46202052,0.5472855,0.4713966
1783532930.2700,37,nose_joint,-0.009944001,0.7043171,0.26953635,0.5145905,0.46201777,0.547288,0.4713937
1783532930.2700,37,right_eye_joint,-0.0421206,0.7386569,0.24849997,0.5145881,0.46202052,0.5472855,0.4713966
1783532930.2700,37,right_eyeLowerLid_joint,-0.0421206,0.7386569,0.24849997,0.5145881,0.46202052,0.5472855,0.4713966
1783532930.2700,37,right_eyeUpperLid_joint,-0.0421206,0.7386569,0.24849997,0.5145881,0.46202052,0.5472855,0.4713966
1783532930.2700,37,right_eyeball_joint,-0.0421206,0.7386569,0.24849997,0.5145881,0.46202052,0.5472855,0.4713966
1783532930.2700,37,right_shoulder_1_joint,-0.09229595,0.55466706,0.084751725,0.7896664,0.12760651,0.043273665,0.59855735
1783532930.2700,37,right_arm_joint,-0.2320781,0.5179208,0.09699622,0.7012631,0.51731646,0.29597613,0.39116713
1783532930.2700,37,right_forearm_joint,-0.30909795,0.2633451,0.09422998,0.528615,0.7099237,0.18745224,0.42595318
1783532930.2700,37,right_hand_joint,-0.28812656,0.019426307,0.20318907,0.16582574,0.45415872,0.5769488,0.6583098
1783532930.2700,37,right_handIndexStart_joint,-0.2740922,0.001990801,0.2212157,0.126121,0.49800977,0.58741,0.6253233
1783532930.2700,37,right_handIndex_1_joint,-0.25914407,-0.06709706,0.25933602,0.126121,0.49800977,0.58741,0.6253233
1783532930.2700,37,right_handIndex_2_joint,-0.25045288,-0.10726469,0.2814986,0.126121,0.49800977,0.58741,0.6253233
1783532930.2700,37,right_handIndex_3_joint,-0.24558635,-0.1297587,0.2939104,0.126121,0.49800977,0.58741,0.6253233
1783532930.2700,37,right_handIndexEnd_joint,-0.24211022,-0.1458256,0.30277592,0.126121,0.49800977,0.58741,0.6253233
1783532930.2700,37,right_handMidStart_joint,-0.28390786,-0.0036317466,0.21526477,0.16527504,0.4547235,0.5773552,0.65770173
1783532930.2700,37,right_handMid_1_joint,-0.27780953,-0.07278801,0.24622583,0.16527504,0.4547235,0.5773552,0.65770173
1783532930.2700,37,right_handMid_2_joint,-0.2735245,-0.1213836,0.26798245,0.16527504,0.4547235,0.5773552,0.65770173
1783532930.2700,37,right_handMid_3_joint,-0.27105215,-0.14941972,0.2805342,0.16527504,0.4547235,0.5773552,0.65770173
1783532930.2700,37,right_handMidEnd_joint,-0.2694042,-0.16811009,0.28890213,0.16527504,0.4547235,0.5773552,0.65770173
1783532930.2700,37,right_handPinkyStart_joint,-0.3038802,-0.012329993,0.19810522,0.23796616,0.3754078,0.58106375,0.6817668
1783532930.2700,37,right_handPinky_1_joint,-0.3066024,-0.073987134,0.21304907,0.23796616,0.3754078,0.58106375,0.6817668
1783532930.2700,37,right_handPinky_2_joint,-0.30828404,-0.11207015,0.22227976,0.23796616,0.3754078,0.58106375,0.6817668
1783532930.2700,37,right_handPinky_3_joint,-0.30916446,-0.13201816,0.22711414,0.23796616,0.3754078,0.58106375,0.6817668
1783532930.2700,37,right_handPinkyEnd_joint,-0.3099652,-0.15015253,0.2315093,0.23796616,0.3754078,0.58106375,0.6817668
1783532930.2700,37,right_handRingStart_joint,-0.29307842,-0.008158641,0.20742194,0.20255964,0.41620713,0.5797057,0.6705837
1783532930.2700,37,right_handRing_1_joint,-0.29178116,-0.07424455,0.23000877,0.20255964,0.41620713,0.5797057,0.6705837
1783532930.2700,37,right_handRing_2_joint,-0.29086527,-0.12089305,0.24595207,0.20255964,0.41620713,0.5797057,0.6705837
1783532930.2700,37,right_handRing_3_joint,-0.29029316,-0.1500487,0.2559172,0.20255964,0.41620713,0.5797057,0.6705837
1783532930.2700,37,right_handRingEnd_joint,-0.28991112,-0.16948639,0.26255995,0.20255964,0.41620713,0.5797057,0.6705837
1783532930.2700,37,right_handThumbStart_joint,-0.2655653,0.00089774845,0.21344638,0.28196347,0.915969,0.10821737,0.2641711
1783532930.2700,37,right_handThumb_1_joint,-0.22790305,-0.02991123,0.23615417,0.28196347,0.915969,0.10821737,0.2641711
1783532930.2700,37,right_handThumb_2_joint,-0.20098205,-0.05193082,0.25238642,0.28196347,0.915969,0.10821736,0.2641711
1783532930.2700,37,right_handThumbEnd_joint,-0.18303469,-0.066610835,0.26320714,0.28196347,0.915969,0.10821733,0.2641711
1783532930.2700,37,camera,0.11326867,0.06678617,-0.039193556,-0.080529295,-0.08372652,-0.69915706,0.7054674
1783532930.3021,38,root,-0.0006015539,0.022177713,-0.0045238403,-0.083193935,-0.0062925904,-0.003515325,0.9965073
1783532930.3021,38,hips_joint,-0.0006015539,0.022177713,-0.0045238403,-0.083193935,-0.0062925904,-0.003515325,0.9965073
1783532930.3021,38,left_upLeg_joint,0.09971538,-0.0028945445,0.0018813985,0.61724037,-0.33996126,0.6273872,-0.33140004
1783532930.3021,38,left_leg_joint,0.09197685,-0.3547277,0.23313789,-0.17932996,0.6801814,-0.2699598,0.6575073
1783532930.3021,38,left_foot_joint,0.059485205,-0.62863374,-0.13162124,0.5606274,-0.42485538,0.61799103,-0.35111535
1783532930.3021,38,left_toes_joint,0.040881537,-0.7643038,-0.07281641,0.6309907,-0.31089574,0.6733379,-0.22761942
1783532930.3021,38,left_toesEnd_joint,0.034811027,-0.8066977,-0.029856376,0.6309907,-0.31089556,0.6733379,-0.22761963
1783532930.3021,38,right_upLeg_joint,-0.10134368,-0.0016915178,-0.0007583055,0.3360742,0.5991041,0.40310463,0.60467756
1783532930.3021,38,right_leg_joint,-0.083304815,-0.37654173,0.19024256,0.63564485,0.26729032,0.69077283,0.21758728
1783532930.3021,38,right_foot_joint,-0.038843412,-0.6694055,-0.15815851,0.33555174,0.60240585,0.4095999,0.59727705
1783532930.3021,38,right_toes_joint,-0.029703302,-0.80257523,-0.091880746,0.21529256,0.65508556,0.2889698,0.66408443
1783532930.3021,38,right_toesEnd_joint,-0.02816973,-0.8429668,-0.04665046,0.215293,0.65508574,0.28896937,0.6640843
1783532930.3021,38,spine_1_joint,-0.0006015737,0.022177713,-0.0045238407,0.44798598,0.54354864,0.45670325,0.54340196
1783532930.3021,38,spine_2_joint,-0.001064635,0.07877239,-0.014971844,0.457068,0.5373526,0.46679652,0.5333311
1783532930.3021,38,spine_3_joint,-0.0018297249,0.13569951,-0.023400936,0.48324725,0.51140594,0.4948219,0.5099876
1783532930.3021,38,spine_4_joint,-0.0025072007,0.18869945,-0.02570236,0.5214624,0.4696031,0.532376,0.4734192
1783532930.3021,38,spine_5_joint,-0.0030620247,0.2587524,-0.01813157,0.5685287,0.40909612,0.577579,0.41930637
1783532930.3021,38,spine_6_joint,-0.0032491165,0.3476839,0.011825736,0.57999724,0.38844746,0.5936387,0.40038082
1783532930.3021,38,spine_7_joint,-0.003969274,0.446568,0.052931614,0.5629086,0.41176328,0.5794331,0.42171344
1783532930.3021,38,left_shoulder_1_joint,0.08431851,0.5552401,0.084574096,-0.5994339,0.015148551,-0.10979711,0.79271305
1783532930.3021,38,left_arm_joint,0.22580443,0.52735627,0.10018367,-0.37321195,0.33066672,-0.48535466,0.71819437
1783532930.3021,38,left_forearm_joint,0.3083083,0.2762716,0.07021082,-0.45263252,0.19271575,-0.6583669,0.56968194
1783532930.3021,38,left_hand_joint,0.32407227,0.028512115,0.17108107,0.7043319,-0.55012554,0.409815,-0.18256581
1783532930.3021,38,left_handIndexStart_joint,0.31245667,0.008940974,0.19043441,0.67606425,-0.5612125,0.45433268,-0.146832
1783532930.3021,38,left_handIndex_1_joint,0.30902296,-0.06271631,0.22653466,0.67606425,-0.5612125,0.45433268,-0.146832
1783532930.3021,38,left_handIndex_2_joint,0.30702662,-0.10437752,0.24752319,0.67606425,-0.5612125,0.45433268,-0.146832
1783532930.3021,38,left_handIndex_3_joint,0.30590868,-0.12770781,0.25927678,0.67606425,-0.5612125,0.45433268,-0.146832
1783532930.3021,38,left_handIndexEnd_joint,0.30511016,-0.14437228,0.26767218,0.67606425,-0.5612125,0.45433268,-0.146832
1783532930.3021,38,left_handMidStart_joint,0.32240307,0.0047933483,0.18356109,0.70537186,-0.54980177,0.4077307,-0.18418576
1783532930.3021,38,left_handMid_1_joint,0.327188,-0.06558318,0.21188971,0.70537186,-0.54980177,0.4077307,-0.18418576
1783532930.3021,38,left_handMid_2_joint,0.33055037,-0.11503694,0.23179631,0.70537186,-0.54980177,0.4077307,-0.18418576
1783532930.3021,38,left_handMid_3_joint,0.33249024,-0.14356796,0.2432809,0.70537186,-0.54980177,0.4077307,-0.18418576
1783532930.3021,38,left_handMidEnd_joint,0.33378345,-0.16258866,0.25093728,0.70537186,-0.54980177,0.4077307,-0.18418576
1783532930.3021,38,left_handPinkyStart_joint,0.34191927,-0.0007555103,0.16465792,0.7252631,-0.55318546,0.32316512,-0.2520786
1783532930.3021,38,left_handPinky_1_joint,0.35329238,-0.062055666,0.17671473,0.7252631,-0.55318546,0.32316512,-0.2520786
1783532930.3021,38,left_handPinky_2_joint,0.36031696,-0.09991752,0.1841616,0.7252631,-0.55318546,0.32316512,-0.2520786
1783532930.3021,38,left_handPinky_3_joint,0.3639965,-0.119749926,0.18806234,0.7252631,-0.55318546,0.32316512,-0.2520786
1783532930.3021,38,left_handPinkyEnd_joint,0.36734152,-0.13777938,0.19160846,0.7252631,-0.55318546,0.32316512,-0.2520786
1783532930.3021,38,left_handRingStart_joint,0.33143204,0.0017162442,0.17489448,0.71621966,-0.5519924,0.36648694,-0.2191372
1783532930.3021,38,left_handRing_1_joint,0.33995274,-0.06473471,0.19466567,0.71621966,-0.5519924,0.36648694,-0.2191372
1783532930.3021,38,left_handRing_2_joint,0.34596735,-0.11164127,0.20862181,0.71621966,-0.5519924,0.36648694,-0.2191372
1783532930.3021,38,left_handRing_3_joint,0.34972647,-0.14095786,0.21734442,0.71621966,-0.5519924,0.36648694,-0.2191372
1783532930.3021,38,left_handRingEnd_joint,0.35223258,-0.16050225,0.22315946,0.71621966,-0.5519924,0.36648694,-0.2191372
1783532930.3021,38,left_handThumbStart_joint,0.30355927,0.007051773,0.18325672,0.2987328,-0.11954839,0.88404334,-0.33901972
1783532930.3021,38,left_handThumb_1_joint,0.2717918,-0.028972117,0.20726435,0.2987328,-0.11954839,0.88404334,-0.33901972
1783532930.3021,38,left_handThumb_2_joint,0.24908373,-0.054719694,0.2244255,0.2987328,-0.119548365,0.88404334,-0.33901972
1783532930.3021,38,left_handThumbEnd_joint,0.23394503,-0.07188475,0.23586628,0.2987328,-0.11954835,0.88404334,-0.33901972
1783532930.3021,38,neck_1_joint,-0.0052089076,0.5762357,0.08744009,0.6042349,0.34849733,0.6205623,0.35826308
1783532930.3021,38,neck_2_joint,-0.005601788,0.6022096,0.102446795,0.59587306,0.36230567,0.61177754,0.3733606
1783532930.3021,38,neck_3_joint,-0.0060447603,0.63775384,0.12078848,0.5796236,0.3856607,0.59952444,0.39480773
1783532930.3021,38,neck_4_joint,-0.00669786,0.6745726,0.1364074,0.56293887,0.4076626,0.58773553,0.4140992
1783532930.3021,38,head_joint,-0.007757736,0.7182329,0.15193981,0.50639373,0.47427088,0.53822976,0.47847804
1783532930.3021,38,jaw_joint,-0.0072001605,0.6928867,0.15463406,0.50639373,0.47427088,0.53822976,0.47847804
1783532930.3021,38,chin_joint,-0.009210401,0.63389164,0.24958427,0.50639373,0.47427088,0.53822976,0.47847804
1783532930.3021,38,left_eye_joint,0.020534927,0.74354094,0.2423029,0.51051074,0.4698365,0.5423822,0.47376582
1783532930.3021,38,left_eyeLowerLid_joint,0.020534927,0.74354094,0.2423029,0.51051074,0.4698365,0.5423822,0.47376582
1783532930.3021,38,left_eyeUpperLid_joint,0.020534927,0.74354094,0.2423029,0.51051074,0.4698365,0.5423822,0.47376582
1783532930.3021,38,left_eyeball_joint,0.020534927,0.74354094,0.2423029,0.51051074,0.4698365,0.5423822,0.47376582
1783532930.3021,38,nose_joint,-0.011577664,0.70808524,0.2614041,0.51051325,0.46983385,0.5423847,0.473763
1783532930.3021,38,right_eye_joint,-0.0440334,0.7418645,0.23989426,0.51051074,0.4698365,0.5423822,0.47376582
1783532930.3021,38,right_eyeLowerLid_joint,-0.0440334,0.7418645,0.23989426,0.51051074,0.4698365,0.5423822,0.47376582
1783532930.3021,38,right_eyeUpperLid_joint,-0.0440334,0.7418645,0.23989426,0.51051074,0.4698365,0.5423822,0.47376582
1783532930.3021,38,right_eyeball_joint,-0.0440334,0.7418645,0.23989426,0.51051074,0.4698365,0.5423822,0.47376582
1783532930.3021,38,right_shoulder_1_joint,-0.094346456,0.55480975,0.079717904,0.79050153,0.11621544,0.043695837,0.5997433
1783532930.3021,38,right_arm_joint,-0.23492366,0.52055645,0.08991712,0.7085028,0.4951115,0.30277634,0.40151557
1783532930.3021,38,right_forearm_joint,-0.32173672,0.26927567,0.08155299,0.54954064,0.68076926,0.18845223,0.44614366
1783532930.3021,38,right_hand_joint,-0.32229355,0.023714237,0.18882632,0.17038673,0.43027315,0.56020176,0.687028
1783532930.3021,38,right_handIndexStart_joint,-0.31032097,0.005242175,0.20730226,0.1318002,0.47614643,0.5710295,0.65562075
1783532930.3021,38,right_handIndex_1_joint,-0.3018417,-0.06497073,0.2453547,0.1318002,0.47614643,0.5710295,0.65562075
1783532930.3021,38,right_handIndex_2_joint,-0.29691148,-0.105792485,0.26747784,0.1318002,0.47614643,0.5710295,0.65562075
1783532930.3021,38,right_handIndex_3_joint,-0.29415113,-0.12865278,0.2798675,0.1318002,0.47614643,0.5710295,0.65562075
1783532930.3021,38,right_handIndexEnd_joint,-0.2921794,-0.14498128,0.2887172,0.1318002,0.47614643,0.5710295,0.65562075
1783532930.3021,38,right_handMidStart_joint,-0.32020083,0.0003373003,0.20084438,0.16984329,0.4308684,0.5606179,0.68644977
1783532930.3021,38,right_handMid_1_joint,-0.32020995,-0.069295466,0.23133448,0.16984329,0.4308684,0.5606179,0.68644977
1783532930.3021,38,right_handMid_2_joint,-0.32021663,-0.11822588,0.2527601,0.16984329,0.4308684,0.5606179,0.68644977
1783532930.3021,38,right_handMid_3_joint,-0.3202203,-0.14645518,0.26512095,0.16984329,0.4308684,0.5606179,0.68644977
1783532930.3021,38,right_handMidEnd_joint,-0.32022297,-0.1652743,0.2733616,0.16984329,0.4308684,0.5606179,0.68644977
1783532930.3021,38,right_handPinkyStart_joint,-0.33988288,-0.006870334,0.18268749,0.23982538,0.3485971,0.56486183,0.7084455
1783532930.3021,38,right_handPinky_1_joint,-0.3474282,-0.068310544,0.19684733,0.23982538,0.3485971,0.56486183,0.7084455
1783532930.3021,38,right_handPinky_2_joint,-0.35208893,-0.106259555,0.20559376,0.23982538,0.3485971,0.56486183,0.7084455
1783532930.3021,38,right_handPinky_3_joint,-0.35452977,-0.1261374,0.21017452,0.23982538,0.3485971,0.56486183,0.7084455
1783532930.3021,38,right_handPinkyEnd_joint,-0.35674903,-0.14420795,0.21433908,0.23982538,0.3485971,0.56486183,0.7084455
1783532930.3021,38,right_handRingStart_joint,-0.32927555,-0.0035041953,0.19253802,0.2058031,0.3908197,0.56323415,0.69833547
1783532930.3021,38,right_handRing_1_joint,-0.33347055,-0.06968932,0.21447259,0.2058031,0.3908197,0.56323415,0.69833547
1783532930.3021,38,right_handRing_2_joint,-0.33643156,-0.11640787,0.22995548,0.2058031,0.3908197,0.56323415,0.69833547
1783532930.3021,38,right_handRing_3_joint,-0.33828253,-0.14560728,0.23963283,0.2058031,0.3908197,0.56323415,0.69833547
1783532930.3021,38,right_handRingEnd_joint,-0.33951595,-0.16507417,0.24608378,0.2058031,0.3908197,0.56323415,0.69833547
1783532930.3021,38,right_handThumbStart_joint,-0.30153096,0.0036332607,0.19992584,0.31116325,0.89906245,0.10987302,0.28773624
1783532930.3021,38,right_handThumb_1_joint,-0.2671255,-0.029808005,0.22403449,0.31116325,0.89906245,0.10987302,0.28773624
1783532930.3021,38,right_handThumb_2_joint,-0.24253228,-0.053709168,0.24126811,0.31116322,0.89906245,0.109873004,0.28773624
1783532930.3021,38,right_handThumbEnd_joint,-0.22613677,-0.069643565,0.25275645,0.31116322,0.89906245,0.109872974,0.28773624
1783532930.3021,38,camera,0.11240483,0.066727154,-0.038244538,-0.07993219,-0.083777346,-0.69883287,0.7058504
1783532930.3353,39,root,-0.0005505341,0.020381812,-0.00563749,-0.070540994,-0.0061305426,-0.004594463,0.9974795
1783532930.3353,39,hips_joint,-0.0005505341,0.020381812,-0.00563749,-0.070540994,-0.0061305426,-0.004594463,0.9974795
1783532930.3353,39,left_upLeg_joint,0.099716,-0.005046649,0.000119801756,0.6131663,-0.3544801,0.6179984,-0.34124607
1783532930.3353,39,left_leg_joint,0.09333363,-0.3657152,0.21738331,-0.19712186,0.68045276,-0.2858143,0.6453195
1783532930.3353,39,left_foot_joint,0.052445266,-0.6570868,-0.13270251,0.5748006,-0.41409695,0.6229558,-0.33174378
1783532930.3353,39,left_toes_joint,0.03469552,-0.7896312,-0.066919476,0.642868,-0.29764602,0.67454106,-0.20765801
1783532930.3353,39,left_toesEnd_joint,0.029406462,-0.8298394,-0.021808648,0.642868,-0.29764584,0.67454106,-0.20765823
1783532930.3353,39,right_upLeg_joint,-0.10134034,-0.0033727335,-0.0024699625,0.35683328,0.5823477,0.41274276,0.60264814
1783532930.3353,39,right_leg_joint,-0.09335191,-0.38786417,0.16905847,0.6288832,0.27494887,0.68385506,0.24749035
1783532930.3353,39,right_foot_joint,-0.053789604,-0.70080656,-0.16204774,0.325506,0.604265,0.38571358,0.61655086
1783532930.3353,39,right_toes_joint,-0.049643267,-0.8303163,-0.08842367,0.2050765,0.6550069,0.26186332,0.67848164
1783532930.3353,39,right_toesEnd_joint,-0.049933665,-0.8681676,-0.04102309,0.20507698,0.65500706,0.2618629,0.6784815
1783532930.3353,39,spine_1_joint,-0.0005505539,0.020381812,-0.00563749,0.45217323,0.54055303,0.46188676,0.5385188
1783532930.3353,39,spine_2_joint,-0.0011878802,0.077147156,-0.015104375,0.4579658,0.5375488,0.47031447,0.52925724
1783532930.3353,39,spine_3_joint,-0.0023566938,0.13413557,-0.023059756,0.48114237,0.5148481,0.4962192,0.507149
1783532930.3353,39,spine_4_joint,-0.003555939,0.18712318,-0.025431553,0.5170988,0.47642332,0.5315898,0.4722733
1783532930.3353,39,spine_5_joint,-0.004903238,0.25724366,-0.01862378,0.5634096,0.41890368,0.57506716,0.4199848
1783532930.3353,39,spine_6_joint,-0.0060665105,0.34670427,0.009690982,0.57546645,0.39901143,0.5901915,0.40162468
1783532930.3353,39,spine_7_joint,-0.0076870797,0.44638872,0.048789263,0.5604388,0.42021203,0.575801,0.4216439
1783532930.3353,39,left_shoulder_1_joint,0.07992118,0.55626446,0.07807618,-0.600355,0.022063317,-0.08690122,0.7946919
1783532930.3353,39,left_arm_joint,0.22263895,0.5323877,0.088124655,-0.39094734,0.34366626,-0.4483205,0.726679
1783532930.3353,39,left_forearm_joint,0.31887403,0.28760543,0.048511095,-0.48037776,0.19532329,-0.61407125,0.5949811
1783532930.3353,39,left_hand_joint,0.3643031,0.041507013,0.14432256,0.7417156,-0.5255502,0.3728698,-0.18607306
1783532930.3353,39,left_handIndexStart_joint,0.35591692,0.020781666,0.16413759,0.7157719,-0.5369349,0.41987994,-0.15189606
1783532930.3353,39,left_handIndex_1_joint,0.3616032,-0.051192805,0.19931039,0.7157719,-0.5369349,0.41987994,-0.15189606
1783532930.3353,39,left_handIndex_2_joint,0.36490917,-0.09303843,0.2197597,0.7157719,-0.5369349,0.41987994,-0.15189606
1783532930.3353,39,left_handIndex_3_joint,0.36676052,-0.11647198,0.23121132,0.7157719,-0.5369349,0.41987994,-0.15189606
1783532930.3353,39,left_handIndexEnd_joint,0.3680829,-0.13321024,0.23939103,0.7157719,-0.5369349,0.41987994,-0.15189606
1783532930.3353,39,left_handMidStart_joint,0.36569354,0.017629515,0.15653114,0.7426566,-0.5252234,0.37067997,-0.18761174
1783532930.3353,39,left_handMid_1_joint,0.3788801,-0.052244034,0.18340237,0.7426566,-0.5252234,0.37067997,-0.18761174
1783532930.3353,39,left_handMid_2_joint,0.38814634,-0.10134436,0.20228487,0.7426566,-0.5252234,0.37067997,-0.18761174
1783532930.3353,39,left_handMid_3_joint,0.39349228,-0.12967147,0.2131786,0.7426566,-0.5252234,0.37067997,-0.18761174
1783532930.3353,39,left_handMidEnd_joint,0.39705622,-0.14855622,0.2204411,0.7426566,-0.5252234,0.37067997,-0.18761174
1783532930.3353,39,left_handPinkyStart_joint,0.38425884,0.014069116,0.13624184,0.7593161,-0.52955776,0.28241563,-0.25149417
1783532930.3353,39,left_handPinky_1_joint,0.4020151,-0.04601937,0.14656234,0.7593161,-0.52955776,0.28241563,-0.25149417
1783532930.3353,39,left_handPinky_2_joint,0.4129822,-0.083132856,0.15293676,0.7593161,-0.52955776,0.28241563,-0.25149417
1783532930.3353,39,left_handPinky_3_joint,0.41872686,-0.102573246,0.15627575,0.7593161,-0.52955776,0.28241563,-0.25149417
1783532930.3353,39,left_handPinkyEnd_joint,0.4239493,-0.12024633,0.15931119,0.7593161,-0.52955776,0.28241563,-0.25149417
1783532930.3353,39,left_handRingStart_joint,0.37433478,0.015473878,0.1472154,0.7519403,-0.52788824,0.32750437,-0.22059204
1783532930.3353,39,left_handRing_1_joint,0.3902714,-0.050072715,0.16535106,0.7519403,-0.52788824,0.32750437,-0.22059204
1783532930.3353,39,left_handRing_2_joint,0.40152076,-0.0963409,0.17815271,0.7519403,-0.52788824,0.32750437,-0.22059204
1783532930.3353,39,left_handRing_3_joint,0.40855163,-0.12525852,0.18615372,0.7519403,-0.52788824,0.32750437,-0.22059204
1783532930.3353,39,left_handRingEnd_joint,0.41323885,-0.14453693,0.19148774,0.7519403,-0.52788824,0.32750437,-0.22059204
1783532930.3353,39,left_handThumbStart_joint,0.34674752,0.018140187,0.1575652,0.33261076,-0.122642756,0.8557968,-0.3767503
1783532930.3353,39,left_handThumb_1_joint,0.32017735,-0.020868259,0.18317047,0.33261076,-0.122642756,0.8557968,-0.3767503
1783532930.3353,39,left_handThumb_2_joint,0.30118418,-0.048749268,0.20147371,0.33261076,-0.12264273,0.8557968,-0.3767503
1783532930.3353,39,left_handThumbEnd_joint,0.28852206,-0.06733661,0.21367586,0.33261076,-0.1226427,0.8557968,-0.3767503
1783532930.3353,39,neck_1_joint,-0.009756963,0.5765385,0.081390634,0.60217565,0.3578648,0.61672777,0.35911593
1783532930.3353,39,neck_2_joint,-0.010262184,0.6027569,0.09596244,0.59321225,0.3721185,0.6077826,0.37446967
1783532930.3353,39,neck_3_joint,-0.010891938,0.63862425,0.113658205,0.5764465,0.39559898,0.5953473,0.39594546
1783532930.3353,39,neck_4_joint,-0.011766891,0.67572564,0.12858222,0.55938876,0.41755363,0.583434,0.41513622
1783532930.3353,39,head_joint,-0.013110728,0.71966577,0.14328142,0.50172144,0.4836779,0.533815,0.47892886
1783532930.3353,39,jaw_joint,-0.012295468,0.69438237,0.1464573,0.50172144,0.4836779,0.533815,0.47892886
1783532930.3353,39,chin_joint,-0.01300276,0.6372127,0.24253608,0.50172144,0.4836779,0.533815,0.47892886
1783532930.3353,39,left_eye_joint,0.015660074,0.74696946,0.23290958,0.50592077,0.479284,0.53797156,0.4742552
1783532930.3353,39,left_eyeLowerLid_joint,0.015660074,0.74696946,0.23290958,0.50592077,0.479284,0.53797156,0.4742552
1783532930.3353,39,left_eyeUpperLid_joint,0.015660074,0.74696946,0.23290958,0.50592077,0.479284,0.53797156,0.4742552
1783532930.3353,39,left_eyeball_joint,0.015660074,0.74696946,0.23290958,0.50592077,0.479284,0.53797156,0.4742552
1783532930.3353,39,nose_joint,-0.015968058,0.71159554,0.25294778,0.50592315,0.47928128,0.53797406,0.47425234
1783532930.3353,39,right_eye_joint,-0.048906878,0.7446548,0.23105697,0.50592077,0.479284,0.53797156,0.4742552
1783532930.3353,39,right_eyeLowerLid_joint,-0.048906878,0.7446548,0.23105697,0.50592077,0.479284,0.53797156,0.4742552
1783532930.3353,39,right_eyeUpperLid_joint,-0.048906878,0.7446548,0.23105697,0.50592077,0.479284,0.53797156,0.4742552
1783532930.3353,39,right_eyeball_joint,-0.048906878,0.7446548,0.23105697,0.50592077,0.479284,0.53797156,0.4742552
1783532930.3353,39,right_shoulder_1_joint,-0.09876774,0.5542435,0.07474086,0.79062074,0.10306809,0.046057582,0.6018095
1783532930.3353,39,right_arm_joint,-0.24011981,0.5225631,0.08217123,0.71578187,0.46629265,0.31173488,0.41599137
1783532930.3353,39,right_forearm_joint,-0.3387434,0.27602458,0.066658676,0.57398474,0.6410595,0.18844527,0.473363
1783532930.3353,39,right_hand_joint,-0.36743292,0.031012878,0.17132221,0.17352767,0.39856365,0.5362983,0.7234771
1783532930.3353,39,right_handIndexStart_joint,-0.3583069,0.011491037,0.19033623,0.13654712,0.44700882,0.5474159,0.6941712
1783532930.3353,39,right_handIndex_1_joint,-0.35839015,-0.05934881,0.2281707,0.13654712,0.44700882,0.5474159,0.6941712
1783532930.3353,39,right_handIndex_2_joint,-0.35843813,-0.1005351,0.2501671,0.13654712,0.44700882,0.5474159,0.6941712
1783532930.3353,39,right_handIndex_3_joint,-0.35846564,-0.12359949,0.2624858,0.13654712,0.44700882,0.5474159,0.6941712
1783532930.3353,39,right_handIndexEnd_joint,-0.35848522,-0.14007378,0.2712848,0.13654712,0.44700882,0.5474159,0.6941712
1783532930.3353,39,right_handMidStart_joint,-0.36814547,0.00749362,0.18322307,0.17299585,0.39919865,0.536724,0.72293854
1783532930.3353,39,right_handMid_1_joint,-0.37613747,-0.061996534,0.21298231,0.17299585,0.39919865,0.536724,0.72293854
1783532930.3353,39,right_handMid_2_joint,-0.38175365,-0.110826716,0.23389438,0.17299585,0.39919865,0.536724,0.72293854
1783532930.3353,39,right_handMid_3_joint,-0.38499355,-0.13899821,0.24595894,0.17299585,0.39919865,0.536724,0.72293854
1783532930.3353,39,right_handMidEnd_joint,-0.38715369,-0.15777877,0.25400206,0.17299588,0.39919865,0.536724,0.72293854
1783532930.3353,39,right_handPinkyStart_joint,-0.38718668,0.002105565,0.16379614,0.23923033,0.31328595,0.5419348,0.7422448
1783532930.3353,39,right_handPinky_1_joint,-0.40092298,-0.058498915,0.17686298,0.23923033,0.31328595,0.5419348,0.7422448
1783532930.3353,39,right_handPinky_2_joint,-0.40940765,-0.09593171,0.18493429,0.23923033,0.31328595,0.5419348,0.7422448
1783532930.3353,39,right_handPinky_3_joint,-0.4138514,-0.11553921,0.18916143,0.23923035,0.31328595,0.5419348,0.7422448
1783532930.3353,39,right_handPinkyEnd_joint,-0.41789156,-0.13336395,0.1930045,0.23923033,0.31328595,0.5419348,0.7422448
1783532930.3353,39,right_handRingStart_joint,-0.37697387,0.004492786,0.17432603,0.20711523,0.35725567,0.53981864,0.7335308
1783532930.3353,39,right_handRing_1_joint,-0.38828495,-0.061162632,0.19531696,0.20711523,0.35725567,0.53981864,0.7335308
1783532930.3353,39,right_handRing_2_joint,-0.396269,-0.10750728,0.21013378,0.20711523,0.35725567,0.53981864,0.7335308
1783532930.3353,39,right_handRing_3_joint,-0.40125942,-0.13647297,0.21939479,0.20711523,0.35725567,0.53981864,0.7335308
1783532930.3353,39,right_handRingEnd_joint,-0.40458578,-0.1557841,0.22556823,0.20711523,0.35725567,0.53981864,0.7335308
1783532930.3353,39,right_handThumbStart_joint,-0.34923938,0.009151201,0.18351202,0.3474146,0.8747073,0.11009311,0.3194834
1783532930.3353,39,right_handThumb_1_joint,-0.31946823,-0.02726355,0.20941424,0.3474146,0.8747073,0.11009311,0.3194834
1783532930.3353,39,right_handThumb_2_joint,-0.29818743,-0.05329019,0.22792993,0.34741464,0.8747073,0.110093094,0.3194834
1783532930.3353,39,right_handThumbEnd_joint,-0.2840002,-0.07064157,0.24027297,0.34741464,0.8747073,0.11009308,0.3194834
1783532930.3353,39,camera,0.11225073,0.067031465,-0.037761163,-0.07963521,-0.08392735,-0.6985202,0.7061756
1783532930.3688,40,root,-0.00056489924,0.017885204,-0.007126196,-0.05260649,-0.0065281126,-0.0056056106,0.9985783
1783532930.3688,40,hips_joint,-0.00056489924,0.017885204,-0.007126196,-0.05260649,-0.0065281126,-0.0056056106,0.9985783
1783532930.3688,40,left_upLeg_joint,0.099651486,-0.007909192,-0.0021805966,0.60649896,-0.37018245,0.60429347,-0.36049083
1783532930.3688,40,left_leg_joint,0.09779396,-0.38046348,0.19409962,-0.22812603,0.6720282,-0.30356884,0.6357538
1783532930.3688,40,left_foot_joint,0.057756077,-0.69719595,-0.13332516,0.5940121,-0.38834515,0.63103336,-0.31326467
1783532930.3688,40,left_toes_joint,0.043146476,-0.8248752,-0.057859432,0.6568504,-0.26871985,0.6789697,-0.18798292
1783532930.3688,40,left_toesEnd_joint,0.039117765,-0.861774,-0.009881263,0.65685046,-0.26871964,0.6789697,-0.18798311
1783532930.3688,40,right_upLeg_joint,-0.101398684,-0.0057913694,-0.0049208114,0.38360423,0.56050766,0.42630348,0.59744835
1783532930.3688,40,right_leg_joint,-0.10484877,-0.4013725,0.13938156,0.62240833,0.28322083,0.67285615,0.28223842
1783532930.3688,40,right_foot_joint,-0.074711785,-0.73629004,-0.17054014,0.3153077,0.60678375,0.3556264,0.63712204
1783532930.3688,40,right_toes_joint,-0.07630444,-0.8608511,-0.08873256,0.19458571,0.6555471,0.22842263,0.6929773
1783532930.3688,40,right_toesEnd_joint,-0.07849804,-0.8955305,-0.039011944,0.1945862,0.65554726,0.22842218,0.6929772
1783532930.3688,40,spine_1_joint,-0.000564919,0.017885204,-0.007126196,0.45862055,0.53518355,0.4690227,0.5322251
1783532930.3688,40,spine_2_joint,-0.0013020283,0.07487081,-0.015153055,0.4608737,0.5358305,0.474635,0.5245979
1783532930.3688,40,spine_3_joint,-0.0027284867,0.13195665,-0.02232976,0.48080567,0.5166795,0.49730185,0.50453883
1783532930.3688,40,spine_4_joint,-0.004242306,0.1849398,-0.02461952,0.51434463,0.48179138,0.52955014,0.4721266
1783532930.3688,40,spine_5_joint,-0.0060105994,0.25511554,-0.018513449,0.5596333,0.4274731,0.570445,0.42269385
1783532930.3688,40,spine_6_joint,-0.0075374227,0.34511557,0.008018609,0.57216257,0.4087046,0.5836663,0.4061087
1783532930.3688,40,spine_7_joint,-0.009188175,0.44572142,0.04467957,0.55907816,0.42840558,0.5678267,0.42599684
1783532930.3688,40,left_shoulder_1_joint,0.078868575,0.5560851,0.07059252,-0.60837495,0.028726399,-0.061631437,0.79073155
1783532930.3688,40,left_arm_joint,0.22257704,0.5368775,0.07488024,-0.42578647,0.3457974,-0.40068206,0.7338829
1783532930.3688,40,left_forearm_joint,0.3395462,0.30212346,0.030636158,-0.52730024,0.17423926,-0.55299705,0.6211196
1783532930.3688,40,left_hand_joint,0.42735198,0.06879974,0.1289127,0.79492015,-0.47195625,0.33678252,-0.17870945
1783532930.3688,40,left_handIndexStart_joint,0.4236207,0.04787348,0.14990492,0.7712284,-0.48300627,0.38731387,-0.14798671
1783532930.3688,40,left_handIndex_1_joint,0.44236407,-0.021165557,0.18640268,0.7712284,-0.48300627,0.38731387,-0.14798671
1783532930.3688,40,left_handIndex_2_joint,0.45326138,-0.061304525,0.20762232,0.7712284,-0.48300627,0.38731387,-0.14798671
1783532930.3688,40,left_handIndex_3_joint,0.45936385,-0.083782345,0.21950531,0.7712284,-0.48300627,0.38731387,-0.14798671
1783532930.3688,40,left_handIndexEnd_joint,0.46372277,-0.09983793,0.22799316,0.7712284,-0.48300627,0.38731387,-0.14798671
1783532930.3688,40,left_handMidStart_joint,0.4331231,0.04584664,0.14159997,0.7957708,-0.47166133,0.3344467,-0.18008359
1783532930.3688,40,left_handMid_1_joint,0.45831156,-0.020371832,0.16914845,0.7957708,-0.47166133,0.3344467,-0.18008359
1783532930.3688,40,left_handMid_2_joint,0.47601157,-0.06690374,0.18850683,0.7957708,-0.47166133,0.3344467,-0.18008359
1783532930.3688,40,left_handMid_3_joint,0.4862231,-0.09374906,0.19967514,0.7957708,-0.47166133,0.3344467,-0.18008359
1783532930.3688,40,left_handMidEnd_joint,0.49303076,-0.111645944,0.20712066,0.7957708,-0.47166133,0.3344467,-0.18008359
1783532930.3688,40,left_handPinkyStart_joint,0.45035997,0.0441722,0.119941495,0.8101537,-0.47881928,0.24131085,-0.23696506
1783532930.3688,40,left_handPinky_1_joint,0.4773482,-0.012356644,0.13036022,0.8101537,-0.47881928,0.24131085,-0.23696506
1783532930.3688,40,left_handPinky_2_joint,0.4940174,-0.047271516,0.13679531,0.8101537,-0.47881928,0.24131085,-0.23696506
1783532930.3688,40,left_handPinky_3_joint,0.5027489,-0.06556027,0.14016607,0.8101537,-0.47881928,0.24131085,-0.23696506
1783532930.3688,40,left_handPinkyEnd_joint,0.5106866,-0.08218639,0.14323041,0.8101537,-0.47881928,0.24131085,-0.23696506
1783532930.3688,40,left_handRingStart_joint,0.44122794,0.044579133,0.13165984,0.8040043,-0.47569433,0.288727,-0.20959252
1783532930.3688,40,left_handRing_1_joint,0.46782064,-0.017305842,0.1501615,0.8040043,-0.47569433,0.288727,-0.20959252
1783532930.3688,40,left_handRing_2_joint,0.48659196,-0.060989354,0.16322151,0.8040043,-0.47569433,0.288727,-0.20959252
1783532930.3688,40,left_handRing_3_joint,0.49832404,-0.08829155,0.171384,0.8040043,-0.47569433,0.288727,-0.20959252
1783532930.3688,40,left_handRingEnd_joint,0.5061454,-0.10649301,0.17682567,0.8040043,-0.47569433,0.288727,-0.20959252
1783532930.3688,40,left_handThumbStart_joint,0.41444138,0.043710083,0.14419018,0.38106093,-0.09960934,0.81430703,-0.4263507
1783532930.3688,40,left_handThumb_1_joint,0.39586258,0.0023474358,0.17295165,0.38106093,-0.09960934,0.81430703,-0.4263507
1783532930.3688,40,left_handThumb_2_joint,0.38258135,-0.027216474,0.19351096,0.38106093,-0.09960934,0.81430703,-0.4263507
1783532930.3688,40,left_handThumbEnd_joint,0.37372723,-0.046925753,0.20721717,0.38106093,-0.0996093,0.81430703,-0.4263507
1783532930.3688,40,neck_1_joint,-0.010742969,0.57656455,0.07440765,0.6015666,0.3663323,0.609163,0.36447093
1783532930.3688,40,neck_2_joint,-0.011059706,0.6031083,0.08838373,0.59230006,0.3806999,0.6000323,0.37974924
1783532930.3688,40,neck_3_joint,-0.011457402,0.63937634,0.10525002,0.57520014,0.40421522,0.5873564,0.4009581
1783532930.3688,40,neck_4_joint,-0.012127602,0.6768172,0.11931194,0.5578647,0.42616147,0.57522666,0.4198663
1783532930.3688,40,head_joint,-0.013257906,0.7210919,0.13298962,0.4992384,0.49207768,0.52509636,0.4825914
1783532930.3688,40,jaw_joint,-0.012442005,0.69588876,0.13674898,0.4992384,0.49207768,0.52509636,0.4825914
1783532930.3688,40,chin_joint,-0.012203924,0.6409886,0.23414466,0.4992384,0.49207768,0.52509636,0.4825914
1783532930.3688,40,left_eye_joint,0.016498446,0.7504447,0.22164303,0.50351095,0.4877049,0.5292852,0.47799346
1783532930.3688,40,left_eyeLowerLid_joint,0.016498446,0.7504447,0.22164303,0.50351095,0.4877049,0.5292852,0.47799346
1783532930.3688,40,left_eyeUpperLid_joint,0.016498446,0.7504447,0.22164303,0.50351095,0.4877049,0.5292852,0.47799346
1783532930.3688,40,left_eyeball_joint,0.016498446,0.7504447,0.22164303,0.50351095,0.4877049,0.5292852,0.47799346
1783532930.3688,40,nose_joint,-0.0149613535,0.7155996,0.2428392,0.5035135,0.48770225,0.5292877,0.4779907
1783532930.3688,40,right_eye_joint,-0.0480875,0.7481877,0.22052863,0.50351095,0.4877049,0.5292852,0.47799346
1783532930.3688,40,right_eyeLowerLid_joint,-0.0480875,0.7481877,0.22052863,0.50351095,0.4877049,0.5292852,0.47799346
1783532930.3688,40,right_eyeUpperLid_joint,-0.0480875,0.7481877,0.22052863,0.50351095,0.4877049,0.5292852,0.47799346
1783532930.3688,40,right_eyeball_joint,-0.0480875,0.7481877,0.22052863,0.50351095,0.4877049,0.5292852,0.47799346
1783532930.3688,40,right_shoulder_1_joint,-0.09984817,0.55426365,0.06919823,0.7878772,0.08356846,0.040369876,0.6087992
1783532930.3688,40,right_arm_joint,-0.24239863,0.5280333,0.07473038,0.727675,0.42828634,0.30595472,0.43983158
1783532930.3688,40,right_forearm_joint,-0.36100844,0.29065588,0.056504104,0.600398,0.59670347,0.16999197,0.5045496
1783532930.3688,40,right_hand_joint,-0.4226673,0.052682456,0.16315842,0.1758536,0.37424487,0.49486673,0.7642797
1783532930.3688,40,right_handIndexStart_joint,-0.41678795,0.032647982,0.18290615,0.14168549,0.42554525,0.50626314,0.73656934
1783532930.3688,40,right_handIndex_1_joint,-0.42684412,-0.03693153,0.22173019,0.14168549,0.42554525,0.50626314,0.73656934
1783532930.3688,40,right_handIndex_2_joint,-0.43269035,-0.07738512,0.24430197,0.14168549,0.42554525,0.50626314,0.73656934
1783532930.3688,40,right_handIndex_3_joint,-0.43596488,-0.10003912,0.25694284,0.14168549,0.42554525,0.50626314,0.73656934
1783532930.3688,40,right_handIndexEnd_joint,-0.43830374,-0.11622028,0.26597196,0.14168549,0.42554525,0.50626314,0.73656934
1783532930.3688,40,right_handMidStart_joint,-0.42665276,0.02964565,0.17535333,0.17535298,0.37492636,0.49530303,0.7637779
1783532930.3688,40,right_handMid_1_joint,-0.4440003,-0.037863202,0.2056846,0.17535298,0.37492636,0.49530303,0.7637779
1783532930.3688,40,right_handMid_2_joint,-0.4561906,-0.085301094,0.22699861,0.17535298,0.37492636,0.49530303,0.7637779
1783532930.3688,40,right_handMid_3_joint,-0.4632233,-0.11266936,0.23929508,0.17535298,0.37492636,0.49530303,0.7637779
1783532930.3688,40,right_handMidEnd_joint,-0.46791193,-0.13091443,0.24749276,0.17535299,0.37492636,0.49530303,0.7637779
1783532930.3688,40,right_handPinkyStart_joint,-0.44519508,0.026051225,0.15504895,0.23625468,0.28496435,0.50184864,0.78174627
1783532930.3688,40,right_handPinky_1_joint,-0.46639714,-0.032323953,0.1682832,0.23625468,0.28496435,0.50184864,0.78174627
1783532930.3688,40,right_handPinky_2_joint,-0.47949308,-0.06837975,0.17645788,0.23625468,0.28496435,0.50184864,0.78174627
1783532930.3688,40,right_handPinky_3_joint,-0.48635226,-0.087266035,0.18073921,0.23625469,0.28496432,0.50184864,0.78174627
1783532930.3688,40,right_handPinkyEnd_joint,-0.4925882,-0.1044351,0.18463154,0.23625468,0.28496435,0.50184864,0.78174627
1783532930.3688,40,right_handRingStart_joint,-0.43531272,0.02748204,0.16605674,0.20684096,0.33088002,0.499027,0.773762
1783532930.3688,40,right_handRing_1_joint,-0.45507944,-0.03602208,0.18740389,0.20684096,0.33088002,0.499027,0.773762
1783532930.3688,40,right_handRing_2_joint,-0.46903217,-0.080848195,0.20247214,0.20684096,0.33088002,0.499027,0.773762
1783532930.3688,40,right_handRing_3_joint,-0.47775304,-0.10886475,0.21189028,0.20684096,0.33088002,0.499027,0.773762
1783532930.3688,40,right_handRingEnd_joint,-0.48356646,-0.1275432,0.2181685,0.20684096,0.33088002,0.499027,0.773762
1783532930.3688,40,right_handThumbStart_joint,-0.40771896,0.029155511,0.17659569,0.3909538,0.84601855,0.092735924,0.35043973
1783532930.3688,40,right_handThumb_1_joint,-0.38362753,-0.009857263,0.20454009,0.3909538,0.84601855,0.092735924,0.35043973
1783532930.3688,40,right_handThumb_2_joint,-0.36640638,-0.037741013,0.22451551,0.3909538,0.84601855,0.09273591,0.35043973
1783532930.3688,40,right_handThumbEnd_joint,-0.35492554,-0.056330487,0.2378317,0.3909538,0.84601855,0.09273587,0.35043973
1783532930.3688,40,camera,0.112222254,0.067392446,-0.037285376,-0.07938849,-0.08365883,-0.6984106,0.70634365
1783532930.4018,41,root,-0.0001918727,0.014566375,-0.009987765,-0.028570415,-0.009072671,-0.005519436,0.9995354
1783532930.4018,41,hips_joint,-0.0001918727,0.014566375,-0.009987765,-0.028570415,-0.009072671,-0.005519436,0.9995354
1783532930.4018,41,left_upLeg_joint,0.10001981,-0.011372162,-0.00575178,0.5997531,-0.3859606,0.5841699,-0.38739663
1783532930.4018,41,left_leg_joint,0.10825655,-0.39692077,0.16339421,-0.2774904,0.6545462,-0.32736596,0.62241435
1783532930.4018,41,left_foot_joint,0.07569696,-0.7494014,-0.12613401,0.6220914,-0.34414095,0.6415405,-0.28808826
1783532930.4018,41,left_toes_joint,0.06675291,-0.8683012,-0.03672867,0.6760425,-0.21999484,0.68451464,-0.1612714
1783532930.4018,41,left_toesEnd_joint,0.064695925,-0.89973766,0.015109367,0.67604256,-0.21999463,0.68451464,-0.16127159
1783532930.4018,41,right_upLeg_joint,-0.10101477,-0.009252962,-0.009461945,0.4138386,0.5301734,0.446889,0.5898679
1783532930.4018,41,right_leg_joint,-0.11719012,-0.4160388,0.098163046,0.60274184,0.308639,0.65338606,0.33842435
1783532930.4018,41,right_foot_joint,-0.09691089,-0.7884249,-0.16650051,0.28415096,0.61466515,0.30565038,0.6693452
1783532930.4018,41,right_toes_joint,-0.10548459,-0.90146345,-0.069757335,0.16249989,0.65738034,0.17324501,0.7151442
1783532930.4018,41,right_toesEnd_joint,-0.110075004,-0.92945427,-0.016137747,0.16250038,0.65738046,0.17324457,0.7151441
1783532930.4018,41,spine_1_joint,-0.0001918925,0.014566375,-0.009987765,0.46792212,0.5254693,0.47928983,0.5246067
1783532930.4018,41,spine_2_joint,-0.00086373225,0.07181046,-0.015903557,0.4673896,0.52968293,0.4805273,0.5196891
1783532930.4018,41,spine_3_joint,-0.0021840371,0.12905174,-0.02173677,0.4840135,0.5145279,0.4983806,0.50260246
1783532930.4018,41,spine_4_joint,-0.0035763872,0.1820556,-0.023580946,0.5144402,0.48403594,0.52610904,0.47357175
1783532930.4018,41,spine_5_joint,-0.005139173,0.25227717,-0.017965265,0.5574674,0.43434134,0.56351686,0.42781648
1783532930.4018,41,spine_6_joint,-0.0062992033,0.34282547,0.0066507193,0.5686539,0.41919196,0.5744082,0.41348097
1783532930.4018,41,spine_7_joint,-0.0075073275,0.44452456,0.040178694,0.55479527,0.44053584,0.55727524,0.4330996
1783532930.4018,41,left_shoulder_1_joint,0.080792785,0.55571306,0.061293226,-0.6247254,0.027527692,-0.029155735,0.77981466
1783532930.4018,41,left_arm_joint,0.22537613,0.5441284,0.06034977,-0.4787367,0.32916722,-0.33483067,0.7418551
1783532930.4018,41,left_forearm_joint,0.37408245,0.328158,0.01571795,-0.5874851,0.12270002,-0.46598786,0.65012467
1783532930.4018,41,left_hand_joint,0.5176074,0.12716173,0.119685344,0.86044145,-0.37843165,0.29831114,-0.16565382
1783532930.4018,41,left_handIndexStart_joint,0.5201088,0.10765377,0.14217283,0.839153,-0.3888696,0.35317037,-0.14097546
1783532930.4018,41,left_handIndex_1_joint,0.5560962,0.04724266,0.18096972,0.839153,-0.3888696,0.35317037,-0.14097546
1783532930.4018,41,left_handIndex_2_joint,0.5770191,0.012119925,0.20352603,0.839153,-0.3888696,0.35317037,-0.14097546
1783532930.4018,41,left_handIndex_3_joint,0.5887359,-0.0075488077,0.21615759,0.839153,-0.3888696,0.35317037,-0.14097546
1783532930.4018,41,left_handIndexEnd_joint,0.597105,-0.021597903,0.22518012,0.839153,-0.3888696,0.35317037,-0.14097546
1783532930.4018,41,left_handMidStart_joint,0.52916586,0.107023925,0.13317564,0.8612045,-0.3781877,0.2957981,-0.16674843
1783532930.4018,41,left_handMid_1_joint,0.57013446,0.0500096,0.16231675,0.8612045,-0.3781877,0.2957981,-0.16674843
1783532930.4018,41,left_handMid_2_joint,0.5989232,0.009945488,0.1827943,0.8612045,-0.3781877,0.2957981,-0.16674843
1783532930.4018,41,left_handMid_3_joint,0.6155321,-0.0131684225,0.19460827,0.8612045,-0.3781877,0.2957981,-0.16674843
1783532930.4018,41,left_handMidEnd_joint,0.6266047,-0.028577697,0.20248424,0.8612045,-0.3781877,0.2957981,-0.16674843
1783532930.4018,41,left_handPinkyStart_joint,0.54465985,0.10730843,0.11017871,0.87434757,-0.38943756,0.19686572,-0.21236625
1783532930.4018,41,left_handPinky_1_joint,0.5839777,0.058753848,0.12153602,0.87434757,-0.38943756,0.19686572,-0.21236625
1783532930.4018,41,left_handPinky_2_joint,0.6082622,0.02876425,0.12855083,0.87434757,-0.38943756,0.19686572,-0.21236625
1783532930.4018,41,left_handPinky_3_joint,0.62098265,0.013055415,0.13222525,0.87434757,-0.38943756,0.19686572,-0.21236625
1783532930.4018,41,left_handPinkyEnd_joint,0.6325467,-0.0012253451,0.13556562,0.87434757,-0.38943756,0.19686572,-0.21236625
1783532930.4018,41,left_handRingStart_joint,0.5365738,0.10670923,0.122634105,0.86893284,-0.384166,0.247031,-0.19065306
1783532930.4018,41,left_handRing_1_joint,0.57728225,0.053494737,0.14238964,0.86893284,-0.384166,0.247031,-0.19065306
1783532930.4018,41,left_handRing_2_joint,0.60601753,0.015931565,0.15633473,0.86893284,-0.384166,0.247031,-0.19065306
1783532930.4018,41,left_handRing_3_joint,0.6239771,-0.0075454162,0.16505039,0.86893284,-0.384166,0.247031,-0.19065306
1783532930.4018,41,left_handRingEnd_joint,0.63595015,-0.02319674,0.17086084,0.86893284,-0.384166,0.247031,-0.19065306
1783532930.4018,41,left_handThumbStart_joint,0.5116442,0.101207525,0.13758498,0.4383785,-0.04691817,0.7498761,-0.4932642
1783532930.4018,41,left_handThumb_1_joint,0.5047179,0.059274178,0.17040096,0.4383785,-0.04691817,0.7498761,-0.4932642
1783532930.4018,41,left_handThumb_2_joint,0.49976555,0.029302096,0.19385837,0.4383785,-0.046918157,0.7498761,-0.4932642
1783532930.4018,41,left_handThumbEnd_joint,0.49646398,0.009320706,0.20949665,0.43837848,-0.04691814,0.7498761,-0.4932642
1783532930.4018,41,neck_1_joint,-0.008778099,0.576313,0.065403625,0.5987147,0.37885392,0.59898996,0.3731245
1783532930.4018,41,neck_2_joint,-0.008917259,0.6033324,0.07843949,0.5892269,0.39312834,0.5894272,0.38837853
1783532930.4018,41,neck_3_joint,-0.009075201,0.64017737,0.0940094,0.57177883,0.41649333,0.5763176,0.40921974
1783532930.4018,41,neck_4_joint,-0.0095239,0.678096,0.1067365,0.554109,0.43831593,0.5638042,0.42774758
1783532930.4018,41,head_joint,-0.0104162395,0.7228325,0.11883862,0.4941383,0.50375575,0.512797,0.488976
1783532930.4018,41,jaw_joint,-0.009597912,0.6977776,0.12348466,0.4941383,0.50375575,0.512797,0.488976
1783532930.4018,41,chin_joint,-0.008288952,0.6463839,0.22276706,0.4941383,0.50375575,0.512797,0.488976
1783532930.4018,41,left_eye_joint,0.020446252,0.7552641,0.20602894,0.49851292,0.49942708,0.517042,0.48448506
1783532930.4018,41,left_eyeLowerLid_joint,0.020446252,0.7552641,0.20602894,0.49851292,0.49942708,0.517042,0.48448506
1783532930.4018,41,left_eyeUpperLid_joint,0.020446252,0.7552641,0.20602894,0.49851292,0.49942708,0.517042,0.48448506
1783532930.4018,41,left_eyeball_joint,0.020446252,0.7552641,0.20602894,0.49851292,0.49942708,0.517042,0.48448506
1783532930.4018,41,nose_joint,-0.010816748,0.7212631,0.22882675,0.49851564,0.4994245,0.5170445,0.48448247
1783532930.4018,41,right_eye_joint,-0.04415214,0.753105,0.20576294,0.49851292,0.49942708,0.517042,0.48448506
1783532930.4018,41,right_eyeLowerLid_joint,-0.04415214,0.753105,0.20576294,0.49851292,0.49942708,0.517042,0.48448506
1783532930.4018,41,right_eyeUpperLid_joint,-0.04415214,0.753105,0.20576294,0.49851292,0.49942708,0.517042,0.48448506
1783532930.4018,41,right_eyeball_joint,-0.04415214,0.753105,0.20576294,0.49851292,0.49942708,0.517042,0.48448506
1783532930.4018,41,right_shoulder_1_joint,-0.09792772,0.55384743,0.061961386,0.77856505,0.059757236,0.02869147,0.6240533
1783532930.4018,41,right_arm_joint,-0.24170218,0.5351565,0.06629939,0.7423891,0.37182927,0.280017,0.48186332
1783532930.4018,41,right_forearm_joint,-0.39242765,0.31653103,0.05102609,0.6345646,0.5287314,0.1242239,0.5498543
1783532930.4018,41,right_hand_joint,-0.5023019,0.10010765,0.16459052,0.17587517,0.34750387,0.41740808,0.82102364
1783532930.4018,41,right_handIndexStart_joint,-0.5012364,0.08048347,0.18555899,0.14698902,0.4027627,0.42901954,0.7950591
1783532930.4018,41,right_handIndex_1_joint,-0.52592766,0.016187353,0.22686389,0.14698902,0.4027627,0.42901954,0.7950591
1783532930.4018,41,right_handIndex_2_joint,-0.54028267,-0.021194572,0.2508781,0.14698902,0.4027627,0.42901954,0.7950591
1783532930.4018,41,right_handIndex_3_joint,-0.54832214,-0.042128276,0.26432666,0.14698902,0.4027627,0.42901954,0.7950591
1783532930.4018,41,right_handIndexEnd_joint,-0.5540645,-0.057080697,0.2739327,0.14698902,0.4027627,0.42901954,0.7950591
1783532930.4018,41,right_handMidStart_joint,-0.51108694,0.07890211,0.17756905,0.17544039,0.34825328,0.41785684,0.8205707
1783532930.4018,41,right_handMid_1_joint,-0.54211885,0.017484723,0.20986909,0.17544039,0.34825328,0.41785684,0.8205707
1783532930.4018,41,right_handMid_2_joint,-0.563925,-0.025672665,0.23256654,0.17544039,0.34825328,0.41785684,0.8205707
1783532930.4018,41,right_handMid_3_joint,-0.5765054,-0.05057144,0.24566115,0.17544039,0.34825328,0.41785684,0.8205707
1783532930.4018,41,right_handMidEnd_joint,-0.5848924,-0.06717016,0.25439093,0.1754404,0.34825328,0.41785684,0.8205707
1783532930.4018,41,right_handPinkyStart_joint,-0.5289125,0.07759713,0.15636636,0.22711818,0.25280017,0.42673832,0.83809555
1783532930.4018,41,right_handPinky_1_joint,-0.56116915,0.024883598,0.17096522,0.22711818,0.25280017,0.42673832,0.83809555
1783532930.4018,41,right_handPinky_2_joint,-0.5810931,-0.007675152,0.17998275,0.22711818,0.25280017,0.42673832,0.83809555
1783532930.4018,41,right_handPinky_3_joint,-0.5915287,-0.0247298,0.1847056,0.22711818,0.25280017,0.42673832,0.83809555
1783532930.4018,41,right_handPinkyEnd_joint,-0.601016,-0.04023368,0.18899927,0.22711818,0.25280017,0.42673832,0.83809555
1783532930.4018,41,right_handRingStart_joint,-0.51951116,0.07782711,0.1678747,0.2023589,0.3013449,0.42265958,0.83042234
1783532930.4018,41,right_handRing_1_joint,-0.55171967,0.02027461,0.19088589,0.2023589,0.3013449,0.42265958,0.83042234
1783532930.4018,41,right_handRing_2_joint,-0.5744548,-0.020350438,0.20712876,0.2023589,0.3013449,0.42265958,0.83042234
1783532930.4018,41,right_handRing_3_joint,-0.5886647,-0.045741204,0.21728104,0.2023589,0.3013449,0.42265958,0.83042234
1783532930.4018,41,right_handRingEnd_joint,-0.5981376,-0.06266924,0.22404876,0.2023589,0.3013449,0.42265958,0.83042234
1783532930.4018,41,right_handThumbStart_joint,-0.49265727,0.07505204,0.17997654,0.45522532,0.7984098,0.04924348,0.39100796
1783532930.4018,41,right_handThumb_1_joint,-0.47763696,0.033949852,0.21109383,0.45522532,0.7984098,0.04924348,0.39100796
1783532930.4018,41,right_handThumb_2_joint,-0.4668994,0.004572475,0.23333713,0.45522535,0.7984098,0.04924346,0.39100796
1783532930.4018,41,right_handThumbEnd_joint,-0.45974097,-0.015012803,0.24816528,0.45522532,0.7984098,0.049243443,0.39100796
1783532930.4018,41,camera,0.112147376,0.06776237,-0.03682595,-0.07898216,-0.08364797,-0.6982557,0.70654356
1783532930.4351,42,root,-0.000109470915,0.013327669,-0.00943034,-0.009807152,-0.010927725,-0.008426074,0.99985677
1783532930.4351,42,hips_joint,-0.000109470915,0.013327669,-0.00943034,-0.009807152,-0.010927725,-0.008426074,0.99985677
1783532930.4351,42,left_upLeg_joint,0.09994522,-0.013295989,-0.0057734507,0.5913385,-0.39385316,0.57031345,-0.41223928
1783532930.4351,42,left_leg_joint,0.116471134,-0.40745163,0.14151636,-0.32247066,0.62501264,-0.346492,0.6207378
1783532930.4351,42,left_foot_joint,0.106687084,-0.7885059,-0.11113239,0.6392874,-0.29315314,0.6555627,-0.274974
1783532930.4351,42,left_toes_joint,0.1020071,-0.89809555,-0.010242767,0.68326265,-0.16667198,0.695797,-0.14573705
1783532930.4351,42,left_toesEnd_joint,0.10056217,-0.92421395,0.044487525,0.6832627,-0.16667175,0.69579697,-0.14573726
1783532930.4351,42,right_upLeg_joint,-0.101058125,-0.009946177,-0.010200347,0.43512362,0.508314,0.4544107,0.58804375
1783532930.4351,42,right_leg_joint,-0.13064232,-0.42126387,0.07501716,0.59203905,0.32246405,0.6324065,0.3815351
1783532930.4351,42,right_foot_joint,-0.1270551,-0.8165567,-0.15489641,0.2671998,0.61894804,0.26254934,0.69034463
1783532930.4351,42,right_toes_joint,-0.14135358,-0.91987514,-0.048447702,0.14504428,0.6583727,0.1269451,0.7275938
1783532930.4351,42,right_toesEnd_joint,-0.14747177,-0.942666,0.0074339863,0.14504479,0.6583727,0.12694465,0.7275937
1783532930.4351,42,spine_1_joint,-0.000109490684,0.013327669,-0.0094303405,0.4787665,0.5126028,0.487869,0.51962024
1783532930.4351,42,spine_2_joint,-0.0001990073,0.07075664,-0.013203914,0.4765671,0.51751566,0.4871954,0.5173996
1783532930.4351,42,spine_3_joint,-0.00079544476,0.1281605,-0.017299514,0.4892096,0.5048434,0.50200284,0.5037863
1783532930.4351,42,spine_4_joint,-0.0015247911,0.18120159,-0.018227823,0.51407814,0.47876015,0.526335,0.47904512
1783532930.4351,42,spine_5_joint,-0.0024026388,0.25143725,-0.012639804,0.5505294,0.43586832,0.56067896,0.43883446
1783532930.4351,42,spine_6_joint,-0.0032211489,0.34252128,0.0099283075,0.5541212,0.429513,0.5682649,0.43074796
1783532930.4351,42,spine_7_joint,-0.004813012,0.445732,0.038446955,0.53054994,0.45971364,0.5468416,0.45622912
1783532930.4351,42,left_shoulder_1_joint,0.08226954,0.5589692,0.052574165,-0.6744965,-0.00532654,0.00960386,0.7381968
1783532930.4351,42,left_arm_joint,0.22728431,0.5620681,0.05183565,-0.5839682,0.24864887,-0.25050765,0.7310277
1783532930.4351,42,left_forearm_joint,0.4269974,0.38740492,0.03296086,-0.6826124,-0.026828354,-0.33743608,0.64765596
1783532930.4351,42,left_hand_joint,0.6335581,0.28009403,0.1657206,0.9349277,-0.18164852,0.2856339,-0.10643306
1783532930.4351,42,left_handIndexStart_joint,0.6429727,0.26862094,0.19164816,0.9144149,-0.18871391,0.34538,-0.09458298
1783532930.4351,42,left_handIndex_1_joint,0.698403,0.23565668,0.23950866,0.9144149,-0.18871391,0.34538,-0.09458298
1783532930.4351,42,left_handIndex_2_joint,0.7306299,0.21649143,0.26733452,0.9144149,-0.18871391,0.34538,-0.09458298
1783532930.4351,42,left_handIndex_3_joint,0.7486771,0.20575887,0.28291702,0.9144149,-0.18871391,0.34538,-0.09458298
1783532930.4351,42,left_handIndexEnd_joint,0.76156783,0.19809276,0.29404736,0.9144149,-0.18871391,0.34538,-0.09458298
1783532930.4351,42,left_handMidStart_joint,0.6516284,0.2690846,0.18225458,0.93569875,-0.18159132,0.28293592,-0.10696038
1783532930.4351,42,left_handMid_1_joint,0.71045965,0.23865165,0.21955048,0.93569875,-0.18159132,0.28293592,-0.10696038
1783532930.4351,42,left_handMid_2_joint,0.75180054,0.21726632,0.2457584,0.93569875,-0.18159132,0.28293592,-0.10696038
1783532930.4351,42,left_handMid_3_joint,0.775651,0.20492864,0.26087835,0.93569875,-0.18159132,0.28293592,-0.10696038
1783532930.4351,42,left_handMidEnd_joint,0.79155135,0.19670352,0.27095833,0.93569875,-0.18159132,0.28293592,-0.10696038
1783532930.4351,42,left_handPinkyStart_joint,0.66592866,0.26930878,0.15849626,0.9536503,-0.20282158,0.17909206,-0.13168634
1783532930.4351,42,left_handPinky_1_joint,0.72013205,0.2417486,0.17679511,0.9536503,-0.20282158,0.17909206,-0.13168634
1783532930.4351,42,left_handPinky_2_joint,0.7536107,0.22472613,0.18809736,0.9536503,-0.20282158,0.17909206,-0.13168634
1783532930.4351,42,left_handPinky_3_joint,0.7711471,0.21580958,0.19401757,0.9536503,-0.20282158,0.17909206,-0.13168634
1783532930.4351,42,left_handPinkyEnd_joint,0.7870892,0.20770365,0.1993996,0.9536503,-0.20282158,0.17909206,-0.13168634
1783532930.4351,42,left_handRingStart_joint,0.6586291,0.2688909,0.17143542,0.9460124,-0.19228402,0.23151183,-0.12037632
1783532930.4351,42,left_handRing_1_joint,0.71582764,0.23958516,0.19879855,0.9460124,-0.19228402,0.23151183,-0.12037632
1783532930.4351,42,left_handRing_2_joint,0.756203,0.21889877,0.21811372,0.9460124,-0.19228402,0.23151183,-0.12037632
1783532930.4351,42,left_handRing_3_joint,0.7814376,0.20596977,0.23018569,0.9460124,-0.19228402,0.23151183,-0.12037632
1783532930.4351,42,left_handRingEnd_joint,0.7982606,0.19735044,0.23823367,0.9460124,-0.19228402,0.23151183,-0.12037632
1783532930.4351,42,left_handThumbStart_joint,0.6373916,0.25872985,0.1893522,-0.5114208,-0.11053531,-0.6375985,0.5654202
1783532930.4351,42,left_handThumb_1_joint,0.6461199,0.22608365,0.23108119,-0.5114208,-0.11053531,-0.6375985,0.5654202
1783532930.4351,42,left_handThumb_2_joint,0.65235686,0.20274948,0.26090935,-0.5114208,-0.11053531,-0.6375985,0.5654202
1783532930.4351,42,left_handThumbEnd_joint,0.6565148,0.18719335,0.28079477,-0.5114208,-0.11053534,-0.6375985,0.5654202
1783532930.4351,42,neck_1_joint,-0.00750801,0.5790572,0.053387836,0.58009535,0.39536363,0.59462,0.39192435
1783532930.4351,42,neck_2_joint,-0.0081011355,0.6068009,0.06478686,0.57304585,0.40517926,0.587524,0.40282086
1783532930.4351,42,neck_3_joint,-0.008849522,0.64430916,0.07866395,0.55725366,0.42529193,0.57575303,0.4208379
1783532930.4351,42,neck_4_joint,-0.0098387115,0.68265265,0.09001287,0.5403473,0.44540906,0.5635577,0.43822297
1783532930.4351,42,head_joint,-0.011294996,0.7277396,0.10067413,0.47962955,0.50923264,0.51121694,0.4992955
1783532930.4351,42,jaw_joint,-0.010372021,0.7028511,0.10612532,0.47962955,0.50923264,0.51121694,0.4992955
1783532930.4351,42,chin_joint,-0.010507052,0.6546245,0.20699258,0.47962955,0.50923264,0.51121694,0.4992955
1783532930.4351,42,left_eye_joint,0.017703129,0.76315486,0.18734203,0.48405242,0.5050303,0.515552,0.49481806
1783532930.4351,42,left_eyeLowerLid_joint,0.017703129,0.76315486,0.18734203,0.48405242,0.5050303,0.515552,0.49481806
1783532930.4351,42,left_eyeUpperLid_joint,0.017703129,0.76315486,0.18734203,0.48405242,0.5050303,0.515552,0.49481806
1783532930.4351,42,left_eyeball_joint,0.017703129,0.76315486,0.18734203,0.48405242,0.5050303,0.515552,0.49481806
1783532930.4351,42,nose_joint,-0.013716198,0.7296344,0.21063124,0.48405507,0.5050278,0.5155546,0.49481532
1783532930.4351,42,right_eye_joint,-0.046861023,0.76045936,0.18596685,0.48405242,0.5050303,0.515552,0.49481806
1783532930.4351,42,right_eyeLowerLid_joint,-0.046861023,0.76045936,0.18596685,0.48405242,0.5050303,0.515552,0.49481806
1783532930.4351,42,right_eyeUpperLid_joint,-0.046861023,0.76045936,0.18596685,0.48405242,0.5050303,0.515552,0.49481806
1783532930.4351,42,right_eyeball_joint,-0.046861023,0.76045936,0.18596685,0.48405242,0.5050303,0.515552,0.49481806
1783532930.4351,42,right_shoulder_1_joint,-0.09641238,0.5556308,0.050007395,0.7291936,0.01633528,0.021013591,0.68378997
1783532930.4351,42,right_arm_joint,-0.24125606,0.54800695,0.048802596,0.7070303,0.29546902,0.2271747,0.60099804
1783532930.4351,42,right_forearm_joint,-0.43334565,0.3642442,0.057823226,0.6085062,0.4066904,-0.012229009,0.6813033
1783532930.4351,42,right_hand_joint,-0.61259305,0.23607819,0.21030974,0.07595597,0.332157,0.23498583,0.9103212
1783532930.4351,42,right_handIndexStart_joint,-0.61900604,0.2247006,0.23590943,0.059778675,0.393651,0.24023516,0.8852982
1783532930.4351,42,right_handIndex_1_joint,-0.66515636,0.18676001,0.28957877,0.059778675,0.393651,0.24023516,0.8852982
1783532930.4351,42,right_handIndex_2_joint,-0.6919878,0.16470091,0.32078177,0.059778675,0.393651,0.24023516,0.8852982
1783532930.4351,42,right_handIndex_3_joint,-0.7070141,0.15234837,0.33825588,0.059778675,0.393651,0.24023516,0.8852982
1783532930.4351,42,right_handIndexEnd_joint,-0.71774685,0.14352526,0.35073724,0.059778675,0.393651,0.24023516,0.8852982
1783532930.4351,42,right_handMidStart_joint,-0.6283852,0.22354333,0.22730331,0.07569475,0.33304805,0.23535419,0.909922
1783532930.4351,42,right_handMid_1_joint,-0.67911613,0.18715249,0.27066746,0.07569475,0.33304805,0.23535419,0.909922
1783532930.4351,42,right_handMid_2_joint,-0.7147646,0.16158131,0.30113947,0.07569475,0.33304805,0.23535419,0.909922
1783532930.4351,42,right_handMid_3_joint,-0.735331,0.14682838,0.3187195,0.07569475,0.33304805,0.23535419,0.909922
1783532930.4351,42,right_handMidEnd_joint,-0.74904186,0.13699354,0.33043942,0.075694755,0.33304805,0.23535419,0.909922
1783532930.4351,42,right_handPinkyStart_joint,-0.64448553,0.2207118,0.20490314,0.10806059,0.2324812,0.25881168,0.93128526
1783532930.4351,42,right_handPinky_1_joint,-0.6926151,0.18691047,0.2288478,0.10806059,0.2324812,0.25881168,0.93128526
1783532930.4351,42,right_handPinky_2_joint,-0.722343,0.16603321,0.24363771,0.10806059,0.2324812,0.25881168,0.93128526
1783532930.4351,42,right_handPinky_3_joint,-0.7379142,0.15509707,0.25138432,0.10806059,0.2324812,0.25881168,0.93128526
1783532930.4351,42,right_handPinkyEnd_joint,-0.7520699,0.14515555,0.25842673,0.10806059,0.2324812,0.25881168,0.93128526
1783532930.4351,42,right_handRingStart_joint,-0.6361582,0.22189449,0.21715617,0.092868514,0.2833923,0.2471976,0.92193174
1783532930.4351,42,right_handRing_1_joint,-0.68625313,0.18637988,0.25044894,0.092868514,0.2833923,0.2471976,0.92193174
1783532930.4351,42,right_handRing_2_joint,-0.7216138,0.16131076,0.2739494,0.092868514,0.2833923,0.2471976,0.92193174
1783532930.4351,42,right_handRing_3_joint,-0.7437148,0.14564276,0.28863764,0.092868514,0.2833923,0.2471976,0.92193174
1783532930.4351,42,right_handRingEnd_joint,-0.7584486,0.1351964,0.29842964,0.092868514,0.2833923,0.2471976,0.92193174
1783532930.4351,42,right_handThumbStart_joint,-0.6123066,0.21556497,0.23347561,0.5041598,0.6940882,-0.111932285,0.5015341
1783532930.4351,42,right_handThumb_1_joint,-0.61292267,0.18401214,0.27691895,0.5041598,0.6940882,-0.111932285,0.5015341
1783532930.4351,42,right_handThumb_2_joint,-0.61336124,0.16146033,0.30797234,0.5041598,0.6940882,-0.111932285,0.5015341
1783532930.4351,42,right_handThumbEnd_joint,-0.6136537,0.1464252,0.32867402,0.5041598,0.6940882,-0.111932315,0.5015341
1783532930.4351,42,camera,0.11153171,0.06809501,-0.03624227,-0.07859113,-0.08380397,-0.6980999,0.7067225
1783532930.4688,43,root,-0.000504341,0.013819181,-0.0071102153,0.004854941,-0.004216925,-0.009298457,0.9999361
1783532930.4688,43,hips_joint,-0.000504341,0.013819181,-0.0071102153,0.004854941,-0.004216925,-0.009298457,0.9999361
1783532930.4688,43,left_upLeg_joint,0.09954306,-0.013036745,-0.00555758,0.59436256,-0.40354237,0.5427704,-0.43507135
1783532930.4688,43,left_leg_joint,0.13538203,-0.41392002,0.118273616,-0.35481784,0.61529285,-0.33868188,0.61710125
1783532930.4688,43,left_foot_joint,0.14151861,-0.8047505,-0.11909386,0.6587572,-0.26555353,0.64717185,-0.27692768
1783532930.4688,43,left_toes_joint,0.14469294,-0.9103113,-0.013939981,0.69714844,-0.13588242,0.68792874,-0.1492457
1783532930.4688,43,left_toesEnd_joint,0.14569908,-0.93426,0.04178352,0.6971485,-0.13588223,0.6879287,-0.1492459
1783532930.4688,43,right_upLeg_joint,-0.10149493,-0.00928453,-0.0072346544,0.4553073,0.49354282,0.45220813,0.58704203
1783532930.4688,43,right_leg_joint,-0.14522399,-0.42210642,0.06337145,0.5978242,0.31583014,0.620354,0.39751562
1783532930.4688,43,right_foot_joint,-0.15931922,-0.82033944,-0.16099706,0.2758449,0.6172933,0.24320652,0.695492
1783532930.4688,43,right_toes_joint,-0.17714329,-0.92150974,-0.053027943,0.15384632,0.6583866,0.10697731,0.72898173
1783532930.4688,43,right_toesEnd_joint,-0.18382594,-0.94325936,0.0032029627,0.15384683,0.65838665,0.10697686,0.7289817
1783532930.4688,43,spine_1_joint,-0.00050436077,0.013819181,-0.0071102153,0.48892802,0.50848144,0.491621,0.5105928
1783532930.4688,43,spine_2_joint,-0.00053249893,0.07132933,-0.009327126,0.48441634,0.5146659,0.48963973,0.5106008
1783532930.4688,43,spine_3_joint,-0.0010651927,0.12880427,-0.012273764,0.49370825,0.50402874,0.50203,0.5001734
1783532930.4688,43,spine_4_joint,-0.0017102151,0.18185264,-0.012724249,0.51459783,0.48081896,0.5235276,0.47950095
1783532930.4688,43,spine_5_joint,-0.0024521928,0.2521157,-0.007471234,0.54727525,0.44168267,0.5550638,0.44419682
1783532930.4688,43,spine_6_joint,-0.0030511003,0.34363768,0.013256814,0.5470081,0.43935874,0.55968004,0.4410266
1783532930.4688,43,spine_7_joint,-0.004400845,0.4478131,0.03803479,0.51956415,0.4722867,0.53476274,0.47013542
1783532930.4688,43,left_shoulder_1_joint,0.08299226,0.5613697,0.04657623,-0.711299,-0.043855466,0.042186443,0.7002507
1783532930.4688,43,left_arm_joint,0.22696781,0.578989,0.04678007,-0.66568565,0.1474917,-0.17426127,0.71045196
1783532930.4688,43,left_forearm_joint,0.4652274,0.46089777,0.052747447,-0.731194,-0.17093344,-0.22669592,0.6202791
1783532930.4688,43,left_hand_joint,0.6899959,0.45252144,0.19840814,0.9572509,8.398386e-05,0.2839178,-0.05533159
1783532930.4688,43,left_handIndexStart_joint,0.7015734,0.44998756,0.22583154,0.93690604,-0.00407204,0.34515113,-0.05532987
1783532930.4688,43,left_handIndex_1_joint,0.7627466,0.44630736,0.27773607,0.93690604,-0.00407204,0.34515113,-0.05532987
1783532930.4688,43,left_handIndex_2_joint,0.79831237,0.4441677,0.30791312,0.93690604,-0.00407204,0.34515113,-0.05532987
1783532930.4688,43,left_handIndex_3_joint,0.8182292,0.4429695,0.32481226,0.93690604,-0.00407204,0.34515113,-0.05532987
1783532930.4688,43,left_handIndexEnd_joint,0.8324555,0.44211364,0.33688307,0.93690604,-0.00407204,0.34515113,-0.05532987
1783532930.4688,43,left_handMidStart_joint,0.7099867,0.45126295,0.21629392,0.9580581,-1.0227401e-05,0.28118017,-0.055340357
1783532930.4688,43,left_handMid_1_joint,0.77398175,0.44889578,0.25724867,0.9580581,-1.0227401e-05,0.28118017,-0.055340357
1783532930.4688,43,left_handMid_2_joint,0.81895125,0.4472324,0.28602767,0.9580581,-1.0227401e-05,0.28118017,-0.055340357
1783532930.4688,43,left_handMid_3_joint,0.8448951,0.44627273,0.30263096,0.9580581,-1.0227401e-05,0.28118017,-0.055340357
1783532930.4688,43,left_handMidEnd_joint,0.86219114,0.44563296,0.31369978,0.9580581,-1.0227401e-05,0.28118017,-0.055340357
1783532930.4688,43,left_handPinkyStart_joint,0.72435695,0.45122617,0.19257692,0.9818043,-0.028507374,0.17746533,-0.061269037
1783532930.4688,43,left_handPinky_1_joint,0.7837553,0.4462906,0.21448356,0.9818043,-0.028507374,0.17746533,-0.061269037
1783532930.4688,43,left_handPinky_2_joint,0.82044256,0.4432422,0.22801414,0.9818043,-0.028507374,0.17746533,-0.061269037
1783532930.4688,43,left_handPinky_3_joint,0.83965963,0.44164538,0.23510158,0.9818043,-0.028507374,0.17746533,-0.061269037
1783532930.4688,43,left_handPinkyEnd_joint,0.85712975,0.44019374,0.24154472,0.9818043,-0.028507374,0.17746533,-0.061269037
1783532930.4688,43,left_handRingStart_joint,0.7170869,0.4511249,0.20553902,0.9713634,-0.014068681,0.22965428,-0.059282098
1783532930.4688,43,left_handRing_1_joint,0.7795427,0.4473138,0.23658714,0.9713634,-0.014068681,0.22965428,-0.059282098
1783532930.4688,43,left_handRing_2_joint,0.82362914,0.4446236,0.25850344,0.9713634,-0.014068681,0.22965428,-0.059282098
1783532930.4688,43,left_handRing_3_joint,0.8511832,0.44294223,0.27220115,0.9713634,-0.014068681,0.22965428,-0.059282098
1783532930.4688,43,left_handRingEnd_joint,0.8695525,0.4418213,0.28133294,0.9713634,-0.014068681,0.22965428,-0.059282098
1783532930.4688,43,left_handThumbStart_joint,0.6994555,0.43859652,0.22572458,-0.540749,-0.2561848,-0.52568185,0.6046642
1783532930.4688,43,left_handThumb_1_joint,0.7164293,0.41933754,0.27288646,-0.540749,-0.2561848,-0.52568185,0.6046642
1783532930.4688,43,left_handThumb_2_joint,0.7285598,0.40557185,0.30659783,-0.540749,-0.2561848,-0.52568185,0.6046642
1783532930.4688,43,left_handThumbEnd_joint,0.7366468,0.39639473,0.32907206,-0.540749,-0.2561848,-0.52568185,0.6046642
1783532930.4688,43,neck_1_joint,-0.006728993,0.5817224,0.046339992,0.5732001,0.40546516,0.5867208,0.4034831
1783532930.4688,43,neck_2_joint,-0.0072475914,0.6098711,0.0567026,0.56804645,0.41234097,0.5814626,0.41133898
1783532930.4688,43,neck_3_joint,-0.007897496,0.64774364,0.06955747,0.5535179,0.43053696,0.5704182,0.4276441
1783532930.4688,43,neck_4_joint,-0.008756614,0.6863233,0.08008708,0.537226,0.4497023,0.55843586,0.44419134
1783532930.4688,43,head_joint,-0.010036606,0.73160577,0.08990908,0.47605234,0.51316595,0.50540274,0.50458246
1783532930.4688,43,jaw_joint,-0.009205288,0.7068196,0.09582153,0.47605234,0.51316595,0.50540274,0.50458246
1783532930.4688,43,chin_joint,-0.009472899,0.660477,0.19756778,0.47605234,0.51316595,0.50540274,0.50458246
1783532930.4688,43,left_eye_joint,0.019138794,0.7685153,0.17589127,0.48050973,0.5089947,0.50978404,0.5001555
1783532930.4688,43,left_eyeLowerLid_joint,0.019138794,0.7685153,0.17589127,0.48050973,0.5089947,0.50978404,0.5001555
1783532930.4688,43,left_eyeUpperLid_joint,0.019138794,0.7685153,0.17589127,0.48050973,0.5089947,0.50978404,0.5001555
1783532930.4688,43,left_eyeball_joint,0.019138794,0.7685153,0.17589127,0.48050973,0.5089947,0.50978404,0.5001555
1783532930.4688,43,nose_joint,-0.012395782,0.7355531,0.19981295,0.48051244,0.5089922,0.5097867,0.5001528
1783532930.4688,43,right_eye_joint,-0.04543576,0.7660401,0.17459406,0.48050973,0.5089947,0.50978404,0.5001555
1783532930.4688,43,right_eyeLowerLid_joint,-0.04543576,0.7660401,0.17459406,0.48050973,0.5089947,0.50978404,0.5001555
1783532930.4688,43,right_eyeUpperLid_joint,-0.04543576,0.7660401,0.17459406,0.48050973,0.5089947,0.50978404,0.5001555
1783532930.4688,43,right_eyeball_joint,-0.04543576,0.7660401,0.17459406,0.48050973,0.5089947,0.50978404,0.5001555
1783532930.4688,43,right_shoulder_1_joint,-0.0956971,0.55840397,0.044074535,0.6959121,-0.02433944,-0.011030645,0.7176298
1783532930.4688,43,right_arm_joint,-0.24053912,0.5656141,0.041234367,0.68853617,0.19978653,0.16064759,0.6783774
1783532930.4688,43,right_forearm_joint,-0.47156265,0.4344618,0.054490585,0.60193634,0.27357706,-0.1153293,0.7413013
1783532930.4688,43,right_hand_joint,-0.69229263,0.3920248,0.20038666,0.03460145,0.28789526,0.07253671,0.9542839
1783532930.4688,43,right_handIndexStart_joint,-0.7037947,0.38777128,0.22637762,0.02961516,0.35254917,0.0753569,0.932284
1783532930.4688,43,right_handIndex_1_joint,-0.7632292,0.3748099,0.27881125,0.02961516,0.35254917,0.0753569,0.932284
1783532930.4688,43,right_handIndex_2_joint,-0.7977841,0.36727354,0.30929592,0.02961516,0.35254917,0.0753569,0.932284
1783532930.4688,43,right_handIndex_3_joint,-0.8171353,0.36305395,0.3263676,0.02961516,0.35254917,0.0753569,0.932284
1783532930.4688,43,right_handIndexEnd_joint,-0.8309573,0.36004,0.33856153,0.02961516,0.35254917,0.0753569,0.932284
1783532930.4688,43,right_handMidStart_joint,-0.7123893,0.3877622,0.21691686,0.034490626,0.28886274,0.07286917,0.95397013
1783532930.4688,43,right_handMid_1_joint,-0.7749119,0.37567896,0.25842935,0.034490626,0.28886274,0.07286917,0.95397013
1783532930.4688,43,right_handMid_2_joint,-0.81884617,0.36718866,0.2876001,0.034490626,0.28886274,0.07286917,0.95397013
1783532930.4688,43,right_handMid_3_joint,-0.84419304,0.36229014,0.30442947,0.034490626,0.28886274,0.07286917,0.95397013
1783532930.4688,43,right_handMidEnd_joint,-0.86109066,0.35902485,0.31564888,0.03449064,0.28886274,0.07286917,0.95397013
1783532930.4688,43,right_handPinkyStart_joint,-0.7268023,0.3855637,0.19332787,0.04843891,0.1859861,0.10298724,0.9759389
1783532930.4688,43,right_handPinky_1_joint,-0.7845628,0.37165472,0.21574643,0.04843891,0.1859861,0.10298724,0.9759389
1783532930.4688,43,right_handPinky_2_joint,-0.82023925,0.36306426,0.22959363,0.04843891,0.1859861,0.10298724,0.9759389
1783532930.4688,43,right_handPinky_3_joint,-0.8389264,0.35856384,0.23684661,0.04843892,0.1859861,0.10298724,0.9759389
1783532930.4688,43,right_handPinkyEnd_joint,-0.8559148,0.354473,0.24344017,0.04843891,0.1859861,0.10298724,0.9759389
1783532930.4688,43,right_handRingStart_joint,-0.71948415,0.38655666,0.20622514,0.042414308,0.23783593,0.08784348,0.9663948
1783532930.4688,43,right_handRing_1_joint,-0.78035504,0.37328807,0.23781435,0.042414308,0.23783593,0.08784348,0.9663948
1783532930.4688,43,right_handRing_2_joint,-0.8233223,0.36392185,0.26011235,0.042414308,0.23783593,0.08784348,0.9663948
1783532930.4688,43,right_handRing_3_joint,-0.8501773,0.35806838,0.27404892,0.042414308,0.23783593,0.08784348,0.9663948
1783532930.4688,43,right_handRingEnd_joint,-0.8680808,0.35416502,0.28333998,0.042414308,0.23783593,0.08784348,0.9663948
1783532930.4688,43,right_handThumbStart_joint,-0.6999739,0.3768331,0.22622734,0.5621571,0.5727719,-0.21661311,0.5558694
1783532930.4688,43,right_handThumb_1_joint,-0.7134019,0.355184,0.27349555,0.5621571,0.5727719,-0.21661311,0.5558694
1783532930.4688,43,right_handThumb_2_joint,-0.722998,0.3397107,0.30728287,0.5621572,0.57277197,-0.21661316,0.55586934
1783532930.4688,43,right_handThumbEnd_joint,-0.72939557,0.32939455,0.32980728,0.5621572,0.57277197,-0.21661316,0.55586934
1783532930.4688,43,camera,0.111363076,0.06849082,-0.03564784,-0.07805359,-0.08339416,-0.698,0.70692927
1783532930.5018,44,root,-0.0008538888,0.0148190865,-0.004667744,0.01123008,0.0006737521,-0.014954848,0.9998248
1783532930.5018,44,hips_joint,-0.0008538888,0.0148190865,-0.004667744,0.01123008,0.0006737521,-0.014954848,0.9998248
1783532930.5018,44,left_upLeg_joint,0.09889467,-0.013168515,-0.0044392413,0.5899157,-0.4143607,0.5256758,-0.45163
1783532930.5018,44,left_leg_joint,0.14266409,-0.41898245,0.09912352,-0.3676615,0.6078355,-0.32821995,0.62260145
1783532930.5018,44,left_foot_joint,0.16352423,-0.81027955,-0.13663222,0.66426915,-0.25176263,0.6423282,-0.28770915
1783532930.5018,44,left_toes_joint,0.17068674,-0.9152104,-0.031044863,0.69994664,-0.121296756,0.6852162,-0.16074982
1783532930.5018,44,left_toesEnd_joint,0.17259985,-0.9388739,0.02477663,0.69994676,-0.12129654,0.685216,-0.16075
1783532930.5018,44,right_upLeg_joint,-0.10209506,-0.0071536265,-0.0041001914,0.470355,0.48059028,0.4364059,0.5977868
1783532930.5018,44,right_leg_joint,-0.16827652,-0.4172358,0.06498002,0.610918,0.29173613,0.61245066,0.40813392
1783532930.5018,44,right_foot_joint,-0.20467189,-0.80886304,-0.16832832,0.30101097,0.6064012,0.23043661,0.698977
1783532930.5018,44,right_toes_joint,-0.22827153,-0.91127867,-0.062665835,0.18062063,0.6524618,0.09377831,0.7299832
1783532930.5018,44,right_toesEnd_joint,-0.23621787,-0.93388104,-0.0069379043,0.18062115,0.6524619,0.09377788,0.7299831
1783532930.5018,44,spine_1_joint,-0.00085390854,0.0148190865,-0.004667744,0.49465695,0.50776285,0.4889446,0.50835466
1783532930.5018,44,spine_2_joint,-0.0004959231,0.072340384,-0.006539797,0.4872339,0.5167469,0.48563984,0.50963676
1783532930.5018,44,spine_3_joint,-0.0008266764,0.12980999,-0.009616918,0.49396175,0.508556,0.49632943,0.5010285
1783532930.5018,44,spine_4_joint,-0.0013542634,0.18285172,-0.010639093,0.5129752,0.48736143,0.5161154,0.48265907
1783532930.5018,44,spine_5_joint,-0.0019049387,0.25320247,-0.006700934,0.5451805,0.449339,0.5463162,0.44990134
1783532930.5018,44,spine_6_joint,-0.0019715815,0.34520298,0.011797193,0.5456037,0.44651827,0.54952693,0.4482834
1783532930.5018,44,spine_7_joint,-0.0022622042,0.44999653,0.03385418,0.5207738,0.47663334,0.5235081,0.47702673
1783532930.5018,44,left_shoulder_1_joint,0.08685089,0.56241274,0.039055813,-0.72032493,-0.059834085,0.06769216,0.6877278
1783532930.5018,44,left_arm_joint,0.22953276,0.5884213,0.03684793,-0.6937513,0.10101628,-0.10712063,0.70500356
1783532930.5018,44,left_forearm_joint,0.4839865,0.5109657,0.03849611,-0.735013,-0.22546202,-0.15615416,0.6201117
1783532930.5018,44,left_hand_joint,0.7116448,0.5478837,0.1749396,0.9602002,0.0860856,0.2603969,-0.052899573
1783532930.5018,44,left_handIndexStart_joint,0.7243696,0.54884416,0.20195185,0.94141954,0.08190666,0.3218767,-0.05844651
1783532930.5018,44,left_handIndex_1_joint,0.7869615,0.55820775,0.25139233,0.94141954,0.08190666,0.3218767,-0.05844651
1783532930.5018,44,left_handIndex_2_joint,0.8233521,0.5636516,0.2801368,0.94141954,0.08190666,0.3218767,-0.05844651
1783532930.5018,44,left_handIndex_3_joint,0.8437309,0.5667002,0.29623368,0.94141954,0.08190666,0.3218767,-0.05844651
1783532930.5018,44,left_handIndexEnd_joint,0.85828716,0.5688778,0.30773148,0.94141954,0.08190666,0.3218767,-0.05844651
1783532930.5018,44,left_handMidStart_joint,0.7321386,0.55094105,0.192021,0.96096134,0.08598487,0.257657,-0.052657783
1783532930.5018,44,left_handMid_1_joint,0.79693663,0.5614403,0.23035167,0.96096134,0.08598487,0.257657,-0.052657783
1783532930.5018,44,left_handMid_2_joint,0.8424704,0.5688181,0.25728673,0.96096134,0.08598487,0.257657,-0.052657783
1783532930.5018,44,left_handMid_3_joint,0.86873984,0.5730746,0.2728262,0.96096134,0.08598487,0.257657,-0.052657783
1783532930.5018,44,left_handMidEnd_joint,0.8862528,0.5759122,0.28318584,0.96096134,0.08598487,0.257657,-0.052657783
1783532930.5018,44,left_handPinkyStart_joint,0.7455348,0.55192006,0.1677602,0.9852075,0.05666935,0.1541888,-0.04879229
1783532930.5018,44,left_handPinky_1_joint,0.805609,0.5580553,0.1874041,0.9852075,0.05666935,0.1541888,-0.04879229
1783532930.5018,44,left_handPinky_2_joint,0.84271353,0.56184465,0.19953708,0.9852075,0.05666935,0.1541888,-0.04879229
1783532930.5018,44,left_handPinky_3_joint,0.86214924,0.5638296,0.20589246,0.9852075,0.05666935,0.1541888,-0.04879229
1783532930.5018,44,left_handPinkyEnd_joint,0.8798181,0.5656341,0.21167007,0.9852075,0.05666935,0.1541888,-0.04879229
1783532930.5018,44,left_handRingStart_joint,0.7388089,0.5513613,0.18100141,0.97452754,0.07162599,0.2061403,-0.051691025
1783532930.5018,44,left_handRing_1_joint,0.80200714,0.5596242,0.2095835,0.97452754,0.07162599,0.2061403,-0.051691025
1783532930.5018,44,left_handRing_2_joint,0.84661764,0.5654568,0.2297591,0.97452754,0.07162599,0.2061403,-0.051691025
1783532930.5018,44,left_handRing_3_joint,0.87449926,0.56910217,0.24236885,0.97452754,0.07162599,0.2061403,-0.051691025
1783532930.5018,44,left_handRingEnd_joint,0.89308697,0.5715324,0.25077534,0.97452754,0.07162599,0.2061403,-0.051691025
1783532930.5018,44,left_handThumbStart_joint,0.7241721,0.5372725,0.20250851,-0.54339516,-0.30291536,-0.4564914,0.63606584
1783532930.5018,44,left_handThumb_1_joint,0.74563813,0.5237673,0.24983798,-0.54339516,-0.30291536,-0.4564914,0.63606584
1783532930.5018,44,left_handThumb_2_joint,0.7609796,0.514114,0.2836692,-0.54339516,-0.30291536,-0.4564914,0.63606584
1783532930.5018,44,left_handThumbEnd_joint,0.7712073,0.5076785,0.30622336,-0.54339516,-0.3029154,-0.4564914,0.63606584
1783532930.5018,44,neck_1_joint,-0.0025639373,0.58407164,0.039318528,0.5746625,0.40895468,0.5795935,0.40815496
1783532930.5018,44,neck_2_joint,-0.0027542906,0.61236614,0.04928775,0.5692332,0.41538334,0.5768832,0.4130812
1783532930.5018,44,neck_3_joint,-0.0031812936,0.65034604,0.061831277,0.5546269,0.4332399,0.5673663,0.4275372
1783532930.5018,44,neck_4_joint,-0.003949402,0.6889746,0.072187304,0.53848743,0.45210817,0.5558943,0.44340864
1783532930.5018,44,head_joint,-0.005164278,0.7342863,0.0818816,0.4770361,0.51570016,0.5029814,0.5034875
1783532930.5018,44,jaw_joint,-0.0042898064,0.7095182,0.08786271,0.4770361,0.51570016,0.5029814,0.5034875
1783532930.5018,44,chin_joint,-0.0038435727,0.6634822,0.18974741,0.4770361,0.51570016,0.5029814,0.5034875
1783532930.5018,44,left_eye_joint,0.024607798,0.7714563,0.16754648,0.4815156,0.51152015,0.50735337,0.49908194
1783532930.5018,44,left_eyeLowerLid_joint,0.024607798,0.7714563,0.16754648,0.4815156,0.51152015,0.50735337,0.49908194
1783532930.5018,44,left_eyeUpperLid_joint,0.024607798,0.7714563,0.16754648,0.4815156,0.51152015,0.50735337,0.49908194
1783532930.5018,44,left_eyeball_joint,0.024607798,0.7714563,0.16754648,0.4815156,0.51152015,0.50735337,0.49908194
1783532930.5018,44,nose_joint,-0.0067564836,0.7385645,0.19178684,0.48151824,0.5115176,0.507356,0.49907917
1783532930.5018,44,right_eye_joint,-0.039974034,0.7689736,0.16670752,0.4815156,0.51152015,0.50735337,0.49908194
1783532930.5018,44,right_eyeLowerLid_joint,-0.039974034,0.7689736,0.16670752,0.4815156,0.51152015,0.50735337,0.49908194
1783532930.5018,44,right_eyeUpperLid_joint,-0.039974034,0.7689736,0.16670752,0.4815156,0.51152015,0.50735337,0.49908194
1783532930.5018,44,right_eyeball_joint,-0.039974034,0.7689736,0.16670752,0.4815156,0.51152015,0.50735337,0.49908194
1783532930.5018,44,right_shoulder_1_joint,-0.09187918,0.56201977,0.038478363,0.67806107,-0.054560807,-0.049361583,0.7313137
1783532930.5018,44,right_arm_joint,-0.23535793,0.58322436,0.03661277,0.6808647,0.1264981,0.08892104,0.7159013
1783532930.5018,44,right_forearm_joint,-0.48862505,0.503542,0.052580945,0.5978767,0.18987054,-0.20010291,0.7526298
1783532930.5018,44,right_hand_joint,-0.7158149,0.523417,0.19328648,0.024541676,0.27206224,-0.04554236,0.960888
1783532930.5018,44,right_handIndexStart_joint,-0.7284299,0.52408195,0.2191,0.02765585,0.33722585,-0.043131698,0.9400284
1783532930.5018,44,right_handIndex_1_joint,-0.79017544,0.5290962,0.2702086,0.02765585,0.33722585,-0.043131698,0.9400284
1783532930.5018,44,right_handIndex_2_joint,-0.8260741,0.5320108,0.299923,0.02765585,0.33722585,-0.043131698,0.9400284
1783532930.5018,44,right_handIndex_3_joint,-0.84617764,0.53364384,0.31656322,0.02765585,0.33722585,-0.043131698,0.9400284
1783532930.5018,44,right_handIndexEnd_joint,-0.8605371,0.5348103,0.328449,0.02765585,0.33722585,-0.043131698,0.9400284
1783532930.5018,44,right_handMidStart_joint,-0.7366453,0.5251239,0.20936364,0.024547704,0.27305353,-0.045220327,0.96062183
1783532930.5018,44,right_handMid_1_joint,-0.80101484,0.53070897,0.24941029,0.024547704,0.27305353,-0.045220327,0.96062183
1783532930.5018,44,right_handMid_2_joint,-0.84624696,0.53463405,0.27755094,0.024547704,0.27305353,-0.045220327,0.96062183
1783532930.5018,44,right_handMid_3_joint,-0.8723425,0.53689826,0.29378605,0.024547704,0.27305353,-0.045220327,0.96062183
1783532930.5018,44,right_handMidEnd_joint,-0.8897393,0.53840804,0.30460924,0.024547713,0.27305353,-0.04522033,0.96062183
1783532930.5018,44,right_handPinkyStart_joint,-0.7507687,0.5240717,0.18552195,0.025647312,0.17035405,-0.013171915,0.98496103
1783532930.5018,44,right_handPinky_1_joint,-0.8105617,0.52516454,0.20687464,0.025647312,0.17035405,-0.013171915,0.98496103
1783532930.5018,44,right_handPinky_2_joint,-0.8474934,0.5258401,0.22006343,0.025647312,0.17035405,-0.013171915,0.98496103
1783532930.5018,44,right_handPinky_3_joint,-0.8668382,0.52619314,0.2269716,0.025647324,0.17035405,-0.013171917,0.98496103
1783532930.5018,44,right_handPinkyEnd_joint,-0.8844243,0.5265146,0.23325166,0.025647312,0.17035405,-0.013171915,0.98496103
1783532930.5018,44,right_handRingStart_joint,-0.74364114,0.5245669,0.1985539,0.026025526,0.22198386,-0.029444434,0.9742581
1783532930.5018,44,right_handRing_1_joint,-0.8064871,0.5277676,0.22887436,0.026025526,0.22198386,-0.029444434,0.9742581
1783532930.5018,44,right_handRing_2_joint,-0.8508486,0.5300267,0.2502768,0.026025526,0.22198386,-0.029444434,0.9742581
1783532930.5018,44,right_handRing_3_joint,-0.8785749,0.5314391,0.26365358,0.026025526,0.22198386,-0.029444434,0.9742581
1783532930.5018,44,right_handRingEnd_joint,-0.89705956,0.5323798,0.27257153,0.026025526,0.22198386,-0.029444434,0.9742581
1783532930.5018,44,right_handThumbStart_joint,-0.72712123,0.51260275,0.2199838,0.6008331,0.48953813,-0.29342368,0.55969155
1783532930.5018,44,right_handThumb_1_joint,-0.74583787,0.49865153,0.2683401,0.6008331,0.48953813,-0.29342368,0.55969155
1783532930.5018,44,right_handThumb_2_joint,-0.7592139,0.48868018,0.30290514,0.6008331,0.48953813,-0.29342368,0.55969155
1783532930.5018,44,right_handThumbEnd_joint,-0.76813155,0.48203197,0.32594806,0.6008331,0.48953813,-0.29342368,0.55969155
1783532930.5018,44,camera,0.11130747,0.06884206,-0.035026066,-0.077341825,-0.082968146,-0.6980347,0.70702344
1783532930.5352,45,root,-0.0009035243,0.016038029,-0.0022769892,0.01888964,-0.0019210497,-0.016117942,0.9996898
1783532930.5352,45,hips_joint,-0.0009035243,0.016038029,-0.0022769892,0.01888964,-0.0019210497,-0.016117942,0.9996898
1783532930.5352,45,left_upLeg_joint,0.09877609,-0.012193052,-0.0019392703,0.59011906,-0.40611535,0.51464146,-0.4711411
1783532930.5352,45,left_leg_joint,0.15791088,-0.41823974,0.092692316,-0.37957194,0.5897589,-0.30673128,0.6434482
1783532930.5352,45,left_foot_joint,0.21105026,-0.8034946,-0.14789924,0.6624976,-0.23018755,0.6382679,-0.3173717
1783532930.5352,45,left_toes_joint,0.22286187,-0.9093271,-0.04363781,0.694118,-0.10044852,0.6868515,-0.1906442
1783532930.5352,45,left_toesEnd_joint,0.22506362,-0.9336721,0.011879148,0.694118,-0.100448325,0.68685144,-0.19064443
1783532930.5352,45,right_upLeg_joint,-0.10219779,-0.005693743,-0.002588484,0.48987857,0.45770335,0.42666033,0.60703176
1783532930.5352,45,right_leg_joint,-0.19354858,-0.41265118,0.055378117,0.6279539,0.2535769,0.6069033,0.41598192
1783532930.5352,45,right_foot_joint,-0.25516245,-0.78919345,-0.19671106,0.33795398,0.5868676,0.22122994,0.7017341
1783532930.5352,45,right_toes_joint,-0.28694907,-0.89458245,-0.09624594,0.22059628,0.64028406,0.08421597,0.7309453
1783532930.5352,45,right_toesEnd_joint,-0.2970118,-0.91918623,-0.041720644,0.22059678,0.64028406,0.08421552,0.7309451
1783532930.5352,45,spine_1_joint,-0.000903544,0.01603803,-0.0022769892,0.49823532,0.501817,0.49122512,0.50856555
1783532930.5352,45,spine_2_joint,-0.00011190377,0.07357285,-0.003481118,0.49023163,0.51165557,0.48523232,0.5122803
1783532930.5352,45,spine_3_joint,0.0002055744,0.1310572,-0.0062706852,0.4954519,0.50503415,0.4932278,0.5061563
1783532930.5352,45,spine_4_joint,0.00038243807,0.18409766,-0.0074649933,0.5125911,0.48578444,0.51087594,0.49017325
1783532930.5352,45,spine_5_joint,0.00080739055,0.25449014,-0.00434054,0.5430498,0.44987684,0.53992414,0.4595539
1783532930.5352,45,spine_6_joint,0.001949816,0.34681433,0.01242913,0.5422287,0.44855368,0.5429807,0.4582135
1783532930.5352,45,spine_7_joint,0.0027965833,0.45206347,0.032182273,0.51688826,0.47862256,0.5185155,0.48465347
1783532930.5352,45,left_shoulder_1_joint,0.092673175,0.56393623,0.035689496,-0.726145,-0.094880186,0.09030357,0.67494935
1783532930.5352,45,left_arm_joint,0.23274569,0.6016048,0.03524444,-0.7115682,0.032708623,-0.04447157,0.7004453
1783532930.5352,45,left_forearm_joint,0.4971109,0.5726525,0.03989066,-0.72338766,-0.29073483,-0.09768393,0.6185808
1783532930.5352,45,left_hand_joint,0.71466583,0.65298384,0.17414719,0.94999427,0.17340302,0.2529828,-0.058673475
1783532930.5352,45,left_handIndexStart_joint,0.72697127,0.65705705,0.20106353,0.93176574,0.16867492,0.31382054,-0.06984723
1783532930.5352,45,left_handIndex_1_joint,0.7868934,0.6787804,0.24992265,0.93176574,0.16867492,0.31382054,-0.06984723
1783532930.5352,45,left_handIndex_2_joint,0.8217319,0.6914102,0.2783291,0.93176574,0.16867492,0.31382054,-0.06984723
1783532930.5352,45,left_handIndex_3_joint,0.84124154,0.69848293,0.29423672,0.93176574,0.16867492,0.31382054,-0.06984723
1783532930.5352,45,left_handIndexEnd_joint,0.8551769,0.7035349,0.30559933,0.93176574,0.16867492,0.31382054,-0.06984723
1783532930.5352,45,left_handMidStart_joint,0.7342849,0.660119,0.19103797,0.950756,0.17332132,0.25027606,-0.058182117
1783532930.5352,45,left_handMid_1_joint,0.7962099,0.6829576,0.22874677,0.950756,0.17332132,0.25027606,-0.058182117
1783532930.5352,45,left_handMid_2_joint,0.8397247,0.6990063,0.25524485,0.950756,0.17332132,0.25027606,-0.058182117
1783532930.5352,45,left_handMid_3_joint,0.8648295,0.7082652,0.2705322,0.950756,0.17332132,0.25027606,-0.058182117
1783532930.5352,45,left_handMidEnd_joint,0.8815659,0.71443784,0.28072375,0.950756,0.17332132,0.25027606,-0.058182117
1783532930.5352,45,left_handPinkyStart_joint,0.7473674,0.662557,0.16670883,0.97734463,0.1444327,0.1480457,-0.044940475
1783532930.5352,45,left_handPinky_1_joint,0.8054358,0.6796398,0.18590942,0.97734463,0.1444327,0.1480457,-0.044940475
1783532930.5352,45,left_handPinky_2_joint,0.84130156,0.690191,0.19776861,0.97734463,0.1444327,0.1480457,-0.044940475
1783532930.5352,45,left_handPinky_3_joint,0.8600884,0.69571775,0.20398055,0.97734463,0.1444327,0.1480457,-0.044940475
1783532930.5352,45,left_handPinkyEnd_joint,0.87716734,0.70074207,0.20962779,0.97734463,0.1444327,0.1480457,-0.044940475
1783532930.5352,45,left_handRingStart_joint,0.7408082,0.6613034,0.17998601,0.9654787,0.15930317,0.19928811,-0.052517496
1783532930.5352,45,left_handRing_1_joint,0.8015659,0.6813281,0.20803483,0.9654787,0.15930317,0.19928811,-0.052517496
1783532930.5352,45,left_handRing_2_joint,0.8444538,0.6954632,0.22783402,0.9654787,0.15930317,0.19928811,-0.052517496
1783532930.5352,45,left_handRing_3_joint,0.8712587,0.7042976,0.24020849,0.9654787,0.15930317,0.19928811,-0.052517496
1783532930.5352,45,left_handRingEnd_joint,0.8891286,0.7101872,0.24845813,0.9654787,0.15930317,0.19928811,-0.052517496
1783532930.5352,45,left_handThumbStart_joint,0.72877234,0.645651,0.20201853,-0.52618754,-0.35647607,-0.39419138,0.66382635
1783532930.5352,45,left_handThumb_1_joint,0.75213706,0.6376935,0.24970534,-0.52618754,-0.35647607,-0.39419138,0.66382635
1783532930.5352,45,left_handThumb_2_joint,0.76883566,0.6320054,0.283792,-0.52618754,-0.35647607,-0.39419138,0.66382635
1783532930.5352,45,left_handThumbEnd_joint,0.7799681,0.6282133,0.30651644,-0.52618754,-0.35647607,-0.39419138,0.66382635
1783532930.5352,45,neck_1_joint,0.0034120562,0.5862157,0.035167072,0.5705326,0.41150832,0.57737195,0.41448215
1783532930.5352,45,neck_2_joint,0.0032502057,0.61466104,0.044697873,0.5646048,0.41804522,0.57604986,0.41788334
1783532930.5352,45,neck_3_joint,0.0027225853,0.6528012,0.056741588,0.549936,0.43559125,0.5672079,0.43140027
1783532930.5352,45,neck_4_joint,0.0018054226,0.6915404,0.06666269,0.53388965,0.45410222,0.5559145,0.4468921
1783532930.5352,45,head_joint,0.00041775493,0.7369439,0.07589367,0.47223276,0.51715684,0.5025573,0.5069337
1783532930.5352,45,jaw_joint,0.001313043,0.71223915,0.0821286,0.47223276,0.51715684,0.5025573,0.5069337
1783532930.5352,45,chin_joint,0.0012055353,0.66722745,0.18447094,0.47223276,0.51715684,0.5025573,0.5069337
1783532930.5352,45,left_eye_joint,0.029540105,0.7750441,0.16137302,0.47672507,0.5130187,0.5069592,0.5025315
1783532930.5352,45,left_eyeLowerLid_joint,0.029540105,0.7750441,0.16137302,0.47672507,0.5130187,0.5069592,0.5025315
1783532930.5352,45,left_eyeUpperLid_joint,0.029540105,0.7750441,0.16137302,0.47672507,0.5130187,0.5069592,0.5025315
1783532930.5352,45,left_eyeball_joint,0.029540105,0.7750441,0.16137302,0.47672507,0.5130187,0.5069592,0.5025315
1783532930.5352,45,nose_joint,-0.0019021237,0.742319,0.1857378,0.47672772,0.51301616,0.50696194,0.50252885
1783532930.5352,45,right_eye_joint,-0.035028704,0.7723927,0.1601391,0.47672507,0.5130187,0.5069592,0.5025315
1783532930.5352,45,right_eyeLowerLid_joint,-0.035028704,0.7723927,0.1601391,0.47672507,0.5130187,0.5069592,0.5025315
1783532930.5352,45,right_eyeUpperLid_joint,-0.035028704,0.7723927,0.1601391,0.47672507,0.5130187,0.5069592,0.5025315
1783532930.5352,45,right_eyeball_joint,-0.035028704,0.7723927,0.1601391,0.47672507,0.5130187,0.5069592,0.5025315
1783532930.5352,45,right_shoulder_1_joint,-0.08605134,0.56477183,0.034350023,0.661405,-0.085713424,-0.087538935,0.7399553
1783532930.5352,45,right_arm_joint,-0.22674619,0.60000896,0.032747105,0.6702991,0.053666964,0.012713685,0.74003905
1783532930.5352,45,right_forearm_joint,-0.49111396,0.5758673,0.04934127,0.5938826,0.115437225,-0.27255815,0.7481245
1783532930.5352,45,right_hand_joint,-0.7121288,0.64840764,0.18237741,0.024063172,0.25622183,-0.14820276,0.95488626
1783532930.5352,45,right_handIndexStart_joint,-0.72477996,0.6530828,0.20775479,0.034200773,0.32102418,-0.14558937,0.9351888
1783532930.5352,45,right_handIndex_1_joint,-0.7851327,0.6731882,0.25677577,0.034200773,0.32102418,-0.14558937,0.9351888
1783532930.5352,45,right_handIndex_2_joint,-0.82022184,0.68487686,0.28527647,0.034200773,0.32102418,-0.14558937,0.9351888
1783532930.5352,45,right_handIndex_3_joint,-0.8398718,0.6914234,0.30123696,0.034200773,0.32102418,-0.14558937,0.9351888
1783532930.5352,45,right_handIndexEnd_joint,-0.8539072,0.6960994,0.31263724,0.034200773,0.32102418,-0.14558937,0.9351888
1783532930.5352,45,right_handMidStart_joint,-0.7324674,0.6551357,0.19775169,0.024171632,0.25721943,-0.14788471,0.9546646
1783532930.5352,45,right_handMid_1_joint,-0.7950995,0.67565423,0.23562758,0.024171632,0.25721943,-0.14788471,0.9546646
1783532930.5352,45,right_handMid_2_joint,-0.83911055,0.6900729,0.26224282,0.024171632,0.25721943,-0.14788471,0.9546646
1783532930.5352,45,right_handMid_3_joint,-0.8645017,0.6983912,0.2775979,0.024171632,0.25721943,-0.14788471,0.9546646
1783532930.5352,45,right_handMidEnd_joint,-0.88142884,0.7039369,0.2878344,0.024171641,0.25721943,-0.14788471,0.9546646
1783532930.5352,45,right_handPinkyStart_joint,-0.7461309,0.6554574,0.17362262,0.014020871,0.15562621,-0.115436934,0.98094785
1783532930.5352,45,right_handPinky_1_joint,-0.8048633,0.6695616,0.19321632,0.014020871,0.15562621,-0.115436934,0.98094785
1783532930.5352,45,right_handPinky_2_joint,-0.84113973,0.67827374,0.20531863,0.014020871,0.15562621,-0.115436934,0.98094785
1783532930.5352,45,right_handPinky_3_joint,-0.8601415,0.6828364,0.21165775,0.014020883,0.15562621,-0.115436934,0.98094785
1783532930.5352,45,right_handPinkyEnd_joint,-0.87741566,0.6869847,0.21742046,0.014020871,0.15562621,-0.115436934,0.98094785
1783532930.5352,45,right_handRingStart_joint,-0.73925877,0.65531975,0.18679968,0.020007284,0.20658596,-0.13205113,0.96927035
1783532930.5352,45,right_handRing_1_joint,-0.80071175,0.6726235,0.21514246,0.020007284,0.20658596,-0.13205113,0.96927035
1783532930.5352,45,right_handRing_2_joint,-0.8440899,0.6848376,0.23514892,0.020007284,0.20658596,-0.13205113,0.96927035
1783532930.5352,45,right_handRing_3_joint,-0.87120163,0.692472,0.24765317,0.020007284,0.20658596,-0.13205113,0.96927035
1783532930.5352,45,right_handRingEnd_joint,-0.8892766,0.6975607,0.2559895,0.020007284,0.20658596,-0.13205113,0.96927035
1783532930.5352,45,right_handThumbStart_joint,-0.72578365,0.6416443,0.20930938,0.63316244,0.412618,-0.3548857,0.55037135
1783532930.5352,45,right_handThumb_1_joint,-0.74767345,0.63456327,0.2578272,0.63316244,0.412618,-0.3548857,0.55037135
1783532930.5352,45,right_handThumb_2_joint,-0.76331764,0.6295023,0.29250768,0.63316244,0.412618,-0.3548857,0.55037135
1783532930.5352,45,right_handThumbEnd_joint,-0.77374744,0.62612766,0.3156276,0.63316244,0.412618,-0.3548857,0.55037135
1783532930.5352,45,camera,0.111223966,0.06860837,-0.034380257,-0.077059,-0.08265396,-0.6981438,0.70698345
1783532930.5685,46,root,-0.000487175,0.016596653,-0.00045282254,0.029481318,0.005398494,-0.014853591,0.9994404
1783532930.5685,46,hips_joint,-0.000487175,0.016596653,-0.00045282254,0.029481318,0.005398494,-0.014853591,0.9994404
1783532930.5685,46,left_upLeg_joint,0.09926252,-0.011337084,-0.002137097,-0.59594446,0.40642032,-0.4791307,0.5001065
1783532930.5685,46,left_leg_joint,0.1879096,-0.417127,0.06716084,-0.3929647,0.583364,-0.2633539,0.6602347
1783532930.5685,46,left_foot_joint,0.27052766,-0.78582305,-0.1904569,0.6690968,-0.21689442,0.6144728,-0.3573364
1783532930.5685,46,left_toes_joint,0.2929957,-0.8945259,-0.091011696,0.6980781,-0.086145565,0.67106265,-0.23439457
1783532930.5685,46,left_toesEnd_joint,0.29812232,-0.9209045,-0.036628354,0.6980781,-0.08614536,0.6710626,-0.23439476
1783532930.5685,46,right_upLeg_joint,-0.10171687,-0.005426193,0.00020962629,0.50878847,0.44588628,0.4046619,0.61527896
1783532930.5685,46,right_leg_joint,-0.217462,-0.40617365,0.05786329,0.64717376,0.2271412,0.58765596,0.42922395
1783532930.5685,46,right_foot_joint,-0.31172773,-0.7713204,-0.20080855,0.3693865,0.57790977,0.19791208,0.70028883
1783532930.5685,46,right_toes_joint,-0.34953743,-0.8762589,-0.10197139,0.25315687,0.63744617,0.061594684,0.7251067
1783532930.5685,46,right_toesEnd_joint,-0.3604402,-0.9012552,-0.047787182,0.2531574,0.6374462,0.06159425,0.72510654
1783532930.5685,46,spine_1_joint,-0.0004871948,0.016596653,-0.00045282234,0.5060015,0.500849,0.49288553,0.5001766
1783532930.5685,46,spine_2_joint,0.00022808477,0.07414494,-0.00058083754,0.4962277,0.51206976,0.48510066,0.50618166
1783532930.5685,46,spine_3_joint,0.0005114643,0.13165776,-0.0027079862,0.49863192,0.5077599,0.49035218,0.50309104
1783532930.5685,46,spine_4_joint,0.0006955139,0.18469892,-0.0038692553,0.5125485,0.491457,0.50505364,0.4905961
1783532930.5685,46,spine_5_joint,0.0011703293,0.25512347,-0.0015896602,0.54002464,0.4589456,0.53169763,0.46372372
1783532930.5685,46,spine_6_joint,0.0024260322,0.34783125,0.012900478,0.5362745,0.46056753,0.5332899,0.4646386
1783532930.5685,46,spine_7_joint,0.003174352,0.45369563,0.029039342,0.5083388,0.4917882,0.5086074,0.49097306
1783532930.5685,46,left_shoulder_1_joint,0.09242695,0.56611186,0.02756438,-0.73899734,-0.13977963,0.11102464,0.64962924
1783532930.5685,46,left_arm_joint,0.22823276,0.6170016,0.030105077,-0.7319293,-0.057604562,0.0035274185,0.678932
1783532930.5685,46,left_forearm_joint,0.49244735,0.6407049,0.04953685,-0.7077239,-0.38237113,-0.0514965,0.59183395
1783532930.5685,46,left_hand_joint,0.6806377,0.76940334,0.19035286,0.92138803,0.27438334,0.27124423,-0.04673907
1783532930.5685,46,left_handIndexStart_joint,0.69000024,0.77733123,0.21759246,0.90209794,0.2702311,0.3302084,-0.064475805
1783532930.5685,46,left_handIndex_1_joint,0.7410677,0.8130669,0.26823688,0.90209794,0.2702311,0.3302084,-0.064475805
1783532930.5685,46,left_handIndex_2_joint,0.7707581,0.8338435,0.2976813,0.90209794,0.2702311,0.3302084,-0.064475805
1783532930.5685,46,left_handIndex_3_joint,0.7873847,0.8454784,0.31417018,0.90209794,0.2702311,0.3302084,-0.064475805
1783532930.5685,46,left_handIndexEnd_joint,0.79926085,0.85378903,0.32594794,0.90209794,0.2702311,0.3302084,-0.064475805
1783532930.5685,46,left_handMidStart_joint,0.6972899,0.7811771,0.20782286,0.92222583,0.27427316,0.268628,-0.045966774
1783532930.5685,46,left_handMid_1_joint,0.7508976,0.8177545,0.24740276,0.92222583,0.27427316,0.268628,-0.045966774
1783532930.5685,46,left_handMid_2_joint,0.78856784,0.8434575,0.27521566,0.92222583,0.27427316,0.268628,-0.045966774
1783532930.5685,46,left_handMid_3_joint,0.8103007,0.85828626,0.29126155,0.92222583,0.27427316,0.268628,-0.045966774
1783532930.5685,46,left_handMidEnd_joint,0.82478935,0.86817205,0.30195883,0.92222583,0.27427316,0.268628,-0.045966774
1783532930.5685,46,left_handPinkyStart_joint,0.7113623,0.78471345,0.18419102,0.9543644,0.24441749,0.17005865,-0.022994578
1783532930.5685,46,left_handPinky_1_joint,0.76360357,0.8138418,0.20551708,0.9543644,0.24441749,0.17005865,-0.022994578
1783532930.5685,46,left_handPinky_2_joint,0.79587024,0.83183295,0.21868905,0.9543644,0.24441749,0.17005865,-0.022994578
1783532930.5685,46,left_handPinky_3_joint,0.8127719,0.84125686,0.22558866,0.9543644,0.24441749,0.17005865,-0.022994578
1783532930.5685,46,left_handPinkyEnd_joint,0.828137,0.8498241,0.23186104,0.9543644,0.24441749,0.17005865,-0.022994578
1783532930.5685,46,left_handRingStart_joint,0.70423603,0.7829717,0.19711627,0.93970054,0.25994253,0.21941017,-0.03538405
1783532930.5685,46,left_handRing_1_joint,0.75792235,0.8160121,0.22720517,0.93970054,0.25994253,0.21941017,-0.03538405
1783532930.5685,46,left_handRing_2_joint,0.7958186,0.8393347,0.2484444,0.93970054,0.25994253,0.21941017,-0.03538405
1783532930.5685,46,left_handRing_3_joint,0.8195038,0.85391134,0.26171893,0.93970054,0.25994253,0.21941017,-0.03538405
1783532930.5685,46,left_handRingEnd_joint,0.8352939,0.8636291,0.27056858,0.93970054,0.25994253,0.21941017,-0.03538405
1783532930.5685,46,left_handThumbStart_joint,0.6938676,0.76656765,0.21944758,-0.49708268,-0.4396194,-0.33338943,0.66969776
1783532930.5685,46,left_handThumb_1_joint,0.7148748,0.7660592,0.26886114,-0.49708268,-0.4396194,-0.33338943,0.66969776
1783532930.5685,46,left_handThumb_2_joint,0.7298884,0.76569515,0.30418196,-0.49708268,-0.4396194,-0.33338943,0.66969776
1783532930.5685,46,left_handThumbEnd_joint,0.73989743,0.7654525,0.32772914,-0.49708265,-0.4396194,-0.33338943,0.66969776
1783532930.5685,46,neck_1_joint,0.0030370515,0.5878657,0.026928758,0.5640212,0.42488083,0.57046974,0.41942844
1783532930.5685,46,neck_2_joint,0.0026794856,0.6166005,0.03554175,0.5581716,0.43081355,0.5708426,0.42069277
1783532930.5685,46,neck_3_joint,0.0017625564,0.65504986,0.046532784,0.5432053,0.4479219,0.5631138,0.43266216
1783532930.5685,46,neck_4_joint,0.00034406123,0.694006,0.055499773,0.526807,0.46617112,0.5520146,0.44770363
1783532930.5685,46,head_joint,-0.0016678816,0.7395939,0.06364234,0.46379152,0.5283045,0.49854478,0.50719285
1783532930.5685,46,jaw_joint,-0.00036359846,0.7150634,0.07046506,0.46379152,0.5283045,0.49854478,0.50719285
1783532930.5685,46,chin_joint,0.0008346361,0.6725453,0.17386124,0.46379152,0.5283045,0.49854478,0.50719285
1783532930.5685,46,left_eye_joint,0.027405348,0.7801802,0.14798662,0.46838135,0.52423954,0.5029492,0.5028256
1783532930.5685,46,left_eyeLowerLid_joint,0.027405348,0.7801802,0.14798662,0.46838135,0.52423954,0.5029492,0.5028256
1783532930.5685,46,left_eyeUpperLid_joint,0.027405348,0.7801802,0.14798662,0.46838135,0.52423954,0.5029492,0.5028256
1783532930.5685,46,left_eyeball_joint,0.027405348,0.7801802,0.14798662,0.46838135,0.52423954,0.5029492,0.5028256
1783532930.5685,46,nose_joint,-0.003391606,0.7475911,0.1733377,0.46838415,0.5242371,0.5029518,0.502823
1783532930.5685,46,right_eye_joint,-0.03712275,0.776541,0.14723796,0.46838135,0.52423954,0.5029492,0.5028256
1783532930.5685,46,right_eyeLowerLid_joint,-0.03712275,0.776541,0.14723796,0.46838135,0.52423954,0.5029492,0.5028256
1783532930.5685,46,right_eyeUpperLid_joint,-0.03712275,0.776541,0.14723796,0.46838135,0.52423954,0.5029492,0.5028256
1783532930.5685,46,right_eyeball_joint,-0.03712275,0.776541,0.14723796,0.46838135,0.52423954,0.5029492,0.5028256
1783532930.5685,46,right_shoulder_1_joint,-0.08630437,0.5659162,0.027658718,0.62892854,-0.095712245,-0.13561207,0.75953764
1783532930.5685,46,right_arm_joint,-0.22336091,0.61325985,0.031311996,0.63590723,0.019958451,-0.08950478,0.76629794
1783532930.5685,46,right_forearm_joint,-0.48487324,0.64299476,0.06972614,0.5546766,0.07036176,-0.35877538,0.7474378
1783532930.5685,46,right_hand_joint,-0.6812044,0.76579726,0.20456648,-0.006834835,0.2721098,-0.244186,0.9307431
1783532930.5685,46,right_handIndexStart_joint,-0.6911978,0.7750591,0.22987002,0.00996196,0.33525163,-0.24347635,0.9100694
1783532930.5685,46,right_handIndex_1_joint,-0.7439337,0.8101129,0.2792653,0.00996196,0.33525163,-0.24347635,0.9100694
1783532930.5685,46,right_handIndex_2_joint,-0.7745945,0.83049256,0.3079837,0.00996196,0.33525163,-0.24347635,0.9100694
1783532930.5685,46,right_handIndex_3_joint,-0.79176444,0.841906,0.324066,0.00996196,0.33525163,-0.24347635,0.9100694
1783532930.5685,46,right_handIndexEnd_joint,-0.80402845,0.85005844,0.3355533,0.00996196,0.33525163,-0.24347635,0.9100694
1783532930.5685,46,right_handMidStart_joint,-0.6990588,0.7774528,0.22007978,-0.0066199237,0.2731025,-0.24390453,0.9305277
1783532930.5685,46,right_handMid_1_joint,-0.75469095,0.8122327,0.25846982,-0.0066199237,0.2731025,-0.24390453,0.9305277
1783532930.5685,46,right_handMid_2_joint,-0.79378307,0.83667266,0.28544632,-0.0066199237,0.2731025,-0.24390453,0.9305277
1783532930.5685,46,right_handMid_3_joint,-0.8163365,0.85077244,0.30100983,-0.0066199237,0.2731025,-0.24390453,0.9305277
1783532930.5685,46,right_handMidEnd_joint,-0.8313717,0.8601725,0.31138524,-0.006619914,0.2731025,-0.24390453,0.9305277
1783532930.5685,46,right_handPinkyStart_joint,-0.7140094,0.7778331,0.1967273,-0.025974713,0.17535311,-0.20843576,0.96183735
1783532930.5685,46,right_handPinky_1_joint,-0.76808727,0.80387294,0.21745986,-0.025974713,0.17535311,-0.20843576,0.96183735
1783532930.5685,46,right_handPinky_2_joint,-0.80148876,0.81995726,0.23026556,-0.025974713,0.17535311,-0.20843576,0.96183735
1783532930.5685,46,right_handPinky_3_joint,-0.8189848,0.8283815,0.23697318,-0.025974704,0.17535311,-0.20843576,0.96183735
1783532930.5685,46,right_handPinkyEnd_joint,-0.83489007,0.83604026,0.24307087,-0.025974713,0.17535311,-0.20843576,0.96183735
1783532930.5685,46,right_handRingStart_joint,-0.706418,0.7777664,0.20950408,-0.015463052,0.22433221,-0.22671965,0.9476466
1783532930.5685,46,right_handRing_1_joint,-0.7620576,0.8082663,0.2387133,-0.015463052,0.22433221,-0.22671965,0.9476466
1783532930.5685,46,right_handRing_2_joint,-0.8013325,0.8297952,0.2593314,-0.015463052,0.22433221,-0.22671965,0.9476466
1783532930.5685,46,right_handRing_3_joint,-0.82587934,0.84325147,0.27221787,-0.015463052,0.22433221,-0.22671965,0.9476466
1783532930.5685,46,right_handRingEnd_joint,-0.8422446,0.8522216,0.2808091,-0.015463052,0.22433221,-0.22671965,0.9476466
1783532930.5685,46,right_handThumbStart_joint,-0.6940283,0.7641803,0.23268163,0.6273667,0.35269508,-0.43977258,0.53723127
1783532930.5685,46,right_handThumb_1_joint,-0.7135989,0.76579046,0.28265843,0.6273667,0.35269508,-0.43977258,0.53723127
1783532930.5685,46,right_handThumb_2_joint,-0.7275852,0.7669414,0.3183816,0.6273667,0.35269508,-0.43977258,0.53723127
1783532930.5685,46,right_handThumbEnd_joint,-0.7369099,0.7677082,0.34219676,0.6273667,0.35269508,-0.43977258,0.53723127
1783532930.5685,46,camera,0.11112762,0.06877575,-0.0339939,-0.076827765,-0.08254272,-0.69812274,0.7070422
1783532930.6025,47,root,-0.0005597057,0.016737271,0.0017930253,0.042276964,0.012455288,-0.017474087,0.99887544
1783532930.6025,47,hips_joint,-0.0005597057,0.016737271,0.0017930253,0.042276964,0.012455288,-0.017474087,0.99887544
1783532930.6025,47,left_upLeg_joint,0.09901186,-0.011621863,-0.00200133,-0.5950621,0.4133663,-0.44958115,0.52240425
1783532930.6025,47,left_leg_joint,0.20597574,-0.41658768,0.041443143,-0.40017453,0.5793105,-0.23342015,0.67065257
1783532930.6025,47,left_foot_joint,0.3065049,-0.77179515,-0.22846597,0.67227274,-0.20925722,0.59733325,-0.38399723
1783532930.6025,47,left_toes_joint,0.33613375,-0.88209426,-0.13272297,0.69974893,-0.078044854,0.65928704,-0.2638207
1783532930.6025,47,left_toesEnd_joint,0.34332234,-0.9098214,-0.07925156,0.69974893,-0.078044645,0.6592869,-0.26382092
1783532930.6025,47,right_upLeg_joint,-0.10188277,-0.0048094545,0.0033000445,0.5294047,0.43433654,0.38477078,0.6188975
1783532930.6025,47,right_leg_joint,-0.23941456,-0.39901453,0.0581351,0.67056,0.19255146,0.571474,0.43207747
1783532930.6025,47,right_foot_joint,-0.3641133,-0.74294454,-0.21625847,0.40912756,0.5651024,0.18341371,0.6925558
1783532930.6025,47,right_toes_joint,-0.40793422,-0.84971786,-0.12197341,0.294605,0.6324034,0.048824795,0.71476585
1783532930.6025,47,right_toesEnd_joint,-0.419785,-0.8765547,-0.068879515,0.29460555,0.6324035,0.048824366,0.7147656
1783532930.6025,47,spine_1_joint,-0.0005597255,0.016737273,0.0017930256,0.51691043,0.49659798,0.4941022,0.49199292
1783532930.6025,47,spine_2_joint,0.0005054047,0.074266136,0.003068849,0.50522155,0.50972307,0.4846994,0.50000006
1783532930.6025,47,spine_3_joint,0.0011095813,0.13180436,0.0019199803,0.5043267,0.50847024,0.48668846,0.5002469
1783532930.6025,47,spine_4_joint,0.001596866,0.1848479,0.0009744865,0.5141945,0.49611482,0.49743327,0.4919698
1783532930.6025,47,spine_5_joint,0.0024972346,0.25529078,0.0024009533,0.5375549,0.4683348,0.52032197,0.47006625
1783532930.6025,47,spine_6_joint,0.0043714717,0.3483785,0.014124424,0.52971274,0.47444692,0.5184723,0.47485864
1783532930.6025,47,spine_7_joint,0.00568676,0.45486343,0.025416961,0.49785012,0.5084897,0.49053317,0.5029517
1783532930.6025,47,left_shoulder_1_joint,0.095170535,0.566744,0.016417507,-0.7668906,-0.1928415,0.117456436,0.6007452
1783532930.6025,47,left_arm_joint,0.2254299,0.63011616,0.023894059,-0.76105595,-0.18908583,0.019854164,0.6201985
1783532930.6025,47,left_forearm_joint,0.47218677,0.7132201,0.07824073,0.6786481,0.5376561,0.021931259,-0.4998815
1783532930.6025,47,left_hand_joint,0.58497274,0.90289825,0.23025921,0.84282863,0.4161921,0.34108546,0.009199059
1783532930.6025,47,left_handIndexStart_joint,0.58556,0.9158804,0.2571594,0.8192694,0.41540015,0.39486846,-0.017864417
1783532930.6025,47,left_handIndex_1_joint,0.61311,0.96941066,0.31031287,0.8192694,0.41540015,0.39486846,-0.017864417
1783532930.6025,47,left_handIndex_2_joint,0.6291274,1.000533,0.34121603,0.8192694,0.41540015,0.39486846,-0.017864417
1783532930.6025,47,left_handIndex_3_joint,0.63809717,1.0179614,0.35852185,0.8192694,0.41540015,0.39486846,-0.017864417
1783532930.6025,47,left_handIndexEnd_joint,0.64450413,1.0304103,0.3708831,0.8192694,0.41540015,0.39486846,-0.017864417
1783532930.6025,47,left_handMidStart_joint,0.5937068,0.92056775,0.24849711,0.8438965,0.41593698,0.338715,0.010352518
1783532930.6025,47,left_handMid_1_joint,0.62597793,0.9744645,0.29129872,0.8438965,0.41593698,0.338715,0.010352518
1783532930.6025,47,left_handMid_2_joint,0.64865494,1.0123378,0.3213755,0.8438965,0.41593698,0.338715,0.010352518
1783532930.6025,47,left_handMid_3_joint,0.6617378,1.0341879,0.33872747,0.8438965,0.41593698,0.338715,0.010352518
1783532930.6025,47,left_handMidEnd_joint,0.67045975,1.0487546,0.35029548,0.8438965,0.41593698,0.338715,0.010352518
1783532930.6025,47,left_handPinkyStart_joint,0.6114954,0.9254099,0.2277819,0.8885448,0.3817991,0.25037345,0.0450626
1783532930.6025,47,left_handPinky_1_joint,0.6485221,0.96992797,0.25385088,0.8885448,0.3817991,0.25037345,0.0450626
1783532930.6025,47,left_handPinky_2_joint,0.6713915,0.99742436,0.2699523,0.8885448,0.3817991,0.25037345,0.0450626
1783532930.6025,47,left_handPinky_3_joint,0.6833707,1.0118273,0.27838638,0.8885448,0.3817991,0.25037345,0.0450626
1783532930.6025,47,left_handPinkyEnd_joint,0.6942609,1.0249208,0.28605375,0.8885448,0.3817991,0.25037345,0.0450626
1783532930.6025,47,left_handRingStart_joint,0.60225517,0.9231037,0.23919146,0.8675756,0.39974472,0.29460016,0.026969424
1783532930.6025,47,left_handRing_1_joint,0.63765794,0.9726639,0.27339172,0.8675756,0.39974472,0.29460016,0.026969424
1783532930.6025,47,left_handRing_2_joint,0.66264814,1.0076475,0.2975331,0.8675756,0.39974472,0.29460016,0.026969424
1783532930.6025,47,left_handRing_3_joint,0.67826706,1.0295123,0.31262147,0.8675756,0.39974472,0.29460016,0.026969424
1783532930.6025,47,left_handRingEnd_joint,0.68867964,1.0440888,0.32268038,0.8675756,0.39974472,0.29460016,0.026969424
1783532930.6025,47,left_handThumbStart_joint,0.59144837,0.90686375,0.26143473,-0.43884787,-0.59305936,-0.26205683,0.6221087
1783532930.6025,47,left_handThumb_1_joint,0.6000002,0.91730756,0.3134064,-0.43884787,-0.59305936,-0.26205683,0.6221087
1783532930.6025,47,left_handThumb_2_joint,0.60611093,0.9247715,0.35055536,-0.43884787,-0.59305936,-0.26205683,0.6221087
1783532930.6025,47,left_handThumbEnd_joint,0.6101848,0.92974746,0.37532133,-0.43884787,-0.59305936,-0.26205677,0.6221087
1783532930.6025,47,neck_1_joint,0.0058295247,0.5886929,0.015632352,0.5587618,0.43925837,0.55704325,0.42958128
1783532930.6025,47,neck_2_joint,0.0056348206,0.6177771,0.02298579,0.5552036,0.44233558,0.55978245,0.4274715
1783532930.6025,47,neck_3_joint,0.004913447,0.6565673,0.03272238,0.5415421,0.45755777,0.553597,0.43692532
1783532930.6025,47,neck_4_joint,0.0036471486,0.69574064,0.040712576,0.5257075,0.4748354,0.5433459,0.45048726
1783532930.6025,47,head_joint,0.0017665362,0.74149513,0.047895636,0.46172687,0.5367979,0.4896025,0.50886744
1783532930.6025,47,jaw_joint,0.0031467723,0.71711624,0.055228207,0.46172687,0.5367979,0.4896025,0.50886744
1783532930.6025,47,chin_joint,0.0056752586,0.6768361,0.15949291,0.46172687,0.5367979,0.4896025,0.50886744
1783532930.6025,47,left_eye_joint,0.031963106,0.78386635,0.13095768,0.46639094,0.5327507,0.49402192,0.50457805
1783532930.6025,47,left_eyeLowerLid_joint,0.031963106,0.78386635,0.13095768,0.46639094,0.5327507,0.49402192,0.50457805
1783532930.6025,47,left_eyeUpperLid_joint,0.031963106,0.78386635,0.13095768,0.46639094,0.5327507,0.49402192,0.50457805
1783532930.6025,47,left_eyeball_joint,0.031963106,0.78386635,0.13095768,0.46639094,0.5327507,0.49402192,0.50457805
1783532930.6025,47,nose_joint,0.0014829915,0.7518566,0.15740621,0.46639374,0.5327482,0.49402457,0.50457555
1783532930.6025,47,right_eye_joint,-0.032571245,0.78026485,0.13113138,0.46639094,0.5327507,0.49402192,0.50457805
1783532930.6025,47,right_eyeLowerLid_joint,-0.032571245,0.78026485,0.13113138,0.46639094,0.5327507,0.49402192,0.50457805
1783532930.6025,47,right_eyeUpperLid_joint,-0.032571245,0.78026485,0.13113138,0.46639094,0.5327507,0.49402192,0.50457805
1783532930.6025,47,right_eyeball_joint,-0.032571245,0.78026485,0.13113138,0.46639094,0.5327507,0.49402192,0.50457805
1783532930.6025,47,right_shoulder_1_joint,-0.083545834,0.5670881,0.018711228,0.5798373,-0.09221359,-0.1982581,0.7848433
1783532930.6025,47,right_arm_joint,-0.21472552,0.62773913,0.031064836,0.57865673,0.021542922,-0.22314234,0.7841555
1783532930.6025,47,right_forearm_joint,-0.45397636,0.71419114,0.10874112,0.48127827,0.061797783,-0.4752483,0.7339559
1783532930.6025,47,right_hand_joint,-0.59885204,0.8851936,0.2556338,-0.057339728,0.33536547,-0.34235936,0.87580377
1783532930.6025,47,right_handIndexStart_joint,-0.60239065,0.8986916,0.28075755,-0.033654913,0.3946387,-0.34490454,0.8509809
1783532930.6025,47,right_handIndex_1_joint,-0.6385787,0.94796807,0.33283436,-0.033654913,0.3946387,-0.34490454,0.8509809
1783532930.6025,47,right_handIndex_2_joint,-0.6596187,0.97661674,0.36311188,-0.033654913,0.3946387,-0.34490454,0.8509809
1783532930.6025,47,right_handIndex_3_joint,-0.67140085,0.9926609,0.38006717,-0.033654913,0.3946387,-0.34490454,0.8509809
1783532930.6025,47,right_handIndexEnd_joint,-0.6798165,1.0041208,0.392178,-0.033654913,0.3946387,-0.34490454,0.8509809
1783532930.6025,47,right_handMidStart_joint,-0.6113582,0.90154785,0.27210897,-0.056999378,0.33632702,-0.34213746,0.8755439
1783532930.6025,47,right_handMid_1_joint,-0.6523803,0.95000416,0.31391254,-0.056999378,0.33632702,-0.34213746,0.8755439
1783532930.6025,47,right_handMid_2_joint,-0.681206,0.9840546,0.3432876,-0.056999378,0.33632702,-0.34213746,0.8755439
1783532930.6025,47,right_handMid_3_joint,-0.69783634,1.0036991,0.36023495,-0.056999378,0.33632702,-0.34213746,0.8755439
1783532930.6025,47,right_handMidEnd_joint,-0.7089229,1.0167953,0.37153286,-0.056999363,0.33632702,-0.34213746,0.8755439
1783532930.6025,47,right_handPinkyStart_joint,-0.6299799,0.9024304,0.2515795,-0.08391455,0.2460438,-0.30248594,0.9170186
1783532930.6025,47,right_handPinky_1_joint,-0.67417186,0.9402808,0.27701068,-0.08391455,0.2460438,-0.30248594,0.9170186
1783532930.6025,47,right_handPinky_2_joint,-0.7014672,0.96365994,0.2927184,-0.08391455,0.2460438,-0.30248594,0.9170186
1783532930.6025,47,right_handPinky_3_joint,-0.7157649,0.9759053,0.30094627,-0.08391454,0.2460438,-0.30248594,0.9170186
1783532930.6025,47,right_handPinkyEnd_joint,-0.72876257,0.9870377,0.3084259,-0.08391455,0.2460438,-0.30248594,0.9170186
1783532930.6025,47,right_handRingStart_joint,-0.62033737,0.902198,0.26288643,-0.06975401,0.29130542,-0.3230673,0.89772105
1783532930.6025,47,right_handRing_1_joint,-0.6637524,0.945554,0.29627186,-0.06975401,0.29130542,-0.3230673,0.89772105
1783532930.6025,47,right_handRing_2_joint,-0.6943981,0.97615784,0.3198379,-0.06975401,0.29130542,-0.3230673,0.89772105
1783532930.6025,47,right_handRing_3_joint,-0.7135517,0.99528587,0.3345667,-0.06975401,0.29130542,-0.3230673,0.89772105
1783532930.6025,47,right_handRingEnd_joint,-0.7263215,1.0080373,0.34438643,-0.06975401,0.29130542,-0.3230673,0.89772105
1783532930.6025,47,right_handThumbStart_joint,-0.6064883,0.8888937,0.2853916,0.5845024,0.3120497,-0.559011,0.49848643
1783532930.6025,47,right_handThumb_1_joint,-0.6161708,0.8992327,0.33718577,0.5845024,0.3120497,-0.559011,0.49848643
1783532930.6025,47,right_handThumb_2_joint,-0.62308925,0.90662247,0.37420762,0.5845024,0.3120497,-0.559011,0.49848643
1783532930.6025,47,right_handThumbEnd_joint,-0.62770224,0.91154844,0.39888865,0.5845024,0.3120497,-0.5590109,0.49848637
1783532930.6025,47,camera,0.110014364,0.06823691,-0.03371931,-0.0765546,-0.0825903,-0.6980715,0.70711696
1783532930.6352,48,root,-0.0010606762,0.016294066,0.0023069927,0.05201504,0.011195702,-0.016730001,0.9984434
1783532930.6352,48,hips_joint,-0.0010606762,0.016294066,0.0023069927,0.05201504,0.011195702,-0.016730001,0.9984434
1783532930.6352,48,left_upLeg_joint,0.09855403,-0.01187689,-0.0017478642,-0.5932885,0.41651663,-0.43070662,0.53760064
1783532930.6352,48,left_leg_joint,0.21730927,-0.4150075,0.02487723,-0.40278336,0.57895905,-0.21560352,0.6753423
1783532930.6352,48,left_foot_joint,0.32552773,-0.76146406,-0.25330618,0.67410976,-0.20737179,0.5861999,-0.39867625
1783532930.6352,48,left_toes_joint,0.3593182,-0.87278944,-0.16016464,0.7011953,-0.07584542,0.65113753,-0.28034383
1783532930.6352,48,left_toesEnd_joint,0.36784342,-0.90138763,-0.10735244,0.7011953,-0.075845204,0.6511375,-0.28034404
1783532930.6352,48,right_upLeg_joint,-0.10236282,-0.0053887414,0.0030985388,0.54037267,0.41974804,0.37429062,0.62587184
1783532930.6352,48,right_leg_joint,-0.25708768,-0.39370266,0.054010443,0.6748113,0.17809372,0.55975884,0.4467467
1783532930.6352,48,right_foot_joint,-0.3988086,-0.7323387,-0.21869865,0.42139,0.55634284,0.16514507,0.696879
1783532930.6352,48,right_toes_joint,-0.44745547,-0.8365188,-0.12388073,0.3083055,0.6261269,0.030067913,0.71554804
1783532930.6352,48,right_toesEnd_joint,-0.4604441,-0.86254835,-0.07065127,0.30830595,0.6261268,0.030067483,0.71554786
1783532930.6352,48,spine_1_joint,-0.001060696,0.016294068,0.0023069931,0.5204731,0.49133217,0.50086117,0.48666108
1783532930.6352,48,spine_2_joint,-0.0001708129,0.073786475,0.004790124,0.5070346,0.5059576,0.4910121,0.49581254
1783532930.6352,48,spine_3_joint,0.00016460866,0.13133797,0.004571428,0.5032864,0.5073682,0.4909325,0.4982626
1783532930.6352,48,spine_4_joint,0.00033042877,0.18438844,0.0039641783,0.5097338,0.49837807,0.49881253,0.49292693
1783532930.6352,48,spine_5_joint,0.0007209632,0.25484347,0.0049528438,0.5297498,0.47449356,0.5186927,0.47453052
1783532930.6352,48,spine_6_joint,0.0018210169,0.3481594,0.014812474,0.5187703,0.4837664,0.513609,0.48275596
1783532930.6352,48,spine_7_joint,0.0022956987,0.45496595,0.02258554,0.48456886,0.5188831,0.48249167,0.51298666
1783532930.6352,48,left_shoulder_1_joint,0.09116975,0.5669106,0.009341121,-0.7895799,-0.24666917,0.10308807,0.55235046
1783532930.6352,48,left_arm_joint,0.2154853,0.6399303,0.025253538,-0.76962876,-0.32074916,-0.0024376186,0.55207413
1783532930.6352,48,left_forearm_joint,0.4267392,0.770536,0.12045187,0.63026375,0.673069,0.029341808,-0.38585633
1783532930.6352,48,left_hand_joint,0.45145515,0.99182004,0.26955107,0.7355648,0.51987773,0.4284975,0.071144946
1783532930.6352,48,left_handIndexStart_joint,0.44187915,1.0064931,0.29374835,0.70663834,0.5229299,0.475209,0.037193682
1783532930.6352,48,left_handIndex_1_joint,0.44199494,1.068685,0.34456104,0.70663834,0.5229299,0.475209,0.037193682
1783532930.6352,48,left_handIndex_2_joint,0.44206226,1.1048431,0.37410328,0.70663834,0.5229299,0.475209,0.037193682
1783532930.6352,48,left_handIndex_3_joint,0.44209993,1.1250918,0.39064693,0.70663834,0.5229299,0.475209,0.037193682
1783532930.6352,48,left_handIndexEnd_joint,0.44212687,1.139555,0.40246382,0.70663834,0.5229299,0.475209,0.037193682
1783532930.6352,48,left_handMidStart_joint,0.45096362,1.0123147,0.28689593,0.73690325,0.51946676,0.42645347,0.07256502
1783532930.6352,48,left_handMid_1_joint,0.45830542,1.0752159,0.32894126,0.73690325,0.51946676,0.42645347,0.07256502
1783532930.6352,48,left_handMid_2_joint,0.46346453,1.1194167,0.35848662,0.73690325,0.51946676,0.42645347,0.07256502
1783532930.6352,48,left_handMid_3_joint,0.46644095,1.1449172,0.37553203,0.73690325,0.51946676,0.42645347,0.07256502
1783532930.6352,48,left_handMidEnd_joint,0.4684252,1.1619174,0.38689563,0.73690325,0.51946676,0.42645347,0.07256502
1783532930.6352,48,left_handPinkyStart_joint,0.4724076,1.0196674,0.27092415,0.7947344,0.48159343,0.35129204,0.11427624
1783532930.6352,48,left_handPinky_1_joint,0.49078003,1.0733747,0.2993917,0.7947344,0.48159343,0.35129204,0.11427624
1783532930.6352,48,left_handPinky_2_joint,0.50212765,1.1065469,0.3169746,0.7947344,0.48159343,0.35129204,0.11427624
1783532930.6352,48,left_handPinky_3_joint,0.5080717,1.1239228,0.32618472,0.7947344,0.48159343,0.35129204,0.11427624
1783532930.6352,48,left_handPinkyEnd_joint,0.51347536,1.139719,0.33455753,0.7947344,0.48159343,0.35129204,0.11427624
1783532930.6352,48,left_handRingStart_joint,0.46104562,1.0160978,0.27981475,0.7670839,0.50164604,0.38898268,0.09287782
1783532930.6352,48,left_handRing_1_joint,0.47460297,1.0749034,0.31499064,0.7670839,0.50164604,0.38898268,0.09287782
1783532930.6352,48,left_handRing_2_joint,0.48417282,1.1164131,0.3398207,0.7670839,0.50164604,0.38898268,0.09287782
1783532930.6352,48,left_handRing_3_joint,0.490154,1.1423568,0.35533947,0.7670839,0.50164604,0.38898268,0.09287782
1783532930.6352,48,left_handRingEnd_joint,0.49414143,1.1596525,0.3656853,0.7670839,0.50164604,0.38898268,0.09287782
1783532930.6352,48,left_handThumbStart_joint,0.44807357,0.9994365,0.30053705,-0.36225948,-0.72979206,-0.21647863,0.53787446
1783532930.6352,48,left_handThumb_1_joint,0.43954268,1.0153255,0.35111392,-0.36225948,-0.72979206,-0.21647863,0.53787446
1783532930.6352,48,left_handThumb_2_joint,0.43344322,1.0266814,0.3872656,-0.36225948,-0.72979206,-0.21647863,0.53787446
1783532930.6352,48,left_handThumbEnd_joint,0.4293769,1.034252,0.41136667,-0.36225945,-0.72979206,-0.21647857,0.53787446
1783532930.6352,48,neck_1_joint,0.0017073961,0.5882694,0.0072253714,0.55065775,0.44710445,0.55389154,0.43597946
1783532930.6352,48,neck_2_joint,0.0013055035,0.61753064,0.013829953,0.55001724,0.4466965,0.55946505,0.430049
1783532930.6352,48,neck_3_joint,0.00030239552,0.6564337,0.02307908,0.5382495,0.45948303,0.55524856,0.4368775
1783532930.6352,48,neck_4_joint,-0.0012516502,0.69562507,0.030929029,0.5234594,0.47542518,0.54617476,0.4490593
1783532930.6352,48,head_joint,-0.0034712888,0.7413545,0.03817444,0.45940623,0.53710574,0.49256596,0.5077814
1783532930.6352,48,jaw_joint,-0.001949754,0.7169745,0.04547504,0.45940623,0.53710574,0.49256596,0.5077814
1783532930.6352,48,chin_joint,0.00048742263,0.6765528,0.14968708,0.45940623,0.53710574,0.49256596,0.5077814
1783532930.6352,48,left_eye_joint,0.026141068,0.78380424,0.12140653,0.46407303,0.53307873,0.49697578,0.50346625
1783532930.6352,48,left_eyeLowerLid_joint,0.026141068,0.78380424,0.12140653,0.46407303,0.53307873,0.49697578,0.50346625
1783532930.6352,48,left_eyeUpperLid_joint,0.026141068,0.78380424,0.12140653,0.46407303,0.53307873,0.49697578,0.50346625
1783532930.6352,48,left_eyeball_joint,0.026141068,0.78380424,0.12140653,0.46407303,0.53307873,0.49697578,0.50346625
1783532930.6352,48,nose_joint,-0.0042118332,0.7515459,0.1476988,0.46407583,0.53307635,0.49697843,0.5034637
1783532930.6352,48,right_eye_joint,-0.03836726,0.7797604,0.121346645,0.46407303,0.53307873,0.49697578,0.50346625
1783532930.6352,48,right_eyeLowerLid_joint,-0.03836726,0.7797604,0.121346645,0.46407303,0.53307873,0.49697578,0.50346625
1783532930.6352,48,right_eyeUpperLid_joint,-0.03836726,0.7797604,0.121346645,0.46407303,0.53307873,0.49697578,0.50346625
1783532930.6352,48,right_eyeball_joint,-0.03836726,0.7797604,0.121346645,0.46407303,0.53307873,0.49697578,0.50346625
1783532930.6352,48,right_shoulder_1_joint,-0.08755473,0.5662742,0.010787649,0.5361443,-0.077958435,-0.24080828,0.8052846
1783532930.6352,48,right_arm_joint,-0.21401843,0.6346551,0.030029655,0.5166376,0.04306264,-0.33027482,0.78876483
1783532930.6352,48,right_forearm_joint,-0.4209896,0.7614034,0.13887039,0.3946491,0.07233612,-0.5833408,0.7062107
1783532930.6352,48,right_hand_joint,-0.5037824,0.9668909,0.28963038,-0.10982745,0.4088334,-0.42234373,0.80151063
1783532930.6352,48,right_handIndexStart_joint,-0.4998286,0.9829053,0.31316382,-0.08048718,0.46288747,-0.4283329,0.7718733
1783532930.6352,48,right_handIndex_1_joint,-0.5162548,1.0419935,0.36501464,-0.08048718,0.46288747,-0.4283329,0.7718733
1783532930.6352,48,right_handIndex_2_joint,-0.52580523,1.0763469,0.39516088,-0.08048718,0.46288747,-0.4283329,0.7718733
1783532930.6352,48,right_handIndex_3_joint,-0.53115314,1.0955856,0.41204253,-0.08048718,0.46288747,-0.4283329,0.7718733
1783532930.6352,48,right_handIndexEnd_joint,-0.53497297,1.1093272,0.42410073,-0.08048718,0.46288747,-0.4283329,0.7718733
1783532930.6352,48,right_handMidStart_joint,-0.5098838,0.98651785,0.30614844,-0.10937533,0.40974227,-0.4221876,0.80119056
1783532930.6352,48,right_handMid_1_joint,-0.5332768,1.0447562,0.3490371,-0.10937533,0.40974227,-0.4221876,0.80119056
1783532930.6352,48,right_handMid_2_joint,-0.54971457,1.0856802,0.37917456,-0.10937533,0.40974227,-0.4221876,0.80119056
1783532930.6352,48,right_handMid_3_joint,-0.5591981,1.1092902,0.3965618,-0.10937533,0.40974227,-0.4221876,0.80119056
1783532930.6352,48,right_handMidEnd_joint,-0.5655201,1.1250302,0.4081529,-0.109375305,0.40974227,-0.4221876,0.80119056
1783532930.6352,48,right_handPinkyStart_joint,-0.53207517,0.9888454,0.2896823,-0.14151491,0.32888955,-0.37889042,0.8533742
1783532930.6352,48,right_handPinky_1_joint,-0.56360626,1.0358205,0.31851757,-0.14151491,0.32888955,-0.37889042,0.8533742
1783532930.6352,48,right_handPinky_2_joint,-0.58308136,1.0648354,0.33632773,-0.14151491,0.32888955,-0.37889042,0.8533742
1783532930.6352,48,right_handPinky_3_joint,-0.59328294,1.0800328,0.34565705,-0.14151488,0.32888955,-0.37889042,0.8533742
1783532930.6352,48,right_handPinkyEnd_joint,-0.60255677,1.093849,0.35413787,-0.14151491,0.32888955,-0.37889042,0.8533742
1783532930.6352,48,right_handRingStart_joint,-0.52040684,0.9879187,0.29884043,-0.12489166,0.36948562,-0.40148363,0.82866985
1783532930.6352,48,right_handRing_1_joint,-0.5486673,1.0408442,0.3346097,-0.12489166,0.36948562,-0.40148363,0.82866985
1783532930.6352,48,right_handRing_2_joint,-0.56861585,1.0782028,0.35985842,-0.12489166,0.36948562,-0.40148363,0.82866985
1783532930.6352,48,right_handRing_3_joint,-0.58108354,1.1015526,0.3756389,-0.12489166,0.36948562,-0.40148363,0.82866985
1783532930.6352,48,right_handRingEnd_joint,-0.58939606,1.1171188,0.38615993,-0.12489166,0.36948562,-0.40148363,0.82866985
1783532930.6352,48,right_handThumbStart_joint,-0.50429165,0.9744001,0.31964508,-0.5210054,-0.28308624,0.6705152,-0.44589853
1783532930.6352,48,right_handThumb_1_joint,-0.50110203,0.99067044,0.37071744,-0.5210054,-0.28308624,0.6705152,-0.44589853
1783532930.6352,48,right_handThumb_2_joint,-0.4988198,1.0022994,0.40722287,-0.5210054,-0.28308624,0.6705152,-0.44589853
1783532930.6352,48,right_handThumbEnd_joint,-0.49729905,1.0100517,0.43155986,-0.5210054,-0.2830862,0.6705152,-0.44589853
1783532930.6352,48,camera,0.10986315,0.0682597,-0.033567317,-0.07676107,-0.08239368,-0.69814986,0.70704013
1783532930.6685,49,root,-0.0015775191,0.016389096,0.0023773415,0.05773105,0.00742638,-0.014858835,0.998194
1783532930.6685,49,hips_joint,-0.0015775191,0.016389096,0.0023773415,0.05773105,0.00742638,-0.014858835,0.998194
1783532930.6685,49,left_upLeg_joint,0.098157175,-0.011418714,-0.0012071978,-0.59183097,0.41966835,-0.42192572,0.5436851
1783532930.6685,49,left_leg_joint,0.22099838,-0.41379532,0.016934913,-0.40501076,0.5817939,-0.21259516,0.6725218
1783532930.6685,49,left_foot_joint,0.3273854,-0.7600749,-0.26217383,0.67761135,-0.20822982,0.5820924,-0.39831117
1783532930.6685,49,left_toes_joint,0.36249992,-0.8712385,-0.16932933,0.7047961,-0.07602419,0.64703536,-0.28076383
1783532930.6685,49,left_toesEnd_joint,0.37166792,-0.8997786,-0.116593406,0.7047961,-0.07602397,0.64703524,-0.280764
1783532930.6685,49,right_upLeg_joint,-0.102811694,-0.005621629,0.0021200185,0.5431278,0.409383,0.3693085,0.6332687
1783532930.6685,49,right_leg_joint,-0.26789442,-0.38984284,0.051529195,0.6680401,0.18317789,0.548983,0.46774554
1783532930.6685,49,right_foot_joint,-0.41886282,-0.73662305,-0.20553385,0.41292426,0.5561694,0.1437126,0.7067643
1783532930.6685,49,right_toes_joint,-0.46954027,-0.83534974,-0.10605864,0.30002603,0.62435186,0.0071502808,0.721192
1783532930.6685,49,right_toesEnd_joint,-0.48290163,-0.85870117,-0.051691372,0.3000265,0.6243519,0.0071498486,0.7211918
1783532930.6685,49,spine_1_joint,-0.0015775389,0.016389096,0.0023773417,0.51977265,0.48726875,0.50894237,0.4830976
1783532930.6685,49,spine_2_joint,-0.0011692757,0.07384273,0.0057310592,0.5044359,0.503007,0.4997127,0.49276358
1783532930.6685,49,spine_3_joint,-0.0014833637,0.1313927,0.006215602,0.49774855,0.5065709,0.49844122,0.49718118
1783532930.6685,49,spine_4_joint,-0.0020200247,0.18444271,0.0058167176,0.50080436,0.5003317,0.5039568,0.4948646
1783532930.6685,49,spine_5_joint,-0.0026283066,0.25490168,0.006268344,0.5176335,0.4795647,0.5208493,0.4804053
1783532930.6685,49,spine_6_joint,-0.0028650276,0.34840918,0.014178687,0.50408983,0.4905452,0.51193875,0.49313036
1783532930.6685,49,spine_7_joint,-0.0034499734,0.45541576,0.018366925,0.46880907,0.5247551,0.4764723,0.52709055
1783532930.6685,49,left_shoulder_1_joint,0.08543737,0.5669441,0.0020552801,0.81189907,0.30614465,-0.0719775,-0.49184817
1783532930.6685,49,left_arm_joint,0.20179476,0.64932096,0.028784534,0.7623799,0.45814818,0.049900424,-0.45429853
1783532930.6685,49,left_forearm_joint,0.35479558,0.82307035,0.15974514,0.5763989,0.7813749,0.047380336,-0.23446281
1783532930.6685,49,left_hand_joint,0.2943459,1.0584954,0.27256778,0.6014354,0.5955188,0.50808406,0.15963627
1783532930.6685,49,left_handIndexStart_joint,0.27529415,1.073253,0.29022425,0.5676854,0.60420513,0.54601806,0.12055698
1783532930.6685,49,left_handIndex_1_joint,0.24908084,1.1389189,0.32831156,0.5676854,0.60420513,0.54601806,0.12055698
1783532930.6685,49,left_handIndex_2_joint,0.23384055,1.1770967,0.35045534,0.5676854,0.60420513,0.54601806,0.12055698
1783532930.6685,49,left_handIndex_3_joint,0.22530599,1.1984763,0.36285585,0.5676854,0.60420513,0.54601806,0.12055698
1783532930.6685,49,left_handIndexEnd_joint,0.21920988,1.2137475,0.37171337,0.5676854,0.60420513,0.54601806,0.12055698
1783532930.6685,49,left_handMidStart_joint,0.2850213,1.0800871,0.28552818,0.60301363,0.5948835,0.50644755,0.1612433
1783532930.6685,49,left_handMid_1_joint,0.268241,1.1470386,0.31737444,0.60301363,0.5948835,0.50644755,0.1612433
1783532930.6685,49,left_handMid_2_joint,0.2564494,1.1940855,0.33975288,0.60301363,0.5948835,0.50644755,0.1612433
1783532930.6685,49,left_handMid_3_joint,0.24964654,1.221228,0.35266352,0.60301363,0.5948835,0.50644755,0.1612433
1783532930.6685,49,left_handMidEnd_joint,0.2451113,1.239323,0.36127064,0.60301363,0.5948835,0.50644755,0.1612433
1783532930.6685,49,left_handPinkyStart_joint,0.30895323,1.0900156,0.27564445,0.6723101,0.5516428,0.44813913,0.20702852
1783532930.6685,49,left_handPinky_1_joint,0.3083006,1.1489009,0.29940447,0.6723101,0.5516428,0.44813913,0.20702852
1783532930.6685,49,left_handPinky_2_joint,0.30789754,1.185271,0.31407976,0.6723101,0.5516428,0.44813913,0.20702852
1783532930.6685,49,left_handPinky_3_joint,0.30768642,1.2043221,0.3217668,0.6723101,0.5516428,0.44813913,0.20702852
1783532930.6685,49,left_handPinkyEnd_joint,0.3074945,1.2216413,0.32875502,0.6723101,0.5516428,0.44813913,0.20702852
1783532930.6685,49,left_handRingStart_joint,0.2960834,1.0851154,0.2812331,0.63881755,0.57456803,0.4774755,0.18385102
1783532930.6685,49,left_handRing_1_joint,0.2879651,1.1486562,0.30908775,0.63881755,0.57456803,0.4774755,0.18385102
1783532930.6685,49,left_handRing_2_joint,0.28223452,1.1935086,0.32874987,0.63881755,0.57456803,0.4774755,0.18385102
1783532930.6685,49,left_handRing_3_joint,0.27865294,1.2215414,0.3410387,0.63881755,0.57456803,0.4774755,0.18385102
1783532930.6685,49,left_handRingEnd_joint,0.2762652,1.24023,0.34923124,0.63881755,0.57456803,0.4774755,0.18385102
1783532930.6685,49,left_handThumbStart_joint,0.28005177,1.0683155,0.29956445,0.28885886,0.8481701,0.17111334,-0.409742
1783532930.6685,49,left_handThumb_1_joint,0.25334835,1.0870998,0.34219477,0.28885886,0.8481701,0.17111334,-0.409742
1783532930.6685,49,left_handThumb_2_joint,0.23425977,1.1005245,0.3726661,0.28885886,0.8481701,0.17111333,-0.409742
1783532930.6685,49,left_handThumbEnd_joint,0.22153407,1.1094744,0.3929803,0.2888589,0.8481701,0.17111328,-0.409742
1783532930.6685,49,neck_1_joint,-0.0040123835,0.5879603,-0.0025547147,0.539184,0.45144805,0.55328673,0.4464855
1783532930.6685,49,neck_2_joint,-0.0046082777,0.6173872,0.0032507877,0.54118943,0.44802892,0.5616681,0.43693593
1783532930.6685,49,neck_3_joint,-0.0059043495,0.65641767,0.011907498,0.53119105,0.4585872,0.5592742,0.44130063
1783532930.6685,49,neck_4_joint,-0.0077515356,0.6956501,0.01948402,0.51740855,0.47324952,0.5511529,0.45227626
1783532930.6685,49,head_joint,-0.010294876,0.7413811,0.026611952,0.45362264,0.53424615,0.49708506,0.5115799
1783532930.6685,49,jaw_joint,-0.008788774,0.7170203,0.033979278,0.45362264,0.53424615,0.49708506,0.5115799
1783532930.6685,49,chin_joint,-0.007928035,0.67678237,0.13828734,0.45362264,0.53424615,0.49708506,0.5115799
1783532930.6685,49,left_eye_joint,0.017724019,0.7840998,0.11025711,0.4582647,0.53026974,0.50152785,0.5072252
1783532930.6685,49,left_eyeLowerLid_joint,0.017724019,0.7840998,0.11025711,0.4582647,0.53026974,0.50152785,0.5072252
1783532930.6685,49,left_eyeUpperLid_joint,0.017724019,0.7840998,0.11025711,0.4582647,0.53026974,0.50152785,0.5072252
1783532930.6685,49,left_eyeball_joint,0.017724019,0.7840998,0.11025711,0.4582647,0.53026974,0.50152785,0.5072252
1783532930.6685,49,nose_joint,-0.012924442,0.7517504,0.13609055,0.45826748,0.53026724,0.50153047,0.50722253
1783532930.6685,49,right_eye_joint,-0.046755657,0.77976906,0.10911855,0.4582647,0.53026974,0.50152785,0.5072252
1783532930.6685,49,right_eyeLowerLid_joint,-0.046755657,0.77976906,0.10911855,0.4582647,0.53026974,0.50152785,0.5072252
1783532930.6685,49,right_eyeUpperLid_joint,-0.046755657,0.77976906,0.10911855,0.4582647,0.53026974,0.50152785,0.5072252
1783532930.6685,49,right_eyeball_joint,-0.046755657,0.77976906,0.10911855,0.4582647,0.53026974,0.50152785,0.5072252
1783532930.6685,49,right_shoulder_1_joint,-0.09328262,0.56589776,0.0003215289,0.48864132,-0.063752405,-0.28680265,0.82152873
1783532930.6685,49,right_arm_joint,-0.21329048,0.6432869,0.025783224,0.44384387,0.06967474,-0.44043112,0.7772827
1783532930.6685,49,right_forearm_joint,-0.37350222,0.8089508,0.15858448,0.29034275,0.08741043,-0.6943255,0.65266585
1783532930.6685,49,right_hand_joint,-0.3790072,1.0382177,0.29720148,-0.16090609,0.48766458,-0.50190806,0.6959747
1783532930.6685,49,right_handIndexStart_joint,-0.36662903,1.0549169,0.31704682,-0.12593536,0.53434604,-0.5112642,0.6612288
1783532930.6685,49,right_handIndex_1_joint,-0.3590933,1.1200253,0.36345646,-0.12593536,0.53434604,-0.5112642,0.6612288
1783532930.6685,49,right_handIndex_2_joint,-0.3547124,1.1578788,0.3904393,-0.12593536,0.53434604,-0.5112642,0.6612288
1783532930.6685,49,right_handIndex_3_joint,-0.3522587,1.1790775,0.40554926,-0.12593536,0.53434604,-0.5112642,0.6612288
1783532930.6685,49,right_handIndexEnd_joint,-0.350506,1.1942192,0.416342,-0.12593536,0.53434604,-0.5112642,0.6612288
1783532930.6685,49,right_handMidStart_joint,-0.3772919,1.0599189,0.31208134,-0.16033734,0.48848793,-0.50182414,0.69558895
1783532930.6685,49,right_handMid_1_joint,-0.37874424,1.1248949,0.35150692,-0.16033734,0.48848793,-0.50182414,0.69558895
1783532930.6685,49,right_handMid_2_joint,-0.37976444,1.1705533,0.37921074,-0.16033734,0.48848793,-0.50182414,0.69558895
1783532930.6685,49,right_handMid_3_joint,-0.38035312,1.1968948,0.395194,-0.16033734,0.48848793,-0.50182414,0.69558895
1783532930.6685,49,right_handMidEnd_joint,-0.3807454,1.2144556,0.4058491,-0.16033734,0.48848793,-0.50182414,0.69558895
1783532930.6685,49,right_handPinkyStart_joint,-0.4020667,1.0653695,0.30087847,-0.19736771,0.42024714,-0.45609674,0.75921935
1783532930.6685,49,right_handPinky_1_joint,-0.41671863,1.1198812,0.32996693,-0.19736771,0.42024714,-0.45609674,0.75921935
1783532930.6685,49,right_handPinky_2_joint,-0.42576817,1.153551,0.34793338,-0.19736771,0.42024714,-0.45609674,0.75921935
1783532930.6685,49,right_handPinky_3_joint,-0.43050876,1.1711869,0.3573447,-0.19736771,0.42024714,-0.45609674,0.75921935
1783532930.6685,49,right_handPinkyEnd_joint,-0.4348182,1.1872196,0.36590004,-0.19736771,0.42024714,-0.45609674,0.75921935
1783532930.6685,49,right_handRingStart_joint,-0.38886467,1.0628332,0.30721506,-0.17847441,0.45459816,-0.48010066,0.72869104
1783532930.6685,49,right_handRing_1_joint,-0.39764395,1.1230422,0.34152243,-0.17847441,0.45459816,-0.48010066,0.72869104
1783532930.6685,49,right_handRing_2_joint,-0.4038412,1.1655421,0.36573935,-0.17847441,0.45459816,-0.48010066,0.72869104
1783532930.6685,49,right_handRing_3_joint,-0.40771425,1.1921052,0.3808748,-0.17847441,0.45459816,-0.48010066,0.72869104
1783532930.6685,49,right_handRingEnd_joint,-0.4102969,1.2098138,0.390966,-0.17847441,0.45459816,-0.48010066,0.72869104
1783532930.6685,49,right_handThumbStart_joint,-0.3708026,1.0480298,0.32537836,-0.43838203,-0.24771197,0.7812997,-0.3688234
1783532930.6685,49,right_handThumb_1_joint,-0.35235628,1.067316,0.37197298,-0.43838203,-0.24771197,0.78129977,-0.3688234
1783532930.6685,49,right_handThumb_2_joint,-0.3391691,1.0811002,0.4052774,-0.43838203,-0.24771194,0.78129977,-0.3688234
1783532930.6685,49,right_handThumbEnd_joint,-0.3303784,1.0902895,0.42748058,-0.43838203,-0.24771194,0.78129977,-0.3688234
1783532930.6685,49,camera,0.10977385,0.06828872,-0.033461876,-0.07689808,-0.08240646,-0.6980428,0.7071294
1783532930.7025,50,root,-0.0013944991,0.016918635,0.0029322372,0.06566458,0.0047111176,-0.013862146,0.99773437
1783532930.7025,50,hips_joint,-0.0013944991,0.016918635,0.0029322372,0.06566458,0.0047111176,-0.013862146,0.99773437
1783532930.7025,50,left_upLeg_joint,0.09840326,-0.010679404,-0.00051558553,-0.5897439,0.42334604,-0.4166869,0.54713124
1783532930.7025,50,left_leg_joint,0.2223335,-0.41295546,0.011370106,-0.40532094,0.5856344,-0.21259694,0.66899174
1783532930.7025,50,left_foot_joint,0.32461914,-0.7601385,-0.26814914,0.680224,-0.21106179,0.57991683,-0.39553118
1783532930.7025,50,left_toes_joint,0.36013323,-0.87129974,-0.1754538,0.7078981,-0.078309655,0.64437234,-0.27844658
1783532930.7025,50,left_toesEnd_joint,0.3696757,-0.8997928,-0.1227589,0.7078981,-0.07830945,0.6443723,-0.27844682
1783532930.7025,50,right_upLeg_joint,-0.10259039,-0.0052369926,0.0017419242,0.54912674,0.40000087,0.3716782,0.63270414
1783532930.7025,50,right_leg_joint,-0.27258962,-0.38827467,0.042995416,0.66629785,0.18664736,0.54048324,0.47863117
1783532930.7025,50,right_foot_joint,-0.43085405,-0.7386221,-0.20467043,0.40941325,0.5578262,0.13030848,0.7100918
1783532930.7025,50,right_toes_joint,-0.48207617,-0.83427435,-0.10250684,0.29626456,0.62531316,-0.0066415584,0.72191864
1783532930.7025,50,right_toesEnd_joint,-0.49529266,-0.8561681,-0.04750136,0.29626507,0.6253131,-0.006641993,0.7219185
1783532930.7025,50,spine_1_joint,-0.0013945189,0.016918635,0.0029322377,0.52320975,0.4807059,0.51515913,0.47935864
1783532930.7025,50,spine_2_joint,-0.0009878578,0.074293785,0.007433542,0.50767744,0.49669456,0.5051973,0.4902388
1783532930.7025,50,spine_3_joint,-0.0012099781,0.13182683,0.008927425,0.49929228,0.5020995,0.50152886,0.49706364
1783532930.7025,50,spine_4_joint,-0.0015956964,0.18487957,0.009015922,0.49959123,0.49866885,0.5037751,0.49794474
1783532930.7025,50,spine_5_joint,-0.0019427863,0.25534132,0.0092680985,0.513076,0.48148033,0.51721096,0.48726037
1783532930.7025,50,spine_6_joint,-0.0018194857,0.3489698,0.015591065,0.49617893,0.495704,0.5048056,0.50324535
1783532930.7025,50,spine_7_joint,-0.0019449797,0.45605567,0.016535478,0.45804942,0.53150123,0.46649292,0.53859276
1783532930.7025,50,left_shoulder_1_joint,0.087478004,0.56652844,-0.0035871172,0.8267344,0.34166244,-0.05490107,-0.44357997
1783532930.7025,50,left_arm_joint,0.19778913,0.6555359,0.027211586,0.74011046,0.5476821,0.083217785,-0.38125598
1783532930.7025,50,left_forearm_joint,0.30052325,0.85429054,0.17105566,0.52474475,0.8363177,0.07211175,-0.14147808
1783532930.7025,50,left_hand_joint,0.19085503,1.084022,0.2547486,0.50422305,0.62451404,0.56090087,0.20281076
1783532930.7025,50,left_handIndexStart_joint,0.16697328,1.0968587,0.26729402,0.46727738,0.6359839,0.59246963,0.16173048
1783532930.7025,50,left_handIndex_1_joint,0.12593527,1.159983,0.2952404,0.46727738,0.6359839,0.59246963,0.16173048
1783532930.7025,50,left_handIndex_2_joint,0.102075964,1.1966832,0.31148833,0.46727738,0.6359839,0.59246963,0.16173048
1783532930.7025,50,left_handIndex_3_joint,0.08871475,1.2172352,0.32058716,0.46727738,0.6359839,0.59246963,0.16173048
1783532930.7025,50,left_handIndexEnd_joint,0.079171024,1.2319154,0.32708633,0.46727738,0.6359839,0.59246963,0.16173048
1783532930.7025,50,left_handMidStart_joint,0.17658608,1.1047038,0.2642239,0.5059564,0.6237762,0.55955315,0.20448112
1783532930.7025,50,left_handMid_1_joint,0.14584619,1.1700798,0.28787348,0.5059564,0.6237762,0.55955315,0.20448112
1783532930.7025,50,left_handMid_2_joint,0.124245204,1.2160197,0.30449212,0.5059564,0.6237762,0.55955315,0.20448112
1783532930.7025,50,left_handMid_3_joint,0.111783095,1.2425237,0.31407976,0.5059564,0.6237762,0.55955315,0.20448112
1783532930.7025,50,left_handMidEnd_joint,0.10347501,1.2601929,0.32047155,0.5059564,0.6237762,0.55955315,0.20448112
1783532930.7025,50,left_handPinkyStart_joint,0.20070264,1.1172417,0.25872907,0.5822357,0.57901824,0.5126669,0.25082427
1783532930.7025,50,left_handPinky_1_joint,0.18824504,1.1763886,0.27819365,0.5822357,0.57901824,0.5126669,0.25082427
1783532930.7025,50,left_handPinky_2_joint,0.18055065,1.2129207,0.2902159,0.5822357,0.57901824,0.5126669,0.25082427
1783532930.7025,50,left_handPinky_3_joint,0.17652024,1.2320565,0.29651326,0.5822357,0.57901824,0.5126669,0.25082427
1783532930.7025,50,left_handPinkyEnd_joint,0.17285626,1.2494526,0.30223814,0.5822357,0.57901824,0.5126669,0.25082427
1783532930.7025,50,left_handRingStart_joint,0.18762551,1.1109443,0.26192433,0.545151,0.60279727,0.5363591,0.22752075
1783532930.7025,50,left_handRing_1_joint,0.166524,1.1739012,0.2836129,0.545151,0.60279727,0.5363591,0.22752075
1783532930.7025,50,left_handRing_2_joint,0.15162879,1.2183414,0.29892245,0.545151,0.60279727,0.5363591,0.22752075
1783532930.7025,50,left_handRing_3_joint,0.14231929,1.2461164,0.30849093,0.545151,0.60279727,0.5363591,0.22752075
1783532930.7025,50,left_handRingEnd_joint,0.13611296,1.2646332,0.31486994,0.545151,0.60279727,0.5363591,0.22752075
1783532930.7025,50,left_handThumbStart_joint,0.1702518,1.0929141,0.27768365,0.22691369,0.905821,0.15303099,-0.32338896
1783532930.7025,50,left_handThumb_1_joint,0.13331805,1.1096758,0.31287184,0.22691369,0.905821,0.15303099,-0.32338896
1783532930.7025,50,left_handThumb_2_joint,0.10691729,1.1216549,0.33802345,0.22691369,0.905821,0.15303096,-0.32338896
1783532930.7025,50,left_handThumbEnd_joint,0.08931679,1.1296409,0.35479116,0.22691366,0.905821,0.15303093,-0.32338896
1783532930.7025,50,neck_1_joint,-0.0018593589,0.5876838,-0.009543858,0.53338647,0.45540917,0.5495582,0.45396867
1783532930.7025,50,neck_2_joint,-0.002424065,0.61722726,-0.0043607294,0.53851163,0.44840926,0.561602,0.4399295
1783532930.7025,50,neck_3_joint,-0.0037414804,0.65631044,0.0040521366,0.5306455,0.45640358,0.56170845,0.44112954
1783532930.7025,50,neck_4_joint,-0.0056471312,0.6955084,0.011790931,0.5181057,0.469681,0.555017,0.45046985
1783532930.7025,50,head_joint,-0.008277222,0.7411624,0.019367678,0.4547137,0.53077245,0.50114006,0.5102697
1783532930.7025,50,jaw_joint,-0.006777862,0.71673,0.026495952,0.4547137,0.53077245,0.50114006,0.5102697
1783532930.7025,50,chin_joint,-0.0063652266,0.6754423,0.13039573,0.4547137,0.53077245,0.50114006,0.5102697
1783532930.7025,50,left_eye_joint,0.01929517,0.7830657,0.103571795,0.45932543,0.52678657,0.5055712,0.5058797
1783532930.7025,50,left_eyeLowerLid_joint,0.01929517,0.7830657,0.103571795,0.45932543,0.52678657,0.5055712,0.5058797
1783532930.7025,50,left_eyeUpperLid_joint,0.01929517,0.7830657,0.103571795,0.45932543,0.52678657,0.5055712,0.5058797
1783532930.7025,50,left_eyeball_joint,0.01929517,0.7830657,0.103571795,0.45932543,0.52678657,0.5055712,0.5058797
1783532930.7025,50,nose_joint,-0.011437983,0.75042313,0.12893161,0.45932817,0.5267842,0.5055738,0.5058771
1783532930.7025,50,right_eye_joint,-0.045173347,0.7786751,0.10208311,0.45932543,0.52678657,0.5055712,0.5058797
1783532930.7025,50,right_eyeLowerLid_joint,-0.045173347,0.7786751,0.10208311,0.45932543,0.52678657,0.5055712,0.5058797
1783532930.7025,50,right_eyeUpperLid_joint,-0.045173347,0.7786751,0.10208311,0.45932543,0.52678657,0.5055712,0.5058797
1783532930.7025,50,right_eyeball_joint,-0.045173347,0.7786751,0.10208311,0.45932543,0.52678657,0.5055712,0.5058797
1783532930.7025,50,right_shoulder_1_joint,-0.0912318,0.5660851,-0.0063386057,0.44375086,-0.054465234,-0.31869712,0.8357938
1783532930.7025,50,right_arm_joint,-0.20595577,0.6503686,0.021481933,0.37898475,0.09132478,-0.5150241,0.76340073
1783532930.7025,50,right_forearm_joint,-0.32639945,0.8411119,0.16240324,0.20641865,0.101305604,-0.7625636,0.6046698
1783532930.7025,50,right_hand_joint,-0.27721825,1.0770268,0.27959418,-0.19904615,0.5398285,-0.5480432,0.6071366
1783532930.7025,50,right_handIndexStart_joint,-0.25936657,1.093037,0.29543433,-0.16078337,0.5803318,-0.5599516,0.5690503
1783532930.7025,50,right_handIndex_1_joint,-0.23522045,1.1592044,0.33401665,-0.16078337,0.5803318,-0.5599516,0.5690503
1783532930.7025,50,right_handIndex_2_joint,-0.22118223,1.1976736,0.3564488,-0.16078337,0.5803318,-0.5599516,0.5690503
1783532930.7025,50,right_handIndex_3_joint,-0.21332043,1.219217,0.36901027,-0.16078337,0.5803318,-0.5599516,0.5690503
1783532930.7025,50,right_handIndexEnd_joint,-0.20770486,1.2346048,0.37798262,-0.16078337,0.5803318,-0.5599516,0.5690503
1783532930.7025,50,right_handMidStart_joint,-0.27005598,1.0991553,0.29201713,-0.19840468,0.5405761,-0.54801667,0.60670507
1783532930.7025,50,right_handMid_1_joint,-0.25598642,1.1660091,0.32534865,-0.19840468,0.5405761,-0.54801667,0.60670507
1783532930.7025,50,right_handMid_2_joint,-0.24609949,1.212987,0.34877014,-0.19840468,0.5405761,-0.54801667,0.60670507
1783532930.7025,50,right_handMid_3_joint,-0.24039555,1.2400897,0.3622828,-0.19840468,0.5405761,-0.54801667,0.60670507
1783532930.7025,50,right_handMidEnd_joint,-0.23659286,1.258158,0.37129083,-0.19840468,0.5405761,-0.54801667,0.60670507
1783532930.7025,50,right_handPinkyStart_joint,-0.29560313,1.1072916,0.28493544,-0.23789683,0.48279336,-0.5009266,0.677782
1783532930.7025,50,right_handPinky_1_joint,-0.29763305,1.1649977,0.31135926,-0.23789683,0.48279336,-0.5009266,0.677782
1783532930.7025,50,right_handPinky_2_joint,-0.2988865,1.2006406,0.32767978,-0.23789683,0.48279336,-0.5009266,0.677782
1783532930.7025,50,right_handPinky_3_joint,-0.2995435,1.21931,0.33622906,-0.23789683,0.48279336,-0.5009266,0.677782
1783532930.7025,50,right_handPinkyEnd_joint,-0.30014065,1.2362823,0.3440007,-0.23789683,0.48279336,-0.5009266,0.677782
1783532930.7025,50,right_handRingStart_joint,-0.28187504,1.1033424,0.28903714,-0.21791199,0.5119638,-0.5257326,0.64343846
1783532930.7025,50,right_handRing_1_joint,-0.27649617,1.1661862,0.31905255,-0.21791199,0.5119638,-0.5257326,0.64343846
1783532930.7025,50,right_handRing_2_joint,-0.27269948,1.210546,0.34023985,-0.21791199,0.5119638,-0.5257326,0.64343846
1783532930.7025,50,right_handRing_3_joint,-0.27032626,1.2382715,0.35348174,-0.21791199,0.5119638,-0.5257326,0.64343846
1783532930.7025,50,right_handRingEnd_joint,-0.26874453,1.2567552,0.36231062,-0.21791199,0.5119638,-0.5257326,0.64343846
1783532930.7025,50,right_handThumbStart_joint,-0.2627437,1.0873228,0.30493212,-0.36666757,-0.22146612,0.8495265,-0.3079166
1783532930.7025,50,right_handThumb_1_joint,-0.23367034,1.1066962,0.34570822,-0.36666757,-0.22146611,0.8495265,-0.3079166
1783532930.7025,50,right_handThumb_2_joint,-0.21288745,1.1205425,0.37485343,-0.3666675,-0.2214661,0.8495265,-0.3079166
1783532930.7025,50,right_handThumbEnd_joint,-0.19903292,1.1297733,0.39428392,-0.3666675,-0.2214661,0.8495265,-0.3079166
1783532930.7025,50,camera,0.10972888,0.068304904,-0.033384997,-0.07683669,-0.08262947,-0.69802904,0.70712364
1783532930.7353,51,root,-0.0014906432,0.018505989,0.0050135944,0.07321136,0.0044414178,-0.01641152,0.99717146
1783532930.7353,51,hips_joint,-0.0014906432,0.018505989,0.0050135944,0.07321136,0.0044414178,-0.01641152,0.99717146
1783532930.7353,51,left_upLeg_joint,0.09816362,-0.009556635,0.0011860906,-0.5831506,0.4300793,-0.41446924,0.55061984
1783532930.7353,51,left_leg_joint,0.21880649,-0.4129848,0.0053026034,-0.39880842,0.58776903,-0.20898509,0.67216414
1783532930.7353,51,left_foot_joint,0.320194,-0.7558545,-0.2798119,0.6764136,-0.21675836,0.5790299,-0.40025583
1783532930.7353,51,left_toes_joint,0.3552881,-0.8686353,-0.18893082,0.7052365,-0.08462516,0.6443969,-0.2832537
1783532930.7353,51,left_toesEnd_joint,0.36470184,-0.8980201,-0.13670461,0.7052365,-0.08462495,0.6443969,-0.28325394
1783532930.7353,51,right_upLeg_joint,-0.10279996,-0.003101381,0.0034515806,0.5551876,0.39476153,0.36808553,0.63280565
1783532930.7353,51,right_leg_joint,-0.27854434,-0.3838482,0.04172963,0.670893,0.1798813,0.5341507,0.48190048
1783532930.7353,51,right_foot_joint,-0.44530097,-0.72965354,-0.20674613,0.41720295,0.55533355,0.1233073,0.7087604
1783532930.7353,51,right_toes_joint,-0.49787933,-0.82476026,-0.104762435,0.30438557,0.6243422,-0.013263419,0.71928436
1783532930.7353,51,right_toesEnd_joint,-0.511227,-0.8466585,-0.049790457,0.30438608,0.6243422,-0.013263849,0.7192841
1783532930.7353,51,spine_1_joint,-0.0014906632,0.01850599,0.0050135944,0.5298616,0.4726105,0.5188037,0.47616
1783532930.7353,51,spine_2_joint,-0.00062945706,0.07576555,0.010752295,0.5145198,0.48809606,0.50849587,0.48832706
1783532930.7353,51,spine_3_joint,-0.00026180132,0.13325483,0.013432036,0.5046074,0.49461862,0.5027467,0.49796513
1783532930.7353,51,spine_4_joint,1.3877302e-05,0.1863025,0.014215838,0.50191283,0.4935477,0.50176084,0.5027224
1783532930.7353,51,spine_5_joint,0.0006695379,0.25676185,0.014517429,0.511218,0.47981876,0.5114931,0.49679413
1783532930.7353,51,spine_6_joint,0.0021923268,0.35046387,0.019405259,0.4898818,0.4976655,0.49502808,0.5170024
1783532930.7353,51,spine_7_joint,0.0037372885,0.45751494,0.016964883,0.44730303,0.5357563,0.45305008,0.5546442
1783532930.7353,51,left_shoulder_1_joint,0.094931446,0.5657263,-0.0071085747,0.84182924,0.3639537,-0.044799745,-0.39604777
1783532930.7353,51,left_arm_joint,0.20097171,0.6597561,0.02376653,0.7236813,0.6033038,0.0998314,-0.31991124
1783532930.7353,51,left_forearm_joint,0.26803124,0.87502563,0.16487223,0.5007501,0.85601467,0.08857459,-0.09296423
1783532930.7353,51,left_hand_joint,0.13908046,1.1003431,0.23129267,0.45586365,0.6303372,0.5859024,0.22711526
1783532930.7353,51,left_handIndexStart_joint,0.11339744,1.1121755,0.24093013,0.41740543,0.6433924,0.6143085,0.18559018
1783532930.7353,51,left_handIndex_1_joint,0.066603914,1.1736234,0.26293656,0.41740543,0.6433924,0.6143085,0.18559018
1783532930.7353,51,left_handIndex_2_joint,0.03939838,1.209349,0.275731,0.41740543,0.6433924,0.6143085,0.18559018
1783532930.7353,51,left_handIndex_3_joint,0.024163276,1.2293553,0.2828959,0.41740543,0.6433924,0.6143085,0.18559018
1783532930.7353,51,left_handIndexEnd_joint,0.013281062,1.2436455,0.28801367,0.41740543,0.6433924,0.6143085,0.18559018
1783532930.7353,51,left_handMidStart_joint,0.122897185,1.1204398,0.238732,0.45766807,0.62954044,0.5846984,0.22879285
1783532930.7353,51,left_handMid_1_joint,0.086684704,1.1845803,0.2575173,0.45766807,0.62954044,0.5846984,0.22879285
1783532930.7353,51,left_handMid_2_joint,0.061238103,1.2296522,0.2707178,0.45766807,0.62954044,0.5846984,0.22879285
1783532930.7353,51,left_handMid_3_joint,0.046557374,1.255655,0.27833346,0.45766807,0.62954044,0.5846984,0.22879285
1783532930.7353,51,left_handMidEnd_joint,0.036770217,1.2729903,0.28341058,0.45766807,0.62954044,0.5846984,0.22879285
1783532930.7353,51,left_handPinkyStart_joint,0.14683533,1.1340765,0.23556902,0.5369796,0.58379173,0.5435684,0.27454135
1783532930.7353,51,left_handPinky_1_joint,0.1295275,1.1928427,0.25228387,0.5369796,0.58379173,0.5435684,0.27454135
1783532930.7353,51,left_handPinky_2_joint,0.11883736,1.2291396,0.26260775,0.5369796,0.58379173,0.5435684,0.27454135
1783532930.7353,51,left_handPinky_3_joint,0.11323776,1.2481521,0.2680155,0.5369796,0.58379173,0.5435684,0.27454135
1783532930.7353,51,left_handPinkyEnd_joint,0.10814722,1.2654363,0.27293164,0.5369796,0.58379173,0.5435684,0.27454135
1783532930.7353,51,left_handRingStart_joint,0.13380764,1.1271862,0.2374875,0.49833027,0.60809916,0.5644218,0.25161472
1783532930.7353,51,left_handRing_1_joint,0.10749367,1.1893612,0.25540608,0.49833027,0.60809916,0.5644218,0.25161472
1783532930.7353,51,left_handRing_2_joint,0.0889191,1.2332494,0.26805446,0.49833027,0.60809916,0.5644218,0.25161472
1783532930.7353,51,left_handRing_3_joint,0.077309996,1.2606795,0.2759597,0.49833027,0.60809916,0.5644218,0.25161472
1783532930.7353,51,left_handRingEnd_joint,0.06957059,1.2789663,0.28122988,0.49833027,0.60809916,0.5644218,0.25161472
1783532930.7353,51,left_handThumbStart_joint,0.11572308,1.1085747,0.2516948,0.19916509,0.9286339,0.14820084,-0.27569634
1783532930.7353,51,left_handThumb_1_joint,0.07445115,1.1240519,0.28235978,0.19916509,0.9286339,0.14820084,-0.27569634
1783532930.7353,51,left_handThumb_2_joint,0.044949666,1.1351128,0.30427817,0.19916509,0.9286339,0.14820082,-0.27569634
1783532930.7353,51,left_handThumbEnd_joint,0.025282012,1.1424867,0.31889045,0.19916508,0.9286339,0.1482008,-0.27569634
1783532930.7353,51,neck_1_joint,0.0059702885,0.58783495,-0.014937843,0.52776366,0.4567169,0.5430241,0.46690407
1783532930.7353,51,neck_2_joint,0.0057623633,0.61750966,-0.010537121,0.5363629,0.44590977,0.5587096,0.4486896
1783532930.7353,51,neck_3_joint,0.004883009,0.6566982,-0.0025694447,0.53091586,0.45116898,0.56115776,0.44685173
1783532930.7353,51,neck_4_joint,0.003406893,0.6959212,0.005136295,0.5198169,0.46298155,0.5557061,0.4545646
1783532930.7353,51,head_joint,0.0012794078,0.7415634,0.012938044,0.45720327,0.52435136,0.50134635,0.514463
1783532930.7353,51,jaw_joint,0.0024121534,0.7170766,0.019946108,0.45720327,0.52435136,0.50134635,0.514463
1783532930.7353,51,chin_joint,0.0014036285,0.6752341,0.123619504,0.45720327,0.52435136,0.50134635,0.514463
1783532930.7353,51,left_eye_joint,0.028635249,0.78266966,0.09760437,0.46175894,0.5203441,0.5058142,0.5100711
1783532930.7353,51,left_eyeLowerLid_joint,0.028635249,0.78266966,0.09760437,0.46175894,0.5203441,0.5058142,0.5100711
1783532930.7353,51,left_eyeUpperLid_joint,0.028635249,0.78266966,0.09760437,0.46175894,0.5203441,0.5058142,0.5100711
1783532930.7353,51,left_eyeball_joint,0.028635249,0.78266966,0.09760437,0.46175894,0.5203441,0.5058142,0.5100711
1783532930.7353,51,nose_joint,-0.002722164,0.75027907,0.122519135,0.46176165,0.5203416,0.5058168,0.51006836
1783532930.7353,51,right_eye_joint,-0.03586744,0.7790931,0.095533386,0.46175894,0.5203441,0.5058142,0.5100711
1783532930.7353,51,right_eyeLowerLid_joint,-0.03586744,0.7790931,0.095533386,0.46175894,0.5203441,0.5058142,0.5100711
1783532930.7353,51,right_eyeUpperLid_joint,-0.03586744,0.7790931,0.095533386,0.46175894,0.5203441,0.5058142,0.5100711
1783532930.7353,51,right_eyeball_joint,-0.03586744,0.7790931,0.095533386,0.46175894,0.5203441,0.5058142,0.5100711
1783532930.7353,51,right_shoulder_1_joint,-0.08373025,0.5676454,-0.011714426,0.3932117,-0.062285505,-0.3503595,0.847793
1783532930.7353,51,right_arm_joint,-0.19204392,0.6609189,0.0129323965,0.3139207,0.08237642,-0.5841318,0.7439474
1783532930.7353,51,right_forearm_joint,-0.27290583,0.8783377,0.14308186,0.14330262,0.09099204,-0.8189897,0.54812455
1783532930.7353,51,right_hand_joint,-0.17695965,1.1119379,0.23271179,-0.21542296,0.5655497,-0.5993138,0.52399343
1783532930.7353,51,right_handIndexStart_joint,-0.15521468,1.1261754,0.24497418,0.17358446,-0.6003142,0.6122716,-0.48437017
1783532930.7353,51,right_handIndex_1_joint,-0.117428176,1.1905476,0.27460778,0.17358446,-0.6003142,0.6122716,-0.48437017
1783532930.7353,51,right_handIndex_2_joint,-0.09545944,1.2279731,0.29183722,0.17358446,-0.6003142,0.6122716,-0.48437017
1783532930.7353,51,right_handIndex_3_joint,-0.08315655,1.248932,0.30148506,0.17358446,-0.6003142,0.6122716,-0.48437017
1783532930.7353,51,right_handIndexEnd_joint,-0.074368805,1.2639023,0.3083763,0.17358446,-0.6003142,0.6122716,-0.48437017
1783532930.7353,51,right_handMidStart_joint,-0.16527891,1.1335686,0.24224922,-0.21471147,0.566222,-0.599324,0.5235475
1783532930.7353,51,right_handMid_1_joint,-0.13794431,1.1997552,0.26775435,-0.21471147,0.566222,-0.599324,0.5235475
1783532930.7353,51,right_handMid_2_joint,-0.11873614,1.2462643,0.28567624,-0.21471147,0.566222,-0.599324,0.5235475
1783532930.7353,51,right_handMid_3_joint,-0.10765452,1.2730966,0.2960161,-0.21471147,0.566222,-0.599324,0.5235475
1783532930.7353,51,right_handMidEnd_joint,-0.1002668,1.2909845,0.3029089,-0.21471147,0.566222,-0.599324,0.5235475
1783532930.7353,51,right_handPinkyStart_joint,-0.19010833,1.1449192,0.237384,-0.25827074,0.51772344,-0.553011,0.5995308
1783532930.7353,51,right_handPinky_1_joint,-0.1807282,1.2040079,0.2586649,-0.25827074,0.51772344,-0.553011,0.5995308
1783532930.7353,51,right_handPinky_2_joint,-0.17493418,1.2405046,0.2718088,-0.25827074,0.51772344,-0.553011,0.5995308
1783532930.7353,51,right_handPinky_3_joint,-0.17189965,1.2596215,0.27869424,-0.25827074,0.51772344,-0.553011,0.5995308
1783532930.7353,51,right_handPinkyEnd_joint,-0.16914089,1.2770004,0.28495327,-0.25827074,0.51772344,-0.553011,0.5995308
1783532930.7353,51,right_handRingStart_joint,-0.17666984,1.1392581,0.24025424,-0.23635581,0.54225326,-0.57753426,0.5626288
1783532930.7353,51,right_handRing_1_joint,-0.15884587,1.2025577,0.26380557,-0.23635581,0.54225326,-0.57753426,0.5626288
1783532930.7353,51,right_handRing_2_joint,-0.14626448,1.2472392,0.2804301,-0.23635581,0.54225326,-0.57753426,0.5626288
1783532930.7353,51,right_handRing_3_joint,-0.13840076,1.2751657,0.29082015,-0.23635581,0.54225326,-0.57753426,0.5626288
1783532930.7353,51,right_handRingEnd_joint,-0.13315858,1.2937835,0.29774785,-0.23635581,0.54225326,-0.57753426,0.5626288
1783532930.7353,51,right_handThumbStart_joint,-0.15815909,1.1217219,0.2552582,-0.31821856,-0.1777562,0.8981554,-0.24587886
1783532930.7353,51,right_handThumb_1_joint,-0.12183229,1.139366,0.29064643,-0.31821856,-0.17775619,0.8981554,-0.24587886
1783532930.7353,51,right_handThumb_2_joint,-0.09586513,1.1519759,0.3159404,-0.31821856,-0.17775618,0.8981554,-0.24587886
1783532930.7353,51,right_handThumbEnd_joint,-0.078554355,1.1603824,0.33280352,-0.31821856,-0.17775616,0.8981554,-0.24587885
1783532930.7353,51,camera,0.10944709,0.067768596,-0.0334367,-0.077157125,-0.08232574,-0.69812983,0.7070247
1783532930.7694,52,root,-0.0015689526,0.020079799,0.0063662957,0.07873385,0.003906919,-0.015083578,0.9967739
1783532930.7694,52,hips_joint,-0.0015689526,0.020079799,0.0063662957,0.07873385,0.003906919,-0.015083578,0.9967739
1783532930.7694,52,left_upLeg_joint,0.098160945,-0.007689521,0.0023732365,-0.58276486,0.42608243,-0.4111221,0.5566125
1783532930.7694,52,left_leg_joint,0.22401316,-0.409539,0.0044153193,-0.40137842,0.5803821,-0.2012012,0.6793896
1783532930.7694,52,left_foot_joint,0.33621314,-0.7476228,-0.28235972,0.6738813,-0.20935842,0.5773581,-0.4107441
1783532930.7694,52,left_toes_joint,0.37282324,-0.8603592,-0.19202311,0.7013475,-0.07783933,0.64474344,-0.29386878
1783532930.7694,52,left_toesEnd_joint,0.3823166,-0.8899689,-0.1399385,0.7013475,-0.077839136,0.6447434,-0.293869
1783532930.7694,52,right_upLeg_joint,-0.10282126,-0.001762166,0.0044182087,0.5592717,0.39007565,0.36738822,0.6325203
1783532930.7694,52,right_leg_joint,-0.28209484,-0.38119978,0.03916758,0.67606294,0.16551678,0.53680646,0.47684574
1783532930.7694,52,right_foot_joint,-0.4507879,-0.7176624,-0.22057255,0.43013126,0.54721403,0.12851518,0.706419
1783532930.7694,52,right_toes_joint,-0.5056437,-0.8148787,-0.12182887,0.31861845,0.6188202,-0.007706208,0.7179725
1783532930.7694,52,right_toesEnd_joint,-0.5198384,-0.83812773,-0.06762915,0.31861898,0.6188202,-0.007706626,0.7179723
1783532930.7694,52,spine_1_joint,-0.0015689725,0.020079799,0.0063662957,0.5326041,0.46911898,0.52394015,0.47090027
1783532930.7694,52,spine_2_joint,-0.0009457701,0.0772388,0.0130590545,0.5172661,0.48512283,0.5136998,0.48291242
1783532930.7694,52,spine_3_joint,-0.00085731683,0.13467768,0.01667887,0.506226,0.49323532,0.50660455,0.4937676
1783532930.7694,52,spine_4_joint,-0.00084980665,0.18771419,0.01804903,0.50139916,0.4946988,0.5030001,0.5008624
1783532930.7694,52,spine_5_joint,-0.00053017796,0.25817537,0.018449966,0.5080351,0.48410723,0.5092903,0.49816117
1783532930.7694,52,spine_6_joint,0.00063996133,0.35193095,0.02229845,0.48419806,0.50437844,0.48927695,0.52130944
1783532930.7694,52,spine_7_joint,0.0019586545,0.45890316,0.017449774,0.43958122,0.54348874,0.44410762,0.5604972
1783532930.7694,52,left_shoulder_1_joint,0.09307066,0.56632555,-0.010202403,0.85437465,0.37005806,-0.046089955,-0.36190748
1783532930.7694,52,left_arm_joint,0.19777709,0.6628847,0.017226128,0.7215111,0.6248182,0.099462904,-0.28130287
1783532930.7694,52,left_forearm_joint,0.25081974,0.887821,0.14890364,0.501228,0.85677016,0.09147755,-0.07967125
1783532930.7694,52,left_hand_joint,0.12089529,1.1140678,0.21006036,0.44824532,0.6291934,0.5886756,0.23801905
1783532930.7694,52,left_handIndexStart_joint,0.09500937,1.1260556,0.21893255,0.4096224,0.64295995,0.61658984,0.19654302
1783532930.7694,52,left_handIndex_1_joint,0.047854137,1.1878237,0.23920287,0.4096224,0.64295995,0.61658984,0.19654302
1783532930.7694,52,left_handIndex_2_joint,0.020438299,1.2237352,0.25098798,0.4096224,0.64295995,0.61658984,0.19654302
1783532930.7694,52,left_handIndex_3_joint,0.005085428,1.2438458,0.2575876,0.4096224,0.64295995,0.61658984,0.19654302
1783532930.7694,52,left_handIndexEnd_joint,-0.0058809076,1.2582104,0.26230165,0.4096224,0.64295995,0.61658984,0.19654302
1783532930.7694,52,left_handMidStart_joint,0.10458777,1.1342735,0.2169092,0.4500567,0.62836736,0.5874958,0.23969223
1783532930.7694,52,left_handMid_1_joint,0.068101116,1.1986762,0.2342089,0.4500567,0.62836736,0.5874958,0.23969223
1783532930.7694,52,left_handMid_2_joint,0.04246184,1.2439322,0.24636544,0.4500567,0.62836736,0.5874958,0.23969223
1783532930.7694,52,left_handMid_3_joint,0.02766995,1.2700415,0.25337884,0.4500567,0.62836736,0.5874958,0.23969223
1783532930.7694,52,left_handMidEnd_joint,0.017808689,1.2874477,0.25805444,0.4500567,0.62836736,0.5874958,0.23969223
1783532930.7694,52,left_handPinkyStart_joint,0.12864104,1.1478145,0.21424703,0.5296264,0.58174115,0.54751796,0.285127
1783532930.7694,52,left_handPinky_1_joint,0.111089416,1.2067714,0.23000932,0.5296264,0.58174115,0.54751796,0.285127
1783532930.7694,52,left_handPinky_2_joint,0.10024872,1.2431859,0.23974484,0.5296264,0.58174115,0.54751796,0.285127
1783532930.7694,52,left_handPinky_3_joint,0.09457026,1.2622602,0.2448444,0.5296264,0.58174115,0.54751796,0.285127
1783532930.7694,52,left_handPinkyEnd_joint,0.08940802,1.2796005,0.24948038,0.5296264,0.58174115,0.54751796,0.285127
1783532930.7694,52,left_handRingStart_joint,0.115547255,1.140978,0.21588837,0.49084648,0.60648763,0.56780213,0.26238042
1783532930.7694,52,left_handRing_1_joint,0.088972054,1.2033795,0.23259309,0.49084648,0.60648763,0.56780213,0.26238042
1783532930.7694,52,left_handRing_2_joint,0.07021308,1.2474276,0.24438466,0.49084648,0.60648763,0.56780213,0.26238042
1783532930.7694,52,left_handRing_3_joint,0.05848872,1.2749577,0.2517544,0.49084648,0.60648763,0.56780213,0.26238042
1783532930.7694,52,left_handRingEnd_joint,0.050672483,1.293311,0.25666755,0.49084648,0.60648763,0.56780213,0.26238042
1783532930.7694,52,left_handThumbStart_joint,0.09704648,1.122541,0.22978382,0.19979393,0.9324338,0.14717875,-0.26265597
1783532930.7694,52,left_handThumb_1_joint,0.055047482,1.1383988,0.25924355,0.19979393,0.9324338,0.14717875,-0.26265597
1783532930.7694,52,left_handThumb_2_joint,0.025026312,1.1497318,0.2803005,0.19979393,0.9324338,0.14717874,-0.26265597
1783532930.7694,52,left_handThumbEnd_joint,0.0050122044,1.157287,0.29433843,0.19979392,0.9324338,0.14717871,-0.26265597
1783532930.7694,52,neck_1_joint,0.004083603,0.5881935,-0.018405497,0.5241015,0.46275887,0.5378118,0.47109514
1783532930.7694,52,neck_2_joint,0.003880363,0.61794704,-0.0145736225,0.5350297,0.44954923,0.55576485,0.4503048
1783532930.7694,52,neck_3_joint,0.0030028396,0.65720993,-0.0069802976,0.5311029,0.45303464,0.5597619,0.44649333
1783532930.7694,52,neck_4_joint,0.0015169436,0.6964529,0.000620836,0.5208317,0.46387783,0.5551984,0.45310795
1783532930.7694,52,head_joint,-0.0006331342,0.7420851,0.008475071,0.45810834,0.52535236,0.5010228,0.5129505
1783532930.7694,52,jaw_joint,0.00055449066,0.71759284,0.0154549265,0.45810834,0.52535236,0.5010228,0.5129505
1783532930.7694,52,chin_joint,-9.955764e-06,0.6756486,0.119090706,0.45810834,0.52535236,0.5010228,0.5129505
1783532930.7694,52,left_eye_joint,0.026998712,0.7831408,0.093076326,0.46267265,0.52133715,0.50547737,0.50856143
1783532930.7694,52,left_eyeLowerLid_joint,0.026998712,0.7831408,0.093076326,0.46267265,0.52133715,0.50547737,0.50856143
1783532930.7694,52,left_eyeUpperLid_joint,0.026998712,0.7831408,0.093076326,0.46267265,0.52133715,0.50547737,0.50856143
1783532930.7694,52,left_eyeball_joint,0.026998712,0.7831408,0.093076326,0.46267265,0.52133715,0.50547737,0.50856143
1783532930.7694,52,nose_joint,-0.004226097,0.75069,0.118079156,0.4626754,0.52133465,0.50548,0.50855875
1783532930.7694,52,right_eye_joint,-0.03750731,0.77949184,0.09124822,0.46267265,0.52133715,0.50547737,0.50856143
1783532930.7694,52,right_eyeLowerLid_joint,-0.03750731,0.77949184,0.09124822,0.46267265,0.52133715,0.50547737,0.50856143
1783532930.7694,52,right_eyeUpperLid_joint,-0.03750731,0.77949184,0.09124822,0.46267265,0.52133715,0.50547737,0.50856143
1783532930.7694,52,right_eyeball_joint,-0.03750731,0.77949184,0.09124822,0.46267265,0.52133715,0.50547737,0.50856143
1783532930.7694,52,right_shoulder_1_joint,-0.085605465,0.5681185,-0.0142732905,0.3598904,-0.061277118,-0.35714775,0.85974985
1783532930.7694,52,right_arm_joint,-0.192562,0.663593,0.0077309655,0.27620524,0.0823365,-0.600208,0.7461114
1783532930.7694,52,right_forearm_joint,-0.2632989,0.8897237,0.12860174,0.12378842,0.09276027,-0.82097316,0.54961437
1783532930.7694,52,right_hand_joint,-0.16543558,1.1253964,0.21039134,-0.2319045,0.5681555,-0.5998337,0.5134393
1783532930.7694,52,right_handIndexStart_joint,-0.14335097,1.1399554,0.22162642,0.18998884,-0.6022013,0.6139249,-0.4736611
1783532930.7694,52,right_handIndex_1_joint,-0.10487436,1.2050394,0.24870723,0.18998884,-0.6022013,0.6139249,-0.4736611
1783532930.7694,52,right_handIndex_2_joint,-0.082504384,1.2428789,0.26445252,0.18998884,-0.6022013,0.6139249,-0.4736611
1783532930.7694,52,right_handIndex_3_joint,-0.069976814,1.2640696,0.27326918,0.18998884,-0.6022013,0.6139249,-0.4736611
1783532930.7694,52,right_handIndexEnd_joint,-0.061028592,1.2792054,0.27956676,0.18998884,-0.6022013,0.6139249,-0.4736611
1783532930.7694,52,right_handMidStart_joint,-0.15353669,1.1472542,0.2191061,-0.23119052,0.56882155,-0.5998635,0.51298887
1783532930.7694,52,right_handMid_1_joint,-0.1256552,1.2140309,0.2423846,-0.23119052,0.56882155,-0.5998635,0.51298887
1783532930.7694,52,right_handMid_2_joint,-0.10606277,1.2609544,0.25874183,-0.23119052,0.56882155,-0.5998635,0.51298887
1783532930.7694,52,right_handMid_3_joint,-0.09475944,1.2880257,0.268179,-0.23119052,0.56882155,-0.5998635,0.51298887
1783532930.7694,52,right_handMidEnd_joint,-0.087223925,1.3060731,0.27447003,-0.23119052,0.56882155,-0.5998635,0.51298887
1783532930.7694,52,right_handPinkyStart_joint,-0.17857036,1.1584092,0.21487668,-0.2745771,0.52198416,-0.55218273,0.58926654
1783532930.7694,52,right_handPinky_1_joint,-0.16874394,1.2179358,0.23468521,-0.2745771,0.52198416,-0.55218273,0.58926654
1783532930.7694,52,right_handPinky_2_joint,-0.16267425,1.254703,0.24691965,-0.2745771,0.52198416,-0.55218273,0.58926654
1783532930.7694,52,right_handPinky_3_joint,-0.15949531,1.2739615,0.2533287,-0.2745771,0.52198416,-0.55218273,0.58926654
1783532930.7694,52,right_handPinkyEnd_joint,-0.1566053,1.2914692,0.2591547,-0.2745771,0.52198416,-0.55218273,0.58926654
1783532930.7694,52,right_handRingStart_joint,-0.16501546,1.1528585,0.21739337,-0.25278303,0.54568905,-0.5773924,0.5522166
1783532930.7694,52,right_handRing_1_joint,-0.14669228,1.2166727,0.23910062,-0.25278303,0.54568905,-0.5773924,0.5522166
1783532930.7694,52,right_handRing_2_joint,-0.13375847,1.2617176,0.25442347,-0.25278303,0.54568905,-0.5773924,0.5522166
1783532930.7694,52,right_handRing_3_joint,-0.12567452,1.2898712,0.2639999,-0.25278303,0.54568905,-0.5773924,0.5522166
1783532930.7694,52,right_handRingEnd_joint,-0.12028548,1.3086404,0.27038524,-0.25278303,0.54568905,-0.5773924,0.5522166
1783532930.7694,52,right_handThumbStart_joint,-0.14592169,1.13569,0.23208885,-0.30004323,-0.17395407,0.90460426,-0.24780183
1783532930.7694,52,right_handThumb_1_joint,-0.10848994,1.1541606,0.2658673,-0.30004323,-0.17395405,0.90460426,-0.24780184
1783532930.7694,52,right_handThumb_2_joint,-0.081733,1.1673614,0.29001063,-0.30004323,-0.17395404,0.90460426,-0.24780184
1783532930.7694,52,right_handThumbEnd_joint,-0.0638957,1.1761619,0.3061067,-0.30004323,-0.17395402,0.90460426,-0.24780181
1783532930.7694,52,camera,0.10945103,0.0677529,-0.03325558,-0.07722891,-0.08200425,-0.6982029,0.706982
1783532930.8020,53,root,-0.001390651,0.021393968,0.006555835,0.08311457,0.004158705,-0.01190468,0.99646026
1783532930.8020,53,hips_joint,-0.001390651,0.021393968,0.006555835,0.08311457,0.004158705,-0.01190468,0.99646026
1783532930.8020,53,left_upLeg_joint,0.098513536,-0.0057069683,0.00233374,-0.5881617,0.41908467,-0.40086237,0.56368715
1783532930.8020,53,left_leg_joint,0.2363629,-0.40360573,0.0019457195,-0.40911406,0.5759258,-0.1888123,0.68211806
1783532930.8020,53,left_foot_joint,0.35769483,-0.73690146,-0.28670967,0.6772229,-0.20108001,0.5692881,-0.42053193
1783532930.8020,53,left_toes_joint,0.39807585,-0.8488481,-0.19700016,0.7030595,-0.069077596,0.63867486,-0.30500868
1783532930.8020,53,left_toesEnd_joint,0.40867028,-0.8783734,-0.14508022,0.70305955,-0.06907738,0.6386748,-0.3050089
1783532930.8020,53,right_upLeg_joint,-0.10250239,-0.0010707258,0.004399478,0.56224364,0.38468006,0.36791423,0.6328845
1783532930.8020,53,right_leg_joint,-0.28497088,-0.37932274,0.035224073,0.67738974,0.15492311,0.5416509,0.4730288
1783532930.8020,53,right_foot_joint,-0.45199043,-0.70964473,-0.23332986,0.43770877,0.5396928,0.1346826,0.70640165
1783532930.8020,53,right_toes_joint,-0.508799,-0.8084135,-0.13726752,0.32748416,0.6128716,-0.0016472986,0.7191244
1783532930.8020,53,right_toesEnd_joint,-0.5238895,-0.83261937,-0.083732754,0.32748467,0.6128716,-0.0016477238,0.71912414
1783532930.8020,53,spine_1_joint,-0.0013906708,0.021393968,0.006555835,0.5334459,0.46837926,0.52909994,0.4648762
1783532930.8020,53,spine_2_joint,-0.0013130608,0.078465804,0.013981062,0.51788,0.4850645,0.51920855,0.47637773
1783532930.8020,53,spine_3_joint,-0.0018730632,0.13585113,0.018333662,0.5058918,0.4945626,0.51133835,0.48786733
1783532930.8020,53,spine_4_joint,-0.0025159875,0.1888693,0.020180047,0.49944514,0.4980442,0.5058705,0.49659014
1783532930.8020,53,spine_5_joint,-0.0030731526,0.2593282,0.020708246,0.5042878,0.48974195,0.50943047,0.49631405
1783532930.8020,53,spine_6_joint,-0.0029575957,0.35311714,0.023854898,0.47920558,0.5111197,0.48676562,0.52170706
1783532930.8020,53,spine_7_joint,-0.0025774995,0.46001357,0.017428523,0.43402553,0.5500742,0.43908298,0.5623582
1783532930.8020,53,left_shoulder_1_joint,0.08790682,0.5672943,-0.0127219185,0.86458296,0.3698175,-0.050861806,-0.33637002
1783532930.8020,53,left_arm_joint,0.19253066,0.66501325,0.010608252,0.7289424,0.628529,0.091244586,-0.2554784
1783532930.8020,53,left_forearm_joint,0.24393299,0.89634186,0.13141268,0.514029,0.84959614,0.08660171,-0.08038135
1783532930.8020,53,left_hand_joint,0.121034585,1.1266655,0.19187078,0.4588961,0.6263983,0.5804642,0.24515583
1783532930.8020,53,left_handIndexStart_joint,0.09558405,1.1394526,0.20088546,0.42077953,0.640626,0.60908806,0.20385103
1783532930.8020,53,left_handIndex_1_joint,0.050386906,1.2026931,0.22107543,0.42077953,0.640626,0.60908806,0.20385103
1783532930.8020,53,left_handIndex_2_joint,0.024109492,1.239461,0.23281379,0.42077953,0.640626,0.60908806,0.20385103
1783532930.8020,53,left_handIndex_3_joint,0.009394137,1.2600509,0.23938727,0.42077953,0.640626,0.60908806,0.20385103
1783532930.8020,53,left_handIndexEnd_joint,-0.0011168277,1.2747581,0.24408261,0.42077953,0.640626,0.60908806,0.20385103
1783532930.8020,53,left_handMidStart_joint,0.10537011,1.1473798,0.19870165,0.460683,0.6255499,0.5792557,0.24682373
1783532930.8020,53,left_handMid_1_joint,0.070882194,1.2129279,0.21579778,0.460683,0.6255499,0.5792557,0.24682373
1783532930.8020,53,left_handMid_2_joint,0.046647433,1.258989,0.22781129,0.460683,0.6255499,0.5792557,0.24682373
1783532930.8020,53,left_handMid_3_joint,0.032665845,1.2855625,0.23474216,0.460683,0.6255499,0.5792557,0.24682373
1783532930.8020,53,left_handMidEnd_joint,0.023344783,1.3032783,0.23936273,0.460683,0.6255499,0.5792557,0.24682373
1783532930.8020,53,left_handPinkyStart_joint,0.12976839,1.1602132,0.19569676,0.53920346,0.577857,0.5384553,0.29224563
1783532930.8020,53,left_handPinky_1_joint,0.11403873,1.2197703,0.21112259,0.53920346,0.577857,0.5384553,0.29224563
1783532930.8020,53,left_handPinky_2_joint,0.104323365,1.2565556,0.2206503,0.53920346,0.577857,0.5384553,0.29224563
1783532930.8020,53,left_handPinky_3_joint,0.09923436,1.2758241,0.22564101,0.53920346,0.577857,0.5384553,0.29224563
1783532930.8020,53,left_handPinkyEnd_joint,0.09460799,1.2933409,0.23017803,0.53920346,0.577857,0.5384553,0.29224563
1783532930.8020,53,left_handRingStart_joint,0.116503716,1.1537632,0.19752009,0.5009698,0.60312355,0.5591403,0.26950696
1783532930.8020,53,left_handRing_1_joint,0.091860674,1.2170261,0.21394446,0.5009698,0.60312355,0.5591403,0.26950696
1783532930.8020,53,left_handRing_2_joint,0.07446558,1.2616823,0.22553813,0.5009698,0.60312355,0.5591403,0.26950696
1783532930.8020,53,left_handRing_3_joint,0.063593656,1.2895924,0.23278417,0.5009698,0.60312355,0.5591403,0.26950696
1783532930.8020,53,left_handRingEnd_joint,0.0563457,1.3081992,0.23761487,0.5009698,0.60312355,0.5591403,0.26950696
1783532930.8020,53,left_handThumbStart_joint,0.09762656,1.1359713,0.21174645,0.21473163,0.92885965,0.14600688,-0.2641826
1783532930.8020,53,left_handThumb_1_joint,0.056378964,1.1532515,0.2414667,0.21473163,0.92885965,0.14600688,-0.2641826
1783532930.8020,53,left_handThumb_2_joint,0.02689483,1.1656013,0.2627099,0.21473163,0.92885965,0.14600687,-0.2641826
1783532930.8020,53,left_handThumbEnd_joint,0.0072387434,1.1738343,0.276872,0.21473163,0.92885965,0.14600685,-0.2641826
1783532930.8020,53,neck_1_joint,-0.0012180081,0.58860046,-0.020907702,0.52058053,0.46916398,0.5350405,0.47181898
1783532930.8020,53,neck_2_joint,-0.0016010012,0.6184012,-0.01747743,0.5324271,0.4550833,0.55456805,0.4493052
1783532930.8020,53,neck_3_joint,-0.0027727284,0.6577188,-0.010213767,0.5290143,0.45786425,0.5596423,0.44419035
1783532930.8020,53,neck_4_joint,-0.0045998683,0.69698316,-0.0027993827,0.51878804,0.46850985,0.55531436,0.4505376
1783532930.8020,53,head_joint,-0.0071592056,0.74262524,0.0048725796,0.45552853,0.52969116,0.5014315,0.5103803
1783532930.8020,53,jaw_joint,-0.005705217,0.71817535,0.01194993,0.45552853,0.52969116,0.5014315,0.5103803
1783532930.8020,53,chin_joint,-0.005430902,0.6766664,0.115762,0.45552853,0.52969116,0.5014315,0.5103803
1783532930.8020,53,left_eye_joint,0.020426225,0.7843037,0.08918393,0.46013078,0.52569824,0.5058636,0.50598776
1783532930.8020,53,left_eyeLowerLid_joint,0.020426225,0.7843037,0.08918393,0.46013078,0.52569824,0.5058636,0.50598776
1783532930.8020,53,left_eyeUpperLid_joint,0.020426225,0.7843037,0.08918393,0.46013078,0.52569824,0.5058636,0.50598776
1783532930.8020,53,left_eyeball_joint,0.020426225,0.7843037,0.08918393,0.46013078,0.52569824,0.5058636,0.50598776
1783532930.8020,53,nose_joint,-0.010378132,0.75165856,0.11445381,0.46013352,0.5256958,0.5058663,0.50598514
1783532930.8020,53,right_eye_joint,-0.04404849,0.78002346,0.08764287,0.46013078,0.52569824,0.5058636,0.50598776
1783532930.8020,53,right_eyeLowerLid_joint,-0.04404849,0.78002346,0.08764287,0.46013078,0.52569824,0.5058636,0.50598776
1783532930.8020,53,right_eyeUpperLid_joint,-0.04404849,0.78002346,0.08764287,0.46013078,0.52569824,0.5058636,0.50598776
1783532930.8020,53,right_eyeball_joint,-0.04404849,0.78002346,0.08764287,0.46013078,0.52569824,0.5058636,0.50598776
1783532930.8020,53,right_shoulder_1_joint,-0.09079313,0.5682054,-0.015953429,0.33721903,-0.060461514,-0.35893294,0.86821383
1783532930.8020,53,right_arm_joint,-0.19740762,0.66452366,0.0039314926,0.2548125,0.08229357,-0.6014197,0.7527238
1783532930.8020,53,right_forearm_joint,-0.26737374,0.8941937,0.118408404,0.12417435,0.097574316,-0.80851835,0.5668851
1783532930.8020,53,right_hand_joint,-0.17989603,1.1333419,0.20186016,-0.24199013,0.56450486,-0.58698994,0.5274645
1783532930.8020,53,right_handIndexStart_joint,-0.1584772,1.1487682,0.21322608,0.20093428,-0.5995244,0.6017939,-0.4878943
1783532930.8020,53,right_handIndex_1_joint,-0.1228861,1.2152773,0.24078605,0.20093428,-0.5995244,0.6017939,-0.4878943
1783532930.8020,53,right_handIndex_2_joint,-0.10219375,1.2539455,0.25680992,0.20093428,-0.5995244,0.6017939,-0.4878943
1783532930.8020,53,right_handIndex_3_joint,-0.090605676,1.2756001,0.26578262,0.20093428,-0.5995244,0.6017939,-0.4878943
1783532930.8020,53,right_handIndexEnd_joint,-0.082328506,1.2910675,0.2721916,0.20093428,-0.5995244,0.6017939,-0.4878943
1783532930.8020,53,right_handMidStart_joint,-0.16896468,1.1556367,0.21073402,-0.241292,0.56518656,-0.5870268,0.5270131
1783532930.8020,53,right_handMid_1_joint,-0.14402622,1.2234039,0.23448375,-0.241292,0.56518656,-0.5870268,0.5270131
1783532930.8020,53,right_handMid_2_joint,-0.12650183,1.2710236,0.25117213,-0.241292,0.56518656,-0.5870268,0.5270131
1783532930.8020,53,right_handMid_3_joint,-0.11639162,1.2984967,0.26080033,-0.241292,0.56518656,-0.5870268,0.5270131
1783532930.8020,53,right_handMidEnd_joint,-0.109651506,1.3168118,0.2672187,-0.241292,0.56518656,-0.5870268,0.5270131
1783532930.8020,53,right_handPinkyStart_joint,-0.19445018,1.1657279,0.20653106,-0.28345346,0.51720995,-0.53789526,0.6023434
1783532930.8020,53,right_handPinky_1_joint,-0.18723182,1.225495,0.2267331,-0.28345346,0.51720995,-0.53789526,0.6023434
1783532930.8020,53,right_handPinky_2_joint,-0.18277305,1.2624109,0.23921062,-0.28345346,0.51720995,-0.53789526,0.6023434
1783532930.8020,53,right_handPinky_3_joint,-0.18043791,1.2817471,0.24574703,-0.28345346,0.51720995,-0.53789526,0.6023434
1783532930.8020,53,right_handPinkyEnd_joint,-0.17831497,1.2993256,0.25168875,-0.28345346,0.51720995,-0.53789526,0.6023434
1783532930.8020,53,right_handRingStart_joint,-0.18067211,1.1607511,0.20903651,-0.26227358,0.54149,-0.5638053,0.5657964
1783532930.8020,53,right_handRing_1_joint,-0.16515282,1.2251564,0.2311794,-0.26227358,0.54149,-0.5638053,0.5657964
1783532930.8020,53,right_handRing_2_joint,-0.15419823,1.2706184,0.24680977,-0.26227358,0.54149,-0.5638053,0.5657964
1783532930.8020,53,right_handRing_3_joint,-0.1473513,1.2990329,0.25657842,-0.26227358,0.54149,-0.5638053,0.5657964
1783532930.8020,53,right_handRingEnd_joint,-0.14278696,1.3179759,0.26309186,-0.26227358,0.54149,-0.5638053,0.5657964
1783532930.8020,53,right_handThumbStart_joint,-0.16087703,1.144329,0.2236568,-0.29774255,-0.1830651,0.8982421,-0.26645494
1783532930.8020,53,right_handThumb_1_joint,-0.124327846,1.1641812,0.2576175,-0.29774255,-0.18306509,0.8982421,-0.26645494
1783532930.8020,53,right_handThumb_2_joint,-0.098201685,1.1783695,0.2818911,-0.29774255,-0.18306507,0.8982421,-0.26645494
1783532930.8020,53,right_handThumbEnd_joint,-0.080784895,1.1878284,0.29807398,-0.29774255,-0.18306503,0.8982421,-0.26645496
1783532930.8020,53,camera,0.10958486,0.068113714,-0.03272529,-0.07726933,-0.08200431,-0.6982949,0.7068868
1783532930.8355,54,root,-0.0012058573,0.022046506,0.0050673536,0.09004082,0.005707421,-0.009008519,0.99588096
1783532930.8355,54,hips_joint,-0.0012058573,0.022046506,0.0050673536,0.09004082,0.005707421,-0.009008519,0.99588096
1783532930.8355,54,left_upLeg_joint,0.098846756,-0.0043954942,0.00022705019,-0.58681905,0.42077598,-0.39010742,0.57132065
1783532930.8355,54,left_leg_joint,0.24266437,-0.40005833,-0.009437699,-0.41518956,0.5715037,-0.1846694,0.6832996
1783532930.8355,54,left_foot_joint,0.37005237,-0.7324899,-0.29647583,0.6792785,-0.19385214,0.5667554,-0.42401692
1783532930.8355,54,left_toes_joint,0.4121418,-0.8433677,-0.2062257,0.7037079,-0.06159114,0.63684857,-0.30891052
1783532930.8355,54,left_toesEnd_joint,0.42313746,-0.8724931,-0.15416357,0.7037079,-0.06159095,0.6368485,-0.30891073
1783532930.8355,54,right_upLeg_joint,-0.1021874,-0.0009896302,0.0028404372,0.56587404,0.38437873,0.37577164,0.62516814
1783532930.8355,54,right_leg_joint,-0.2799297,-0.38202038,0.026136937,0.67900777,0.16070348,0.5414609,0.4689806
1783532930.8355,54,right_foot_joint,-0.4454688,-0.71407443,-0.24119475,0.43541777,0.54524094,0.13702945,0.70309776
1783532930.8355,54,right_toes_joint,-0.5002932,-0.813554,-0.1447138,0.32418308,0.6178848,0.0012832583,0.7163252
1783532930.8355,54,right_toesEnd_joint,-0.5146352,-0.83796674,-0.091067396,0.32418358,0.6178848,0.0012828324,0.716325
1783532930.8355,54,spine_1_joint,-0.0012058769,0.022046506,0.0050673536,0.5351574,0.4680302,0.5331323,0.4586109
1783532930.8355,54,spine_2_joint,-0.0015837085,0.07902041,0.013201401,0.5188829,0.48601392,0.522836,0.4703123
1783532930.8355,54,spine_3_joint,-0.0026849257,0.13635233,0.018117838,0.505335,0.49745917,0.51403123,0.48264137
1783532930.8355,54,spine_4_joint,-0.003925737,0.18935096,0.020204308,0.4969958,0.50316745,0.50704783,0.49266642
1783532930.8355,54,spine_5_joint,-0.0053750454,0.2597982,0.020560037,0.49995095,0.4972016,0.5086916,0.49403682
1783532930.8355,54,spine_6_joint,-0.006496614,0.35360792,0.022740478,0.47384125,0.519475,0.4848279,0.52015567
1783532930.8355,54,spine_7_joint,-0.0075532566,0.46039775,0.0147965215,0.4280179,0.55808616,0.43642038,0.5611395
1783532930.8355,54,left_shoulder_1_joint,0.08144764,0.5682324,-0.017701752,0.8739487,0.36232632,-0.06587243,-0.31716564
1783532930.8355,54,left_arm_joint,0.18715423,0.6661547,-0.0010650181,0.7498432,0.6122377,0.0645759,-0.24234298
1783532930.8355,54,left_forearm_joint,0.25152022,0.90204895,0.103623696,0.5417291,0.8320754,0.065337196,-0.0995548
1783532930.8355,54,left_hand_joint,0.1461444,1.1401432,0.16698909,0.49255723,0.6252031,0.5529373,0.24651363
1783532930.8355,54,left_handIndexStart_joint,0.12208799,1.1545483,0.17729852,0.45614833,0.639503,0.5837946,0.20530145
1783532930.8355,54,left_handIndex_1_joint,0.08196802,1.2206538,0.19898334,0.45614833,0.639503,0.5837946,0.20530145
1783532930.8355,54,left_handIndex_2_joint,0.05864246,1.2590873,0.21159078,0.45614833,0.639503,0.5837946,0.20530145
1783532930.8355,54,left_handIndex_3_joint,0.045580138,1.28061,0.21865095,0.45614833,0.639503,0.5837946,0.20530145
1783532930.8355,54,left_handIndexEnd_joint,0.036249913,1.2959834,0.22369392,0.45614833,0.639503,0.5837946,0.20530145
1783532930.8355,54,left_handMidStart_joint,0.13215968,1.1618499,0.17436202,0.49426523,0.62434435,0.55163336,0.24818692
1783532930.8355,54,left_handMid_1_joint,0.10264991,1.2295791,0.19225578,0.49426523,0.62434435,0.55163336,0.24818692
1783532930.8355,54,left_handMid_2_joint,0.081913315,1.2771727,0.20482977,0.49426523,0.62434435,0.55163336,0.24818692
1783532930.8355,54,left_handMid_3_joint,0.069949895,1.3046304,0.21208398,0.49426523,0.62434435,0.55163336,0.24818692
1783532930.8355,54,left_handMidEnd_joint,0.061974287,1.3229356,0.21692014,0.49426523,0.62434435,0.55163336,0.24818692
1783532930.8355,54,left_handPinkyStart_joint,0.1570225,1.1731758,0.16961153,0.56964904,0.5754516,0.5075357,0.2945558
1783532930.8355,54,left_handPinky_1_joint,0.14575265,1.2337946,0.1848029,0.56964904,0.5754516,0.5075357,0.2945558
1783532930.8355,54,left_handPinky_2_joint,0.13879186,1.2712356,0.19418582,0.56964904,0.5754516,0.5075357,0.2945558
1783532930.8355,54,left_handPinky_3_joint,0.13514574,1.2908475,0.19910069,0.56964904,0.5754516,0.5075357,0.2945558
1783532930.8355,54,left_handPinkyEnd_joint,0.13183108,1.3086766,0.20356874,0.56964904,0.5754516,0.5075357,0.2945558
1783532930.8355,54,left_handRingStart_joint,0.14354756,1.1675475,0.17237316,0.53303325,0.6012885,0.52982545,0.2713171
1783532930.8355,54,left_handRing_1_joint,0.123673014,1.2324055,0.18903618,0.53303325,0.6012885,0.52982545,0.2713171
1783532930.8355,54,left_handRing_2_joint,0.10964392,1.2781879,0.20079832,0.53303325,0.6012885,0.52982545,0.2713171
1783532930.8355,54,left_handRing_3_joint,0.100875735,1.3068017,0.20814966,0.53303325,0.6012885,0.52982545,0.2713171
1783532930.8355,54,left_handRingEnd_joint,0.095030285,1.3258777,0.21305054,0.53303325,0.6012885,0.52982545,0.2713171
1783532930.8355,54,left_handThumbStart_joint,0.1246011,1.1511271,0.18807964,0.24851003,0.91482157,0.13862702,-0.2865781
1783532930.8355,54,left_handThumb_1_joint,0.086358786,1.1712781,0.2199344,0.24851003,0.91482157,0.13862702,-0.2865781
1783532930.8355,54,left_handThumb_2_joint,0.059022635,1.1856798,0.24270338,0.24851003,0.91482157,0.138627,-0.2865781
1783532930.8355,54,left_handThumbEnd_joint,0.040798537,1.1952809,0.25788268,0.24851003,0.91482157,0.13862698,-0.2865781
1783532930.8355,54,neck_1_joint,-0.007977641,0.5883737,-0.025552632,0.5162513,0.4779196,0.53240293,0.47077
1783532930.8355,54,neck_2_joint,-0.008689242,0.6182157,-0.022560822,0.52855575,0.46379977,0.5520678,0.44803953
1783532930.8355,54,neck_3_joint,-0.010280372,0.6576151,-0.015840985,0.52525705,0.4664891,0.5571866,0.4427592
1783532930.8355,54,neck_4_joint,-0.012525888,0.6969532,-0.008951089,0.51492447,0.47704887,0.5528746,0.44900614
1783532930.8355,54,head_joint,-0.015578199,0.7426623,-0.0018825287,0.45069405,0.53770065,0.4991677,0.5085116
1783532930.8355,54,jaw_joint,-0.013778608,0.7183308,0.005516084,0.45069405,0.53770065,0.4991677,0.5085116
1783532930.8355,54,chin_joint,-0.012248357,0.67825496,0.10987881,0.45069405,0.53770065,0.4991677,0.5085116
1783532930.8355,54,left_eye_joint,0.012117477,0.7858187,0.08164552,0.4553664,0.53374964,0.50358367,0.5041389
1783532930.8355,54,left_eyeLowerLid_joint,0.012117477,0.7858187,0.08164552,0.4553664,0.53374964,0.50358367,0.5041389
1783532930.8355,54,left_eyeUpperLid_joint,0.012117477,0.7858187,0.08164552,0.4553664,0.53374964,0.50358367,0.5041389
1783532930.8355,54,left_eyeball_joint,0.012117477,0.7858187,0.08164552,0.4553664,0.53374964,0.50358367,0.5041389
1783532930.8355,54,nose_joint,-0.018106882,0.75315773,0.10758641,0.45536923,0.53374726,0.50358635,0.5041362
1783532930.8355,54,right_eye_joint,-0.052310552,0.7807487,0.08064332,0.4553664,0.53374964,0.50358367,0.5041389
1783532930.8355,54,right_eyeLowerLid_joint,-0.052310552,0.7807487,0.08064332,0.4553664,0.53374964,0.50358367,0.5041389
1783532930.8355,54,right_eyeUpperLid_joint,-0.052310552,0.7807487,0.08064332,0.4553664,0.53374964,0.50358367,0.5041389
1783532930.8355,54,right_eyeball_joint,-0.052310552,0.7807487,0.08064332,0.4553664,0.53374964,0.50358367,0.5041389
1783532930.8355,54,right_shoulder_1_joint,-0.0972695,0.567023,-0.019610679,0.32466063,-0.060604792,-0.3483548,0.87725234
1783532930.8355,54,right_arm_joint,-0.20604941,0.66138357,-0.0022246968,0.250135,0.0819246,-0.581012,0.77015984
1783532930.8355,54,right_forearm_joint,-0.28888464,0.88852483,0.10865229,0.14312653,0.10385235,-0.7760244,0.60540557
1783532930.8355,54,right_hand_joint,-0.22832374,1.1323489,0.20187524,-0.25003627,0.5499633,-0.5572608,0.5696341
1783532930.8355,54,right_handIndexStart_joint,-0.2089529,1.1494148,0.21450241,-0.21101174,0.58790654,-0.5726618,0.5309413
1783532930.8355,54,right_handIndex_1_joint,-0.18107314,1.2181772,0.24523015,-0.21101174,0.58790654,-0.5726618,0.5309413
1783532930.8355,54,right_handIndex_2_joint,-0.16486415,1.2581553,0.26309574,-0.21101174,0.58790654,-0.5726618,0.5309413
1783532930.8355,54,right_handIndex_3_joint,-0.15578678,1.2805437,0.27309984,-0.21101174,0.58790654,-0.5726618,0.5309413
1783532930.8355,54,right_handIndexEnd_joint,-0.14930296,1.296535,0.28024554,-0.21101174,0.58790654,-0.5726618,0.5309413
1783532930.8355,54,right_handMidStart_joint,-0.21995814,1.1553137,0.21177103,-0.24937803,0.55068725,-0.55729616,0.5691885
1783532930.8355,54,right_handMid_1_joint,-0.20265174,1.2244174,0.23829556,-0.24937803,0.55068725,-0.55729616,0.5691885
1783532930.8355,54,right_handMid_2_joint,-0.19049034,1.2729763,0.25693375,-0.24937803,0.55068725,-0.55729616,0.5691885
1783532930.8355,54,right_handMid_3_joint,-0.18347417,1.300991,0.26768687,-0.24937803,0.55068725,-0.55729616,0.5691885
1783532930.8355,54,right_handMidEnd_joint,-0.17879672,1.3196673,0.2748552,-0.24937803,0.55068725,-0.55729616,0.5691885
1783532930.8355,54,right_handPinkyStart_joint,-0.2461288,1.1630266,0.2068096,-0.2890416,0.49856523,-0.5060898,0.64168614
1783532930.8355,54,right_handPinky_1_joint,-0.24553268,1.222572,0.22886226,-0.2890416,0.49856523,-0.5060898,0.64168614
1783532930.8355,54,right_handPinky_2_joint,-0.24516419,1.259351,0.24248284,-0.2890416,0.49856523,-0.5060898,0.64168614
1783532930.8355,54,right_handPinky_3_joint,-0.24497151,1.2786156,0.24961798,-0.2890416,0.49856523,-0.5060898,0.64168614
1783532930.8355,54,right_handPinkyEnd_joint,-0.24479629,1.2961289,0.256104,-0.2890416,0.49856523,-0.5060898,0.64168614
1783532930.8355,54,right_handRingStart_joint,-0.23203574,1.1593262,0.20973748,-0.26908275,0.52491957,-0.532975,0.6066233
1783532930.8355,54,right_handRing_1_joint,-0.22370899,1.2242267,0.23418716,-0.26908275,0.52491957,-0.532975,0.6066233
1783532930.8355,54,right_handRing_2_joint,-0.21783142,1.2700384,0.25144583,-0.26908275,0.52491957,-0.532975,0.6066233
1783532930.8355,54,right_handRing_3_joint,-0.21415769,1.2986712,0.2622322,-0.26908275,0.52491957,-0.532975,0.6066233
1783532930.8355,54,right_handRingEnd_joint,-0.21170886,1.3177599,0.26942414,-0.26908275,0.52491957,-0.532975,0.6066233
1783532930.8355,54,right_handThumbStart_joint,-0.21130024,1.1444515,0.22470634,-0.3097805,-0.20478514,0.8755766,-0.30897406
1783532930.8355,54,right_handThumb_1_joint,-0.17816429,1.1666938,0.26063085,-0.3097805,-0.20478511,0.8755766,-0.30897406
1783532930.8355,54,right_handThumb_2_joint,-0.15447763,1.1825907,0.28630814,-0.3097805,-0.20478511,0.8755766,-0.30897406
1783532930.8355,54,right_handThumbEnd_joint,-0.1386872,1.1931885,0.3034268,-0.3097805,-0.20478506,0.8755766,-0.30897406
1783532930.8355,54,camera,0.109675296,0.06821724,-0.03263076,-0.07753769,-0.08181687,-0.6983387,0.70683587
1783532930.8686,55,root,-0.0011789632,0.02230017,0.003953803,0.09761307,0.006597078,-0.010178756,0.99515057
1783532930.8686,55,hips_joint,-0.0011789632,0.02230017,0.003953803,0.09761307,0.006597078,-0.010178756,0.99515057
1783532930.8686,55,left_upLeg_joint,0.09880393,-0.004290764,-0.0014754975,-0.5793053,0.43077874,-0.38137308,0.57739925
1783532930.8686,55,left_leg_joint,0.24112281,-0.39992088,-0.024888638,-0.41734767,0.5702638,-0.18895975,0.6818466
1783532930.8686,55,left_foot_joint,0.36833957,-0.7354374,-0.3083919,0.6802125,-0.19154528,0.569237,-0.42022744
1783532930.8686,55,left_toes_joint,0.40985382,-0.84557205,-0.21697296,0.7041878,-0.059149023,0.63856673,-0.30471936
1783532930.8686,55,left_toesEnd_joint,0.42061943,-0.8742322,-0.16460536,0.70418775,-0.059148822,0.6385668,-0.30471963
1783532930.8686,55,right_upLeg_joint,-0.10221679,-0.00047152996,0.0015657037,0.5689718,0.38080043,0.38370195,0.6197056
1783532930.8686,55,right_leg_joint,-0.27719268,-0.38320056,0.016445942,0.67565954,0.16799505,0.54443777,0.4678135
1783532930.8686,55,right_foot_joint,-0.43758315,-0.71996415,-0.24811892,0.4282855,0.54891616,0.14009261,0.7040147
1783532930.8686,55,right_toes_joint,-0.49095592,-0.81943387,-0.15081745,0.3164836,0.6201417,0.004117091,0.7178061
1783532930.8686,55,right_toesEnd_joint,-0.50495714,-0.8436032,-0.09697112,0.31648406,0.6201417,0.0041166563,0.7178059
1783532930.8686,55,spine_1_joint,-0.001178983,0.02230017,0.0039538033,0.5382993,0.46503174,0.5355644,0.45513752
1783532930.8686,55,spine_2_joint,-0.0015339406,0.07917182,0.012775575,0.5206538,0.48436153,0.5252177,0.46739718
1783532930.8686,55,spine_3_joint,-0.002737916,0.13645647,0.018193306,0.5053366,0.4973425,0.5161227,0.4805235
1783532930.8686,55,spine_4_joint,-0.0041950205,0.18944006,0.02050975,0.49494368,0.50473434,0.5086741,0.49145177
1783532930.8686,55,spine_5_joint,-0.00609947,0.25987673,0.020809889,0.4958403,0.5004971,0.50987184,0.49363545
1783532930.8686,55,spine_6_joint,-0.008064612,0.3536838,0.022439916,0.4684092,0.5233203,0.48628816,0.5198584
1783532930.8686,55,spine_7_joint,-0.010286137,0.46039215,0.013682835,0.42190194,0.5613185,0.43929198,0.56030625
1783532930.8686,55,left_shoulder_1_joint,0.07735325,0.5692346,-0.019154193,0.8827078,0.3405091,-0.08735869,-0.3118479
1783532930.8686,55,left_arm_joint,0.1865531,0.66433287,-0.010719588,0.790311,0.55834967,0.022766802,-0.2512693
1783532930.8686,55,left_forearm_joint,0.28641897,0.8960332,0.07348584,0.6057652,0.7803713,0.035525978,-0.15102127
1783532930.8686,55,left_hand_joint,0.22733603,1.1465086,0.14818153,0.5746721,0.6018512,0.49801287,0.24394871
1783532930.8686,55,left_handIndexStart_joint,0.20732412,1.1642324,0.16151918,0.5416273,0.61598927,0.5342884,0.20428826
1783532930.8686,55,left_handIndex_1_joint,0.1808366,1.2353531,0.18778808,0.5416273,0.61598927,0.5342884,0.20428826
1783532930.8686,55,left_handIndex_2_joint,0.16543688,1.2767023,0.2030607,0.5416273,0.61598927,0.5342884,0.20428826
1783532930.8686,55,left_handIndex_3_joint,0.15681303,1.2998579,0.21161336,0.5416273,0.61598927,0.5342884,0.20428826
1783532930.8686,55,left_handIndexEnd_joint,0.15065314,1.3163977,0.21772242,0.5416273,0.61598927,0.5342884,0.20428826
1783532930.8686,55,left_handMidStart_joint,0.21787871,1.1699804,0.15716754,0.57621807,0.6009832,0.49647343,0.24557418
1783532930.8686,55,left_handMid_1_joint,0.20151018,1.2411635,0.17822227,0.57621807,0.6009832,0.49647343,0.24557418
1783532930.8686,55,left_handMid_2_joint,0.19000795,1.2911841,0.1930175,0.57621807,0.6009832,0.49647343,0.24557418
1783532930.8686,55,left_handMid_3_joint,0.18337205,1.3200421,0.20155321,0.57621807,0.6009832,0.49647343,0.24557418
1783532930.8686,55,left_handMidEnd_joint,0.17894813,1.3392808,0.20724367,0.57621807,0.6009832,0.49647343,0.24557418
1783532930.8686,55,left_handPinkyStart_joint,0.24327394,1.1775204,0.14896788,0.6445394,0.54986256,0.4439743,0.291732
1783532930.8686,55,left_handPinky_1_joint,0.2433423,1.2389807,0.164938,0.6445394,0.54986256,0.4439743,0.291732
1783532930.8686,55,left_handPinky_2_joint,0.24338451,1.2769415,0.17480192,0.6445394,0.54986256,0.4439743,0.291732
1783532930.8686,55,left_handPinky_3_joint,0.24340661,1.2968256,0.17996873,0.6445394,0.54986256,0.4439743,0.291732
1783532930.8686,55,left_handPinkyEnd_joint,0.24342673,1.3149023,0.18466583,0.6445394,0.54986256,0.4439743,0.291732
1783532930.8686,55,left_handRingStart_joint,0.22961192,1.1739362,0.15359198,0.6115699,0.5767219,0.47039413,0.26852205
1783532930.8686,55,left_handRing_1_joint,0.22208492,1.2408563,0.17214681,0.6115699,0.5767219,0.47039413,0.26852205
1783532930.8686,55,left_handRing_2_joint,0.21677174,1.288094,0.18524435,0.6115699,0.5767219,0.47039413,0.26852205
1783532930.8686,55,left_handRing_3_joint,0.213451,1.3176177,0.1934303,0.6115699,0.5767219,0.47039413,0.26852205
1783532930.8686,55,left_handRingEnd_joint,0.21123718,1.3373,0.19888762,0.6115699,0.5767219,0.47039413,0.26852205
1783532930.8686,55,left_handThumbStart_joint,0.21074033,1.1603628,0.17189264,0.32525194,0.87189066,0.14249249,-0.33721533
1783532930.8686,55,left_handThumb_1_joint,0.18061924,1.1856596,0.20844476,0.32525194,0.87189066,0.14249249,-0.33721533
1783532930.8686,55,left_handThumb_2_joint,0.15908769,1.2037396,0.23457153,0.32525194,0.87189066,0.14249247,-0.33721533
1783532930.8686,55,left_handThumbEnd_joint,0.14473334,1.215793,0.25198936,0.32525197,0.87189066,0.14249244,-0.33721533
1783532930.8686,55,neck_1_joint,-0.0123102255,0.58811677,-0.027407609,0.5111942,0.48174757,0.53509927,0.46932825
1783532930.8686,55,neck_2_joint,-0.013414945,0.61796093,-0.02456109,0.52397174,0.467404,0.5548236,0.44627202
1783532930.8686,55,neck_3_joint,-0.015518603,0.6573617,-0.01799128,0.5208391,0.46985638,0.56027114,0.44052073
1783532930.8686,55,neck_4_joint,-0.018292112,0.6966841,-0.011204911,0.51053375,0.4802153,0.5561683,0.4465715
1783532930.8686,55,head_joint,-0.021964706,0.74236184,-0.0042286795,0.44593692,0.54030526,0.5026994,0.5064629
1783532930.8686,55,jaw_joint,-0.019869467,0.71806914,0.0032195572,0.44593692,0.54030526,0.5026994,0.5064629
1783532930.8686,55,chin_joint,-0.018137185,0.6782019,0.10765909,0.44593692,0.54030526,0.5026994,0.5064629
1783532930.8686,55,left_eye_joint,0.0049049067,0.78602546,0.079305574,0.4506321,0.5363955,0.5070972,0.50205946
1783532930.8686,55,left_eyeLowerLid_joint,0.0049049067,0.78602546,0.079305574,0.4506321,0.5363955,0.5070972,0.50205946
1783532930.8686,55,left_eyeUpperLid_joint,0.0049049067,0.78602546,0.079305574,0.4506321,0.5363955,0.5070972,0.50205946
1783532930.8686,55,left_eyeball_joint,0.0049049067,0.78602546,0.079305574,0.4506321,0.5363955,0.5070972,0.50205946
1783532930.8686,55,nose_joint,-0.02496917,0.75301725,0.10521284,0.4506349,0.53639317,0.50709987,0.5020567
1783532930.8686,55,right_eye_joint,-0.059447832,0.78011,0.07811488,0.4506321,0.5363955,0.5070972,0.50205946
1783532930.8686,55,right_eyeLowerLid_joint,-0.059447832,0.78011,0.07811488,0.4506321,0.5363955,0.5070972,0.50205946
1783532930.8686,55,right_eyeUpperLid_joint,-0.059447832,0.78011,0.07811488,0.4506321,0.5363955,0.5070972,0.50205946
1783532930.8686,55,right_eyeball_joint,-0.059447832,0.78011,0.07811488,0.4506321,0.5363955,0.5070972,0.50205946
1783532930.8686,55,right_shoulder_1_joint,-0.101324,0.56559235,-0.021627886,0.3263076,-0.0771489,-0.31896803,0.8864711
1783532930.8686,55,right_arm_joint,-0.21513176,0.65492237,-0.011273879,0.26865077,0.056362975,-0.53383434,0.79979444
1783532930.8686,55,right_forearm_joint,-0.32782683,0.8739968,0.08899951,0.19646426,0.09471919,-0.7204913,0.6582726
1783532930.8686,55,right_hand_joint,-0.31277794,1.1182096,0.19827892,-0.23925512,0.5092487,-0.5184065,0.64395493
1783532930.8686,55,right_handIndexStart_joint,-0.29755604,1.1369685,0.21384546,-0.2029509,0.5523666,-0.53311944,0.6078537
1783532930.8686,55,right_handIndex_1_joint,-0.28320864,1.207025,0.25039658,-0.2029509,0.5523666,-0.53311944,0.6078537
1783532930.8686,55,right_handIndex_2_joint,-0.2748674,1.2477555,0.2716478,-0.2029509,0.5523666,-0.53311944,0.6078537
1783532930.8686,55,right_handIndex_3_joint,-0.27019596,1.2705652,0.28354794,-0.2029509,0.5523666,-0.53311944,0.6078537
1783532930.8686,55,right_handIndexEnd_joint,-0.26685917,1.2868576,0.29204795,-0.2029509,0.5523666,-0.53311944,0.6078537
1783532930.8686,55,right_handMidStart_joint,-0.30887336,1.1415018,0.21000598,-0.23865704,0.51004165,-0.51841515,0.6435421
1783532930.8686,55,right_handMid_1_joint,-0.30448028,1.2107286,0.24109788,-0.23865704,0.51004165,-0.51841515,0.6435421
1783532930.8686,55,right_handMid_2_joint,-0.30139297,1.2593743,0.26294562,-0.23865704,0.51004165,-0.51841515,0.6435421
1783532930.8686,55,right_handMid_3_joint,-0.2996119,1.287439,0.27555037,-0.23865704,0.51004165,-0.51841515,0.6435421
1783532930.8686,55,right_handMidEnd_joint,-0.29842445,1.3061486,0.2839531,-0.23865704,0.51004165,-0.51841515,0.6435421
1783532930.8686,55,right_handPinkyStart_joint,-0.3350952,1.1459478,0.20215403,-0.27600616,0.44988573,-0.466133,0.71003085
1783532930.8686,55,right_handPinky_1_joint,-0.34529635,1.2037512,0.22638294,-0.27600616,0.44988573,-0.466133,0.71003085
1783532930.8686,55,right_handPinky_2_joint,-0.3515969,1.2394543,0.24134776,-0.27600616,0.44988573,-0.466133,0.71003085
1783532930.8686,55,right_handPinky_3_joint,-0.3548975,1.2581551,0.24918693,-0.27600616,0.44988573,-0.466133,0.71003085
1783532930.8686,55,right_handPinkyEnd_joint,-0.3578979,1.275156,0.256313,-0.27600616,0.44988573,-0.466133,0.71003085
1783532930.8686,55,right_handRingStart_joint,-0.32106698,1.1439879,0.20665374,-0.25711983,0.48022285,-0.49345556,0.67806894
1783532930.8686,55,right_handRing_1_joint,-0.32468346,1.2079818,0.23441897,-0.25711983,0.48022285,-0.49345556,0.67806894
1783532930.8686,55,right_handRing_2_joint,-0.32723635,1.2531533,0.25401798,-0.25711983,0.48022285,-0.49345556,0.67806894
1783532930.8686,55,right_handRing_3_joint,-0.3288317,1.2813863,0.26626712,-0.25711983,0.48022285,-0.49345556,0.67806894
1783532930.8686,55,right_handRingEnd_joint,-0.3298957,1.3002081,0.27443418,-0.25711983,0.48022285,-0.49345556,0.67806894
1783532930.8686,55,right_handThumbStart_joint,-0.3003746,1.1311868,0.22348362,-0.3546123,-0.22672898,0.8272818,-0.37208793
1783532930.8686,55,right_handThumb_1_joint,-0.27505398,1.155612,0.26404917,-0.3546123,-0.22672898,0.8272818,-0.37208793
1783532930.8686,55,right_handThumb_2_joint,-0.25695324,1.1730692,0.29304394,-0.35461235,-0.22672895,0.8272818,-0.37208793
1783532930.8686,55,right_handThumbEnd_joint,-0.24488682,1.1847073,0.31237414,-0.35461235,-0.22672893,0.8272818,-0.37208793
1783532930.8686,55,camera,0.10976485,0.06827741,-0.03257727,-0.07765081,-0.0818079,-0.6983601,0.70680326
1783532930.9025,56,root,-0.00066299876,0.021910297,0.0032960314,0.10215582,0.008321654,-0.0102715315,0.9946805
1783532930.9025,56,hips_joint,-0.00066299876,0.021910297,0.0032960314,0.10215582,0.008321654,-0.0102715315,0.9946805
1783532930.9025,56,left_upLeg_joint,0.09930284,-0.0046199583,-0.002713098,-0.57558423,0.43880844,-0.3705687,0.5820901
1783532930.9025,56,left_leg_joint,0.24258327,-0.3990025,-0.03819721,-0.42179012,0.5712521,-0.19051613,0.6778405
1783532930.9025,56,left_foot_joint,0.36822787,-0.73748994,-0.31885552,0.6843194,-0.18958366,0.56799155,-0.4161139
1783532930.9025,56,left_toes_joint,0.41038707,-0.8466065,-0.22651565,0.70784837,-0.056444615,0.63656425,-0.3009165
1783532930.9025,56,left_toesEnd_joint,0.42150038,-0.8746929,-0.17391041,0.70784837,-0.056444403,0.63656425,-0.3009167
1783532930.9025,56,right_upLeg_joint,-0.10170676,-0.000848453,0.0010391709,0.5686932,0.3815758,0.39128277,0.61472386
1783532930.9025,56,right_leg_joint,-0.27123687,-0.38617438,0.011182358,0.670815,0.17879844,0.5484049,0.46614388
1783532930.9025,56,right_foot_joint,-0.42423534,-0.7296819,-0.24905472,0.41780925,0.55443305,0.14424519,0.705147
1783532930.9025,56,right_toes_joint,-0.4754418,-0.82904476,-0.15048814,0.30515155,0.62357295,0.007979809,0.719705
1783532930.9025,56,right_toesEnd_joint,-0.4889196,-0.8528268,-0.09633667,0.30515203,0.6235729,0.007979376,0.7197048
1783532930.9025,56,spine_1_joint,-0.0006630185,0.021910297,0.0032960316,0.5407288,0.4631337,0.53520733,0.4546126
1783532930.9025,56,spine_2_joint,-0.0007711843,0.07874281,0.012372766,0.52248424,0.48247352,0.52365583,0.46905664
1783532930.9025,56,spine_3_joint,-0.0015764859,0.13603197,0.01781664,0.50630194,0.49560633,0.5135782,0.48401478
1783532930.9025,56,spine_4_joint,-0.002572656,0.18903373,0.01995418,0.4948589,0.50321877,0.5054842,0.49635836
1783532930.9025,56,spine_5_joint,-0.0038051703,0.2594858,0.019782789,0.49464118,0.49915624,0.50689334,0.49923208
1783532930.9025,56,spine_6_joint,-0.004953251,0.35331687,0.020621512,0.46694195,0.5212618,0.48522356,0.5242233
1783532930.9025,56,spine_7_joint,-0.006497469,0.45999342,0.01134665,0.42153946,0.5576631,0.44240314,0.56177974
1783532930.9025,56,left_shoulder_1_joint,0.081474595,0.56895596,-0.02017652,0.88979053,0.30303252,-0.09572577,-0.32753804
1783532930.9025,56,left_arm_joint,0.1972266,0.65627277,-0.016092269,0.8332223,0.47506142,0.0018755074,-0.2829385
1783532930.9025,56,left_forearm_joint,0.34315374,0.86656225,0.05624319,0.6737577,0.7084919,0.026748199,-0.20826639
1783532930.9025,56,left_hand_joint,0.34171933,1.1194088,0.14498256,0.66342396,0.5497288,0.4477444,0.23914976
1783532930.9025,56,left_handIndexStart_joint,0.32717052,1.1397762,0.16129218,0.63341177,0.5636165,0.48985434,0.20290254
1783532930.9025,56,left_handIndex_1_joint,0.31791544,1.2130828,0.19276114,0.63341177,0.5636165,0.48985434,0.20290254
1783532930.9025,56,left_handIndex_2_joint,0.31253457,1.2557029,0.21105702,0.63341177,0.5636165,0.48985434,0.20290254
1783532930.9025,56,left_handIndex_3_joint,0.3095213,1.2795701,0.22130273,0.63341177,0.5636165,0.48985434,0.20290254
1783532930.9025,56,left_handIndexEnd_joint,0.30736893,1.2966182,0.2286211,0.63341177,0.5636165,0.48985434,0.20290254
1783532930.9025,56,left_handMidStart_joint,0.33800596,1.1437165,0.1557746,0.6648141,0.54885614,0.4459483,0.24064483
1783532930.9025,56,left_handMid_1_joint,0.33798885,1.2155052,0.18076728,0.6648141,0.54885614,0.4459483,0.24064483
1783532930.9025,56,left_handMid_2_joint,0.33797678,1.2659514,0.19832972,0.6648141,0.54885614,0.4459483,0.24064483
1783532930.9025,56,left_handMid_3_joint,0.33796984,1.295055,0.20846187,0.6648141,0.54885614,0.4459483,0.24064483
1783532930.9025,56,left_handMidEnd_joint,0.33796522,1.3144574,0.21521665,0.6648141,0.54885614,0.4459483,0.24064483
1783532930.9025,56,left_handPinkyStart_joint,0.36317253,1.1469035,0.14457236,0.72552735,0.4956766,0.3841401,0.28346398
1783532930.9025,56,left_handPinky_1_joint,0.37672895,1.2064064,0.16212384,0.72552735,0.4956766,0.3841401,0.28346398
1783532930.9025,56,left_handPinky_2_joint,0.38510206,1.2431581,0.17296447,0.72552735,0.4956766,0.3841401,0.28346398
1783532930.9025,56,left_handPinky_3_joint,0.38948798,1.2624091,0.1786429,0.72552735,0.4956766,0.3841401,0.28346398
1783532930.9025,56,left_handPinkyEnd_joint,0.39347517,1.27991,0.1838051,0.72552735,0.4956766,0.3841401,0.28346398
1783532930.9025,56,left_handRingStart_joint,0.34974813,1.1456416,0.15082318,0.6964834,0.523434,0.41517633,0.261834
1783532930.9025,56,left_handRing_1_joint,0.3572426,1.2117587,0.1720735,0.6964834,0.523434,0.41517633,0.261834
1783532930.9025,56,left_handRing_2_joint,0.36253282,1.2584298,0.18707372,0.6964834,0.523434,0.41517633,0.261834
1783532930.9025,56,left_handRing_3_joint,0.3658392,1.2875992,0.19644886,0.6964834,0.523434,0.41517633,0.261834
1783532930.9025,56,left_handRingEnd_joint,0.36804348,1.3070455,0.20269895,0.6964834,0.523434,0.41517633,0.261834
1783532930.9025,56,left_handThumbStart_joint,0.3310382,1.134816,0.17102306,0.40664318,0.8116354,0.16995892,-0.3834108
1783532930.9025,56,left_handThumb_1_joint,0.31088984,1.1632642,0.2118644,0.40664318,0.8116354,0.16995892,-0.3834108
1783532930.9025,56,left_handThumb_2_joint,0.29648638,1.1835971,0.24105714,0.4066432,0.8116354,0.16995892,-0.3834108
1783532930.9025,56,left_handThumbEnd_joint,0.28688407,1.1971523,0.260519,0.40664318,0.8116354,0.16995887,-0.3834108
1783532930.9025,56,neck_1_joint,-0.008104982,0.5879251,-0.02911345,0.5100257,0.47840345,0.53753656,0.47123143
1783532930.9025,56,neck_2_joint,-0.009173908,0.6177632,-0.026190318,0.52263755,0.46421322,0.55674076,0.44877222
1783532930.9025,56,neck_3_joint,-0.011210246,0.6571604,-0.0195785,0.5195011,0.46671274,0.5618871,0.44337508
1783532930.9025,56,neck_4_joint,-0.013893275,0.6964872,-0.012780731,0.5092589,0.47703698,0.5577861,0.44940668
1783532930.9025,56,head_joint,-0.017455783,0.742171,-0.0057875053,0.44503722,0.53701645,0.50395906,0.5094911
1783532930.9025,56,jaw_joint,-0.01551543,0.7178629,0.0016524947,0.44503722,0.53701645,0.50395906,0.5094911
1783532930.9025,56,chin_joint,-0.0148334,0.67788094,0.106060304,0.44503722,0.53701645,0.50395906,0.5094911
1783532930.9025,56,left_eye_joint,0.008854098,0.7856471,0.07802225,0.44970378,0.53311473,0.50838333,0.5050765
1783532930.9025,56,left_eyeLowerLid_joint,0.008854098,0.7856471,0.07802225,0.44970378,0.53311473,0.50838333,0.5050765
1783532930.9025,56,left_eyeUpperLid_joint,0.008854098,0.7856471,0.07802225,0.44970378,0.53311473,0.50838333,0.5050765
1783532930.9025,56,left_eyeball_joint,0.008854098,0.7856471,0.07802225,0.44970378,0.53311473,0.50838333,0.5050765
1783532930.9025,56,nose_joint,-0.021365285,0.7527238,0.10363536,0.4497066,0.53311235,0.508386,0.50507385
1783532930.9025,56,right_eye_joint,-0.055507544,0.77997327,0.07626995,0.44970378,0.53311473,0.50838333,0.5050765
1783532930.9025,56,right_eyeLowerLid_joint,-0.055507544,0.77997327,0.07626995,0.44970378,0.53311473,0.50838333,0.5050765
1783532930.9025,56,right_eyeUpperLid_joint,-0.055507544,0.77997327,0.07626995,0.44970378,0.53311473,0.50838333,0.5050765
1783532930.9025,56,right_eyeball_joint,-0.055507544,0.77997327,0.07626995,0.44970378,0.53311473,0.50838333,0.5050765
1783532930.9025,56,right_shoulder_1_joint,-0.097176105,0.56541693,-0.024221702,0.34110567,-0.092086144,-0.28369334,0.8914514
1783532930.9025,56,right_arm_joint,-0.21641761,0.6478948,-0.019963333,0.29911128,0.031254027,-0.4730936,0.8280934
1783532930.9025,56,right_forearm_joint,-0.36281928,0.85133004,0.06908282,0.25165147,0.08413023,-0.6556796,0.70687956
1783532930.9025,56,right_hand_joint,-0.39658704,1.0883849,0.18938698,-0.22443306,0.46178716,-0.4730182,0.7159867
1783532930.9025,56,right_handIndexStart_joint,-0.3862588,1.1080929,0.207576,-0.19131014,0.5099357,-0.48678395,0.6829408
1783532930.9025,56,right_handIndex_1_joint,-0.3867419,1.1771598,0.24855511,-0.19131014,0.5099357,-0.48678395,0.6829408
1783532930.9025,56,right_handIndex_2_joint,-0.38702303,1.2173147,0.2723807,-0.19131014,0.5099357,-0.48678395,0.6829408
1783532930.9025,56,right_handIndex_3_joint,-0.3871802,1.2398022,0.28572255,-0.19131014,0.5099357,-0.48678395,0.6829408
1783532930.9025,56,right_handIndexEnd_joint,-0.38729236,1.2558645,0.29525235,-0.19131014,0.5099357,-0.48678395,0.6829408
1783532930.9025,56,right_handMidStart_joint,-0.39754486,1.1112548,0.20247681,-0.22390366,0.46264523,-0.47299758,0.7156121
1783532930.9025,56,right_handMid_1_joint,-0.4070063,1.1784633,0.23670948,-0.22390366,0.46264523,-0.47299758,0.7156121
1783532930.9025,56,right_handMid_2_joint,-0.41365448,1.2256906,0.26076424,-0.22390366,0.46264523,-0.47299758,0.7156121
1783532930.9025,56,right_handMid_3_joint,-0.41749007,1.2529371,0.2746423,-0.22390366,0.46264523,-0.47299758,0.7156121
1783532930.9025,56,right_handMidEnd_joint,-0.420047,1.2711014,0.2838939,-0.22390364,0.46264523,-0.47299758,0.7156121
1783532930.9025,56,right_handPinkyStart_joint,-0.42295554,1.1125293,0.19144599,-0.25850597,0.39457104,-0.4202044,0.77518857
1783532930.9025,56,right_handPinky_1_joint,-0.44425902,1.1668524,0.21649592,-0.25850597,0.39457104,-0.4202044,0.77518857
1783532930.9025,56,right_handPinky_2_joint,-0.457417,1.2004058,0.23196788,-0.25850597,0.39457104,-0.4202044,0.77518857
1783532930.9025,56,right_handPinky_3_joint,-0.46430957,1.2179807,0.24007262,-0.25850597,0.39457104,-0.4202044,0.77518857
1783532930.9025,56,right_handPinkyEnd_joint,-0.47057536,1.233958,0.24744016,-0.25850597,0.39457104,-0.4202044,0.77518857
1783532930.9025,56,right_handRingStart_joint,-0.40945834,1.1122437,0.19766082,-0.24090423,0.42882863,-0.44766638,0.7467709
1783532930.9025,56,right_handRing_1_joint,-0.42562193,1.1733791,0.22733234,-0.24090423,0.42882863,-0.44766638,0.7467709
1783532930.9025,56,right_handRing_2_joint,-0.43703154,1.2165331,0.24827692,-0.24090423,0.42882863,-0.44766638,0.7467709
1783532930.9025,56,right_handRing_3_joint,-0.44416243,1.2435049,0.2613671,-0.24090423,0.42882863,-0.44766638,0.7467709
1783532930.9025,56,right_handRingEnd_joint,-0.44891688,1.2614859,0.27009478,-0.24090423,0.42882863,-0.44766638,0.7467709
1783532930.9025,56,right_handThumbStart_joint,-0.38939247,1.1014184,0.21651441,-0.39934537,-0.24766466,0.7686209,-0.43406007
1783532930.9025,56,right_handThumb_1_joint,-0.37305927,1.1266274,0.26102304,-0.39934537,-0.24766466,0.7686209,-0.43406007
1783532930.9025,56,right_handThumb_2_joint,-0.36138237,1.1446453,0.29283646,-0.39934537,-0.24766466,0.7686209,-0.43406007
1783532930.9025,56,right_handThumbEnd_joint,-0.35359848,1.1566571,0.3140457,-0.39934537,-0.24766462,0.7686209,-0.43406007
1783532930.9025,56,camera,0.109639935,0.068223625,-0.03247144,-0.077658005,-0.08182451,-0.6985104,0.70665205
1783532930.9357,57,root,-0.0006215585,0.02083142,0.0020354814,0.10577104,0.0056709633,-0.013505773,0.9942826
1783532930.9357,57,hips_joint,-0.0006215585,0.02083142,0.0020354814,0.10577104,0.0056709633,-0.013505773,0.9942826
1783532930.9357,57,left_upLeg_joint,0.099182546,-0.0063603637,-0.0036986386,-0.5681903,0.44769478,-0.37211114,0.58160347
1783532930.9357,57,left_leg_joint,0.2348635,-0.4028664,-0.044925187,-0.4244268,0.57037365,-0.20658708,0.67220366
1783532930.9357,57,left_foot_joint,0.3555885,-0.7512887,-0.3154004,0.6858532,-0.18726613,0.57716656,-0.4017658
1783532930.9357,57,left_toes_joint,0.39487633,-0.8586879,-0.21983689,0.7089151,-0.053878374,0.6428536,-0.2850895
1783532930.9357,57,left_toesEnd_joint,0.40504774,-0.88555616,-0.16641122,0.7089151,-0.053878162,0.64285356,-0.2850897
1783532930.9357,57,right_upLeg_joint,-0.101811014,-0.0011966133,-0.00085506676,0.5689109,0.3765203,0.40054452,0.61166716
1783532930.9357,57,right_leg_joint,-0.26839253,-0.38793403,0.0011922331,0.66187674,0.1929534,0.5483204,0.4733209
1783532930.9357,57,right_foot_joint,-0.41666296,-0.742112,-0.24720903,0.40204388,0.56006384,0.13975276,0.7107446
1783532930.9357,57,right_toes_joint,-0.46637923,-0.8388332,-0.14530836,0.2886047,0.62611353,0.0025078333,0.7243497
1783532930.9357,57,right_toesEnd_joint,-0.47947878,-0.860976,-0.090374656,0.28860527,0.6261136,0.0025074023,0.7243495
1783532930.9357,57,spine_1_joint,-0.0006215783,0.02083142,0.0020354816,0.5446551,0.4564633,0.53259885,0.45970684
1783532930.9357,57,spine_2_joint,0.00029692447,0.07763086,0.0112719545,0.5276605,0.47500312,0.517924,0.47718003
1783532930.9357,57,spine_3_joint,0.001002138,0.1349286,0.016638873,0.5117615,0.488146,0.50566775,0.49407852
1783532930.9357,57,spine_4_joint,0.0016402176,0.18794608,0.01850625,0.4999465,0.49627334,0.49653453,0.5071684
1783532930.9357,57,spine_5_joint,0.002650607,0.25839832,0.017796516,0.49857917,0.49321005,0.4988777,0.5091991
1783532930.9357,57,spine_6_joint,0.004120877,0.35222855,0.017894324,0.4698908,0.51661146,0.48084477,0.5301921
1783532930.9357,57,spine_7_joint,0.0045145443,0.45889145,0.008346745,0.4238931,0.5543079,0.44566366,0.5607508
1783532930.9357,57,left_shoulder_1_joint,0.09268396,0.5680883,-0.021783156,0.89026207,0.26391926,-0.10595426,-0.3557441
1783532930.9357,57,left_arm_joint,0.21427056,0.6471839,-0.021910602,0.8643801,0.37897813,-0.015530891,-0.33012336
1783532930.9357,57,left_forearm_joint,0.40372434,0.8241757,0.037502747,0.7311097,0.6247557,0.023196425,-0.27316874
1783532930.9357,57,left_hand_joint,0.46221814,1.0655785,0.13805744,0.7482868,0.48499143,0.3945138,0.22183196
1783532930.9357,57,left_handIndexStart_joint,0.45405626,1.0869833,0.15723357,0.72150004,0.4978488,0.44220495,0.1898409
1783532930.9357,57,left_handIndex_1_joint,0.46314764,1.158162,0.19329923,0.72150004,0.4978488,0.44220495,0.1898409
1783532930.9357,57,left_handIndex_2_joint,0.46843332,1.1995449,0.21426766,0.72150004,0.4978488,0.44220495,0.1898409
1783532930.9357,57,left_handIndex_3_joint,0.47139332,1.2227194,0.22600995,0.72150004,0.4978488,0.44220495,0.1898409
1783532930.9357,57,left_handIndexEnd_joint,0.4735076,1.2392726,0.2343973,0.72150004,0.4978488,0.44220495,0.1898409
1783532930.9357,57,left_handMidStart_joint,0.4646513,1.089272,0.15045977,0.74951047,0.48415095,0.39246833,0.2231613
1783532930.9357,57,left_handMid_1_joint,0.48161274,1.1577553,0.17875484,0.74951047,0.48415095,0.39246833,0.2231613
1783532930.9357,57,left_handMid_2_joint,0.49353155,1.2058786,0.19863786,0.74951047,0.48415095,0.39246833,0.2231613
1783532930.9357,57,left_handMid_3_joint,0.5004078,1.2336422,0.21010883,0.74951047,0.48415095,0.39246833,0.2231613
1783532930.9357,57,left_handMidEnd_joint,0.50499195,1.2521511,0.21775615,0.74951047,0.48415095,0.39246833,0.2231613
1783532930.9357,57,left_handPinkyStart_joint,0.4883201,1.0886203,0.13602492,0.80193955,0.4304469,0.3212948,0.26149258
1783532930.9357,57,left_handPinky_1_joint,0.5151793,1.1431309,0.15445305,0.80193955,0.4304469,0.3212948,0.26149258
1783532930.9357,57,left_handPinky_2_joint,0.5317688,1.1767993,0.16583514,0.80193955,0.4304469,0.3212948,0.26149258
1783532930.9357,57,left_handPinky_3_joint,0.5404585,1.1944351,0.1717972,0.80193955,0.4304469,0.3212948,0.26149258
1783532930.9357,57,left_handPinkyEnd_joint,0.5483583,1.2104677,0.17721723,0.80193955,0.4304469,0.3212948,0.26149258
1783532930.9357,57,left_handRingStart_joint,0.47581393,1.0893764,0.14401887,0.77714056,0.45831493,0.35698193,0.24200064
1783532930.9357,57,left_handRing_1_joint,0.49851725,1.1512041,0.16728118,0.77714056,0.45831493,0.35698193,0.24200064
1783532930.9357,57,left_handRing_2_joint,0.5145431,1.1948471,0.18370165,0.77714056,0.45831493,0.35698193,0.24200064
1783532930.9357,57,left_handRing_3_joint,0.5245593,1.2221241,0.19396444,0.77714056,0.45831493,0.35698193,0.24200064
1783532930.9357,57,left_handRingEnd_joint,0.53123677,1.2403086,0.20080629,0.77714056,0.45831493,0.35698193,0.24200064
1783532930.9357,57,left_handThumbStart_joint,0.45811045,1.0806792,0.16606948,0.47981715,0.7361044,0.20317115,-0.43202737
1783532930.9357,57,left_handThumb_1_joint,0.44918594,1.1091845,0.21069074,0.47981715,0.7361044,0.20317115,-0.43202737
1783532930.9357,57,left_handThumb_2_joint,0.44280487,1.1295587,0.2425855,0.47981715,0.7361044,0.20317112,-0.43202737
1783532930.9357,57,left_handThumbEnd_joint,0.4385508,1.1431415,0.2638487,0.47981715,0.7361044,0.20317109,-0.43202737
1783532930.9357,57,neck_1_joint,0.0031507423,0.58722717,-0.030821837,0.5120145,0.47466335,0.5379129,0.4724253
1783532930.9357,57,neck_2_joint,0.0022714045,0.61705667,-0.027751261,0.5248147,0.46037707,0.55512017,0.45217732
1783532930.9357,57,neck_3_joint,0.0006629708,0.65646666,-0.0210982,0.52192575,0.46286792,0.5589159,0.44828582
1783532930.9357,57,neck_4_joint,-0.0014677283,0.6958376,-0.014360966,0.5118691,0.47323036,0.55422044,0.45484427
1783532930.9357,57,head_joint,-0.0043296,0.74158794,-0.0074817026,0.4481034,0.5335848,0.49978846,0.5144925
1783532930.9357,57,jaw_joint,-0.00278491,0.7172702,1.8975734e-05,0.4481034,0.5335848,0.49978846,0.5144925
1783532930.9357,57,chin_joint,-0.002942061,0.6775293,0.10452088,0.4481034,0.5335848,0.49978846,0.5144925
1783532930.9357,57,left_eye_joint,0.022485394,0.7848454,0.076281115,0.45273995,0.5296565,0.50425655,0.51011413
1783532930.9357,57,left_eyeLowerLid_joint,0.022485394,0.7848454,0.076281115,0.45273995,0.5296565,0.50425655,0.51011413
1783532930.9357,57,left_eyeUpperLid_joint,0.022485394,0.7848454,0.076281115,0.45273995,0.5296565,0.50425655,0.51011413
1783532930.9357,57,left_eyeball_joint,0.022485394,0.7848454,0.076281115,0.45273995,0.5296565,0.50425655,0.51011413
1783532930.9357,57,nose_joint,-0.00829759,0.7524592,0.10190787,0.4527427,0.5296541,0.50425917,0.51011145
1783532930.9357,57,right_eye_joint,-0.04195338,0.7801744,0.07440788,0.45273995,0.5296565,0.50425655,0.51011413
1783532930.9357,57,right_eyeLowerLid_joint,-0.04195338,0.7801744,0.07440788,0.45273995,0.5296565,0.50425655,0.51011413
1783532930.9357,57,right_eyeUpperLid_joint,-0.04195338,0.7801744,0.07440788,0.45273995,0.5296565,0.50425655,0.51011413
1783532930.9357,57,right_eyeball_joint,-0.04195338,0.7801744,0.07440788,0.45273995,0.5296565,0.50425655,0.51011413
1783532930.9357,57,right_shoulder_1_joint,-0.08595537,0.56475055,-0.026450638,0.35950807,-0.097931,-0.24379581,0.8953922
1783532930.9357,57,right_arm_joint,-0.21097997,0.6382904,-0.026462276,0.3277076,0.01671319,-0.41213727,0.84998316
1783532930.9357,57,right_forearm_joint,-0.38645813,0.8217317,0.05294325,0.29149225,0.08086428,-0.6040438,0.7373089
1783532930.9357,57,right_hand_joint,-0.45537597,1.0477893,0.17926247,-0.21092747,0.42810366,-0.4337454,0.7642655
1783532930.9357,57,right_handIndexStart_joint,-0.44879156,1.0675182,0.19909522,-0.18055256,0.47962493,-0.44665283,0.7333907
1783532930.9357,57,right_handIndex_1_joint,-0.46010917,1.1340421,0.24264087,-0.18055256,0.47962493,-0.44665283,0.7333907
1783532930.9357,57,right_handIndex_2_joint,-0.46668944,1.1727185,0.2679586,-0.18055256,0.47962493,-0.44665283,0.7333907
1783532930.9357,57,right_handIndex_3_joint,-0.47037417,1.1943781,0.28213614,-0.18055256,0.47962493,-0.44665283,0.7333907
1783532930.9357,57,right_handIndexEnd_joint,-0.47300598,1.2098491,0.29226282,-0.18055256,0.47962493,-0.44665283,0.7333907
1783532930.9357,57,right_handMidStart_joint,-0.45987296,1.0697596,0.19313262,-0.21045372,0.4290031,-0.43370163,0.76391643
1783532930.9357,57,right_handMid_1_joint,-0.47931162,1.1338555,0.22908014,-0.21045372,0.4290031,-0.43370163,0.76391643
1783532930.9357,57,right_handMid_2_joint,-0.49297076,1.1788956,0.25433996,-0.21045372,0.4290031,-0.43370163,0.76391643
1783532930.9357,57,right_handMid_3_joint,-0.50085115,1.2048802,0.26891324,-0.21045372,0.4290031,-0.43370163,0.76391643
1783532930.9357,57,right_handMidEnd_joint,-0.5061046,1.2222031,0.27862835,-0.21045372,0.4290031,-0.43370163,0.76391643
1783532930.9357,57,right_handPinkyStart_joint,-0.48424017,1.068977,0.17991778,-0.24237669,0.35547736,-0.3809988,0.8183699
1783532930.9357,57,right_handPinky_1_joint,-0.51325697,1.119518,0.20513599,-0.24237669,0.35547736,-0.3809988,0.8183699
1783532930.9357,57,right_handPinky_2_joint,-0.53117913,1.1507356,0.22071193,-0.24237669,0.35547736,-0.3809988,0.8183699
1783532930.9357,57,right_handPinky_3_joint,-0.5405671,1.1670868,0.22887108,-0.24237669,0.35547736,-0.3809988,0.8183699
1783532930.9357,57,right_handPinkyEnd_joint,-0.54910153,1.1819518,0.23628809,-0.24237669,0.35547736,-0.3809988,0.8183699
1783532930.9357,57,right_handRingStart_joint,-0.4713692,1.0697637,0.18730685,-0.22604892,0.39243978,-0.40832296,0.79256874
1783532930.9357,57,right_handRing_1_joint,-0.4964126,1.127368,0.21786445,-0.22604892,0.39243978,-0.40832296,0.79256874
1783532930.9357,57,right_handRing_2_joint,-0.51409024,1.1680293,0.23943447,-0.22604892,0.39243978,-0.40832296,0.79256874
1783532930.9357,57,right_handRing_3_joint,-0.52513874,1.1934433,0.2529156,-0.22604892,0.39243978,-0.40832296,0.79256874
1783532930.9357,57,right_handRingEnd_joint,-0.532505,1.2103858,0.26190385,-0.22604892,0.39243978,-0.40832296,0.79256874
1783532930.9357,57,right_handThumbStart_joint,-0.45194966,1.0601205,0.20743577,-0.42902613,-0.26626027,0.72074485,-0.474941
1783532930.9357,57,right_handThumb_1_joint,-0.44224793,1.0846156,0.2542241,-0.42902613,-0.26626027,0.72074485,-0.474941
1783532930.9357,57,right_handThumb_2_joint,-0.43531093,1.1021234,0.28766719,-0.42902613,-0.26626027,0.72074485,-0.474941
1783532930.9357,57,right_handThumbEnd_joint,-0.43068698,1.1137949,0.30996278,-0.42902613,-0.2662602,0.72074485,-0.474941
1783532930.9357,57,camera,0.10977332,0.068268694,-0.03235013,-0.07783006,-0.081529215,-0.69865733,0.706522
1783532930.9687,58,root,-0.0009351285,0.019087745,0.0015744416,0.10584565,0.0006742083,-0.014710455,0.9942736
1783532930.9687,58,hips_joint,-0.0009351285,0.019087745,0.0015744416,0.10584565,0.0006742083,-0.014710455,0.9942736
1783532930.9687,58,left_upLeg_joint,0.09882532,-0.008448654,-0.0031934755,-0.5664727,0.44716316,-0.38310573,0.5765275
1783532930.9687,58,left_leg_joint,0.22791395,-0.40780103,-0.03754092,-0.43252108,0.5630319,-0.22854623,0.6660985
1783532930.9687,58,left_foot_joint,0.34751037,-0.7697661,-0.29014224,0.6876975,-0.17649497,0.590688,-0.3834179
1783532930.9687,58,left_toes_joint,0.38325927,-0.87344915,-0.18923481,0.70868456,-0.042952888,0.6526524,-0.26451135
1783532930.9687,58,left_toesEnd_joint,0.39201894,-0.8980861,-0.13449953,0.70868456,-0.04295268,0.6526523,-0.26451156
1783532930.9687,58,right_upLeg_joint,-0.10216733,-0.0025907266,-0.0022962259,0.56668615,0.37019083,0.4129689,0.6093294
1783532930.9687,58,right_leg_joint,-0.264217,-0.39118904,-0.009417405,0.6511174,0.2028661,0.55374116,0.4777683
1783532930.9687,58,right_foot_joint,-0.40343496,-0.7539704,-0.2505346,0.3874612,0.56123227,0.14127743,0.7175884
1783532930.9687,58,right_toes_joint,-0.45263308,-0.84900343,-0.14681022,0.2740649,0.6244969,0.0027076977,0.73135835
1783532930.9687,58,right_toesEnd_joint,-0.46597782,-0.8700078,-0.0914898,0.27406543,0.6244969,0.0027072704,0.7313582
1783532930.9687,58,spine_1_joint,-0.0009351482,0.019087745,0.0015744418,0.54616827,0.45120418,0.53045356,0.46554717
1783532930.9687,58,spine_2_joint,0.0007953272,0.07587914,0.010743768,0.53162634,0.46869987,0.5123918,0.4849215
1783532930.9687,58,spine_3_joint,0.0028413495,0.1331607,0.015937153,0.5172887,0.48162264,0.4978437,0.50259733
1783532930.9687,58,spine_4_joint,0.004983822,0.18614623,0.01757829,0.5066057,0.4898945,0.4879626,0.5150214
1783532930.9687,58,spine_5_joint,0.008069741,0.2565354,0.016636305,0.5061787,0.4870836,0.4916416,0.51460844
1783532930.9687,58,spine_6_joint,0.012014233,0.35029405,0.01684921,0.47891626,0.5109745,0.47852898,0.5296741
1783532930.9687,58,spine_7_joint,0.014129368,0.45705202,0.008691259,0.43587357,0.54867256,0.45335543,0.55085564
1783532930.9687,58,left_shoulder_1_joint,0.10211432,0.567206,-0.018334098,0.87871677,0.20633583,-0.11557132,-0.41463932
1783532930.9687,58,left_arm_joint,0.23093848,0.6337059,-0.022975544,0.87495404,0.24992773,-0.021221016,-0.4141754
1783532930.9687,58,left_forearm_joint,0.46345624,0.75471085,0.022213688,0.77606773,0.50762045,0.045322903,-0.37146506
1783532930.9687,58,left_hand_joint,0.5922252,0.9568204,0.14212339,0.84334815,0.3781271,0.34169087,0.1703856
1783532930.9687,58,left_handIndexStart_joint,0.59222853,0.9759475,0.16507244,0.8197165,0.38783062,0.39559865,0.14544469
1783532930.9687,58,left_handIndex_1_joint,0.62324274,1.0362525,0.20809814,0.8197165,0.38783062,0.39559865,0.14544469
1783532930.9687,58,left_handIndex_2_joint,0.6412743,1.0713135,0.2331131,0.8197165,0.38783062,0.39559865,0.14544469
1783532930.9687,58,left_handIndex_3_joint,0.6513719,1.0909477,0.24712147,0.8197165,0.38783062,0.39559865,0.14544469
1783532930.9687,58,left_handIndexEnd_joint,0.6585845,1.1049721,0.25712743,0.8197165,0.38783062,0.39559865,0.14544469
1783532930.9687,58,left_handMidStart_joint,0.60203373,0.97695786,0.1569353,0.8443983,0.3774135,0.3393559,0.17143004
1783532930.9687,58,left_handMid_1_joint,0.63888526,1.0342522,0.19066334,0.8443983,0.3774135,0.3393559,0.17143004
1783532930.9687,58,left_handMid_2_joint,0.66478086,1.0745132,0.21436411,0.8443983,0.3774135,0.3393559,0.17143004
1783532930.9687,58,left_handMid_3_joint,0.6797207,1.0977407,0.22803764,0.8443983,0.3774135,0.3393559,0.17143004
1783532930.9687,58,left_handMidEnd_joint,0.6896805,1.1132256,0.23715332,0.8443983,0.3774135,0.3393559,0.17143004
1783532930.9687,58,left_handPinkyStart_joint,0.6226279,0.9735588,0.13867794,0.8871858,0.32666335,0.2564082,0.20111535
1783532930.9687,58,left_handPinky_1_joint,0.6642271,1.0169148,0.15922505,0.8871858,0.32666335,0.2564082,0.20111535
1783532930.9687,58,left_handPinky_2_joint,0.6899208,1.0436935,0.1719159,0.8871858,0.32666335,0.2564082,0.20111535
1783532930.9687,58,left_handPinky_3_joint,0.70337933,1.0577204,0.17856349,0.8871858,0.32666335,0.2564082,0.20111535
1783532930.9687,58,left_handPinkyEnd_joint,0.7156144,1.0704722,0.18460676,0.8871858,0.32666335,0.2564082,0.20111535
1783532930.9687,58,left_handRingStart_joint,0.6118969,0.97568864,0.1487372,0.8672916,0.35284173,0.297986,0.18577509
1783532930.9687,58,left_handRing_1_joint,0.6519507,1.0261737,0.17568474,0.8672916,0.35284173,0.297986,0.18577509
1783532930.9687,58,left_handRing_2_joint,0.68022406,1.0618104,0.19470651,0.8672916,0.35284173,0.297986,0.18577509
1783532930.9687,58,left_handRing_3_joint,0.6978949,1.0840832,0.20659512,0.8672916,0.35284173,0.297986,0.18577509
1783532930.9687,58,left_handRingEnd_joint,0.70967543,1.0989318,0.21452087,0.8672916,0.35284173,0.297986,0.18577509
1783532930.9687,58,left_handThumbStart_joint,0.5957911,0.9675081,0.17216726,0.54310536,0.6209169,0.26977816,-0.49670777
1783532930.9687,58,left_handThumb_1_joint,0.6002704,0.9893334,0.2210227,0.54310536,0.6209169,0.26977816,-0.49670777
1783532930.9687,58,left_handThumb_2_joint,0.60346997,1.0049331,0.25594416,0.54310536,0.6209169,0.26977816,-0.49670777
1783532930.9687,58,left_handThumbEnd_joint,0.60560304,1.015333,0.27922514,0.54310536,0.6209169,0.26977816,-0.4967078
1783532930.9687,58,neck_1_joint,0.012519775,0.5866936,-0.025900492,0.52338725,0.4667275,0.5409762,0.4643021
1783532930.9687,58,neck_2_joint,0.011890386,0.61642087,-0.021914238,0.53647834,0.45180494,0.5557018,0.44638443
1783532930.9687,58,neck_3_joint,0.010855807,0.6556561,-0.014198774,0.5340497,0.45403388,0.55800056,0.4441618
1783532930.9687,58,neck_4_joint,0.009454898,0.6948817,-0.006491943,0.5244586,0.464397,0.552603,0.45156255
1783532930.9687,58,head_joint,0.0075309738,0.74050575,0.0014671236,0.4616655,0.52628946,0.4986541,0.51110524
1783532930.9687,58,jaw_joint,0.008693849,0.7159961,0.008389981,0.4616655,0.52628946,0.4986541,0.51110524
1783532930.9687,58,chin_joint,0.00887848,0.6738544,0.11194698,0.4616655,0.52628946,0.4986541,0.51110524
1783532930.9687,58,left_eye_joint,0.036034252,0.7813027,0.08590424,0.46623784,0.52224314,0.5030926,0.506737
1783532930.9687,58,left_eyeLowerLid_joint,0.036034252,0.7813027,0.08590424,0.46623784,0.52224314,0.5030926,0.506737
1783532930.9687,58,left_eyeUpperLid_joint,0.036034252,0.7813027,0.08590424,0.46623784,0.52224314,0.5030926,0.506737
1783532930.9687,58,left_eyeball_joint,0.036034252,0.7813027,0.08590424,0.46623784,0.52224314,0.5030926,0.506737
1783532930.9687,58,nose_joint,0.004914059,0.74891174,0.11111425,0.46624056,0.5222407,0.50309527,0.5067343
1783532930.9687,58,right_eye_joint,-0.0284974,0.77788,0.08462649,0.46623784,0.52224314,0.5030926,0.506737
1783532930.9687,58,right_eyeLowerLid_joint,-0.0284974,0.77788,0.08462649,0.46623784,0.52224314,0.5030926,0.506737
1783532930.9687,58,right_eyeUpperLid_joint,-0.0284974,0.77788,0.08462649,0.46623784,0.52224314,0.5030926,0.506737
1783532930.9687,58,right_eyeball_joint,-0.0284974,0.77788,0.08462649,0.46623784,0.52224314,0.5030926,0.506737
1783532930.9687,58,right_shoulder_1_joint,-0.07656172,0.56411713,-0.021541476,0.40556392,-0.09591151,-0.1795273,0.8911168
1783532930.9687,58,right_arm_joint,-0.2095924,0.62181133,-0.025213718,0.38801,0.0149434665,-0.29144147,0.8742352
1783532930.9687,58,right_forearm_joint,-0.4302748,0.7542671,0.04189255,0.35625032,0.09144407,-0.49426565,0.7876709
1783532930.9687,58,right_hand_joint,-0.5628342,0.9454597,0.174865,-0.18951805,0.37048694,-0.3397057,0.8434588
1783532930.9687,58,right_handIndexStart_joint,-0.563302,0.9638165,0.19697227,-0.16567911,0.4275432,-0.3513258,0.816289
1783532930.9687,58,right_handIndex_1_joint,-0.59442663,1.0212573,0.24367945,-0.16567911,0.4275432,-0.3513258,0.816289
1783532930.9687,58,right_handIndex_2_joint,-0.61252266,1.0546527,0.27083522,-0.16567911,0.4275432,-0.3513258,0.816289
1783532930.9687,58,right_handIndex_3_joint,-0.6226563,1.073355,0.28604212,-0.16567911,0.4275432,-0.3513258,0.816289
1783532930.9687,58,right_handIndexEnd_joint,-0.62989444,1.0867137,0.29690412,-0.16567911,0.4275432,-0.3513258,0.816289
1783532930.9687,58,right_handMidStart_joint,-0.5737848,0.9643273,0.18967696,-0.18916678,0.37145102,-0.33962503,0.843146
1783532930.9687,58,right_handMid_1_joint,-0.61128783,1.0185446,0.22752382,-0.18916678,0.37145102,-0.33962503,0.843146
1783532930.9687,58,right_handMid_2_joint,-0.6376407,1.056643,0.25411838,-0.18916678,0.37145102,-0.33962503,0.843146
1783532930.9687,58,right_handMid_3_joint,-0.6528444,1.0786228,0.26946166,-0.18916678,0.37145102,-0.33962503,0.843146
1783532930.9687,58,right_handMidEnd_joint,-0.66298,1.0932761,0.27969012,-0.18916678,0.37145102,-0.33962503,0.843146
1783532930.9687,58,right_handPinkyStart_joint,-0.5955504,0.9599137,0.1730701,-0.21367815,0.2889167,-0.28717825,0.88791764
1783532930.9687,58,right_handPinky_1_joint,-0.63797593,1.0001383,0.19785698,-0.21367815,0.2889167,-0.28717825,0.88791764
1783532930.9687,58,right_handPinky_2_joint,-0.6641802,1.0249839,0.2131666,-0.21367815,0.2889167,-0.28717825,0.88791764
1783532930.9687,58,right_handPinky_3_joint,-0.67790633,1.0379974,0.22118613,-0.21367814,0.2889167,-0.28717825,0.88791764
1783532930.9687,58,right_handPinkyEnd_joint,-0.69038445,1.049828,0.22847627,-0.21367815,0.2889167,-0.28717825,0.88791764
1783532930.9687,58,right_handRingStart_joint,-0.58418715,0.96256256,0.1822755,-0.200947,0.33037245,-0.31417522,0.8670459
1783532930.9687,58,right_handRing_1_joint,-0.62500083,1.0098927,0.21347308,-0.200947,0.33037245,-0.31417522,0.8670459
1783532930.9687,58,right_handRing_2_joint,-0.6538103,1.0433017,0.23549484,-0.200947,0.33037245,-0.31417522,0.8670459
1783532930.9687,58,right_handRing_3_joint,-0.6718163,1.0641831,0.24925838,-0.200947,0.33037245,-0.31417522,0.8670459
1783532930.9687,58,right_handRingEnd_joint,-0.68382096,1.0781035,0.25843477,-0.200947,0.33037245,-0.31417522,0.8670459
1783532930.9687,58,right_handThumbStart_joint,-0.5657328,0.9550456,0.20414367,0.46742126,0.3134298,-0.6202882,0.54637206
1783532930.9687,58,right_handThumb_1_joint,-0.5675621,0.97570884,0.2536711,0.46742126,0.3134298,-0.6202882,0.54637206
1783532930.9687,58,right_handThumb_2_joint,-0.56886727,0.99047834,0.28907233,0.46742126,0.3134298,-0.6202882,0.54637206
1783532930.9687,58,right_handThumbEnd_joint,-0.569738,1.0003241,0.3126732,0.46742126,0.31342977,-0.6202882,0.54637206
1783532930.9687,58,camera,0.10990188,0.06828721,-0.03223318,-0.07775563,-0.08147429,-0.69861346,0.70657986
1783532931.0049,59,root,-0.000736301,0.017528908,0.0016252665,0.10205073,0.0012236085,-0.011719313,0.9947094
1783532931.0049,59,hips_joint,-0.000736301,0.017528908,0.0016252665,0.10205073,0.0012236085,-0.011719313,0.9947094
1783532931.0049,59,left_upLeg_joint,0.09918722,-0.009435965,-0.0029919874,-0.57111865,0.4466528,-0.39233154,0.56603974
1783532931.0049,59,left_leg_joint,0.22263493,-0.41130674,-0.027209887,-0.44160324,0.5624768,-0.24592969,0.65431273
1783532931.0049,59,left_foot_joint,0.33525893,-0.7856639,-0.2644903,0.69450474,-0.17045715,0.59710443,-0.36341992
1783532931.0049,59,left_toes_joint,0.3693606,-0.88562936,-0.15935005,0.714224,-0.035734273,0.65516204,-0.24365968
1783532931.0049,59,left_toesEnd_joint,0.37779102,-0.9080928,-0.103636645,0.714224,-0.035734065,0.655162,-0.24365987
1783532931.0049,59,right_upLeg_joint,-0.10183683,-0.004793521,-0.0020200855,0.5600744,0.37986594,0.42433494,0.6016297
1783532931.0049,59,right_leg_joint,-0.24975985,-0.39897525,-0.009701269,0.64695257,0.21750583,0.557817,0.4722117
1783532931.0049,59,right_foot_joint,-0.37920547,-0.76859254,-0.24582908,0.37515444,0.57018834,0.14791262,0.71572787
1783532931.0049,59,right_toes_joint,-0.4248113,-0.8639055,-0.14072901,0.26028374,0.630958,0.009575269,0.7307892
1783532931.0049,59,right_toesEnd_joint,-0.4371617,-0.8846785,-0.08509121,0.26028425,0.6309581,0.0095748445,0.73078895
1783532931.0049,59,spine_1_joint,-0.00073632074,0.017528908,0.0016252666,0.5444633,0.45332938,0.5286805,0.46749237
1783532931.0049,59,spine_2_joint,0.0009890477,0.0743883,0.010363993,0.5306285,0.46954677,0.50951254,0.48821732
1783532931.0049,59,spine_3_joint,0.0032822816,0.13170034,0.015097259,0.51677924,0.48137218,0.49466845,0.50648105
1783532931.0049,59,spine_4_joint,0.0057847374,0.18468063,0.01635236,0.50676453,0.48839542,0.48581576,0.5183072
1783532931.0049,59,spine_5_joint,0.009372422,0.25504205,0.0151506625,0.50765663,0.48369625,0.49253917,0.51548797
1783532931.0049,59,spine_6_joint,0.013766171,0.3487784,0.015832772,0.48322237,0.504559,0.48545712,0.5255928
1783532931.0049,59,spine_7_joint,0.015842501,0.45568952,0.010003116,0.44605806,0.53732634,0.47053012,0.5393645
1783532931.0049,59,left_shoulder_1_joint,0.10304276,0.5677767,-0.010929854,0.85360485,0.15333958,-0.11733455,-0.48381653
1783532931.0049,59,left_arm_joint,0.23727751,0.6222167,-0.018463485,-0.85522753,-0.119801626,0.020558838,0.50379646
1783532931.0049,59,left_forearm_joint,0.49540398,0.6822313,0.0042906688,0.7953289,0.3743623,0.073129795,-0.4711231
1783532931.0049,59,left_hand_joint,0.6853975,0.823338,0.12998642,0.9187066,0.25496793,0.28370148,0.10238696
1783532931.0049,59,left_handIndexStart_joint,0.6932594,0.83708996,0.15531577,0.8985966,0.26049384,0.34255275,0.08558566
1783532931.0049,59,left_handIndex_1_joint,0.743823,0.87939703,0.20117666,0.8985966,0.26049384,0.34255275,0.08558566
1783532931.0049,59,left_handIndex_2_joint,0.7732204,0.90399414,0.22783996,0.8985966,0.26049384,0.34255275,0.08558566
1783532931.0049,59,left_handIndex_3_joint,0.789683,0.91776854,0.24277142,0.8985966,0.26049384,0.34255275,0.08558566
1783532931.0049,59,left_handIndexEnd_joint,0.8014419,0.9276074,0.25343674,0.8985966,0.26049384,0.34255275,0.08558566
1783532931.0049,59,left_handMidStart_joint,0.70181656,0.83749855,0.14582975,0.91956574,0.25443345,0.28112802,0.1031002
1783532931.0049,59,left_handMid_1_joint,0.7559742,0.8774752,0.18114376,0.91956574,0.25443345,0.28112802,0.1031002
1783532931.0049,59,left_handMid_2_joint,0.7940309,0.9055669,0.205959,0.91956574,0.25443345,0.28112802,0.1031002
1783532931.0049,59,left_handMid_3_joint,0.8159867,0.9217736,0.22027549,0.91956574,0.25443345,0.28112802,0.1031002
1783532931.0049,59,left_handMidEnd_joint,0.8306239,0.9325781,0.22981982,0.91956574,0.25443345,0.28112802,0.1031002
1783532931.0049,59,left_handPinkyStart_joint,0.71825737,0.8333118,0.123894125,0.95179397,0.20917305,0.18786202,0.12264938
1783532931.0049,59,left_handPinky_1_joint,0.77171975,0.86152303,0.14334473,0.95179397,0.20917305,0.18786202,0.12264938
1783532931.0049,59,left_handPinky_2_joint,0.8047406,0.87894756,0.15535833,0.95179397,0.20917305,0.18786202,0.12264938
1783532931.0049,59,left_handPinky_3_joint,0.8220373,0.88807476,0.16165116,0.95179397,0.20917305,0.18786202,0.12264938
1783532931.0049,59,left_handPinkyEnd_joint,0.8377615,0.8963722,0.16737194,0.95179397,0.20917305,0.18786202,0.12264938
1783532931.0049,59,left_handRingStart_joint,0.7098535,0.8357285,0.13591133,0.9372167,0.23236766,0.23461024,0.11219751
1783532931.0049,59,left_handRing_1_joint,0.76447225,0.86983025,0.16298711,0.9372167,0.23236766,0.23461024,0.11219751
1783532931.0049,59,left_handRing_2_joint,0.8030266,0.89390206,0.18209943,0.9372167,0.23236766,0.23461024,0.11219751
1783532931.0049,59,left_handRing_3_joint,0.82712317,0.9089469,0.19404462,0.9372167,0.23236766,0.23461024,0.11219751
1783532931.0049,59,left_handRingEnd_joint,0.84318745,0.9189768,0.20200808,0.9372167,0.23236766,0.23461024,0.11219751
1783532931.0049,59,left_handThumbStart_joint,0.695533,0.8268453,0.16022788,-0.58571136,-0.48353004,-0.3379824,0.5557959
1783532931.0049,59,left_handThumb_1_joint,0.711856,0.83708644,0.21034715,-0.58571136,-0.48353004,-0.3379824,0.5557959
1783532931.0049,59,left_handThumb_2_joint,0.72352123,0.8444065,0.24617226,-0.58571136,-0.48353004,-0.3379824,0.5557959
1783532931.0049,59,left_handThumbEnd_joint,0.73129815,0.8492865,0.27005568,-0.58571136,-0.48353004,-0.33798233,0.5557959
1783532931.0049,59,neck_1_joint,0.013329799,0.5868917,-0.018028438,0.52905977,0.45663184,0.55218303,0.45461744
1783532931.0049,59,neck_2_joint,0.012524676,0.61644876,-0.012955736,0.54001373,0.44386238,0.5636075,0.44013423
1783532931.0049,59,neck_3_joint,0.011351304,0.6554691,-0.004235993,0.53638107,0.44762433,0.56381947,0.44049487
1783532931.0049,59,neck_4_joint,0.009890509,0.6945456,0.004183674,0.52628666,0.45878825,0.55735415,0.44932428
1783532931.0049,59,head_joint,0.007954478,0.74005026,0.012796995,0.46411628,0.52092147,0.503648,0.5094859
1783532931.0049,59,jaw_joint,0.00905716,0.7154411,0.019367762,0.46411628,0.52092147,0.503648,0.5094859
1783532931.0049,59,chin_joint,0.00859251,0.67179114,0.1222972,0.46411628,0.52092147,0.503648,0.5094859
1783532931.0049,59,left_eye_joint,0.03598591,0.7795849,0.09798918,0.46864173,0.51685405,0.5080722,0.5050741
1783532931.0049,59,left_eyeLowerLid_joint,0.03598591,0.7795849,0.09798918,0.46864173,0.51685405,0.5080722,0.5050741
1783532931.0049,59,left_eyeUpperLid_joint,0.03598591,0.7795849,0.09798918,0.46864173,0.51685405,0.5080722,0.5050741
1783532931.0049,59,left_eyeball_joint,0.03598591,0.7795849,0.09798918,0.46864173,0.51685405,0.5080722,0.5050741
1783532931.0049,59,nose_joint,0.004691114,0.7468559,0.12253776,0.46864438,0.5168514,0.50807476,0.5050714
1783532931.0049,59,right_eye_joint,-0.028539617,0.7762368,0.09627802,0.46864173,0.51685405,0.5080722,0.5050741
1783532931.0049,59,right_eyeLowerLid_joint,-0.028539617,0.7762368,0.09627802,0.46864173,0.51685405,0.5080722,0.5050741
1783532931.0049,59,right_eyeUpperLid_joint,-0.028539617,0.7762368,0.09627802,0.46864173,0.51685405,0.5080722,0.5050741
1783532931.0049,59,right_eyeball_joint,-0.028539617,0.7762368,0.09627802,0.46864173,0.51685405,0.5080722,0.5050741
1783532931.0049,59,right_shoulder_1_joint,-0.07558091,0.5634009,-0.015331108,0.46863362,-0.09735646,-0.10646443,0.8715329
1783532931.0049,59,right_arm_joint,-0.21459228,0.603554,-0.025471954,0.46424627,0.0064254985,-0.13987848,0.8745674
1783532931.0049,59,right_forearm_joint,-0.47014767,0.6670449,0.0120626995,0.43768495,0.08933797,-0.34086442,0.82720137
1783532931.0049,59,right_hand_joint,-0.6715706,0.7972045,0.13162678,-0.1482714,0.27648577,-0.2184615,0.9240378
1783532931.0049,59,right_handIndexStart_joint,-0.68101037,0.8113294,0.15480648,-0.13290086,0.33924198,-0.22750305,0.9030475
1783532931.0049,59,right_handIndex_1_joint,-0.7345223,0.85156983,0.1991565,-0.13290086,0.33924198,-0.22750305,0.9030475
1783532931.0049,59,right_handIndex_2_joint,-0.76563424,0.8749649,0.2249417,-0.13290086,0.33924198,-0.22750305,0.9030475
1783532931.0049,59,right_handIndex_3_joint,-0.7830569,0.88806707,0.23938121,-0.13290086,0.33924198,-0.22750305,0.9030475
1783532931.0049,59,right_handIndexEnd_joint,-0.7955015,0.8974256,0.24969509,-0.13290086,0.33924198,-0.22750305,0.9030475
1783532931.0049,59,right_handMidStart_joint,-0.6897391,0.8103221,0.14552382,-0.14808096,0.27750725,-0.21832748,0.9237938
1783532931.0049,59,right_handMid_1_joint,-0.7468,0.84723264,0.17958322,-0.14808096,0.27750725,-0.21832748,0.9237938
1783532931.0049,59,right_handMid_2_joint,-0.7868961,0.8731699,0.20351645,-0.14808096,0.27750725,-0.21832748,0.9237938
1783532931.0049,59,right_handMid_3_joint,-0.8100287,0.8881336,0.21732432,-0.14808096,0.27750725,-0.21832748,0.9237938
1783532931.0049,59,right_handMidEnd_joint,-0.82545006,0.8981095,0.22652923,-0.14808095,0.27750725,-0.21832748,0.9237938
1783532931.0049,59,right_handPinkyStart_joint,-0.7061059,0.803211,0.12429725,-0.16372578,0.18525115,-0.16845429,0.95420074
1783532931.0049,59,right_handPinky_1_joint,-0.7616442,0.8274771,0.14324409,-0.16372578,0.18525115,-0.16845429,0.95420074
1783532931.0049,59,right_handPinky_2_joint,-0.7959478,0.8424658,0.15494666,-0.16372578,0.18525115,-0.16845429,0.95420074
1783532931.0049,59,right_handPinky_3_joint,-0.8139162,0.85031617,0.16107668,-0.16372576,0.18525115,-0.16845429,0.95420074
1783532931.0049,59,right_handPinkyEnd_joint,-0.830251,0.8574531,0.16664915,-0.16372578,0.18525115,-0.16845429,0.95420074
1783532931.0049,59,right_handRingStart_joint,-0.6977518,0.8071728,0.13593313,-0.15528743,0.2315248,-0.19389252,0.94057846
1783532931.0049,59,right_handRing_1_joint,-0.7548624,0.8376734,0.16214933,-0.15528743,0.2315248,-0.19389252,0.94057846
1783532931.0049,59,right_handRing_2_joint,-0.79517543,0.8592028,0.18065481,-0.15528743,0.2315248,-0.19389252,0.94057846
1783532931.0049,59,right_handRing_3_joint,-0.8203714,0.8726594,0.19222072,-0.15528743,0.2315248,-0.19389252,0.94057846
1783532931.0049,59,right_handRingEnd_joint,-0.83716923,0.8816297,0.19993185,-0.15528743,0.2315248,-0.19389252,0.94057846
1783532931.0049,59,right_handThumbStart_joint,-0.6822093,0.8012532,0.16040097,0.5151625,0.3546124,-0.47164816,0.62161535
1783532931.0049,59,right_handThumb_1_joint,-0.6985144,0.81311977,0.21016651,0.5151625,0.3546124,-0.47164816,0.62161535
1783532931.0049,59,right_handThumb_2_joint,-0.7101665,0.8216023,0.24573845,0.5151625,0.3546124,-0.47164816,0.62161535
1783532931.0049,59,right_handThumbEnd_joint,-0.7179351,0.8272567,0.26945296,0.5151625,0.3546124,-0.47164816,0.62161535
1783532931.0049,59,camera,0.10974006,0.068192,-0.03213794,-0.07769181,-0.08182865,-0.69856566,0.7065933
1783532931.0351,60,root,-0.00056744803,0.015697397,0.00033934854,0.09635393,0.004731759,-0.0065958053,0.995314
1783532931.0351,60,hips_joint,-0.00056744803,0.015697397,0.00033934854,0.09635393,0.004731759,-0.0065958053,0.995314
1783532931.0351,60,left_upLeg_joint,0.09961637,-0.010227361,-0.0045843283,-0.5752925,0.45002946,-0.40112823,0.5528182
1783532931.0351,60,left_leg_joint,0.2146355,-0.41503134,-0.019759417,-0.44994313,0.5649549,-0.26442945,0.639104
1783532931.0351,60,left_foot_joint,0.31606883,-0.80209166,-0.24117519,0.70259833,-0.16726474,0.6022885,-0.34003884
1783532931.0351,60,left_toes_joint,0.34863853,-0.898164,-0.13199735,0.7215657,-0.03106577,0.65582067,-0.21971986
1783532931.0351,60,left_toesEnd_joint,0.35700202,-0.9183653,-0.075414516,0.7215657,-0.031065568,0.6558206,-0.21972004
1783532931.0351,60,right_upLeg_joint,-0.101437055,-0.007766001,-0.0024333382,0.54841906,0.40168524,0.4358104,0.589877
1783532931.0351,60,right_leg_joint,-0.2266856,-0.4097974,-0.004169769,0.64435697,0.2401982,0.5607003,0.46121997
1783532931.0351,60,right_foot_joint,-0.34368187,-0.78788024,-0.23328674,0.35911703,0.5864513,0.1569609,0.7088533
1783532931.0351,60,right_toes_joint,-0.38285875,-0.883817,-0.12618041,0.24145465,0.64388657,0.019762564,0.72575414
1783532931.0351,60,right_toesEnd_joint,-0.39317334,-0.90441865,-0.07006624,0.24145514,0.64388657,0.019762117,0.72575396
1783532931.0351,60,spine_1_joint,-0.0005674678,0.015697397,0.00033934874,0.5384862,0.462453,0.529556,0.46447852
1783532931.0351,60,spine_2_joint,8.951839e-05,0.07267381,0.00843808,0.52272666,0.4793389,0.5125949,0.48398116
1783532931.0351,60,spine_3_joint,0.0009506005,0.13007122,0.012576824,0.5083503,0.4904289,0.50013936,0.50091934
1783532931.0351,60,spine_4_joint,0.0019416683,0.18310836,0.013487301,0.4995898,0.495271,0.49409983,0.51086426
1783532931.0351,60,spine_5_joint,0.0034325856,0.2535472,0.01239489,0.5043335,0.48586667,0.50496674,0.50456935
1783532931.0351,60,spine_6_joint,0.00510328,0.347345,0.014731647,0.48693305,0.49857396,0.5037599,0.51043767
1783532931.0351,60,spine_7_joint,0.0045833844,0.45442665,0.01348977,0.46217072,0.5192804,0.49694726,0.519413
1783532931.0351,60,left_shoulder_1_joint,0.09031525,0.56900996,0.0022502695,-0.8073358,-0.0999268,0.11009565,0.57105404
1783532931.0351,60,left_arm_joint,0.22895196,0.6106523,-0.0069808536,-0.79447025,0.023968173,0.019725202,0.60650927
1783532931.0351,60,left_forearm_joint,0.4944258,0.60688674,-0.023050694,-0.7790914,-0.19905637,-0.10122309,0.5857877
1783532931.0351,60,left_hand_joint,0.73566896,0.65822333,0.08170792,0.9747458,0.098055564,0.20063575,0.0010398334
1783532931.0351,60,left_handIndexStart_joint,0.7513203,0.66234666,0.106818385,0.9598004,0.09733237,0.2632129,-0.0053573535
1783532931.0351,60,left_handIndex_1_joint,0.81898123,0.67712533,0.14748015,0.9598004,0.09733237,0.2632129,-0.0053573535
1783532931.0351,60,left_handIndex_2_joint,0.8583189,0.6857175,0.1711207,0.9598004,0.09733237,0.2632129,-0.0053573535
1783532931.0351,60,left_handIndex_3_joint,0.880348,0.69052917,0.18435942,0.9598004,0.09733237,0.2632129,-0.0053573535
1783532931.0351,60,left_handIndexEnd_joint,0.8960831,0.69396603,0.19381563,0.9598004,0.09733237,0.2632129,-0.0053573535
1783532931.0351,60,left_handMidStart_joint,0.7579221,0.663162,0.095903814,0.9753365,0.097801566,0.1978686,0.0013309586
1783532931.0351,60,left_handMid_1_joint,0.8265305,0.6777041,0.12522401,0.9753365,0.097801566,0.1978686,0.0013309586
1783532931.0351,60,left_handMid_2_joint,0.8747418,0.68792284,0.1458274,0.9753365,0.097801566,0.1978686,0.0013309586
1783532931.0351,60,left_handMid_3_joint,0.90255606,0.6938183,0.15771396,0.9753365,0.097801566,0.1978686,0.0013309586
1783532931.0351,60,left_handMidEnd_joint,0.9210988,0.69774854,0.16563834,0.9753365,0.097801566,0.1978686,0.0013309586
1783532931.0351,60,left_handPinkyStart_joint,0.76852447,0.6610861,0.070364,0.9934625,0.062493388,0.09517944,0.008230012
1783532931.0351,60,left_handPinky_1_joint,0.8303793,0.6690706,0.0823077,0.9934625,0.062493388,0.09517944,0.008230012
1783532931.0351,60,left_handPinky_2_joint,0.86858374,0.6740021,0.089684695,0.9934625,0.062493388,0.09517944,0.008230012
1783532931.0351,60,left_handPinky_3_joint,0.8885956,0.6765853,0.09354883,0.9934625,0.062493388,0.09517944,0.008230012
1783532931.0351,60,left_handPinkyEnd_joint,0.9067882,0.6789336,0.09706168,0.9934625,0.062493388,0.09517944,0.008230012
1783532931.0351,60,left_handRingStart_joint,0.76331985,0.66219014,0.08424103,0.98590887,0.08040363,0.14664246,0.0038890026
1783532931.0351,60,left_handRing_1_joint,0.82926404,0.6733442,0.10439506,0.98590887,0.08040363,0.14664246,0.0038890026
1783532931.0351,60,left_handRing_2_joint,0.8758129,0.6812176,0.11862144,0.98590887,0.08040363,0.14664246,0.0038890026
1783532931.0351,60,left_handRing_3_joint,0.9049059,0.6861385,0.12751293,0.98590887,0.08040363,0.14664246,0.0038890026
1783532931.0351,60,left_handRingEnd_joint,0.92430127,0.6894191,0.13344058,0.98590887,0.08040363,0.14664246,0.0038890026
1783532931.0351,60,left_handThumbStart_joint,0.75124997,0.65092963,0.108793125,-0.6059355,-0.29374406,-0.40654343,0.6174782
1783532931.0351,60,left_handThumb_1_joint,0.7779328,0.6430853,0.15472518,-0.6059355,-0.29374406,-0.40654343,0.6174782
1783532931.0351,60,left_handThumb_2_joint,0.7970033,0.6374785,0.18755777,-0.6059355,-0.29374406,-0.40654343,0.6174782
1783532931.0351,60,left_handThumbEnd_joint,0.809717,0.6337406,0.20944616,-0.6059355,-0.29374406,-0.40654343,0.6174782
1783532931.0351,60,neck_1_joint,0.00038475692,0.5874138,-0.003913978,0.5364949,0.44210503,0.5718266,0.4355812
1783532931.0351,60,neck_2_joint,-0.00096179306,0.6165896,0.0029385893,0.5427379,0.43401664,0.5802385,0.4247221
1783532931.0351,60,neck_3_joint,-0.0029655725,0.65514934,0.013385074,0.5361336,0.4410402,0.57870114,0.42795998
1783532931.0351,60,neck_4_joint,-0.005318487,0.69387877,0.023106154,0.52455515,0.45385823,0.57143784,0.43853593
1783532931.0351,60,head_joint,-0.008314989,0.73907065,0.03297149,0.46289232,0.51574373,0.5189009,0.5004811
1783532931.0351,60,jaw_joint,-0.006762171,0.7143136,0.03886062,0.46289232,0.51574373,0.5189009,0.5004811
1783532931.0351,60,chin_joint,-0.0074304775,0.6677648,0.14051083,0.46289232,0.51574373,0.5189009,0.5004811
1783532931.0351,60,left_eye_joint,0.01793289,0.7767534,0.11955966,0.4673726,0.5116871,0.5232459,0.49593675
1783532931.0351,60,left_eyeLowerLid_joint,0.01793289,0.7767534,0.11955966,0.4673726,0.5116871,0.5232459,0.49593675
1783532931.0351,60,left_eyeUpperLid_joint,0.01793289,0.7767534,0.11955966,0.4673726,0.5116871,0.5232459,0.49593675
1783532931.0351,60,left_eyeball_joint,0.01793289,0.7767534,0.11955966,0.4673726,0.5116871,0.5232459,0.49593675
1783532931.0351,60,nose_joint,-0.012927582,0.7426946,0.142815,0.46737528,0.51168454,0.5232485,0.49593395
1783532931.0351,60,right_eye_joint,-0.0464843,0.77210605,0.11700797,0.4673726,0.5116871,0.5232459,0.49593675
1783532931.0351,60,right_eyeLowerLid_joint,-0.0464843,0.77210605,0.11700797,0.4673726,0.5116871,0.5232459,0.49593675
1783532931.0351,60,right_eyeUpperLid_joint,-0.0464843,0.77210605,0.11700797,0.4673726,0.5116871,0.5232459,0.49593675
1783532931.0351,60,right_eyeball_joint,-0.0464843,0.77210605,0.11700797,0.4673726,0.5116871,0.5232459,0.49593675
1783532931.0351,60,right_shoulder_1_joint,-0.08820004,0.56257623,-0.003735877,0.5438678,-0.086928874,-0.038978294,0.83374584
1783532931.0351,60,right_arm_joint,-0.23061632,0.58571905,-0.018611416,0.54779226,0.021168517,0.0064789397,0.83632165
1783532931.0351,60,right_forearm_joint,-0.4963415,0.57666785,-0.011081581,0.5219737,0.11360273,-0.18787791,0.82422096
1783532931.0351,60,right_hand_joint,-0.7384778,0.62787986,0.091658935,-0.07916185,0.20379491,-0.08167813,0.9723837
1783532931.0351,60,right_handIndexStart_joint,-0.7541577,0.6343427,0.114860095,-0.073372476,0.26997426,-0.086286455,0.95618266
1783532931.0351,60,right_handIndex_1_joint,-0.8215651,0.65077627,0.15530656,-0.073372476,0.26997426,-0.086286455,0.95618266
1783532931.0351,60,right_handIndex_2_joint,-0.8607556,0.6603301,0.17882214,-0.073372476,0.26997426,-0.086286455,0.95618266
1783532931.0351,60,right_handIndex_3_joint,-0.8827025,0.6656811,0.19199081,-0.073372476,0.26997426,-0.086286455,0.95618266
1783532931.0351,60,right_handIndexEnd_joint,-0.8983787,0.6695032,0.20139696,-0.073372476,0.26997426,-0.086286455,0.95618266
1783532931.0351,60,right_handMidStart_joint,-0.7610741,0.6331769,0.104174696,-0.07913857,0.20483094,-0.08146828,0.97218543
1783532931.0351,60,right_handMid_1_joint,-0.82970214,0.6476825,0.13346896,-0.07913857,0.20483094,-0.08146828,0.97218543
1783532931.0351,60,right_handMid_2_joint,-0.8779265,0.65787596,0.15405388,-0.07913857,0.20483094,-0.08146828,0.97218543
1783532931.0351,60,right_handMid_3_joint,-0.9057485,0.6637566,0.16592994,-0.07913857,0.20483094,-0.08146828,0.97218543
1783532931.0351,60,right_handMidEnd_joint,-0.92429614,0.6676773,0.17384708,-0.07913856,0.20483094,-0.08146828,0.97218543
1783532931.0351,60,right_handPinkyStart_joint,-0.7721714,0.6268053,0.07957269,-0.08360484,0.10506955,-0.038215294,0.9902073
1783532931.0351,60,right_handPinky_1_joint,-0.8340845,0.6327268,0.09238018,-0.08360484,0.10506955,-0.038215294,0.9902073
1783532931.0351,60,right_handPinky_2_joint,-0.8723257,0.6363848,0.10029084,-0.08360484,0.10506955,-0.038215294,0.9902073
1783532931.0351,60,right_handPinky_3_joint,-0.89235646,0.63830006,0.104434505,-0.083604835,0.10506955,-0.038215294,0.9902073
1783532931.0351,60,right_handPinkyEnd_joint,-0.91056615,0.64004165,0.108201295,-0.08360484,0.10506955,-0.038215294,0.9902073
1783532931.0351,60,right_handRingStart_joint,-0.76669544,0.6302107,0.09296289,-0.08059924,0.15510026,-0.060072288,0.9827712
1783532931.0351,60,right_handRing_1_joint,-0.8326819,0.64020497,0.11358101,-0.08059924,0.15510026,-0.060072288,0.9827712
1783532931.0351,60,right_handRing_2_joint,-0.87926006,0.64725953,0.12813486,-0.08059924,0.15510026,-0.060072288,0.9827712
1783532931.0351,60,right_handRing_3_joint,-0.90837187,0.65166914,0.1372311,-0.08059924,0.15510026,-0.060072288,0.9827712
1783532931.0351,60,right_handRingEnd_joint,-0.92778015,0.654608,0.14329553,-0.08059924,0.15510026,-0.060072288,0.9827712
1783532931.0351,60,right_handThumbStart_joint,-0.7533066,0.6233548,0.11843877,0.55486757,0.41236687,-0.31257114,0.6514409
1783532931.0351,60,right_handThumb_1_joint,-0.77825165,0.62064904,0.16591202,0.55486757,0.41236687,-0.31257114,0.6514409
1783532931.0351,60,right_handThumb_2_joint,-0.7960797,0.61871594,0.19984594,0.55486757,0.41236687,-0.31257114,0.6514409
1783532931.0351,60,right_handThumbEnd_joint,-0.8079653,0.61742646,0.22246826,0.55486757,0.41236687,-0.31257114,0.6514409
1783532931.0351,60,camera,0.10997542,0.06811503,-0.03220686,-0.07810956,-0.082000375,-0.6986262,0.7064675
1783532931.0691,61,root,-0.00095111015,0.013955442,-0.00044817134,0.08865801,0.0025678296,-0.008909339,0.99601895
1783532931.0691,61,hips_joint,-0.00095111015,0.013955442,-0.00044817134,0.08865801,0.0025678296,-0.008909339,0.99601895
1783532931.0691,61,left_upLeg_joint,0.09912031,-0.012534265,-0.0045882813,-0.568511,0.45718846,-0.42195693,0.53826225
1783532931.0691,61,left_leg_joint,0.19423105,-0.42272037,-0.00981005,-0.442207,0.5683357,-0.28386235,0.63314265
1783532931.0691,61,left_foot_joint,0.28241503,-0.8169621,-0.22411466,0.69859314,-0.17469688,0.6139101,-0.32336205
1783532931.0691,61,left_toes_joint,0.31001434,-0.91250855,-0.11312084,0.7190418,-0.03912233,0.66407067,-0.20114265
1783532931.0691,61,left_toesEnd_joint,0.31698814,-0.93212646,-0.0561457,0.7190418,-0.039122123,0.66407067,-0.20114285
1783532931.0691,61,right_upLeg_joint,-0.10192503,-0.009052508,-0.0032407278,0.52940255,0.42311054,0.4370721,0.5913361
1783532931.0691,61,right_leg_joint,-0.21136332,-0.41536725,0.0126037,0.62858856,0.27282727,0.55627865,0.47010168
1783532931.0691,61,right_foot_joint,-0.31756666,-0.81139845,-0.18990424,0.32658204,0.602413,0.14800291,0.7131182
1783532931.0691,61,right_toes_joint,-0.35190168,-0.9014973,-0.07626557,0.20648408,0.65339243,0.010158565,0.7282439
1783532931.0691,61,right_toesEnd_joint,-0.360755,-0.91876274,-0.018792633,0.20648457,0.6533924,0.010158116,0.72824377
1783532931.0691,61,spine_1_joint,-0.00095112994,0.013955442,-0.0004481712,0.5363022,0.46212494,0.52819735,0.46885812
1783532931.0691,61,spine_2_joint,-9.381011e-05,0.07098899,0.007218146,0.52144885,0.4771677,0.5134634,0.48657697
1783532931.0691,61,spine_3_joint,0.0009037189,0.12838739,0.011311997,0.5081984,0.48633677,0.50382483,0.5013694
1783532931.0691,61,spine_4_joint,0.0019262914,0.1814159,0.012607427,0.500938,0.48890397,0.5014986,0.50846124
1783532931.0691,61,spine_5_joint,0.003264449,0.25186607,0.012755183,0.5079502,0.47605276,0.51757276,0.49747223
1783532931.0691,61,spine_6_joint,0.004281104,0.34554428,0.018199148,0.49364197,0.48467574,0.5225904,0.49830326
1783532931.0691,61,spine_7_joint,0.0025387888,0.45253575,0.022450421,0.47359687,0.5002176,0.52263683,0.5023337
1783532931.0691,61,left_shoulder_1_joint,0.08672589,0.568793,0.020904372,-0.7667298,-0.058007244,0.07410064,0.6350354
1783532931.0691,61,left_arm_joint,0.2292066,0.59534645,0.015108615,-0.7243906,0.12997578,-0.029916935,0.676365
1783532931.0691,61,left_forearm_joint,0.4857299,0.5344952,-0.020129012,-0.73810613,-0.07400719,-0.16941392,0.64886147
1783532931.0691,61,left_hand_joint,0.7353827,0.50485706,0.072624035,0.9799725,-0.0428514,0.17983861,-0.07399859
1783532931.0691,61,left_handIndexStart_joint,0.75236076,0.4999661,0.09671398,0.96628183,-0.048130974,0.24274422,-0.07112071
1783532931.0691,61,left_handIndex_1_joint,0.8228346,0.48972297,0.13383934,0.96628183,-0.048130974,0.24274422,-0.07112071
1783532931.0691,61,left_handIndex_2_joint,0.8638078,0.48376766,0.15542385,0.96628183,-0.048130974,0.24274422,-0.07112071
1783532931.0691,61,left_handIndex_3_joint,0.88675284,0.48043266,0.16751118,0.96628183,-0.048130974,0.24274422,-0.07112071
1783532931.0691,61,left_handIndexEnd_joint,0.90314215,0.47805053,0.17614497,0.96628183,-0.048130974,0.24274422,-0.07112071
1783532931.0691,61,left_handMidStart_joint,0.7586066,0.5013952,0.08565403,0.9804743,-0.04289135,0.17702954,-0.07410258
1783532931.0691,61,left_handMid_1_joint,0.8295773,0.49300742,0.11155906,0.9804743,-0.04289135,0.17702954,-0.07410258
1783532931.0691,61,left_handMid_2_joint,0.8794486,0.4871133,0.1297626,0.9804743,-0.04289135,0.17702954,-0.07410258
1783532931.0691,61,left_handMid_3_joint,0.90822047,0.48371282,0.14026465,0.9804743,-0.04289135,0.17702954,-0.07410258
1783532931.0691,61,left_handMidEnd_joint,0.9274018,0.48144588,0.14726602,0.9804743,-0.04289135,0.17702954,-0.07410258
1783532931.0691,61,left_handPinkyStart_joint,0.7675417,0.50210184,0.059411567,0.9917841,-0.06956571,0.07079902,-0.08070002
1783532931.0691,61,left_handPinky_1_joint,0.82979184,0.4926138,0.06761637,0.9917841,-0.06956571,0.07079902,-0.08070002
1783532931.0691,61,left_handPinky_2_joint,0.8682405,0.4867535,0.07268405,0.9917841,-0.06956571,0.07079902,-0.08070002
1783532931.0691,61,left_handPinky_3_joint,0.8883803,0.4836838,0.07533854,0.9917841,-0.06956571,0.07079902,-0.08070002
1783532931.0691,61,left_handPinkyEnd_joint,0.9066891,0.4808932,0.07775172,0.9917841,-0.06956571,0.07079902,-0.08070002
1783532931.0691,61,left_handRingStart_joint,0.7632194,0.5015635,0.07362096,0.98756516,-0.05619827,0.12412309,-0.07842397
1783532931.0691,61,left_handRing_1_joint,0.83047736,0.49245018,0.09012999,0.98756516,-0.05619827,0.12412309,-0.07842397
1783532931.0691,61,left_handRing_2_joint,0.8779535,0.48601723,0.10178342,0.98756516,-0.05619827,0.12412309,-0.07842397
1783532931.0691,61,left_handRing_3_joint,0.90762615,0.48199663,0.10906681,0.98756516,-0.05619827,0.12412309,-0.07842397
1783532931.0691,61,left_handRingEnd_joint,0.9274079,0.47931623,0.1139224,0.98756516,-0.05619827,0.12412309,-0.07842397
1783532931.0691,61,left_handThumbStart_joint,0.7495227,0.48873454,0.09649239,-0.5843888,-0.15748768,-0.48901647,0.6281325
1783532931.0691,61,left_handThumb_1_joint,0.77487624,0.46563044,0.13780412,-0.5843888,-0.15748768,-0.48901647,0.6281325
1783532931.0691,61,left_handThumb_2_joint,0.7929967,0.44911638,0.16733436,-0.5843888,-0.15748772,-0.48901647,0.6281325
1783532931.0691,61,left_handThumbEnd_joint,0.805077,0.438107,0.18702118,-0.5843888,-0.15748772,-0.48901647,0.6281325
1783532931.0691,61,neck_1_joint,-0.0033707398,0.5863714,0.014757489,0.5399449,0.42701057,0.5914895,0.41983524
1783532931.0691,61,neck_2_joint,-0.00530261,0.6151048,0.023163347,0.54198706,0.4233913,0.5971067,0.41286013
1783532931.0691,61,neck_3_joint,-0.008166341,0.65318435,0.035069164,0.5327109,0.43344617,0.5938438,0.4191576
1783532931.0691,61,neck_4_joint,-0.011408429,0.69156957,0.045842342,0.51979655,0.44775262,0.5857278,0.43156958
1783532931.0691,61,head_joint,-0.015435676,0.7364578,0.05667918,0.45879996,0.50906456,0.5338833,0.49530274
1783532931.0691,61,jaw_joint,-0.0135355275,0.7116029,0.06202921,0.45879996,0.50906456,0.5338833,0.49530274
1783532931.0691,61,chin_joint,-0.015292753,0.6626979,0.16255389,0.45879996,0.50906456,0.5338833,0.49530274
1783532931.0691,61,left_eye_joint,0.008434233,0.7725874,0.14460717,0.46322215,0.50504375,0.5381827,0.49062768
1783532931.0691,61,left_eyeLowerLid_joint,0.008434233,0.7725874,0.14460717,0.46322215,0.50504375,0.5381827,0.49062768
1783532931.0691,61,left_eyeUpperLid_joint,0.008434233,0.7725874,0.14460717,0.46322215,0.50504375,0.5381827,0.49062768
1783532931.0691,61,left_eyeball_joint,0.008434233,0.7725874,0.14460717,0.46322215,0.50504375,0.5381827,0.49062768
1783532931.0691,61,nose_joint,-0.022228207,0.7374415,0.16646487,0.46322477,0.50504124,0.5381853,0.49062485
1783532931.0691,61,right_eye_joint,-0.055824134,0.76683027,0.14068304,0.46322215,0.50504375,0.5381827,0.49062768
1783532931.0691,61,right_eyeLowerLid_joint,-0.055824134,0.76683027,0.14068304,0.46322215,0.50504375,0.5381827,0.49062768
1783532931.0691,61,right_eyeUpperLid_joint,-0.055824134,0.76683027,0.14068304,0.46322215,0.50504375,0.5381827,0.49062768
1783532931.0691,61,right_eyeball_joint,-0.055824134,0.76683027,0.14068304,0.46322215,0.50504375,0.5381827,0.49062768
1783532931.0691,61,right_shoulder_1_joint,-0.09157491,0.5603821,0.011793239,0.5986215,-0.050967664,0.027293473,0.7989429
1783532931.0691,61,right_arm_joint,-0.2356544,0.5629073,-0.0047594057,0.59622204,0.09025638,0.13686767,0.78590095
1783532931.0691,61,right_forearm_joint,-0.48734146,0.47705913,-0.010436053,0.5554163,0.19404274,-0.06997917,0.80558246
1783532931.0691,61,right_hand_joint,-0.732508,0.44951147,0.09417166,-0.04123643,0.19708394,0.060889978,0.97762465
1783532931.0691,61,right_handIndexStart_joint,-0.7488979,0.4485861,0.11776047,-0.045305498,0.26359767,0.05854681,0.96178794
1783532931.0691,61,right_handIndex_1_joint,-0.8174971,0.4414597,0.15890786,-0.045305498,0.26359767,0.05854681,0.96178794
1783532931.0691,61,right_handIndex_2_joint,-0.85738033,0.4373158,0.18283089,-0.045305498,0.26359767,0.05854681,0.96178794
1783532931.0691,61,right_handIndex_3_joint,-0.8797155,0.43499598,0.19622782,-0.045305498,0.26359767,0.05854681,0.96178794
1783532931.0691,61,right_handIndexEnd_joint,-0.89566886,0.43333903,0.205797,-0.045305498,0.26359767,0.05854681,0.96178794
1783532931.0691,61,right_handMidStart_joint,-0.75546783,0.4470555,0.10690381,-0.041362923,0.19809778,0.06113956,0.97739875
1783532931.0691,61,right_handMid_1_joint,-0.824949,0.4392161,0.13672456,-0.041362923,0.19809778,0.06113956,0.97739875
1783532931.0691,61,right_handMid_2_joint,-0.8737731,0.43370792,0.1576795,-0.041362923,0.19809778,0.06113956,0.97739875
1783532931.0691,61,right_handMid_3_joint,-0.901941,0.43052986,0.169769,-0.041362923,0.19809778,0.06113956,0.97739875
1783532931.0691,61,right_handMidEnd_joint,-0.92071927,0.4284115,0.17782848,-0.04136291,0.19809778,0.061139554,0.97739875
1783532931.0691,61,right_handPinkyStart_joint,-0.7649736,0.44126353,0.08150499,-0.031414244,0.09600143,0.09973508,0.98987365
1783532931.0691,61,right_handPinky_1_joint,-0.8260405,0.42910835,0.09397171,-0.031414244,0.09600143,0.09973508,0.98987365
1783532931.0691,61,right_handPinky_2_joint,-0.86375916,0.42160115,0.101671964,-0.031414244,0.09600143,0.09973508,0.98987365
1783532931.0691,61,right_handPinky_3_joint,-0.883516,0.41766807,0.105705306,-0.031414233,0.09600143,0.09973508,0.98987365
1783532931.0691,61,right_handPinkyEnd_joint,-0.90147674,0.41409302,0.10937186,-0.031414244,0.09600143,0.09973508,0.98987365
1783532931.0691,61,right_handRingStart_joint,-0.760328,0.44420898,0.095311604,-0.03554084,0.14731593,0.080426425,0.98517334
1783532931.0691,61,right_handRing_1_joint,-0.8262437,0.43387148,0.115986176,-0.03554084,0.14731593,0.080426425,0.98517334
1783532931.0691,61,right_handRing_2_joint,-0.87277204,0.42657423,0.13057984,-0.03554084,0.14731593,0.080426425,0.98517334
1783532931.0691,61,right_handRing_3_joint,-0.9018528,0.4220139,0.13970102,-0.03554084,0.14731593,0.080426425,0.98517334
1783532931.0691,61,right_handRingEnd_joint,-0.92124015,0.41897264,0.14578198,-0.03554084,0.14731593,0.080426425,0.98517334
1783532931.0691,61,right_handThumbStart_joint,-0.74514496,0.4378323,0.11989,0.5371128,0.50198424,-0.19645502,0.64878905
1783532931.0691,61,right_handThumb_1_joint,-0.76763725,0.4225636,0.16619597,0.5371128,0.50198424,-0.19645502,0.64878905
1783532931.0691,61,right_handThumb_2_joint,-0.78371245,0.41165113,0.19929573,0.5371128,0.50198424,-0.19645502,0.64878905
1783532931.0691,61,right_handThumbEnd_joint,-0.7944293,0.40437543,0.22136182,0.5371128,0.50198424,-0.19645502,0.64878905
1783532931.0691,61,camera,0.110231586,0.068075016,-0.03220971,-0.078461096,-0.081764534,-0.69873714,0.70634615
1783532931.1019,62,root,-0.0017297685,0.0136800725,-0.0004875908,0.07934665,-0.0017142427,-0.01470804,0.9967371
1783532931.1019,62,hips_joint,-0.0017297685,0.0136800725,-0.0004875908,0.07934665,-0.0017142427,-0.01470804,0.9967371
1783532931.1019,62,left_upLeg_joint,0.09803506,-0.014099796,-0.0033846076,-0.55785173,0.46574432,-0.45619214,0.5135881
1783532931.1019,62,left_leg_joint,0.16117583,-0.43024105,0.009489955,-0.42438614,0.5773334,-0.31360722,0.6230836
1783532931.1019,62,left_foot_joint,0.22367747,-0.83305115,-0.19779478,0.69011307,-0.19276981,0.6311223,-0.29710025
1783532931.1019,62,left_toes_joint,0.24290988,-0.92859226,-0.085045114,0.7141409,-0.0584749,0.6759934,-0.17209458
1783532931.1019,62,left_toesEnd_joint,0.24771622,-0.94777226,-0.027698016,0.71414095,-0.0584747,0.6759933,-0.17209478
1783532931.1019,62,right_upLeg_joint,-0.10295662,-0.008144792,-0.0036011832,0.5166701,0.4344726,0.43976557,0.5923613
1783532931.1019,62,right_leg_joint,-0.20219974,-0.4165875,0.021791615,0.62385356,0.27877432,0.5623619,0.46566144
1783532931.1019,62,right_foot_joint,-0.2991788,-0.81516224,-0.18035346,0.3191872,0.6041746,0.15552998,0.7133743
1783532931.1019,62,right_toes_joint,-0.3321993,-0.9057127,-0.06668413,0.19888942,0.6537205,0.01750065,0.729922
1783532931.1019,62,right_toesEnd_joint,-0.34097597,-0.9230363,-0.009216909,0.19888993,0.6537205,0.017500205,0.7299219
1783532931.1019,62,spine_1_joint,-0.0017297883,0.0136800725,-0.00048759082,0.53368914,0.46009302,0.5239219,0.47853523
1783532931.1019,62,spine_2_joint,-0.00013901666,0.07080266,0.006354365,0.5198316,0.47313398,0.5099243,0.49587938
1783532931.1019,62,spine_3_joint,0.0017166428,0.12821867,0.009860179,0.507884,0.48008877,0.5016012,0.50986737
1783532931.1019,62,spine_4_joint,0.0036171488,0.18122825,0.010918469,0.5026002,0.47965407,0.5017297,0.5153566
1783532931.1019,62,spine_5_joint,0.006188517,0.25164276,0.011396842,0.5123243,0.46258113,0.52173555,0.5013327
1783532931.1019,62,spine_6_joint,0.008756581,0.34517336,0.018587682,0.50148684,0.46668082,0.53066903,0.49910954
1783532931.1019,62,spine_7_joint,0.008844366,0.45197642,0.026422767,0.48603275,0.47728914,0.5337745,0.50105095
1783532931.1019,62,left_shoulder_1_joint,0.09548543,0.56628335,0.032156236,-0.733481,-0.0023098881,0.016414223,0.67950785
1783532931.1019,62,left_arm_joint,0.2404555,0.5700105,0.029118914,-0.64573187,0.23979343,-0.12010577,0.7149155
1783532931.1019,62,left_forearm_joint,0.46817908,0.4419605,-0.020820536,-0.68654996,0.06641527,-0.26636088,0.6732684
1783532931.1019,62,left_hand_joint,0.6957613,0.32141155,0.05322222,0.95348644,-0.21334194,0.17275524,-0.124518216
1783532931.1019,62,left_handIndexStart_joint,0.7103121,0.30756631,0.075337574,0.9402118,-0.22151378,0.233924,-0.11051476
1783532931.1019,62,left_handIndex_1_joint,0.773952,0.2699614,0.106732175,0.9402118,-0.22151378,0.233924,-0.11051476
1783532931.1019,62,left_handIndex_2_joint,0.8109519,0.24809806,0.12498485,0.9402118,-0.22151378,0.233924,-0.11051476
1783532931.1019,62,left_handIndex_3_joint,0.8316719,0.2358546,0.13520636,0.9402118,-0.22151378,0.233924,-0.11051476
1783532931.1019,62,left_handIndexEnd_joint,0.84647185,0.22710927,0.14250742,0.9402118,-0.22151378,0.233924,-0.11051476
1783532931.1019,62,left_handMidStart_joint,0.7167051,0.30880618,0.06433898,0.9539297,-0.21323055,0.16999851,-0.12510692
1783532931.1019,62,left_handMid_1_joint,0.78141403,0.2746489,0.0849375,0.9539297,-0.21323055,0.16999851,-0.12510692
1783532931.1019,62,left_handMid_2_joint,0.8268851,0.2506465,0.09941212,0.9539297,-0.21323055,0.16999851,-0.12510692
1783532931.1019,62,left_handMid_3_joint,0.8531185,0.23679897,0.107762866,0.9539297,-0.21323055,0.16999851,-0.12510692
1783532931.1019,62,left_handMidEnd_joint,0.8706074,0.22756727,0.11333004,0.9539297,-0.21323055,0.16999851,-0.12510692
1783532931.1019,62,left_handPinkyStart_joint,0.72544384,0.3110594,0.038117617,0.9589404,-0.23259345,0.06419205,-0.14904128
1783532931.1019,62,left_handPinky_1_joint,0.7815511,0.28151724,0.041532762,0.9589404,-0.23259345,0.06419205,-0.14904128
1783532931.1019,62,left_handPinky_2_joint,0.81620556,0.2632706,0.04364212,0.9589404,-0.23259345,0.06419205,-0.14904128
1783532931.1019,62,left_handPinky_3_joint,0.8343579,0.25371283,0.044747017,0.9589404,-0.23259345,0.06419205,-0.14904128
1783532931.1019,62,left_handPinkyEnd_joint,0.85086006,0.24502397,0.04575147,0.9589404,-0.23259345,0.06419205,-0.14904128
1783532931.1019,62,left_handRingStart_joint,0.7211528,0.30953372,0.052264646,0.95777094,-0.22314009,0.11744726,-0.13816583
1783532931.1019,62,left_handRing_1_joint,0.7821212,0.2774098,0.06367241,0.95777094,-0.22314009,0.11744726,-0.13816583
1783532931.1019,62,left_handRing_2_joint,0.82515776,0.2547341,0.071724944,0.95777094,-0.22314009,0.11744726,-0.13816583
1783532931.1019,62,left_handRing_3_joint,0.85205555,0.24056178,0.07675778,0.95777094,-0.22314009,0.11744726,-0.13816583
1783532931.1019,62,left_handRingEnd_joint,0.8699875,0.23111358,0.08011301,0.95777094,-0.22314009,0.11744726,-0.13816583
1783532931.1019,62,left_handThumbStart_joint,0.7040896,0.297969,0.07348707,-0.5543059,-0.01401016,-0.5863259,0.59056854
1783532931.1019,62,left_handThumb_1_joint,0.7208478,0.2616159,0.109276414,-0.5543059,-0.01401016,-0.5863259,0.59056854
1783532931.1019,62,left_handThumb_2_joint,0.7328246,0.23563202,0.13485946,-0.5543059,-0.014010185,-0.5863259,0.59056854
1783532931.1019,62,left_handThumbEnd_joint,0.74080914,0.21830942,0.15191482,-0.5543059,-0.0140102105,-0.5863259,0.59056854
1783532931.1019,62,neck_1_joint,0.005920258,0.5861257,0.02518843,0.5458076,0.40673658,0.5985258,0.42240515
1783532931.1019,62,neck_2_joint,0.0045001917,0.6146149,0.03448077,0.5451218,0.4065637,0.60103434,0.41988778
1783532931.1019,62,neck_3_joint,0.0023772935,0.65253437,0.04703483,0.53429097,0.4190814,0.595427,0.42938396
1783532931.1019,62,neck_4_joint,-3.5702586e-05,0.6909006,0.05808958,0.5207469,0.43469915,0.5858107,0.44349182
1783532931.1019,62,head_joint,-0.0030185669,0.7358468,0.06902343,0.4612909,0.4962967,0.5325502,0.5072378
1783532931.1019,62,jaw_joint,-0.0019344776,0.7109296,0.07431029,0.4612909,0.4962967,0.5325502,0.5072378
1783532931.1019,62,chin_joint,-0.0071809306,0.661743,0.1745757,0.4612909,0.4962967,0.5325502,0.5072378
1783532931.1019,62,left_eye_joint,0.020014478,0.7709777,0.15757711,0.4656017,0.49225482,0.5369538,0.50257397
1783532931.1019,62,left_eyeLowerLid_joint,0.020014478,0.7709777,0.15757711,0.4656017,0.49225482,0.5369538,0.50257397
1783532931.1019,62,left_eyeUpperLid_joint,0.020014478,0.7709777,0.15757711,0.4656017,0.49225482,0.5369538,0.50257397
1783532931.1019,62,left_eyeball_joint,0.020014478,0.7709777,0.15757711,0.4656017,0.49225482,0.5369538,0.50257397
1783532931.1019,62,nose_joint,-0.012080892,0.736639,0.1786466,0.4656043,0.49225232,0.5369563,0.50257117
1783532931.1019,62,right_eye_joint,-0.04428453,0.7670584,0.15228996,0.4656017,0.49225482,0.5369538,0.50257397
1783532931.1019,62,right_eyeLowerLid_joint,-0.04428453,0.7670584,0.15228996,0.4656017,0.49225482,0.5369538,0.50257397
1783532931.1019,62,right_eyeUpperLid_joint,-0.04428453,0.7670584,0.15228996,0.4656017,0.49225482,0.5369538,0.50257397
1783532931.1019,62,right_eyeball_joint,-0.04428453,0.7670584,0.15228996,0.4656017,0.49225482,0.5369538,0.50257397
1783532931.1019,62,right_shoulder_1_joint,-0.08273774,0.562266,0.019299269,0.64192814,-0.022785006,0.08880273,0.76126426
1783532931.1019,62,right_arm_joint,-0.22534862,0.54689777,-0.0022696566,0.6263803,0.15704927,0.26805794,0.7149322
1783532931.1019,62,right_forearm_joint,-0.43998885,0.39261752,-0.031861473,0.56830394,0.28935072,0.06545951,0.76747763
1783532931.1019,62,right_hand_joint,-0.660792,0.2775628,0.06721764,-0.0080118785,0.19169125,0.22641388,0.95494866
1783532931.1019,62,right_handIndexStart_joint,-0.6752366,0.26866692,0.09041544,-0.023496488,0.2566244,0.225943,0.9394368
1783532931.1019,62,right_handIndex_1_joint,-0.73676926,0.2355421,0.12999092,-0.023496488,0.2566244,0.225943,0.9394368
1783532931.1019,62,right_handIndex_2_joint,-0.77254385,0.21628287,0.15299997,-0.023496488,0.2566244,0.225943,0.9394368
1783532931.1019,62,right_handIndex_3_joint,-0.79257834,0.2054983,0.16588517,-0.023496488,0.2566244,0.225943,0.9394368
1783532931.1019,62,right_handIndexEnd_joint,-0.8068884,0.19779514,0.17508884,-0.023496488,0.2566244,0.225943,0.9394368
1783532931.1019,62,right_handMidStart_joint,-0.68140244,0.2665389,0.07942329,-0.008308148,0.19265263,0.22669081,0.9546869
1783532931.1019,62,right_handMid_1_joint,-0.7439627,0.23387975,0.10767155,-0.008308148,0.19265263,0.22669081,0.9546869
1783532931.1019,62,right_handMid_2_joint,-0.78792363,0.21093082,0.12752159,-0.008308148,0.19265263,0.22669081,0.9546869
1783532931.1019,62,right_handMid_3_joint,-0.8132857,0.19769076,0.13897361,-0.008308148,0.19265263,0.22669081,0.9546869
1783532931.1019,62,right_handMidEnd_joint,-0.8301937,0.18886447,0.14660814,-0.008308136,0.19265263,0.22669081,0.9546869
1783532931.1019,62,right_handPinkyStart_joint,-0.6895709,0.26129577,0.053446557,0.018627565,0.091210775,0.26001793,0.96110576
1783532931.1019,62,right_handPinky_1_joint,-0.7434285,0.22934178,0.063964725,0.018627565,0.091210775,0.26001793,0.96110576
1783532931.1019,62,right_handPinky_2_joint,-0.7766945,0.20960556,0.07046151,0.018627565,0.091210775,0.26001793,0.96110576
1783532931.1019,62,right_handPinky_3_joint,-0.79411876,0.19926706,0.073864385,0.018627575,0.091210775,0.26001793,0.96110576
1783532931.1019,62,right_handPinkyEnd_joint,-0.8099592,0.18986887,0.076957844,0.018627565,0.091210775,0.26001793,0.96110576
1783532931.1019,62,right_handRingStart_joint,-0.6855639,0.26379272,0.067538716,0.006052419,0.14234021,0.24359511,0.959356
1783532931.1019,62,right_handRing_1_joint,-0.7442951,0.23102489,0.08640982,0.006052419,0.14234021,0.24359511,0.959356
1783532931.1019,62,right_handRing_2_joint,-0.7857519,0.20789467,0.099730454,0.006052419,0.14234021,0.24359511,0.959356
1783532931.1019,62,right_handRing_3_joint,-0.811663,0.19343849,0.10805603,0.006052419,0.14234021,0.24359511,0.959356
1783532931.1019,62,right_handRingEnd_joint,-0.8289369,0.18380001,0.11360643,0.006052419,0.14234021,0.24359511,0.959356
1783532931.1019,62,right_handThumbStart_joint,-0.66827804,0.25943083,0.09114923,0.49082756,0.5968445,-0.06376815,0.63150513
1783532931.1019,62,right_handThumb_1_joint,-0.6832839,0.23229335,0.134986,0.49082756,0.5968445,-0.06376815,0.63150513
1783532931.1019,62,right_handThumb_2_joint,-0.6940084,0.21289766,0.16632095,0.49082756,0.5968445,-0.06376815,0.63150513
1783532931.1019,62,right_handThumbEnd_joint,-0.70115787,0.19996656,0.18721043,0.4908276,0.5968445,-0.06376817,0.63150513
1783532931.1019,62,camera,0.110282056,0.0681566,-0.03234463,-0.07846012,-0.08184232,-0.6985648,0.7065077
1783532931.1369,63,root,-0.0011832969,0.014027617,0.0006771342,0.06746271,0.00022199309,-0.013494934,0.99763054
1783532931.1369,63,hips_joint,-0.0011832969,0.014027617,0.0006771342,0.06746271,0.00022199309,-0.013494934,0.99763054
1783532931.1369,63,left_upLeg_joint,0.09864543,-0.013547511,-0.001962892,0.558151,-0.46606538,0.48015988,-0.49060902
1783532931.1369,63,left_leg_joint,0.1426333,-0.43103167,0.031174265,-0.41042438,0.58785516,-0.32643974,0.61596704
1783532931.1369,63,left_foot_joint,0.1864099,-0.83560735,-0.17746793,0.68561083,-0.20966256,0.63683546,-0.28358442
1783532931.1369,63,left_toes_joint,0.20145683,-0.9322824,-0.065049,0.71292204,-0.07591484,0.6790413,-0.15774092
1783532931.1369,63,left_toesEnd_joint,0.20547774,-0.9518433,-0.0077701616,0.71292204,-0.07591464,0.67904127,-0.15774113
1783532931.1369,63,right_upLeg_joint,-0.10236118,-0.008134625,-0.0015065683,0.50219196,0.45282644,0.44588664,0.58646095
1783532931.1369,63,right_leg_joint,-0.18332332,-0.41988027,0.03356572,0.6286878,0.27251777,0.58456504,0.434476
1783532931.1369,63,right_foot_joint,-0.26016608,-0.80887294,-0.19427034,0.3268512,0.60223055,0.19224009,0.7025171
1783532931.1369,63,right_toes_joint,-0.29008034,-0.90779775,-0.08689492,0.20678288,0.6532642,0.055603173,0.72621953
1783532931.1369,63,right_toesEnd_joint,-0.2985914,-0.92908496,-0.030734167,0.20678338,0.65326434,0.055602733,0.72621936
1783532931.1369,63,spine_1_joint,-0.0011833166,0.014027617,0.0006771343,0.5278991,0.4692648,0.51891005,0.48150334
1783532931.1369,63,spine_2_joint,2.7926042e-05,0.071302086,0.006199867,0.51433474,0.48225453,0.50581753,0.49702996
1783532931.1369,63,spine_3_joint,0.001360743,0.12879127,0.008555451,0.5040779,0.48797497,0.49886322,0.50884295
1783532931.1369,63,spine_4_joint,0.0027418255,0.18182643,0.008891111,0.5020991,0.4849171,0.50093436,0.5116798
1783532931.1369,63,spine_5_joint,0.0047080633,0.25226158,0.009146756,0.5170165,0.4632484,0.52327085,0.49424887
1783532931.1369,63,spine_6_joint,0.006865084,0.34570602,0.017498799,0.51231444,0.46164528,0.53398854,0.4891557
1783532931.1369,63,spine_7_joint,0.007206061,0.45223412,0.02844991,0.50389004,0.4663496,0.5371612,0.48996988
1783532931.1369,63,left_shoulder_1_joint,0.095378585,0.5651233,0.03778988,-0.70729154,0.034465127,-0.029210832,0.7054766
1783532931.1369,63,left_arm_joint,0.23983623,0.55207336,0.036729924,-0.58392406,0.3005,-0.2106233,0.724134
1783532931.1369,63,left_forearm_joint,0.43418586,0.37759227,-0.013602295,-0.64059144,0.13942386,-0.3624496,0.662445
1783532931.1369,63,left_hand_joint,0.6213316,0.20104451,0.061333776,0.9102688,-0.3294769,0.20555721,-0.1435327
1783532931.1369,63,left_handIndexStart_joint,0.63070947,0.1826725,0.08294456,0.8948975,-0.33861127,0.2638463,-0.12200655
1783532931.1369,63,left_handIndex_1_joint,0.68142194,0.12883016,0.114233956,0.8948975,-0.33861127,0.2638463,-0.12200655
1783532931.1369,63,left_handIndex_2_joint,0.71090597,0.09752648,0.13242547,0.8948975,-0.33861127,0.2638463,-0.12200655
1783532931.1369,63,left_handIndex_3_joint,0.72741705,0.079996414,0.14261271,0.8948975,-0.33861127,0.2638463,-0.12200655
1783532931.1369,63,left_handIndexEnd_joint,0.73921067,0.06747495,0.14988932,0.8948975,-0.33861127,0.2638463,-0.12200655
1783532931.1369,63,left_handMidStart_joint,0.6379154,0.18305121,0.07239432,0.91077834,-0.32930246,0.20291133,-0.14446238
1783532931.1369,63,left_handMid_1_joint,0.6911846,0.13299778,0.09325819,0.91077834,-0.32930246,0.20291133,-0.14446238
1783532931.1369,63,left_handMid_2_joint,0.728617,0.09782509,0.10791928,0.91077834,-0.32930246,0.20291133,-0.14446238
1783532931.1369,63,left_handMid_3_joint,0.7502126,0.07753315,0.11637761,0.91077834,-0.32930246,0.20291133,-0.14446238
1783532931.1369,63,left_handMidEnd_joint,0.76460963,0.06400519,0.1220165,0.91077834,-0.32930246,0.20291133,-0.14446238
1783532931.1369,63,left_handPinkyStart_joint,0.6486255,0.18484443,0.04687806,0.91553175,-0.34455952,0.10031723,-0.18170415
1783532931.1369,63,left_handPinky_1_joint,0.6957708,0.14246576,0.05059107,0.91553175,-0.34455952,0.10031723,-0.18170415
1783532931.1369,63,left_handPinky_2_joint,0.72489,0.11629068,0.052884407,0.91553175,-0.34455952,0.10031723,-0.18170415
1783532931.1369,63,left_handPinky_3_joint,0.7401429,0.10257994,0.054085672,0.91553175,-0.34455952,0.10031723,-0.18170415
1783532931.1369,63,left_handPinkyEnd_joint,0.7540091,0.090115614,0.055177733,0.91553175,-0.34455952,0.10031723,-0.18170415
1783532931.1369,63,left_handRingStart_joint,0.6431842,0.18347442,0.060640134,0.9144023,-0.33730045,0.15212466,-0.16417868
1783532931.1369,63,left_handRing_1_joint,0.69390845,0.1368969,0.072336845,0.9144023,-0.33730045,0.15212466,-0.16417868
1783532931.1369,63,left_handRing_2_joint,0.7297138,0.104018636,0.080593355,0.9144023,-0.33730045,0.15212466,-0.16417868
1783532931.1369,63,left_handRing_3_joint,0.7520922,0.08346973,0.085753664,0.9144023,-0.33730045,0.15212466,-0.16417868
1783532931.1369,63,left_handRingEnd_joint,0.7670111,0.069770455,0.08919387,0.9144023,-0.33730045,0.15212466,-0.16417868
1783532931.1369,63,left_handThumbStart_joint,0.6225203,0.17500539,0.08004539,-0.513127,0.057751566,-0.66893566,0.5346869
1783532931.1369,63,left_handThumb_1_joint,0.627805,0.1334106,0.11358944,-0.513127,0.057751566,-0.66893566,0.5346869
1783532931.1369,63,left_handThumb_2_joint,0.6315809,0.10368032,0.13756758,-0.513127,0.057751566,-0.66893566,0.5346869
1783532931.1369,63,left_handThumbEnd_joint,0.6340982,0.08386013,0.15355298,-0.513127,0.057751566,-0.66893566,0.5346869
1783532931.1369,63,neck_1_joint,0.005979464,0.5863348,0.033094045,0.5601329,0.39625144,0.5976765,0.4147512
1783532931.1369,63,neck_2_joint,0.0051255203,0.61452526,0.043319996,0.55785495,0.39839545,0.5979222,0.41541284
1783532931.1369,63,neck_3_joint,0.0038271307,0.6521757,0.05676442,0.5460417,0.412794,0.5907928,0.42708713
1783532931.1369,63,neck_4_joint,0.0022723316,0.69039357,0.068468295,0.5320298,0.42959276,0.58033955,0.44226733
1783532931.1369,63,head_joint,0.00029583214,0.73524517,0.080002174,0.4731377,0.49256158,0.5273377,0.5054094
1783532931.1369,63,jaw_joint,0.0009962082,0.71024716,0.084963016,0.4731377,0.49256158,0.5273377,0.5054094
1783532931.1369,63,chin_joint,-0.0036279869,0.65990126,0.18468212,0.4731377,0.49256158,0.5273377,0.5054094
1783532931.1369,63,left_eye_joint,0.025335014,0.768822,0.1686142,0.4774155,0.48841646,0.5317254,0.5007912
1783532931.1369,63,left_eyeLowerLid_joint,0.025335014,0.768822,0.1686142,0.4774155,0.48841646,0.5317254,0.5007912
1783532931.1369,63,left_eyeUpperLid_joint,0.025335014,0.768822,0.1686142,0.4774155,0.48841646,0.5317254,0.5007912
1783532931.1369,63,left_eyeball_joint,0.025335014,0.768822,0.1686142,0.4774155,0.48841646,0.5317254,0.5007912
1783532931.1369,63,nose_joint,-0.007068002,0.7348174,0.18975456,0.477418,0.48841393,0.53172797,0.5007884
1783532931.1369,63,right_eye_joint,-0.039099425,0.76615673,0.16428058,0.4774155,0.48841646,0.5317254,0.5007912
1783532931.1369,63,right_eyeLowerLid_joint,-0.039099425,0.76615673,0.16428058,0.4774155,0.48841646,0.5317254,0.5007912
1783532931.1369,63,right_eyeUpperLid_joint,-0.039099425,0.76615673,0.16428058,0.4774155,0.48841646,0.5317254,0.5007912
1783532931.1369,63,right_eyeball_joint,-0.039099425,0.76615673,0.16428058,0.4774155,0.48841646,0.5317254,0.5007912
1783532931.1369,63,right_shoulder_1_joint,-0.08305524,0.56383115,0.0275618,0.67854714,0.01791504,0.10968825,0.7260999
1783532931.1369,63,right_arm_joint,-0.224521,0.5371999,0.0097438,0.6519663,0.22066703,0.33319977,0.6443784
1783532931.1369,63,right_forearm_joint,-0.40554243,0.34644854,-0.030176412,0.580627,0.35914686,0.14974058,0.7151665
1783532931.1369,63,right_hand_joint,-0.5923669,0.1772948,0.060883455,0.03331152,0.19671138,0.33572817,0.9205874
1783532931.1369,63,right_handIndexStart_joint,-0.60338616,0.16301645,0.08325809,0.010249987,0.25924087,0.3378103,0.9047502
1783532931.1369,63,right_handIndex_1_joint,-0.65457237,0.113498434,0.12037517,0.010249987,0.25924087,0.3378103,0.9047502
1783532931.1369,63,right_handIndex_2_joint,-0.6843315,0.08470833,0.14195482,0.010249987,0.25924087,0.3378103,0.9047502
1783532931.1369,63,right_handIndex_3_joint,-0.70099735,0.068586275,0.15403967,0.010249987,0.25924087,0.3378103,0.9047502
1783532931.1369,63,right_handIndexEnd_joint,-0.71290135,0.05707069,0.16267166,0.010249987,0.25924087,0.3378103,0.9047502
1783532931.1369,63,right_handMidStart_joint,-0.6095843,0.16089623,0.07228263,0.032907803,0.19761272,0.3360389,0.92029554
1783532931.1369,63,right_handMid_1_joint,-0.66249526,0.1128911,0.098250024,0.032907803,0.19761272,0.3360389,0.92029554
1783532931.1369,63,right_handMid_2_joint,-0.6996758,0.079158545,0.11649737,0.032907803,0.19761272,0.3360389,0.92029554
1783532931.1369,63,right_handMid_3_joint,-0.7211261,0.05969715,0.12702473,0.032907803,0.19761272,0.3360389,0.92029554
1783532931.1369,63,right_handMidEnd_joint,-0.73542625,0.046723355,0.13404287,0.032907814,0.19761272,0.3360389,0.92029554
1783532931.1369,63,right_handPinkyStart_joint,-0.6179305,0.15701854,0.046123292,0.071313396,0.09790397,0.36321953,0.9237968
1783532931.1369,63,right_handPinky_1_joint,-0.6634587,0.1135177,0.054320045,0.071313396,0.09790397,0.36321953,0.9237968
1783532931.1369,63,right_handPinky_2_joint,-0.69158006,0.08664938,0.059383042,0.071313396,0.09790397,0.36321953,0.9237968
1783532931.1369,63,right_handPinky_3_joint,-0.70630944,0.072575204,0.062034804,0.0713134,0.097903974,0.36321953,0.9237968
1783532931.1369,63,right_handPinkyEnd_joint,-0.7197,0.05978091,0.064445496,0.071313396,0.09790397,0.36321953,0.9237968
1783532931.1369,63,right_handRingStart_joint,-0.6137465,0.15869585,0.060285244,0.053045437,0.14827418,0.35002503,0.9234084
1783532931.1369,63,right_handRing_1_joint,-0.6634105,0.11244316,0.07681913,0.053045437,0.14827418,0.35002503,0.9234084
1783532931.1369,63,right_handRing_2_joint,-0.69846696,0.07979432,0.08848994,0.053045437,0.14827418,0.35002503,0.9234084
1783532931.1369,63,right_handRing_3_joint,-0.72037786,0.05938886,0.09578443,0.053045437,0.14827418,0.35002503,0.9234084
1783532931.1369,63,right_handRingEnd_joint,-0.7349848,0.04578424,0.100647315,0.053045437,0.14827418,0.35002503,0.9234084
1783532931.1369,63,right_handThumbStart_joint,-0.59465766,0.15541984,0.08264967,0.46086723,0.66096795,0.027121851,0.59159666
1783532931.1369,63,right_handThumb_1_joint,-0.60135907,0.12098102,0.123298615,0.46086723,0.66096795,0.027121851,0.59159666
1783532931.1369,63,right_handThumb_2_joint,-0.6061481,0.096366554,0.15235512,0.46086723,0.66096795,0.027121851,0.59159666
1783532931.1369,63,right_handThumbEnd_joint,-0.6093405,0.07995639,0.17172556,0.4608673,0.66096795,0.027121827,0.59159666
1783532931.1369,63,camera,0.11037838,0.0683255,-0.03230892,-0.078163974,-0.08218626,-0.69819164,0.7068693
1783532931.1688,64,root,7.5940276e-05,0.015420042,0.0026360985,0.052455824,0.0064994562,-0.012618636,0.99852234
1783532931.1688,64,hips_joint,7.5940276e-05,0.015420042,0.0026360985,0.052455824,0.0064994562,-0.012618636,0.99852234
1783532931.1688,64,left_upLeg_joint,0.099940106,-0.011978609,-0.00046150832,0.56350136,-0.4678132,0.499684,-0.46252885
1783532931.1688,64,left_leg_joint,0.12644142,-0.42864254,0.05444626,-0.38503087,0.6140789,-0.32952836,0.6050368
1783532931.1688,64,left_foot_joint,0.139537,-0.8272457,-0.16932473,0.6817926,-0.24596602,0.6325263,-0.27307522
1783532931.1688,64,left_toes_joint,0.15128405,-0.92871404,-0.060804367,0.71605384,-0.112283915,0.6728183,-0.14823891
1783532931.1688,64,left_toesEnd_joint,0.1554952,-0.9505686,-0.004374709,0.7160539,-0.11228372,0.67281824,-0.14823912
1783532931.1688,64,right_upLeg_joint,-0.10105873,-0.007043828,0.002415637,0.48426536,0.4794991,0.44688818,0.57953304
1783532931.1688,64,right_leg_joint,-0.16032466,-0.42071846,0.054187454,0.6423096,0.25677434,0.6108132,0.3852435
1783532931.1688,64,right_foot_joint,-0.21609157,-0.7867839,-0.21416968,0.3472832,0.59823763,0.24326381,0.6799476
1783532931.1688,64,right_toes_joint,-0.2408113,-0.8980106,-0.11810715,0.22760138,0.65321636,0.10997973,0.7137299
1783532931.1688,64,right_toesEnd_joint,-0.24823762,-0.92557067,-0.064582296,0.22760187,0.6532165,0.10997928,0.71372974
1783532931.1688,64,spine_1_joint,7.592051e-05,0.015420042,0.0026360988,0.5225831,0.4825964,0.5112672,0.48230004
1783532931.1688,64,spine_2_joint,0.000732778,0.072832584,0.0065984176,0.509182,0.4959743,0.50062174,0.49408582
1783532931.1688,64,spine_3_joint,0.0011226686,0.13037296,0.007732626,0.5009672,0.5004577,0.49675077,0.5018091
1783532931.1688,64,spine_4_joint,0.0014177212,0.18342578,0.0074908743,0.50288534,0.49460495,0.50220513,0.50026196
1783532931.1688,64,spine_5_joint,0.0018623909,0.25388566,0.007989317,0.5236897,0.46806487,0.5274033,0.4780272
1783532931.1688,64,spine_6_joint,0.0023760018,0.34714895,0.018380245,0.5252121,0.46084023,0.5398122,0.46944785
1783532931.1688,64,spine_7_joint,0.0015560897,0.45316482,0.033488333,0.5226673,0.4609771,0.5420331,0.4695949
1783532931.1688,64,left_shoulder_1_joint,0.08962162,0.5658493,0.045828633,-0.68002754,0.069523625,-0.063123435,0.7271482
1783532931.1688,64,left_arm_joint,0.23211326,0.53881836,0.043615665,-0.52060837,0.36107382,-0.2937859,0.71573913
1783532931.1688,64,left_forearm_joint,0.38282946,0.3269591,-0.012500705,-0.592091,0.212764,-0.45283833,0.6317413
1783532931.1688,64,left_hand_joint,0.5166372,0.10612358,0.05915978,0.8530566,-0.44244617,0.23360743,-0.14820005
1783532931.1688,64,left_handIndexStart_joint,0.52007854,0.08500657,0.080010004,0.8359261,-0.45161414,0.2881311,-0.119383834
1783532931.1688,64,left_handIndex_1_joint,0.5542949,0.018844455,0.11003665,0.8359261,-0.45161414,0.2881311,-0.119383834
1783532931.1688,64,left_handIndex_2_joint,0.5741881,-0.019621886,0.12749399,0.8359261,-0.45161414,0.2881311,-0.119383834
1783532931.1688,64,left_handIndex_3_joint,0.58532834,-0.041163042,0.13727011,0.8359261,-0.45161414,0.2881311,-0.119383834
1783532931.1688,64,left_handIndexEnd_joint,0.59328556,-0.056549583,0.14425305,0.8359261,-0.45161414,0.2881311,-0.119383834
1783532931.1688,64,left_handMidStart_joint,0.5276888,0.084075294,0.069782965,0.8536189,-0.4422458,0.23111594,-0.14946151
1783532931.1688,64,left_handMid_1_joint,0.5658489,0.021431092,0.08972716,0.8536189,-0.4422458,0.23111594,-0.14946151
1783532931.1688,64,left_handMid_2_joint,0.5926641,-0.022589158,0.103742,0.8536189,-0.4422458,0.23111594,-0.14946151
1783532931.1688,64,left_handMid_3_joint,0.6081344,-0.047985457,0.11182749,0.8536189,-0.4422458,0.23111594,-0.14946151
1783532931.1688,64,left_handMidEnd_joint,0.61844796,-0.06491632,0.117217824,0.8536189,-0.4422458,0.23111594,-0.14946151
1783532931.1688,64,left_handPinkyStart_joint,0.53980887,0.084341705,0.044842336,0.8577646,-0.45441252,0.13373587,-0.19965895
1783532931.1688,64,left_handPinky_1_joint,0.57481384,0.031447537,0.04788867,0.8577646,-0.45441252,0.13373587,-0.19965895
1783532931.1688,64,left_handPinky_2_joint,0.5964346,-0.0012223887,0.049770225,0.8577646,-0.45441252,0.13373587,-0.19965895
1783532931.1688,64,left_handPinky_3_joint,0.6077598,-0.018335206,0.050755806,0.8577646,-0.45441252,0.13373587,-0.19965895
1783532931.1688,64,left_handPinkyEnd_joint,0.61805534,-0.033892315,0.051651787,0.8577646,-0.45441252,0.13373587,-0.19965895
1783532931.1688,64,left_handRingStart_joint,0.5334972,0.08372495,0.058283366,0.85684186,-0.4488398,0.18308707,-0.1756241
1783532931.1688,64,left_handRing_1_joint,0.57052153,0.025505228,0.06918713,0.85684186,-0.4488398,0.18308707,-0.1756241
1783532931.1688,64,left_handRing_2_joint,0.5966564,-0.015591049,0.0768839,0.85684186,-0.4488398,0.18308707,-0.1756241
1783532931.1688,64,left_handRing_3_joint,0.6129906,-0.04127622,0.08169438,0.85684186,-0.4488398,0.18308707,-0.1756241
1783532931.1688,64,left_handRingEnd_joint,0.62388015,-0.058399666,0.08490137,0.85684186,-0.4488398,0.18308707,-0.1756241
1783532931.1688,64,left_handThumbStart_joint,0.5104141,0.079760246,0.07635927,0.4723349,-0.12687142,0.740082,-0.4616078
1783532931.1688,64,left_handThumb_1_joint,0.5035624,0.036634903,0.107608564,0.4723349,-0.12687142,0.740082,-0.4616078
1783532931.1688,64,left_handThumb_2_joint,0.49866363,0.0058108782,0.12994643,0.4723349,-0.12687138,0.740082,-0.4616078
1783532931.1688,64,left_handThumbEnd_joint,0.49539778,-0.014738473,0.14483832,0.4723349,-0.12687136,0.740082,-0.4616078
1783532931.1688,64,neck_1_joint,6.0041843e-05,0.58686817,0.044769347,0.57697076,0.39010912,0.5984126,0.3960076
1783532931.1688,64,neck_2_joint,-0.00055692345,0.61459166,0.056216173,0.5737663,0.39371118,0.5974932,0.3984792
1783532931.1688,64,neck_3_joint,-0.0015174499,0.65171057,0.071091026,0.5613403,0.4094405,0.5898961,0.41143438
1783532931.1688,64,neck_4_joint,-0.0027669587,0.6895137,0.08410498,0.54713494,0.42700288,0.57960093,0.4270531
1783532931.1688,64,head_joint,-0.004443008,0.73397106,0.09711777,0.48845324,0.4916842,0.52851343,0.49023795
1783532931.1688,64,jaw_joint,-0.0035783425,0.70882887,0.10125538,0.48845324,0.4916842,0.52851343,0.49023795
1783532931.1688,64,chin_joint,-0.005256866,0.65532005,0.19940822,0.48845324,0.4916842,0.52851343,0.49023795
1783532931.1688,64,left_eye_joint,0.023138205,0.764748,0.18599136,0.49272275,0.48740563,0.53276885,0.48561
1783532931.1688,64,left_eyeLowerLid_joint,0.023138205,0.764748,0.18599136,0.49272275,0.48740563,0.53276885,0.48561
1783532931.1688,64,left_eyeUpperLid_joint,0.023138205,0.764748,0.18599136,0.49272275,0.48740563,0.53276885,0.48561
1783532931.1688,64,left_eyeball_joint,0.023138205,0.764748,0.18599136,0.49272275,0.48740563,0.53276885,0.48561
1783532931.1688,64,nose_joint,-0.008608166,0.7300302,0.20696819,0.49272537,0.48740306,0.5327714,0.48560715
1783532931.1688,64,right_eye_joint,-0.04139289,0.7621104,0.1834499,0.49272275,0.48740563,0.53276885,0.48561
1783532931.1688,64,right_eyeLowerLid_joint,-0.04139289,0.7621104,0.1834499,0.49272275,0.48740563,0.53276885,0.48561
1783532931.1688,64,right_eyeUpperLid_joint,-0.04139289,0.7621104,0.1834499,0.49272275,0.48740563,0.53276885,0.48561
1783532931.1688,64,right_eyeball_joint,-0.04139289,0.7621104,0.1834499,0.49272275,0.48740563,0.53276885,0.48561
1783532931.1688,64,right_shoulder_1_joint,-0.089029536,0.56426793,0.040710025,0.707937,0.07000928,0.124483764,0.6916847
1783532931.1688,64,right_arm_joint,-0.22816144,0.5249116,0.029192448,0.6627923,0.30288243,0.37989426,0.5697798
1783532931.1688,64,right_forearm_joint,-0.36857146,0.30297068,-0.0129475305,0.5756872,0.4421978,0.22316326,0.65057176
1783532931.1688,64,right_hand_joint,-0.5050539,0.08872739,0.07237925,0.068240434,0.21885188,0.44434735,0.866027
1783532931.1688,64,right_handIndexStart_joint,-0.5106573,0.07045147,0.09383879,0.037677545,0.2775581,0.44853592,0.84873885
1783532931.1688,64,right_handIndex_1_joint,-0.54627913,0.007625036,0.12896237,0.037677545,0.2775581,0.44853592,0.84873885
1783532931.1688,64,right_handIndex_2_joint,-0.56698906,-0.028902423,0.14938293,0.037677545,0.2775581,0.44853592,0.84873885
1783532931.1688,64,right_handIndex_3_joint,-0.57858753,-0.049357623,0.16081879,0.037677545,0.2775581,0.44853592,0.84873885
1783532931.1688,64,right_handIndexEnd_joint,-0.5868719,-0.06396825,0.16898721,0.037677545,0.2775581,0.44853592,0.84873885
1783532931.1688,64,right_handMidStart_joint,-0.5171885,0.067938246,0.08314294,0.06773714,0.21967417,0.44468182,0.8656866
1783532931.1688,64,right_handMid_1_joint,-0.5558046,0.0071507976,0.10747505,0.06773714,0.21967417,0.44468182,0.8656866
1783532931.1688,64,right_handMid_2_joint,-0.5829402,-0.035563927,0.12457334,0.06773714,0.21967417,0.44468182,0.8656866
1783532931.1688,64,right_handMid_3_joint,-0.5985953,-0.06020732,0.13443774,0.06773714,0.21967417,0.44468182,0.8656866
1783532931.1688,64,right_handMidEnd_joint,-0.6090321,-0.07663578,0.14101397,0.06773715,0.21967417,0.44468182,0.8656866
1783532931.1688,64,right_handPinkyStart_joint,-0.526767,0.06454304,0.05734121,0.11824513,0.123930715,0.46574816,0.86818093
1783532931.1688,64,right_handPinky_1_joint,-0.5607678,0.011328502,0.06401152,0.11824513,0.123930715,0.46574816,0.86818093
1783532931.1688,64,right_handPinky_2_joint,-0.5817691,-0.02153969,0.06813177,0.11824513,0.123930715,0.46574816,0.86818093
1783532931.1688,64,right_handPinky_3_joint,-0.592769,-0.03875643,0.07028962,0.11824515,0.12393072,0.46574816,0.86818093
1783532931.1688,64,right_handPinkyEnd_joint,-0.6027692,-0.05440767,0.072251365,0.11824513,0.123930715,0.46574816,0.86818093
1783532931.1688,64,right_handRingStart_joint,-0.52181417,0.065896034,0.07128818,0.0939412,0.17245339,0.4557485,0.8681753
1783532931.1688,64,right_handRing_1_joint,-0.5584936,0.008356909,0.08622333,0.0939412,0.17245339,0.4557485,0.8681753
1783532931.1688,64,right_handRing_2_joint,-0.5843846,-0.0322587,0.096765585,0.0939412,0.17245339,0.4557485,0.8681753
1783532931.1688,64,right_handRing_3_joint,-0.60056716,-0.057643566,0.103354774,0.0939412,0.17245339,0.4557485,0.8681753
1783532931.1688,64,right_handRingEnd_joint,-0.61135495,-0.07456767,0.10774733,0.0939412,0.17245339,0.4557485,0.8681753
1783532931.1688,64,right_handThumbStart_joint,-0.50056744,0.06510832,0.09186106,0.4123279,0.7291244,0.106849894,0.53567433
1783532931.1688,64,right_handThumb_1_joint,-0.4959468,0.026673151,0.12907222,0.4123279,0.7291244,0.10684988,0.53567433
1783532931.1688,64,right_handThumb_2_joint,-0.49264324,-0.0007977628,0.15567155,0.4123279,0.7291244,0.10684988,0.53567433
1783532931.1688,64,right_handThumbEnd_joint,-0.49044055,-0.019112106,0.17340381,0.41232786,0.7291244,0.10684987,0.53567433
1783532931.1688,64,camera,0.110583656,0.06858845,-0.032259896,-0.07793108,-0.082164325,-0.6980278,0.7070593
1783532931.2022,65,root,0.00085042877,0.017115537,0.0034350436,0.019248806,0.0042623407,-0.011717464,0.999737
1783532931.2022,65,hips_joint,0.00085042877,0.017115537,0.0034350436,0.019248806,0.0042623407,-0.011717464,0.999737
1783532931.2022,65,left_upLeg_joint,0.10077759,-0.010213567,0.0025316249,0.5801765,-0.44793203,0.5324934,-0.4233235
1783532931.2022,65,left_leg_joint,0.114090726,-0.41893134,0.103023134,-0.35204884,0.6388005,-0.33245665,0.59788656
1783532931.2022,65,left_foot_joint,0.09708496,-0.80641663,-0.13924819,0.6710743,-0.28576666,0.6304221,-0.26564068
1783532931.2022,65,left_toes_joint,0.10331611,-0.9134919,-0.035775747,0.7130734,-0.15339455,0.6693432,-0.14133796
1783532931.2022,65,left_toesEnd_joint,0.10676804,-0.9382395,0.019499058,0.71307343,-0.15339436,0.6693431,-0.14133815
1783532931.2022,65,right_upLeg_joint,-0.10023977,-0.005530771,0.0043366994,0.44605765,0.5074551,0.43365192,0.5962115
1783532931.2022,65,right_leg_joint,-0.14608453,-0.413909,0.09623341,0.63597846,0.24781689,0.6402456,0.35242566
1783532931.2022,65,right_foot_joint,-0.17230764,-0.7644302,-0.19630134,0.34782314,0.5872819,0.2866716,0.6722637
1783532931.2022,65,right_toes_joint,-0.19404224,-0.88275814,-0.108343616,0.23020808,0.64256155,0.15405712,0.7144126
1783532931.2022,65,right_toesEnd_joint,-0.2017316,-0.9140566,-0.056953948,0.23020859,0.6425617,0.15405667,0.71441245
1783532931.2022,65,spine_1_joint,0.00085040904,0.017115537,0.0034350439,0.5055881,0.49874604,0.49933708,0.49628186
1783532931.2022,65,spine_2_joint,0.0010708318,0.074665174,0.0040037017,0.4942677,0.50999665,0.49262393,0.5029163
1783532931.2022,65,spine_3_joint,0.0007514319,0.13219772,0.002507608,0.4900924,0.51082367,0.49425155,0.5045635
1783532931.2022,65,spine_4_joint,0.00019698478,0.1852235,0.00086142926,0.49770504,0.4999976,0.50598997,0.49625218
1783532931.2022,65,spine_5_joint,-0.00065204286,0.2556808,0.0011610575,0.5252885,0.46703964,0.53697497,0.4664803
1783532931.2022,65,spine_6_joint,-0.0018685403,0.34866554,0.013756477,0.5325726,0.45374054,0.5530745,0.45232117
1783532931.2022,65,spine_7_joint,-0.004397904,0.45387042,0.033601426,0.5334017,0.4510105,0.5554545,0.4511566
1783532931.2022,65,left_shoulder_1_joint,0.08236091,0.5668363,0.051412378,-0.6466769,0.080101974,-0.10351151,0.75145054
1783532931.2022,65,left_arm_joint,0.22244099,0.529244,0.05336934,-0.44257146,0.39038014,-0.3693821,0.71783745
1783532931.2022,65,left_forearm_joint,0.3347725,0.29627854,-0.008739305,-0.50542647,0.28089854,-0.5356022,0.6154431
1783532931.2022,65,left_hand_joint,0.4067098,0.043525618,0.04369206,0.77403486,-0.5466694,0.25870103,-0.18733995
1783532931.2022,65,left_handIndexStart_joint,0.40317923,0.02011737,0.061915457,0.7553891,-0.5581039,0.30803633,-0.15172642
1783532931.2022,65,left_handIndex_1_joint,0.41821876,-0.05510515,0.085688695,0.7553891,-0.5581039,0.30803633,-0.15172642
1783532931.2022,65,left_handIndex_2_joint,0.42696264,-0.09883918,0.09951034,0.7553891,-0.5581039,0.30803633,-0.15172642
1783532931.2022,65,left_handIndex_3_joint,0.43185923,-0.12333023,0.10725047,0.7553891,-0.5581039,0.30803633,-0.15172642
1783532931.2022,65,left_handIndexEnd_joint,0.43535683,-0.14082384,0.112779126,0.7553891,-0.5581039,0.30803633,-0.15172642
1783532931.2022,65,left_handMidStart_joint,0.41132236,0.01847682,0.052200813,0.7746459,-0.54633963,0.25641817,-0.18890883
1783532931.2022,65,left_handMid_1_joint,0.43196234,-0.053229433,0.06670824,0.7746459,-0.54633963,0.25641817,-0.18890883
1783532931.2022,65,left_handMid_2_joint,0.4464661,-0.10361761,0.07690264,0.7746459,-0.54633963,0.25641817,-0.18890883
1783532931.2022,65,left_handMid_3_joint,0.45483363,-0.1326877,0.082784034,0.7746459,-0.54633963,0.25641817,-0.18890883
1783532931.2022,65,left_handMidEnd_joint,0.46041203,-0.15206777,0.086704955,0.7746459,-0.54633963,0.25641817,-0.18890883
1783532931.2022,65,left_handPinkyStart_joint,0.42552787,0.01846706,0.028384754,0.7784462,-0.55110353,0.16538513,-0.25090668
1783532931.2022,65,left_handPinky_1_joint,0.4469828,-0.0412878,0.02717415,0.7784462,-0.55110353,0.16538513,-0.25090668
1783532931.2022,65,left_handPinky_2_joint,0.46023437,-0.078195214,0.026426425,0.7784462,-0.55110353,0.16538513,-0.25090668
1783532931.2022,65,left_handPinky_3_joint,0.46717566,-0.09752766,0.026034757,0.7784462,-0.55110353,0.16538513,-0.25090668
1783532931.2022,65,left_handPinkyEnd_joint,0.47348595,-0.11510262,0.025678696,0.7784462,-0.55110353,0.16538513,-0.25090668
1783532931.2022,65,left_handRingStart_joint,0.41797668,0.017962923,0.041175522,0.7775349,-0.5493577,0.21170065,-0.22097148
1783532931.2022,65,left_handRing_1_joint,0.4394056,-0.048245758,0.047212403,0.7775349,-0.5493577,0.21170065,-0.22097148
1783532931.2022,65,left_handRing_2_joint,0.45453185,-0.094981305,0.051473737,0.7775349,-0.5493577,0.21170065,-0.22097148
1783532931.2022,65,left_handRing_3_joint,0.46398577,-0.124191016,0.054137066,0.7775349,-0.5493577,0.21170065,-0.22097148
1783532931.2022,65,left_handRingEnd_joint,0.47028837,-0.14366415,0.05591262,0.7775349,-0.5493577,0.21170065,-0.22097148
1783532931.2022,65,left_handThumbStart_joint,0.3929667,0.017754206,0.056978755,0.39493525,-0.20550874,0.7999399,-0.40235364
1783532931.2022,65,left_handThumb_1_joint,0.37340808,-0.025528936,0.08202452,0.39493525,-0.20550874,0.7999399,-0.40235364
1783532931.2022,65,left_handThumb_2_joint,0.35942683,-0.056465644,0.099928275,0.39493525,-0.20550874,0.7999399,-0.40235364
1783532931.2022,65,left_handThumbEnd_joint,0.350106,-0.07709012,0.1118641,0.39493525,-0.2055087,0.7999399,-0.40235364
1783532931.2022,65,neck_1_joint,-0.007453629,0.58676857,0.051899806,0.5838009,0.38217416,0.60800445,0.37874764
1783532931.2022,65,neck_2_joint,-0.008397215,0.6139722,0.064512156,0.5784553,0.38861343,0.60596913,0.3836281
1783532931.2022,65,neck_3_joint,-0.009854735,0.65055317,0.080627605,0.56450176,0.4064205,0.597786,0.39851224
1783532931.2022,65,neck_4_joint,-0.011656793,0.6879652,0.094666615,0.5494284,0.42514578,0.5872502,0.41535157
1783532931.2022,65,head_joint,-0.014009712,0.73207283,0.10872332,0.49090362,0.490032,0.53751427,0.47954217
1783532931.2022,65,jaw_joint,-0.012729088,0.70685774,0.11226757,0.49090362,0.490032,0.53751427,0.47954217
1783532931.2022,65,chin_joint,-0.013264243,0.65104425,0.20914154,0.49090362,0.490032,0.53751427,0.47954217
1783532931.2022,65,left_eye_joint,0.013329392,0.76120037,0.19822532,0.49515864,0.48573202,0.54167604,0.47483605
1783532931.2022,65,left_eyeLowerLid_joint,0.013329392,0.76120037,0.19822532,0.49515864,0.48573202,0.54167604,0.47483605
1783532931.2022,65,left_eyeUpperLid_joint,0.013329392,0.76120037,0.19822532,0.49515864,0.48573202,0.54167604,0.47483605
1783532931.2022,65,left_eyeball_joint,0.013329392,0.76120037,0.19822532,0.49515864,0.48573202,0.54167604,0.47483605
1783532931.2022,65,nose_joint,-0.017794209,0.7254931,0.21846111,0.49516127,0.4857295,0.54167855,0.47483325
1783532931.2022,65,right_eye_joint,-0.051158052,0.7575821,0.1957844,0.49515864,0.48573202,0.54167604,0.47483605
1783532931.2022,65,right_eyeLowerLid_joint,-0.051158052,0.7575821,0.1957844,0.49515864,0.48573202,0.54167604,0.47483605
1783532931.2022,65,right_eyeUpperLid_joint,-0.051158052,0.7575821,0.1957844,0.49515864,0.48573202,0.54167604,0.47483605
1783532931.2022,65,right_eyeball_joint,-0.051158052,0.7575821,0.1957844,0.49515864,0.48573202,0.54167604,0.47483605
1783532931.2022,65,right_shoulder_1_joint,-0.096283585,0.5633085,0.047096975,0.7323232,0.11906429,0.13533781,0.65666574
1783532931.2022,65,right_arm_joint,-0.23190671,0.51223224,0.04102649,0.6682734,0.38118908,0.40864068,0.4910381
1783532931.2022,65,right_forearm_joint,-0.33176193,0.26997405,-0.0046727275,0.56381947,0.52834207,0.29104367,0.56414187
1783532931.2022,65,right_hand_joint,-0.40472946,0.022326602,0.067124,0.11077717,0.24679829,0.5504019,0.7898587
1783532931.2022,65,right_handIndexStart_joint,-0.4034645,0.0013420534,0.08671911,0.072876856,0.3001832,0.5572113,0.77077526
1783532931.2022,65,right_handIndex_1_joint,-0.41943094,-0.07115587,0.117359966,0.072876856,0.3001832,0.5572113,0.77077526
1783532931.2022,65,right_handIndex_2_joint,-0.4287133,-0.11330616,0.13517421,0.072876856,0.3001832,0.5572113,0.77077526
1783532931.2022,65,right_handIndex_3_joint,-0.43391222,-0.13691038,0.14515062,0.072876856,0.3001832,0.5572113,0.77077526
1783532931.2022,65,right_handIndexEnd_joint,-0.43762565,-0.15377027,0.15227659,0.072876856,0.3001832,0.5572113,0.77077526
1783532931.2022,65,right_handMidStart_joint,-0.41044852,-0.0016669774,0.07644572,0.11018114,0.24751745,0.5507628,0.7894654
1783532931.2022,65,right_handMid_1_joint,-0.43103287,-0.07191754,0.09692768,0.11018114,0.24751745,0.5507628,0.7894654
1783532931.2022,65,right_handMid_2_joint,-0.44549772,-0.12128206,0.11132055,0.11018114,0.24751745,0.5507628,0.7894654
1783532931.2022,65,right_handMid_3_joint,-0.45384264,-0.14976183,0.119624086,0.11018114,0.24751745,0.5507628,0.7894654
1783532931.2022,65,right_handMidEnd_joint,-0.4594061,-0.1687479,0.1251598,0.11018115,0.24751742,0.5507628,0.7894654
1783532931.2022,65,right_handPinkyStart_joint,-0.4219365,-0.0048665595,0.051409863,0.17275706,0.15770683,0.56420577,0.79180515
1783532931.2022,65,right_handPinky_1_joint,-0.44185042,-0.06506339,0.054889992,0.17275706,0.15770683,0.56420577,0.79180515
1783532931.2022,65,right_handPinky_2_joint,-0.4541509,-0.10224439,0.05703986,0.17275706,0.15770683,0.56420577,0.79180515
1783532931.2022,65,right_handPinky_3_joint,-0.46059322,-0.12171999,0.058165535,0.17275707,0.15770684,0.56420577,0.79180515
1783532931.2022,65,right_handPinkyEnd_joint,-0.46645027,-0.13942483,0.059189,0.17275706,0.15770683,0.56420577,0.79180515
1783532931.2022,65,right_handRingStart_joint,-0.41583368,-0.0036570167,0.06490697,0.14242643,0.20340608,0.55814373,0.7917173
1783532931.2022,65,right_handRing_1_joint,-0.43638435,-0.069437586,0.076299205,0.14242643,0.20340608,0.55814373,0.7917173
1783532931.2022,65,right_handRing_2_joint,-0.45089033,-0.115870565,0.08434059,0.14242643,0.20340608,0.55814373,0.7917173
1783532931.2022,65,right_handRing_3_joint,-0.45995715,-0.14489147,0.08936678,0.14242643,0.20340608,0.55814373,0.7917173
1783532931.2022,65,right_handRingEnd_joint,-0.46600097,-0.16423942,0.09271718,0.14242643,0.20340608,0.55814373,0.7917173
1783532931.2022,65,right_handThumbStart_joint,-0.3927212,-0.0012198234,0.0832143,0.35594338,0.7932356,0.1860213,0.45768744
1783532931.2022,65,right_handThumb_1_joint,-0.3751286,-0.04068729,0.115090616,0.35594338,0.7932356,0.1860213,0.45768744
1783532931.2022,65,right_handThumb_2_joint,-0.36255318,-0.06889608,0.13787684,0.35594338,0.7932356,0.18602125,0.45768744
1783532931.2022,65,right_handThumbEnd_joint,-0.35416928,-0.08770219,0.15306696,0.35594338,0.7932356,0.18602125,0.45768744
1783532931.2022,65,camera,0.11093037,0.06891962,-0.032196917,-0.077809915,-0.08165706,-0.69823945,0.7069225
1783532931.2353,66,root,-0.00015629397,0.018311143,0.0010970649,0.010874727,-0.0028905394,-0.004559609,0.9999263
1783532931.2353,66,hips_joint,-0.00015629397,0.018311143,0.0010970649,0.010874727,-0.0028905394,-0.004559609,0.9999263
1783532931.2353,66,left_upLeg_joint,0.100146,-0.0076042875,0.002082541,0.58885926,-0.4371484,0.54382694,-0.40791962
1783532931.2353,66,left_leg_joint,0.111223966,-0.411235,0.12160456,-0.3165292,0.66496634,-0.32153845,0.59518254
1783532931.2353,66,left_foot_joint,0.069547705,-0.7787771,-0.14729184,0.659249,-0.32826906,0.62015957,-0.27024502
1783532931.2353,66,left_toes_joint,0.07182537,-0.8932354,-0.051873777,0.7095182,-0.19736795,0.6601393,-0.14780396
1783532931.2353,66,left_toesEnd_joint,0.074890524,-0.92206204,0.0014112139,0.70951825,-0.19736777,0.66013926,-0.14780417
1783532931.2353,66,right_upLeg_joint,-0.10092223,-0.0057533416,0.0009407056,0.42848292,0.50838995,0.45108795,0.595367
1783532931.2353,66,right_leg_joint,-0.13297537,-0.41539213,0.09307182,0.6164654,0.25191018,0.6697609,0.3285301
1783532931.2353,66,right_foot_joint,-0.12196387,-0.7586745,-0.20886415,0.32993808,0.5784708,0.32464233,0.6716545
1783532931.2353,66,right_toes_joint,-0.13984141,-0.8805548,-0.12498292,0.21431719,0.6305203,0.19145505,0.7210113
1783532931.2353,66,right_toesEnd_joint,-0.14782292,-0.913696,-0.07480752,0.21431768,0.6305204,0.19145462,0.72101116
1783532931.2353,66,spine_1_joint,-0.00015631375,0.018311143,0.0010970648,0.4957958,0.502236,0.5009435,0.5010002
1783532931.2353,66,spine_2_joint,-0.0005229682,0.075861625,0.00072243094,0.4873095,0.5113858,0.49332502,0.5075871
1783532931.2353,66,spine_3_joint,-0.0010852497,0.13336943,-0.0014842431,0.48721144,0.5090829,0.49437612,0.50897145
1783532931.2353,66,spine_4_joint,-0.0014643878,0.18638696,-0.0034199762,0.4994939,0.49440625,0.50542796,0.5006105
1783532931.2353,66,spine_5_joint,-0.0014480656,0.2568484,-0.002944971,0.5314582,0.4569374,0.53510654,0.4716158
1783532931.2353,66,spine_6_joint,-0.00054156006,0.3497134,0.010529178,0.54249936,0.43999296,0.54811025,0.46008253
1783532931.2353,66,spine_7_joint,0.00072414696,0.4547081,0.031572055,0.5451814,0.43644246,0.54491466,0.46407276
1783532931.2353,66,left_shoulder_1_joint,0.09301386,0.5631305,0.04981517,-0.63097125,0.09861419,-0.13157743,0.7581808
1783532931.2353,66,left_arm_joint,0.23022011,0.5161395,0.052209705,-0.40045395,0.41439414,-0.4130534,0.705196
1783532931.2353,66,left_forearm_joint,0.3140933,0.27290592,-0.015255231,-0.47198176,0.30720884,-0.58080786,0.5878085
1783532931.2353,66,left_hand_joint,0.35069007,0.012224083,0.03488238,0.7306936,-0.5948873,0.27896985,-0.1853978
1783532931.2353,66,left_handIndexStart_joint,0.343517,-0.010771625,0.052552946,0.7108002,-0.60607123,0.3254602,-0.14668696
1783532931.2353,66,left_handIndex_1_joint,0.34781417,-0.08763464,0.07543092,0.7108002,-0.60607123,0.3254602,-0.14668696
1783532931.2353,66,left_handIndex_2_joint,0.35031253,-0.13232243,0.08873207,0.7108002,-0.60607123,0.3254602,-0.14668696
1783532931.2353,66,left_handIndex_3_joint,0.3517116,-0.1573476,0.096180715,0.7108002,-0.60607123,0.3254602,-0.14668696
1783532931.2353,66,left_handIndexEnd_joint,0.35271093,-0.17522271,0.101501174,0.7108002,-0.60607123,0.3254602,-0.14668696
1783532931.2353,66,left_handMidStart_joint,0.3517086,-0.013327503,0.043079756,0.73135054,-0.5945535,0.27680758,-0.1871115
1783532931.2353,66,left_handMid_1_joint,0.36233303,-0.08730835,0.056944203,0.73135054,-0.5945535,0.27680758,-0.1871115
1783532931.2353,66,left_handMid_2_joint,0.36979884,-0.1392949,0.06668679,0.73135054,-0.5945535,0.27680758,-0.1871115
1783532931.2353,66,left_handMid_3_joint,0.37410605,-0.16928713,0.07230751,0.73135054,-0.5945535,0.27680758,-0.1871115
1783532931.2353,66,left_handMidEnd_joint,0.37697753,-0.18928196,0.076054655,0.73135054,-0.5945535,0.27680758,-0.1871115
1783532931.2353,66,left_handPinkyStart_joint,0.36660725,-0.014864029,0.019741522,0.73586434,-0.59778345,0.19005981,-0.25502256
1783532931.2353,66,left_handPinky_1_joint,0.38013712,-0.0768867,0.018142566,0.73586434,-0.59778345,0.19005981,-0.25502256
1783532931.2353,66,left_handPinky_2_joint,0.38849384,-0.11519482,0.017154973,0.73586434,-0.59778345,0.19005981,-0.25502256
1783532931.2353,66,left_handPinky_3_joint,0.39287117,-0.13526098,0.016637664,0.73586434,-0.59778345,0.19005981,-0.25502256
1783532931.2353,66,left_handPinkyEnd_joint,0.39685053,-0.15350294,0.016167382,0.73586434,-0.59778345,0.19005981,-0.25502256
1783532931.2353,66,left_handRingStart_joint,0.35861683,-0.014553975,0.03226895,0.7345305,-0.5968563,0.2343119,-0.22209468
1783532931.2353,66,left_handRing_1_joint,0.37103093,-0.083071105,0.037794292,0.7345305,-0.5968563,0.2343119,-0.22209468
1783532931.2353,66,left_handRing_2_joint,0.3797938,-0.13143614,0.04169454,0.7345305,-0.5968563,0.2343119,-0.22209468
1783532931.2353,66,left_handRing_3_joint,0.3852706,-0.16166428,0.04413219,0.7345305,-0.5968563,0.2343119,-0.22209468
1783532931.2353,66,left_handRingEnd_joint,0.3889218,-0.18181637,0.045757294,0.7345305,-0.5968563,0.2343119,-0.22209468
1783532931.2353,66,left_handThumbStart_joint,0.3332607,-0.011712527,0.047244914,0.3639338,-0.23047486,0.82936406,-0.35579383
1783532931.2353,66,left_handThumb_1_joint,0.30738446,-0.05241185,0.0708511,0.3639338,-0.23047486,0.82936406,-0.35579383
1783532931.2353,66,left_handThumb_2_joint,0.28888762,-0.08150158,0.08772584,0.3639338,-0.23047486,0.82936406,-0.35579383
1783532931.2353,66,left_handThumbEnd_joint,0.2765564,-0.10089473,0.09897566,0.3639338,-0.23047481,0.82936406,-0.35579383
1783532931.2353,66,neck_1_joint,0.004308198,0.5875277,0.05033926,0.59336627,0.3645959,0.6041875,0.38722593
1783532931.2353,66,neck_2_joint,0.0044298368,0.6145454,0.06337867,0.58783793,0.3699085,0.60610354,0.38762486
1783532931.2353,66,neck_3_joint,0.004094329,0.6507364,0.08041107,0.5742076,0.3872024,0.6004976,0.39970332
1783532931.2353,66,neck_4_joint,0.0032524876,0.6877248,0.095614605,0.55967605,0.40582493,0.59125865,0.41530994
1783532931.2353,66,head_joint,0.0019412333,0.7313677,0.111177005,0.5033486,0.47206542,0.5415614,0.48011032
1783532931.2353,66,jaw_joint,0.0025240022,0.7060201,0.11385262,0.5033486,0.47206542,0.5415614,0.48011032
1783532931.2353,66,chin_joint,-0.00034171282,0.6469282,0.20872058,0.5033486,0.47206542,0.5415614,0.48011032
1783532931.2353,66,left_eye_joint,0.02924776,0.7566461,0.2018512,0.50744647,0.46765763,0.545728,0.47536898
1783532931.2353,66,left_eyeLowerLid_joint,0.02924776,0.7566461,0.2018512,0.50744647,0.46765763,0.545728,0.47536898
1783532931.2353,66,left_eyeUpperLid_joint,0.02924776,0.7566461,0.2018512,0.50744647,0.46765763,0.545728,0.47536898
1783532931.2353,66,left_eyeball_joint,0.02924776,0.7566461,0.2018512,0.50744647,0.46765763,0.545728,0.47536898
1783532931.2353,66,nose_joint,-0.0029858511,0.72110504,0.22058636,0.50744885,0.4676549,0.54573053,0.4753661
1783532931.2353,66,right_eye_joint,-0.035288665,0.7548377,0.19877529,0.50744647,0.46765763,0.545728,0.47536898
1783532931.2353,66,right_eyeLowerLid_joint,-0.035288665,0.7548377,0.19877529,0.50744647,0.46765763,0.545728,0.47536898
1783532931.2353,66,right_eyeUpperLid_joint,-0.035288665,0.7548377,0.19877529,0.50744647,0.46765763,0.545728,0.47536898
1783532931.2353,66,right_eyeball_joint,-0.035288665,0.7548377,0.19877529,0.50744647,0.46765763,0.545728,0.47536898
1783532931.2353,66,right_shoulder_1_joint,-0.08558118,0.5685564,0.045420036,0.72027576,0.11334844,0.09697492,0.6774593
1783532931.2353,66,right_arm_joint,-0.22417511,0.52581376,0.0474334,0.64872587,0.4447695,0.34770945,0.5103268
1783532931.2353,66,right_forearm_joint,-0.32061005,0.27792615,0.048183337,0.4656503,0.6490898,0.18174535,0.5734296
1783532931.2353,66,right_hand_joint,-0.34507644,0.060083713,0.20230804,0.026786236,0.40900916,0.53578025,0.7381965
1783532931.2353,66,right_handIndexStart_joint,-0.33756214,0.046435155,0.226457,-0.009809536,0.45852804,0.5368589,0.70812345
1783532931.2353,66,right_handIndex_1_joint,-0.33780852,-0.013904333,0.2794554,-0.009809536,0.45852804,0.5368589,0.70812345
1783532931.2353,66,right_handIndex_2_joint,-0.33795127,-0.04898578,0.31026822,-0.009809536,0.45852804,0.5368589,0.70812345
1783532931.2353,66,right_handIndex_3_joint,-0.33803192,-0.06863138,0.32752398,-0.009809536,0.45852804,0.5368589,0.70812345
1783532931.2353,66,right_handIndexEnd_joint,-0.33808947,-0.0826637,0.3398494,-0.009809536,0.45852804,0.5368589,0.70812345
1783532931.2353,66,right_handMidStart_joint,-0.34572294,0.03982375,0.21917251,0.026256131,0.40969962,0.5360596,0.7376296
1783532931.2353,66,right_handMid_1_joint,-0.35253188,-0.021926887,0.2629774,0.026256131,0.40969962,0.5360596,0.7376296
1783532931.2353,66,right_handMid_2_joint,-0.35731682,-0.065318495,0.2937592,0.026256131,0.40969962,0.5360596,0.7376296
1783532931.2353,66,right_handMid_3_joint,-0.3600771,-0.09035234,0.3115179,0.026256131,0.40969962,0.5360596,0.7376296
1783532931.2353,66,right_handMidEnd_joint,-0.36191761,-0.10704117,0.32335696,0.026256131,0.40969962,0.5360596,0.7376296
1783532931.2353,66,right_handPinkyStart_joint,-0.36078882,0.028065301,0.19907859,0.093624845,0.32728383,0.5571519,0.75743115
1783532931.2353,66,right_handPinky_1_joint,-0.3712623,-0.02942135,0.22393677,0.093624845,0.32728383,0.5571519,0.75743115
1783532931.2353,66,right_handPinky_2_joint,-0.37773174,-0.06492833,0.239291,0.093624845,0.32728383,0.5571519,0.75743115
1783532931.2353,66,right_handPinky_3_joint,-0.38111985,-0.083527155,0.24733306,0.093624845,0.32728383,0.5571519,0.75743115
1783532931.2353,66,right_handPinkyEnd_joint,-0.3842003,-0.10043492,0.25464416,0.093624845,0.32728383,0.5571519,0.75743115
1783532931.2353,66,right_handRingStart_joint,-0.3526834,0.033909295,0.21007995,0.06073377,0.3695299,0.5470995,0.7486266
1783532931.2353,66,right_handRing_1_joint,-0.3616427,-0.026444327,0.2440854,0.06073377,0.3695299,0.5470995,0.7486266
1783532931.2353,66,right_handRing_2_joint,-0.36796665,-0.06904658,0.26808888,0.06073377,0.3695299,0.5470995,0.7486266
1783532931.2353,66,right_handRing_3_joint,-0.37191957,-0.0956732,0.28309157,0.06073377,0.3695299,0.5470995,0.7486266
1783532931.2353,66,right_handRingEnd_joint,-0.37455416,-0.113424994,0.29309306,0.06073377,0.3695299,0.5470995,0.7486266
1783532931.2353,66,right_handThumbStart_joint,-0.32733172,0.04377096,0.22171295,0.25304973,0.8712581,0.052057225,0.41733173
1783532931.2353,66,right_handThumb_1_joint,-0.29921743,0.017758036,0.25934538,0.25304973,0.8712581,0.05205722,0.41733173
1783532931.2353,66,right_handThumb_2_joint,-0.27912137,-0.00083325146,0.28624526,0.25304973,0.8712581,0.052057203,0.41733173
1783532931.2353,66,right_handThumbEnd_joint,-0.26572374,-0.013227877,0.30417782,0.25304973,0.8712581,0.052057188,0.41733173
1783532931.2353,66,camera,0.11080349,0.06914749,-0.032260012,-0.07757527,-0.08121257,-0.6982931,0.70694643
1783532931.2689,67,root,-0.0014827924,0.020453157,0.0019709738,-0.018187393,-0.007104035,-0.0013577124,0.99980843
1783532931.2689,67,hips_joint,-0.0014827924,0.020453157,0.0019709738,-0.018187393,-0.007104035,-0.0013577124,0.99980843
1783532931.2689,67,left_upLeg_joint,0.09895885,-0.0047207903,0.005269733,0.5965701,-0.40527087,0.57073164,-0.39258754
1783532931.2689,67,left_leg_joint,0.10739849,-0.39704752,0.15802583,-0.29025692,0.658051,-0.3064476,0.623546
1783532931.2689,67,left_foot_joint,0.082757756,-0.7465103,-0.13590948,0.6343027,-0.339027,0.6257711,-0.30187932
1783532931.2689,67,left_toes_joint,0.08081175,-0.86691403,-0.04810497,0.6870631,-0.21265912,0.671645,-0.17780125
1783532931.2689,67,left_toesEnd_joint,0.08125725,-0.89912826,0.0032925748,0.68706316,-0.2126589,0.671645,-0.17780147
1783532931.2689,67,right_upLeg_joint,-0.102100104,-0.004222064,0.0024037114,0.3867356,0.5370972,0.4319619,0.6126755
1783532931.2689,67,right_leg_joint,-0.12310054,-0.4020431,0.13884735,0.6061964,0.26234677,0.6847372,0.30795297
1783532931.2689,67,right_foot_joint,-0.08862697,-0.7403591,-0.16690299,0.31541824,0.58035386,0.34912148,0.6646917
1783532931.2689,67,right_toes_joint,-0.1009381,-0.86408895,-0.084745646,0.19970362,0.62961715,0.21681014,0.7188143
1783532931.2689,67,right_toesEnd_joint,-0.10780182,-0.8982506,-0.035091918,0.19970413,0.6296174,0.21680973,0.7188142
1783532931.2689,67,spine_1_joint,-0.0014828123,0.020453157,0.0019709733,0.47976694,0.51514405,0.4937241,0.510575
1783532931.2689,67,spine_2_joint,-0.0025345145,0.07791766,-0.0010387133,0.47572985,0.5210073,0.49091306,0.511113
1783532931.2689,67,spine_3_joint,-0.0039669336,0.13532904,-0.0048086056,0.4821031,0.51375985,0.49737987,0.5062016
1783532931.2689,67,spine_4_joint,-0.0051697884,0.18832591,-0.006960231,0.50189567,0.49293077,0.5133559,0.49151307
1783532931.2689,67,spine_5_joint,-0.0060869036,0.25875616,-0.0050172852,0.54101557,0.44833866,0.5457856,0.45652205
1783532931.2689,67,spine_6_joint,-0.005882617,0.35094288,0.012528341,0.55732435,0.42622608,0.55877835,0.44213945
1783532931.2689,67,spine_7_joint,-0.004586116,0.4545543,0.039570436,0.5617984,0.4226166,0.5522242,0.44813567
1783532931.2689,67,left_shoulder_1_joint,0.088519454,0.5613531,0.062613234,-0.6164396,0.10272145,-0.15413757,0.7653051
1783532931.2689,67,left_arm_joint,0.22361587,0.5087627,0.067371815,-0.3769893,0.410818,-0.45614085,0.6935726
1783532931.2689,67,left_forearm_joint,0.28913578,0.25807542,0.00727386,-0.44793096,0.3074614,-0.61814505,0.56808615
1783532931.2689,67,left_hand_joint,0.30165756,-0.003935795,0.06205868,0.6996167,-0.6175592,0.3086367,-0.18412085
1783532931.2689,67,left_handIndexStart_joint,0.29174423,-0.026002761,0.07958802,0.67785764,-0.6285967,0.3530561,-0.1439669
1783532931.2689,67,left_handIndex_1_joint,0.28856674,-0.10260737,0.103492394,0.67785764,-0.6285967,0.3530561,-0.1439669
1783532931.2689,67,left_handIndex_2_joint,0.28671935,-0.14714493,0.11739029,0.67785764,-0.6285967,0.3530561,-0.1439669
1783532931.2689,67,left_handIndex_3_joint,0.28568482,-0.17208597,0.1251731,0.67785764,-0.6285967,0.3530561,-0.1439669
1783532931.2689,67,left_handIndexEnd_joint,0.28494588,-0.18990098,0.13073227,0.67785764,-0.6285967,0.3530561,-0.1439669
1783532931.2689,67,left_handMidStart_joint,0.30016348,-0.0293592,0.07057544,0.7003525,-0.6172232,0.30656156,-0.18590821
1783532931.2689,67,left_handMid_1_joint,0.30397266,-0.1037422,0.085771464,0.7003525,-0.6172232,0.30656156,-0.18590821
1783532931.2689,67,left_handMid_2_joint,0.3066494,-0.15601133,0.096449755,0.7003525,-0.6172232,0.30656156,-0.18590821
1783532931.2689,67,left_handMid_3_joint,0.30819365,-0.1861666,0.1026103,0.7003525,-0.6172232,0.30656156,-0.18590821
1783532931.2689,67,left_handMidEnd_joint,0.30922318,-0.20627011,0.10671733,0.7003525,-0.6172232,0.30656156,-0.18590821
1783532931.2689,67,left_handPinkyStart_joint,0.31603798,-0.032454386,0.04804942,0.7073719,-0.6194736,0.2228301,-0.2573406
1783532931.2689,67,left_handPinky_1_joint,0.32449627,-0.0953895,0.04782184,0.7073719,-0.6194736,0.2228301,-0.2573406
1783532931.2689,67,left_handPinky_2_joint,0.3297205,-0.13426119,0.047681272,0.7073719,-0.6194736,0.2228301,-0.2573406
1783532931.2689,67,left_handPinky_3_joint,0.332457,-0.15462254,0.047607645,0.7073719,-0.6194736,0.2228301,-0.2573406
1783532931.2689,67,left_handPinkyEnd_joint,0.33494473,-0.17313287,0.047540706,0.7073719,-0.6194736,0.2228301,-0.2573406
1783532931.2689,67,left_handRingStart_joint,0.30748147,-0.031306468,0.060146827,0.70474046,-0.6190413,0.2656429,-0.22262639
1783532931.2689,67,left_handRing_1_joint,0.3139388,-0.10051569,0.067047365,0.70474046,-0.6190413,0.2656429,-0.22262639
1783532931.2689,67,left_handRing_2_joint,0.31849688,-0.14936927,0.07191834,0.70474046,-0.6190413,0.2656429,-0.22262639
1783532931.2689,67,left_handRing_3_joint,0.32134572,-0.17990275,0.0749627,0.70474046,-0.6190413,0.2656429,-0.22262639
1783532931.2689,67,left_handRingEnd_joint,0.32324493,-0.2002584,0.076992266,0.70474046,-0.6190413,0.2656429,-0.22262639
1783532931.2689,67,left_handThumbStart_joint,0.28172463,-0.026185522,0.073772006,0.33533365,-0.23067294,0.8536751,-0.3249309
1783532931.2689,67,left_handThumb_1_joint,0.25144443,-0.064283684,0.09646343,0.33533365,-0.23067294,0.8536751,-0.3249309
1783532931.2689,67,left_handThumb_2_joint,0.22979976,-0.09151405,0.11268425,0.33533365,-0.23067293,0.8536751,-0.3249309
1783532931.2689,67,left_handThumbEnd_joint,0.21537,-0.10966763,0.12349811,0.33533365,-0.23067288,0.8536751,-0.3249309
1783532931.2689,67,neck_1_joint,-3.367543e-05,0.5861398,0.065466486,0.6025163,0.35480857,0.60998785,0.37282583
1783532931.2689,67,neck_2_joint,8.787036e-05,0.6126116,0.07958123,0.59237087,0.3651846,0.61235785,0.37517223
1783532931.2689,67,neck_3_joint,-0.0005794775,0.6482967,0.09764009,0.5754438,0.38606867,0.6072036,0.3887398
1783532931.2689,67,neck_4_joint,-0.0019990932,0.68495315,0.11358658,0.5589979,0.40661487,0.5982744,0.40528077
1783532931.2689,67,head_joint,-0.004139963,0.7283178,0.12982021,0.50253755,0.4726996,0.5497153,0.47098097
1783532931.2689,67,jaw_joint,-0.0030719363,0.70294774,0.13210459,0.50253755,0.4726996,0.5497153,0.47098097
1783532931.2689,67,chin_joint,-0.0047799526,0.6423561,0.2260498,0.50253755,0.4726996,0.5497153,0.47098097
1783532931.2689,67,left_eye_joint,0.02270451,0.75271255,0.2208736,0.506641,0.4682989,0.55380195,0.4661689
1783532931.2689,67,left_eyeLowerLid_joint,0.02270451,0.75271255,0.2208736,0.506641,0.4682989,0.55380195,0.4661689
1783532931.2689,67,left_eyeUpperLid_joint,0.02270451,0.75271255,0.2208736,0.506641,0.4682989,0.55380195,0.4661689
1783532931.2689,67,left_eyeball_joint,0.02270451,0.75271255,0.2208736,0.506641,0.4682989,0.55380195,0.4661689
1783532931.2689,67,nose_joint,-0.00883828,0.716277,0.23905815,0.5066434,0.4682962,0.5538044,0.466166
1783532931.2689,67,right_eye_joint,-0.041786365,0.74971807,0.21776973,0.506641,0.4682989,0.55380195,0.4661689
1783532931.2689,67,right_eyeLowerLid_joint,-0.041786365,0.74971807,0.21776973,0.506641,0.4682989,0.55380195,0.4661689
1783532931.2689,67,right_eyeUpperLid_joint,-0.041786365,0.74971807,0.21776973,0.506641,0.4682989,0.55380195,0.4661689
1783532931.2689,67,right_eyeball_joint,-0.041786365,0.74971807,0.21776973,0.506641,0.4682989,0.55380195,0.4661689
1783532931.2689,67,right_shoulder_1_joint,-0.09007914,0.5679239,0.060547788,0.758542,0.13322982,0.08189425,0.63257957
1783532931.2689,67,right_arm_joint,-0.22803344,0.52357805,0.06697586,0.6830159,0.4704829,0.36569187,0.4223791
1783532931.2689,67,right_forearm_joint,-0.30512425,0.27046162,0.039818063,0.49416244,0.68654764,0.24733333,0.4725267
1783532931.2689,67,right_hand_joint,-0.28769472,0.025998535,0.14817962,0.11028204,0.3994522,0.6107037,0.6747712
1783532931.2689,67,right_handIndexStart_joint,-0.27575007,0.009026971,0.16805951,0.06836026,0.44458923,0.617285,0.6454655
1783532931.2689,67,right_handIndex_1_joint,-0.26310903,-0.059851717,0.20737438,0.06836026,0.44458923,0.617285,0.6454655
1783532931.2689,67,right_handIndex_2_joint,-0.2557591,-0.099897705,0.23023152,0.06836026,0.44458923,0.617285,0.6454655
1783532931.2689,67,right_handIndex_3_joint,-0.25164375,-0.122323655,0.24303219,0.06836026,0.44458923,0.617285,0.6454655
1783532931.2689,67,right_handIndexEnd_joint,-0.2487042,-0.1383419,0.25217545,0.06836026,0.44458923,0.617285,0.6454655
1783532931.2689,67,right_handMidStart_joint,-0.28413028,0.0029797482,0.16053773,0.10967949,0.40004522,0.6110507,0.67420363
1783532931.2689,67,right_handMid_1_joint,-0.27904952,-0.06632359,0.19135316,0.10967949,0.40004522,0.6110507,0.67420363
1783532931.2689,67,right_handMid_2_joint,-0.27547958,-0.11502256,0.21300739,0.10967949,0.40004522,0.6110507,0.67420363
1783532931.2689,67,right_handMid_3_joint,-0.27341977,-0.1431183,0.22550014,0.10967949,0.40004522,0.6110507,0.67420363
1783532931.2689,67,right_handMidEnd_joint,-0.27204686,-0.16184844,0.2338287,0.10967949,0.40004522,0.6110507,0.67420363
1783532931.2689,67,right_handPinkyStart_joint,-0.3005287,-0.006487362,0.14027765,0.18427092,0.32114497,0.6207353,0.6910841
1783532931.2689,67,right_handPinky_1_joint,-0.30199605,-0.06848407,0.15393722,0.18427092,0.32114497,0.6207353,0.6910841
1783532931.2689,67,right_handPinky_2_joint,-0.3029027,-0.10677685,0.1623746,0.18427092,0.32114497,0.6207353,0.6910841
1783532931.2689,67,right_handPinky_3_joint,-0.3033771,-0.12683469,0.16679354,0.18427092,0.32114497,0.6207353,0.6910841
1783532931.2689,67,right_handPinkyEnd_joint,-0.30380872,-0.14506894,0.17081094,0.18427092,0.32114497,0.6207353,0.6910841
1783532931.2689,67,right_handRingStart_joint,-0.29163435,-0.0018999481,0.1512652,0.14784394,0.3616868,0.61649686,0.6835612
1783532931.2689,67,right_handRing_1_joint,-0.29011378,-0.068242714,0.17307147,0.14784394,0.3616868,0.61649686,0.6835612
1783532931.2689,67,right_handRing_2_joint,-0.28904024,-0.11507251,0.18846382,0.14784394,0.3616868,0.61649686,0.6835612
1783532931.2689,67,right_handRing_3_joint,-0.28836963,-0.1443415,0.19808452,0.14784394,0.3616868,0.61649686,0.6835612
1783532931.2689,67,right_handRingEnd_joint,-0.28792185,-0.16385469,0.20449781,0.14784394,0.3616868,0.61649686,0.6835612
1783532931.2689,67,right_handThumbStart_joint,-0.26603287,0.008570013,0.16176412,0.24768367,0.89842653,0.14527728,0.33222973
1783532931.2689,67,right_handThumb_1_joint,-0.23077957,-0.020513576,0.18995321,0.24768367,0.89842653,0.14527728,0.33222973
1783532931.2689,67,right_handThumb_2_joint,-0.20558074,-0.041299872,0.21010351,0.24768367,0.89842653,0.14527726,0.33222973
1783532931.2689,67,right_handThumbEnd_joint,-0.18878135,-0.05515768,0.2235363,0.24768367,0.89842653,0.14527723,0.33222973
1783532931.2689,67,camera,0.110966176,0.06945733,-0.03235145,-0.07719,-0.08154915,-0.69830257,0.7069406
1783532931.3022,68,root,-0.00020785086,0.022366932,0.000599111,-0.04627341,-0.007579367,-0.000836014,0.9988997
1783532931.3022,68,hips_joint,-0.00020785086,0.022366932,0.000599111,-0.04627341,-0.007579367,-0.000836014,0.9988997
1783532931.3022,68,left_upLeg_joint,0.10024677,-0.0025133132,0.0053922627,0.6091596,-0.37676826,0.5944691,-0.36548167
1783532931.3022,68,left_leg_joint,0.10416488,-0.37879184,0.19440313,-0.26146257,0.6634622,-0.29321986,0.63677114
1783532931.3022,68,left_foot_joint,0.080238685,-0.70822126,-0.121877156,0.61497253,-0.36104393,0.62351394,-0.32044768
1783532931.3022,68,left_toes_joint,0.07453899,-0.8339551,-0.042071126,0.6722563,-0.23794068,0.67294806,-0.19646089
1783532931.3022,68,left_toesEnd_joint,0.073389865,-0.86940074,0.007142181,0.6722563,-0.23794048,0.67294806,-0.19646108
1783532931.3022,68,right_upLeg_joint,-0.10080983,-0.002313733,0.002331993,0.35324535,0.5646519,0.40816265,0.62433106
1783532931.3022,68,right_leg_joint,-0.11308171,-0.38490996,0.17779998,0.60689706,0.27190086,0.6874843,0.2917385
1783532931.3022,68,right_foot_joint,-0.07049191,-0.71927565,-0.13125534,0.31007788,0.5883069,0.36128333,0.6536216
1783532931.3022,68,right_toes_joint,-0.077457465,-0.8440342,-0.050031804,0.19295268,0.6364139,0.23084976,0.71025
1783532931.3022,68,right_toesEnd_joint,-0.08251476,-0.8788237,-0.00059768674,0.19295317,0.63641405,0.23084933,0.7102499
1783532931.3022,68,spine_1_joint,-0.00020787063,0.022366932,0.00059911073,0.4683422,0.5253536,0.48385456,0.5201383
1783532931.3022,68,spine_2_joint,-0.0013717776,0.07965696,-0.0047702347,0.4691771,0.52645147,0.48726767,0.51506495
1783532931.3022,68,spine_3_joint,-0.0030501252,0.13697657,-0.009667047,0.4811918,0.513674,0.5010676,0.5035125
1783532931.3022,68,spine_4_joint,-0.004634293,0.18997447,-0.011527306,0.5062686,0.48706812,0.5240246,0.48151368
1783532931.3022,68,spine_5_joint,-0.006301058,0.26029763,-0.007414031,0.54853636,0.4375513,0.5612123,0.43897367
1783532931.3022,68,spine_6_joint,-0.0075080185,0.35145226,0.014849636,0.5645428,0.4147948,0.57664686,0.4203754
1783532931.3022,68,spine_7_joint,-0.008495882,0.45330334,0.04792038,0.56331724,0.41797683,0.5701058,0.42772517
1783532931.3022,68,left_shoulder_1_joint,0.08101776,0.56188756,0.07624684,-0.6037307,0.082683,-0.1610771,0.7763551
1783532931.3022,68,left_arm_joint,0.21655738,0.5111284,0.08583631,-0.35126874,0.3974856,-0.4879584,0.69319016
1783532931.3022,68,left_forearm_joint,0.27183035,0.2569134,0.030442728,-0.41171774,0.30555364,-0.6519321,0.5586686
1783532931.3022,68,left_hand_joint,0.26198068,-0.005705929,0.08280878,0.66502786,-0.63636917,0.33676824,-0.1983936
1783532931.3022,68,left_handIndexStart_joint,0.24931295,-0.027138054,0.09932233,-0.6415133,0.6482709,-0.37888417,0.15701294
1783532931.3022,68,left_handIndex_1_joint,0.23906396,-0.103491545,0.12201361,-0.6415133,0.6482709,-0.37888417,0.15701294
1783532931.3022,68,left_handIndex_2_joint,0.23310526,-0.1478831,0.13520622,-0.6415133,0.6482709,-0.37888417,0.15701294
1783532931.3022,68,left_handIndex_3_joint,0.22976837,-0.17274238,0.1425941,-0.6415133,0.6482709,-0.37888417,0.15701294
1783532931.3022,68,left_handIndexEnd_joint,0.22738488,-0.19049902,0.14787114,-0.6415133,0.6482709,-0.37888417,0.15701294
1783532931.3022,68,left_handMidStart_joint,0.25810012,-0.031018963,0.09089022,0.66584015,-0.63598585,0.33478674,-0.20024347
1783532931.3022,68,left_handMid_1_joint,0.2555825,-0.10559011,0.10541856,0.66584015,-0.63598585,0.33478674,-0.20024347
1783532931.3022,68,left_handMid_2_joint,0.2538134,-0.15799147,0.11562767,0.66584015,-0.63598585,0.33478674,-0.20024347
1783532931.3022,68,left_handMid_3_joint,0.25279275,-0.18822302,0.12151753,0.66584015,-0.63598585,0.33478674,-0.20024347
1783532931.3022,68,left_handMidEnd_joint,0.2521123,-0.20837738,0.1254441,0.66584015,-0.63598585,0.33478674,-0.20024347
1783532931.3022,68,left_handPinkyStart_joint,0.27529174,-0.035072282,0.06951214,0.6754191,-0.63552964,0.25392282,-0.27465424
1783532931.3022,68,left_handPinky_1_joint,0.27930826,-0.09844535,0.06912522,0.6754191,-0.63552964,0.25392282,-0.27465424
1783532931.3022,68,left_handPinky_2_joint,0.28178903,-0.13758753,0.06888624,0.6754191,-0.63552964,0.25392282,-0.27465424
1783532931.3022,68,left_handPinky_3_joint,0.2830885,-0.15809059,0.068761066,0.6754191,-0.63552964,0.25392282,-0.27465424
1783532931.3022,68,left_handPinkyEnd_joint,0.28426984,-0.17672974,0.068647265,0.6754191,-0.63552964,0.25392282,-0.27465424
1783532931.3022,68,left_handRingStart_joint,0.26599196,-0.03340629,0.08098463,0.6714437,-0.6364495,0.29536408,-0.23844507
1783532931.3022,68,left_handRing_1_joint,0.2670666,-0.10294598,0.0874895,0.6714437,-0.6364495,0.29536408,-0.23844507
1783532931.3022,68,left_handRing_2_joint,0.26782516,-0.15203282,0.092081174,0.6714437,-0.6364495,0.29536408,-0.23844507
1783532931.3022,68,left_handRing_3_joint,0.26829928,-0.18271211,0.09495097,0.6714437,-0.6364495,0.29536408,-0.23844507
1783532931.3022,68,left_handRingEnd_joint,0.26861534,-0.20316495,0.096864164,0.6714437,-0.6364495,0.29536408,-0.23844507
1783532931.3022,68,left_handThumbStart_joint,0.2397478,-0.026569609,0.09280794,0.2947275,-0.23469858,0.8749271,-0.3042291
1783532931.3022,68,left_handThumb_1_joint,0.20532121,-0.06258579,0.112830706,0.2947275,-0.23469858,0.8749271,-0.3042291
1783532931.3022,68,left_handThumb_2_joint,0.18071279,-0.08832794,0.12714396,0.2947275,-0.23469858,0.8749271,-0.3042291
1783532931.3022,68,left_handThumbEnd_joint,0.16430719,-0.10548937,0.13668613,0.2947275,-0.23469855,0.8749271,-0.3042291
1783532931.3022,68,neck_1_joint,-0.008299396,0.58368117,0.07966435,0.6012199,0.35307494,0.6234662,0.35378402
1783532931.3022,68,neck_2_joint,-0.009101722,0.60965204,0.09466003,0.58908284,0.36605406,0.6245272,0.35909867
1783532931.3022,68,neck_3_joint,-0.01102411,0.6448443,0.113575935,0.57053757,0.3887031,0.6186909,0.37499192
1783532931.3022,68,neck_4_joint,-0.013733599,0.68114614,0.130154,0.55304193,0.4101333,0.6095176,0.39296842
1783532931.3022,68,head_joint,-0.017397072,0.72418684,0.14696717,0.49613434,0.47539866,0.5623035,0.4600674
1783532931.3022,68,jaw_joint,-0.015515973,0.6988355,0.14890978,0.49613434,0.47539866,0.5623035,0.4600674
1783532931.3022,68,chin_joint,-0.015864251,0.6369127,0.24199823,0.49613434,0.47539866,0.5623035,0.4600674
1783532931.3022,68,left_eye_joint,0.008034222,0.74816763,0.23853481,0.5002616,0.4710537,0.5662945,0.45514596
1783532931.3022,68,left_eyeLowerLid_joint,0.008034222,0.74816763,0.23853481,0.5002616,0.4710537,0.5662945,0.45514596
1783532931.3022,68,left_eyeUpperLid_joint,0.008034222,0.74816763,0.23853481,0.5002616,0.4710537,0.5662945,0.45514596
1783532931.3022,68,left_eyeball_joint,0.008034222,0.74816763,0.23853481,0.5002616,0.4710537,0.5662945,0.45514596
1783532931.3022,68,nose_joint,-0.022420978,0.71047324,0.25599337,0.50026405,0.47105104,0.5662969,0.45514297
1783532931.3022,68,right_eye_joint,-0.0563026,0.74311787,0.23493505,0.5002616,0.4710537,0.5662945,0.45514596
1783532931.3022,68,right_eyeLowerLid_joint,-0.0563026,0.74311787,0.23493505,0.5002616,0.4710537,0.5662945,0.45514596
1783532931.3022,68,right_eyeUpperLid_joint,-0.0563026,0.74311787,0.23493505,0.5002616,0.4710537,0.5662945,0.45514596
1783532931.3022,68,right_eyeball_joint,-0.0563026,0.74311787,0.23493505,0.5002616,0.4710537,0.5662945,0.45514596
1783532931.3022,68,right_shoulder_1_joint,-0.09768852,0.56283593,0.073398076,0.7739579,0.1573281,0.08621306,0.60729295
1783532931.3022,68,right_arm_joint,-0.23340096,0.51232344,0.081758425,0.6861224,0.49538833,0.3741697,0.37924102
1783532931.3022,68,right_forearm_joint,-0.29435825,0.25602072,0.04512969,0.51404184,0.69055814,0.2809205,0.42423424
1783532931.3022,68,right_hand_joint,-0.26445967,0.0019031715,0.12474569,0.15522157,0.3824423,0.6399415,0.6481664
1783532931.3022,68,right_handIndexStart_joint,-0.25106817,-0.016720181,0.14205922,0.11118441,0.42576608,0.6495138,0.62007564
1783532931.3022,68,right_handIndex_1_joint,-0.2345009,-0.0890133,0.17286476,0.11118441,0.42576608,0.6495138,0.62007564
1783532931.3022,68,right_handIndex_2_joint,-0.22486827,-0.13104437,0.19077457,0.11118441,0.42576608,0.6495138,0.62007564
1783532931.3022,68,right_handIndex_3_joint,-0.2194746,-0.15458205,0.20080473,0.11118441,0.42576608,0.6495138,0.62007564
1783532931.3022,68,right_handIndexEnd_joint,-0.21562196,-0.17139438,0.20796908,0.11118441,0.42576608,0.6495138,0.62007564
1783532931.3022,68,right_handMidStart_joint,-0.25961986,-0.022194054,0.13429528,0.1545873,0.38299203,0.64032555,0.6476139
1783532931.3022,68,right_handMid_1_joint,-0.25099978,-0.09424003,0.15695463,0.1545873,0.38299203,0.64032555,0.6476139
1783532931.3022,68,right_handMid_2_joint,-0.24494281,-0.14486629,0.17287765,0.1545873,0.38299203,0.64032555,0.6476139
1783532931.3022,68,right_handMid_3_joint,-0.24144816,-0.17407392,0.18206389,0.1545873,0.38299203,0.64032555,0.6476139
1783532931.3022,68,right_handMidEnd_joint,-0.23911871,-0.19354531,0.18818817,0.1545873,0.38299203,0.64032555,0.6476139
1783532931.3022,68,right_handPinkyStart_joint,-0.27669245,-0.029947152,0.113864385,0.2314688,0.3053077,0.6441557,0.66202235
1783532931.3022,68,right_handPinky_1_joint,-0.27565756,-0.093081355,0.1205978,0.2314688,0.3053077,0.6441557,0.66202235
1783532931.3022,68,right_handPinky_2_joint,-0.27501866,-0.13207677,0.12475721,0.2314688,0.3053077,0.6441557,0.66202235
1783532931.3022,68,right_handPinky_3_joint,-0.2746835,-0.1525026,0.1269353,0.2314688,0.3053077,0.6441557,0.66202235
1783532931.3022,68,right_handPinkyEnd_joint,-0.2743792,-0.17107138,0.12891562,0.2314688,0.3053077,0.6441557,0.66202235
1783532931.3022,68,right_handRingStart_joint,-0.26741627,-0.026285619,0.12488372,0.19394231,0.3452414,0.6428981,0.6556504
1783532931.3022,68,right_handRing_1_joint,-0.26287478,-0.094526514,0.13908778,0.19394231,0.3452414,0.6428981,0.6556504
1783532931.3022,68,right_handRing_2_joint,-0.2596689,-0.14269614,0.14911392,0.19394231,0.3452414,0.6428981,0.6556504
1783532931.3022,68,right_handRing_3_joint,-0.25766554,-0.17280258,0.15538073,0.19394231,0.3452414,0.6428981,0.6556504
1783532931.3022,68,right_handRingEnd_joint,-0.25632927,-0.19287398,0.15955797,0.19394231,0.3452414,0.6428981,0.6556504
1783532931.3022,68,right_handThumbStart_joint,-0.24165797,-0.016145237,0.13532251,0.25447133,0.90041435,0.19427848,0.29454175
1783532931.3022,68,right_handThumb_1_joint,-0.20423378,-0.04689988,0.15849291,0.2544713,0.90041435,0.19427848,0.29454175
1783532931.3022,68,right_handThumb_2_joint,-0.17748323,-0.06888076,0.17505614,0.2544713,0.90041435,0.19427845,0.29454175
1783532931.3022,68,right_handThumbEnd_joint,-0.15964939,-0.08353486,0.18609752,0.2544713,0.90041435,0.19427842,0.29454175
1783532931.3022,68,camera,0.11102586,0.069428176,-0.032369737,-0.07716252,-0.0815037,-0.6984006,0.7068519
1783532931.3355,69,root,-0.00040020017,0.021295415,-0.0030210644,-0.045394965,-0.0075733764,-0.002688499,0.9989368
1783532931.3355,69,hips_joint,-0.00040020017,0.021295415,-0.0030210644,-0.045394965,-0.0075733764,-0.002688499,0.9989368
1783532931.3355,69,left_upLeg_joint,0.0999612,-0.0039636777,0.0017434048,0.60009474,-0.38466814,0.59697795,-0.36814925
1783532931.3355,69,left_leg_joint,0.09629566,-0.38347188,0.18418798,-0.26420233,0.6581126,-0.30927017,0.6335905
1783532931.3355,69,left_foot_joint,0.0699913,-0.7217191,-0.12244896,0.6138302,-0.355143,0.63418746,-0.30804577
1783532931.3355,69,left_toes_joint,0.061550055,-0.8449256,-0.039025985,0.67001617,-0.23236321,0.68107754,-0.18226077
1783532931.3355,69,left_toesEnd_joint,0.059383735,-0.87887365,0.011198501,0.6700162,-0.232363,0.68107754,-0.18226099
1783532931.3355,69,right_upLeg_joint,-0.10109279,-0.0030170965,-0.0013480869,0.34402204,0.5727564,0.41006282,0.6208442
1783532931.3355,69,right_leg_joint,-0.10429195,-0.38337028,0.17931925,0.59049875,0.30626115,0.68017125,0.30803004
1783532931.3355,69,right_foot_joint,-0.052680396,-0.7403987,-0.10174375,0.27597946,0.605243,0.34547964,0.6619366
1783532931.3355,69,right_toes_joint,-0.056950044,-0.8583484,-0.010748758,0.15626235,0.6465803,0.21375655,0.71541893
1783532931.3355,69,right_toesEnd_joint,-0.061346922,-0.88915896,0.04131845,0.15626283,0.64658046,0.2137561,0.7154188
1783532931.3355,69,spine_1_joint,-0.00040021996,0.021295415,-0.0030210647,0.46952462,0.523325,0.48410854,0.5208801
1783532931.3355,69,spine_2_joint,-0.0013475857,0.07860386,-0.008234053,0.47070584,0.5233141,0.48891175,0.5153093
1783532931.3355,69,spine_3_joint,-0.002831565,0.13595735,-0.0127847595,0.48295152,0.5092593,0.50453085,0.50285345
1783532931.3355,69,spine_4_joint,-0.004306074,0.18897468,-0.014102506,0.50769466,0.48169342,0.529009,0.47996587
1783532931.3355,69,spine_5_joint,-0.0059771454,0.25923702,-0.009057309,0.54862976,0.43228358,0.5667787,0.43691936
1783532931.3355,69,spine_6_joint,-0.0075071156,0.35008994,0.014388232,0.56305724,0.41027033,0.58287287,0.4182159
1783532931.3355,69,spine_7_joint,-0.009248219,0.45154634,0.048620723,0.5592974,0.41550088,0.5768648,0.42634866
1783532931.3355,69,left_shoulder_1_joint,0.07901772,0.56064206,0.07883431,-0.5993105,0.06422619,-0.1510633,0.7835065
1783532931.3355,69,left_arm_joint,0.21625072,0.5151398,0.09049984,-0.3436454,0.39148685,-0.49148533,0.69791746
1783532931.3355,69,left_forearm_joint,0.2722038,0.26109684,0.034999695,-0.4054559,0.29821527,-0.65347475,0.5653716
1783532931.3355,69,left_hand_joint,0.26364952,-0.0017118454,0.08663897,0.6640608,-0.6314368,0.34241655,-0.20751536
1783532931.3355,69,left_handIndexStart_joint,0.25082496,-0.023294456,0.1028324,-0.64018685,0.643938,-0.3844531,0.16643777
1783532931.3355,69,left_handIndex_1_joint,0.2407925,-0.09978673,0.12515007,-0.64018685,0.643938,-0.3844531,0.16643777
1783532931.3355,69,left_handIndex_2_joint,0.23495968,-0.14425898,0.13812545,-0.64018685,0.643938,-0.3844531,0.16643777
1783532931.3355,69,left_handIndex_3_joint,0.23169328,-0.16916344,0.14539167,-0.64018685,0.643938,-0.3844531,0.16643777
1783532931.3355,69,left_handIndexEnd_joint,0.22936015,-0.18695234,0.15058182,-0.64018685,0.643938,-0.3844531,0.16643777
1783532931.3355,69,left_handMidStart_joint,0.25982875,-0.027076505,0.09458593,0.66489094,-0.6310276,0.3404359,-0.20935263
1783532931.3355,69,left_handMid_1_joint,0.25768632,-0.10169812,0.10891405,0.66489094,-0.6310276,0.3404359,-0.20935263
1783532931.3355,69,left_handMid_2_joint,0.25618082,-0.15413493,0.11898246,0.66489094,-0.6310276,0.3404359,-0.20935263
1783532931.3355,69,left_handMid_3_joint,0.25531226,-0.18438694,0.12479115,0.66489094,-0.6310276,0.3404359,-0.20935263
1783532931.3355,69,left_handMidEnd_joint,0.25473323,-0.20455493,0.12866361,0.66489094,-0.6310276,0.3404359,-0.20935263
1783532931.3355,69,left_handPinkyStart_joint,0.27751738,-0.030926315,0.07357891,0.67527115,-0.6296377,0.2593387,-0.2833895
1783532931.3355,69,left_handPinky_1_joint,0.2821276,-0.09425876,0.0731587,0.67527115,-0.6296377,0.2593387,-0.2833895
1783532931.3355,69,left_handPinky_2_joint,0.28497508,-0.13337587,0.072899155,0.67527115,-0.6296377,0.2593387,-0.2833895
1783532931.3355,69,left_handPinky_3_joint,0.28646663,-0.15386577,0.072763205,0.67527115,-0.6296377,0.2593387,-0.2833895
1783532931.3355,69,left_handPinkyEnd_joint,0.28782257,-0.17249295,0.072639614,0.67527115,-0.6296377,0.2593387,-0.2833895
1783532931.3355,69,left_handRingStart_joint,0.26795563,-0.029370198,0.08484969,0.6708863,-0.63101083,0.30090007,-0.24738023
1783532931.3355,69,left_handRing_1_joint,0.2695321,-0.09891061,0.09124392,0.6708863,-0.63101083,0.30090007,-0.24738023
1783532931.3355,69,left_handRing_2_joint,0.27064493,-0.14799796,0.0957575,0.6708863,-0.63101083,0.30090007,-0.24738023
1783532931.3355,69,left_handRing_3_joint,0.27134046,-0.17867756,0.09857849,0.6708863,-0.63101083,0.30090007,-0.24738023
1783532931.3355,69,left_handRingEnd_joint,0.27180412,-0.19913062,0.10045914,0.6708863,-0.63101083,0.30090007,-0.24738023
1783532931.3355,69,left_handThumbStart_joint,0.2413987,-0.022800416,0.09611271,0.2859789,-0.23089333,0.87642837,-0.31109217
1783532931.3355,69,left_handThumb_1_joint,0.20688006,-0.05917422,0.115313746,0.2859789,-0.23089333,0.87642837,-0.31109217
1783532931.3355,69,left_handThumb_2_joint,0.18220581,-0.085172005,0.12903962,0.2859789,-0.23089331,0.87642837,-0.31109217
1783532931.3355,69,left_handThumbEnd_joint,0.16575631,-0.10250386,0.1381902,0.2859789,-0.2308933,0.87642837,-0.31109217
1783532931.3355,69,neck_1_joint,-0.010507413,0.5817082,0.08121562,0.59634584,0.35277098,0.62787986,0.35453027
1783532931.3355,69,neck_2_joint,-0.011628247,0.6076867,0.096177556,0.5836258,0.36713526,0.6271412,0.36233553
1783532931.3355,69,neck_3_joint,-0.0138758,0.6430071,0.11481673,0.5645453,0.39066604,0.6199045,0.37998357
1783532931.3355,69,neck_4_joint,-0.016827928,0.6794953,0.13093813,0.54677606,0.41229525,0.61006635,0.3985825
1783532931.3355,69,head_joint,-0.02072371,0.7227516,0.14713442,0.48965058,0.4768378,0.56213963,0.4656903
1783532931.3355,69,jaw_joint,-0.018837938,0.69743073,0.1494355,0.48965058,0.4768378,0.56213963,0.4656903
1783532931.3355,69,chin_joint,-0.020160245,0.6367523,0.24333113,0.48965058,0.4768378,0.56213963,0.4656903
1783532931.3355,69,left_eye_joint,0.0036592125,0.7479796,0.23865207,0.49379054,0.47254926,0.5661797,0.46076998
1783532931.3355,69,left_eyeLowerLid_joint,0.0036592125,0.7479796,0.23865207,0.49379054,0.47254926,0.5661797,0.46076998
1783532931.3355,69,left_eyeUpperLid_joint,0.0036592125,0.7479796,0.23865207,0.49379054,0.47254926,0.5661797,0.46076998
1783532931.3355,69,left_eyeball_joint,0.0036592125,0.7479796,0.23865207,0.49379054,0.47254926,0.5661797,0.46076998
1783532931.3355,69,nose_joint,-0.026949525,0.7104847,0.2562709,0.493793,0.47254664,0.5661821,0.46076703
1783532931.3355,69,right_eye_joint,-0.060628116,0.7428057,0.23440318,0.49379054,0.47254926,0.5661797,0.46076998
1783532931.3355,69,right_eyeLowerLid_joint,-0.060628116,0.7428057,0.23440318,0.49379054,0.47254926,0.5661797,0.46076998
1783532931.3355,69,right_eyeUpperLid_joint,-0.060628116,0.7428057,0.23440318,0.49379054,0.47254926,0.5661797,0.46076998
1783532931.3355,69,right_eyeball_joint,-0.060628116,0.7428057,0.23440318,0.49379054,0.47254926,0.5661797,0.46076998
1783532931.3355,69,right_shoulder_1_joint,-0.09963764,0.56020135,0.073634684,0.7854285,0.14308362,0.08613413,0.59599555
1783532931.3355,69,right_arm_joint,-0.23659542,0.5127072,0.07874768,0.69152486,0.48544282,0.3901781,0.36592373
1783532931.3355,69,right_forearm_joint,-0.29623288,0.258174,0.029709,0.5415991,0.66436374,0.304603,0.4153418
1783532931.3355,69,right_hand_joint,-0.27792388,-0.002472019,0.08917994,0.18258132,0.34726998,0.6430909,0.657649
1783532931.3355,69,right_handIndexStart_joint,-0.2656266,-0.022941114,0.10517098,0.13824148,0.3913086,0.65453124,0.63194627
1783532931.3355,69,right_handIndex_1_joint,-0.25253052,-0.09806716,0.1303566,0.13824148,0.3913086,0.65453124,0.63194627
1783532931.3355,69,right_handIndex_2_joint,-0.24491604,-0.14174525,0.14499901,0.13824148,0.3913086,0.65453124,0.63194627
1783532931.3355,69,right_handIndex_3_joint,-0.24065253,-0.1662053,0.15319939,0.13824148,0.3913086,0.65453124,0.63194627
1783532931.3355,69,right_handIndexEnd_joint,-0.23760715,-0.18367648,0.15905678,0.13824148,0.3913086,0.65453124,0.63194627
1783532931.3355,69,right_handMidStart_joint,-0.27422577,-0.027428694,0.09684696,0.18193302,0.34782165,0.64350164,0.6571352
1783532931.3355,69,right_handMid_1_joint,-0.26889345,-0.101338305,0.11379706,0.18193302,0.34782165,0.64350164,0.6571352
1783532931.3355,69,right_handMid_2_joint,-0.26514673,-0.15327415,0.12570822,0.18193302,0.34782165,0.64350164,0.6571352
1783532931.3355,69,right_handMid_3_joint,-0.26298496,-0.1832373,0.13257992,0.18193302,0.34782165,0.64350164,0.6571352
1783532931.3355,69,right_handMidEnd_joint,-0.26154405,-0.2032124,0.13716118,0.18193302,0.34782165,0.64350164,0.6571352
1783532931.3355,69,right_handPinkyStart_joint,-0.2911685,-0.032833457,0.07556932,0.25772446,0.2683959,0.64465785,0.66780114
1783532931.3355,69,right_handPinky_1_joint,-0.29274082,-0.09629288,0.07723187,0.25772446,0.2683959,0.64465785,0.66780114
1783532931.3355,69,right_handPinky_2_joint,-0.29371232,-0.13548921,0.078259215,0.25772446,0.2683959,0.64465785,0.66780114
1783532931.3355,69,right_handPinky_3_joint,-0.29422066,-0.15602022,0.07879674,0.25772446,0.2683959,0.64465785,0.66780114
1783532931.3355,69,right_handPinkyEnd_joint,-0.29468316,-0.17468466,0.07928564,0.25772446,0.2683959,0.64465785,0.66780114
1783532931.3355,69,right_handRingStart_joint,-0.2819828,-0.030439181,0.08700477,0.22079097,0.30914697,0.64477235,0.6632864
1783532931.3355,69,right_handRing_1_joint,-0.28040394,-0.09972118,0.095763326,0.22079097,0.30914697,0.64477235,0.6632864
1783532931.3355,69,right_handRing_2_joint,-0.27928928,-0.14862567,0.1019456,0.22079097,0.30914697,0.64477235,0.6632864
1783532931.3355,69,right_handRing_3_joint,-0.27859297,-0.17919143,0.10580994,0.22079097,0.30914697,0.64477235,0.6632864
1783532931.3355,69,right_handRingEnd_joint,-0.27812806,-0.19956903,0.10838553,0.22079097,0.30914697,0.64477235,0.6632864
1783532931.3355,69,right_handThumbStart_joint,-0.2560658,-0.022215111,0.09866492,0.28211623,0.88386256,0.2265865,0.2964057
1783532931.3355,69,right_handThumb_1_joint,-0.220353,-0.0562086,0.11993286,0.28211623,0.88386256,0.2265865,0.2964057
1783532931.3355,69,right_handThumb_2_joint,-0.19482572,-0.080504686,0.13513641,0.28211623,0.88386256,0.22658648,0.2964057
1783532931.3355,69,right_handThumbEnd_joint,-0.17780739,-0.0967022,0.14527133,0.28211623,0.88386256,0.22658646,0.2964057
1783532931.3355,69,camera,0.111299425,0.0695522,-0.032344967,-0.07706907,-0.0810015,-0.6986564,0.7066672
1783532931.3689,70,root,-0.0004159588,0.020266617,-0.0044316454,-0.035332542,-0.0056016287,-0.0076023256,0.999331
1783532931.3689,70,hips_joint,-0.0004159588,0.020266617,-0.0044316454,-0.035332542,-0.0056016287,-0.0076023256,0.999331
1783532931.3689,70,left_upLeg_joint,0.09970648,-0.006066687,-0.00053427904,0.58548665,-0.40329605,0.5929887,-0.37805048
1783532931.3689,70,left_leg_joint,0.087677054,-0.39373565,0.16345988,-0.27813417,0.6490227,-0.33405656,0.6243535
1783532931.3689,70,left_foot_joint,0.05765558,-0.7495978,-0.122180365,0.6191918,-0.33939576,0.6480032,-0.28548887
1783532931.3689,70,left_toes_joint,0.04719425,-0.8673772,-0.0314663,0.67229617,-0.21588522,0.6903675,-0.15749419
1783532931.3689,70,left_toesEnd_joint,0.044378318,-0.8981766,0.02071733,0.6722962,-0.21588501,0.6903675,-0.15749441
1783532931.3689,70,right_upLeg_joint,-0.10133759,-0.0030861949,-0.00289339,0.35372376,0.5698676,0.4189514,0.6120541
1783532931.3689,70,right_leg_joint,-0.10111077,-0.3888047,0.16604644,0.58392423,0.32274386,0.6726587,0.31999847
1783532931.3689,70,right_foot_joint,-0.04931218,-0.75804114,-0.09873781,0.2606393,0.6141641,0.33218485,0.6667254
1783532931.3689,70,right_toes_joint,-0.053024758,-0.8717677,-0.0024935817,0.13950938,0.652432,0.19979513,0.7176012
1783532931.3689,70,right_toesEnd_joint,-0.057199895,-0.9002043,0.05092501,0.13950989,0.65243214,0.19979468,0.71760106
1783532931.3689,70,spine_1_joint,-0.0004159786,0.020266617,-0.004431646,0.47594526,0.51865417,0.4840565,0.5197723
1783532931.3689,70,spine_2_joint,-0.00079730526,0.07764109,-0.0089435205,0.47548276,0.5198309,0.4877927,0.51550967
1783532931.3689,70,spine_3_joint,-0.0017372562,0.13503656,-0.013092029,0.48601604,0.50700027,0.5025334,0.5041819
1783532931.3689,70,spine_4_joint,-0.002754736,0.18806726,-0.014299661,0.50887,0.48089644,0.52628446,0.48250887
1783532931.3689,70,spine_5_joint,-0.003912568,0.25835583,-0.0094807055,0.5478038,0.43340257,0.563631,0.44090086
1783532931.3689,70,spine_6_joint,-0.004957213,0.34942475,0.013138938,0.56084955,0.41287574,0.58000946,0.42257622
1783532931.3689,70,spine_7_joint,-0.0064455937,0.45129374,0.04613562,0.556214,0.41862845,0.5752018,0.42955732
1783532931.3689,70,left_shoulder_1_joint,0.08166717,0.560805,0.07527368,-0.5982402,0.0565814,-0.13405082,0.787996
1783532931.3689,70,left_arm_joint,0.22057521,0.5203417,0.085603744,-0.34192517,0.39835268,-0.4854777,0.6990808
1783532931.3689,70,left_forearm_joint,0.27676573,0.26733813,0.025765466,-0.41063,0.29953906,-0.64790535,0.5673432
1783532931.3689,70,left_hand_joint,0.27167162,0.0044140816,0.07727361,0.66937965,-0.62914234,0.33717197,-0.20597586
1783532931.3689,70,left_handIndexStart_joint,0.25927147,-0.017318826,0.093596,0.6458343,-0.6415519,0.37956426,-0.16504633
1783532931.3689,70,left_handIndex_1_joint,0.25033164,-0.09393219,0.11596245,0.6458343,-0.6415519,0.37956426,-0.16504633
1783532931.3689,70,left_handIndex_2_joint,0.24513409,-0.13847484,0.12896621,0.6458343,-0.6415519,0.37956426,-0.16504633
1783532931.3689,70,left_handIndex_3_joint,0.24222344,-0.16341873,0.13624832,0.6458343,-0.6415519,0.37956426,-0.16504633
1783532931.3689,70,left_handIndexEnd_joint,0.24014442,-0.18123579,0.14144982,0.6458343,-0.6415519,0.37956426,-0.16504633
1783532931.3689,70,left_handMidStart_joint,0.2682196,-0.020996518,0.085242435,0.67019534,-0.6287385,0.3351767,-0.20780496
1783532931.3689,70,left_handMid_1_joint,0.26705572,-0.09564752,0.09953002,0.67019534,-0.6287385,0.3351767,-0.20780496
1783532931.3689,70,left_handMid_2_joint,0.2662379,-0.148105,0.109569944,0.67019534,-0.6287385,0.3351767,-0.20780496
1783532931.3689,70,left_handMid_3_joint,0.26576605,-0.17836891,0.11536221,0.67019534,-0.6287385,0.3351767,-0.20780496
1783532931.3689,70,left_handMidEnd_joint,0.2654515,-0.19854486,0.11922373,0.67019534,-0.6287385,0.3351767,-0.20780496
1783532931.3689,70,left_handPinkyStart_joint,0.2857041,-0.024637971,0.06402844,0.6800677,-0.627689,0.25361946,-0.28141025
1783532931.3689,70,left_handPinky_1_joint,0.29099804,-0.08791608,0.06350015,0.6800677,-0.627689,0.25361946,-0.28141025
1783532931.3689,70,left_handPinky_2_joint,0.29426783,-0.12699962,0.06317385,0.6800677,-0.627689,0.25361946,-0.28141025
1783532931.3689,70,left_handPinky_3_joint,0.29598057,-0.14747196,0.06300294,0.6800677,-0.627689,0.25361946,-0.28141025
1783532931.3689,70,left_handPinkyEnd_joint,0.29753762,-0.16608316,0.062847555,0.6800677,-0.627689,0.25361946,-0.28141025
1783532931.3689,70,left_handRingStart_joint,0.2762574,-0.02319439,0.07541066,0.6759459,-0.6288939,0.2954004,-0.24561866
1783532931.3689,70,left_handRing_1_joint,0.27866465,-0.09271816,0.081726156,0.6759459,-0.6288939,0.2954004,-0.24561866
1783532931.3689,70,left_handRing_2_joint,0.2803639,-0.14179376,0.08618416,0.6759459,-0.6288939,0.2954004,-0.24561866
1783532931.3689,70,left_handRing_3_joint,0.2814259,-0.17246601,0.08897041,0.6759459,-0.6288939,0.2954004,-0.24561866
1783532931.3689,70,left_handRingEnd_joint,0.2821339,-0.19291417,0.09082791,0.6759459,-0.6288939,0.2954004,-0.24561866
1783532931.3689,70,left_handThumbStart_joint,0.24976306,-0.016922517,0.08698649,0.29218537,-0.2314841,0.872956,-0.314628
1783532931.3689,70,left_handThumb_1_joint,0.21586746,-0.053684205,0.10655506,0.29218537,-0.2314841,0.872956,-0.314628
1783532931.3689,70,left_handThumb_2_joint,0.19163854,-0.07995925,0.12054366,0.29218537,-0.2314841,0.872956,-0.314628
1783532931.3689,70,left_handThumbEnd_joint,0.17548592,-0.09747595,0.12986939,0.29218537,-0.23148407,0.872956,-0.314628
1783532931.3689,70,neck_1_joint,-0.007881426,0.58181137,0.07726725,0.5942548,0.3564631,0.6248906,0.35959357
1783532931.3689,70,neck_2_joint,-0.008934683,0.6080036,0.091857,0.581883,0.37104532,0.62271696,0.36872968
1783532931.3689,70,neck_3_joint,-0.010970773,0.64364517,0.109899655,0.5628439,0.3947201,0.61455935,0.38693702
1783532931.3689,70,neck_4_joint,-0.01364975,0.6804421,0.12535319,0.5449695,0.41637272,0.6043646,0.4054457
1783532931.3689,70,head_joint,-0.017217278,0.72401863,0.140747,0.487408,0.48071933,0.5556517,0.47179887
1783532931.3689,70,jaw_joint,-0.0155037735,0.6987324,0.14351639,0.487408,0.48071933,0.5556517,0.47179887
1783532931.3689,70,chin_joint,-0.017089676,0.6398231,0.23852794,0.487408,0.48071933,0.5556517,0.47179887
1783532931.3689,70,left_eye_joint,0.00749485,0.7507749,0.23174079,0.49158195,0.47645023,0.55974525,0.46693495
1783532931.3689,70,left_eyeLowerLid_joint,0.00749485,0.7507749,0.23174079,0.49158195,0.47645023,0.55974525,0.46693495
1783532931.3689,70,left_eyeUpperLid_joint,0.00749485,0.7507749,0.23174079,0.49158195,0.47645023,0.55974525,0.46693495
1783532931.3689,70,left_eyeball_joint,0.00749485,0.7507749,0.23174079,0.49158195,0.47645023,0.55974525,0.46693495
1783532931.3689,70,nose_joint,-0.023344168,0.71382916,0.2501026,0.49158445,0.47644764,0.55974776,0.466932
1783532931.3689,70,right_eye_joint,-0.056834,0.745972,0.22768915,0.49158195,0.47645023,0.55974525,0.46693495
1783532931.3689,70,right_eyeLowerLid_joint,-0.056834,0.745972,0.22768915,0.49158195,0.47645023,0.55974525,0.46693495
1783532931.3689,70,right_eyeUpperLid_joint,-0.056834,0.745972,0.22768915,0.49158195,0.47645023,0.55974525,0.46693495
1783532931.3689,70,right_eyeball_joint,-0.056834,0.745972,0.22768915,0.49158195,0.47645023,0.55974525,0.46693495
1783532931.3689,70,right_shoulder_1_joint,-0.09697853,0.56013626,0.069777094,0.7898279,0.12520899,0.0831664,0.5946245
1783532931.3689,70,right_arm_joint,-0.23547325,0.5171012,0.072319865,0.69284046,0.47307208,0.39958632,0.36946705
1783532931.3689,70,right_forearm_joint,-0.29746586,0.26420322,0.01802413,0.5599294,0.63849145,0.30997324,0.4274631
1783532931.3689,70,right_hand_joint,-0.2954535,0.0015854072,0.0712798,0.18992577,0.32337555,0.6318094,0.678361
1783532931.3689,70,right_handIndexStart_joint,-0.28483096,-0.01991582,0.0871158,0.14632425,0.36888573,0.6437893,0.654254
1783532931.3689,70,right_handIndex_1_joint,-0.2767129,-0.096239276,0.11074988,0.14632425,0.36888573,0.6437893,0.654254
1783532931.3689,70,right_handIndex_2_joint,-0.27199262,-0.14061357,0.12449026,0.14632425,0.36888573,0.6437893,0.654254
1783532931.3689,70,right_handIndex_3_joint,-0.2693499,-0.16546346,0.13218546,0.14632425,0.36888573,0.6437893,0.654254
1783532931.3689,70,right_handIndexEnd_joint,-0.26746222,-0.1832131,0.13768202,0.14632425,0.36888573,0.6437893,0.654254
1783532931.3689,70,right_handMidStart_joint,-0.29338473,-0.023715872,0.078411415,0.18928006,0.32394794,0.6322305,0.6778759
1783532931.3689,70,right_handMid_1_joint,-0.29267663,-0.09819452,0.093603455,0.18928006,0.32394794,0.6322305,0.6778759
1783532931.3689,70,right_handMid_2_joint,-0.29217938,-0.15053022,0.10427923,0.18928006,0.32394794,0.6322305,0.6778759
1783532931.3689,70,right_handMid_3_joint,-0.2918923,-0.18072407,0.11043821,0.18928006,0.32394794,0.6322305,0.6778759
1783532931.3689,70,right_handMidEnd_joint,-0.29170117,-0.20085293,0.11454433,0.18928006,0.32394794,0.6322305,0.6778759
1783532931.3689,70,right_handPinkyStart_joint,-0.3098888,-0.027654877,0.056477312,0.26294512,0.24228697,0.6333206,0.6863397
1783532931.3689,70,right_handPinky_1_joint,-0.31499457,-0.09094993,0.05644714,0.26294512,0.24228697,0.6333206,0.6863397
1783532931.3689,70,right_handPinky_2_joint,-0.31814855,-0.13004473,0.056428947,0.26294512,0.24228697,0.6333206,0.6863397
1783532931.3689,70,right_handPinky_3_joint,-0.31980008,-0.15052257,0.056418832,0.26294512,0.24228697,0.6333206,0.6863397
1783532931.3689,70,right_handPinkyEnd_joint,-0.3213018,-0.16913866,0.056409873,0.26294512,0.24228697,0.6333206,0.6863397
1783532931.3689,70,right_handRingStart_joint,-0.300967,-0.026051871,0.068254896,0.22710197,0.28410646,0.6334735,0.6829494
1783532931.3689,70,right_handRing_1_joint,-0.30348113,-0.09550513,0.07526355,0.22710197,0.28410646,0.6334735,0.6829494
1783532931.3689,70,right_handRing_2_joint,-0.30525562,-0.14453052,0.08021062,0.22710197,0.28410646,0.6334735,0.6829494
1783532931.3689,70,right_handRing_3_joint,-0.30636504,-0.17517182,0.08330294,0.22710197,0.28410646,0.6334735,0.6829494
1783532931.3689,70,right_handRingEnd_joint,-0.30710396,-0.19559982,0.08536385,0.22710197,0.28410646,0.6334735,0.6829494
1783532931.3689,70,right_handThumbStart_joint,-0.2750357,-0.019566733,0.080935456,0.306441,0.86792856,0.2338509,0.31322193
1783532931.3689,70,right_handThumb_1_joint,-0.24196143,-0.0559982,0.10243254,0.306441,0.86792856,0.23385087,0.31322193
1783532931.3689,70,right_handThumb_2_joint,-0.21832004,-0.08203697,0.117799945,0.306441,0.86792856,0.23385087,0.31322193
1783532931.3689,70,right_handThumbEnd_joint,-0.20255895,-0.099396266,0.1280441,0.306441,0.86792856,0.23385084,0.31322193
1783532931.3689,70,camera,0.11138413,0.06960677,-0.032389067,-0.07703758,-0.08073969,-0.6988929,0.7064666
1783532931.4022,71,root,-4.656156e-05,0.020261742,-0.0037157505,-0.037269883,-0.003512997,-0.007821779,0.9992685
1783532931.4022,71,hips_joint,-4.656156e-05,0.020261742,-0.0037157505,-0.037269883,-0.003512997,-0.007821779,0.9992685
1783532931.4022,71,left_upLeg_joint,0.10007548,-0.006118157,-0.00013639926,0.5846231,-0.40419796,0.5922394,-0.3795949
1783532931.4022,71,left_leg_joint,0.08818068,-0.39446968,0.16224456,-0.28266373,0.6458303,-0.33779263,0.62361896
1783532931.4022,71,left_foot_joint,0.05964423,-0.7541017,-0.118788965,0.620789,-0.3340894,0.65049124,-0.28260672
1783532931.4022,71,left_toes_joint,0.049285144,-0.8707138,-0.026567515,0.67285836,-0.21037228,0.69226426,-0.15419264
1783532931.4022,71,left_toesEnd_joint,0.046436146,-0.9008368,0.026007647,0.67285854,-0.21037209,0.6922642,-0.15419285
1783532931.4022,71,right_upLeg_joint,-0.10097487,-0.0030227231,-0.0016652509,0.35524637,0.57492393,0.4197169,0.6058877
1783532931.4022,71,right_leg_joint,-0.09533229,-0.38919967,0.16612896,0.5879122,0.328745,0.6679066,0.3165224
1783532931.4022,71,right_foot_joint,-0.045784444,-0.7593259,-0.09784231,0.26007783,0.62134755,0.33058757,0.6610585
1783532931.4022,71,right_toes_joint,-0.047167167,-0.8726308,-0.0010406589,0.1375966,0.6593789,0.1993009,0.7117342
1783532931.4022,71,right_toesEnd_joint,-0.05026065,-0.900847,0.052568,0.13759708,0.659379,0.19930044,0.7117341
1783532931.4022,71,spine_1_joint,-4.6581335e-05,0.020261742,-0.0037157508,0.47508016,0.5212131,0.47945285,0.52226496
1783532931.4022,71,spine_2_joint,-0.00022363097,0.077586636,-0.0088302195,0.47438848,0.5224552,0.48226514,0.5190537
1783532931.4022,71,spine_3_joint,-0.0008612004,0.13492866,-0.01371086,0.48535043,0.50914305,0.49710503,0.5080307
1783532931.4022,71,spine_4_joint,-0.0015339223,0.18794651,-0.015556112,0.5088433,0.4822878,0.52168244,0.48613235
1783532931.4022,71,spine_5_joint,-0.002201418,0.25828433,-0.011410183,0.5481461,0.43415394,0.5603017,0.4439688
1783532931.4022,71,spine_6_joint,-0.0026657905,0.34950918,0.0105919,0.56115156,0.41327706,0.5780729,0.42443234
1783532931.4022,71,spine_7_joint,-0.003744711,0.45151046,0.043193627,0.5556988,0.41933954,0.57502925,0.42976117
1783532931.4022,71,left_shoulder_1_joint,0.084277235,0.5611431,0.072149396,-0.59354943,0.052122954,-0.116415836,0.7946255
1783532931.4022,71,left_arm_joint,0.22460723,0.5253319,0.08017945,-0.3435687,0.40409523,-0.46794143,0.70689344
1783532931.4022,71,left_forearm_joint,0.28724056,0.2755072,0.013745493,-0.42205453,0.29586396,-0.6334141,0.57716656
1783532931.4022,71,left_hand_joint,0.29327047,0.012651882,0.06550265,0.6844156,-0.61748624,0.3278106,-0.20694569
1783532931.4022,71,left_handIndexStart_joint,0.2820012,-0.009527044,0.08204358,0.66145074,-0.6299911,0.37119418,-0.16676095
1783532931.4022,71,left_handIndex_1_joint,0.27643183,-0.08640171,0.104605824,0.66145074,-0.6299911,0.37119418,-0.16676095
1783532931.4022,71,left_handIndex_2_joint,0.2731938,-0.13109629,0.117723405,0.66145074,-0.6299911,0.37119418,-0.16676095
1783532931.4022,71,left_handIndex_3_joint,0.27138054,-0.15612525,0.12506925,0.66145074,-0.6299911,0.37119418,-0.16676095
1783532931.4022,71,left_handIndexEnd_joint,0.27008533,-0.17400308,0.13031629,0.66145074,-0.6299911,0.37119418,-0.16676095
1783532931.4022,71,left_handMidStart_joint,0.29094592,-0.012863667,0.07354445,0.6852074,-0.61708283,0.32577312,-0.20873843
1783532931.4022,71,left_handMid_1_joint,0.2929346,-0.087484576,0.08789808,0.6852074,-0.61708283,0.32577312,-0.20873843
1783532931.4022,71,left_handMid_2_joint,0.29433203,-0.13992089,0.09798442,0.6852074,-0.61708283,0.32577312,-0.20873843
1783532931.4022,71,left_handMid_3_joint,0.29513827,-0.17017262,0.10380345,0.6852074,-0.61708283,0.32577312,-0.20873843
1783532931.4022,71,left_handMidEnd_joint,0.29567572,-0.19034041,0.10768281,0.6852074,-0.61708283,0.32577312,-0.20873843
1783532931.4022,71,left_handPinkyStart_joint,0.30820408,-0.015847746,0.0520444,0.6944141,-0.61649346,0.24271494,-0.28073925
1783532931.4022,71,left_handPinky_1_joint,0.31595448,-0.07887176,0.051469173,0.6944141,-0.61649346,0.24271494,-0.28073925
1783532931.4022,71,left_handPinky_2_joint,0.32074144,-0.11779834,0.051113885,0.6944141,-0.61649346,0.24271494,-0.28073925
1783532931.4022,71,left_handPinky_3_joint,0.32324892,-0.13818847,0.050927784,0.6944141,-0.61649346,0.24271494,-0.28073925
1783532931.4022,71,left_handPinkyEnd_joint,0.32552844,-0.15672493,0.050758604,0.6944141,-0.61649346,0.24271494,-0.28073925
1783532931.4022,71,left_handRingStart_joint,0.29889882,-0.014759042,0.06358152,0.6906471,-0.61746013,0.28521994,-0.24576314
1783532931.4022,71,left_handRing_1_joint,0.3041227,-0.084127665,0.06990132,0.6906471,-0.61746013,0.28521994,-0.24576314
1783532931.4022,71,left_handRing_2_joint,0.30781013,-0.13309376,0.07436235,0.6906471,-0.61746013,0.28521994,-0.24576314
1783532931.4022,71,left_handRing_3_joint,0.31011477,-0.16369757,0.0771505,0.6906471,-0.61746013,0.28521994,-0.24576314
1783532931.4022,71,left_handRingEnd_joint,0.3116512,-0.1841001,0.079009265,0.6906471,-0.61746013,0.28521994,-0.24576314
1783532931.4022,71,left_handThumbStart_joint,0.27237597,-0.009510632,0.075593196,0.30405837,-0.22792225,0.8642994,-0.3295251
1783532931.4022,71,left_handThumb_1_joint,0.2402712,-0.04754136,0.095747866,0.30405837,-0.22792225,0.8642994,-0.3295251
1783532931.4022,71,left_handThumb_2_joint,0.2173223,-0.07472353,0.11015542,0.30405837,-0.22792225,0.8642994,-0.3295251
1783532931.4022,71,left_handThumbEnd_joint,0.20202304,-0.09284498,0.119760446,0.30405837,-0.22792222,0.8642994,-0.3295251
1783532931.4022,71,neck_1_joint,-0.0052889,0.58207744,0.07411229,0.59467006,0.3569799,0.6233945,0.36098793
1783532931.4022,71,neck_2_joint,-0.006252221,0.60831684,0.0886232,0.5829259,0.37142572,0.62007684,0.37114018
1783532931.4022,71,neck_3_joint,-0.008048409,0.6440488,0.10651184,0.56419444,0.39503926,0.61137915,0.3896722
1783532931.4022,71,neck_4_joint,-0.010435651,0.6809382,0.121791914,0.5463282,0.41675562,0.6011003,0.40806723
1783532931.4022,71,head_joint,-0.013667401,0.72461236,0.13698167,0.48873252,0.48127964,0.5521083,0.4740115
1783532931.4022,71,jaw_joint,-0.012109603,0.6993294,0.13987043,0.48873252,0.48127964,0.5521083,0.4740115
1783532931.4022,71,chin_joint,-0.013761967,0.6409005,0.235177,0.48873252,0.48127964,0.5521083,0.4740115
1783532931.4022,71,left_eye_joint,0.011522833,0.75165445,0.2277596,0.4929113,0.47699896,0.55622125,0.46917838
1783532931.4022,71,left_eyeLowerLid_joint,0.011522833,0.75165445,0.2277596,0.4929113,0.47699896,0.55622125,0.46917838
1783532931.4022,71,left_eyeUpperLid_joint,0.011522833,0.75165445,0.2277596,0.4929113,0.47699896,0.55622125,0.46917838
1783532931.4022,71,left_eyeball_joint,0.011522833,0.75165445,0.2277596,0.4929113,0.47699896,0.55622125,0.46917838
1783532931.4022,71,nose_joint,-0.019494904,0.71500206,0.246406,0.49291384,0.47699633,0.55622375,0.46917546
1783532931.4022,71,right_eye_joint,-0.05284913,0.74725235,0.22394477,0.4929113,0.47699896,0.55622125,0.46917838
1783532931.4022,71,right_eyeLowerLid_joint,-0.05284913,0.74725235,0.22394477,0.4929113,0.47699896,0.55622125,0.46917838
1783532931.4022,71,right_eyeUpperLid_joint,-0.05284913,0.74725235,0.22394477,0.4929113,0.47699896,0.55622125,0.46917838
1783532931.4022,71,right_eyeball_joint,-0.05284913,0.74725235,0.22394477,0.4929113,0.47699896,0.55622125,0.46917838
1783532931.4022,71,right_shoulder_1_joint,-0.09436805,0.5603154,0.06666109,0.7933369,0.10973829,0.08337358,0.5929782
1783532931.4022,71,right_arm_joint,-0.2339072,0.52071744,0.06635042,0.6960382,0.45549682,0.40427276,0.38028583
1783532931.4022,71,right_forearm_joint,-0.3025774,0.2702745,0.008806877,0.5779412,0.60916984,0.3043889,0.44971517
1783532931.4022,71,right_hand_joint,-0.32201034,0.0082245255,0.061347377,0.19091906,0.30331895,0.6097035,0.7069721
1783532931.4022,71,right_handIndexStart_joint,-0.31359348,-0.0140100615,0.07749358,0.14881352,0.3508379,0.6218184,0.6841854
1783532931.4022,71,right_handIndex_1_joint,-0.31202808,-0.09073024,0.10118551,0.14881352,0.3508379,0.6218184,0.6841854
1783532931.4022,71,right_handIndex_2_joint,-0.31111747,-0.13533524,0.114959545,0.14881352,0.3508379,0.6218184,0.6841854
1783532931.4022,71,right_handIndex_3_joint,-0.31060824,-0.16031428,0.12267356,0.14881352,0.3508379,0.6218184,0.6841854
1783532931.4022,71,right_handIndexEnd_joint,-0.3102444,-0.17815617,0.12818359,0.14881352,0.3508379,0.6218184,0.6841854
1783532931.4022,71,right_handMidStart_joint,-0.32208624,-0.01716185,0.06847624,0.1902872,0.30392328,0.61013097,0.7065139
1783532931.4022,71,right_handMid_1_joint,-0.32746372,-0.0914897,0.08347033,0.1902872,0.30392328,0.61013097,0.7065139
1783532931.4022,71,right_handMid_2_joint,-0.33124274,-0.14371942,0.094007,0.1902872,0.30392328,0.61013097,0.7065139
1783532931.4022,71,right_handMid_3_joint,-0.33342272,-0.17385213,0.10008574,0.1902872,0.30392328,0.61013097,0.7065139
1783532931.4022,71,right_handMidEnd_joint,-0.33487633,-0.19394024,0.10413835,0.1902872,0.30392328,0.61013097,0.7065139
1783532931.4022,71,right_handPinkyStart_joint,-0.33803508,-0.019858515,0.045951385,0.26083806,0.21943809,0.6121713,0.7134823
1783532931.4022,71,right_handPinky_1_joint,-0.34782606,-0.08259858,0.04555609,0.26083806,0.21943809,0.6121713,0.7134823
1783532931.4022,71,right_handPinky_2_joint,-0.35387394,-0.12135054,0.04531236,0.26083806,0.21943809,0.6121713,0.7134823
1783532931.4022,71,right_handPinky_3_joint,-0.35704124,-0.14164886,0.045184128,0.26083806,0.21943809,0.6121713,0.7134823
1783532931.4022,71,right_handPinkyEnd_joint,-0.35992098,-0.16010171,0.04506778,0.26083806,0.21943809,0.6121713,0.7134823
1783532931.4022,71,right_handRingStart_joint,-0.32944968,-0.018925624,0.05804686,0.226576,0.2626163,0.6118357,0.710882
1783532931.4022,71,right_handRing_1_joint,-0.33736956,-0.08800085,0.06476139,0.226576,0.2626163,0.6118357,0.710882
1783532931.4022,71,right_handRing_2_joint,-0.34295982,-0.13675942,0.06950084,0.226576,0.2626163,0.6118357,0.710882
1783532931.4022,71,right_handRing_3_joint,-0.34645414,-0.16723391,0.072463386,0.226576,0.2626163,0.6118357,0.710882
1783532931.4022,71,right_handRingEnd_joint,-0.34878302,-0.18755077,0.07443782,0.226576,0.2626163,0.6118357,0.710882
1783532931.4022,71,right_handThumbStart_joint,-0.30358273,-0.014389281,0.07167065,0.33449093,0.8499593,0.2281862,0.33707038
1783532931.4022,71,right_handThumb_1_joint,-0.27410474,-0.053183537,0.09423915,0.33449087,0.8499593,0.22818616,0.33707038
1783532931.4022,71,right_handThumb_2_joint,-0.25303385,-0.080911234,0.11037242,0.33449087,0.8499593,0.22818616,0.33707038
1783532931.4022,71,right_handThumbEnd_joint,-0.23898639,-0.0993965,0.12112714,0.33449087,0.8499593,0.22818616,0.33707038
1783532931.4022,71,camera,0.111274675,0.06960771,-0.032603808,-0.07716128,-0.081209555,-0.6987198,0.70657045
1783532931.4356,72,root,-7.708219e-05,0.020093303,-0.0037860968,-0.04266217,-0.0026601136,-0.0088362815,0.9990469
1783532931.4356,72,hips_joint,-7.708219e-05,0.020093303,-0.0037860968,-0.04266217,-0.0026601136,-0.0088362815,0.9990469
1783532931.4356,72,left_upLeg_joint,0.099994734,-0.0064608785,-9.2957314e-05,0.58837485,-0.39833802,0.5967312,-0.37289947
1783532931.4356,72,left_leg_joint,0.08756271,-0.3912568,0.1705048,-0.2896067,0.64189214,-0.3460785,0.61994535
1783532931.4356,72,left_foot_joint,0.058481824,-0.75751007,-0.10178614,0.62382585,-0.32670754,0.6547485,-0.2746051
1783532931.4356,72,left_toes_joint,0.047920387,-0.87184906,-0.006783266,0.6744412,-0.20254871,0.69492775,-0.14552915
1783532931.4356,72,left_toesEnd_joint,0.045015067,-0.90069175,0.04650201,0.6744413,-0.20254849,0.6949277,-0.14552937
1783532931.4356,72,right_upLeg_joint,-0.10105093,-0.0029515242,-0.0013132464,0.35634562,0.5779732,0.4157907,0.605048
1783532931.4356,72,right_leg_joint,-0.09521047,-0.3882783,0.16841793,0.59329283,0.32858887,0.6634363,0.31604683
1783532931.4356,72,right_foot_joint,-0.05119974,-0.7583548,-0.096602686,0.26440978,0.6245427,0.327362,0.6579272
1783532931.4356,72,right_toes_joint,-0.05202853,-0.8717726,7.30133e-05,0.14124438,0.6633371,0.1967272,0.7080483
1783532931.4356,72,right_toesEnd_joint,-0.05461049,-0.9000383,0.053682737,0.14124487,0.6633372,0.19672671,0.7080482
1783532931.4356,72,spine_1_joint,-7.710197e-05,0.020093303,-0.0037860968,0.47350812,0.5235662,0.47481,0.52557045
1783532931.4356,72,spine_2_joint,-2.7143746e-05,0.07735368,-0.009581047,0.47371113,0.5241259,0.47786593,0.52204835
1783532931.4356,72,spine_3_joint,-0.0003797791,0.13464794,-0.015019645,0.4862484,0.5095084,0.49384558,0.5099809
1783532931.4356,72,spine_4_joint,-0.0007492659,0.18765964,-0.017110828,0.51126516,0.48113975,0.51986164,0.4866794
1783532931.4356,72,spine_5_joint,-0.00099416,0.25799495,-0.012876464,0.55145735,0.43162936,0.5597284,0.4430527
1783532931.4356,72,spine_6_joint,-0.0009268973,0.34908098,0.009698277,0.5642451,0.41073295,0.5780702,0.42280194
1783532931.4356,72,spine_7_joint,-0.0015550443,0.4508414,0.043055795,0.5573601,0.41858095,0.57498044,0.4284132
1783532931.4356,72,left_shoulder_1_joint,0.08661761,0.56030077,0.07220794,-0.58936703,0.049080495,-0.10454467,0.79956776
1783532931.4356,72,left_arm_joint,0.22779788,0.52765965,0.07869804,-0.34665182,0.40462133,-0.45377505,0.7142848
1783532931.4356,72,left_forearm_joint,0.2971511,0.28061822,0.008630333,-0.43294993,0.2868621,-0.6237539,0.5841201
1783532931.4356,72,left_hand_joint,0.3125012,0.018787669,0.06356008,0.69730175,-0.6044833,0.32551304,-0.2059421
1783532931.4356,72,left_handIndexStart_joint,0.3021136,-0.0035522913,0.08045767,0.67446595,-0.61695814,0.36973566,-0.16659762
1783532931.4356,72,left_handIndex_1_joint,0.29932818,-0.08028328,0.10400319,0.67446595,-0.61695814,0.36973566,-0.16659762
1783532931.4356,72,left_handIndex_2_joint,0.29770878,-0.12489431,0.11769244,0.67446595,-0.61695814,0.36973566,-0.16659762
1783532931.4356,72,left_handIndex_3_joint,0.2968019,-0.14987649,0.12535842,0.67446595,-0.61695814,0.36973566,-0.16659762
1783532931.4356,72,left_handIndexEnd_joint,0.29615414,-0.1677209,0.13083412,0.67446595,-0.61695814,0.36973566,-0.16659762
1783532931.4356,72,left_handMidStart_joint,0.31110495,-0.0066894316,0.07193183,0.69809014,-0.60408586,0.32344,-0.20769647
1783532931.4356,72,left_handMid_1_joint,0.31573683,-0.0810143,0.087184034,0.69809014,-0.60408586,0.32344,-0.20769647
1783532931.4356,72,left_handMid_2_joint,0.3189917,-0.13324258,0.0979018,0.69809014,-0.60408586,0.32344,-0.20769647
1783532931.4356,72,left_handMid_3_joint,0.32086948,-0.16337427,0.104085125,0.69809014,-0.60408586,0.32344,-0.20769647
1783532931.4356,72,left_handMidEnd_joint,0.32212135,-0.18346207,0.108207345,0.69809014,-0.60408586,0.32344,-0.20769647
1783532931.4356,72,left_handPinkyStart_joint,0.32829863,-0.009354741,0.050338402,0.70742196,-0.604123,0.23913382,-0.27821794
1783532931.4356,72,left_handPinky_1_joint,0.33818588,-0.072081536,0.050476924,0.70742196,-0.604123,0.23913382,-0.27821794
1783532931.4356,72,left_handPinky_2_joint,0.3442927,-0.110824555,0.050562482,0.70742196,-0.604123,0.23913382,-0.27821794
1783532931.4356,72,left_handPinky_3_joint,0.34749153,-0.13111852,0.050607298,0.70742196,-0.604123,0.23913382,-0.27821794
1783532931.4356,72,left_handPinkyEnd_joint,0.35039955,-0.14956757,0.05064804,0.70742196,-0.604123,0.23913382,-0.27821794
1783532931.4356,72,left_handRingStart_joint,0.31904545,-0.008438258,0.06193225,0.70361364,-0.6047599,0.2822463,-0.24399027
1783532931.4356,72,left_handRing_1_joint,0.32667363,-0.07750498,0.069062255,0.70361364,-0.6047599,0.2822463,-0.24399027
1783532931.4356,72,left_handRing_2_joint,0.33205822,-0.12625796,0.0740952,0.70361364,-0.6047599,0.2822463,-0.24399027
1783532931.4356,72,left_handRing_3_joint,0.3354236,-0.15672857,0.07724079,0.70361364,-0.6047599,0.2822463,-0.24399027
1783532931.4356,72,left_handRingEnd_joint,0.33766717,-0.1770423,0.07933785,0.70361364,-0.6047599,0.2822463,-0.24399027
1783532931.4356,72,left_handThumbStart_joint,0.29244694,-0.0039434717,0.0740815,0.31314415,-0.21858475,0.8588288,-0.34143108
1783532931.4356,72,left_handThumb_1_joint,0.2618023,-0.042787064,0.09494652,0.31314415,-0.21858475,0.8588288,-0.34143108
1783532931.4356,72,left_handThumb_2_joint,0.239897,-0.07055028,0.10986179,0.31314415,-0.21858473,0.8588288,-0.34143108
1783532931.4356,72,left_handThumbEnd_joint,0.22529347,-0.08905909,0.119805306,0.31314415,-0.2185847,0.8588288,-0.34143108
1783532931.4356,72,neck_1_joint,-0.0029281445,0.5812924,0.07446844,0.59716755,0.35559118,0.6220379,0.36057633
1783532931.4356,72,neck_2_joint,-0.0037307234,0.6074908,0.08906303,0.58617866,0.3697578,0.61776173,0.37154353
1783532931.4356,72,neck_3_joint,-0.0051987576,0.64319235,0.107042044,0.5679627,0.39332983,0.6083449,0.39067486
1783532931.4356,72,neck_4_joint,-0.007182109,0.68007725,0.122390285,0.5501724,0.41518384,0.5980571,0.40897518
1783532931.4356,72,head_joint,-0.009952781,0.7237541,0.13766322,0.49275637,0.48018312,0.549004,0.47456303
1783532931.4356,72,jaw_joint,-0.008592954,0.69845444,0.14050548,0.49275637,0.48018312,0.549004,0.47456303
1783532931.4356,72,chin_joint,-0.010179576,0.6398965,0.23573394,0.49275637,0.48018312,0.549004,0.47456303
1783532931.4356,72,left_eye_joint,0.016001627,0.7504429,0.22833034,0.49692544,0.4758674,0.553122,0.46975696
1783532931.4356,72,left_eyeLowerLid_joint,0.016001627,0.7504429,0.22833034,0.49692544,0.4758674,0.553122,0.46975696
1783532931.4356,72,left_eyeUpperLid_joint,0.016001627,0.7504429,0.22833034,0.49692544,0.4758674,0.553122,0.46975696
1783532931.4356,72,left_eyeball_joint,0.016001627,0.7504429,0.22833034,0.49692544,0.4758674,0.553122,0.46975696
1783532931.4356,72,nose_joint,-0.01521601,0.7140269,0.24710582,0.49692798,0.4758648,0.5531244,0.46975413
1783532931.4356,72,right_eye_joint,-0.048426837,0.7465935,0.22488979,0.49692544,0.4758674,0.553122,0.46975696
1783532931.4356,72,right_eyeLowerLid_joint,-0.048426837,0.7465935,0.22488979,0.49692544,0.4758674,0.553122,0.46975696
1783532931.4356,72,right_eyeUpperLid_joint,-0.048426837,0.7465935,0.22488979,0.49692544,0.4758674,0.553122,0.46975696
1783532931.4356,72,right_eyeball_joint,-0.048426837,0.7465935,0.22488979,0.49692544,0.4758674,0.553122,0.46975696
1783532931.4356,72,right_shoulder_1_joint,-0.09204115,0.5596229,0.06715335,0.7933161,0.100356385,0.080816746,0.5950186
1783532931.4356,72,right_arm_joint,-0.23227389,0.5225768,0.065877125,0.697474,0.44474378,0.39778984,0.39685825
1783532931.4356,72,right_forearm_joint,-0.30885988,0.27358028,0.0121757025,0.58547187,0.59152675,0.2831622,0.4765903
1783532931.4356,72,right_hand_joint,-0.34633034,0.015645294,0.07441589,0.18075949,0.30200312,0.5821331,0.7329677
1783532931.4356,72,right_handIndexStart_joint,-0.33967978,-0.0064225527,0.091582745,0.14056219,0.3513151,0.5936327,0.71022564
1783532931.4356,72,right_handIndex_1_joint,-0.34356314,-0.08207403,0.11825701,0.14056219,0.3513151,0.5936327,0.71022564
1783532931.4356,72,right_handIndex_2_joint,-0.34582043,-0.12605771,0.13376497,0.14056219,0.3513151,0.5936327,0.71022564
1783532931.4356,72,right_handIndex_3_joint,-0.3470852,-0.15068875,0.14244999,0.14056219,0.3513151,0.5936327,0.71022564
1783532931.4356,72,right_handIndexEnd_joint,-0.34798858,-0.16828209,0.14865355,0.14056219,0.3513151,0.5936327,0.71022564
1783532931.4356,72,right_handMidStart_joint,-0.34819493,-0.009377536,0.08251995,0.18015262,0.30264044,0.58255714,0.7325172
1783532931.4356,72,right_handMid_1_joint,-0.35869056,-0.08254324,0.10026798,0.18015262,0.30264044,0.58255714,0.7325172
1783532931.4356,72,right_handMid_2_joint,-0.36606613,-0.13395627,0.11273981,0.18015262,0.30264044,0.58255714,0.7325172
1783532931.4356,72,right_handMid_3_joint,-0.37032104,-0.16361785,0.119935,0.18015262,0.30264044,0.58255714,0.7325172
1783532931.4356,72,right_handMidEnd_joint,-0.3731579,-0.18339184,0.12473188,0.18015267,0.3026404,0.58255714,0.7325172
1783532931.4356,72,right_handPinkyStart_joint,-0.3638734,-0.011937654,0.059790295,0.24774523,0.215899,0.58672184,0.7401133
1783532931.4356,72,right_handPinky_1_joint,-0.37773502,-0.073879816,0.061623186,0.24774523,0.215899,0.58672184,0.7401133
1783532931.4356,72,right_handPinky_2_joint,-0.38629714,-0.1121389,0.062755704,0.24774523,0.215899,0.58672184,0.7401133
1783532931.4356,72,right_handPinky_3_joint,-0.39078143,-0.13217911,0.06334836,0.24774526,0.215899,0.58672184,0.7401133
1783532931.4356,72,right_handPinkyEnd_joint,-0.39485842,-0.15039727,0.06388736,0.24774523,0.215899,0.58672184,0.7401133
1783532931.4356,72,right_handRingStart_joint,-0.3554669,-0.011077964,0.07201614,0.21496786,0.26017657,0.58528626,0.73724985
1783532931.4356,72,right_handRing_1_joint,-0.36800513,-0.07917333,0.081236295,0.21496786,0.26017657,0.58528626,0.73724985
1783532931.4356,72,right_handRing_2_joint,-0.37685537,-0.12724024,0.087744415,0.21496786,0.26017657,0.58528626,0.73724985
1783532931.4356,72,right_handRing_3_joint,-0.38238728,-0.15728243,0.09181239,0.21496786,0.26017657,0.58528626,0.73724985
1783532931.4356,72,right_handRingEnd_joint,-0.3860745,-0.17731114,0.0945238,0.21496786,0.26017657,0.58528626,0.73724985
1783532931.4356,72,right_handThumbStart_joint,-0.32961097,-0.0076802443,0.08598794,0.35299975,0.8396416,0.20356263,0.3591042
1783532931.4356,72,right_handThumb_1_joint,-0.30314696,-0.047363177,0.11064972,0.35299975,0.8396416,0.20356263,0.3591042
1783532931.4356,72,right_handThumb_2_joint,-0.2842303,-0.07572605,0.12827916,0.35299975,0.8396416,0.2035626,0.3591042
1783532931.4356,72,right_handThumbEnd_joint,-0.271619,-0.09463481,0.14003135,0.35299975,0.8396416,0.2035626,0.3591042
1783532931.4356,72,camera,0.11134868,0.069699705,-0.032856017,-0.07716727,-0.081585795,-0.69859165,0.7066531
1783532931.4688,73,root,1.3644667e-06,0.019589307,-0.004459144,-0.04741917,-0.0027017456,-0.008428544,0.9988359
1783532931.4688,73,hips_joint,1.3644667e-06,0.019589307,-0.004459144,-0.04741917,-0.0027017456,-0.008428544,0.9988359
1783532931.4688,73,left_upLeg_joint,0.10009423,-0.00684952,-0.0005170575,0.59268665,-0.3904483,0.6023428,-0.3653159
1783532931.4688,73,left_leg_joint,0.08723656,-0.38706908,0.1800203,-0.29736322,0.6370155,-0.3555171,0.61594975
1783532931.4688,73,left_foot_joint,0.057803314,-0.76060224,-0.082155325,0.6269245,-0.31808525,0.65971464,-0.26563904
1783532931.4688,73,left_toes_joint,0.046953306,-0.87227523,0.01593605,0.6758495,-0.19349541,0.69810444,-0.13578439
1783532931.4688,73,left_toesEnd_joint,0.043946106,-0.89964104,0.06998913,0.6758496,-0.19349521,0.6981044,-0.13578461
1783532931.4688,73,right_upLeg_joint,-0.100954175,-0.0035105823,-0.0017630189,0.35842544,0.579761,0.41458532,0.6029324
1783532931.4688,73,right_leg_joint,-0.094213456,-0.38903657,0.16748172,0.5973811,0.32980183,0.6585981,0.31719896
1783532931.4688,73,right_foot_joint,-0.05532239,-0.76030004,-0.09667799,0.26688015,0.6280189,0.32284275,0.6558506
1783532931.4688,73,right_toes_joint,-0.055729207,-0.8733682,0.0004091358,0.14301114,0.6672186,0.19268344,0.7051528
1783532931.4688,73,right_toesEnd_joint,-0.057875652,-0.90142834,0.05414589,0.1430116,0.6672187,0.19268295,0.70515275
1783532931.4688,73,spine_1_joint,1.3446921e-06,0.019589307,-0.004459144,0.47128424,0.52580523,0.47180447,0.5280346
1783532931.4688,73,spine_2_joint,0.0001083231,0.076789126,-0.01082327,0.47248533,0.5257177,0.4752276,0.52396333
1783532931.4688,73,spine_3_joint,-0.00014723299,0.13404222,-0.016684314,0.48663783,0.50991845,0.49235973,0.5106358
1783532931.4688,73,spine_4_joint,-0.00040558813,0.18704996,-0.018889435,0.5131608,0.48024726,0.5197137,0.48572266
1783532931.4688,73,spine_5_joint,-0.0005083513,0.25736985,-0.014400879,0.5541533,0.42971465,0.56057924,0.4404664
1783532931.4688,73,spine_6_joint,-0.0003091669,0.34826946,0.008912302,0.5665039,0.4093758,0.57918036,0.41956565
1783532931.4688,73,spine_7_joint,-0.00097178936,0.44975743,0.04308904,0.5578413,0.41961688,0.575667,0.4258434
1783532931.4688,73,left_shoulder_1_joint,0.08681253,0.559517,0.072284065,-0.5877819,0.042134162,-0.09047794,0.8028393
1783532931.4688,73,left_arm_joint,0.22897246,0.5312599,0.07789875,-0.3569493,0.39600262,-0.434091,0.72617775
1783532931.4688,73,left_forearm_joint,0.31129366,0.28837174,0.007348604,-0.44982797,0.2643961,-0.6122175,0.5940868
1783532931.4688,73,left_hand_joint,0.34092283,0.029703712,0.0707602,0.71677935,-0.5795985,0.32982007,-0.20374428
1783532931.4688,73,left_handIndexStart_joint,0.33174914,0.007386119,0.08837472,0.6936391,-0.5919947,0.37529507,-0.1660138
1783532931.4688,73,left_handIndex_1_joint,0.3331459,-0.06857719,0.114401765,0.6936391,-0.5919947,0.37529507,-0.1660138
1783532931.4688,73,left_handIndex_2_joint,0.33395797,-0.11274191,0.12953377,0.6936391,-0.5919947,0.37529507,-0.1660138
1783532931.4688,73,left_handIndex_3_joint,0.33441272,-0.13747415,0.13800769,0.6936391,-0.5919947,0.37529507,-0.1660138
1783532931.4688,73,left_handIndexEnd_joint,0.33473754,-0.15514004,0.14406048,0.6936391,-0.5919947,0.37529507,-0.1660138
1783532931.4688,73,left_handMidStart_joint,0.3409149,0.004473536,0.079955585,0.71758586,-0.5792123,0.32769367,-0.20542769
1783532931.4688,73,left_handMid_1_joint,0.34960037,-0.068949506,0.09761568,0.71758586,-0.5792123,0.32769367,-0.20542769
1783532931.4688,73,left_handMid_2_joint,0.35570365,-0.12054409,0.11002547,0.71758586,-0.5792123,0.32769367,-0.20542769
1783532931.4688,73,left_handMid_3_joint,0.35922477,-0.15031019,0.11718497,0.71758586,-0.5792123,0.32769367,-0.20542769
1783532931.4688,73,left_handMidEnd_joint,0.36157218,-0.17015426,0.121957965,0.71758586,-0.5792123,0.32769367,-0.20542769
1783532931.4688,73,left_handPinkyStart_joint,0.35826826,0.002059133,0.058460645,0.72809845,-0.58033,0.2414945,-0.2734411
1783532931.4688,73,left_handPinky_1_joint,0.37159052,-0.059990834,0.060638193,0.72809845,-0.58033,0.2414945,-0.2734411
1783532931.4688,73,left_handPinky_2_joint,0.37981898,-0.09831581,0.06198315,0.72809845,-0.58033,0.2414945,-0.2734411
1783532931.4688,73,left_handPinky_3_joint,0.38412914,-0.1183908,0.06268765,0.72809845,-0.58033,0.2414945,-0.2734411
1783532931.4688,73,left_handPinkyEnd_joint,0.38804743,-0.13664079,0.06332811,0.72809845,-0.58033,0.2414945,-0.2734411
1783532931.4688,73,left_handRingStart_joint,0.34895766,0.0028407574,0.070018336,0.72373366,-0.5803865,0.28553557,-0.24047966
1783532931.4688,73,left_handRing_1_joint,0.36036035,-0.0654336,0.07938969,0.72373366,-0.5803865,0.28553557,-0.24047966
1783532931.4688,73,left_handRing_2_joint,0.36840934,-0.11362726,0.08600477,0.72373366,-0.5803865,0.28553557,-0.24047966
1783532931.4688,73,left_handRing_3_joint,0.37343994,-0.1437483,0.090139195,0.72373366,-0.5803865,0.28553557,-0.24047966
1783532931.4688,73,left_handRingEnd_joint,0.37679365,-0.163829,0.09289548,0.72373366,-0.5803865,0.28553557,-0.24047966
1783532931.4688,73,left_handThumbStart_joint,0.32213026,0.0062568327,0.0820144,0.32415307,-0.19574328,0.8526877,-0.3599071
1783532931.4688,73,left_handThumb_1_joint,0.29363087,-0.03351673,0.1041302,0.32415307,-0.19574328,0.8526877,-0.3599071
1783532931.4688,73,left_handThumb_2_joint,0.27325886,-0.061944682,0.11993947,0.32415307,-0.19574326,0.8526877,-0.3599071
1783532931.4688,73,left_handThumbEnd_joint,0.25967756,-0.08089665,0.13047896,0.32415307,-0.19574323,0.8526877,-0.3599071
1783532931.4688,73,neck_1_joint,-0.0028156803,0.58011746,0.07485313,0.5985589,0.35611564,0.6215608,0.35856864
1783532931.4688,73,neck_2_joint,-0.0036050533,0.6062792,0.08951406,0.58818716,0.369957,0.6166052,0.3700895
1783532931.4688,73,neck_3_joint,-0.004970672,0.6419434,0.10757503,0.5701095,0.39350465,0.6071127,0.38928643
1783532931.4688,73,neck_4_joint,-0.006845219,0.67879796,0.1230098,0.55231965,0.41542402,0.59688723,0.40754396
1783532931.4688,73,head_joint,-0.009502246,0.72244513,0.13838744,0.49486807,0.4806677,0.54802716,0.473002
1783532931.4688,73,jaw_joint,-0.008146994,0.6971386,0.14117014,0.49486807,0.4806677,0.54802716,0.473002
1783532931.4688,73,chin_joint,-0.009279644,0.63838446,0.23628421,0.49486807,0.4806677,0.54802716,0.473002
1783532931.4688,73,left_eye_joint,0.016947376,0.74892616,0.22897239,0.49904132,0.47633365,0.5521314,0.46820456
1783532931.4688,73,left_eyeLowerLid_joint,0.016947376,0.74892616,0.22897239,0.49904132,0.47633365,0.5521314,0.46820456
1783532931.4688,73,left_eyeUpperLid_joint,0.016947376,0.74892616,0.22897239,0.49904132,0.47633365,0.5521314,0.46820456
1783532931.4688,73,left_eyeball_joint,0.016947376,0.74892616,0.22897239,0.49904132,0.47633365,0.5521314,0.46820456
1783532931.4688,73,nose_joint,-0.0141994385,0.71249497,0.24783579,0.49904388,0.476331,0.5521339,0.46820167
1783532931.4688,73,right_eye_joint,-0.047501177,0.7451327,0.22586158,0.49904132,0.47633365,0.5521314,0.46820456
1783532931.4688,73,right_eyeLowerLid_joint,-0.047501177,0.7451327,0.22586158,0.49904132,0.47633365,0.5521314,0.46820456
1783532931.4688,73,right_eyeUpperLid_joint,-0.047501177,0.7451327,0.22586158,0.49904132,0.47633365,0.5521314,0.46820456
1783532931.4688,73,right_eyeball_joint,-0.047501177,0.7451327,0.22586158,0.49904132,0.47633365,0.5521314,0.46820456
1783532931.4688,73,right_shoulder_1_joint,-0.091855235,0.5580845,0.06773173,0.7915935,0.09440248,0.07768911,0.5986924
1783532931.4688,73,right_arm_joint,-0.2325682,0.5229129,0.066287,0.69966537,0.43546385,0.38585383,0.4146767
1783532931.4688,73,right_forearm_joint,-0.3184753,0.27571437,0.018733058,0.58846587,0.57957536,0.25610444,0.50220674
1783532931.4688,73,right_hand_joint,-0.37126723,0.02399477,0.093956694,0.16773406,0.30874193,0.55333114,0.7552277
1783532931.4688,73,right_handIndexStart_joint,-0.36602485,0.0025139283,0.11231457,0.12954155,0.35957417,0.56402075,0.731988
1783532931.4688,73,right_handIndex_1_joint,-0.37447128,-0.071281016,0.14285484,0.12954155,0.35957417,0.56402075,0.731988
1783532931.4688,73,right_handIndex_2_joint,-0.37938157,-0.11418537,0.1606105,0.12954155,0.35957417,0.56402075,0.731988
1783532931.4688,73,right_handIndex_3_joint,-0.38213202,-0.1382119,0.17055424,0.12954155,0.35957417,0.56402075,0.731988
1783532931.4688,73,right_handIndexEnd_joint,-0.38409656,-0.15537344,0.17765687,0.12954155,0.35957417,0.56402075,0.731988
1783532931.4688,73,right_handMidStart_joint,-0.37463528,-0.00041838406,0.10333481,0.16715616,0.30940926,0.55374867,0.75477654
1783532931.4688,73,right_handMid_1_joint,-0.38947785,-0.07182381,0.12476689,0.16715616,0.30940926,0.55374867,0.75477654
1783532931.4688,73,right_handMid_2_joint,-0.39990795,-0.121999875,0.13982747,0.16715616,0.30940926,0.55374867,0.75477654
1783532931.4688,73,right_handMid_3_joint,-0.40592512,-0.15094784,0.1485162,0.16715616,0.30940926,0.55374867,0.75477654
1783532931.4688,73,right_handMidEnd_joint,-0.4099368,-0.17024605,0.15430875,0.16715616,0.30940926,0.55374867,0.75477654
1783532931.4688,73,right_handPinkyStart_joint,-0.390281,-0.0032632852,0.08061644,0.23197207,0.22085747,0.5602435,0.76389694
1783532931.4688,73,right_handPinky_1_joint,-0.40772453,-0.06412244,0.08553791,0.23197207,0.22085747,0.5602435,0.76389694
1783532931.4688,73,right_handPinky_2_joint,-0.4184991,-0.10171255,0.088578105,0.23197207,0.22085747,0.5602435,0.76389694
1783532931.4688,73,right_handPinky_3_joint,-0.42414224,-0.12140241,0.090170026,0.23197208,0.22085747,0.5602435,0.76389694
1783532931.4688,73,right_handPinkyEnd_joint,-0.42927277,-0.13930206,0.09161742,0.23197207,0.22085747,0.5602435,0.76389694
1783532931.4688,73,right_handRingStart_joint,-0.38192207,-0.002247305,0.09286291,0.20058136,0.2660232,0.55759585,0.7603198
1783532931.4688,73,right_handRing_1_joint,-0.39845166,-0.068928674,0.10549487,0.20058136,0.2660232,0.55759585,0.7603198
1783532931.4688,73,right_handRing_2_joint,-0.41011932,-0.1159975,0.1144113,0.20058136,0.2660232,0.55759585,0.7603198
1783532931.4688,73,right_handRing_3_joint,-0.4174121,-0.14541584,0.11998448,0.20058136,0.2660232,0.55759585,0.7603198
1783532931.4688,73,right_handRingEnd_joint,-0.4222733,-0.1650287,0.123699404,0.20058136,0.2660232,0.55759585,0.7603198
1783532931.4688,73,right_handThumbStart_joint,-0.35600814,0.00038618088,0.10689211,0.3667558,0.8326252,0.17249793,0.37745246
1783532931.4688,73,right_handThumb_1_joint,-0.33205885,-0.039402716,0.1338469,0.36675584,0.8326252,0.1724979,0.37745246
1783532931.4688,73,right_handThumb_2_joint,-0.31493962,-0.06784129,0.15311523,0.36675584,0.8326252,0.1724979,0.37745246
1783532931.4688,73,right_handThumbEnd_joint,-0.30352658,-0.08680056,0.16596004,0.36675584,0.8326252,0.17249787,0.37745246
1783532931.4688,73,camera,0.111583725,0.06982148,-0.033031948,-0.077425286,-0.08131408,-0.6987199,0.70652944
1783532931.5021,74,root,-0.00020997379,0.019963747,-0.004503503,-0.054280072,-0.0036185312,-0.006345353,0.9984991
1783532931.5021,74,hips_joint,-0.00020997379,0.019963747,-0.004503503,-0.054280072,-0.0036185312,-0.006345353,0.9984991
1783532931.5021,74,left_upLeg_joint,0.0999867,-0.0059960973,-4.855901e-05,0.59984237,-0.3761599,0.609551,-0.356568
1783532931.5021,74,left_leg_joint,0.08899702,-0.37907717,0.19492786,-0.3035442,0.63122815,-0.35955226,0.61655045
1783532931.5021,74,left_foot_joint,0.06363783,-0.7570756,-0.061204184,0.6282212,-0.30971768,0.6632616,-0.26362357
1783532931.5021,74,left_toes_joint,0.05295492,-0.8671871,0.038654927,0.67553675,-0.18503371,0.7012051,-0.13313316
1783532931.5021,74,left_toesEnd_joint,0.04980992,-0.8936776,0.09313455,0.6755368,-0.18503349,0.701205,-0.13313337
1783532931.5021,74,right_upLeg_joint,-0.101071775,-0.0035222853,-0.0016401424,0.35790715,0.5817233,0.4132926,0.6022374
1783532931.5021,74,right_leg_joint,-0.093312986,-0.3884883,0.16883117,0.60127175,0.3287803,0.65633726,0.31559044
1783532931.5021,74,right_foot_joint,-0.05775631,-0.75874203,-0.09720892,0.27057293,0.62961406,0.32205492,0.65319014
1783532931.5021,74,right_toes_joint,-0.057716627,-0.8722207,-0.0006010628,0.14633463,0.66948473,0.19241416,0.7023912
1783532931.5021,74,right_toesEnd_joint,-0.05950816,-0.9005026,0.053032346,0.14633511,0.66948485,0.1924137,0.7023911
1783532931.5021,74,spine_1_joint,-0.00020999357,0.019963747,-0.0045035034,0.46739426,0.5293377,0.4694188,0.5300852
1783532931.5021,74,spine_2_joint,-0.00027357505,0.077083975,-0.0115468735,0.47047058,0.52847356,0.4733293,0.52472144
1783532931.5021,74,spine_3_joint,-0.0006562893,0.1342912,-0.01783325,0.48708525,0.51127124,0.49172744,0.5094643
1783532931.5021,74,spine_4_joint,-0.0009952156,0.18729769,-0.020057417,0.5160165,0.47993326,0.520314,0.48235318
1783532931.5021,74,spine_5_joint,-0.0011446563,0.25758362,-0.015066561,0.5586991,0.42784816,0.5617038,0.4350749
1783532931.5021,74,spine_6_joint,-0.000878133,0.34817177,0.009428251,0.57144815,0.40766042,0.5799428,0.41343212
1783532931.5021,74,spine_7_joint,-0.0014236347,0.4491805,0.04499817,0.5617894,0.42019826,0.57515913,0.42073524
1783532931.5021,74,left_shoulder_1_joint,0.08634403,0.55895185,0.0741991,-0.5864869,0.0380803,-0.07741803,0.8053506
1783532931.5021,74,left_arm_joint,0.22923438,0.5343856,0.078474194,-0.36952174,0.38659164,-0.41467562,0.7362369
1783532931.5021,74,left_forearm_joint,0.32424,0.2959801,0.008577552,-0.4695204,0.2377224,-0.60275656,0.59976923
1783532931.5021,74,left_hand_joint,0.36720768,0.042410336,0.08383863,0.73592615,-0.5526021,0.33831695,-0.19643112
1783532931.5021,74,left_handIndexStart_joint,0.35916123,0.020472232,0.102452524,0.71221215,-0.56459415,0.3850175,-0.16046435
1783532931.5021,74,left_handIndex_1_joint,0.3644609,-0.054038666,0.13194527,0.71221215,-0.56459415,0.3850175,-0.16046435
1783532931.5021,74,left_handIndex_2_joint,0.36754212,-0.09735895,0.14909221,0.71221215,-0.56459415,0.3850175,-0.16046435
1783532931.5021,74,left_handIndex_3_joint,0.36926758,-0.121618316,0.1586945,0.71221215,-0.56459415,0.3850175,-0.16046435
1783532931.5021,74,left_handIndexEnd_joint,0.37050006,-0.13894643,0.16555329,0.71221215,-0.56459415,0.3850175,-0.16046435
1783532931.5021,74,left_handMidStart_joint,0.3684949,0.017662989,0.09418411,0.73676294,-0.55224204,0.33613956,-0.19803865
1783532931.5021,74,left_handMid_1_joint,0.38096726,-0.05431399,0.11520828,0.73676294,-0.55224204,0.33613956,-0.19803865
1783532931.5021,74,left_handMid_2_joint,0.3897316,-0.1048924,0.12998202,0.73676294,-0.55224204,0.33613956,-0.19803865
1783532931.5021,74,left_handMid_3_joint,0.39478794,-0.13407226,0.13850532,0.73676294,-0.55224204,0.33613956,-0.19803865
1783532931.5021,74,left_handMidEnd_joint,0.39815882,-0.1535255,0.14418754,0.73676294,-0.55224204,0.33613956,-0.19803865
1783532931.5021,74,left_handPinkyStart_joint,0.38602155,0.015181918,0.07283788,0.7489503,-0.55499226,0.24824056,-0.26350278
1783532931.5021,74,left_handPinky_1_joint,0.40257767,-0.045915756,0.07787708,0.7489503,-0.55499226,0.24824056,-0.26350278
1783532931.5021,74,left_handPinky_2_joint,0.4128035,-0.08365255,0.080989525,0.7489503,-0.55499226,0.24824056,-0.26350278
1783532931.5021,74,left_handPinky_3_joint,0.41815984,-0.103419445,0.082619846,0.7489503,-0.55499226,0.24824056,-0.26350278
1783532931.5021,74,left_handPinkyEnd_joint,0.4230293,-0.12138935,0.08410196,0.7489503,-0.55499226,0.24824056,-0.26350278
1783532931.5021,74,left_handRingStart_joint,0.37664488,0.016001713,0.08433938,0.7437868,-0.5541861,0.29311854,-0.23182029
1783532931.5021,74,left_handRing_1_joint,0.39158744,-0.051076267,0.09684924,0.7437868,-0.5541861,0.29311854,-0.23182029
1783532931.5021,74,left_handRing_2_joint,0.4021351,-0.09842543,0.10567973,0.7437868,-0.5541861,0.29311854,-0.23182029
1783532931.5021,74,left_handRing_3_joint,0.4087274,-0.12801866,0.11119878,0.7437868,-0.5541861,0.29311854,-0.23182029
1783532931.5021,74,left_handRingEnd_joint,0.4131223,-0.14774749,0.114878155,0.7437868,-0.5541861,0.29311854,-0.23182029
1783532931.5021,74,left_handThumbStart_joint,0.34963584,0.018547816,0.09614253,0.33648753,-0.16713616,0.8475326,-0.37487364
1783532931.5021,74,left_handThumb_1_joint,0.32319266,-0.021614255,0.120038696,0.33648753,-0.16713616,0.8475326,-0.37487364
1783532931.5021,74,left_handThumb_2_joint,0.30429035,-0.05031991,0.13712047,0.33648753,-0.16713615,0.8475326,-0.37487364
1783532931.5021,74,left_handThumbEnd_joint,0.2916888,-0.06945702,0.14850831,0.33648753,-0.16713613,0.8475326,-0.37487364
1783532931.5021,74,neck_1_joint,-0.003310508,0.5792781,0.077818125,0.60292786,0.3560297,0.62011373,0.35380742
1783532931.5021,74,neck_2_joint,-0.003988394,0.60532176,0.092693195,0.5928145,0.36980012,0.61500186,0.36550155
1783532931.5021,74,neck_3_joint,-0.005186743,0.6408423,0.111046754,0.5748352,0.393428,0.60562295,0.38470727
1783532931.5021,74,neck_4_joint,-0.006911916,0.67757386,0.12678905,0.5570544,0.41548178,0.5955864,0.4029167
1783532931.5021,74,head_joint,-0.009423885,0.72109777,0.14253592,0.49957246,0.48125732,0.5473175,0.46825406
1783532931.5021,74,jaw_joint,-0.008024239,0.69577116,0.14510551,0.49957246,0.48125732,0.5473175,0.46825406
1783532931.5021,74,chin_joint,-0.008079872,0.6362747,0.23976362,0.49957246,0.48125732,0.5473175,0.46825406
1783532931.5021,74,left_eye_joint,0.018004475,0.74688673,0.23302941,0.5037507,0.4768821,0.55138046,0.463463
1783532931.5021,74,left_eyeLowerLid_joint,0.018004475,0.74688673,0.23302941,0.5037507,0.4768821,0.55138046,0.463463
1783532931.5021,74,left_eyeUpperLid_joint,0.018004475,0.74688673,0.23302941,0.5037507,0.4768821,0.55138046,0.463463
1783532931.5021,74,left_eyeball_joint,0.018004475,0.74688673,0.23302941,0.5037507,0.4768821,0.55138046,0.463463
1783532931.5021,74,nose_joint,-0.012913238,0.71028936,0.25194797,0.5037532,0.47687954,0.5513829,0.46346012
1783532931.5021,74,right_eye_joint,-0.046472218,0.7430766,0.23059672,0.5037507,0.4768821,0.55138046,0.463463
1783532931.5021,74,right_eyeLowerLid_joint,-0.046472218,0.7430766,0.23059672,0.5037507,0.4768821,0.55138046,0.463463
1783532931.5021,74,right_eyeUpperLid_joint,-0.046472218,0.7430766,0.23059672,0.5037507,0.4768821,0.55138046,0.463463
1783532931.5021,74,right_eyeball_joint,-0.046472218,0.7430766,0.23059672,0.5037507,0.4768821,0.55138046,0.463463
1783532931.5021,74,right_shoulder_1_joint,-0.09235543,0.55705124,0.07140147,0.79233253,0.09315941,0.069708444,0.59889174
1783532931.5021,74,right_arm_joint,-0.23347728,0.52352715,0.07156397,0.7053396,0.43102798,0.37146458,0.42275888
1783532931.5021,74,right_forearm_joint,-0.32722613,0.27825567,0.029119104,0.5899303,0.57844335,0.2328273,0.5130078
1783532931.5021,74,right_hand_joint,-0.38682,0.031356372,0.11454498,0.16240354,0.3218465,0.53406006,0.76473516
1783532931.5021,74,right_handIndexStart_joint,-0.38198397,0.010419459,0.13362843,0.12555034,0.37330467,0.54443717,0.7405869
1783532931.5021,74,right_handIndex_1_joint,-0.3923008,-0.06187133,0.16705513,0.12555034,0.37330467,0.54443717,0.7405869
1783532931.5021,74,right_handIndex_2_joint,-0.39829856,-0.103901215,0.18648894,0.12555034,0.37330467,0.54443717,0.7405869
1783532931.5021,74,right_handIndex_3_joint,-0.401658,-0.127438,0.19737245,0.12555034,0.37330467,0.54443717,0.7405869
1783532931.5021,74,right_handIndexEnd_joint,-0.4040575,-0.14424972,0.20514634,0.12555034,0.37330467,0.54443717,0.7405869
1783532931.5021,74,right_handMidStart_joint,-0.39081737,0.0074321767,0.124886535,0.16184798,0.32252738,0.53447616,0.76427513
1783532931.5021,74,right_handMid_1_joint,-0.40758812,-0.06260667,0.14921078,0.16184798,0.32252738,0.53447616,0.76427513
1783532931.5021,74,right_handMid_2_joint,-0.41937315,-0.11182241,0.16630365,0.16184798,0.32252738,0.53447616,0.76427513
1783532931.5021,74,right_handMid_3_joint,-0.42617202,-0.14021635,0.17616485,0.16184798,0.32252738,0.53447616,0.76427513
1783532931.5021,74,right_handMidEnd_joint,-0.4307048,-0.1591452,0.18273905,0.16184798,0.32252738,0.53447616,0.76427513
1783532931.5021,74,right_handPinkyStart_joint,-0.40688622,0.004244952,0.10251156,0.22510354,0.23315811,0.5420203,0.7753577
1783532931.5021,74,right_handPinky_1_joint,-0.42617157,-0.05579419,0.10997544,0.22510354,0.23315811,0.5420203,0.7753577
1783532931.5021,74,right_handPinky_2_joint,-0.43808368,-0.0928778,0.11458598,0.22510354,0.23315811,0.5420203,0.7753577
1783532931.5021,74,right_handPinky_3_joint,-0.4443227,-0.112302385,0.117000446,0.22510354,0.23315811,0.5420203,0.7753577
1783532931.5021,74,right_handPinkyEnd_joint,-0.4499949,-0.12996086,0.1191956,0.22510354,0.23315811,0.5420203,0.7753577
1783532931.5021,74,right_handRingStart_joint,-0.39831555,0.0054485104,0.11459356,0.1944927,0.2787344,0.53880805,0.7708214
1783532931.5021,74,right_handRing_1_joint,-0.41675547,-0.060146816,0.12996939,0.1944927,0.2787344,0.53880805,0.7708214
1783532931.5021,74,right_handRing_2_joint,-0.4297716,-0.106449045,0.14082265,0.1944927,0.2787344,0.53880805,0.7708214
1783532931.5021,74,right_handRing_3_joint,-0.43790716,-0.13538823,0.14760636,0.1944927,0.2787344,0.53880805,0.7708214
1783532931.5021,74,right_handRingEnd_joint,-0.44333026,-0.15468168,0.15212832,0.1944927,0.2787344,0.53880805,0.7708214
1783532931.5021,74,right_handThumbStart_joint,-0.37212256,0.0077689267,0.1281519,0.37407765,0.83247316,0.14808436,0.38095337
1783532931.5021,74,right_handThumb_1_joint,-0.3490411,-0.031734645,0.15625873,0.37407765,0.83247316,0.14808434,0.38095337
1783532931.5021,74,right_handThumb_2_joint,-0.33254206,-0.059969243,0.17635047,0.37407765,0.83247316,0.14808434,0.38095337
1783532931.5021,74,right_handThumbEnd_joint,-0.32154253,-0.078792565,0.18974422,0.37407765,0.83247316,0.14808431,0.38095337
1783532931.5021,74,camera,0.112314865,0.07006925,-0.032935843,-0.07753776,-0.08118013,-0.69886786,0.7063861
1783532931.5358,75,root,-0.00020926057,0.020764565,-0.004187176,-0.06512762,-0.0027952935,-0.0065033427,0.99785185
1783532931.5358,75,hips_joint,-0.00020926057,0.020764565,-0.004187176,-0.06512762,-0.0027952935,-0.0065033427,0.99785185
1783532931.5358,75,left_upLeg_joint,0.09998284,-0.005143559,0.00065478234,0.609804,-0.36141008,0.6159225,-0.34374595
1783532931.5358,75,left_leg_joint,0.09157952,-0.36906752,0.21234956,-0.30153275,0.63301075,-0.3560454,0.6177435
1783532931.5358,75,left_foot_joint,0.06645417,-0.74480724,-0.04710703,0.6277372,-0.31236145,0.66123676,-0.26672527
1783532931.5358,75,left_toes_joint,0.056080434,-0.8558209,0.051781014,0.67556256,-0.1877213,0.69980484,-0.13656244
1783532931.5358,75,left_toesEnd_joint,0.053051915,-0.88280076,0.10602656,0.6755626,-0.18772107,0.6998048,-0.13656263
1783532931.5358,75,right_upLeg_joint,-0.101076946,-0.0026022242,-0.0006374201,0.35524628,0.5859578,0.40343708,0.60637623
1783532931.5358,75,right_leg_joint,-0.09593283,-0.38393912,0.17789884,0.61136764,0.3182117,0.6550031,0.30974516
1783532931.5358,75,right_foot_joint,-0.0682303,-0.7474324,-0.098207474,0.28503793,0.62752026,0.3246093,0.6477659
1783532931.5358,75,right_toes_joint,-0.0684828,-0.86342025,-0.004627361,0.1609343,0.67017055,0.19595034,0.69754946
1783532931.5358,75,right_toesEnd_joint,-0.069996245,-0.8930876,0.04826098,0.16093478,0.6701707,0.1959499,0.6975493
1783532931.5358,75,spine_1_joint,-0.00020928036,0.020764565,-0.004187176,0.4632695,0.53399706,0.4637063,0.5340458
1783532931.5358,75,spine_2_joint,-0.00022958408,0.077744775,-0.012285774,0.46839115,0.53154784,0.46917838,0.5271984
1783532931.5358,75,spine_3_joint,-0.00053709635,0.13487434,-0.019246466,0.48774487,0.5120345,0.48999578,0.50973505
1783532931.5358,75,spine_4_joint,-0.00077851425,0.18787658,-0.021581804,0.51936424,0.4779381,0.5209739,0.48002338
1783532931.5358,75,spine_5_joint,-0.00075613154,0.25811857,-0.016004484,0.56379175,0.42315117,0.563887,0.4302487
1783532931.5358,75,spine_6_joint,-0.00019920483,0.34827712,0.010022597,0.576799,0.40229273,0.5823556,0.4078305
1783532931.5358,75,spine_7_joint,-0.00041225567,0.44859192,0.047508534,0.56583405,0.4169588,0.576271,0.41699997
1783532931.5358,75,left_shoulder_1_joint,0.08766662,0.5578402,0.077716626,-0.5832303,0.033542573,-0.07054776,0.80854213
1783532931.5358,75,left_arm_joint,0.2309462,0.5356175,0.08178528,-0.3776223,0.37751454,-0.39790326,0.7460277
1783532931.5358,75,left_forearm_joint,0.3368917,0.30186608,0.011895132,-0.48368296,0.21423921,-0.5918915,0.6081257
1783532931.5358,75,left_hand_joint,0.39250413,0.05342104,0.095503755,0.75226593,-0.5273089,0.3437723,-0.19458163
1783532931.5358,75,left_handIndexStart_joint,0.3854986,0.03170424,0.11478606,0.72818,-0.5392443,0.39152,-0.16025542
1783532931.5358,75,left_handIndex_1_joint,0.3944818,-0.041444223,0.1466983,0.72818,-0.5392443,0.39152,-0.16025542
1783532931.5358,75,left_handIndex_2_joint,0.39970458,-0.083972394,0.16525193,0.72818,-0.5392443,0.39152,-0.16025542
1783532931.5358,75,left_handIndex_3_joint,0.40262935,-0.107788175,0.17564195,0.72818,-0.5392443,0.39152,-0.16025542
1783532931.5358,75,left_handIndexEnd_joint,0.40471846,-0.12479945,0.1830634,0.72818,-0.5392443,0.39152,-0.16025542
1783532931.5358,75,left_handMidStart_joint,0.39501223,0.029119313,0.10665063,0.7531242,-0.5269586,0.3415504,-0.19611752
1783532931.5358,75,left_handMid_1_joint,0.41107538,-0.041399565,0.13004558,0.7531242,-0.5269586,0.3415504,-0.19611752
1783532931.5358,75,left_handMid_2_joint,0.422363,-0.090953365,0.14648528,0.7531242,-0.5269586,0.3415504,-0.19611752
1783532931.5358,75,left_handMid_3_joint,0.42887512,-0.1195421,0.15596972,0.7531242,-0.5269586,0.3415504,-0.19611752
1783532931.5358,75,left_handMidEnd_joint,0.4332165,-0.13860126,0.16229269,0.7531242,-0.5269586,0.3415504,-0.19611752
1783532931.5358,75,left_handPinkyStart_joint,0.41276535,0.02686718,0.08546672,0.76664776,-0.5306509,0.25206822,-0.2590802
1783532931.5358,75,left_handPinky_1_joint,0.4324344,-0.033094395,0.0925492,0.76664776,-0.5306509,0.25206822,-0.2590802
1783532931.5358,75,left_handPinky_2_joint,0.44458297,-0.07012949,0.09692367,0.76664776,-0.5306509,0.25206822,-0.2590802
1783532931.5358,75,left_handPinky_3_joint,0.45094648,-0.089528814,0.09921507,0.76664776,-0.5306509,0.25206822,-0.2590802
1783532931.5358,75,left_handPinkyEnd_joint,0.45673153,-0.10716457,0.101298146,0.76664776,-0.5306509,0.25206822,-0.2590802
1783532931.5358,75,left_handRingStart_joint,0.40329334,0.027568059,0.09689778,0.7608452,-0.5293316,0.29772156,-0.22865841
1783532931.5358,75,left_handRing_1_joint,0.42161813,-0.038206343,0.111634195,0.7608452,-0.5293316,0.29772156,-0.22865841
1783532931.5358,75,left_handRing_2_joint,0.43455333,-0.08463533,0.12203637,0.7608452,-0.5293316,0.29772156,-0.22865841
1783532931.5358,75,left_handRing_3_joint,0.4426378,-0.113653444,0.12853773,0.7608452,-0.5293316,0.29772156,-0.22865841
1783532931.5358,75,left_handRingEnd_joint,0.4480275,-0.13299885,0.13287197,0.7608452,-0.5293316,0.29772156,-0.22865841
1783532931.5358,75,left_handThumbStart_joint,0.37612182,0.029085778,0.108503416,0.34465522,-0.14373375,0.8409245,-0.39166254
1783532931.5358,75,left_handThumb_1_joint,0.35165825,-0.0116068125,0.13358149,0.34465522,-0.14373375,0.8409245,-0.39166254
1783532931.5358,75,left_handThumb_2_joint,0.33417082,-0.0406917,0.151508,0.34465522,-0.14373374,0.8409245,-0.39166254
1783532931.5358,75,left_handThumbEnd_joint,0.32251257,-0.060081623,0.16345902,0.34465525,-0.14373371,0.8409245,-0.39166254
1783532931.5358,75,neck_1_joint,-0.0019361604,0.5782804,0.08192766,0.60679555,0.35257953,0.6199631,0.35090283
1783532931.5358,75,neck_2_joint,-0.0024561514,0.6041698,0.09707584,0.59682435,0.36664575,0.6143103,0.36331037
1783532931.5358,75,neck_3_joint,-0.003400656,0.6395305,0.11575018,0.5789808,0.39059567,0.6045353,0.38308433
1783532931.5358,75,neck_4_joint,-0.0048428834,0.67614925,0.13178083,0.56130236,0.41278428,0.5945817,0.40127504
1783532931.5358,75,head_joint,-0.007035118,0.71956444,0.14787206,0.5041181,0.47907338,0.54654264,0.46652415
1783532931.5358,75,jaw_joint,-0.0057587707,0.6942117,0.15024109,0.5041181,0.47907338,0.54654264,0.46652415
1783532931.5358,75,chin_joint,-0.0056299292,0.63399446,0.24444228,0.5041181,0.47907338,0.54654264,0.46652415
1783532931.5358,75,left_eye_joint,0.021016002,0.74451315,0.23841017,0.50827706,0.47465858,0.5505905,0.46173987
1783532931.5358,75,left_eyeLowerLid_joint,0.021016002,0.74451315,0.23841017,0.50827706,0.47465858,0.5505905,0.46173987
1783532931.5358,75,left_eyeUpperLid_joint,0.021016002,0.74451315,0.23841017,0.50827706,0.47465858,0.5505905,0.46173987
1783532931.5358,75,left_eyeball_joint,0.021016002,0.74451315,0.23841017,0.50827706,0.47465858,0.5505905,0.46173987
1783532931.5358,75,nose_joint,-0.009997598,0.70793873,0.2572159,0.50827956,0.4746559,0.55059296,0.46173704
1783532931.5358,75,right_eye_joint,-0.04349247,0.741068,0.23629613,0.50827706,0.47465858,0.5505905,0.46173987
1783532931.5358,75,right_eyeLowerLid_joint,-0.04349247,0.741068,0.23629613,0.50827706,0.47465858,0.5505905,0.46173987
1783532931.5358,75,right_eyeUpperLid_joint,-0.04349247,0.741068,0.23629613,0.50827706,0.47465858,0.5505905,0.46173987
1783532931.5358,75,right_eyeball_joint,-0.04349247,0.741068,0.23629613,0.50827706,0.47465858,0.5505905,0.46173987
1783532931.5358,75,right_shoulder_1_joint,-0.09104538,0.55629265,0.07557992,0.7939484,0.08964932,0.06214747,0.5981193
1783532931.5358,75,right_arm_joint,-0.23264259,0.5248609,0.07682128,0.71299434,0.4230894,0.35610947,0.4310689
1783532931.5358,75,right_forearm_joint,-0.3359416,0.28272432,0.038772874,0.59329253,0.57591414,0.20979467,0.5218361
1783532931.5358,75,right_hand_joint,-0.40256396,0.040926836,0.13313241,0.15977576,0.333688,0.51414335,0.77380925
1783532931.5358,75,right_handIndexStart_joint,-0.39813593,0.020458391,0.15281375,0.12429905,0.38574383,0.5243942,0.7488405
1783532931.5358,75,right_handIndex_1_joint,-0.41037712,-0.05031675,0.18874107,0.12429905,0.38574383,0.5243942,0.7488405
1783532931.5358,75,right_handIndex_2_joint,-0.4174936,-0.09146545,0.20962875,0.12429905,0.38574383,0.5243942,0.7488405
1783532931.5358,75,right_handIndex_3_joint,-0.42147958,-0.11450874,0.22132644,0.12429905,0.38574383,0.5243942,0.7488405
1783532931.5358,75,right_handIndexEnd_joint,-0.42432663,-0.13096796,0.2296819,0.12429905,0.38574383,0.5243942,0.7488405
1783532931.5358,75,right_handMidStart_joint,-0.40720966,0.017501395,0.14431098,0.15924294,0.3343814,0.51456076,0.7733421
1783532931.5358,75,right_handMid_1_joint,-0.4259728,-0.051091954,0.17116733,0.15924294,0.3343814,0.51456076,0.7733421
1783532931.5358,75,right_handMid_2_joint,-0.4391578,-0.099291936,0.19003952,0.15924294,0.3343814,0.51456076,0.7733421
1783532931.5358,75,right_handMid_3_joint,-0.4467644,-0.12709986,0.20092726,0.15924294,0.3343814,0.51456076,0.7733421
1783532931.5358,75,right_handMidEnd_joint,-0.45183563,-0.14563805,0.20818578,0.15924294,0.3343814,0.51456076,0.7733421
1783532931.5358,75,right_handPinkyStart_joint,-0.42374527,0.014158651,0.12230176,0.22081228,0.24415584,0.5228561,0.7862896
1783532931.5358,75,right_handPinky_1_joint,-0.4449557,-0.044900615,0.1320204,0.22081228,0.24415584,0.5228561,0.7862896
1783532931.5358,75,right_handPinky_2_joint,-0.4580569,-0.08137897,0.13802361,0.22081228,0.24415584,0.5228561,0.7862896
1783532931.5358,75,right_handPinky_3_joint,-0.46491876,-0.10048656,0.14116757,0.22081229,0.24415584,0.5228561,0.7862896
1783532931.5358,75,right_handPinkyEnd_joint,-0.47115716,-0.11785683,0.14402588,0.22081228,0.24415584,0.5228561,0.7862896
1783532931.5358,75,right_handRingStart_joint,-0.41494024,0.01545047,0.13420482,0.19104783,0.29015952,0.5192281,0.78083956
1783532931.5358,75,right_handRing_1_joint,-0.43536627,-0.04893385,0.15199895,0.19104783,0.29015952,0.5192281,0.78083956
1783532931.5358,75,right_handRing_2_joint,-0.44978434,-0.09438127,0.16455925,0.19104783,0.29015952,0.5192281,0.78083956
1783532931.5358,75,right_handRing_3_joint,-0.45879614,-0.12278616,0.17240988,0.19104783,0.29015952,0.5192281,0.78083956
1783532931.5358,75,right_handRingEnd_joint,-0.46480343,-0.14172347,0.17764312,0.19104783,0.29015952,0.5192281,0.78083956
1783532931.5358,75,right_handThumbStart_joint,-0.38846302,0.017290967,0.14727592,0.3833708,0.83117425,0.124963745,0.382832
1783532931.5358,75,right_handThumb_1_joint,-0.36629167,-0.022069266,0.17630151,0.3833708,0.83117425,0.124963745,0.382832
1783532931.5358,75,right_handThumb_2_joint,-0.3504431,-0.050201386,0.19704989,0.3833708,0.83117425,0.12496374,0.382832
1783532931.5358,75,right_handThumbEnd_joint,-0.33987725,-0.06895643,0.21088138,0.3833708,0.83117425,0.124963716,0.382832
1783532931.5358,75,camera,0.11258083,0.070208766,-0.032975815,-0.07741319,-0.08133166,-0.6989402,0.7063107
1783532931.5689,76,root,-0.0001660477,0.021297935,-0.0043955427,-0.07126358,-0.0028232129,-0.0077223205,0.99742365
1783532931.5689,76,hips_joint,-0.0001660477,0.021297935,-0.0043955427,-0.07126358,-0.0028232129,-0.0077223205,0.99742365
1783532931.5689,76,left_upLeg_joint,0.09996118,-0.0047959015,0.0007798314,0.61553085,-0.35251004,0.61961764,-0.3360543
1783532931.5689,76,left_leg_joint,0.09306412,-0.36290514,0.222221,-0.302747,0.6327984,-0.3568761,0.6168873
1783532931.5689,76,left_foot_joint,0.06764306,-0.73947895,-0.035994586,0.6285621,-0.31144542,0.66136265,-0.26553902
1783532931.5689,76,left_toes_joint,0.05739003,-0.85017395,0.06326257,0.67619884,-0.18666546,0.69970363,-0.1353738
1783532931.5689,76,left_toesEnd_joint,0.05442665,-0.87697905,0.117598236,0.67619884,-0.18666527,0.6997036,-0.135374
1783532931.5689,76,right_upLeg_joint,-0.101091556,-0.0017744255,-0.000574131,0.35544467,0.58550006,0.39678493,0.61107326
1783532931.5689,76,right_leg_joint,-0.100882165,-0.38124466,0.18196836,0.61683387,0.30880216,0.6547645,0.30893472
1783532931.5689,76,right_foot_joint,-0.07886156,-0.74046737,-0.10017261,0.29514372,0.6234839,0.32492125,0.6469808
1783532931.5689,76,right_toes_joint,-0.08055874,-0.85797447,-0.0085229585,0.17162198,0.6681229,0.19640547,0.69683766
1783532931.5689,76,right_toesEnd_joint,-0.082383,-0.88848966,0.04387084,0.17162243,0.6681229,0.19640496,0.6968376
1783532931.5689,76,spine_1_joint,-0.00016606748,0.021297935,-0.0043955427,0.46112052,0.5360085,0.46014297,0.53696513
1783532931.5689,76,spine_2_joint,-5.5164695e-05,0.0781884,-0.0131017435,0.4674982,0.53264105,0.46673438,0.5290543
1783532931.5689,76,spine_3_joint,-0.00023326813,0.13527353,-0.020422308,0.4885236,0.5117432,0.4892184,0.5100288
1783532931.5689,76,spine_4_joint,-0.00036225736,0.18827617,-0.022757659,0.52168787,0.47603482,0.5217905,0.47850552
1783532931.5689,76,spine_5_joint,-0.00020422875,0.25847983,-0.016719,0.56683993,0.4200115,0.56552315,0.4271613
1783532931.5689,76,spine_6_joint,0.00050336897,0.3483451,0.010299947,0.5800145,0.39882344,0.58431554,0.4038548
1783532931.5689,76,spine_7_joint,0.00039703428,0.44817084,0.049069796,0.5682592,0.41485026,0.5776626,0.41386852
1783532931.5689,76,left_shoulder_1_joint,0.088499956,0.5571707,0.080094524,-0.57671046,0.030087383,-0.062228028,0.81401956
1783532931.5689,76,left_arm_joint,0.23216374,0.537442,0.08340045,-0.37730297,0.3781465,-0.37969813,0.75529957
1783532931.5689,76,left_forearm_joint,0.34538597,0.3089801,0.0076726913,-0.48900676,0.20694417,-0.57891846,0.6187893
1783532931.5689,76,left_hand_joint,0.41078553,0.06275528,0.090765014,0.7629352,-0.5136754,0.3378018,-0.19989413
1783532931.5689,76,left_handIndexStart_joint,0.40470907,0.040776834,0.11006603,0.73922116,-0.5259884,0.38624913,-0.16643368
1783532931.5689,76,left_handIndex_1_joint,0.4166188,-0.03200165,0.14186601,0.73922116,-0.5259884,0.38624913,-0.16643368
1783532931.5689,76,left_handIndex_2_joint,0.42354304,-0.07431472,0.16035438,0.73922116,-0.5259884,0.38624913,-0.16643368
1783532931.5689,76,left_handIndex_3_joint,0.42742062,-0.09801004,0.17070787,0.73922116,-0.5259884,0.38624913,-0.16643368
1783532931.5689,76,left_handIndexEnd_joint,0.4301903,-0.11493527,0.17810321,0.73922116,-0.5259884,0.38624913,-0.16643368
1783532931.5689,76,left_handMidStart_joint,0.4142692,0.038558133,0.10187716,0.7637801,-0.51331234,0.3355492,-0.20138912
1783532931.5689,76,left_handMid_1_joint,0.43310833,-0.03131985,0.12512408,0.7637801,-0.51331234,0.3355492,-0.20138912
1783532931.5689,76,left_handMid_2_joint,0.4463466,-0.080423295,0.14145975,0.7637801,-0.51331234,0.3355492,-0.20138912
1783532931.5689,76,left_handMid_3_joint,0.4539841,-0.10875221,0.15088418,0.7637801,-0.51331234,0.3355492,-0.20138912
1783532931.5689,76,left_handMidEnd_joint,0.45907578,-0.12763815,0.15716712,0.7637801,-0.51331234,0.3355492,-0.20138912
1783532931.5689,76,left_handPinkyStart_joint,0.43197948,0.036991533,0.080595836,0.77710485,-0.5168848,0.24485713,-0.26264697
1783532931.5689,76,left_handPinky_1_joint,0.4539351,-0.022189798,0.087520204,0.77710485,-0.5168848,0.24485713,-0.26264697
1783532931.5689,76,left_handPinky_2_joint,0.46749592,-0.05874297,0.091797024,0.77710485,-0.5168848,0.24485713,-0.26264697
1783532931.5689,76,left_handPinky_3_joint,0.47459918,-0.07788987,0.094037265,0.77710485,-0.5168848,0.24485713,-0.26264697
1783532931.5689,76,left_handPinkyEnd_joint,0.4810567,-0.095296144,0.09607384,0.77710485,-0.5168848,0.24485713,-0.26264697
1783532931.5689,76,left_handRingStart_joint,0.42254993,0.037326925,0.09207843,0.77141356,-0.5156105,0.2910925,-0.23309356
1783532931.5689,76,left_handRing_1_joint,0.44342312,-0.027718877,0.10665885,0.77141356,-0.5156105,0.2910925,-0.23309356
1783532931.5689,76,left_handRing_2_joint,0.45815712,-0.07363357,0.11695092,0.77141356,-0.5156105,0.2910925,-0.23309356
1783532931.5689,76,left_handRing_3_joint,0.46736586,-0.102330245,0.123383455,0.77141356,-0.5156105,0.2910925,-0.23309356
1783532931.5689,76,left_handRingEnd_joint,0.47350505,-0.12146136,0.12767181,0.77141356,-0.5156105,0.2910925,-0.23309356
1783532931.5689,76,left_handThumbStart_joint,0.3954038,0.037810557,0.103831805,0.34943008,-0.13858448,0.8323937,-0.40720248
1783532931.5689,76,left_handThumb_1_joint,0.37262943,-0.003792777,0.12900624,0.34943008,-0.13858448,0.8323937,-0.40720248
1783532931.5689,76,left_handThumb_2_joint,0.35634938,-0.033528697,0.14700165,0.34943008,-0.13858448,0.8323937,-0.40720248
1783532931.5689,76,left_handThumbEnd_joint,0.34549597,-0.053352647,0.1589986,0.34943008,-0.13858445,0.8323937,-0.40720248
1783532931.5689,76,neck_1_joint,-0.0011011213,0.5775382,0.08467819,0.60856396,0.35137135,0.6197778,0.34937662
1783532931.5689,76,neck_2_joint,-0.0015563052,0.60336024,0.099943,0.5982827,0.36638618,0.61308175,0.36324954
1783532931.5689,76,neck_3_joint,-0.0023649542,0.6387126,0.11863952,0.5802863,0.39095744,0.6024003,0.3841024
1783532931.5689,76,neck_4_joint,-0.003623666,0.6753726,0.13459128,0.56257814,0.41343895,0.5918458,0.40285638
1783532931.5689,76,head_joint,-0.0055639977,0.71885747,0.15052578,0.5053249,0.47988656,0.54364693,0.4677651
1783532931.5689,76,jaw_joint,-0.0043898458,0.6935085,0.15298618,0.5053249,0.47988656,0.54364693,0.4677651
1783532931.5689,76,chin_joint,-0.004165627,0.6336477,0.24741419,0.5053249,0.47988656,0.54364693,0.4677651
1783532931.5689,76,left_eye_joint,0.022941649,0.7440245,0.2408613,0.50949085,0.47546124,0.5477058,0.46300593
1783532931.5689,76,left_eyeLowerLid_joint,0.022941649,0.7440245,0.2408613,0.50949085,0.47546124,0.5477058,0.46300593
1783532931.5689,76,left_eyeUpperLid_joint,0.022941649,0.7440245,0.2408613,0.50949085,0.47546124,0.5477058,0.46300593
1783532931.5689,76,left_eyeball_joint,0.022941649,0.7440245,0.2408613,0.50949085,0.47546124,0.5477058,0.46300593
1783532931.5689,76,nose_joint,-0.008160108,0.7076583,0.25992346,0.50949347,0.4754586,0.5477082,0.46300313
1783532931.5689,76,right_eye_joint,-0.041588936,0.7408554,0.23900554,0.50949085,0.47546124,0.5477058,0.46300593
1783532931.5689,76,right_eyeLowerLid_joint,-0.041588936,0.7408554,0.23900554,0.50949085,0.47546124,0.5477058,0.46300593
1783532931.5689,76,right_eyeUpperLid_joint,-0.041588936,0.7408554,0.23900554,0.50949085,0.47546124,0.5477058,0.46300593
1783532931.5689,76,right_eyeball_joint,-0.041588936,0.7408554,0.23900554,0.50949085,0.47546124,0.5477058,0.46300593
1783532931.5689,76,right_shoulder_1_joint,-0.090215586,0.55557644,0.07831395,0.7968068,0.08483986,0.057532676,0.59547585
1783532931.5689,76,right_arm_joint,-0.23221649,0.52602696,0.079670936,0.7197525,0.41299728,0.3499178,0.43468088
1783532931.5689,76,right_forearm_joint,-0.34232977,0.28698102,0.041192234,0.5989023,0.56900555,0.19861542,0.52735275
1783532931.5689,76,right_hand_joint,-0.41563833,0.04820894,0.13825949,0.16093576,0.3348983,0.5010573,0.78159106
1783532931.5689,76,right_handIndexStart_joint,-0.41175464,0.027832575,0.1581502,0.12635243,0.38748515,0.5114234,0.7565293
1783532931.5689,76,right_handIndex_1_joint,-0.42593753,-0.042176608,0.1948558,0.12635243,0.38748515,0.5114234,0.7565293
1783532931.5689,76,right_handIndex_2_joint,-0.434183,-0.08288,0.21619596,0.12635243,0.38748515,0.5114234,0.7565293
1783532931.5689,76,right_handIndex_3_joint,-0.43880117,-0.10567388,0.22814704,0.12635243,0.38748515,0.5114234,0.7565293
1783532931.5689,76,right_handIndexEnd_joint,-0.44209975,-0.12195497,0.23668347,0.12635243,0.38748515,0.5114234,0.7565293
1783532931.5689,76,right_handMidStart_joint,-0.42092803,0.025046455,0.14969681,0.16041586,0.33560103,0.50147825,0.7811264
1783532931.5689,76,right_handMid_1_joint,-0.44158778,-0.042691603,0.17732103,0.16041586,0.33560103,0.50147825,0.7811264
1783532931.5689,76,right_handMid_2_joint,-0.45610556,-0.09029056,0.19673279,0.16041586,0.33560103,0.50147825,0.7811264
1783532931.5689,76,right_handMid_3_joint,-0.46448103,-0.117751755,0.2079318,0.16041586,0.33560103,0.50147825,0.7811264
1783532931.5689,76,right_handMidEnd_joint,-0.47006485,-0.13605878,0.21539786,0.16041586,0.33560103,0.50147825,0.7811264
1783532931.5689,76,right_handPinkyStart_joint,-0.4376011,0.021944854,0.12775609,0.22062536,0.24456188,0.5100054,0.7946122
1783532931.5689,76,right_handPinky_1_joint,-0.46047202,-0.03637579,0.13814627,0.22062536,0.24456188,0.5100054,0.7946122
1783532931.5689,76,right_handPinky_2_joint,-0.47459882,-0.07239791,0.14456426,0.22062536,0.24456188,0.5100054,0.7946122
1783532931.5689,76,right_handPinky_3_joint,-0.48199794,-0.09126655,0.14792547,0.22062537,0.24456191,0.5100054,0.7946122
1783532931.5689,76,right_handPinkyEnd_joint,-0.4887247,-0.108419575,0.15098129,0.22062536,0.24456188,0.5100054,0.7946122
1783532931.5689,76,right_handRingStart_joint,-0.42873645,0.023110446,0.13962789,0.19154851,0.29096144,0.5062409,0.78890485
1783532931.5689,76,right_handRing_1_joint,-0.4509579,-0.040469322,0.15814856,0.19154851,0.29096144,0.5062409,0.78890485
1783532931.5689,76,right_handRing_2_joint,-0.46664333,-0.08534883,0.17122169,0.19154851,0.29096144,0.5062409,0.78890485
1783532931.5689,76,right_handRing_3_joint,-0.4764472,-0.11339876,0.17939284,0.19154851,0.29096144,0.5062409,0.78890485
1783532931.5689,76,right_handRingEnd_joint,-0.48298258,-0.13209945,0.1848398,0.19154851,0.29096144,0.5062409,0.78890485
1783532931.5689,76,right_handThumbStart_joint,-0.40218863,0.024330596,0.15262818,0.3933149,0.8266465,0.11463895,0.3857682
1783532931.5689,76,right_handThumb_1_joint,-0.38108912,-0.015337655,0.18203098,0.3933149,0.8266465,0.11463895,0.3857682
1783532931.5689,76,right_handThumb_2_joint,-0.3660066,-0.043689955,0.20304893,0.39331496,0.8266465,0.11463893,0.3857682
1783532931.5689,76,right_handThumbEnd_joint,-0.3559515,-0.06259179,0.21706016,0.39331496,0.8266465,0.114638895,0.3857682
1783532931.5689,76,camera,0.112786084,0.07036289,-0.03289931,-0.07716437,-0.081153825,-0.69888866,0.7064095
1783532931.6025,77,root,-0.0002304382,0.021063779,-0.0049258214,-0.0723102,-0.004021508,-0.008869786,0.9973347
1783532931.6025,77,hips_joint,-0.0002304382,0.021063779,-0.0049258214,-0.0723102,-0.004021508,-0.008869786,0.9973347
1783532931.6025,77,left_upLeg_joint,0.09982757,-0.005231547,0.00055895536,0.61655515,-0.34794083,0.62502325,-0.32885134
1783532931.6025,77,left_leg_joint,0.08995956,-0.35901058,0.22874554,-0.30303144,0.6314681,-0.36468545,0.61353475
1783532931.6025,77,left_foot_joint,0.06092304,-0.7386682,-0.02452608,0.6279657,-0.3102229,0.6654427,-0.25808412
1783532931.6025,77,left_toes_joint,0.04928295,-0.8479233,0.07616328,0.67538154,-0.18557818,0.70229673,-0.12728067
1783532931.6025,77,left_toesEnd_joint,0.04592758,-0.87397385,0.13084212,0.67538154,-0.18557796,0.7022967,-0.12728089
1783532931.6025,77,right_upLeg_joint,-0.101214185,-0.0017861485,-0.0013121566,0.3635963,0.5785716,0.39703646,0.6127109
1783532931.6025,77,right_leg_joint,-0.10762906,-0.3838314,0.17566165,0.6222154,0.2969885,0.65459454,0.31008342
1783532931.6025,77,right_foot_joint,-0.09235757,-0.73849076,-0.1126313,0.30666542,0.6175028,0.32407904,0.6477803
1783532931.6025,77,right_toes_joint,-0.09643003,-0.85750717,-0.02302676,0.18406841,0.66443384,0.19542697,0.697463
1783532931.6025,77,right_toesEnd_joint,-0.09889718,-0.88888097,0.028830856,0.18406889,0.66443396,0.1954265,0.69746286
1783532931.6025,77,spine_1_joint,-0.00023045798,0.021063779,-0.004925822,0.46016848,0.5362141,0.45980516,0.53786516
1783532931.6025,77,spine_2_joint,-0.00010916492,0.07793315,-0.013768601,0.4666155,0.5333658,0.466848,0.5290033
1783532931.6025,77,spine_3_joint,-0.000388396,0.13500726,-0.0211715,0.48820102,0.5125116,0.49005565,0.50876117
1783532931.6025,77,spine_4_joint,-0.0006878831,0.18801159,-0.023452882,0.5220504,0.47666022,0.5231497,0.47599745
1783532931.6025,77,spine_5_joint,-0.00081449293,0.2581931,-0.017161181,0.56765056,0.42075595,0.5666575,0.4238362
1783532931.6025,77,spine_6_joint,-0.0004630067,0.34793648,0.010266827,0.5812001,0.3998169,0.58488816,0.4003239
1783532931.6025,77,spine_7_joint,-0.00087848445,0.4475914,0.049471624,0.5693888,0.41685542,0.5768828,0.41138148
1783532931.6025,77,left_shoulder_1_joint,0.08701704,0.5568808,0.08006298,-0.57294506,0.030501788,-0.05604736,0.8171063
1783532931.6025,77,left_arm_joint,0.23088561,0.5385254,0.082148455,-0.37628335,0.38298318,-0.36805975,0.75912255
1783532931.6025,77,left_forearm_joint,0.34677905,0.3132282,0.001162815,-0.4920771,0.20846097,-0.5695397,0.624523
1783532931.6025,77,left_hand_joint,0.4176135,0.06762298,0.08159076,0.76883787,-0.5092425,0.3293988,-0.20262545
1783532931.6025,77,left_handIndexStart_joint,0.4121712,0.045397308,0.10079764,0.74565727,-0.5217443,0.37824374,-0.16944046
1783532931.6025,77,left_handIndex_1_joint,0.42577815,-0.027385278,0.13189961,0.74565727,-0.5217443,0.37824374,-0.16944046
1783532931.6025,77,left_handIndex_2_joint,0.43368918,-0.06970073,0.14998214,0.74565727,-0.5217443,0.37824374,-0.16944046
1783532931.6025,77,left_handIndex_3_joint,0.43811935,-0.093397394,0.16010837,0.74565727,-0.5217443,0.37824374,-0.16944046
1783532931.6025,77,left_handIndexEnd_joint,0.44128376,-0.11032358,0.16734138,0.74565727,-0.5217443,0.37824374,-0.16944046
1783532931.6025,77,left_handMidStart_joint,0.42166823,0.04341191,0.092476554,0.7696601,-0.5088725,0.3271291,-0.2041054
1783532931.6025,77,left_handMid_1_joint,0.44204563,-0.02628272,0.11496397,0.7696601,-0.5088725,0.3271291,-0.2041054
1783532931.6025,77,left_handMid_2_joint,0.45636484,-0.07525732,0.13076593,0.7696601,-0.5088725,0.3271291,-0.2041054
1783532931.6025,77,left_handMid_3_joint,0.46462595,-0.1035119,0.13988245,0.7696601,-0.5088725,0.3271291,-0.2041054
1783532931.6025,77,left_handMidEnd_joint,0.47013336,-0.122348286,0.14596012,0.7696601,-0.5088725,0.3271291,-0.2041054
1783532931.6025,77,left_handPinkyStart_joint,0.43914077,0.04232186,0.07097016,0.7822335,-0.5123617,0.23579589,-0.26456928
1783532931.6025,77,left_handPinky_1_joint,0.4622408,-0.01650209,0.07717962,0.7822335,-0.5123617,0.23579589,-0.26456928
1783532931.6025,77,left_handPinky_2_joint,0.47650844,-0.05283453,0.08101487,0.7822335,-0.5123617,0.23579589,-0.26456928
1783532931.6025,77,left_handPinky_3_joint,0.48398197,-0.071865804,0.08302382,0.7822335,-0.5123617,0.23579589,-0.26456928
1783532931.6025,77,left_handPinkyEnd_joint,0.4907761,-0.08916696,0.08485012,0.7822335,-0.5123617,0.23579589,-0.26456928
1783532931.6025,77,left_handRingStart_joint,0.42984867,0.04240251,0.08256882,0.77692384,-0.51113003,0.28233412,-0.23542123
1783532931.6025,77,left_handRing_1_joint,0.4520661,-0.02236053,0.096402384,0.77692384,-0.51113003,0.28233412,-0.23542123
1783532931.6025,77,left_handRing_2_joint,0.467749,-0.06807561,0.10616726,0.77692384,-0.51113003,0.28233412,-0.23542123
1783532931.6025,77,left_handRing_3_joint,0.47755083,-0.09664754,0.112270296,0.77692384,-0.51113003,0.28233412,-0.23542123
1783532931.6025,77,left_handRingEnd_joint,0.48408538,-0.115695484,0.11633899,0.77692384,-0.51113003,0.28233412,-0.23542123
1783532931.6025,77,left_handThumbStart_joint,0.40284485,0.042309113,0.09465483,0.3542312,-0.14101395,0.8260141,-0.41513404
1783532931.6025,77,left_handThumb_1_joint,0.3811337,0.000117344855,0.11978936,0.3542312,-0.14101395,0.8260141,-0.41513404
1783532931.6025,77,left_handThumb_2_joint,0.36561367,-0.03003921,0.13775627,0.3542312,-0.14101394,0.8260141,-0.41513404
1783532931.6025,77,left_handThumbEnd_joint,0.35526696,-0.050143585,0.14973421,0.3542312,-0.14101392,0.8260141,-0.41513404
1783532931.6025,77,neck_1_joint,-0.002627428,0.57692444,0.08519285,0.6093628,0.3544549,0.61770695,0.34853613
1783532931.6025,77,neck_2_joint,-0.0030594447,0.60280156,0.10036489,0.59857124,0.3704383,0.6101143,0.36366072
1783532931.6025,77,neck_3_joint,-0.0038165716,0.6382902,0.11880354,0.58023256,0.39550993,0.5987654,0.3852048
1783532931.6025,77,neck_4_joint,-0.0050124214,0.675101,0.1344092,0.5623504,0.41812608,0.5878989,0.40411437
1783532931.6025,77,head_joint,-0.006878762,0.718748,0.1499033,0.5045676,0.48452306,0.5395786,0.46851346
1783532931.6025,77,jaw_joint,-0.0056666303,0.69342697,0.15261923,0.5045676,0.48452306,0.5395786,0.46851346
1783532931.6025,77,chin_joint,-0.0047409413,0.63455284,0.24766135,0.5045676,0.48452306,0.5395786,0.46851346
1783532931.6025,77,left_eye_joint,0.022228925,0.7448759,0.23977284,0.5087741,0.48010418,0.54364413,0.46378982
1783532931.6025,77,left_eyeLowerLid_joint,0.022228925,0.7448759,0.23977284,0.5087741,0.48010418,0.54364413,0.46378982
1783532931.6025,77,left_eyeUpperLid_joint,0.022228925,0.7448759,0.23977284,0.5087741,0.48010418,0.54364413,0.46378982
1783532931.6025,77,left_eyeball_joint,0.022228925,0.7448759,0.23977284,0.5087741,0.48010418,0.54364413,0.46378982
1783532931.6025,77,nose_joint,-0.008710338,0.7086866,0.25942695,0.5087766,0.48010156,0.5436466,0.46378702
1783532931.6025,77,right_eye_joint,-0.042310312,0.7416388,0.23839621,0.5087741,0.48010418,0.54364413,0.46378982
1783532931.6025,77,right_eyeLowerLid_joint,-0.042310312,0.7416388,0.23839621,0.5087741,0.48010418,0.54364413,0.46378982
1783532931.6025,77,right_eyeUpperLid_joint,-0.042310312,0.7416388,0.23839621,0.5087741,0.48010418,0.54364413,0.46378982
1783532931.6025,77,right_eyeball_joint,-0.042310312,0.7416388,0.23839621,0.5087741,0.48010418,0.54364413,0.46378982
1783532931.6025,77,right_shoulder_1_joint,-0.0916991,0.5546496,0.07933792,0.7966541,0.08515812,0.052084666,0.5961359
1783532931.6025,77,right_arm_joint,-0.23385753,0.52596146,0.08202782,0.72301,0.41069785,0.3415278,0.43811288
1783532931.6025,77,right_forearm_joint,-0.34806448,0.28840077,0.046387844,0.5997629,0.5686865,0.1875153,0.53077173
1783532931.6025,77,right_hand_joint,-0.42386472,0.052262478,0.14788334,0.15956551,0.34132367,0.49200037,0.7848394
1783532931.6025,77,right_handIndexStart_joint,-0.42008463,0.032145195,0.16805574,0.12560923,0.3941198,0.5022966,0.75933534
1783532931.6025,77,right_handIndex_1_joint,-0.43492067,-0.03706895,0.20599037,0.12560923,0.3941198,0.5022966,0.75933534
1783532931.6025,77,right_handIndex_2_joint,-0.44354588,-0.07731012,0.22804508,0.12560923,0.3941198,0.5022966,0.75933534
1783532931.6025,77,right_handIndex_3_joint,-0.4483767,-0.09984514,0.24039632,0.12560923,0.3941198,0.5022966,0.75933534
1783532931.6025,77,right_handIndexEnd_joint,-0.45182717,-0.11594133,0.24921857,0.12560923,0.3941198,0.5022966,0.75933534
1783532931.6025,77,right_handMidStart_joint,-0.42937717,0.029360646,0.15973295,0.15905632,0.3420312,0.4924216,0.78437036
1783532931.6025,77,right_handMid_1_joint,-0.450743,-0.037630863,0.18861213,0.15905632,0.3420312,0.4924216,0.78437036
1783532931.6025,77,right_handMid_2_joint,-0.4657569,-0.08470522,0.20890576,0.15905632,0.3420312,0.4924216,0.78437036
1783532931.6025,77,right_handMid_3_joint,-0.47441864,-0.111863755,0.22061354,0.15905632,0.3420312,0.4924216,0.78437036
1783532931.6025,77,right_handMidEnd_joint,-0.48019323,-0.12996899,0.22841877,0.15905632,0.3420312,0.4924216,0.78437036
1783532931.6025,77,right_handPinkyStart_joint,-0.4463012,0.02615871,0.13799977,0.21853931,0.25069425,0.5012818,0.7988177
1783532931.6025,77,right_handPinky_1_joint,-0.46990684,-0.031654723,0.14951995,0.21853931,0.25069425,0.5012818,0.7988177
1783532931.6025,77,right_handPinky_2_joint,-0.4844874,-0.067363545,0.1566359,0.21853931,0.25069425,0.5012818,0.7988177
1783532931.6025,77,right_handPinky_3_joint,-0.4921242,-0.0860681,0.16036268,0.21853931,0.25069425,0.5012818,0.7988177
1783532931.6025,77,right_handPinkyEnd_joint,-0.49906707,-0.10307196,0.16375086,0.21853931,0.25069425,0.5012818,0.7988177
1783532931.6025,77,right_handRingStart_joint,-0.4373081,0.027380982,0.1497688,0.18982622,0.29724404,0.4973315,0.7926371
1783532931.6025,77,right_handRing_1_joint,-0.46026245,-0.035572767,0.16949496,0.18982622,0.29724404,0.4973315,0.7926371
1783532931.6025,77,right_handRing_2_joint,-0.47646517,-0.0800104,0.18341899,0.18982622,0.29724404,0.4973315,0.7926371
1783532931.6025,77,right_handRing_3_joint,-0.48659238,-0.10778414,0.19212198,0.18982622,0.29724404,0.4973315,0.7926371
1783532931.6025,77,right_handRingEnd_joint,-0.4933433,-0.12630071,0.19792348,0.18982622,0.29724404,0.4973315,0.7926371
1783532931.6025,77,right_handThumbStart_joint,-0.4106229,0.02841903,0.16250092,0.39676374,0.8264678,0.1035116,0.38576555
1783532931.6025,77,right_handThumb_1_joint,-0.38981587,-0.011086762,0.19232778,0.39676374,0.8264678,0.1035116,0.38576555
1783532931.6025,77,right_handThumb_2_joint,-0.37494236,-0.03932294,0.21364883,0.39676374,0.8264678,0.10351159,0.38576555
1783532931.6025,77,right_handThumbEnd_joint,-0.36502653,-0.058147367,0.22786212,0.3967638,0.8264678,0.10351157,0.38576555
1783532931.6025,77,camera,0.113303274,0.070545785,-0.032536477,-0.07692116,-0.08083913,-0.69889337,0.70646745
1783532931.6355,78,root,-0.0002627913,0.0211612,-0.005085516,-0.07382877,-0.0042986493,-0.009679996,0.99721473
1783532931.6355,78,hips_joint,-0.0002627913,0.0211612,-0.005085516,-0.07382877,-0.0042986493,-0.009679996,0.99721473
1783532931.6355,78,left_upLeg_joint,0.09974971,-0.0052762986,0.0005439651,0.61686087,-0.34495047,0.63014376,-0.32157537
1783532931.6355,78,left_leg_joint,0.08621383,-0.35514817,0.23449369,-0.30410248,0.6300139,-0.37448743,0.6085749
1783532931.6355,78,left_foot_joint,0.052228346,-0.73882157,-0.012020339,0.6279119,-0.3084175,0.67010033,-0.24813476
1783532931.6355,78,left_toes_joint,0.039067104,-0.84610486,0.09058355,0.67498654,-0.18381573,0.7049842,-0.11662894
1783532931.6355,78,left_toesEnd_joint,0.035331912,-0.87113273,0.14571357,0.67498666,-0.18381552,0.70498407,-0.116629146
1783532931.6355,78,right_upLeg_joint,-0.101285085,-0.0015170859,-0.0014675846,0.36884138,0.5739904,0.39580318,0.6146796
1783532931.6355,78,right_leg_joint,-0.1129703,-0.38471487,0.17272311,0.62572265,0.28914332,0.6536597,0.31240425
1783532931.6355,78,right_foot_joint,-0.10302295,-0.7369595,-0.118745916,0.31426433,0.6134898,0.32191202,0.64903075
1783532931.6355,78,right_toes_joint,-0.10898508,-0.8567002,-0.030218562,0.19229019,0.66193384,0.19306222,0.69828016
1783532931.6355,78,right_toesEnd_joint,-0.11196598,-0.8884975,0.021353373,0.19229068,0.661934,0.19306178,0.69828
1783532931.6355,78,spine_1_joint,-0.00026281108,0.0211612,-0.005085516,0.45924115,0.5371506,0.45949575,0.5379875
1783532931.6355,78,spine_2_joint,-0.00022449245,0.07801016,-0.014059273,0.46567416,0.5347595,0.46731278,0.5280137
1783532931.6355,78,spine_3_joint,-0.00072509516,0.13507627,-0.021511778,0.48756152,0.51403874,0.49128786,0.50664014
1783532931.6355,78,spine_4_joint,-0.0013192487,0.18808079,-0.023729403,0.52189434,0.47811514,0.52483296,0.4728455
1783532931.6355,78,spine_5_joint,-0.0018908953,0.25823933,-0.01721057,0.56793326,0.42226517,0.56800205,0.4201402
1783532931.6355,78,spine_6_joint,-0.002061813,0.34787682,0.010563054,0.58192986,0.40139124,0.5854149,0.39690357
1783532931.6355,78,spine_7_joint,-0.002875087,0.44740465,0.050083127,0.5706336,0.41872382,0.5758853,0.40915072
1783532931.6355,78,left_shoulder_1_joint,0.08489062,0.5569262,0.08021335,-0.5709625,0.03131819,-0.05282903,0.81867594
1783532931.6355,78,left_arm_joint,0.2288462,0.539192,0.08152574,-0.3756966,0.38563147,-0.36301023,0.7605026
1783532931.6355,78,left_forearm_joint,0.34562057,0.31525767,-0.0019365501,-0.49378544,0.20949663,-0.56607455,0.6259767
1783532931.6355,78,left_hand_joint,0.418332,0.06990631,0.077586,0.77107716,-0.5079843,0.32600814,-0.20275818
1783532931.6355,78,left_handIndexStart_joint,0.41313213,0.047613543,0.09678228,0.7481117,-0.5204984,0.37500495,-0.16965212
1783532931.6355,78,left_handIndex_1_joint,0.4273395,-0.025149627,0.12766038,0.7481117,-0.5204984,0.37500495,-0.16965212
1783532931.6355,78,left_handIndex_2_joint,0.43559963,-0.067453794,0.14561278,0.7481117,-0.5204984,0.37500495,-0.16965212
1783532931.6355,78,left_handIndex_3_joint,0.44022527,-0.09114413,0.15566611,0.7481117,-0.5204984,0.37500495,-0.16965212
1783532931.6355,78,left_handIndexEnd_joint,0.44352934,-0.10806579,0.16284706,0.7481117,-0.5204984,0.37500495,-0.16965212
1783532931.6355,78,left_handMidStart_joint,0.42258975,0.045697995,0.08840018,0.77189004,-0.5076142,0.32373205,-0.20423357
1783532931.6355,78,left_handMid_1_joint,0.4434977,-0.023922395,0.110629,0.77189004,-0.5076142,0.32373205,-0.20423357
1783532931.6355,78,left_handMid_2_joint,0.45818976,-0.072844826,0.12624925,0.77189004,-0.5076142,0.32373205,-0.20423357
1783532931.6355,78,left_handMid_3_joint,0.46666595,-0.1010693,0.13526094,0.77189004,-0.5076142,0.32373205,-0.20423357
1783532931.6355,78,left_handMidEnd_joint,0.47231674,-0.11988562,0.14126873,0.77189004,-0.5076142,0.32373205,-0.20423357
1783532931.6355,78,left_handPinkyStart_joint,0.43993777,0.044748202,0.0667866,0.7841391,-0.5111627,0.23218675,-0.26443917
1783532931.6355,78,left_handPinky_1_joint,0.4634081,-0.013955245,0.072742425,0.7841391,-0.5111627,0.23218675,-0.26443917
1783532931.6355,78,left_handPinky_2_joint,0.4779045,-0.050213255,0.07642102,0.7841391,-0.5111627,0.23218675,-0.26443917
1783532931.6355,78,left_handPinky_3_joint,0.48549783,-0.069205545,0.07834791,0.7841391,-0.5111627,0.23218675,-0.26443917
1783532931.6355,78,left_handPinkyEnd_joint,0.49240088,-0.08647126,0.08009962,0.7841391,-0.5111627,0.23218675,-0.26443917
1783532931.6355,78,left_handRingStart_joint,0.43071568,0.04475395,0.078441285,0.7789946,-0.50990283,0.27882457,-0.23542215
1783532931.6355,78,left_handRing_1_joint,0.45338333,-0.019907998,0.09201489,0.7789946,-0.50990283,0.27882457,-0.23542215
1783532931.6355,78,left_handRing_2_joint,0.46938404,-0.065551735,0.10159625,0.7789946,-0.50990283,0.27882457,-0.23542215
1783532931.6355,78,left_handRing_3_joint,0.47938445,-0.09407906,0.107584596,0.7789946,-0.50990283,0.27882457,-0.23542215
1783532931.6355,78,left_handRingEnd_joint,0.4860514,-0.11309728,0.11157683,0.7789946,-0.50990283,0.27882457,-0.23542215
1783532931.6355,78,left_handThumbStart_joint,0.40378642,0.044484098,0.09068993,0.35672557,-0.14205512,0.8236224,-0.41738892
1783532931.6355,78,left_handThumb_1_joint,0.3824674,0.0021218634,0.11587328,0.35672557,-0.14205512,0.8236224,-0.41738892
1783532931.6355,78,left_handThumb_2_joint,0.36722755,-0.028156547,0.1338751,0.35672563,-0.1420551,0.8236224,-0.41738892
1783532931.6355,78,left_handThumbEnd_joint,0.35706767,-0.04834216,0.1458763,0.35672557,-0.14205508,0.8236224,-0.41738892
1783532931.6355,78,neck_1_joint,-0.004778211,0.5767119,0.08588988,0.61069876,0.3564606,0.61620474,0.34680662
1783532931.6355,78,neck_2_joint,-0.0051845573,0.6025955,0.101051435,0.59983414,0.37250435,0.60866094,0.3619002
1783532931.6355,78,neck_3_joint,-0.005922773,0.6380927,0.11947433,0.5814219,0.39761406,0.5973891,0.38337755
1783532931.6355,78,neck_4_joint,-0.0071204305,0.6749093,0.13506623,0.5634717,0.4202611,0.5865954,0.4022274
1783532931.6355,78,head_joint,-0.009007222,0.71856016,0.15054677,0.50543636,0.4867639,0.538517,0.4664709
1783532931.6355,78,jaw_joint,-0.0077119875,0.693244,0.15326954,0.50543636,0.4867639,0.538517,0.4664709
1783532931.6355,78,chin_joint,-0.006052909,0.6344276,0.24833743,0.50543636,0.4867639,0.538517,0.4664709
1783532931.6355,78,left_eye_joint,0.020578166,0.7448166,0.24022266,0.5096624,0.48233742,0.5425647,0.46175665
1783532931.6355,78,left_eyeLowerLid_joint,0.020578166,0.7448166,0.24022266,0.5096624,0.48233742,0.5425647,0.46175665
1783532931.6355,78,left_eyeUpperLid_joint,0.020578166,0.7448166,0.24022266,0.5096624,0.48233742,0.5425647,0.46175665
1783532931.6355,78,left_eyeball_joint,0.020578166,0.7448166,0.24022266,0.5096624,0.48233742,0.5425647,0.46175665
1783532931.6355,78,nose_joint,-0.010145587,0.70855755,0.26008517,0.5096649,0.48233464,0.5425671,0.46175376
1783532931.6355,78,right_eye_joint,-0.0439595,0.74140906,0.23924083,0.5096624,0.48233742,0.5425647,0.46175665
1783532931.6355,78,right_eyeLowerLid_joint,-0.0439595,0.74140906,0.23924083,0.5096624,0.48233742,0.5425647,0.46175665
1783532931.6355,78,right_eyeUpperLid_joint,-0.0439595,0.74140906,0.23924083,0.5096624,0.48233742,0.5425647,0.46175665
1783532931.6355,78,right_eyeball_joint,-0.0439595,0.74140906,0.23924083,0.5096624,0.48233742,0.5425647,0.46175665
1783532931.6355,78,right_shoulder_1_joint,-0.093819566,0.55418706,0.080553606,0.7961663,0.08667801,0.045288865,0.5971228
1783532931.6355,78,right_arm_joint,-0.2360942,0.52632225,0.085108146,0.7255593,0.41249612,0.33159328,0.43983763
1783532931.6355,78,right_forearm_joint,-0.35307106,0.2895216,0.053637072,0.59695995,0.57551736,0.1763638,0.53039175
1783532931.6355,78,right_hand_joint,-0.4268572,0.055260316,0.16080798,0.1575555,0.35349017,0.48720527,0.7828491
1783532931.6355,78,right_handIndexStart_joint,-0.42267695,0.03550261,0.18125495,0.12394013,0.40612325,0.49737537,0.75651914
1783532931.6355,78,right_handIndex_1_joint,-0.43676037,-0.033019625,0.22070251,0.12394013,0.40612325,0.49737537,0.75651914
1783532931.6355,78,right_handIndex_2_joint,-0.44494796,-0.07285853,0.24363683,0.12394013,0.40612325,0.49737537,0.75651914
1783532931.6355,78,right_handIndex_3_joint,-0.44953373,-0.09516826,0.25648066,0.12394013,0.40612325,0.49737537,0.75651914
1783532931.6355,78,right_handIndexEnd_joint,-0.45280913,-0.11110354,0.26565477,0.12394013,0.40612325,0.49737537,0.75651914
1783532931.6355,78,right_handMidStart_joint,-0.43213454,0.03257525,0.17317052,0.1570549,0.3541968,0.48762533,0.78236854
1783532931.6355,78,right_handMid_1_joint,-0.45292732,-0.033882316,0.20365699,0.1570549,0.3541968,0.48762533,0.78236854
1783532931.6355,78,right_handMid_2_joint,-0.46753857,-0.080581464,0.22508004,0.1570549,0.3541968,0.48762533,0.78236854
1783532931.6355,78,right_handMid_3_joint,-0.47596797,-0.10752353,0.23743944,0.1570549,0.3541968,0.48762533,0.78236854
1783532931.6355,78,right_handMidEnd_joint,-0.4815877,-0.12548447,0.24567907,0.1570549,0.3541968,0.48762533,0.78236854
1783532931.6355,78,right_handPinkyStart_joint,-0.4494905,0.028996143,0.15184058,0.21647854,0.26308194,0.49669883,0.79825807
1783532931.6355,78,right_handPinky_1_joint,-0.4728687,-0.028592,0.16485599,0.21647854,0.26308194,0.49669883,0.79825807
1783532931.6355,78,right_handPinky_2_joint,-0.48730883,-0.06416166,0.1728955,0.21647854,0.26308194,0.49669883,0.79825807
1783532931.6355,78,right_handPinky_3_joint,-0.49487203,-0.08279333,0.17710605,0.21647857,0.26308194,0.49669883,0.79825807
1783532931.6355,78,right_handPinkyEnd_joint,-0.501748,-0.09973092,0.18093401,0.21647854,0.26308194,0.49669883,0.79825807
1783532931.6355,78,right_handRingStart_joint,-0.44026354,0.030422827,0.16340378,0.18779072,0.3095351,0.49262354,0.7913567
1783532931.6355,78,right_handRing_1_joint,-0.46282706,-0.03215939,0.18470052,0.18779072,0.3095351,0.49262354,0.7913567
1783532931.6355,78,right_handRing_2_joint,-0.47875395,-0.07633477,0.19973321,0.18779072,0.3095351,0.49262354,0.7913567
1783532931.6355,78,right_handRing_3_joint,-0.48870876,-0.103944585,0.20912912,0.18779072,0.3095351,0.49262354,0.7913567
1783532931.6355,78,right_handRingEnd_joint,-0.49534476,-0.1223519,0.21539256,0.18779072,0.3095351,0.49262354,0.7913567
1783532931.6355,78,right_handThumbStart_joint,-0.41332874,0.031673733,0.17557907,0.39446694,0.8311105,0.092131436,0.38100347
1783532931.6355,78,right_handThumb_1_joint,-0.3919344,-0.00730633,0.20568094,0.39446694,0.8311105,0.09213141,0.38100347
1783532931.6355,78,right_handThumb_2_joint,-0.37664106,-0.035166703,0.2271985,0.39446694,0.8311105,0.0921314,0.38100347
1783532931.6355,78,right_handThumbEnd_joint,-0.36644542,-0.053740606,0.24154282,0.39446694,0.8311105,0.09213138,0.38100347
1783532931.6355,78,camera,0.11362802,0.07068004,-0.032552853,-0.07700645,-0.08065018,-0.69900626,0.70636797
1783532931.6689,79,root,-0.00020228077,0.021478679,-0.0050033424,-0.07685283,-0.004830159,-0.008881115,0.9969913
1783532931.6689,79,hips_joint,-0.00020228077,0.021478679,-0.0050033424,-0.07685283,-0.004830159,-0.008881115,0.9969913
1783532931.6689,79,left_upLeg_joint,0.09984835,-0.004759629,0.0008748871,0.6178483,-0.3404754,0.6350909,-0.31464237
1783532931.6689,79,left_leg_joint,0.08362418,-0.35022125,0.24112296,-0.2998839,0.6311783,-0.37864852,0.6068848
1783532931.6689,79,left_foot_joint,0.045429334,-0.73351395,-0.0053671645,0.62530905,-0.31193566,0.67233366,-0.24423827
1783532931.6689,79,left_toes_joint,0.030723924,-0.840598,0.09723519,0.6730977,-0.1877635,0.7064385,-0.11237978
1783532931.6689,79,left_toesEnd_joint,0.026561728,-0.8655625,0.15236336,0.6730978,-0.18776327,0.7064384,-0.11237999
1783532931.6689,79,right_upLeg_joint,-0.10119045,-0.0013432526,-0.0013364955,0.37037593,0.5715902,0.39401093,0.6171402
1783532931.6689,79,right_leg_joint,-0.11638359,-0.38442284,0.17284375,0.62704897,0.28480706,0.6530829,0.31492454
1783532931.6689,79,right_foot_joint,-0.10940189,-0.735872,-0.119669914,0.3179826,0.61089426,0.31990376,0.650659
1783532931.6689,79,right_toes_joint,-0.11669547,-0.85581326,-0.031514645,0.19643301,0.66008997,0.19078173,0.69949824
1783532931.6689,79,right_toesEnd_joint,-0.120078295,-0.8877343,0.01995595,0.19643351,0.66009015,0.19078128,0.69949806
1783532931.6689,79,spine_1_joint,-0.00020230057,0.021478679,-0.0050033424,0.45668682,0.5392722,0.45908454,0.5383904
1783532931.6689,79,spine_2_joint,-0.00038336992,0.07827705,-0.014290203,0.46332607,0.53708655,0.46766454,0.5274059
1783532931.6689,79,spine_3_joint,-0.001208918,0.1353114,-0.021954115,0.4858266,0.516228,0.49250937,0.50489205
1783532931.6689,79,spine_4_joint,-0.0021699117,0.18830845,-0.024221156,0.5209267,0.47999355,0.5265672,0.4700733
1783532931.6689,79,spine_5_joint,-0.0032526755,0.25844988,-0.017584179,0.56777513,0.42374626,0.5696092,0.41667244
1783532931.6689,79,spine_6_joint,-0.0039996025,0.3479869,0.010502281,0.58250386,0.4024212,0.58642244,0.39351687
1783532931.6689,79,spine_7_joint,-0.005239551,0.44735023,0.05042328,0.5719797,0.41954532,0.5755896,0.4068388
1783532931.6689,79,left_shoulder_1_joint,0.08241691,0.55699086,0.080438174,-0.56837505,0.03335595,-0.050986975,0.8205106
1783532931.6689,79,left_arm_joint,0.22638972,0.5393545,0.08090547,-0.37401232,0.38963428,-0.35830653,0.7615225
1783532931.6689,79,left_forearm_joint,0.3433182,0.3166779,-0.0056487652,-0.49365163,0.21436901,-0.5601455,0.629755
1783532931.6689,79,left_hand_joint,0.4185016,0.070907325,0.070195794,0.7732441,-0.5083073,0.3183407,-0.20585631
1783532931.6689,79,left_handIndexStart_joint,0.41365,0.04835306,0.0891766,0.7507697,-0.52102166,0.3674917,-0.1727182
1783532931.6689,79,left_handIndex_1_joint,0.42866588,-0.024671678,0.11903794,0.7507697,-0.52102166,0.3674917,-0.1727182
1783532931.6689,79,left_handIndex_2_joint,0.43739605,-0.06712792,0.13639918,0.7507697,-0.52102166,0.3674917,-0.1727182
1783532931.6689,79,left_handIndex_3_joint,0.4422849,-0.09090342,0.14612149,0.7507697,-0.52102166,0.3674917,-0.1727182
1783532931.6689,79,left_handIndexEnd_joint,0.44577697,-0.10788591,0.15306598,0.7507697,-0.52102166,0.3674917,-0.1727182
1783532931.6689,79,left_handMidStart_joint,0.4230339,0.046602335,0.08067639,0.7740353,-0.50792843,0.31605765,-0.20733054
1783532931.6689,79,left_handMid_1_joint,0.4446398,-0.023131117,0.1018588,0.7740353,-0.50792843,0.31605765,-0.20733054
1783532931.6689,79,left_handMid_2_joint,0.45982233,-0.072133,0.11674374,0.7740353,-0.50792843,0.31605765,-0.20733054
1783532931.6689,79,left_handMid_3_joint,0.4685815,-0.10040332,0.12533121,0.7740353,-0.50792843,0.31605765,-0.20733054
1783532931.6689,79,left_handMidEnd_joint,0.4744209,-0.11925019,0.13105617,0.7740353,-0.50792843,0.31605765,-0.20733054
1783532931.6689,79,left_handPinkyStart_joint,0.44016525,0.04602864,0.058877535,0.78547,-0.51119787,0.22422628,-0.26727593
1783532931.6689,79,left_handPinky_1_joint,0.46409246,-0.012578153,0.06389314,0.78547,-0.51119787,0.22422628,-0.26727593
1783532931.6689,79,left_handPinky_2_joint,0.47887108,-0.048776466,0.066991016,0.78547,-0.51119787,0.22422628,-0.26727593
1783532931.6689,79,left_handPinky_3_joint,0.48661223,-0.06773749,0.06861371,0.78547,-0.51119787,0.22422628,-0.26727593
1783532931.6689,79,left_handPinkyEnd_joint,0.49364966,-0.08497478,0.070088886,0.78547,-0.51119787,0.22422628,-0.26727593
1783532931.6689,79,left_handRingStart_joint,0.43106338,0.04583255,0.07062473,0.7807324,-0.51008487,0.27099535,-0.23839517
1783532931.6689,79,left_handRing_1_joint,0.45430645,-0.018828114,0.08319423,0.7807324,-0.51008487,0.27099535,-0.23839517
1783532931.6689,79,left_handRing_2_joint,0.47071335,-0.06447093,0.09206683,0.7807324,-0.51008487,0.27099535,-0.23839517
1783532931.6689,79,left_handRing_3_joint,0.4809676,-0.09299769,0.097612195,0.7807324,-0.51008487,0.27099535,-0.23839517
1783532931.6689,79,left_handRingEnd_joint,0.48780382,-0.11201553,0.10130911,0.7807324,-0.51008487,0.27099535,-0.23839517
1783532931.6689,79,left_handThumbStart_joint,0.40426368,0.045231767,0.08314279,0.35892364,-0.14786462,0.8194981,-0.42158404
1783532931.6689,79,left_handThumb_1_joint,0.38349152,0.0024277687,0.108034514,0.35892364,-0.14786462,0.8194981,-0.42158404
1783532931.6689,79,left_handThumb_2_joint,0.36864257,-0.028166426,0.12582792,0.35892364,-0.14786461,0.8194981,-0.42158404
1783532931.6689,79,left_handThumbEnd_joint,0.35874328,-0.048562564,0.13769019,0.35892358,-0.14786458,0.8194981,-0.42158404
1783532931.6689,79,neck_1_joint,-0.007269256,0.5765614,0.08656799,0.6119827,0.35743096,0.61545336,0.34487358
1783532931.6689,79,neck_2_joint,-0.0076616406,0.60242116,0.10177069,0.60107803,0.37354505,0.60791695,0.3600092
1783532931.6689,79,neck_3_joint,-0.008389556,0.63789195,0.120244764,0.5826284,0.3986921,0.5967265,0.38145325
1783532931.6689,79,neck_4_joint,-0.009592588,0.67468494,0.13589177,0.56464255,0.42137063,0.5860089,0.40027454
1783532931.6689,79,head_joint,-0.011499488,0.718311,0.1514398,0.50647175,0.4879919,0.53817487,0.46445525
1783532931.6689,79,jaw_joint,-0.010139114,0.69299394,0.15412238,0.50647175,0.4879919,0.53817487,0.46445525
1783532931.6689,79,chin_joint,-0.007923123,0.6340535,0.24910204,0.50647175,0.4879919,0.53817487,0.46445525
1783532931.6689,79,left_eye_joint,0.018440692,0.7445086,0.24101505,0.5107084,0.48355627,0.54220504,0.459744
1783532931.6689,79,left_eyeLowerLid_joint,0.018440692,0.7445086,0.24101505,0.5107084,0.48355627,0.54220504,0.459744
1783532931.6689,79,left_eyeUpperLid_joint,0.018440692,0.7445086,0.24101505,0.5107084,0.48355627,0.54220504,0.459744
1783532931.6689,79,left_eyeball_joint,0.018440692,0.7445086,0.24101505,0.5107084,0.48355627,0.54220504,0.459744
1783532931.6689,79,nose_joint,-0.0121164,0.7081589,0.26096863,0.51071095,0.48355353,0.5422075,0.45974115
1783532931.6689,79,right_eye_joint,-0.04609354,0.7409677,0.24032338,0.5107084,0.48355627,0.54220504,0.459744
1783532931.6689,79,right_eyeLowerLid_joint,-0.04609354,0.7409677,0.24032338,0.5107084,0.48355627,0.54220504,0.459744
1783532931.6689,79,right_eyeUpperLid_joint,-0.04609354,0.7409677,0.24032338,0.5107084,0.48355627,0.54220504,0.459744
1783532931.6689,79,right_eyeball_joint,-0.04609354,0.7409677,0.24032338,0.5107084,0.48355627,0.54220504,0.459744
1783532931.6689,79,right_shoulder_1_joint,-0.09628338,0.5538511,0.0815744,0.7966317,0.08901594,0.040948365,0.596471
1783532931.6689,79,right_arm_joint,-0.23854746,0.526194,0.08751407,0.7269746,0.41627002,0.3261666,0.4379987
1783532931.6689,79,right_forearm_joint,-0.35575926,0.28921208,0.058367774,0.59283274,0.5845223,0.17154837,0.5267394
1783532931.6689,79,right_hand_joint,-0.42484474,0.055067234,0.16887432,0.15645756,0.3635799,0.48877886,0.7774484
1783532931.6689,79,right_handIndexStart_joint,-0.4200651,0.03554092,0.18941204,0.12274379,0.41581982,0.49886787,0.750439
1783532931.6689,79,right_handIndex_1_joint,-0.4326295,-0.03278862,0.22969788,0.12274379,0.41581982,0.49886787,0.750439
1783532931.6689,79,right_handIndex_2_joint,-0.43993396,-0.07251549,0.2531196,0.12274379,0.41581982,0.49886787,0.750439
1783532931.6689,79,right_handIndex_3_joint,-0.44402516,-0.0947625,0.26623636,0.12274379,0.41581982,0.49886787,0.750439
1783532931.6689,79,right_handIndexEnd_joint,-0.4469473,-0.11065296,0.2756054,0.12274379,0.41581982,0.49886787,0.750439
1783532931.6689,79,right_handMidStart_joint,-0.42963156,0.032432668,0.18152566,0.15595871,0.364281,0.48919746,0.7769569
1783532931.6689,79,right_handMid_1_joint,-0.44908932,-0.033989497,0.21295588,0.15595871,0.364281,0.48919746,0.7769569
1783532931.6689,79,right_handMid_2_joint,-0.46276245,-0.08066376,0.2350421,0.15595871,0.364281,0.48919746,0.7769569
1783532931.6689,79,right_handMid_3_joint,-0.4706506,-0.107591495,0.24778408,0.15595871,0.364281,0.48919746,0.7769569
1783532931.6689,79,right_handMidEnd_joint,-0.47590956,-0.12554286,0.25627875,0.15595871,0.364281,0.48919746,0.7769569
1783532931.6689,79,right_handPinkyStart_joint,-0.44732532,0.028463993,0.16054502,0.21592298,0.27370244,0.4982247,0.79387426
1783532931.6689,79,right_handPinky_1_joint,-0.46978667,-0.029274153,0.17447795,0.21592298,0.27370244,0.4982247,0.79387426
1783532931.6689,79,right_handPinky_2_joint,-0.48366046,-0.06493647,0.18308417,0.21592298,0.27370244,0.4982247,0.79387426
1783532931.6689,79,right_handPinky_3_joint,-0.49092704,-0.08361667,0.18759157,0.21592301,0.2737024,0.4982247,0.79387426
1783532931.6689,79,right_handPinkyEnd_joint,-0.49753338,-0.10059837,0.19168937,0.21592298,0.27370244,0.4982247,0.79387426
1783532931.6689,79,right_handRingStart_joint,-0.43790916,0.03009981,0.17192657,0.18695918,0.31990486,0.49416557,0.78645253
1783532931.6689,79,right_handRing_1_joint,-0.45934826,-0.03254922,0.19416751,0.18695918,0.31990486,0.49416557,0.78645253
1783532931.6689,79,right_handRing_2_joint,-0.47448143,-0.076771766,0.20986669,0.18695918,0.31990486,0.49416557,0.78645253
1783532931.6689,79,right_handRing_3_joint,-0.48394012,-0.10441106,0.21967916,0.18695918,0.31990486,0.49416557,0.78645253
1783532931.6689,79,right_handRingEnd_joint,-0.4902454,-0.12283802,0.22622031,0.18695918,0.31990486,0.49416557,0.78645253
1783532931.6689,79,right_handThumbStart_joint,-0.41077617,0.031770725,0.18360113,0.38875288,0.83719945,0.087160155,0.37466177
1783532931.6689,79,right_handThumb_1_joint,-0.38838664,-0.006690807,0.2136461,0.38875288,0.83719945,0.087160155,0.37466177
1783532931.6689,79,right_handThumb_2_joint,-0.37238196,-0.03418052,0.23512296,0.38875288,0.83719945,0.08716014,0.37466177
1783532931.6689,79,right_handThumbEnd_joint,-0.3617121,-0.052507322,0.24944013,0.38875288,0.83719945,0.0871601,0.37466177
1783532931.6689,79,camera,0.11389916,0.07083802,-0.032706123,-0.07713906,-0.080848016,-0.6989878,0.7063492
1783532931.7019,80,root,-6.321599e-05,0.021918267,-0.0048641143,-0.082202055,-0.004845952,-0.008740341,0.9965656
1783532931.7019,80,hips_joint,-6.321599e-05,0.021918267,-0.0048641143,-0.082202055,-0.004845952,-0.008740341,0.9965656
1783532931.7019,80,left_upLeg_joint,0.09999377,-0.004233079,0.0012871677,0.6205222,-0.33386344,0.6402988,-0.30578575
1783532931.7019,80,left_leg_joint,0.0819308,-0.34361002,0.24992952,-0.2946621,0.6330199,-0.3809003,0.6061146
1783532931.7019,80,left_foot_joint,0.04004218,-0.7253662,0.0016615676,0.6223341,-0.3166056,0.6736314,-0.24224325
1783532931.7019,80,left_toes_joint,0.023941258,-0.8327338,0.103756785,0.6710618,-0.1929126,0.70733464,-0.11017496
1783532931.7019,80,left_toesEnd_joint,0.019387554,-0.8578942,0.15876481,0.6710619,-0.1929124,0.70733464,-0.11017516
1783532931.7019,80,right_upLeg_joint,-0.101045966,-0.0008855581,-0.0009442207,0.36853096,0.5708038,0.38903448,0.6221093
1783532931.7019,80,right_leg_joint,-0.12027738,-0.38187453,0.17737286,0.62835014,0.27773613,0.65507764,0.31450275
1783532931.7019,80,right_foot_joint,-0.11454717,-0.7299208,-0.11920818,0.32336745,0.6061304,0.32173404,0.6515571
1783532931.7019,80,right_toes_joint,-0.12321879,-0.8508246,-0.032504406,0.20262317,0.6564331,0.19240859,0.7007269
1783532931.7019,80,right_toesEnd_joint,-0.12711006,-0.8833182,0.018570436,0.2026236,0.65643317,0.19240814,0.70072687
1783532931.7019,80,spine_1_joint,-6.323576e-05,0.021918267,-0.004864115,0.4538303,0.54209137,0.45719442,0.53958154
1783532931.7019,80,spine_2_joint,-0.00039587257,0.07863215,-0.01464969,0.46119633,0.53965575,0.46723688,0.52702874
1783532931.7019,80,spine_3_joint,-0.0014938235,0.13562497,-0.022583485,0.4847081,0.51830757,0.4935495,0.50281656
1783532931.7019,80,spine_4_joint,-0.0027919267,0.18861474,-0.024852745,0.5208747,0.4813892,0.5286498,0.46635118
1783532931.7019,80,spine_5_joint,-0.0043742154,0.25871673,-0.01790661,0.56859416,0.42449927,0.5718446,0.4116971
1783532931.7019,80,spine_6_joint,-0.0057169506,0.34803626,0.010842206,0.58381903,0.40297472,0.58814853,0.3883913
1783532931.7019,80,spine_7_joint,-0.007481954,0.44707686,0.05153779,0.5733069,0.42088535,0.57581306,0.4032538
1783532931.7019,80,left_shoulder_1_joint,0.07981651,0.5570163,0.08150288,-0.56675214,0.034050167,-0.050724715,0.82162
1783532931.7019,80,left_arm_joint,0.22378351,0.5393276,0.08172684,-0.3732814,0.39081246,-0.3567628,0.76200175
1783532931.7019,80,left_forearm_joint,0.34081,0.3171029,-0.0058501814,-0.49258223,0.21844117,-0.5551526,0.63360196
1783532931.7019,80,left_hand_joint,0.41803312,0.070920736,0.06653055,0.77470535,-0.5085547,0.31190255,-0.209572
1783532931.7019,80,left_handIndexStart_joint,0.4134564,0.048114147,0.08527663,0.75264394,-0.5215092,0.36115924,-0.17640628
1783532931.7019,80,left_handIndex_1_joint,0.42913178,-0.025164647,0.11416061,0.75264394,-0.5215092,0.36115924,-0.17640628
1783532931.7019,80,left_handIndex_2_joint,0.43824536,-0.06776859,0.13095362,0.75264394,-0.5215092,0.36115924,-0.17640628
1783532931.7019,80,left_handIndex_3_joint,0.44334894,-0.0916268,0.14035772,0.75264394,-0.5215092,0.36115924,-0.17640628
1783532931.7019,80,left_handIndexEnd_joint,0.4469944,-0.10866838,0.14707491,0.75264394,-0.5215092,0.36115924,-0.17640628
1783532931.7019,80,left_handMidStart_joint,0.42278892,0.04652191,0.07668914,0.7754784,-0.5081652,0.30961445,-0.2110453
1783532931.7019,80,left_handMid_1_joint,0.4449711,-0.023322653,0.09688681,0.7754784,-0.5081652,0.30961445,-0.2110453
1783532931.7019,80,left_handMid_2_joint,0.46055862,-0.07240261,0.111079775,0.7754784,-0.5081652,0.30961445,-0.2110453
1783532931.7019,80,left_handMid_3_joint,0.46955138,-0.100717984,0.11926802,0.7754784,-0.5081652,0.30961445,-0.2110453
1783532931.7019,80,left_handMidEnd_joint,0.47554657,-0.11959489,0.124726854,0.7754784,-0.5081652,0.30961445,-0.2110453
1783532931.7019,80,left_handPinkyStart_joint,0.439765,0.0463116,0.054762688,0.78623646,-0.5110718,0.21754187,-0.27076396
1783532931.7019,80,left_handPinky_1_joint,0.4640836,-0.012201829,0.058910534,0.78623646,-0.5110718,0.21754187,-0.27076396
1783532931.7019,80,left_handPinky_2_joint,0.47910395,-0.048342474,0.061472442,0.78623646,-0.5110718,0.21754187,-0.27076396
1783532931.7019,80,left_handPinky_3_joint,0.48697174,-0.06727329,0.06281439,0.78623646,-0.5110718,0.21754187,-0.27076396
1783532931.7019,80,left_handPinkyEnd_joint,0.4941243,-0.084483124,0.06403434,0.78623646,-0.5110718,0.21754187,-0.27076396
1783532931.7019,80,left_handRingStart_joint,0.43074983,0.045920532,0.06657171,0.7818353,-0.5101462,0.26442152,-0.24200302
1783532931.7019,80,left_handRing_1_joint,0.45447588,-0.018739762,0.07820579,0.7818353,-0.5101462,0.26442152,-0.24200302
1783532931.7019,80,left_handRing_2_joint,0.4712237,-0.06438232,0.08641808,0.7818353,-0.5101462,0.26442152,-0.24200302
1783532931.7019,80,left_handRing_3_joint,0.4816911,-0.09290893,0.091550745,0.7818353,-0.5101462,0.26442152,-0.24200302
1783532931.7019,80,left_handRingEnd_joint,0.48866934,-0.11192666,0.09497253,0.7818353,-0.5101462,0.26442152,-0.24200302
1783532931.7019,80,left_handThumbStart_joint,0.40404573,0.04500665,0.079273686,0.35982293,-0.15313663,0.8160145,-0.42567205
1783532931.7019,80,left_handThumb_1_joint,0.383715,0.0017841529,0.10380399,0.35982293,-0.15313663,0.8160145,-0.42567205
1783532931.7019,80,left_handThumb_2_joint,0.36918163,-0.029109206,0.12133909,0.35982293,-0.15313661,0.8160145,-0.42567205
1783532931.7019,80,left_handThumbEnd_joint,0.35949272,-0.04970478,0.13302915,0.35982293,-0.15313658,0.8160145,-0.42567205
1783532931.7019,80,neck_1_joint,-0.00992666,0.5761382,0.08818856,0.61327076,0.3590761,0.614866,0.34191072
1783532931.7019,80,neck_2_joint,-0.010346413,0.60196465,0.103447005,0.60217863,0.3755746,0.60702163,0.3575602
1783532931.7019,80,neck_3_joint,-0.011108932,0.6374214,0.121946596,0.583627,0.4008168,0.59584075,0.37907657
1783532931.7019,80,neck_4_joint,-0.0123633575,0.6742052,0.13761127,0.56556964,0.42351618,0.58521426,0.39785582
1783532931.7019,80,head_joint,-0.014348426,0.7178192,0.15318309,0.50714326,0.49021646,0.5376804,0.46194515
1783532931.7019,80,jaw_joint,-0.012875495,0.69250685,0.15585022,0.50714326,0.49021646,0.5376804,0.46194515
1783532931.7019,80,chin_joint,-0.009888038,0.6335491,0.25079787,0.50714326,0.49021646,0.5376804,0.46194515
1783532931.7019,80,left_eye_joint,0.016004683,0.7441067,0.24259284,0.51139927,0.48577484,0.5416887,0.45723838
1783532931.7019,80,left_eyeLowerLid_joint,0.016004683,0.7441067,0.24259284,0.51139927,0.48577484,0.5416887,0.45723838
1783532931.7019,80,left_eyeUpperLid_joint,0.016004683,0.7441067,0.24259284,0.51139927,0.48577484,0.5416887,0.45723838
1783532931.7019,80,left_eyeball_joint,0.016004683,0.7441067,0.24259284,0.51139927,0.48577484,0.5416887,0.45723838
1783532931.7019,80,nose_joint,-0.014297583,0.7076344,0.26271057,0.51140183,0.4857722,0.54169106,0.45723554
1783532931.7019,80,right_eye_joint,-0.04851836,0.7403182,0.2422705,0.51139927,0.48577484,0.5416887,0.45723838
1783532931.7019,80,right_eyeLowerLid_joint,-0.04851836,0.7403182,0.2422705,0.51139927,0.48577484,0.5416887,0.45723838
1783532931.7019,80,right_eyeUpperLid_joint,-0.04851836,0.7403182,0.2422705,0.51139927,0.48577484,0.5416887,0.45723838
1783532931.7019,80,right_eyeball_joint,-0.04851836,0.7403182,0.2422705,0.51139927,0.48577484,0.5416887,0.45723838
1783532931.7019,80,right_shoulder_1_joint,-0.0988582,0.5530256,0.08358516,0.7960359,0.09637802,0.037484284,0.5963496
1783532931.7019,80,right_arm_joint,-0.24080512,0.52428436,0.09160236,0.72572774,0.42642826,0.31995445,0.43486467
1783532931.7019,80,right_forearm_joint,-0.3555983,0.28563774,0.0667267,0.58533025,0.5981667,0.16738455,0.5211213
1783532931.7019,80,right_hand_joint,-0.41679153,0.05124235,0.18127997,0.15384686,0.37698266,0.49366492,0.7684465
1783532931.7019,80,right_handIndexStart_joint,-0.41109684,0.032055978,0.20190454,0.1198139,0.42857555,0.5035597,0.74053687
1783532931.7019,80,right_handIndex_1_joint,-0.42117575,-0.036087986,0.24319077,0.1198139,0.42857555,0.5035597,0.74053687
1783532931.7019,80,right_handIndex_2_joint,-0.4270352,-0.07570696,0.26719406,0.1198139,0.42857555,0.5035597,0.74053687
1783532931.7019,80,right_handIndex_3_joint,-0.4303172,-0.09789354,0.28063658,0.1198139,0.42857555,0.5035597,0.74053687
1783532931.7019,80,right_handIndexEnd_joint,-0.43266132,-0.113740854,0.2902383,0.1198139,0.42857555,0.5035597,0.74053687
1783532931.7019,80,right_handMidStart_joint,-0.4207708,0.028647618,0.19427757,0.15334775,0.37767452,0.49407998,0.7679395
1783532931.7019,80,right_handMid_1_joint,-0.43798786,-0.03784158,0.22685243,0.15334775,0.37767452,0.49407998,0.7679395
1783532931.7019,80,right_handMid_2_joint,-0.45008647,-0.08456296,0.249743,0.15334775,0.37767452,0.49407998,0.7679395
1783532931.7019,80,right_handMid_3_joint,-0.45706627,-0.111517854,0.26294902,0.15334775,0.37767452,0.49407998,0.7679395
1783532931.7019,80,right_handMidEnd_joint,-0.4617196,-0.12948734,0.27175307,0.15334775,0.37767452,0.49407998,0.7679395
1783532931.7019,80,right_handPinkyStart_joint,-0.43885183,0.024052657,0.17376007,0.21433577,0.2880294,0.50308627,0.7861319
1783532931.7019,80,right_handPinky_1_joint,-0.45967287,-0.034015775,0.18882236,0.21433577,0.2880294,0.50308627,0.7861319
1783532931.7019,80,right_handPinky_2_joint,-0.47253352,-0.069882095,0.19812615,0.21433577,0.2880294,0.50308627,0.7861319
1783532931.7019,80,right_handPinky_3_joint,-0.47926944,-0.08866916,0.20299892,0.21433578,0.28802937,0.50308627,0.7861319
1783532931.7019,80,right_handPinkyEnd_joint,-0.48539332,-0.10574801,0.20742889,0.21433577,0.2880294,0.50308627,0.7861319
1783532931.7019,80,right_handRingStart_joint,-0.4292138,0.026024308,0.18490009,0.1848493,0.33379093,0.49903226,0.7780623
1783532931.7019,80,right_handRing_1_joint,-0.4487095,-0.03683879,0.20829542,0.1848493,0.33379093,0.49903226,0.7780623
1783532931.7019,80,right_handRing_2_joint,-0.46247086,-0.08121243,0.22480945,0.1848493,0.33379093,0.49903226,0.7780623
1783532931.7019,80,right_handRing_3_joint,-0.47107214,-0.10894617,0.23513122,0.1848493,0.33379093,0.49903226,0.7780623
1783532931.7019,80,right_handRingEnd_joint,-0.47680584,-0.12743609,0.2420119,0.1848493,0.33379093,0.49903226,0.7780623
1783532931.7019,80,right_handThumbStart_joint,-0.4018622,0.028430438,0.19591767,0.3782761,0.84628487,0.08231323,0.3659693
1783532931.7019,80,right_handThumb_1_joint,-0.3779183,-0.009186418,0.2258332,0.3782761,0.84628487,0.08231322,0.3659693
1783532931.7019,80,right_handThumb_2_joint,-0.36080265,-0.03607233,0.24721749,0.3782761,0.84628487,0.082313195,0.3659693
1783532931.7019,80,right_handThumbEnd_joint,-0.3493921,-0.053996608,0.26147297,0.3782761,0.84628487,0.08231318,0.3659693
1783532931.7019,80,camera,0.11370235,0.070594855,-0.032173347,-0.07721345,-0.08077294,-0.6990665,0.7062717
1783532931.7371,81,root,-4.923199e-05,0.02253538,-0.0047276746,-0.0889155,-0.0044122934,-0.007874396,0.99599826
1783532931.7371,81,hips_joint,-4.923199e-05,0.02253538,-0.0047276746,-0.0889155,-0.0044122934,-0.007874396,0.99599826
1783532931.7371,81,left_upLeg_joint,0.1000559,-0.0033733677,0.0016624164,0.62497663,-0.32576495,0.6441903,-0.29715344
1783532931.7371,81,left_leg_joint,0.08228208,-0.336059,0.25920922,-0.28822094,0.6364687,-0.3790865,0.60673684
1783532931.7371,81,left_foot_joint,0.037649784,-0.7142053,0.005945072,0.6193905,-0.32329276,0.6725873,-0.24385157
1783532931.7371,81,left_toes_joint,0.020692386,-0.8227768,0.10661866,0.6694391,-0.20003648,0.7066142,-0.111952044
1783532931.7371,81,left_toesEnd_joint,0.015922641,-0.8486204,0.16129059,0.66943914,-0.20003626,0.7066142,-0.11195227
1783532931.7371,81,right_upLeg_joint,-0.10099126,-0.00037227868,-0.00038686127,0.3627181,0.572889,0.38268656,0.62752265
1783532931.7371,81,right_leg_joint,-0.12233994,-0.37762266,0.18547814,0.62903,0.27151945,0.6588914,0.31058085
1783532931.7371,81,right_foot_joint,-0.11514947,-0.72099864,-0.1164665,0.32773632,0.6016558,0.32715482,0.6508217
1783532931.7371,81,right_toes_joint,-0.12438349,-0.8432357,-0.03171211,0.20776094,0.65286773,0.19787054,0.7010322
1783532931.7371,81,right_toesEnd_joint,-0.12858246,-0.8765202,0.018826216,0.20776142,0.65286785,0.1978701,0.7010321
1783532931.7371,81,spine_1_joint,-4.9251765e-05,0.02253538,-0.004727675,0.45030493,0.5455838,0.45507494,0.5408054
1783532931.7371,81,spine_2_joint,-0.000596575,0.07914279,-0.015102405,0.4587,0.5423479,0.46699613,0.5266569
1783532931.7371,81,spine_3_joint,-0.0020039408,0.1360881,-0.023323277,0.4834758,0.5199235,0.49506122,0.50084424
1783532931.7371,81,spine_4_joint,-0.0036386626,0.18907005,-0.025556922,0.520849,0.48173186,0.53137743,0.46291327
1783532931.7371,81,spine_5_joint,-0.005675253,0.25911853,-0.018201482,0.56944305,0.42357877,0.57486,0.4072489
1783532931.7371,81,spine_6_joint,-0.007519154,0.34815556,0.011383874,0.5850845,0.40142512,0.59054124,0.38444135
1783532931.7371,81,spine_7_joint,-0.009619745,0.44680434,0.053004626,0.57451695,0.4199938,0.5762059,0.40189886
1783532931.7371,81,left_shoulder_1_joint,0.077737756,0.55661243,0.08327765,-0.5679114,0.033616994,-0.056710187,0.8204455
1783532931.7371,81,left_arm_joint,0.22152671,0.5375764,0.08461949,-0.37434563,0.38661155,-0.3643599,0.7600257
1783532931.7371,81,left_forearm_joint,0.3373763,0.3132705,0.0008666611,-0.49049792,0.2196752,-0.5553063,0.6346571
1783532931.7371,81,left_hand_joint,0.41421822,0.06664175,0.07212437,0.7736757,-0.5096327,0.3112826,-0.21166915
1783532931.7371,81,left_handIndexStart_joint,0.4095897,0.04374731,0.090750314,0.751656,-0.5227198,0.36047277,-0.17842907
1783532931.7371,81,left_handIndex_1_joint,0.4251416,-0.029692553,0.119289964,0.751656,-0.5227198,0.36047277,-0.17842907
1783532931.7371,81,left_handIndex_2_joint,0.4341834,-0.07239015,0.1358828,0.751656,-0.5227198,0.36047277,-0.17842907
1783532931.7371,81,left_handIndex_3_joint,0.43924677,-0.0963008,0.14517477,0.751656,-0.5227198,0.36047277,-0.17842907
1783532931.7371,81,left_handIndexEnd_joint,0.4428635,-0.113379836,0.1518119,0.751656,-0.5227198,0.36047277,-0.17842907
1783532931.7371,81,left_handMidStart_joint,0.4189321,0.04218713,0.08216768,0.7744468,-0.50923705,0.30899692,-0.21314542
1783532931.7371,81,left_handMid_1_joint,0.4410066,-0.027782768,0.102047116,0.7744468,-0.50923705,0.30899692,-0.21314542
1783532931.7371,81,left_handMid_2_joint,0.45651844,-0.0769508,0.11601644,0.7744468,-0.50923705,0.30899692,-0.21314542
1783532931.7371,81,left_handMid_3_joint,0.46546754,-0.10531698,0.124075666,0.7744468,-0.50923705,0.30899692,-0.21314542
1783532931.7371,81,left_handMidEnd_joint,0.47143364,-0.12422776,0.12944849,0.7744468,-0.50923705,0.30899692,-0.21314542
1783532931.7371,81,left_handPinkyStart_joint,0.4359379,0.042066507,0.060263533,0.78511715,-0.5118797,0.21695895,-0.27294558
1783532931.7371,81,left_handPinky_1_joint,0.46018374,-0.016494894,0.06415273,0.78511715,-0.5118797,0.21695895,-0.27294558
1783532931.7371,81,left_handPinky_2_joint,0.4751591,-0.05266517,0.06655488,0.78511715,-0.5118797,0.21695895,-0.27294558
1783532931.7371,81,left_handPinky_3_joint,0.48300335,-0.0716115,0.06781315,0.78511715,-0.5118797,0.21695895,-0.27294558
1783532931.7371,81,left_handPinkyEnd_joint,0.49013445,-0.08883545,0.06895703,0.78511715,-0.5118797,0.21695895,-0.27294558
1783532931.7371,81,left_handRingStart_joint,0.4269062,0.041626997,0.07205821,0.7807563,-0.51108795,0.2638213,-0.24414621
1783532931.7371,81,left_handRing_1_joint,0.4505422,-0.023117809,0.08340209,0.7807563,-0.51108795,0.2638213,-0.24414621
1783532931.7371,81,left_handRing_2_joint,0.46722645,-0.06882003,0.09140953,0.7807563,-0.51108795,0.2638213,-0.24414621
1783532931.7371,81,left_handRing_3_joint,0.4776541,-0.09738392,0.096414186,0.7807563,-0.51108795,0.2638213,-0.24414621
1783532931.7371,81,left_handRingEnd_joint,0.48460585,-0.116426505,0.09975062,0.7807563,-0.51108795,0.2638213,-0.24414621
1783532931.7371,81,left_handThumbStart_joint,0.4001837,0.040680617,0.08471916,0.358117,-0.15508634,0.81612,-0.42620277
1783532931.7371,81,left_handThumb_1_joint,0.37976992,-0.0026401377,0.10900606,0.358117,-0.15508634,0.81612,-0.42620277
1783532931.7371,81,left_handThumb_2_joint,0.36517718,-0.033603728,0.12636717,0.358117,-0.15508634,0.81612,-0.42620277
1783532931.7371,81,left_handThumbEnd_joint,0.35544872,-0.054246128,0.13794123,0.358117,-0.1550863,0.81612,-0.42620277
1783532931.7371,81,neck_1_joint,-0.011993107,0.5757227,0.09016011,0.6142246,0.3583414,0.6149642,0.3407918
1783532931.7371,81,neck_2_joint,-0.012388482,0.60150325,0.10549649,0.60301805,0.37509254,0.60699815,0.3566913
1783532931.7371,81,neck_3_joint,-0.013119779,0.63691914,0.124075584,0.5844328,0.40045738,0.59576416,0.3783356
1783532931.7371,81,neck_4_joint,-0.014343867,0.6736743,0.13980971,0.56638485,0.42318836,0.5851597,0.39712572
1783532931.7371,81,head_joint,-0.016296634,0.7172606,0.15546325,0.5079922,0.48998302,0.53771836,0.4612163
1783532931.7371,81,jaw_joint,-0.014826385,0.69194305,0.15808249,0.5079922,0.48998302,0.53771836,0.4612163
1783532931.7371,81,chin_joint,-0.011723363,0.63281244,0.252919,0.5079922,0.48998302,0.53771836,0.4612163
1783532931.7371,81,left_eye_joint,0.014185782,0.74337846,0.24487878,0.5122461,0.48553395,0.54172033,0.45650908
1783532931.7371,81,left_eyeLowerLid_joint,0.014185782,0.74337846,0.24487878,0.5122461,0.48553395,0.54172033,0.45650908
1783532931.7371,81,left_eyeUpperLid_joint,0.014185782,0.74337846,0.24487878,0.5122461,0.48553395,0.54172033,0.45650908
1783532931.7371,81,left_eyeball_joint,0.014185782,0.74337846,0.24487878,0.5122461,0.48553395,0.54172033,0.45650908
1783532931.7371,81,nose_joint,-0.016097996,0.7068772,0.26497197,0.51224864,0.48553127,0.5417228,0.45650625
1783532931.7371,81,right_eye_joint,-0.05033863,0.73960656,0.2446382,0.5122461,0.48553395,0.54172033,0.45650908
1783532931.7371,81,right_eyeLowerLid_joint,-0.05033863,0.73960656,0.2446382,0.5122461,0.48553395,0.54172033,0.45650908
1783532931.7371,81,right_eyeUpperLid_joint,-0.05033863,0.73960656,0.2446382,0.5122461,0.48553395,0.54172033,0.45650908
1783532931.7371,81,right_eyeball_joint,-0.05033863,0.73960656,0.2446382,0.5122461,0.48553395,0.54172033,0.45650908
1783532931.7371,81,right_shoulder_1_joint,-0.10093471,0.55264246,0.0855883,0.79597247,0.102691725,0.03398806,0.5955899
1783532931.7371,81,right_arm_joint,-0.24258952,0.52305746,0.09548315,0.7244645,0.4375495,0.31542286,0.42919737
1783532931.7371,81,right_forearm_joint,-0.35380298,0.28241062,0.07382254,0.57844394,0.6127183,0.16749984,0.51178414
1783532931.7371,81,right_hand_joint,-0.40553215,0.046517715,0.18995582,0.15396641,0.3885347,0.5025143,0.7568452
1783532931.7371,81,right_handIndexStart_joint,-0.39880157,0.027528698,0.2104506,0.119335525,0.43930477,0.5123908,0.7281663
1783532931.7371,81,right_handIndex_1_joint,-0.40594378,-0.040820293,0.25200954,0.119335525,0.43930477,0.5123908,0.7281663
1783532931.7371,81,right_handIndex_2_joint,-0.4100958,-0.080558464,0.2761714,0.119335525,0.43930477,0.5123908,0.7281663
1783532931.7371,81,right_handIndex_3_joint,-0.41242164,-0.10281181,0.28970268,0.119335525,0.43930477,0.5123908,0.7281663
1783532931.7371,81,right_handIndexEnd_joint,-0.41408283,-0.11870681,0.29936782,0.119335525,0.43930477,0.5123908,0.7281663
1783532931.7371,81,right_handMidStart_joint,-0.40855375,0.023835922,0.20305927,0.15346272,0.38921353,0.5029277,0.7563239
1783532931.7371,81,right_handMid_1_joint,-0.4230844,-0.043073945,0.23607895,0.15346272,0.38921353,0.5029277,0.7563239
1783532931.7371,81,right_handMid_2_joint,-0.43329528,-0.09009092,0.25928208,0.15346272,0.38921353,0.5029277,0.7563239
1783532931.7371,81,right_handMid_3_joint,-0.43918598,-0.117216356,0.27266842,0.15346272,0.38921353,0.5029277,0.7563239
1783532931.7371,81,right_handMidEnd_joint,-0.44311327,-0.13529953,0.2815927,0.15346272,0.38921353,0.5029277,0.7563239
1783532931.7371,81,right_handPinkyStart_joint,-0.42698112,0.018700374,0.18298282,0.21581715,0.30067527,0.51150703,0.7754857
1783532931.7371,81,right_handPinky_1_joint,-0.44577163,-0.039917994,0.19857569,0.21581715,0.30067527,0.51150703,0.7754857
1783532931.7371,81,right_handPinky_2_joint,-0.45737806,-0.076124,0.2082072,0.21581715,0.30067527,0.51150703,0.7754857
1783532931.7371,81,right_handPinky_3_joint,-0.46345705,-0.09508896,0.2132516,0.21581718,0.30067527,0.51150703,0.7754857
1783532931.7371,81,right_handPinkyEnd_joint,-0.4689837,-0.11232956,0.21783763,0.21581715,0.30067527,0.51150703,0.7754857
1783532931.7371,81,right_handRingStart_joint,-0.41714,0.020960646,0.193888,0.18563884,0.3459101,0.50766873,0.766914
1783532931.7371,81,right_handRing_1_joint,-0.43427032,-0.042401664,0.2177829,0.18563884,0.3459101,0.50766873,0.766914
1783532931.7371,81,right_handRing_2_joint,-0.44636202,-0.087127686,0.23464955,0.18563884,0.3459101,0.50766873,0.766914
1783532931.7371,81,right_handRing_3_joint,-0.45391977,-0.11508167,0.24519172,0.18563884,0.3459101,0.50766873,0.766914
1783532931.7371,81,right_handRingEnd_joint,-0.45895773,-0.1337184,0.25221932,0.18563884,0.3459101,0.50766873,0.766914
1783532931.7371,81,right_handThumbStart_joint,-0.3896129,0.024159942,0.204247,0.36694717,0.8559454,0.0825831,0.35480615
1783532931.7371,81,right_handThumb_1_joint,-0.36389816,-0.0127196405,0.23360565,0.36694717,0.8559454,0.0825831,0.35480615
1783532931.7371,81,right_handThumb_2_joint,-0.34551674,-0.039078534,0.25459185,0.36694717,0.8559454,0.082583085,0.35480615
1783532931.7371,81,right_handThumbEnd_joint,-0.33326235,-0.056651462,0.26858193,0.36694717,0.8559454,0.08258306,0.35480615
1783532931.7371,81,camera,0.113926426,0.07082676,-0.031995606,-0.07706071,-0.0798218,-0.6991734,0.7062908
