timestamp,frame,joint,pos_x,pos_y,pos_z,rot_x,rot_y,rot_z,rot_w
1783532935.9033,0,root,-8.631389e-05,0.022792472,-0.0042771613,-0.08695414,-0.0030620622,-0.0040344032,0.9961994
1783532935.9033,0,hips_joint,-8.631389e-05,0.022792472,-0.0042771613,-0.08695414,-0.0030620622,-0.0040344032,0.9961994
1783532935.9033,0,left_upLeg_joint,0.10022926,-0.002396004,0.0016774713,0.63070786,-0.32856232,0.6221588,-0.3273728
1783532935.9033,0,left_leg_joint,0.10441104,-0.34846067,0.24156864,-0.25940722,0.6557891,-0.32285357,0.6312005
1783532935.9033,0,left_foot_joint,0.07304554,-0.6904362,-0.060421962,0.6086226,-0.356271,0.64340657,-0.29778764
1783532935.9033,0,left_toes_joint,0.060854435,-0.8121752,0.024674807,0.6651169,-0.23445787,0.6881852,-0.17044127
1783532935.9033,0,left_toesEnd_joint,0.05738875,-0.8453245,0.0753579,0.6651169,-0.23445763,0.6881853,-0.17044143
1783532935.9033,0,right_upLeg_joint,-0.100840375,-0.0008820009,0.00030929386,0.3302431,0.6033815,0.38195053,0.61723924
1783532935.9033,0,right_leg_joint,-0.09245609,-0.36724773,0.20773494,0.6161871,0.31569684,0.6590159,0.2938491
1783532935.9033,0,right_foot_joint,-0.06138889,-0.72228175,-0.07882242,0.29038277,0.6285126,0.33757123,0.637727
1783532935.9033,0,right_toes_joint,-0.058711603,-0.84084773,0.011429605,0.16599415,0.67215794,0.21057999,0.69014925
1783532935.9033,0,right_toesEnd_joint,-0.059179883,-0.87201554,0.06346777,0.16599463,0.67215806,0.21057953,0.6901491
1783532935.9033,0,spine_1_joint,-8.6333675e-05,0.022792472,-0.0042771613,0.45473063,0.54104406,0.45678616,0.54022014
1783532935.9033,0,spine_2_joint,-0.00024544468,0.079515934,-0.014011449,0.4684121,0.5308857,0.4701196,0.52700865
1783532935.9033,0,spine_3_joint,-0.0005737328,0.13665792,-0.020868488,0.49627194,0.50274783,0.4997864,0.50117123
1783532935.9033,0,spine_4_joint,-0.00084343186,0.18970981,-0.021285793,0.5334881,0.46062925,0.53737146,0.46308017
1783532935.9033,0,spine_5_joint,-0.0009767412,0.2594423,-0.011166309,0.5773216,0.40216252,0.58143294,0.408535
1783532935.9033,0,spine_6_joint,-0.00094178907,0.34740946,0.02151485,0.58505,0.38594493,0.5971499,0.39009634
1783532935.9033,0,spine_7_joint,-0.002134769,0.44537154,0.06476179,0.5638853,0.41457134,0.5833163,0.4121967
1783532935.9033,0,left_shoulder_1_joint,0.08455592,0.55513436,0.09704889,-0.61394703,-0.01185378,-0.14031072,0.7766862
1783532935.9033,0,left_arm_joint,0.22385372,0.5256313,0.12470989,-0.3598886,0.27552983,-0.55731714,0.6956731
1783532935.9033,0,left_forearm_joint,0.28422248,0.2666294,0.12944093,-0.40476593,0.14737728,-0.75048864,0.5012098
1783532935.9033,0,left_hand_joint,0.23869257,0.033063527,0.25265652,0.6248963,-0.56935704,0.5106719,-0.1566885
1783532935.9033,0,left_handIndexStart_joint,0.22077939,0.01802675,0.2712446,0.5902642,-0.57869107,0.5498596,-0.11983017
1783532935.9033,0,left_handIndex_1_joint,0.19873755,-0.047421582,0.31223795,0.5902642,-0.57869107,0.5498596,-0.11983017
1783532935.9033,0,left_handIndex_2_joint,0.1859225,-0.08547294,0.3360713,0.5902642,-0.57869107,0.5498596,-0.11983017
1783532935.9033,0,left_handIndex_3_joint,0.17874609,-0.106781706,0.34941798,0.5902642,-0.57869107,0.5498596,-0.11983017
1783532935.9033,0,left_handIndexEnd_joint,0.17362006,-0.12200226,0.35895133,0.5902642,-0.57869107,0.5498596,-0.11983017
1783532935.9033,0,left_handMidStart_joint,0.23079418,0.011548202,0.2666502,0.6262172,-0.56909364,0.5088183,-0.15839288
1783532935.9033,0,left_handMid_1_joint,0.21821165,-0.054884147,0.30138752,0.6262172,-0.56909364,0.5088183,-0.15839288
1783532935.9033,0,left_handMid_2_joint,0.20936987,-0.10156633,0.32579756,0.6262172,-0.56909364,0.5088183,-0.15839288
1783532935.9033,0,left_handMid_3_joint,0.20426883,-0.12849836,0.3398803,0.6262172,-0.56909364,0.5088183,-0.15839288
1783532935.9033,0,left_handMidEnd_joint,0.20086814,-0.14645304,0.34926876,0.6262172,-0.56909364,0.5088183,-0.15839288
1783532935.9033,0,left_handPinkyStart_joint,0.25178406,0.00074215647,0.2521018,0.65638644,-0.57267606,0.43273154,-0.23225531
1783532935.9033,0,left_handPinky_1_joint,0.24985181,-0.059762057,0.2712833,0.65638644,-0.57267606,0.43273154,-0.23225531
1783532935.9033,0,left_handPinky_2_joint,0.24865836,-0.09713231,0.28313068,0.65638644,-0.57267606,0.43273154,-0.23225531
1783532935.9033,0,left_handPinky_3_joint,0.24803321,-0.1167072,0.28933644,0.65638644,-0.57267606,0.43273154,-0.23225531
1783532935.9033,0,left_handPinkyEnd_joint,0.2474649,-0.13450256,0.29497805,0.65638644,-0.57267606,0.43273154,-0.23225531
1783532935.9033,0,left_handRingStart_joint,0.24040054,0.006058366,0.26004106,0.64211535,-0.5713175,0.4719946,-0.19622724
1783532935.9033,0,left_handRing_1_joint,0.23352958,-0.05813096,0.2867197,0.64211535,-0.5713175,0.4719946,-0.19622724
1783532935.9033,0,left_handRing_2_joint,0.2286795,-0.103441074,0.3055517,0.64211535,-0.5713175,0.4719946,-0.19622724
1783532935.9033,0,left_handRing_3_joint,0.2256482,-0.1317599,0.31732172,0.64211535,-0.5713175,0.4719946,-0.19622724
1783532935.9033,0,left_handRingEnd_joint,0.22362731,-0.15063912,0.32516837,0.64211535,-0.5713175,0.4719946,-0.19622724
1783532935.9033,0,left_handThumbStart_joint,0.21296379,0.016782135,0.2627818,0.2273141,-0.06979287,0.9373235,-0.25471908
1783532935.9033,0,left_handThumb_1_joint,0.17178611,-0.0105646355,0.2837535,0.2273141,-0.06979287,0.9373235,-0.25471908
1783532935.9033,0,left_handThumb_2_joint,0.14235203,-0.03010969,0.29874432,0.22731411,-0.06979285,0.9373235,-0.25471908
1783532935.9033,0,left_handThumbEnd_joint,0.1227293,-0.043139733,0.30873817,0.22731408,-0.06979282,0.9373235,-0.25471908
1783532935.9033,0,neck_1_joint,-0.0052856132,0.57459784,0.10077192,0.6109322,0.34504658,0.62273175,0.34628043
1783532935.9033,0,neck_2_joint,-0.005696733,0.60018426,0.11642977,0.6058852,0.35513687,0.6144016,0.35957187
1783532935.9033,0,neck_3_joint,-0.005985658,0.63507175,0.13599454,0.59109914,0.37750727,0.60260606,0.38073146
1783532935.9033,0,neck_4_joint,-0.0064373277,0.67127776,0.15299222,0.5739827,0.4004588,0.5916593,0.40014526
1783532935.9033,0,head_joint,-0.007378981,0.71433896,0.17012262,0.51819366,0.46833658,0.54385626,0.46514186
1783532935.9033,0,jaw_joint,-0.0067258524,0.6889129,0.17188105,0.51819366,0.46833658,0.54385626,0.46514186
1783532935.9033,0,chin_joint,-0.0072702384,0.6264862,0.2646313,0.51819366,0.46833658,0.54385626,0.46514186
1783532935.9033,0,left_eye_joint,0.022119813,0.7364108,0.26094723,0.52225846,0.46379942,0.5478922,0.460381
1783532935.9033,0,left_eyeLowerLid_joint,0.022119813,0.7364108,0.26094723,0.52225846,0.46379942,0.5478922,0.460381
1783532935.9033,0,left_eyeUpperLid_joint,0.022119813,0.7364108,0.26094723,0.52225846,0.46379942,0.5478922,0.460381
1783532935.9033,0,left_eyeball_joint,0.022119813,0.7364108,0.26094723,0.52225846,0.46379942,0.5478922,0.460381
1783532935.9033,0,nose_joint,-0.0096408725,0.70019203,0.2791857,0.5222609,0.4637967,0.5478946,0.4603782
1783532935.9033,0,right_eye_joint,-0.04247196,0.73464316,0.2593784,0.52225846,0.46379942,0.5478922,0.460381
1783532935.9033,0,right_eyeLowerLid_joint,-0.04247196,0.73464316,0.2593784,0.52225846,0.46379942,0.5478922,0.460381
1783532935.9033,0,right_eyeUpperLid_joint,-0.04247196,0.73464316,0.2593784,0.52225846,0.46379942,0.5478922,0.460381
1783532935.9033,0,right_eyeball_joint,-0.04247196,0.73464316,0.2593784,0.52225846,0.46379942,0.5478922,0.460381
1783532935.9033,0,right_shoulder_1_joint,-0.09410705,0.5517759,0.093415536,0.77681214,0.16752087,0.03584593,0.60598266
1783532935.9033,0,right_arm_joint,-0.2306424,0.5077232,0.11478685,0.6808192,0.5655686,0.2664696,0.38159063
1783532935.9033,0,right_forearm_joint,-0.28869438,0.24879532,0.13308564,0.48415288,0.76124454,0.16069564,0.40034953
1783532935.9033,0,right_hand_joint,-0.23225097,0.01678997,0.2547243,0.14572537,0.51124805,0.5864657,0.6111037
1783532935.9033,0,right_handIndexStart_joint,-0.2149021,0.0022125435,0.27240014,0.10545674,0.55174303,0.5955057,0.57430977
1783532935.9033,0,right_handIndex_1_joint,-0.18935578,-0.062066186,0.3132091,0.10545674,0.55174303,0.5955057,0.57430977
1783532935.9033,0,right_handIndex_2_joint,-0.17450282,-0.099437796,0.3369348,0.10545674,0.55174303,0.5955057,0.57430977
1783532935.9033,0,right_handIndex_3_joint,-0.16618562,-0.120366044,0.35022202,0.10545674,0.55174303,0.5955057,0.57430977
1783532935.9033,0,right_handIndexEnd_joint,-0.16024476,-0.13531452,0.35971278,0.10545674,0.55174303,0.5955057,0.57430977
1783532935.9033,0,right_handMidStart_joint,-0.22454453,-0.004787624,0.2677747,0.14518622,0.51176846,0.58684534,0.6104317
1783532935.9033,0,right_handMid_1_joint,-0.20838451,-0.070545815,0.30231574,0.14518622,0.51176846,0.58684534,0.6104317
1783532935.9033,0,right_handMid_2_joint,-0.19702917,-0.116753586,0.326588,0.14518622,0.51176846,0.58684534,0.6104317
1783532935.9033,0,right_handMid_3_joint,-0.19047779,-0.14341211,0.34059113,0.14518622,0.51176846,0.58684534,0.6104317
1783532935.9033,0,right_handMidEnd_joint,-0.1861105,-0.1611841,0.3499266,0.14518622,0.51176846,0.58684534,0.6104317
1783532935.9033,0,right_handPinkyStart_joint,-0.24490169,-0.01667697,0.25317213,0.22114335,0.4377062,0.5911621,0.64034086
1783532935.9033,0,right_handPinky_1_joint,-0.23968713,-0.0770459,0.2721651,0.22114335,0.4377062,0.5911621,0.64034086
1783532935.9033,0,right_handPinky_2_joint,-0.23646656,-0.11433324,0.2838968,0.22114335,0.4377062,0.5911621,0.64034086
1783532935.9033,0,right_handPinky_3_joint,-0.23477924,-0.13386449,0.29004118,0.22114335,0.4377062,0.5911621,0.64034086
1783532935.9033,0,right_handPinkyEnd_joint,-0.23324564,-0.15162,0.29562724,0.22114335,0.4377062,0.5911621,0.64034086
1783532935.9033,0,right_handRingStart_joint,-0.23383161,-0.010773,0.2611393,0.18403538,0.47598016,0.58946085,0.62618685
1783532935.9033,0,right_handRing_1_joint,-0.22349082,-0.07457642,0.28762302,0.18403538,0.47598016,0.58946085,0.62618685
1783532935.9033,0,right_handRing_2_joint,-0.21619138,-0.11961378,0.30631703,0.18403538,0.47598016,0.58946085,0.62618685
1783532935.9033,0,right_handRing_3_joint,-0.21162945,-0.14776243,0.3180014,0.18403538,0.47598016,0.58946085,0.62618685
1783532935.9033,0,right_handRingEnd_joint,-0.20858753,-0.16652878,0.3257903,0.18403538,0.47598016,0.58946085,0.62618685
1783532935.9033,0,right_handThumbStart_joint,-0.2070231,0.0014229845,0.26394063,0.22937602,0.94371134,0.077567995,0.22534165
1783532935.9033,0,right_handThumb_1_joint,-0.16443165,-0.023703681,0.28486666,0.22937602,0.94371134,0.07756799,0.22534165
1783532935.9033,0,right_handThumb_2_joint,-0.13398744,-0.041661523,0.29982513,0.22937602,0.94371134,0.07756798,0.22534165
1783532935.9033,0,right_handThumbEnd_joint,-0.11369131,-0.05363376,0.30979672,0.22937602,0.94371134,0.07756796,0.22534165
1783532935.9033,0,camera,0.10762399,0.07037145,-0.034221508,-0.080918275,-0.07339776,-0.6984007,0.70731986
1783532935.9376,1,root,-0.00018024893,0.02262011,-0.0045378166,-0.086778454,-0.003078634,-0.004929023,0.9962107
1783532935.9376,1,hips_joint,-0.00018024893,0.02262011,-0.0045378166,-0.086778454,-0.003078634,-0.004929023,0.9962107
1783532935.9376,1,left_upLeg_joint,0.10008925,-0.002748854,0.0014268326,0.62926763,-0.330544,0.62239414,-0.32770175
1783532935.9376,1,left_leg_joint,0.10292418,-0.34970263,0.24005014,-0.25902632,0.65557986,-0.324748,0.6306022
1783532935.9376,1,left_foot_joint,0.070687436,-0.6923161,-0.061124608,0.6081938,-0.35634118,0.64452887,-0.29614836
1783532935.9376,1,left_toes_joint,0.058050565,-0.8138071,0.024261273,0.6647091,-0.23460801,0.6889766,-0.16861892
1783532935.9376,1,left_toesEnd_joint,0.05444412,-0.8468209,0.0750229,0.6647092,-0.23460783,0.6889765,-0.16861916
1783532935.9376,1,right_upLeg_joint,-0.100977115,-0.00087677955,2.1067857e-05,0.32943466,0.60377425,0.38061237,0.61811316
1783532935.9376,1,right_leg_joint,-0.09305296,-0.36652514,0.20872654,0.61548954,0.31680828,0.6583623,0.29557475
1783532935.9376,1,right_foot_joint,-0.062130257,-0.72284687,-0.07624368,0.28914812,0.6289572,0.33599252,0.6386825
1783532935.9376,1,right_toes_joint,-0.059603214,-0.84101546,0.01453227,0.16469762,0.67236054,0.20884886,0.6907882
1783532935.9376,1,right_toesEnd_joint,-0.060126524,-0.8719527,0.06670723,0.16469806,0.67236066,0.2088484,0.6907881
1783532935.9376,1,spine_1_joint,-0.00018026872,0.02262011,-0.0045378166,0.45507267,0.5406338,0.45682192,0.5403128
1783532935.9376,1,spine_2_joint,-0.0002920441,0.07935047,-0.014232512,0.46850964,0.53061736,0.4704,0.52694225
1783532935.9376,1,spine_3_joint,-0.0006178908,0.13649736,-0.021048825,0.4961138,0.50264853,0.50021875,0.50099605
1783532935.9376,1,spine_4_joint,-0.0009228758,0.18954928,-0.021437127,0.5330659,0.46075708,0.5378985,0.4628272
1783532935.9376,1,spine_5_joint,-0.0011525396,0.25927925,-0.011301933,0.5766628,0.40262112,0.5819635,0.40825853
1783532935.9376,1,spine_6_joint,-0.0013027529,0.34725696,0.02135054,0.58421266,0.3866558,0.5976697,0.3898514
1783532935.9376,1,spine_7_joint,-0.002746349,0.44525138,0.06451656,0.5629279,0.41537592,0.5838103,0.41199607
1783532935.9376,1,left_shoulder_1_joint,0.083659686,0.5552522,0.09675674,-0.61412567,-0.013133734,-0.13942702,0.7766837
1783532935.9376,1,left_arm_joint,0.2230199,0.526177,0.12455596,-0.35968736,0.2750199,-0.5569547,0.6962692
1783532935.9376,1,left_forearm_joint,0.28375292,0.2672597,0.12925945,-0.40436226,0.14684893,-0.7505769,0.5015588
1783532935.9376,1,left_hand_joint,0.23823537,0.03367613,0.25244623,0.62478393,-0.56898814,0.51106054,-0.15721023
1783532935.9376,1,left_handIndexStart_joint,0.22030906,0.018628461,0.27101284,0.5901272,-0.5783568,0.55023986,-0.120374925
1783532935.9376,1,left_handIndex_1_joint,0.19826218,-0.04683091,0.31198597,0.5901272,-0.5783568,0.55023986,-0.120374925
1783532935.9376,1,left_handIndex_2_joint,0.18544424,-0.08488868,0.33580756,0.5901272,-0.5783568,0.55023986,-0.120374925
1783532935.9376,1,left_handIndex_3_joint,0.17826618,-0.10620104,0.34914768,0.5901272,-0.5783568,0.55023986,-0.120374925
1783532935.9376,1,left_handIndexEnd_joint,0.17313899,-0.121424146,0.35867628,0.5901272,-0.5783568,0.55023986,-0.120374925
1783532935.9376,1,left_handMidStart_joint,0.23033465,0.01215676,0.2664324,0.62610596,-0.56872344,0.5092072,-0.1589137
1783532935.9376,1,left_handMid_1_joint,0.21775602,-0.054280393,0.30116203,0.62610596,-0.56872344,0.5092072,-0.1589137
1783532935.9376,1,left_handMid_2_joint,0.20891696,-0.10096596,0.32556668,0.62610596,-0.56872344,0.5092072,-0.1589137
1783532935.9376,1,left_handMid_3_joint,0.20381752,-0.12789994,0.33964625,0.62610596,-0.56872344,0.5092072,-0.1589137
1783532935.9376,1,left_handMidEnd_joint,0.20041788,-0.14585593,0.34903267,0.62610596,-0.56872344,0.5092072,-0.1589137
1783532935.9376,1,left_handPinkyStart_joint,0.25135162,0.0013644266,0.25191295,0.6563313,-0.57225114,0.43311274,-0.23274812
1783532935.9376,1,left_handPinky_1_joint,0.24943925,-0.05913871,0.2710999,0.6563313,-0.57225114,0.43311274,-0.23274812
1783532935.9376,1,left_handPinky_2_joint,0.24825807,-0.0965083,0.28295067,0.6563313,-0.57225114,0.43311274,-0.23274812
1783532935.9376,1,left_handPinky_3_joint,0.24763936,-0.11608285,0.2891582,0.6563313,-0.57225114,0.43311274,-0.23274812
1783532935.9376,1,left_handPinkyEnd_joint,0.24707691,-0.13387789,0.2948014,0.6563313,-0.57225114,0.43311274,-0.23274812
1783532935.9376,1,left_handRingStart_joint,0.23995374,0.006673207,0.25983658,0.64203167,-0.57091904,0.4723799,-0.19673471
1783532935.9376,1,left_handRing_1_joint,0.23309557,-0.057517752,0.28651473,0.64203167,-0.57091904,0.4723799,-0.19673471
1783532935.9376,1,left_handRing_2_joint,0.2282545,-0.10282902,0.30534634,0.64203167,-0.57091904,0.4723799,-0.19673471
1783532935.9376,1,left_handRing_3_joint,0.22522885,-0.13114856,0.3171161,0.64203167,-0.57091904,0.4723799,-0.19673471
1783532935.9376,1,left_handRingEnd_joint,0.22321172,-0.15002824,0.32496265,0.64203167,-0.57091904,0.4723799,-0.19673471
1783532935.9376,1,left_handThumbStart_joint,0.21250544,0.01737691,0.26253995,0.22674297,-0.06947962,0.9373821,-0.25509864
1783532935.9376,1,left_handThumb_1_joint,0.17132065,-0.009997762,0.28346136,0.22674297,-0.06947962,0.9373821,-0.25509864
1783532935.9376,1,left_handThumb_2_joint,0.14188147,-0.029562762,0.29841617,0.22674297,-0.06947961,0.9373821,-0.25509864
1783532935.9376,1,left_handThumbEnd_joint,0.12225535,-0.0426061,0.30838603,0.22674295,-0.06947957,0.9373821,-0.25509864
1783532935.9376,1,neck_1_joint,-0.006230331,0.5745092,0.100382775,0.6100755,0.34595567,0.62320644,0.34603003
1783532935.9376,1,neck_2_joint,-0.006714628,0.6001116,0.11601228,0.60501295,0.35602996,0.6148842,0.35933274
1783532935.9376,1,neck_3_joint,-0.0071018245,0.63501966,0.13553867,0.5901943,0.37836763,0.603095,0.3805076
1783532935.9376,1,neck_4_joint,-0.007652686,0.6712431,0.15249637,0.5730449,0.40128496,0.5921513,0.39993453
1783532935.9376,1,head_joint,-0.008709705,0.71432066,0.16957891,0.51716113,0.46904376,0.54436374,0.4649853
1783532935.9376,1,jaw_joint,-0.0079985075,0.68889815,0.17136566,0.51716113,0.46904376,0.54436374,0.4649853
1783532935.9376,1,chin_joint,-0.008475125,0.6265714,0.26418364,0.51716113,0.46904376,0.54436374,0.4649853
1783532935.9376,1,left_eye_joint,0.02066046,0.73656064,0.26040423,0.52123207,0.4645156,0.5483983,0.46022007
1783532935.9376,1,left_eyeLowerLid_joint,0.02066046,0.73656064,0.26040423,0.52123207,0.4645156,0.5483983,0.46022007
1783532935.9376,1,left_eyeUpperLid_joint,0.02066046,0.73656064,0.26040423,0.52123207,0.4645156,0.5483983,0.46022007
1783532935.9376,1,left_eyeball_joint,0.02066046,0.73656064,0.26040423,0.52123207,0.4645156,0.5483983,0.46022007
1783532935.9376,1,nose_joint,-0.011030732,0.7002874,0.27865547,0.5212346,0.4645129,0.5484007,0.46021724
1783532935.9376,1,right_eye_joint,-0.043925665,0.7346399,0.25878283,0.52123207,0.4645156,0.5483983,0.46022007
1783532935.9376,1,right_eyeLowerLid_joint,-0.043925665,0.7346399,0.25878283,0.52123207,0.4645156,0.5483983,0.46022007
1783532935.9376,1,right_eyeUpperLid_joint,-0.043925665,0.7346399,0.25878283,0.52123207,0.4645156,0.5483983,0.46022007
1783532935.9376,1,right_eyeball_joint,-0.043925665,0.7346399,0.25878283,0.52123207,0.4645156,0.5483983,0.46022007
1783532935.9376,1,right_shoulder_1_joint,-0.09499182,0.5514711,0.092976436,0.7763999,0.16755208,0.03606155,0.60648936
1783532935.9376,1,right_arm_joint,-0.23151962,0.50738823,0.11433359,0.6803108,0.56586593,0.2666383,0.38193884
1783532935.9376,1,right_forearm_joint,-0.28934485,0.24842215,0.13280855,0.4834592,0.7614569,0.1606367,0.40080765
1783532935.9376,1,right_hand_joint,-0.23273829,0.016618004,0.25475475,0.14489566,0.5114531,0.5865464,0.6110521
1783532935.9376,1,right_handIndexStart_joint,-0.21538614,0.0020795607,0.27245948,0.10462354,0.55194455,0.5955294,0.574244
1783532935.9376,1,right_handIndex_1_joint,-0.18979953,-0.06212462,0.31336048,0.10462354,0.55194455,0.5955294,0.574244
1783532935.9376,1,right_handIndex_2_joint,-0.17492318,-0.09945289,0.33713973,0.10462354,0.55194455,0.5955294,0.574244
1783532935.9376,1,right_handIndex_3_joint,-0.16659288,-0.12035687,0.35045692,0.10462354,0.55194455,0.5955294,0.574244
1783532935.9376,1,right_handIndexEnd_joint,-0.16064265,-0.135288,0.35996908,0.10462354,0.55194455,0.5955294,0.574244
1783532935.9376,1,right_handMidStart_joint,-0.22501786,-0.004936242,0.26783547,0.14435646,0.5119736,0.5869252,0.6103797
1783532935.9376,1,right_handMid_1_joint,-0.20881169,-0.07063715,0.3024638,0.14435646,0.5119736,0.5869252,0.6103797
1783532935.9376,1,right_handMid_2_joint,-0.19742389,-0.11680467,0.32679737,0.14435646,0.5119736,0.5869252,0.6103797
1783532935.9376,1,right_handMid_3_joint,-0.1908538,-0.14343996,0.34083587,0.14435646,0.5119736,0.5869252,0.6103797
1783532935.9376,1,right_handMidEnd_joint,-0.18647404,-0.16119646,0.35019496,0.14435646,0.5119736,0.5869252,0.6103797
1783532935.9376,1,right_handPinkyStart_joint,-0.24535221,-0.016864201,0.25323257,0.22033429,0.43794417,0.5913271,0.64030486
1783532935.9376,1,right_handPinky_1_joint,-0.24008642,-0.07720554,0.27229902,0.22033429,0.43794417,0.5913271,0.64030486
1783532935.9376,1,right_handPinky_2_joint,-0.2368342,-0.11447583,0.28407612,0.22033429,0.43794417,0.5913271,0.64030486
1783532935.9376,1,right_handPinky_3_joint,-0.23513031,-0.13399814,0.29024428,0.22033429,0.43794417,0.5913271,0.64030486
1783532935.9376,1,right_handPinkyEnd_joint,-0.23358163,-0.15174553,0.29585195,0.22033429,0.43794417,0.5913271,0.64030486
1783532935.9376,1,right_handRingStart_joint,-0.23429395,-0.010939204,0.26120058,0.18321471,0.4762022,0.5895833,0.6261436
1783532935.9376,1,right_handRing_1_joint,-0.22390346,-0.07470088,0.28776526,0.18321471,0.4762022,0.5895833,0.6261436
1783532935.9376,1,right_handRing_2_joint,-0.21656895,-0.11970876,0.30651644,0.18321471,0.4762022,0.5895833,0.6261436
1783532935.9376,1,right_handRing_3_joint,-0.21198507,-0.14783901,0.31823653,0.18321471,0.4762022,0.5895833,0.6261436
1783532935.9376,1,right_handRingEnd_joint,-0.20892854,-0.16659307,0.32604927,0.18321471,0.4762022,0.5895833,0.6261436
1783532935.9376,1,right_handThumbStart_joint,-0.20750043,0.0012886322,0.26400635,0.22871508,0.9438002,0.07722178,0.22576001
1783532935.9376,1,right_handThumb_1_joint,-0.1648967,-0.02376833,0.28499097,0.22871508,0.9438002,0.07722177,0.22576001
1783532935.9376,1,right_handThumb_2_joint,-0.13444373,-0.04167634,0.2999913,0.22871506,0.9438002,0.07722176,0.22576001
1783532935.9376,1,right_handThumbEnd_joint,-0.11414175,-0.053615358,0.3099908,0.22871506,0.9438002,0.07722174,0.22576001
1783532935.9376,1,camera,0.10758119,0.07051379,-0.034054015,-0.07977758,-0.0736042,-0.69810295,0.70772177
1783532935.9696,2,root,-4.6275463e-06,0.02283189,-0.0044483687,-0.0895805,-0.0029265867,-0.004183601,0.99596643
1783532935.9696,2,hips_joint,-4.6275463e-06,0.02283189,-0.0044483687,-0.0895805,-0.0029265867,-0.004183601,0.99596643
1783532935.9696,2,left_upLeg_joint,0.10030401,-0.0023589015,0.0016125878,0.63127726,-0.32745892,0.62282807,-0.32610548
1783532935.9696,2,left_leg_joint,0.10439363,-0.34751427,0.24281162,-0.2576242,0.6564874,-0.32196334,0.6316594
1783532935.9696,2,left_foot_joint,0.07271494,-0.688206,-0.060593966,0.60764974,-0.35792032,0.64298874,-0.29869792
1783532935.9696,2,left_toes_joint,0.060332946,-0.8102778,0.023997048,0.6644741,-0.23626164,0.6879475,-0.17141417
1783532935.9696,2,left_toesEnd_joint,0.056803945,-0.84363055,0.07454212,0.6644741,-0.23626141,0.6879475,-0.17141438
1783532935.9696,2,right_upLeg_joint,-0.10076547,-0.00078387256,0.00028929947,0.32441276,0.6074536,0.37656647,0.61964023
1783532935.9696,2,right_leg_joint,-0.09166799,-0.3632621,0.2144065,0.6146213,0.3205773,0.6566896,0.29703432
1783532935.9696,2,right_foot_joint,-0.06056012,-0.7218756,-0.067653805,0.28614044,0.63138896,0.33377546,0.6387999
1783532935.9696,2,right_toes_joint,-0.05756214,-0.8392773,0.02409747,0.16128357,0.6741781,0.20664975,0.69048333
1783532935.9696,2,right_toesEnd_joint,-0.057899367,-0.8697798,0.076529354,0.16128404,0.67417824,0.20664929,0.6904832
1783532935.9696,2,spine_1_joint,-4.647323e-06,0.02283189,-0.0044483687,0.45403323,0.5415488,0.45626217,0.54074323
1783532935.9696,2,spine_2_joint,-0.00017159276,0.0795332,-0.014310698,0.46820575,0.53076786,0.4705166,0.52695614
1783532935.9696,2,spine_3_joint,-0.0005284767,0.13667746,-0.021147149,0.49631152,0.5021484,0.50088394,0.50063646
1783532935.9696,2,spine_4_joint,-0.0008508044,0.18972984,-0.021444172,0.53354293,0.45968887,0.5389651,0.46209785
1783532935.9696,2,spine_5_joint,-0.0011035661,0.25942537,-0.011075592,0.5771051,0.40119168,0.58320934,0.40726098
1783532935.9696,2,spine_6_joint,-0.0013112098,0.34726584,0.021943966,0.5843297,0.3853018,0.5989993,0.38897407
1783532935.9696,2,spine_7_joint,-0.002872775,0.4450965,0.06547571,0.5624974,0.41450718,0.5850604,0.41168532
1783532935.9696,2,left_shoulder_1_joint,0.08337145,0.5550975,0.09814557,-0.6143519,-0.015372515,-0.1403789,0.77629185
1783532935.9696,2,left_arm_joint,0.22263591,0.5262236,0.12662625,-0.360057,0.2718337,-0.5579858,0.69650334
1783532935.9696,2,left_forearm_joint,0.28368416,0.26741105,0.13278314,-0.40419063,0.14306799,-0.7518419,0.5008939
1783532935.9696,2,left_hand_joint,0.23773535,0.034587916,0.25724232,0.6242468,-0.56673,0.5143462,-0.15678225
1783532935.9696,2,left_handIndexStart_joint,0.21972956,0.019646065,0.27581742,0.5893802,-0.5760753,0.55348426,-0.12009572
1783532935.9696,2,left_handIndex_1_joint,0.19753048,-0.045565847,0.31710163,0.5893802,-0.5760753,0.55348426,-0.12009572
1783532935.9696,2,left_handIndex_2_joint,0.18462403,-0.083479755,0.34110403,0.5893802,-0.5760753,0.55348426,-0.12009572
1783532935.9696,2,left_handIndex_3_joint,0.17739643,-0.10471155,0.35454538,0.5893802,-0.5760753,0.55348426,-0.12009572
1783532935.9696,2,left_handIndexEnd_joint,0.17223385,-0.119877115,0.36414638,0.5893802,-0.5760753,0.55348426,-0.12009572
1783532935.9696,2,left_handMidStart_joint,0.22978207,0.013152714,0.27132756,0.6255788,-0.56646645,0.51249456,-0.15848012
1783532935.9696,2,left_handMid_1_joint,0.21708226,-0.053069867,0.3064209,0.6255788,-0.56646645,0.51249456,-0.15848012
1783532935.9696,2,left_handMid_2_joint,0.20815808,-0.099604644,0.3310811,0.6255788,-0.56646645,0.51249456,-0.15848012
1783532935.9696,2,left_handMid_3_joint,0.2030095,-0.12645163,0.3453081,0.6255788,-0.56646645,0.51249456,-0.15848012
1783532935.9696,2,left_handMidEnd_joint,0.19957712,-0.14434963,0.35479277,0.6255788,-0.56646645,0.51249456,-0.15848012
1783532935.9696,2,left_handPinkyStart_joint,0.25087747,0.0022834062,0.2569803,0.6562274,-0.57004684,0.4364586,-0.23219745
1783532935.9696,2,left_handPinky_1_joint,0.24891533,-0.058096856,0.2765454,0.6562274,-0.57004684,0.4364586,-0.23219745
1783532935.9696,2,left_handPinky_2_joint,0.24770342,-0.09539054,0.28862974,0.6562274,-0.57004684,0.4364586,-0.23219745
1783532935.9696,2,left_handPinky_3_joint,0.24706861,-0.11492533,0.2949596,0.6562274,-0.57004684,0.4364586,-0.23219745
1783532935.9696,2,left_handPinkyEnd_joint,0.2464915,-0.13268423,0.30071408,0.6562274,-0.57004684,0.4364586,-0.23219745
1783532935.9696,2,left_handRingStart_joint,0.2394372,0.0076342607,0.26481402,0.6417163,-0.5686819,0.4756994,-0.19624142
1783532935.9696,2,left_handRing_1_joint,0.23249546,-0.056389444,0.2918696,0.6417163,-0.5686819,0.4756994,-0.19624142
1783532935.9696,2,left_handRing_2_joint,0.2275954,-0.10158266,0.31096765,0.6417163,-0.5686819,0.4756994,-0.19624142
1783532935.9696,2,left_handRing_3_joint,0.22453287,-0.12982841,0.32290396,0.6417163,-0.5686819,0.4756994,-0.19624142
1783532935.9696,2,left_handRingEnd_joint,0.22249119,-0.14865892,0.3308615,0.6417163,-0.5686819,0.4756994,-0.19624142
1783532935.9696,2,left_handThumbStart_joint,0.21196832,0.018334337,0.2673148,0.22529842,-0.06576725,0.9380557,-0.2548855
1783532935.9696,2,left_handThumb_1_joint,0.1707018,-0.008936724,0.2882103,0.22529842,-0.06576725,0.9380557,-0.2548855
1783532935.9696,2,left_handThumb_2_joint,0.14120421,-0.02842766,0.3031466,0.22529842,-0.06576724,0.9380557,-0.25488552
1783532935.9696,2,left_handThumbEnd_joint,0.12153914,-0.041421622,0.31310412,0.2252984,-0.065767206,0.9380557,-0.25488552
1783532935.9696,2,neck_1_joint,-0.0065417606,0.5742778,0.10159807,0.60955745,0.34514293,0.6244157,0.34557363
1783532935.9696,2,neck_2_joint,-0.0070828777,0.59984773,0.11727876,0.6045144,0.355208,0.61610293,0.3588966
1783532935.9696,2,neck_3_joint,-0.0075433212,0.63471544,0.13687558,0.5897227,0.3775269,0.60432726,0.38011754
1783532935.9696,2,neck_4_joint,-0.008162365,0.67090356,0.15390605,0.57259744,0.40042576,0.59339416,0.39959344
1783532935.9696,2,head_joint,-0.009293171,0.7139452,0.17107418,0.5168108,0.46813485,0.5456351,0.46479994
1783532935.9696,2,jaw_joint,-0.0085665155,0.6885197,0.17281057,0.5168108,0.46813485,0.5456351,0.46479994
1783532935.9696,2,chin_joint,-0.009214552,0.62600267,0.26549932,0.5168108,0.46813485,0.5456351,0.46479994
1783532935.9696,2,left_eye_joint,0.019844705,0.7360217,0.26201412,0.52087384,0.4636098,0.549668,0.46002367
1783532935.9696,2,left_eyeLowerLid_joint,0.019844705,0.7360217,0.26201412,0.52087384,0.4636098,0.549668,0.46002367
1783532935.9696,2,left_eyeUpperLid_joint,0.019844705,0.7360217,0.26201412,0.52087384,0.4636098,0.549668,0.46002367
1783532935.9696,2,left_eyeball_joint,0.019844705,0.7360217,0.26201412,0.52087384,0.4636098,0.549668,0.46002367
1783532935.9696,2,nose_joint,-0.011861478,0.6996868,0.28011593,0.5208763,0.46360704,0.5496704,0.46002078
1783532935.9696,2,right_eye_joint,-0.044735868,0.73405457,0.2602358,0.52087384,0.4636098,0.549668,0.46002367
1783532935.9696,2,right_eyeLowerLid_joint,-0.044735868,0.73405457,0.2602358,0.52087384,0.4636098,0.549668,0.46002367
1783532935.9696,2,right_eyeUpperLid_joint,-0.044735868,0.73405457,0.2602358,0.52087384,0.4636098,0.549668,0.46002367
1783532935.9696,2,right_eyeball_joint,-0.044735868,0.73405457,0.2602358,0.52087384,0.4636098,0.549668,0.46002367
1783532935.9696,2,right_shoulder_1_joint,-0.095267564,0.5511866,0.093934394,0.7760488,0.16769312,0.03653107,0.6068713
1783532935.9696,2,right_arm_joint,-0.23177177,0.5070024,0.115232915,0.67920595,0.5666064,0.26635936,0.38300034
1783532935.9696,2,right_forearm_joint,-0.28923,0.24800761,0.1344358,0.48179874,0.76201695,0.1595377,0.40217906
1783532935.9696,2,right_hand_joint,-0.23235478,0.016855316,0.25748911,0.1427442,0.5125617,0.58600575,0.61114824
1783532935.9696,2,right_handIndexStart_joint,-0.21499702,0.0024272716,0.27527842,0.1025149,0.55305856,0.5948428,0.574264
1783532935.9696,2,right_handIndex_1_joint,-0.18934399,-0.061546892,0.31649697,0.1025149,0.55305856,0.5948428,0.574264
1783532935.9696,2,right_handIndex_2_joint,-0.17442901,-0.098741435,0.3404608,0.1025149,0.55305856,0.5948428,0.574264
1783532935.9696,2,right_handIndex_3_joint,-0.16607708,-0.119570516,0.35388136,0.1025149,0.55305856,0.5948428,0.574264
1783532935.9696,2,right_handIndexEnd_joint,-0.1601114,-0.13444816,0.3634674,0.1025149,0.55305856,0.5948428,0.574264
1783532935.9696,2,right_handMidStart_joint,-0.22461134,-0.0046261665,0.27067542,0.1422059,0.5130829,0.5863824,0.6104745
1783532935.9696,2,right_handMid_1_joint,-0.20832907,-0.070141755,0.30561772,0.1422059,0.5130829,0.5863824,0.6104745
1783532935.9696,2,right_handMid_2_joint,-0.1968878,-0.11617904,0.3301719,0.1422059,0.5130829,0.5863824,0.6104745
1783532935.9696,2,right_handMid_3_joint,-0.19028687,-0.14273922,0.34433767,0.1422059,0.5130829,0.5863824,0.6104745
1783532935.9696,2,right_handMidEnd_joint,-0.18588655,-0.16044563,0.3537816,0.1422059,0.5130829,0.5863824,0.6104745
1783532935.9696,2,right_handPinkyStart_joint,-0.24490851,-0.016655443,0.256104,0.21817827,0.43911338,0.59101963,0.64052606
1783532935.9696,2,right_handPinky_1_joint,-0.23955865,-0.07690086,0.27544832,0.21817827,0.43911338,0.59101963,0.64052606
1783532935.9696,2,right_handPinky_2_joint,-0.2362545,-0.11411191,0.28739703,0.21817827,0.43911338,0.59101963,0.64052606
1783532935.9696,2,right_handPinky_3_joint,-0.2345234,-0.13360319,0.29365507,0.21817827,0.43911338,0.59101963,0.64052606
1783532935.9696,2,right_handPinkyEnd_joint,-0.23295002,-0.15132236,0.29934448,0.21817827,0.43911338,0.59101963,0.64052606
1783532935.9696,2,right_handRingStart_joint,-0.23386951,-0.01067522,0.26405743,0.18105821,0.47734275,0.5891565,0.62630385
1783532935.9696,2,right_handRing_1_joint,-0.22339733,-0.07429815,0.290921,0.18105821,0.47734275,0.5891565,0.62630385
1783532935.9696,2,right_handRing_2_joint,-0.21600513,-0.1192081,0.30988315,0.18105821,0.47734275,0.5891565,0.62630385
1783532935.9696,2,right_handRing_3_joint,-0.21138522,-0.14727712,0.32173508,0.18105821,0.47734275,0.5891565,0.62630385
1783532935.9696,2,right_handRingEnd_joint,-0.20830469,-0.16599038,0.32963574,0.18105821,0.47734275,0.5891565,0.62630385
1783532935.9696,2,right_handThumbStart_joint,-0.20710053,0.0016120374,0.2668377,0.22733721,0.944046,0.07541733,0.22673172
1783532935.9696,2,right_handThumb_1_joint,-0.16447654,-0.0232754,0.28798226,0.22733721,0.944046,0.07541733,0.22673172
1783532935.9696,2,right_handThumb_2_joint,-0.13400911,-0.04106223,0.30309692,0.22733721,0.944046,0.07541732,0.22673172
1783532935.9696,2,right_handThumbEnd_joint,-0.11369749,-0.052920464,0.3131726,0.2273372,0.944046,0.075417295,0.22673172
1783532935.9696,2,camera,0.10769632,0.07054478,-0.034055546,-0.080224395,-0.07511383,-0.69789934,0.70771354
1783532936.0042,3,root,-2.4956983e-06,0.022922972,-0.0044694543,-0.09027185,-0.0029821822,-0.0044155107,0.99590296
1783532936.0042,3,hips_joint,-2.4956983e-06,0.022922972,-0.0044694543,-0.09027185,-0.0029821822,-0.0044155107,0.99590296
1783532936.0042,3,left_upLeg_joint,0.100293726,-0.0023051691,0.0016412166,0.6318804,-0.32778352,0.62212664,-0.32595065
1783532936.0042,3,left_leg_joint,0.104939684,-0.34752586,0.24273692,-0.25545546,0.6585862,-0.31998107,0.6313629
1783532936.0042,3,left_foot_joint,0.0719006,-0.68617386,-0.062804356,0.6072367,-0.36090994,0.6412454,-0.299687
1783532936.0042,3,left_toes_joint,0.059545346,-0.80877656,0.02101941,0.6646352,-0.23927529,0.6864233,-0.17271572
1783532936.0042,3,left_toesEnd_joint,0.05609661,-0.8424536,0.071354575,0.6646353,-0.23927508,0.6864233,-0.17271595
1783532936.0042,3,right_upLeg_joint,-0.1007748,-0.0006401968,0.000286147,0.32195854,0.6080764,0.37472138,0.62142545
1783532936.0042,3,right_leg_joint,-0.09220722,-0.36163223,0.21692123,0.61304945,0.32132322,0.65755075,0.2975714
1783532936.0042,3,right_foot_joint,-0.059626233,-0.72076005,-0.06431732,0.28444305,0.6310069,0.3341223,0.63975376
1783532936.0042,3,right_toes_joint,-0.05670303,-0.837971,0.027680052,0.15968932,0.67348117,0.20680948,0.6914856
1783532936.0042,3,right_toesEnd_joint,-0.05714621,-0.868368,0.08017231,0.1596898,0.6734813,0.20680901,0.69148546
1783532936.0042,3,spine_1_joint,-2.5154748e-06,0.022922972,-0.0044694543,0.45389175,0.5415081,0.45613185,0.541013
1783532936.0042,3,spine_2_joint,-0.00015068785,0.07961938,-0.0143603105,0.46816096,0.5305504,0.47069785,0.52705336
1783532936.0042,3,spine_3_joint,-0.00050063385,0.13676545,-0.021182174,0.4962582,0.5018081,0.50133216,0.50058234
1783532936.0042,3,spine_4_joint,-0.0008343722,0.189818,-0.02143749,0.5333901,0.45929548,0.5396272,0.4618932
1783532936.0042,3,spine_5_joint,-0.0011366202,0.25950184,-0.010991837,0.5767733,0.40086007,0.5840189,0.40689796
1783532936.0042,3,spine_6_joint,-0.00147218,0.34730285,0.022131462,0.58379465,0.38508695,0.5999233,0.3885667
1783532936.0042,3,spine_7_joint,-0.0032362007,0.44508636,0.065761276,0.56170964,0.41445574,0.5860829,0.41135868
1783532936.0042,3,left_shoulder_1_joint,0.082747325,0.5552235,0.098658904,-0.61409825,-0.017970566,-0.1402264,0.7764646
1783532936.0042,3,left_arm_joint,0.22199905,0.5268387,0.12768808,-0.35880175,0.26985958,-0.55854136,0.69747335
1783532936.0042,3,left_forearm_joint,0.28328627,0.26809043,0.13417055,-0.40205547,0.14155471,-0.7531375,0.5010969
1783532936.0042,3,left_hand_joint,0.23652352,0.03532732,0.25843927,0.6226637,-0.566301,0.5162915,-0.15822971
1783532936.0042,3,left_handIndexStart_joint,0.218404,0.020398667,0.27691418,0.5876749,-0.57574,0.55532247,-0.121569104
1783532936.0042,3,left_handIndex_1_joint,0.19593963,-0.044790685,0.31809053,0.5876749,-0.57574,0.55532247,-0.121569104
1783532936.0042,3,left_handIndex_2_joint,0.18287894,-0.082691476,0.34203026,0.5876749,-0.57574,0.55532247,-0.121569104
1783532936.0042,3,left_handIndex_3_joint,0.17556497,-0.103915915,0.3554365,0.5876749,-0.57574,0.55532247,-0.121569104
1783532936.0042,3,left_handIndexEnd_joint,0.1703407,-0.11907623,0.36501238,0.5876749,-0.57574,0.55532247,-0.121569104
1783532936.0042,3,left_handMidStart_joint,0.22848007,0.013899958,0.27248526,0.6240013,-0.56603307,0.5144441,-0.15992692
1783532936.0042,3,left_handMid_1_joint,0.21555053,-0.052305773,0.3075266,0.6240013,-0.56603307,0.5144441,-0.15992692
1783532936.0042,3,left_handMid_2_joint,0.20646492,-0.09882871,0.33215022,0.6240013,-0.56603307,0.5144441,-0.15992692
1783532936.0042,3,left_handMid_3_joint,0.20122321,-0.12566887,0.34635615,0.6240013,-0.56603307,0.5144441,-0.15992692
1783532936.0042,3,left_handMidEnd_joint,0.19772874,-0.14356232,0.3558268,0.6240013,-0.56603307,0.5144441,-0.15992692
1783532936.0042,3,left_handPinkyStart_joint,0.24965465,0.0030177187,0.25826493,0.6548837,-0.5694174,0.43851236,-0.2336636
1783532936.0042,3,left_handPinky_1_joint,0.24755542,-0.057355117,0.27783892,0.6548837,-0.5694174,0.43851236,-0.2336636
1783532936.0042,3,left_handPinky_2_joint,0.24625884,-0.09464422,0.2899287,0.6548837,-0.5694174,0.43851236,-0.2336636
1783532936.0042,3,left_handPinky_3_joint,0.24557967,-0.1141766,0.2962615,0.6548837,-0.5694174,0.43851236,-0.2336636
1783532936.0042,3,left_handPinkyEnd_joint,0.24496225,-0.13193332,0.30201852,0.6548837,-0.5694174,0.43851236,-0.2336636
1783532936.0042,3,left_handRingStart_joint,0.23817092,0.008375604,0.26603,0.6402521,-0.5681479,0.47770372,-0.19769882
1783532936.0042,3,left_handRing_1_joint,0.23104708,-0.055636212,0.29306653,0.6402521,-0.5681479,0.47770372,-0.19769882
1783532936.0042,3,left_handRing_2_joint,0.22601849,-0.100821026,0.31215113,0.6402521,-0.5681479,0.47770372,-0.19769882
1783532936.0042,3,left_handRing_3_joint,0.22287561,-0.12906154,0.324079,0.6402521,-0.5681479,0.47770372,-0.19769882
1783532936.0042,3,left_handRingEnd_joint,0.22078037,-0.14788854,0.33203095,0.6402521,-0.5681479,0.47770372,-0.19769882
1783532936.0042,3,left_handThumbStart_joint,0.21069199,0.019086938,0.2683669,0.22259337,-0.06490568,0.93876857,-0.25485972
1783532936.0042,3,left_handThumb_1_joint,0.16929385,-0.0081613315,0.28903073,0.22259337,-0.06490568,0.93876857,-0.25485972
1783532936.0042,3,left_handThumb_2_joint,0.13970219,-0.027635977,0.3038014,0.22259337,-0.064905666,0.93876857,-0.25485972
1783532936.0042,3,left_handThumbEnd_joint,0.11997442,-0.040619075,0.3136485,0.22259335,-0.064905636,0.93876857,-0.25485972
1783532936.0042,3,neck_1_joint,-0.007206881,0.57423806,0.10195756,0.6087758,0.34518296,0.62539965,0.3451326
1783532936.0042,3,neck_2_joint,-0.007823443,0.5997971,0.11765321,0.6037355,0.35523376,0.6170975,0.35847405
1783532936.0042,3,neck_3_joint,-0.008383474,0.63465154,0.13727094,0.58894086,0.37752327,0.6053345,0.37973085
1783532936.0042,3,neck_4_joint,-0.009099774,0.67082775,0.15432286,0.571811,0.40039206,0.59441054,0.39924318
1783532936.0042,3,head_joint,-0.010340567,0.7138565,0.17151576,0.51602715,0.46800512,0.5466806,0.46457297
1783532936.0042,3,jaw_joint,-0.009570837,0.6884312,0.1732376,0.51602715,0.46800512,0.5466806,0.46457297
1783532936.0042,3,chin_joint,-0.010275931,0.62585485,0.26588595,0.51602715,0.46800512,0.5466806,0.46457297
1783532936.0042,3,left_eye_joint,0.01858941,0.7359288,0.26252308,0.5200892,0.46348694,0.55071145,0.45978758
1783532936.0042,3,left_eyeLowerLid_joint,0.01858941,0.7359288,0.26252308,0.5200892,0.46348694,0.55071145,0.45978758
1783532936.0042,3,left_eyeUpperLid_joint,0.01858941,0.7359288,0.26252308,0.5200892,0.46348694,0.55071145,0.45978758
1783532936.0042,3,left_eyeball_joint,0.01858941,0.7359288,0.26252308,0.5200892,0.46348694,0.55071145,0.45978758
1783532936.0042,3,nose_joint,-0.01308391,0.6995248,0.2805437,0.52009153,0.46348417,0.5507139,0.4597846
1783532936.0042,3,right_eye_joint,-0.045984104,0.7338453,0.26062444,0.5200892,0.46348694,0.55071145,0.45978758
1783532936.0042,3,right_eyeLowerLid_joint,-0.045984104,0.7338453,0.26062444,0.5200892,0.46348694,0.55071145,0.45978758
1783532936.0042,3,right_eyeUpperLid_joint,-0.045984104,0.7338453,0.26062444,0.5200892,0.46348694,0.55071145,0.45978758
1783532936.0042,3,right_eyeball_joint,-0.045984104,0.7338453,0.26062444,0.5200892,0.46348694,0.55071145,0.45978758
1783532936.0042,3,right_shoulder_1_joint,-0.09587627,0.5509904,0.09411584,0.7759446,0.1678377,0.037166476,0.60692626
1783532936.0042,3,right_arm_joint,-0.23235282,0.5066663,0.11530056,0.6786805,0.5668642,0.26693827,0.3831477
1783532936.0042,3,right_forearm_joint,-0.2894914,0.24759792,0.13446584,0.48119748,0.76209366,0.15996253,0.40258494
1783532936.0042,3,right_hand_joint,-0.23248073,0.016545009,0.2576433,0.1420198,0.5123673,0.5863912,0.6111104
1783532936.0042,3,right_handIndexStart_joint,-0.21512625,0.0021423174,0.27545634,0.10176563,0.55286247,0.5951777,0.5742393
1783532936.0042,3,right_handIndex_1_joint,-0.189444,-0.06179062,0.31672072,0.10176563,0.55286247,0.5951777,0.5742393
1783532936.0042,3,right_handIndex_2_joint,-0.17451206,-0.09896118,0.34071124,0.10176563,0.55286247,0.5951777,0.5742393
1783532936.0042,3,right_handIndex_3_joint,-0.16615063,-0.11977684,0.35414672,0.10176563,0.55286247,0.5951777,0.5742393
1783532936.0042,3,right_handIndexEnd_joint,-0.16017818,-0.1346449,0.3637434,0.10176563,0.55286247,0.5951777,0.5742393
1783532936.0042,3,right_handMidStart_joint,-0.22472674,-0.0049238396,0.27084404,0.141481,0.5128888,0.58676714,0.61043674
1783532936.0042,3,right_handMid_1_joint,-0.20840614,-0.070411034,0.30582172,0.141481,0.5128888,0.58676714,0.61043674
1783532936.0042,3,right_handMid_2_joint,-0.19693798,-0.116428375,0.3304008,0.141481,0.5128888,0.58676714,0.61043674
1783532936.0042,3,right_handMid_3_joint,-0.1903215,-0.14297703,0.34458092,0.141481,0.5128888,0.58676714,0.61043674
1783532936.0042,3,right_handMidEnd_joint,-0.1859108,-0.16067576,0.35403442,0.141481,0.5128888,0.58676714,0.61043674
1783532936.0042,3,right_handPinkyStart_joint,-0.24499255,-0.016981179,0.25625214,0.21749136,0.4389481,0.59147567,0.6404521
1783532936.0042,3,right_handPinky_1_joint,-0.23959264,-0.07721527,0.27561787,0.21749136,0.4389481,0.59147567,0.6404521
1783532936.0042,3,right_handPinky_2_joint,-0.23625757,-0.11441931,0.28757977,0.21749136,0.4389481,0.59147567,0.6404521
1783532936.0042,3,right_handPinky_3_joint,-0.23451026,-0.13390693,0.29384476,0.21749136,0.4389481,0.59147567,0.6404521
1783532936.0042,3,right_handPinkyEnd_joint,-0.23292215,-0.15162277,0.29954046,0.21749136,0.4389481,0.59147567,0.6404521
1783532936.0042,3,right_handRingStart_joint,-0.23396997,-0.010985686,0.26421684,0.18035126,0.47716334,0.58957785,0.62624854
1783532936.0042,3,right_handRing_1_joint,-0.22345237,-0.07458926,0.2911086,0.18035126,0.47716334,0.58957785,0.62624854
1783532936.0042,3,right_handRing_2_joint,-0.21602814,-0.119485535,0.31009063,0.18035126,0.47716334,0.58957785,0.62624854
1783532936.0042,3,right_handRing_3_joint,-0.21138819,-0.14754602,0.321955,0.18035126,0.47716334,0.58957785,0.62624854
1783532936.0042,3,right_handRingEnd_joint,-0.20829427,-0.16625358,0.32986394,0.18035126,0.47716334,0.58957785,0.62624854
1783532936.0042,3,right_handThumbStart_joint,-0.207219,0.0013344634,0.26702496,0.22669727,0.94406074,0.07556641,0.22726145
1783532936.0042,3,right_handThumb_1_joint,-0.16458961,-0.02349638,0.28822517,0.22669727,0.94406074,0.0755664,0.22726145
1783532936.0042,3,right_handThumb_2_joint,-0.1341183,-0.04124276,0.3033796,0.22669725,0.94406074,0.07556639,0.22726145
1783532936.0042,3,right_handThumbEnd_joint,-0.11380411,-0.053074025,0.3134818,0.22669727,0.94406074,0.07556637,0.22726145
1783532936.0042,3,camera,0.108035214,0.07066319,-0.03353671,-0.08056586,-0.07364616,-0.6983982,0.7073368
1783532936.0367,4,root,-1.549489e-05,0.022894854,-0.0045682513,-0.09144524,-0.0031199728,-0.004599008,0.9957946
1783532936.0367,4,hips_joint,-1.549489e-05,0.022894854,-0.0045682513,-0.09144524,-0.0031199728,-0.004599008,0.9957946
1783532936.0367,4,left_upLeg_joint,0.1002701,-0.0023537374,0.0016317754,0.63191956,-0.3276105,0.6220199,-0.32625234
1783532936.0367,4,left_leg_joint,0.105123535,-0.34762183,0.24265549,-0.25512448,0.6585835,-0.3193006,0.6318437
1783532936.0367,4,left_foot_joint,0.07248545,-0.6858173,-0.06342947,0.6069745,-0.36111188,0.64100623,-0.30048501
1783532936.0367,4,left_toes_joint,0.060178164,-0.8085595,0.020196961,0.6644162,-0.2395233,0.6863397,-0.17354466
1783532936.0367,4,left_toesEnd_joint,0.056728967,-0.8423174,0.07047785,0.6644162,-0.2395231,0.6863396,-0.17354488
1783532936.0367,4,right_upLeg_joint,-0.10079743,-0.0006219482,0.00021281182,0.31833583,0.6098611,0.37209955,0.623116
1783532936.0367,4,right_leg_joint,-0.09204827,-0.35939488,0.22049639,0.61120063,0.32398388,0.65734184,0.2989479
1783532936.0367,4,right_foot_joint,-0.05814824,-0.7202373,-0.058381423,0.2813468,0.63196117,0.33310887,0.64070857
1783532936.0367,4,right_toes_joint,-0.05506732,-0.83684754,0.034371108,0.15646839,0.67383146,0.20563348,0.692231
1783532936.0367,4,right_toesEnd_joint,-0.05551209,-0.866908,0.08705682,0.15646885,0.6738315,0.20563301,0.6922309
1783532936.0367,4,spine_1_joint,-1.5514668e-05,0.022894854,-0.0045682513,0.4535903,0.5414946,0.4559112,0.5414651
1783532936.0367,4,spine_2_joint,-0.00013884382,0.07958175,-0.014513795,0.46811134,0.53019583,0.47089565,0.5272774
1783532936.0367,4,spine_3_joint,-0.0004669364,0.13672982,-0.021319848,0.49633154,0.5011839,0.50184566,0.5006201
1783532936.0367,4,spine_4_joint,-0.0007889159,0.18978271,-0.021513056,0.53345144,0.45848003,0.5403687,0.46176568
1783532936.0367,4,spine_5_joint,-0.0010982449,0.25944817,-0.010945615,0.57667476,0.39996287,0.58489597,0.40666065
1783532936.0367,4,spine_6_joint,-0.0014922364,0.3471846,0.022347772,0.5834691,0.38423872,0.6008938,0.38839564
1783532936.0367,4,spine_7_joint,-0.003367408,0.44489288,0.0661412,0.5610958,0.41381338,0.5870441,0.41147232
1783532936.0367,4,left_shoulder_1_joint,0.082487084,0.5550379,0.099347934,-0.6142594,-0.019604266,-0.14153892,0.7760592
1783532936.0367,4,left_arm_joint,0.22161372,0.52666605,0.12898324,-0.35816345,0.2677219,-0.5604864,0.69706464
1783532936.0367,4,left_forearm_joint,0.2823544,0.26781687,0.13649802,0.40076485,-0.13945171,0.7552157,-0.49958983
1783532936.0367,4,left_hand_joint,0.23422827,0.03565521,0.26136962,0.620726,-0.5658723,0.519217,-0.15780269
1783532936.0367,4,left_handIndexStart_joint,0.21596602,0.020849448,0.2798028,0.5855526,-0.57528377,0.55811685,-0.121172525
1783532936.0367,4,left_handIndex_1_joint,0.19308624,-0.044119734,0.3210982,0.5855526,-0.57528377,0.55811685,-0.121172525
1783532936.0367,4,left_handIndex_2_joint,0.17978404,-0.081892505,0.34510714,0.5855526,-0.57528377,0.55811685,-0.121172525
1783532936.0367,4,left_handIndex_3_joint,0.17233482,-0.10304527,0.35855216,0.5855526,-0.57528377,0.55811685,-0.121172525
1783532936.0367,4,left_handIndexEnd_joint,0.16701394,-0.11815438,0.36815575,0.5855526,-0.57528377,0.55811685,-0.121172525
1783532936.0367,4,left_handMidStart_joint,0.22604556,0.014304094,0.27545118,0.62207216,-0.5656053,0.5173751,-0.1594995
1783532936.0367,4,left_handMid_1_joint,0.21272983,-0.051732812,0.310666,0.62207216,-0.5656053,0.5173751,-0.1594995
1783532936.0367,4,left_handMid_2_joint,0.20337284,-0.098137125,0.33541152,0.62207216,-0.5656053,0.5173751,-0.1594995
1783532936.0367,4,left_handMid_3_joint,0.19797456,-0.12490884,0.34968778,0.62207216,-0.5656053,0.5173751,-0.1594995
1783532936.0367,4,left_handMidEnd_joint,0.19437572,-0.14275666,0.3592053,0.62207216,-0.5656053,0.5173751,-0.1594995
1783532936.0367,4,left_handPinkyStart_joint,0.24726194,0.0033057188,0.26138335,0.6532857,-0.5689806,0.44164348,-0.23330286
1783532936.0367,4,left_handPinky_1_joint,0.24487583,-0.056988,0.28116715,0.6532857,-0.5689806,0.44164348,-0.23330286
1783532936.0367,4,left_handPinky_2_joint,0.24340205,-0.09422824,0.29338658,0.6532857,-0.5689806,0.44164348,-0.23330286
1783532936.0367,4,left_handPinky_3_joint,0.24263008,-0.11373503,0.29978722,0.6532857,-0.5689806,0.44164348,-0.23330286
1783532936.0367,4,left_handPinkyEnd_joint,0.24192828,-0.13146847,0.30560598,0.6532857,-0.5689806,0.44164348,-0.23330286
1783532936.0367,4,left_handRingStart_joint,0.23575361,0.00872679,0.26906773,0.6384862,-0.5677123,0.4807392,-0.19730252
1783532936.0367,4,left_handRing_1_joint,0.22829247,-0.05516323,0.29630062,0.6384862,-0.5677123,0.4807392,-0.19730252
1783532936.0367,4,left_handRing_2_joint,0.22302577,-0.10026207,0.31552386,0.6384862,-0.5677123,0.4807392,-0.19730252
1783532936.0367,4,left_handRing_3_joint,0.21973409,-0.12844883,0.32753837,0.6384862,-0.5677123,0.4807392,-0.19730252
1783532936.0367,4,left_handRingEnd_joint,0.21753962,-0.14724001,0.33554804,0.6384862,-0.5677123,0.4807392,-0.19730252
1783532936.0367,4,left_handThumbStart_joint,0.20829536,0.019529536,0.27121964,0.22047603,-0.06284255,0.93985695,-0.25319988
1783532936.0367,4,left_handThumb_1_joint,0.16670597,-0.0075173937,0.29176345,0.22047603,-0.06284255,0.93985695,-0.25319988
1783532936.0367,4,left_handThumb_2_joint,0.13697757,-0.02684812,0.30644834,0.22047603,-0.06284253,0.93985695,-0.25319988
1783532936.0367,4,left_handThumbEnd_joint,0.11715865,-0.03973528,0.31623825,0.22047603,-0.0628425,0.93985695,-0.25319988
1783532936.0367,4,neck_1_joint,-0.007483323,0.57400954,0.10244612,0.60809934,0.3446133,0.6263713,0.3451321
1783532936.0367,4,neck_2_joint,-0.008149286,0.59955394,0.11816365,0.60307294,0.35465056,0.6180707,0.35848984
1783532936.0367,4,neck_3_joint,-0.008772369,0.6343901,0.1378119,0.5882974,0.37691647,0.60630476,0.37978303
1783532936.0367,4,neck_4_joint,-0.009546095,0.67055035,0.15489517,0.5711847,0.39976275,0.5953749,0.3993333
1783532936.0367,4,head_joint,-0.010847697,0.7135628,0.17212446,0.51547366,0.4673061,0.5476229,0.46478108
1783532936.0367,4,jaw_joint,-0.01007081,0.6881363,0.17382485,0.51547366,0.4673061,0.5476229,0.46478108
1783532936.0367,4,chin_joint,-0.01097239,0.62547463,0.2664138,0.51547366,0.4673061,0.5476229,0.46478108
1783532936.0367,4,left_eye_joint,0.017851952,0.73556435,0.26322177,0.5195296,0.46279278,0.55165553,0.45998746
1783532936.0367,4,left_eyeLowerLid_joint,0.017851952,0.73556435,0.26322177,0.5195296,0.46279278,0.55165553,0.45998746
1783532936.0367,4,left_eyeUpperLid_joint,0.017851952,0.73556435,0.26322177,0.5195296,0.46279278,0.55165553,0.45998746
1783532936.0367,4,left_eyeball_joint,0.017851952,0.73556435,0.26322177,0.5195296,0.46279278,0.55165553,0.45998746
1783532936.0367,4,nose_joint,-0.013848684,0.69912994,0.28113222,0.51953197,0.46279,0.551658,0.4599845
1783532936.0367,4,right_eye_joint,-0.04671583,0.733454,0.2611648,0.5195296,0.46279278,0.55165553,0.45998746
1783532936.0367,4,right_eyeLowerLid_joint,-0.04671583,0.733454,0.2611648,0.5195296,0.46279278,0.55165553,0.45998746
1783532936.0367,4,right_eyeUpperLid_joint,-0.04671583,0.733454,0.2611648,0.5195296,0.46279278,0.55165553,0.45998746
1783532936.0367,4,right_eyeball_joint,-0.04671583,0.733454,0.2611648,0.5195296,0.46279278,0.55165553,0.45998746
1783532936.0367,4,right_shoulder_1_joint,-0.09612306,0.55072975,0.09436832,0.7760131,0.16756923,0.037887603,0.6068682
1783532936.0367,4,right_arm_joint,-0.23261003,0.5063364,0.115339875,0.6783545,0.56677437,0.26767132,0.3833459
1783532936.0367,4,right_forearm_joint,-0.28959426,0.24722108,0.1343284,0.48084816,0.76196796,0.16060182,0.4029851
1783532936.0367,4,right_hand_joint,-0.23257646,0.016170863,0.25750735,0.14150001,0.5118822,0.58682615,0.6112198
1783532936.0367,4,right_handIndexStart_joint,-0.21523613,0.0017758119,0.27534035,0.10121696,0.55238616,0.59557605,0.5743814
1783532936.0367,4,right_handIndex_1_joint,-0.18956226,-0.06215099,0.31661937,0.10121696,0.55238616,0.59557605,0.5743814
1783532936.0367,4,right_handIndex_2_joint,-0.17463517,-0.09931799,0.3406184,0.10121696,0.55238616,0.59557605,0.5743814
1783532936.0367,4,right_handIndex_3_joint,-0.16627647,-0.12013165,0.35405865,0.10121696,0.55238616,0.59557605,0.5743814
1783532936.0367,4,right_handIndexEnd_joint,-0.16030598,-0.13499828,0.3636587,0.10121696,0.55238616,0.59557605,0.5743814
1783532936.0367,4,right_handMidStart_joint,-0.22482432,-0.0052963877,0.27071175,0.1409606,0.5124037,0.5872014,0.6105466
1783532936.0367,4,right_handMid_1_joint,-0.20850182,-0.07078272,0.30569008,0.1409606,0.5124037,0.5872014,0.6105466
1783532936.0367,4,right_handMid_2_joint,-0.19703229,-0.11679947,0.3302696,0.1409606,0.5124037,0.5872014,0.6105466
1783532936.0367,4,right_handMid_3_joint,-0.19041505,-0.14334777,0.34445,0.1409606,0.5124037,0.5872014,0.6105466
1783532936.0367,4,right_handMidEnd_joint,-0.18600385,-0.1610463,0.35390365,0.1409606,0.5124037,0.5872014,0.6105466
1783532936.0367,4,right_handPinkyStart_joint,-0.2450595,-0.017364802,0.25608653,0.21700233,0.43847117,0.5919638,0.6404936
1783532936.0367,4,right_handPinky_1_joint,-0.23963937,-0.07760131,0.27543905,0.21700233,0.43847117,0.5919638,0.6404936
1783532936.0367,4,right_handPinky_2_joint,-0.23629183,-0.11480685,0.2873928,0.21700233,0.43847117,0.5919638,0.6404936
1783532936.0367,4,right_handPinky_3_joint,-0.23453797,-0.13429525,0.2936535,0.21700233,0.43847117,0.5919638,0.6404936
1783532936.0367,4,right_handPinkyEnd_joint,-0.2329439,-0.1520118,0.2993453,0.21700233,0.43847117,0.5919638,0.6404936
1783532936.0367,4,right_handRingStart_joint,-0.23405318,-0.011363296,0.26406914,0.17984581,0.4766819,0.59004015,0.6263248
1783532936.0367,4,right_handRing_1_joint,-0.22352354,-0.07496781,0.29095387,0.17984581,0.4766819,0.59004015,0.6263248
1783532936.0367,4,right_handRing_2_joint,-0.21609077,-0.119864754,0.30993095,0.17984581,0.4766819,0.59004015,0.6263248
1783532936.0367,4,right_handRing_3_joint,-0.2114455,-0.14792566,0.32179222,0.17984581,0.4766819,0.59004015,0.6263248
1783532936.0367,4,right_handRingEnd_joint,-0.20834804,-0.1666335,0.3296991,0.17984581,0.4766819,0.59004015,0.6263248
1783532936.0367,4,right_handThumbStart_joint,-0.20731613,0.0009772074,0.26692006,0.2263057,0.9439741,0.07598451,0.22787066
1783532936.0367,4,right_handThumb_1_joint,-0.1646975,-0.023827003,0.2881729,0.2263057,0.9439741,0.0759845,0.22787066
1783532936.0367,4,right_handThumb_2_joint,-0.13423388,-0.04155435,0.30336493,0.2263057,0.9439741,0.075984485,0.22787066
1783532936.0367,4,right_handThumbEnd_joint,-0.11392481,-0.053372927,0.31349224,0.22630571,0.9439741,0.07598446,0.22787066
1783532936.0367,4,camera,0.108213186,0.07068185,-0.03278283,-0.08077417,-0.07266657,-0.6989288,0.70689005
1783532936.0704,5,root,-4.8117487e-05,0.022635562,-0.0048941593,-0.090352416,-0.0029807158,-0.0053920257,0.99589086
1783532936.0704,5,hips_joint,-4.8117487e-05,0.022635562,-0.0048941593,-0.090352416,-0.0029807158,-0.0053920257,0.99589086
1783532936.0704,5,left_upLeg_joint,0.10019778,-0.0027867341,0.0012378043,0.63001937,-0.33086362,0.62133485,-0.32794523
1783532936.0704,5,left_leg_joint,0.10396441,-0.34995434,0.23953703,-0.2549406,0.65853566,-0.32079312,0.6312116
1783532936.0704,5,left_foot_joint,0.07051028,-0.68870497,-0.06584524,0.60680026,-0.36118758,0.6417914,-0.29906702
1783532936.0704,5,left_toes_joint,0.057886492,-0.81124115,0.018035783,0.6642594,-0.23963065,0.6868418,-0.17200357
1783532936.0704,5,left_toesEnd_joint,0.05434739,-0.8448853,0.06838663,0.66425943,-0.23963046,0.6868418,-0.1720038
1783532936.0704,5,right_upLeg_joint,-0.1008669,-0.0007307267,-0.00015228987,0.318277,0.6099895,0.37210774,0.6230158
1783532936.0704,5,right_leg_joint,-0.09198075,-0.35948074,0.2201635,0.6102826,0.32541367,0.65711504,0.29976845
1783532936.0704,5,right_foot_joint,-0.05750405,-0.72128034,-0.05740074,0.27974245,0.6325206,0.33242443,0.6412146
1783532936.0704,5,right_toes_joint,-0.054348085,-0.8375544,0.035770416,0.15478703,0.6740767,0.2048655,0.69259816
1783532936.0704,5,right_toesEnd_joint,-0.054791015,-0.86742663,0.088563114,0.15478751,0.67407674,0.20486505,0.69259804
1783532936.0704,5,spine_1_joint,-4.8137263e-05,0.022635562,-0.0048941593,0.45437914,0.5408034,0.45600525,0.5414153
1783532936.0704,5,spine_2_joint,-9.522494e-05,0.07933872,-0.014747204,0.4686043,0.52964664,0.4709415,0.5273507
1783532936.0704,5,spine_3_joint,-0.00036127624,0.13649401,-0.021495204,0.49649596,0.5008451,0.50182754,0.50081444
1783532936.0704,5,spine_4_joint,-0.00064529,0.18954715,-0.021672947,0.53330165,0.45841393,0.5403042,0.46207944
1783532936.0704,5,spine_5_joint,-0.00093614636,0.25921756,-0.011137747,0.5762099,0.40026814,0.58478576,0.40717685
1783532936.0704,5,spine_6_joint,-0.0013520723,0.3470011,0.022030877,0.58283305,0.3847539,0.600792,0.3889974
1783532936.0704,5,spine_7_joint,-0.0032862574,0.44479156,0.065637834,0.5604177,0.41426852,0.5870155,0.41197857
1783532936.0704,5,left_shoulder_1_joint,0.08249141,0.55503136,0.09872833,-0.61459285,-0.020383446,-0.14096859,0.77587897
1783532936.0704,5,left_arm_joint,0.22165577,0.5269361,0.12845,-0.35812986,0.26745844,-0.560232,0.69738746
1783532936.0704,5,left_forearm_joint,0.28262308,0.26814002,0.13595809,0.40064064,-0.13910213,0.7552732,-0.49970013
1783532936.0704,5,left_hand_joint,0.23450258,0.03600271,0.26087713,0.62069315,-0.5656277,0.5194733,-0.15796547
1783532936.0704,5,left_handIndexStart_joint,0.21623427,0.02119658,0.27930403,0.5855034,-0.57505,0.5583704,-0.121350914
1783532936.0704,5,left_handIndex_1_joint,0.1933522,-0.043767016,0.32060695,0.5855034,-0.57505,0.5583704,-0.121350914
1783532936.0704,5,left_handIndex_2_joint,0.18004867,-0.08153655,0.3446203,0.5855034,-0.57505,0.5583704,-0.121350914
1783532936.0704,5,left_handIndex_3_joint,0.1725987,-0.10268749,0.35806772,0.5855034,-0.57505,0.5583704,-0.121350914
1783532936.0704,5,left_handIndexEnd_joint,0.16727729,-0.1177953,0.36767307,0.5855034,-0.57505,0.5583704,-0.121350914
1783532936.0704,5,left_handMidStart_joint,0.2263188,0.014653363,0.2749608,0.6220401,-0.5653603,0.5176315,-0.1596617
1783532936.0704,5,left_handMid_1_joint,0.21300489,-0.05137659,0.31018928,0.6220401,-0.5653603,0.5176315,-0.1596617
1783532936.0704,5,left_handMid_2_joint,0.20364915,-0.09777602,0.33494446,0.6220401,-0.5653603,0.5176315,-0.1596617
1783532936.0704,5,left_handMid_3_joint,0.19825162,-0.124544926,0.3492263,0.6220401,-0.5653603,0.5176315,-0.1596617
1783532936.0704,5,left_handMidEnd_joint,0.19465326,-0.14239086,0.3587475,0.6220401,-0.5653603,0.5176315,-0.1596617
1783532936.0704,5,left_handPinkyStart_joint,0.24754772,0.0036578488,0.26090962,0.6532897,-0.5687199,0.44189695,-0.23344745
1783532936.0704,5,left_handPinky_1_joint,0.24517083,-0.056630153,0.28071192,0.6532897,-0.5687199,0.44189695,-0.23344745
1783532936.0704,5,left_handPinky_2_joint,0.24370277,-0.09386686,0.2929428,0.6532897,-0.5687199,0.44189695,-0.23344745
1783532936.0704,5,left_handPinky_3_joint,0.24293378,-0.1133718,0.29934943,0.6532897,-0.5687199,0.44189695,-0.23344745
1783532936.0704,5,left_handPinkyEnd_joint,0.2422347,-0.13110358,0.30517364,0.6532897,-0.5687199,0.44189695,-0.23344745
1783532936.0704,5,left_handRingStart_joint,0.23603275,0.009077384,0.26858512,0.6384721,-0.5674587,0.48099422,-0.19745612
1783532936.0704,5,left_handRing_1_joint,0.22857754,-0.05480624,0.29583466,0.6384721,-0.5674587,0.48099422,-0.19745612
1783532936.0704,5,left_handRing_2_joint,0.22331505,-0.099900566,0.31506962,0.6384721,-0.5674587,0.48099422,-0.19745612
1783532936.0704,5,left_handRing_3_joint,0.22002597,-0.12808453,0.32709143,0.6384721,-0.5674587,0.48099422,-0.19745612
1783532936.0704,5,left_handRingEnd_joint,0.21783327,-0.14687382,0.33510602,0.6384721,-0.5674587,0.48099422,-0.19745612
1783532936.0704,5,left_handThumbStart_joint,0.20856935,0.019871097,0.27071658,0.22024076,-0.062569916,0.93989,-0.25334924
1783532936.0704,5,left_handThumb_1_joint,0.16697696,-0.0071837697,0.29124385,0.22024076,-0.062569916,0.93989,-0.25334924
1783532936.0704,5,left_handThumb_2_joint,0.13724642,-0.02652017,0.3059169,0.22024074,-0.0625699,0.93989,-0.25334924
1783532936.0704,5,left_handThumbEnd_joint,0.11742606,-0.03941111,0.31569892,0.22024073,-0.06256988,0.93989,-0.25334924
1783532936.0704,5,neck_1_joint,-0.0074900347,0.5739673,0.101721846,0.60747683,0.34513912,0.626405,0.34564105
1783532936.0704,5,neck_2_joint,-0.008180288,0.5995378,0.11739579,0.60244036,0.3551629,0.6180969,0.3590005
1783532936.0704,5,neck_3_joint,-0.008835042,0.63440675,0.13698483,0.58764666,0.37740687,0.606311,0.38029286
1783532936.0704,5,neck_4_joint,-0.009638965,0.6705953,0.15400654,0.57051665,0.4002322,0.5953594,0.39984044
1783532936.0704,5,head_joint,-0.01097399,0.7136361,0.17116228,0.51475453,0.4676963,0.5475429,0.4652795
1783532936.0704,5,jaw_joint,-0.010186949,0.6882129,0.17290613,0.51475453,0.4676963,0.5475429,0.4652795
1783532936.0704,5,chin_joint,-0.011134987,0.62570685,0.26559973,0.51475453,0.4676963,0.5475429,0.4652795
1783532936.0704,5,left_eye_joint,0.017642003,0.73580414,0.26224554,0.51881385,0.46318918,0.55158,0.4604865
1783532936.0704,5,left_eyeLowerLid_joint,0.017642003,0.73580414,0.26224554,0.51881385,0.46318918,0.55158,0.4604865
1783532936.0704,5,left_eyeUpperLid_joint,0.017642003,0.73580414,0.26224554,0.51881385,0.46318918,0.55158,0.4604865
1783532936.0704,5,left_eyeball_joint,0.017642003,0.73580414,0.26224554,0.51881385,0.46318918,0.55158,0.4604865
1783532936.0704,5,nose_joint,-0.014056585,0.69938546,0.28019175,0.51881635,0.46318644,0.5515824,0.4604836
1783532936.0704,5,right_eye_joint,-0.046923127,0.7336609,0.26014,0.51881385,0.46318918,0.55158,0.4604865
1783532936.0704,5,right_eyeLowerLid_joint,-0.046923127,0.7336609,0.26014,0.51881385,0.46318918,0.55158,0.4604865
1783532936.0704,5,right_eyeUpperLid_joint,-0.046923127,0.7336609,0.26014,0.51881385,0.46318918,0.55158,0.4604865
1783532936.0704,5,right_eyeball_joint,-0.046923127,0.7336609,0.26014,0.51881385,0.46318918,0.55158,0.4604865
1783532936.0704,5,right_shoulder_1_joint,-0.096112624,0.55063355,0.093611665,0.77610415,0.16658509,0.03792342,0.60702026
1783532936.0704,5,right_arm_joint,-0.2326942,0.5064494,0.11440824,0.67904156,0.56553644,0.26834568,0.38348636
1783532936.0704,5,right_forearm_joint,-0.29023176,0.24741651,0.13284516,0.48203474,0.76088625,0.1613883,0.40329728
1783532936.0704,5,right_hand_joint,-0.23396105,0.015964316,0.2556125,0.14225975,0.510545,0.58680326,0.61218315
1783532936.0704,5,right_handIndexStart_joint,-0.21668483,0.0014899301,0.2734435,0.10197555,0.5511177,0.59560573,0.5754341
1783532936.0704,5,right_handIndex_1_joint,-0.19123012,-0.062586844,0.31462562,0.10197555,0.5511177,0.59560573,0.5754341
1783532936.0704,5,right_handIndex_2_joint,-0.17643045,-0.099841036,0.3385683,0.10197555,0.5511177,0.59560573,0.5754341
1783532936.0704,5,right_handIndex_3_joint,-0.16814308,-0.12070353,0.351977,0.10197555,0.5511177,0.59560573,0.5754341
1783532936.0704,5,right_handIndexEnd_joint,-0.16222355,-0.13560505,0.36155456,0.10197555,0.5511177,0.59560573,0.5754341
1783532936.0704,5,right_handMidStart_joint,-0.22628137,-0.0055498383,0.26878282,0.14171994,0.51106745,0.5871795,0.6115113
1783532936.0704,5,right_handMid_1_joint,-0.21017072,-0.071150616,0.30364478,0.14171994,0.51106745,0.5871795,0.6115113
1783532936.0704,5,right_handMid_2_joint,-0.19885008,-0.11724777,0.32814255,0.14171994,0.51106745,0.5871795,0.6115113
1783532936.0704,5,right_handMid_3_joint,-0.19231872,-0.14384247,0.34227574,0.14171994,0.51106745,0.5871795,0.6115113
1783532936.0704,5,right_handMidEnd_joint,-0.18796478,-0.16157192,0.35169795,0.14171994,0.51106745,0.5871795,0.6115113
1783532936.0704,5,right_handPinkyStart_joint,-0.24651916,-0.017539136,0.2540963,0.21770482,0.43701583,0.5918913,0.6413165
1783532936.0704,5,right_handPinky_1_joint,-0.24127176,-0.07783048,0.2733253,0.21770482,0.43701583,0.5918913,0.6413165
1783532936.0704,5,right_handPinky_2_joint,-0.23803088,-0.11506988,0.28520274,0.21770482,0.43701583,0.5918913,0.6413165
1783532936.0704,5,right_handPinky_3_joint,-0.23633292,-0.13457602,0.2914235,0.21770482,0.43701583,0.5918913,0.6413165
1783532936.0704,5,right_handPinkyEnd_joint,-0.23478967,-0.1523087,0.297079,0.21770482,0.43701583,0.5918913,0.6413165
1783532936.0704,5,right_handRingStart_joint,-0.23551275,-0.01158072,0.26211104,0.18057865,0.47528386,0.58999413,0.6272192
1783532936.0704,5,right_handRing_1_joint,-0.22517663,-0.075268455,0.28887358,0.18057865,0.47528386,0.58999413,0.6272192
1783532936.0704,5,right_handRing_2_joint,-0.21788049,-0.12022414,0.30776444,0.18057865,0.47528386,0.58999413,0.6272192
1783532936.0704,5,right_handRing_3_joint,-0.21332061,-0.14832176,0.3195718,0.18057865,0.47528386,0.58999413,0.6272192
1783532936.0704,5,right_handRingEnd_joint,-0.21028008,-0.16705407,0.32744274,0.18057865,0.47528386,0.58999413,0.6272192
1783532936.0704,5,right_handThumbStart_joint,-0.20875219,0.00069150806,0.26503512,0.22758335,0.9434307,0.07695493,0.22852212
1783532936.0704,5,right_handThumb_1_joint,-0.16622776,-0.024258073,0.2863065,0.22758335,0.9434307,0.07695493,0.22852212
1783532936.0704,5,right_handThumb_2_joint,-0.13583148,-0.042089332,0.30151182,0.22758335,0.9434307,0.07695491,0.22852212
1783532936.0704,5,right_handThumbEnd_joint,-0.11556729,-0.053977184,0.31164798,0.22758335,0.9434307,0.07695489,0.22852212
1783532936.0704,5,camera,0.10886865,0.07075383,-0.032610018,-0.080847986,-0.07337323,-0.69942373,0.70631886
1783532936.1035,6,root,-7.793517e-05,0.022705091,-0.0047416454,-0.09030855,-0.0024793649,-0.0057959543,0.99589396
1783532936.1035,6,hips_joint,-7.793517e-05,0.022705091,-0.0047416454,-0.09030855,-0.0024793649,-0.0057959543,0.99589396
1783532936.1035,6,left_upLeg_joint,0.100150794,-0.0028074835,0.0012951466,0.6298176,-0.3322983,0.62065536,-0.328169
1783532936.1035,6,left_leg_joint,0.10382694,-0.35060912,0.23866948,-0.25341123,0.6599374,-0.3199058,0.63081384
1783532936.1035,6,left_foot_joint,0.06920246,-0.68813473,-0.067936346,0.60646075,-0.3632342,0.64084756,-0.29930118
1783532936.1035,6,left_toes_joint,0.056497592,-0.8109649,0.015501346,0.6643139,-0.24170451,0.6859595,-0.17241232
1783532936.1035,6,left_toesEnd_joint,0.052984323,-0.8447934,0.06573036,0.664314,-0.24170433,0.68595946,-0.17241253
1783532936.1035,6,right_upLeg_joint,-0.10091316,-0.00057142973,9.126961e-05,0.3181514,0.61079556,0.37170267,0.6225317
1783532936.1035,6,right_leg_joint,-0.091452025,-0.35910884,0.22072883,0.61210847,0.32329634,0.65806234,0.29623803
1783532936.1035,6,right_foot_joint,-0.057092056,-0.7184013,-0.060087487,0.28248546,0.63197976,0.33534735,0.6390196
1783532936.1035,6,right_toes_joint,-0.053558167,-0.8354862,0.032048922,0.15758286,0.67406553,0.20815147,0.6909969
1783532936.1035,6,right_toesEnd_joint,-0.053838268,-0.86582255,0.08457744,0.15758333,0.67406553,0.208151,0.6909968
1783532936.1035,6,spine_1_joint,-7.7954945e-05,0.022705091,-0.0047416454,0.45461756,0.54095674,0.45549303,0.5414934
1783532936.1035,6,spine_2_joint,-9.038131e-05,0.07940328,-0.01462341,0.46871445,0.5298357,0.47043034,0.52751905
1783532936.1035,6,spine_3_joint,-0.00032411257,0.13655359,-0.021414753,0.4965442,0.5010464,0.50134,0.50105375
1783532936.1035,6,spine_4_joint,-0.0005776278,0.18960673,-0.02163904,0.53334284,0.45861185,0.53984016,0.4623782
1783532936.1035,6,spine_5_joint,-0.0008235042,0.25928697,-0.011167801,0.5762913,0.4004139,0.5843619,0.40752736
1783532936.1035,6,spine_6_joint,-0.0011682479,0.34709883,0.021926608,0.58298415,0.38478065,0.6004338,0.38929787
1783532936.1035,6,spine_7_joint,-0.0030146663,0.44491428,0.06548146,0.56069195,0.4141211,0.586699,0.41220495
1783532936.1035,6,left_shoulder_1_joint,0.08287642,0.5550791,0.09852753,-0.61428195,-0.01944041,-0.14083709,0.77617335
1783532936.1035,6,left_arm_joint,0.22206241,0.5268315,0.12800245,-0.3582301,0.2686581,-0.5593085,0.69761634
1783532936.1035,6,left_forearm_joint,0.28323764,0.26806706,0.13488661,-0.40151238,0.14003444,-0.7541078,0.5005003
1783532936.1035,6,left_hand_joint,0.23592061,0.035652846,0.25959793,0.6218708,-0.5656708,0.51798135,-0.15808018
1783532936.1035,6,left_handIndexStart_joint,0.21773458,0.020784916,0.27805647,0.5867749,-0.5751012,0.5569578,-0.121461675
1783532936.1035,6,left_handIndex_1_joint,0.19509621,-0.044283308,0.31932905,0.5867749,-0.5751012,0.5569578,-0.121461675
1783532936.1035,6,left_handIndex_2_joint,0.18193436,-0.08211367,0.34332472,0.5867749,-0.5751012,0.5569578,-0.121461675
1783532936.1035,6,left_handIndex_3_joint,0.1745637,-0.103298664,0.35676232,0.5867749,-0.5751012,0.5569578,-0.121461675
1783532936.1035,6,left_handIndexEnd_joint,0.16929898,-0.1184308,0.36636057,0.5867749,-0.5751012,0.5569578,-0.121461675
1783532936.1035,6,left_handMidStart_joint,0.22781844,0.014267106,0.27367356,0.6232134,-0.56540334,0.5161363,-0.15977609
1783532936.1035,6,left_handMid_1_joint,0.21473214,-0.051840458,0.30884188,0.6232134,-0.56540334,0.5161363,-0.15977609
1783532936.1035,6,left_handMid_2_joint,0.20553638,-0.098294415,0.33355471,0.6232134,-0.56540334,0.5161363,-0.15977609
1783532936.1035,6,left_handMid_3_joint,0.20023113,-0.12509479,0.34781215,0.6232134,-0.56540334,0.5161363,-0.15977609
1783532936.1035,6,left_handMidEnd_joint,0.1966943,-0.1429617,0.3573171,0.6232134,-0.56540334,0.5161363,-0.15977609
1783532936.1035,6,left_handPinkyStart_joint,0.24902613,0.0033324265,0.2595431,0.6542986,-0.5687859,0.44028404,-0.23350947
1783532936.1035,6,left_handPinky_1_joint,0.24682045,-0.056989584,0.2792616,0.6542986,-0.5687859,0.44028404,-0.23350947
1783532936.1035,6,left_handPinky_2_joint,0.2454581,-0.09424729,0.29144067,0.6542986,-0.5687859,0.44028404,-0.23350947
1783532936.1035,6,left_handPinky_3_joint,0.24474451,-0.113763236,0.29782015,0.6542986,-0.5687859,0.44028404,-0.23350947
1783532936.1035,6,left_handPinkyEnd_joint,0.24409577,-0.131505,0.3036197,0.6542986,-0.5687859,0.44028404,-0.23350947
1783532936.1035,6,left_handRingStart_joint,0.23752387,0.008718886,0.2672608,0.6395648,-0.5675146,0.4794377,-0.19754541
1783532936.1035,6,left_handRing_1_joint,0.23026864,-0.055219416,0.29443604,0.6395648,-0.5675146,0.4794377,-0.19754541
1783532936.1035,6,left_handRing_2_joint,0.22514732,-0.10035234,0.31361857,0.6395648,-0.5675146,0.4794377,-0.19754541
1783532936.1035,6,left_handRing_3_joint,0.22194648,-0.12856041,0.3256077,0.6395648,-0.5675146,0.4794377,-0.19754541
1783532936.1035,6,left_handRingEnd_joint,0.2198126,-0.1473658,0.33360037,0.6395648,-0.5675146,0.4794377,-0.19754541
1783532936.1035,6,left_handThumbStart_joint,0.21004678,0.01945797,0.26948974,0.22149932,-0.06344509,0.93927884,-0.25430027
1783532936.1035,6,left_handThumb_1_joint,0.16856588,-0.0077054724,0.2900992,0.22149932,-0.06344509,0.93927884,-0.25430027
1783532936.1035,6,left_handThumb_2_joint,0.13891503,-0.027119484,0.30483103,0.22149932,-0.06344508,0.93927884,-0.25430027
1783532936.1035,6,left_handThumbEnd_joint,0.1191478,-0.04006216,0.31465223,0.22149931,-0.06344505,0.93927884,-0.25430027
1783532936.1035,6,neck_1_joint,-0.007086522,0.57409805,0.10155193,0.6077305,0.34496018,0.6261143,0.34590095
1783532936.1035,6,neck_2_joint,-0.0077475277,0.599671,0.117223136,0.6026963,0.35498822,0.6178005,0.35925445
1783532936.1035,6,neck_3_joint,-0.008363058,0.6345428,0.13680834,0.58790934,0.37724227,0.60600626,0.38053647
1783532936.1035,6,neck_4_joint,-0.009127489,0.67073417,0.15382612,0.5707867,0.40007842,0.5950474,0.40007386
1783532936.1035,6,head_joint,-0.010416677,0.71377814,0.17097732,0.51504296,0.46757734,0.54720724,0.46547526
1783532936.1035,6,jaw_joint,-0.00965235,0.6883544,0.17272384,0.51504296,0.46757734,0.54720724,0.46547526
1783532936.1035,6,chin_joint,-0.010623738,0.62586004,0.26542515,0.51504296,0.46757734,0.54720724,0.46547526
1783532936.1035,6,left_eye_joint,0.018253151,0.73593044,0.2620475,0.51910126,0.46306765,0.551246,0.4606852
1783532936.1035,6,left_eyeLowerLid_joint,0.018253151,0.73593044,0.2620475,0.51910126,0.46306765,0.551246,0.4606852
1783532936.1035,6,left_eyeUpperLid_joint,0.018253151,0.73593044,0.2620475,0.51910126,0.46306765,0.551246,0.4606852
1783532936.1035,6,left_eyeball_joint,0.018253151,0.73593044,0.2620475,0.51910126,0.46306765,0.551246,0.4606852
1783532936.1035,6,nose_joint,-0.013472281,0.69954306,0.2800096,0.51910365,0.46306497,0.5512484,0.46068224
1783532936.1035,6,right_eye_joint,-0.046314705,0.73384637,0.25996593,0.51910126,0.46306765,0.551246,0.4606852
1783532936.1035,6,right_eyeLowerLid_joint,-0.046314705,0.73384637,0.25996593,0.51910126,0.46306765,0.551246,0.4606852
1783532936.1035,6,right_eyeUpperLid_joint,-0.046314705,0.73384637,0.25996593,0.51910126,0.46306765,0.551246,0.4606852
1783532936.1035,6,right_eyeball_joint,-0.046314705,0.73384637,0.25996593,0.51910126,0.46306765,0.551246,0.4606852
1783532936.1035,6,right_shoulder_1_joint,-0.09573354,0.55084485,0.09347706,0.77647364,0.16593508,0.037722923,0.6067386
1783532936.1035,6,right_arm_joint,-0.23238222,0.50682765,0.11418673,0.67960864,0.5648172,0.26881865,0.38321075
1783532936.1035,6,right_forearm_joint,-0.2902172,0.24782716,0.1321421,0.4827849,0.7603445,0.16199039,0.4031804
1783532936.1035,6,right_hand_joint,-0.23428376,0.016089248,0.25452402,0.14292915,0.5097501,0.5869581,0.61254126
1783532936.1035,6,right_handIndexStart_joint,-0.21703474,0.0015629339,0.27233914,0.102632254,0.5503487,0.5958061,0.57584584
1783532936.1035,6,right_handIndex_1_joint,-0.19167773,-0.06261723,0.31342044,0.102632254,0.5503487,0.5958061,0.57584584
1783532936.1035,6,right_handIndex_2_joint,-0.17693487,-0.09993152,0.33730453,0.102632254,0.5503487,0.5958061,0.57584584
1783532936.1035,6,right_handIndex_3_joint,-0.16867931,-0.120827675,0.3506804,0.102632254,0.5503487,0.5958061,0.57584584
1783532936.1035,6,right_handIndexEnd_joint,-0.16278249,-0.13575323,0.36023453,0.102632254,0.5503487,0.5958061,0.57584584
1783532936.1035,6,right_handMidStart_joint,-0.2266365,-0.005457442,0.26766002,0.1423889,0.5102726,0.58733493,0.6118703
1783532936.1035,6,right_handMid_1_joint,-0.21062149,-0.07113951,0.30241284,0.1423889,0.5102726,0.58733493,0.6118703
1783532936.1035,6,right_handMid_2_joint,-0.19936806,-0.11729378,0.32683387,0.1423889,0.5102726,0.58733493,0.6118703
1783532936.1035,6,right_handMid_3_joint,-0.19287547,-0.14392145,0.3409228,0.1423889,0.5102726,0.58733493,0.6118703
1783532936.1035,6,right_handMidEnd_joint,-0.18854737,-0.16167286,0.35031554,0.1423889,0.5102726,0.58733493,0.6118703
1783532936.1035,6,right_handPinkyStart_joint,-0.24687915,-0.017397063,0.25293973,0.21835707,0.43616456,0.5919855,0.64158726
1783532936.1035,6,right_handPinky_1_joint,-0.24171199,-0.07772903,0.27206275,0.21835707,0.43616456,0.5919855,0.64158726
1783532936.1035,6,right_handPinky_2_joint,-0.2385207,-0.114993535,0.28387475,0.21835707,0.43616456,0.5919855,0.64158726
1783532936.1035,6,right_handPinky_3_joint,-0.2368487,-0.13451281,0.2900612,0.21835707,0.43616456,0.5919855,0.64158726
1783532936.1035,6,right_handPinkyEnd_joint,-0.23532903,-0.15225744,0.2956855,0.21835707,0.43616456,0.5919855,0.64158726
1783532936.1035,6,right_handRingStart_joint,-0.23587076,-0.0114657115,0.2609718,0.18124056,0.47445962,0.5901199,0.6275339
1783532936.1035,6,right_handRing_1_joint,-0.22562326,-0.0752135,0.28762528,0.18124056,0.47445962,0.5901199,0.6275339
1783532936.1035,6,right_handRing_2_joint,-0.21838966,-0.12021158,0.3064391,0.18124056,0.47445962,0.5901199,0.6275339
1783532936.1035,6,right_handRing_3_joint,-0.21386889,-0.1483357,0.31819832,0.18124056,0.47445962,0.5901199,0.6275339
1783532936.1035,6,right_handRingEnd_joint,-0.21085441,-0.16708566,0.32603717,0.18124056,0.47445962,0.5901199,0.6275339
1783532936.1035,6,right_handThumbStart_joint,-0.20909797,0.0007706725,0.26393405,0.22830486,0.9431626,0.07774581,0.22864188
1783532936.1035,6,right_handThumb_1_joint,-0.16661473,-0.024265843,0.2851856,0.22830486,0.9431626,0.07774579,0.22864188
1783532936.1035,6,right_handThumb_2_joint,-0.13624787,-0.04215924,0.3003768,0.22830486,0.9431626,0.07774577,0.22864188
1783532936.1035,6,right_handThumbEnd_joint,-0.11600332,-0.054088514,0.31050348,0.22830486,0.9431626,0.07774576,0.22864188
1783532936.1035,6,camera,0.10934764,0.07083364,-0.032610692,-0.08009739,-0.0750518,-0.69921064,0.7064391
1783532936.1373,7,root,-0.00011633423,0.022647528,-0.0047999932,-0.09023629,-0.002518689,-0.005437718,0.9959024
1783532936.1373,7,hips_joint,-0.00011633423,0.022647528,-0.0047999932,-0.09023629,-0.002518689,-0.005437718,0.9959024
1783532936.1373,7,left_upLeg_joint,0.10013068,-0.0027936315,0.001234596,0.63000804,-0.3323626,0.62023956,-0.3285239
1783532936.1373,7,left_leg_joint,0.10420531,-0.35075316,0.23837066,-0.25332317,0.6603134,-0.31935242,0.6307357
1783532936.1373,7,left_foot_joint,0.0694501,-0.6879707,-0.068558924,0.60662335,-0.36358458,0.6403638,-0.2995808
1783532936.1373,7,left_toes_joint,0.056854066,-0.810892,0.01476078,0.66453993,-0.24201773,0.6855375,-0.1727786
1783532936.1373,7,left_toesEnd_joint,0.05339265,-0.84477407,0.06495728,0.66454005,-0.24201757,0.68553746,-0.17277883
1783532936.1373,7,right_upLeg_joint,-0.10093482,-0.0007023907,2.8129816e-05,0.3181091,0.61081886,0.37170598,0.62252855
1783532936.1373,7,right_leg_joint,-0.0914477,-0.35922495,0.22068864,0.6121685,0.32333532,0.65795696,0.2963052
1783532936.1373,7,right_foot_joint,-0.05719157,-0.71856904,-0.060074404,0.2825087,0.6320475,0.33522293,0.6390075
1783532936.1373,7,right_toes_joint,-0.053657014,-0.8356391,0.032080773,0.15759285,0.6741364,0.20803165,0.6909614
1783532936.1373,7,right_toesEnd_joint,-0.053931564,-0.8659667,0.084614374,0.15759332,0.6741365,0.20803118,0.6909613
1783532936.1373,7,spine_1_joint,-0.000116354,0.022647528,-0.0047999932,0.4543227,0.5411847,0.4558565,0.541207
1783532936.1373,7,spine_2_joint,-0.00019530869,0.07934691,-0.014674577,0.46832833,0.5301362,0.47090876,0.5271331
1783532936.1373,7,spine_3_joint,-0.00051754096,0.13649799,-0.021455739,0.49612236,0.5013933,0.50187725,0.5005866
1783532936.1373,7,spine_4_joint,-0.00086513616,0.18955064,-0.021667782,0.5329125,0.45900267,0.5403977,0.46183503
1783532936.1373,7,spine_5_joint,-0.0012464437,0.25922745,-0.011177741,0.57592034,0.40082482,0.5848795,0.4069047
1783532936.1373,7,spine_6_joint,-0.0017663011,0.34702688,0.021947278,0.58271116,0.38512397,0.60090214,0.38864392
1783532936.1373,7,spine_7_joint,-0.003789378,0.4448172,0.06555065,0.5605619,0.4143069,0.58714193,0.41156366
1783532936.1373,7,left_shoulder_1_joint,0.081944875,0.5550799,0.09867754,-0.6137058,-0.019324005,-0.14008512,0.7767678
1783532936.1373,7,left_arm_joint,0.22119346,0.52695346,0.12797216,-0.35822845,0.26942435,-0.55802417,0.6983498
1783532936.1373,7,left_forearm_joint,0.28291273,0.26830214,0.13422158,-0.40215027,0.14053808,-0.75285673,0.5017286
1783532936.1373,7,left_hand_joint,0.23653032,0.035571497,0.2586935,0.62311953,-0.5653201,0.51667917,-0.15867716
1783532936.1373,7,left_handIndexStart_joint,0.21842651,0.020624412,0.27716893,0.58810544,-0.5747904,0.5557386,-0.12207919
1783532936.1373,7,left_handIndex_1_joint,0.19606338,-0.044568706,0.3183944,0.58810544,-0.5747904,0.5557386,-0.12207919
1783532936.1373,7,left_handIndex_2_joint,0.18306156,-0.082471676,0.3423627,0.58810544,-0.5747904,0.5557386,-0.12207919
1783532936.1373,7,left_handIndex_3_joint,0.17578053,-0.10369734,0.35578495,0.58810544,-0.5747904,0.5557386,-0.12207919
1783532936.1373,7,left_handIndexEnd_joint,0.1705798,-0.11885852,0.36537227,0.58810544,-0.5747904,0.5557386,-0.12207919
1783532936.1373,7,left_handMidStart_joint,0.22851972,0.0141420625,0.27275506,0.62445855,-0.5650511,0.51483035,-0.16037166
1783532936.1373,7,left_handMid_1_joint,0.21569861,-0.052053995,0.3078545,0.62445855,-0.5650511,0.51483035,-0.16037166
1783532936.1373,7,left_handMid_2_joint,0.2066892,-0.09857014,0.33251897,0.62445855,-0.5650511,0.51483035,-0.16037166
1783532936.1373,7,left_handMid_3_joint,0.20149146,-0.12540637,0.34674847,0.62445855,-0.5650511,0.51483035,-0.16037166
1783532936.1373,7,left_handMidEnd_joint,0.19802631,-0.1432972,0.35623476,0.62445855,-0.5650511,0.51483035,-0.16037166
1783532936.1373,7,left_handPinkyStart_joint,0.24972865,0.003289082,0.2585636,0.6554141,-0.5684122,0.4388367,-0.23401476
1783532936.1373,7,left_handPinky_1_joint,0.24773854,-0.057067633,0.27819863,0.6554141,-0.5684122,0.4388367,-0.23401476
1783532936.1373,7,left_handPinky_2_joint,0.24650936,-0.09434679,0.29032612,0.6554141,-0.5684122,0.4388367,-0.23401476
1783532936.1373,7,left_handPinky_3_joint,0.2458655,-0.113873966,0.2966786,0.6554141,-0.5684122,0.4388367,-0.23401476
1783532936.1373,7,left_handPinkyEnd_joint,0.24528016,-0.13162595,0.3024536,0.6554141,-0.5684122,0.4388367,-0.23401476
1783532936.1373,7,left_handRingStart_joint,0.23822738,0.008631155,0.26631358,0.64074636,-0.5671524,0.47805867,-0.19809775
1783532936.1373,7,left_handRing_1_joint,0.23121405,-0.05536723,0.29341075,0.64074636,-0.5671524,0.47805867,-0.19809775
1783532936.1373,7,left_handRing_2_joint,0.22626345,-0.10054256,0.31253818,0.64074636,-0.5671524,0.47805867,-0.19809775
1783532936.1373,7,left_handRing_3_joint,0.22316933,-0.12877713,0.32449284,0.64074636,-0.5671524,0.47805867,-0.19809775
1783532936.1373,7,left_handRingEnd_joint,0.22110659,-0.14760019,0.33246258,0.64074636,-0.5671524,0.47805867,-0.19809775
1783532936.1373,7,left_handThumbStart_joint,0.21072431,0.019287795,0.2686166,0.22240376,-0.06408114,0.93862915,-0.25574583
1783532936.1373,7,left_handThumb_1_joint,0.16936573,-0.008024965,0.28927442,0.22240376,-0.06408114,0.93862915,-0.25574583
1783532936.1373,7,left_handThumb_2_joint,0.1398023,-0.02754571,0.30404085,0.22240376,-0.064081125,0.93862915,-0.25574583
1783532936.1373,7,left_handThumbEnd_joint,0.12009337,-0.040559545,0.31388512,0.22240375,-0.064081095,0.93862915,-0.25574583
1783532936.1373,7,neck_1_joint,-0.0080451025,0.5739675,0.10171951,0.6076255,0.34516355,0.62648255,0.3452148
1783532936.1373,7,neck_2_joint,-0.008742202,0.5995276,0.11741018,0.6025891,0.35519147,0.6181821,0.358576
1783532936.1373,7,neck_3_joint,-0.009407014,0.63438356,0.13702191,0.5877941,0.3774397,0.60641193,0.37987167
1783532936.1373,7,neck_4_joint,-0.010222705,0.6705607,0.15406725,0.57066226,0.400268,0.59547615,0.3994229
1783532936.1373,7,head_joint,-0.011572975,0.7135898,0.17125124,0.5148941,0.46774617,0.54770947,0.46487856
1783532936.1373,7,jaw_joint,-0.010772153,0.6881659,0.1729784,0.5148941,0.46774617,0.54770947,0.46487856
1783532936.1373,7,chin_joint,-0.011650664,0.62559974,0.26563212,0.5148941,0.46774617,0.54770947,0.46487856
1783532936.1373,7,left_eye_joint,0.017068325,0.73571384,0.2623372,0.5189539,0.4632379,0.551743,0.4600842
1783532936.1373,7,left_eyeLowerLid_joint,0.017068325,0.73571384,0.2623372,0.5189539,0.4632379,0.551743,0.4600842
1783532936.1373,7,left_eyeUpperLid_joint,0.017068325,0.73571384,0.2623372,0.5189539,0.4632379,0.551743,0.4600842
1783532936.1373,7,left_eyeball_joint,0.017068325,0.73571384,0.2623372,0.5189539,0.4632379,0.551743,0.4600842
1783532936.1373,7,nose_joint,-0.014604272,0.6992674,0.28027272,0.51895636,0.4632351,0.5517454,0.46008125
1783532936.1373,7,right_eye_joint,-0.04749653,0.7335388,0.2602563,0.5189539,0.4632379,0.551743,0.4600842
1783532936.1373,7,right_eyeLowerLid_joint,-0.04749653,0.7335388,0.2602563,0.5189539,0.4632379,0.551743,0.4600842
1783532936.1373,7,right_eyeUpperLid_joint,-0.04749653,0.7335388,0.2602563,0.5189539,0.4632379,0.551743,0.4600842
1783532936.1373,7,right_eyeball_joint,-0.04749653,0.7335388,0.2602563,0.5189539,0.4632379,0.551743,0.4600842
1783532936.1373,7,right_shoulder_1_joint,-0.09665896,0.5505934,0.093629986,0.7767566,0.16620272,0.038136147,0.6062767
1783532936.1373,7,right_arm_joint,-0.23327276,0.5064346,0.114268266,0.6794545,0.5651392,0.26969373,0.38239315
1783532936.1373,7,right_forearm_joint,-0.29066345,0.24730295,0.13174926,0.4824955,0.76058847,0.16305958,0.40263504
1783532936.1373,7,right_hand_joint,-0.234345,0.015436497,0.25371024,0.14302625,0.5093013,0.5879588,0.6119316
1783532936.1373,7,right_handIndexStart_joint,-0.21707289,0.00090701575,0.27150032,0.102660395,0.549859,0.59681064,0.5752678
1783532936.1373,7,right_handIndex_1_joint,-0.19160995,-0.06330505,0.31246606,0.102660395,0.549859,0.59681064,0.5752678
1783532936.1373,7,right_handIndex_2_joint,-0.1768055,-0.10063791,0.3362829,0.102660395,0.549859,0.59681064,0.5752678
1783532936.1373,7,right_handIndex_3_joint,-0.16851544,-0.12154445,0.34962115,0.102660395,0.549859,0.59681064,0.5752678
1783532936.1373,7,right_handIndexEnd_joint,-0.16259399,-0.13647743,0.35914835,0.102660395,0.549859,0.59681064,0.5752678
1783532936.1373,7,right_handMidStart_joint,-0.22666211,-0.0061211823,0.26680735,0.14248493,0.50982296,0.5883355,0.6112609
1783532936.1373,7,right_handMid_1_joint,-0.21053798,-0.07183952,0.30144083,0.14248493,0.50982296,0.5883355,0.6112609
1783532936.1373,7,right_handMid_2_joint,-0.19920787,-0.11801929,0.32577807,0.14248493,0.50982296,0.5883355,0.6112609
1783532936.1373,7,right_handMid_3_joint,-0.19267105,-0.14466165,0.3398187,0.14248493,0.50982296,0.5883355,0.6112609
1783532936.1373,7,right_handMidEnd_joint,-0.18831345,-0.16242287,0.34917915,0.14248493,0.50982296,0.5883355,0.6112609
1783532936.1373,7,right_handPinkyStart_joint,-0.24688281,-0.018068373,0.25206304,0.21854362,0.43577442,0.5929471,0.64090025
1783532936.1373,7,right_handPinky_1_joint,-0.24161413,-0.078426465,0.27107552,0.21854362,0.43577442,0.5929471,0.64090025
1783532936.1373,7,right_handPinky_2_joint,-0.2383601,-0.11570711,0.28281924,0.21854362,0.43577442,0.5929471,0.64090025
1783532936.1373,7,right_handPinky_3_joint,-0.23665527,-0.13523485,0.28896993,0.21854362,0.43577442,0.5929471,0.64090025
1783532936.1373,7,right_handPinkyEnd_joint,-0.23510574,-0.15298717,0.29456174,0.21854362,0.43577442,0.5929471,0.64090025
1783532936.1373,7,right_handRingStart_joint,-0.23588541,-0.012132955,0.26010716,0.1813815,0.4740401,0.5911028,0.62688464
1783532936.1373,7,right_handRing_1_joint,-0.22553128,-0.075912006,0.28664428,0.1813815,0.4740401,0.5911028,0.62688464
1783532936.1373,7,right_handRing_2_joint,-0.21822242,-0.120932154,0.305376,0.1813815,0.4740401,0.5911028,0.62688464
1783532936.1373,7,right_handRing_3_joint,-0.21365461,-0.14907007,0.31708393,0.1813815,0.4740401,0.5911028,0.62688464
1783532936.1373,7,right_handRingEnd_joint,-0.21060878,-0.16782925,0.32488856,0.1813815,0.4740401,0.5911028,0.62688464
1783532936.1373,7,right_handThumbStart_joint,-0.20913394,0.00014382601,0.2630946,0.2277027,0.94327444,0.07882098,0.22841227
1783532936.1373,7,right_handThumb_1_joint,-0.16660996,-0.024858888,0.2843044,0.2277027,0.94327444,0.07882097,0.22841227
1783532936.1373,7,right_handThumb_2_joint,-0.136214,-0.042728126,0.29946572,0.2277027,0.94327444,0.07882096,0.22841227
1783532936.1373,7,right_handThumbEnd_joint,-0.11595002,-0.05464129,0.30957252,0.22770272,0.94327444,0.078820944,0.22841227
1783532936.1373,7,camera,0.10930822,0.07047664,-0.032586724,-0.07991946,-0.074839294,-0.6993473,0.70634645
1783532936.1696,8,root,-0.00012746049,0.022380408,-0.0050331205,-0.089124575,-0.002900131,-0.0058995457,0.9959988
1783532936.1696,8,hips_joint,-0.00012746049,0.022380408,-0.0050331205,-0.089124575,-0.002900131,-0.0058995457,0.9959988
1783532936.1696,8,left_upLeg_joint,0.100092866,-0.0031588743,0.0010302984,0.6283395,-0.33432207,0.6202787,-0.32965487
1783532936.1696,8,left_leg_joint,0.10302618,-0.35229003,0.23645496,-0.25607896,0.6584658,-0.32348642,0.6294463
1783532936.1696,8,left_foot_joint,0.068069056,-0.6927425,-0.06685905,0.6076532,-0.36043054,0.64282304,-0.2960164
1783532936.1696,8,left_toes_joint,0.055213086,-0.8147409,0.0177672,0.6649534,-0.23872575,0.68727654,-0.16881274
1783532936.1696,8,left_toesEnd_joint,0.051654033,-0.8480752,0.06832225,0.6649535,-0.23872554,0.68727654,-0.16881293
1783532936.1696,8,right_upLeg_joint,-0.100969695,-0.0008949828,-0.0003431636,0.31905338,0.60988796,0.3727663,0.62232375
1783532936.1696,8,right_leg_joint,-0.09177471,-0.3601448,0.21914355,0.6108294,0.32488343,0.6575573,0.29825598
1783532936.1696,8,right_foot_joint,-0.05708168,-0.7210225,-0.059591122,0.28049985,0.6324403,0.33370528,0.6402967
1783532936.1696,8,right_toes_joint,-0.053701647,-0.8375861,0.033209514,0.15554592,0.67414135,0.20629713,0.69193965
1783532936.1696,8,right_toesEnd_joint,-0.054062564,-0.8676255,0.08590792,0.1555464,0.67414147,0.20629667,0.69193953
1783532936.1696,8,spine_1_joint,-0.00012748026,0.022380408,-0.0050331205,0.45478967,0.5404205,0.4564105,0.5411114
1783532936.1696,8,spine_2_joint,-0.0001694753,0.07909837,-0.014800635,0.4686121,0.5295215,0.4713508,0.52710396
1783532936.1696,8,spine_3_joint,-0.00046465656,0.13625884,-0.0215035,0.49617708,0.50097543,0.50212175,0.5007059
1783532936.1696,8,spine_4_joint,-0.00079384586,0.18931174,-0.021683902,0.5327124,0.45884994,0.5403854,0.4622318
1783532936.1696,8,spine_5_joint,-0.0011533715,0.25899348,-0.011225747,0.5754989,0.40098464,0.5846165,0.4077209
1783532936.1696,8,spine_6_joint,-0.0016400411,0.34684888,0.021751279,0.5822833,0.38537574,0.6004678,0.38970593
1783532936.1696,8,spine_7_joint,-0.0035936334,0.4447372,0.06513745,0.5602735,0.41447163,0.5864973,0.41270903
1783532936.1696,8,left_shoulder_1_joint,0.08228643,0.55494964,0.0980533,-0.6140097,-0.018095763,-0.1403638,0.77650714
1783532936.1696,8,left_arm_joint,0.22152567,0.5265539,0.12713176,-0.35842246,0.27076697,-0.55802935,0.6977268
1783532936.1696,8,left_forearm_joint,0.2828561,0.26780185,0.13303071,-0.40338752,0.14136533,-0.7522882,0.50135607
1783532936.1696,8,left_hand_joint,0.23680739,0.03510227,0.25768465,0.6238833,-0.56563866,0.51572734,-0.15763517
1783532936.1696,8,left_handIndexStart_joint,0.2187592,0.020163259,0.27622092,0.58892894,-0.5750413,0.55483854,-0.121018186
1783532936.1696,8,left_handIndex_1_joint,0.19651027,-0.045017414,0.31752786,0.58892894,-0.5750413,0.55483854,-0.121018186
1783532936.1696,8,left_handIndex_2_joint,0.18357487,-0.082913145,0.34154353,0.58892894,-0.5750413,0.55483854,-0.121018186
1783532936.1696,8,left_handIndex_3_joint,0.17633104,-0.10413477,0.3549923,0.58892894,-0.5750413,0.55483854,-0.121018186
1783532936.1696,8,left_handIndexEnd_joint,0.17115688,-0.119293064,0.36459854,0.58892894,-0.5750413,0.55483854,-0.121018186
1783532936.1696,8,left_handMidStart_joint,0.22883601,0.013677197,0.27177513,0.6252195,-0.56537265,0.5138765,-0.15933026
1783532936.1696,8,left_handMid_1_joint,0.21610883,-0.052510176,0.30692512,0.6252195,-0.56537265,0.5138765,-0.15933026
1783532936.1696,8,left_handMid_2_joint,0.2071654,-0.09902021,0.33162513,0.6252195,-0.56537265,0.5138765,-0.15933026
1783532936.1696,8,left_handMid_3_joint,0.20200574,-0.12585293,0.3458751,0.6252195,-0.56537265,0.5138765,-0.15933026
1783532936.1696,8,left_handMidEnd_joint,0.19856597,-0.1437414,0.35537514,0.6252195,-0.56537265,0.5138765,-0.15933026
1783532936.1696,8,left_handPinkyStart_joint,0.2499953,0.002815764,0.25751618,0.6560558,-0.56886345,0.43784407,-0.23297743
1783532936.1696,8,left_handPinky_1_joint,0.24805053,-0.057537697,0.2771658,0.6560558,-0.56886345,0.43784407,-0.23297743
1783532936.1696,8,left_handPinky_2_joint,0.24684934,-0.09481483,0.28930232,0.6560558,-0.56886345,0.43784407,-0.23297743
1783532936.1696,8,left_handPinky_3_joint,0.24622014,-0.11434095,0.2956595,0.6560558,-0.56886345,0.43784407,-0.23297743
1783532936.1696,8,left_handPinkyEnd_joint,0.24564815,-0.13209197,0.3014388,0.6560558,-0.56886345,0.43784407,-0.23297743
1783532936.1696,8,left_handRingStart_joint,0.23852096,0.008162427,0.26530284,0.64144963,-0.56754047,0.4770844,-0.19705752
1783532936.1696,8,left_handRing_1_joint,0.23157613,-0.055830155,0.2924314,0.64144963,-0.56754047,0.4770844,-0.19705752
1783532936.1696,8,left_handRing_2_joint,0.2266739,-0.10100138,0.31158102,0.64144963,-0.56754047,0.4770844,-0.19705752
1783532936.1696,8,left_handRing_3_joint,0.22361001,-0.12923339,0.32354948,0.64144963,-0.56754047,0.4770844,-0.19705752
1783532936.1696,8,left_handRingEnd_joint,0.22156742,-0.14805473,0.3315285,0.64144963,-0.56754047,0.4770844,-0.19705752
1783532936.1696,8,left_handThumbStart_joint,0.2110288,0.018827854,0.2676939,0.22393858,-0.06446785,0.9383098,-0.25548166
1783532936.1696,8,left_handThumb_1_joint,0.16972923,-0.008469378,0.28849,0.22393858,-0.06446785,0.9383098,-0.25548166
1783532936.1696,8,left_handThumb_2_joint,0.14020799,-0.02797902,0.30335522,0.22393857,-0.06446784,0.9383098,-0.25548166
1783532936.1696,8,left_handThumbEnd_joint,0.12052718,-0.040985454,0.31326535,0.22393855,-0.06446781,0.9383098,-0.25548166
1783532936.1696,8,neck_1_joint,-0.007677381,0.5739746,0.10101402,0.607353,0.34535262,0.62597394,0.34642676
1783532936.1696,8,neck_2_joint,-0.008344097,0.59957093,0.116646886,0.6023106,0.3553719,0.61765146,0.3597784
1783532936.1696,8,neck_3_joint,-0.008966708,0.6344719,0.13617992,0.5875103,0.37761313,0.60583764,0.3810537
1783532936.1696,8,neck_4_joint,-0.009737191,0.6706885,0.15314353,0.57037544,0.40043736,0.5948583,0.40058267
1783532936.1696,8,head_joint,-0.011032357,0.713758,0.17023014,0.51459306,0.46788827,0.5469563,0.46595538
1783532936.1696,8,jaw_joint,-0.010269177,0.68833685,0.1720148,0.51459306,0.46788827,0.5469563,0.46595538
1783532936.1696,8,chin_joint,-0.011278174,0.6259805,0.26480865,0.51459306,0.46788827,0.5469563,0.46595538
1783532936.1696,8,left_eye_joint,0.017602036,0.7360453,0.26127854,0.5186541,0.4633826,0.5509992,0.46116754
1783532936.1696,8,left_eyeLowerLid_joint,0.017602036,0.7360453,0.26127854,0.5186541,0.4633826,0.5509992,0.46116754
1783532936.1696,8,left_eyeUpperLid_joint,0.017602036,0.7360453,0.26127854,0.5186541,0.4633826,0.5509992,0.46116754
1783532936.1696,8,left_eyeball_joint,0.017602036,0.7360453,0.26127854,0.5186541,0.4633826,0.5509992,0.46116754
1783532936.1696,8,nose_joint,-0.014131139,0.6996852,0.2792823,0.51865643,0.4633798,0.55100167,0.46116462
1783532936.1696,8,right_eye_joint,-0.046965055,0.73395926,0.25917467,0.5186541,0.4633826,0.5509992,0.46116754
1783532936.1696,8,right_eyeLowerLid_joint,-0.046965055,0.73395926,0.25917467,0.5186541,0.4633826,0.5509992,0.46116754
1783532936.1696,8,right_eyeUpperLid_joint,-0.046965055,0.73395926,0.25917467,0.5186541,0.4633826,0.5509992,0.46116754
1783532936.1696,8,right_eyeball_joint,-0.046965055,0.73395926,0.25917467,0.5186541,0.4633826,0.5509992,0.46116754
1783532936.1696,8,right_shoulder_1_joint,-0.09632166,0.55071104,0.092938915,0.7764327,0.16499734,0.037414443,0.607066
1783532936.1696,8,right_arm_joint,-0.23306708,0.5069577,0.113569126,0.67960775,0.56464255,0.26933807,0.38310555
1783532936.1696,8,right_forearm_joint,-0.29085836,0.24792987,0.13126962,0.48264718,0.76032615,0.1625287,0.4031636
1783532936.1696,8,right_hand_joint,-0.2348463,0.016137961,0.25351346,0.14282931,0.50941145,0.58737695,0.6124449
1783532936.1696,8,right_handIndexStart_joint,-0.21759796,0.0016095327,0.2713275,0.10250379,0.5500045,0.5962173,0.5757725
1783532936.1696,8,right_handIndex_1_joint,-0.19222313,-0.0625846,0.31237602,0.10250379,0.5500045,0.5962173,0.5757725
1783532936.1696,8,right_handIndex_2_joint,-0.1774699,-0.099907026,0.33624107,0.10250379,0.5500045,0.5962173,0.5757725
1783532936.1696,8,right_handIndex_3_joint,-0.16920854,-0.12080772,0.34960628,0.10250379,0.5500045,0.5962173,0.5757725
1783532936.1696,8,right_handIndexEnd_joint,-0.16330756,-0.13573653,0.35915273,0.10250379,0.5500045,0.5962173,0.5757725
1783532936.1696,8,right_handMidStart_joint,-0.22719269,-0.0054134843,0.26663795,0.14228855,0.50993395,0.5877538,0.61177415
1783532936.1696,8,right_handMid_1_joint,-0.21115543,-0.0711108,0.3013517,0.14228855,0.50993395,0.5877538,0.61177415
1783532936.1696,8,right_handMid_2_joint,-0.19988635,-0.11727579,0.3257453,0.14228855,0.50993395,0.5877538,0.61177415
1783532936.1696,8,right_handMid_3_joint,-0.19338474,-0.14390963,0.33981842,0.14228855,0.50993395,0.5877538,0.61177415
1783532936.1696,8,right_handMidEnd_joint,-0.18905063,-0.16166517,0.34920058,0.14228855,0.50993395,0.5877538,0.61177415
1783532936.1696,8,right_handPinkyStart_joint,-0.24741966,-0.017355131,0.25189775,0.21828963,0.43583995,0.59240764,0.64144135
1783532936.1696,8,right_handPinky_1_joint,-0.24222496,-0.07769778,0.2709796,0.21828963,0.43583995,0.59240764,0.64144135
1783532936.1696,8,right_handPinky_2_joint,-0.23901664,-0.11496889,0.2827662,0.21828963,0.43583995,0.59240764,0.64144135
1783532936.1696,8,right_handPinky_3_joint,-0.23733573,-0.13449164,0.28893933,0.21828963,0.43583995,0.59240764,0.64144135
1783532936.1696,8,right_handPinkyEnd_joint,-0.23580797,-0.1522394,0.29455155,0.21828963,0.43583995,0.59240764,0.64144135
1783532936.1696,8,right_handRingStart_joint,-0.23641947,-0.0114227,0.25994027,0.18115646,0.4741279,0.59054124,0.62741286
1783532936.1696,8,right_handRing_1_joint,-0.22614643,-0.07518347,0.28655288,0.18115646,0.4741279,0.59054124,0.62741286
1783532936.1696,8,right_handRing_2_joint,-0.21889482,-0.12019071,0.30533788,0.18115646,0.4741279,0.59054124,0.62741286
1783532936.1696,8,right_handRing_3_joint,-0.21436277,-0.14832056,0.3170791,0.18115646,0.4741279,0.59054124,0.62741286
1783532936.1696,8,right_handRingEnd_joint,-0.21134079,-0.16707435,0.32490593,0.18115646,0.4741279,0.59054124,0.62741286
1783532936.1696,8,right_handThumbStart_joint,-0.20965604,0.00082841516,0.26292622,0.22806911,0.94314295,0.07822526,0.2287951
1783532936.1696,8,right_handThumb_1_joint,-0.16716872,-0.0241968,0.28418306,0.22806911,0.94314295,0.07822525,0.2287951
1783532936.1696,8,right_handThumb_2_joint,-0.136799,-0.042082123,0.29937798,0.22806911,0.94314295,0.07822523,0.2287951
1783532936.1696,8,right_handThumbEnd_joint,-0.1165525,-0.054006014,0.30950722,0.22806911,0.94314295,0.07822522,0.2287951
1783532936.1696,8,camera,0.109957844,0.070403054,-0.03272172,-0.08014406,-0.07481671,-0.69981956,0.7058555
1783532936.2038,9,root,-5.642221e-05,0.022089986,-0.0051136706,-0.08706715,-0.0031868927,-0.005830158,0.99618024
1783532936.2038,9,hips_joint,-5.642221e-05,0.022089986,-0.0051136706,-0.08706715,-0.0031868927,-0.005830158,0.99618024
1783532936.2038,9,left_upLeg_joint,0.10016558,-0.0034538386,0.00090267597,0.62652546,-0.33690566,0.61931205,-0.3322844
1783532936.2038,9,left_leg_joint,0.10264769,-0.35454056,0.23340617,-0.25596148,0.65818727,-0.32368717,0.62968224
1783532936.2038,9,left_foot_joint,0.06790717,-0.6950425,-0.06987726,0.6073891,-0.3602838,0.6431265,-0.29607838
1783532936.2038,9,left_toes_joint,0.0549664,-0.8170245,0.014759626,0.6646662,-0.23863165,0.6875863,-0.16881603
1783532936.2038,9,left_toesEnd_joint,0.05136113,-0.85034966,0.06531753,0.66466624,-0.23863144,0.6875863,-0.16881624
1783532936.2038,9,right_upLeg_joint,-0.100896604,-0.0012249541,-0.0005785504,0.3217659,0.60806006,0.37520453,0.62124956
1783532936.2038,9,right_leg_joint,-0.09204052,-0.36231124,0.21588776,0.61048734,0.32493713,0.65740126,0.2992399
1783532936.2038,9,right_foot_joint,-0.057503205,-0.72366637,-0.062247027,0.2801974,0.63227165,0.3329756,0.64097506
1783532936.2038,9,right_toes_joint,-0.05433173,-0.84008694,0.03074028,0.15528095,0.67391837,0.20545211,0.69246745
1783532936.2038,9,right_toesEnd_joint,-0.05477132,-0.8700427,0.08348568,0.15528142,0.6739185,0.20545165,0.69246733
1783532936.2038,9,spine_1_joint,-5.644199e-05,0.022089986,-0.0051136706,0.4552762,0.53979653,0.45732903,0.540549
1783532936.2038,9,spine_2_joint,-0.00011747714,0.078833126,-0.014733678,0.46872625,0.5292517,0.47193703,0.5267482
1783532936.2038,9,spine_3_joint,-0.0004434573,0.13600226,-0.021360664,0.49595302,0.50106865,0.5023761,0.5005787
1783532936.2038,9,spine_4_joint,-0.00080969214,0.18905489,-0.021537794,0.53222007,0.45933378,0.5403316,0.4623807
1783532936.2038,9,spine_5_joint,-0.0012236106,0.25874865,-0.011162372,0.5748871,0.40182012,0.5843488,0.40814453
1783532936.2038,9,spine_6_joint,-0.0017773139,0.34667525,0.021623177,0.58167064,0.3863602,0.6000892,0.3902284
1783532936.2038,9,spine_7_joint,-0.003796004,0.4446729,0.06475871,0.5598365,0.41528192,0.58602643,0.4131555
1783532936.2038,9,left_shoulder_1_joint,0.082054935,0.5549882,0.09740482,-0.61420906,-0.016277073,-0.14072329,0.77632445
1783532936.2038,9,left_arm_joint,0.22128299,0.52619594,0.12614492,-0.35853842,0.27288392,-0.5580723,0.6968071
1783532936.2038,9,left_forearm_joint,0.28197563,0.2672805,0.13143426,-0.40483063,0.14334424,-0.75091225,0.50169295
1783532936.2038,9,left_hand_joint,0.23673333,0.034276333,0.255814,0.6252387,-0.56639105,0.51343745,-0.15703551
1783532936.2038,9,left_handIndexStart_joint,0.21879159,0.01928409,0.27441052,0.59042895,-0.5757541,0.5526415,-0.12036977
1783532936.2038,9,left_handIndex_1_joint,0.19680175,-0.046002474,0.31568888,0.59042895,-0.5757541,0.5526415,-0.12036977
1783532936.2038,9,left_handIndex_2_joint,0.18401694,-0.083959766,0.3396879,0.59042895,-0.5757541,0.5526415,-0.12036977
1783532936.2038,9,left_handIndex_3_joint,0.17685747,-0.105215855,0.3531274,0.59042895,-0.5757541,0.5526415,-0.12036977
1783532936.2038,9,left_handIndexEnd_joint,0.17174354,-0.120398775,0.36272702,0.59042895,-0.5757541,0.5526415,-0.12036977
1783532936.2038,9,left_handMidStart_joint,0.22884977,0.012814869,0.26989847,0.6265682,-0.566127,0.51158303,-0.15873215
1783532936.2038,9,left_handMid_1_joint,0.21635038,-0.053458206,0.30496857,0.6265682,-0.566127,0.51158303,-0.15873215
1783532936.2038,9,left_handMid_2_joint,0.20756702,-0.10002848,0.32961243,0.6265682,-0.566127,0.51158303,-0.15873215
1783532936.2038,9,left_handMid_3_joint,0.20249969,-0.12689593,0.34383002,0.6265682,-0.566127,0.51158303,-0.15873215
1783532936.2038,9,left_handMidEnd_joint,0.19912148,-0.14480758,0.35330844,0.6265682,-0.566127,0.51158303,-0.15873215
1783532936.2038,9,left_handPinkyStart_joint,0.24994254,0.001999569,0.25550655,0.65712833,-0.56971425,0.43544164,-0.23237725
1783532936.2038,9,left_handPinky_1_joint,0.24814121,-0.05839811,0.27503353,0.65712833,-0.56971425,0.43544164,-0.23237725
1783532936.2038,9,left_handPinky_2_joint,0.24702862,-0.09570255,0.2870943,0.65712833,-0.56971425,0.43544164,-0.23237725
1783532936.2038,9,left_handPinky_3_joint,0.24644582,-0.11524297,0.29341185,0.65712833,-0.56971425,0.43544164,-0.23237725
1783532936.2038,9,left_handPinkyEnd_joint,0.24591602,-0.133007,0.2991551,0.65712833,-0.56971425,0.43544164,-0.23237725
1783532936.2038,9,left_handRingStart_joint,0.23850492,0.007321098,0.2633641,0.6426625,-0.5683464,0.4747335,-0.19645858
1783532936.2038,9,left_handRing_1_joint,0.2317448,-0.05673557,0.29038784,0.6426625,-0.5683464,0.4747335,-0.19645858
1783532936.2038,9,left_handRing_2_joint,0.22697295,-0.10195204,0.3094634,0.6426625,-0.5683464,0.4747335,-0.19645858
1783532936.2038,9,left_handRing_3_joint,0.22399054,-0.13021232,0.32138565,0.6426625,-0.5683464,0.4747335,-0.19645858
1783532936.2038,9,left_handRingEnd_joint,0.22200227,-0.14905252,0.32933378,0.6426625,-0.5683464,0.4747335,-0.19645858
1783532936.2038,9,left_handThumbStart_joint,0.21101815,0.017961923,0.26592064,0.22610602,-0.066077925,0.9375672,-0.25588655
1783532936.2038,9,left_handThumb_1_joint,0.16984561,-0.009409803,0.28687006,0.22610602,-0.066077925,0.9375672,-0.25588655
1783532936.2038,9,left_handThumb_2_joint,0.14041519,-0.028972697,0.30184487,0.226106,-0.0660779,0.9375672,-0.25588655
1783532936.2038,9,left_handThumbEnd_joint,0.12079492,-0.042014632,0.31182805,0.226106,-0.06607787,0.9375672,-0.25588655
1783532936.2038,9,neck_1_joint,-0.007914704,0.5739875,0.10035189,0.6069545,0.3462711,0.62555534,0.34696355
1783532936.2038,9,neck_2_joint,-0.008588098,0.5996204,0.115924306,0.601893,0.35628125,0.61722463,0.36030954
1783532936.2038,9,neck_3_joint,-0.009220312,0.63456726,0.13537484,0.58706117,0.3785082,0.6053911,0.38156676
1783532936.2038,9,neck_4_joint,-0.010001663,0.6708236,0.15225288,0.5698969,0.40131852,0.5943912,0.40107465
1783532936.2038,9,head_joint,-0.0113106,0.7139328,0.16923785,0.5140161,0.4687097,0.5464312,0.46638227
1783532936.2038,9,jaw_joint,-0.010536023,0.6885163,0.17108247,0.5140161,0.4687097,0.5464312,0.46638227
1783532936.2038,9,chin_joint,-0.011492754,0.6263794,0.26402393,0.5140161,0.4687097,0.5464312,0.46638227
1783532936.2038,9,left_eye_joint,0.017339254,0.7364478,0.26022533,0.51808435,0.46420908,0.5504778,0.46159902
1783532936.2038,9,left_eyeLowerLid_joint,0.017339254,0.7364478,0.26022533,0.51808435,0.46420908,0.5504778,0.46159902
1783532936.2038,9,left_eyeUpperLid_joint,0.017339254,0.7364478,0.26022533,0.51808435,0.46420908,0.5504778,0.46159902
1783532936.2038,9,left_eyeball_joint,0.017339254,0.7364478,0.26022533,0.51808435,0.46420908,0.5504778,0.46159902
1783532936.2038,9,nose_joint,-0.014373351,0.7001169,0.27832386,0.51808673,0.46420628,0.55048025,0.46159607
1783532936.2038,9,right_eye_joint,-0.047227502,0.7343291,0.25814423,0.51808435,0.46420908,0.5504778,0.46159902
1783532936.2038,9,right_eyeLowerLid_joint,-0.047227502,0.7343291,0.25814423,0.51808435,0.46420908,0.5504778,0.46159902
1783532936.2038,9,right_eyeUpperLid_joint,-0.047227502,0.7343291,0.25814423,0.51808435,0.46420908,0.5504778,0.46159902
1783532936.2038,9,right_eyeball_joint,-0.047227502,0.7343291,0.25814423,0.51808435,0.46420908,0.5504778,0.46159902
1783532936.2038,9,right_shoulder_1_joint,-0.096553154,0.5506745,0.09235588,0.77607644,0.16552019,0.037936952,0.6073463
1783532936.2038,9,right_arm_joint,-0.23323703,0.50672543,0.11297785,0.67909604,0.5650907,0.26991946,0.38294253
1783532936.2038,9,right_forearm_joint,-0.29059213,0.24759425,0.13058397,0.48254094,0.7601806,0.16327485,0.40326378
1783532936.2038,9,right_hand_joint,-0.2345684,0.015713347,0.25265345,0.14268416,0.50884616,0.5878854,0.61246085
1783532936.2038,9,right_handIndexStart_joint,-0.21732973,0.0011772894,0.27047062,0.10232378,0.54944146,0.59671426,0.5758269
1783532936.2038,9,right_handIndex_1_joint,-0.19195904,-0.06304287,0.31148097,0.10232378,0.54944146,0.59671426,0.5758269
1783532936.2038,9,right_handIndex_2_joint,-0.17720821,-0.10038042,0.33532378,0.10232378,0.54944146,0.59671426,0.5758269
1783532936.2038,9,right_handIndex_3_joint,-0.1689482,-0.121289596,0.34867656,0.10232378,0.54944146,0.59671426,0.5758269
1783532936.2038,9,right_handIndexEnd_joint,-0.16304821,-0.13622445,0.35821414,0.10232378,0.54944146,0.59671426,0.5758269
1783532936.2038,9,right_handMidStart_joint,-0.22691551,-0.005846693,0.26576424,0.14214271,0.5093687,0.5882619,0.61179054
1783532936.2038,9,right_handMid_1_joint,-0.21087499,-0.07156921,0.30042875,0.14214271,0.5093687,0.5882619,0.61179054
1783532936.2038,9,right_handMid_2_joint,-0.19960362,-0.11775192,0.32478774,0.14214271,0.5093687,0.5882619,0.61179054
1783532936.2038,9,right_handMid_3_joint,-0.19310068,-0.14439598,0.3388409,0.14214271,0.5093687,0.5882619,0.61179054
1783532936.2038,9,right_handMidEnd_joint,-0.18876567,-0.16215831,0.34820977,0.14214271,0.5093687,0.5882619,0.61179054
1783532936.2038,9,right_handPinkyStart_joint,-0.2471203,-0.017785523,0.2509914,0.2181781,0.4352796,0.59292644,0.6413805
1783532936.2038,9,right_handPinky_1_joint,-0.24190947,-0.07814415,0.27001828,0.2181781,0.4352796,0.59292644,0.6413805
1783532936.2038,9,right_handPinky_2_joint,-0.23869123,-0.11542512,0.28177088,0.2181781,0.4352796,0.59292644,0.6413805
1783532936.2038,9,right_handPinky_3_joint,-0.23700511,-0.13495302,0.28792623,0.2181781,0.4352796,0.59292644,0.6413805
1783532936.2038,9,right_handPinkyEnd_joint,-0.23547262,-0.15270549,0.29352227,0.2181781,0.4352796,0.59292644,0.6413805
1783532936.2038,9,right_handRingStart_joint,-0.23613185,-0.011854649,0.2590511,0.18102753,0.47356468,0.59105605,0.6273906
1783532936.2038,9,right_handRing_1_joint,-0.22584842,-0.075635925,0.2856105,0.18102753,0.47356468,0.59105605,0.6273906
1783532936.2038,9,right_handRing_2_joint,-0.21858945,-0.12065763,0.30435795,0.18102753,0.47356468,0.59105605,0.6273906
1783532936.2038,9,right_handRing_3_joint,-0.21405281,-0.14879651,0.31607568,0.18102753,0.47356468,0.59105605,0.6273906
1783532936.2038,9,right_handRingEnd_joint,-0.21102777,-0.16755635,0.32388687,0.18102753,0.47356468,0.59105605,0.6273906
1783532936.2038,9,right_handThumbStart_joint,-0.20937875,0.0004092574,0.26207674,0.22786495,0.9430537,0.078881,0.22914109
1783532936.2038,9,right_handThumb_1_joint,-0.16689844,-0.024612138,0.2833521,0.22786495,0.9430537,0.078880996,0.22914109
1783532936.2038,9,right_handThumb_2_joint,-0.1365337,-0.04249473,0.29856026,0.22786495,0.9430537,0.07888098,0.22914109
1783532936.2038,9,right_handThumbEnd_joint,-0.11629055,-0.054416798,0.3086983,0.22786497,0.9430537,0.07888096,0.22914109
1783532936.2038,9,camera,0.10992055,0.07091167,-0.0331841,-0.08009028,-0.075911805,-0.70001453,0.7055512
1783532936.2366,10,root,-2.2565455e-05,0.022082644,-0.0050257877,-0.0850987,-0.0031078865,-0.005680933,0.99635154
1783532936.2366,10,hips_joint,-2.2565455e-05,0.022082644,-0.0050257877,-0.0850987,-0.0031078865,-0.005680933,0.99635154
1783532936.2366,10,left_upLeg_joint,0.100208014,-0.0034548473,0.0008734417,0.6252748,-0.33940652,0.6178313,-0.33484226
1783532936.2366,10,left_leg_joint,0.10280849,-0.35642025,0.23051387,-0.25527227,0.65874356,-0.32259205,0.6299425
1783532936.2366,10,left_foot_joint,0.068045236,-0.6960832,-0.07370647,0.6071896,-0.3611468,0.6424248,-0.29695863
1783532936.2366,10,left_toes_joint,0.055187758,-0.81830657,0.010594272,0.66463387,-0.2395168,0.6870642,-0.16981325
1783532936.2366,10,left_toesEnd_joint,0.051618207,-0.8517745,0.061060283,0.664634,-0.23951659,0.6870642,-0.16981345
1783532936.2366,10,right_upLeg_joint,-0.10085506,-0.0012801265,-0.00056660624,0.3243,0.60677373,0.37727726,0.6199332
1783532936.2366,10,right_leg_joint,-0.092001684,-0.36397895,0.21318717,0.6107601,0.32483146,0.6570202,0.29963475
1783532936.2366,10,right_foot_joint,-0.057985265,-0.7254892,-0.06481035,0.28047732,0.6323567,0.33243212,0.6410509
1783532936.2366,10,right_toes_joint,-0.054889534,-0.8418734,0.028225154,0.15553969,0.674055,0.20490414,0.6924389
1783532936.2366,10,right_toesEnd_joint,-0.055334073,-0.8718061,0.08098358,0.15554017,0.6740551,0.20490368,0.6924388
1783532936.2366,10,spine_1_joint,-2.258523e-05,0.022082644,-0.0050257877,0.45589063,0.5393519,0.4580419,0.53987134
1783532936.2366,10,spine_2_joint,-0.000103480656,0.07884924,-0.014506323,0.46895775,0.5291202,0.4722748,0.5263717
1783532936.2366,10,spine_3_joint,-0.00045013175,0.13602538,-0.021071615,0.49583682,0.5012547,0.5023641,0.50052
1783532936.2366,10,spine_4_joint,-0.000834863,0.18907785,-0.021262335,0.53183377,0.45984912,0.5400319,0.4626636
1783532936.2366,10,spine_5_joint,-0.0012699483,0.2587869,-0.010990748,0.574368,0.4026277,0.58388305,0.40874618
1783532936.2366,10,spine_6_joint,-0.0018433736,0.34679285,0.021580806,0.5811387,0.3872744,0.59955364,0.39093775
1783532936.2366,10,spine_7_joint,-0.0038758062,0.44490844,0.064446874,0.5594135,0.41603273,0.5854824,0.41374433
1783532936.2366,10,left_shoulder_1_joint,0.08197729,0.55530435,0.09681368,-0.61452854,-0.015275152,-0.14067909,0.7761001
1783532936.2366,10,left_arm_joint,0.22121812,0.52635413,0.1253323,-0.35877377,0.27415928,-0.557831,0.6963787
1783532936.2366,10,left_forearm_joint,0.28168288,0.26737764,0.13023515,-0.4058785,0.14464694,-0.7495799,0.50246465
1783532936.2366,10,left_hand_joint,0.23731102,0.034057844,0.25433663,0.62653995,-0.5666295,0.51158947,-0.15702128
1783532936.2366,10,left_handIndexStart_joint,0.21946502,0.018998843,0.27297133,0.5918467,-0.5759918,0.5508814,-0.12033897
1783532936.2366,10,left_handIndex_1_joint,0.19774318,-0.046404675,0.31420645,0.5918467,-0.5759918,0.5508814,-0.12033897
1783532936.2366,10,left_handIndex_2_joint,0.1851142,-0.08442998,0.3381804,0.5918467,-0.5759918,0.5508814,-0.12033897
1783532936.2366,10,left_handIndex_3_joint,0.178042,-0.10572414,0.3516058,0.5918467,-0.5759918,0.5508814,-0.12033897
1783532936.2366,10,left_handIndexEnd_joint,0.1729904,-0.12093426,0.36119536,0.5918467,-0.5759918,0.5508814,-0.12033897
1783532936.2366,10,left_handMidStart_joint,0.22951747,0.012555806,0.26840934,0.6278641,-0.5663657,0.5097312,-0.15871805
1783532936.2366,10,left_handMid_1_joint,0.21726452,-0.05380581,0.3033989,0.6278641,-0.5663657,0.5097312,-0.15871805
1783532936.2366,10,left_handMid_2_joint,0.20865433,-0.10043829,0.32798618,0.6278641,-0.5663657,0.5097312,-0.15871805
1783532936.2366,10,left_handMid_3_joint,0.2036869,-0.12734164,0.34217113,0.6278641,-0.5663657,0.5097312,-0.15871805
1783532936.2366,10,left_handMidEnd_joint,0.20037529,-0.14527722,0.35162777,0.6278641,-0.5663657,0.5097312,-0.15871805
1783532936.2366,10,left_handPinkyStart_joint,0.25057507,0.0018048167,0.25391802,0.65821457,-0.5699912,0.43346536,-0.23231916
1783532936.2366,10,left_handPinky_1_joint,0.24895172,-0.058633078,0.2733359,0.65821457,-0.5699912,0.43346536,-0.23231916
1783532936.2366,10,left_handPinky_2_joint,0.24794906,-0.09596237,0.2853293,0.65821457,-0.5699912,0.43346536,-0.23231916
1783532936.2366,10,left_handPinky_3_joint,0.24742386,-0.1155158,0.29161155,0.65821457,-0.5699912,0.43346536,-0.23231916
1783532936.2366,10,left_handPinkyEnd_joint,0.24694641,-0.13329165,0.2973227,0.65821457,-0.5699912,0.43346536,-0.23231916
1783532936.2366,10,left_handRingStart_joint,0.23915765,0.007091374,0.26182845,0.6438554,-0.5686063,0.47281677,-0.19642355
1783532936.2366,10,left_handRing_1_joint,0.23260997,-0.057028465,0.28875452,0.6438554,-0.5686063,0.47281677,-0.19642355
1783532936.2366,10,left_handRing_2_joint,0.22798808,-0.10228952,0.3077612,0.6438554,-0.5686063,0.47281677,-0.19642355
1783532936.2366,10,left_handRing_3_joint,0.2250994,-0.13057768,0.31964034,0.6438554,-0.5686063,0.47281677,-0.19642355
1783532936.2366,10,left_handRingEnd_joint,0.22317362,-0.14943646,0.32755977,0.6438554,-0.5686063,0.47281677,-0.19642355
1783532936.2366,10,left_handThumbStart_joint,0.21166217,0.017679313,0.26450807,0.22767086,-0.06725536,0.9368562,-0.25679508
1783532936.2366,10,left_handThumb_1_joint,0.1706159,-0.009804166,0.2855587,0.22767086,-0.06725536,0.9368562,-0.25679508
1783532936.2366,10,left_handThumb_2_joint,0.14127572,-0.029446943,0.3006059,0.22767086,-0.06725535,0.9368562,-0.25679508
1783532936.2366,10,left_handThumbEnd_joint,0.1217156,-0.042542133,0.31063735,0.22767085,-0.06725532,0.9368562,-0.25679505
1783532936.2366,10,neck_1_joint,-0.007992665,0.5743058,0.09973829,0.60659695,0.34708467,0.6250827,0.3476273
1783532936.2366,10,neck_2_joint,-0.008664436,0.59997594,0.11524931,0.601518,0.35708618,0.61674106,0.36096644
1783532936.2366,10,neck_3_joint,-0.009294848,0.6349693,0.1346161,0.58665854,0.37930083,0.6048834,0.3822038
1783532936.2366,10,neck_4_joint,-0.010075102,0.671266,0.15140729,0.5694686,0.40209952,0.59385896,0.40168884
1783532936.2366,10,head_joint,-0.011383448,0.7144158,0.16828908,0.5135014,0.46943855,0.545827,0.4669235
1783532936.2366,10,jaw_joint,-0.0106064845,0.6890039,0.1701945,0.5135014,0.46943855,0.545827,0.4669235
1783532936.2366,10,chin_joint,-0.011536956,0.62709004,0.26328498,0.5135014,0.46943855,0.545827,0.4669235
1783532936.2366,10,left_eye_joint,0.017285686,0.7371513,0.25921562,0.517576,0.4649423,0.5498784,0.46214542
1783532936.2366,10,left_eyeLowerLid_joint,0.017285686,0.7371513,0.25921562,0.517576,0.4649423,0.5498784,0.46214542
1783532936.2366,10,left_eyeUpperLid_joint,0.017285686,0.7371513,0.25921562,0.517576,0.4649423,0.5498784,0.46214542
1783532936.2366,10,left_eyeball_joint,0.017285686,0.7371513,0.25921562,0.517576,0.4649423,0.5498784,0.46214542
1783532936.2366,10,nose_joint,-0.014419944,0.7008614,0.27740863,0.51757836,0.4649396,0.54988086,0.4621425
1783532936.2366,10,right_eye_joint,-0.04728139,0.73502266,0.25715455,0.517576,0.4649423,0.5498784,0.46214542
1783532936.2366,10,right_eyeLowerLid_joint,-0.04728139,0.73502266,0.25715455,0.517576,0.4649423,0.5498784,0.46214542
1783532936.2366,10,right_eyeUpperLid_joint,-0.04728139,0.73502266,0.25715455,0.517576,0.4649423,0.5498784,0.46214542
1783532936.2366,10,right_eyeball_joint,-0.04728139,0.73502266,0.25715455,0.517576,0.4649423,0.5498784,0.46214542
1783532936.2366,10,right_shoulder_1_joint,-0.09663185,0.55096954,0.091818556,0.7757619,0.16563907,0.038054027,0.6077087
1783532936.2366,10,right_arm_joint,-0.23330173,0.5069842,0.112456,0.6788778,0.565313,0.2702045,0.3828008
1783532936.2366,10,right_forearm_joint,-0.2904413,0.24780065,0.12999316,0.4826188,0.7601488,0.16389976,0.40297705
1783532936.2366,10,right_hand_joint,-0.23433383,0.015786324,0.2517705,0.14291891,0.50844485,0.5883654,0.61227876
1783532936.2366,10,right_handIndexStart_joint,-0.21709162,0.0012348413,0.26957166,0.102524914,0.54902846,0.5972091,0.5756725
1783532936.2366,10,right_handIndex_1_joint,-0.19169895,-0.06302722,0.31050277,0.102524914,0.54902846,0.5972091,0.5756725
1783532936.2366,10,right_handIndex_2_joint,-0.17693534,-0.10038914,0.3342995,0.102524914,0.54902846,0.5972091,0.5756725
1783532936.2366,10,right_handIndex_3_joint,-0.16866817,-0.121311955,0.34762648,0.102524914,0.54902846,0.5972091,0.5756725
1783532936.2366,10,right_handIndexEnd_joint,-0.16276306,-0.13625656,0.35714564,0.102524914,0.54902846,0.5972091,0.5756725
1783532936.2366,10,right_handMidStart_joint,-0.22667344,-0.0057873176,0.26485455,0.14237688,0.5089669,0.588742,0.61160874
1783532936.2366,10,right_handMid_1_joint,-0.21060924,-0.07154766,0.2994363,0.14237688,0.5089669,0.588742,0.61160874
1783532936.2366,10,right_handMid_2_joint,-0.19932121,-0.11775695,0.32373714,0.14237688,0.5089669,0.588742,0.61160874
1783532936.2366,10,right_handMid_3_joint,-0.19280869,-0.14441633,0.33775672,0.14237688,0.5089669,0.588742,0.61160874
1783532936.2366,10,right_handMidEnd_joint,-0.1884673,-0.1621889,0.34710324,0.14237688,0.5089669,0.588742,0.61160874
1783532936.2366,10,right_handPinkyStart_joint,-0.24687041,-0.01771599,0.25006282,0.21844774,0.43488944,0.59337145,0.641142
1783532936.2366,10,right_handPinky_1_joint,-0.2416357,-0.07809698,0.2690121,0.21844774,0.43488944,0.59337145,0.641142
1783532936.2366,10,right_handPinky_2_joint,-0.23840266,-0.11539175,0.28071678,0.21844774,0.43488944,0.59337145,0.641142
1783532936.2366,10,right_handPinky_3_joint,-0.23670882,-0.1349269,0.28684703,0.21844774,0.43488944,0.59337145,0.641142
1783532936.2366,10,right_handPinkyEnd_joint,-0.23516929,-0.15268594,0.29242024,0.21844774,0.43488944,0.59337145,0.641142
1783532936.2366,10,right_handRingStart_joint,-0.23588598,-0.011790671,0.25813204,0.1812797,0.47316858,0.5915197,0.6271799
1783532936.2366,10,right_handRing_1_joint,-0.22557834,-0.075601816,0.28461024,0.1812797,0.47316858,0.5915197,0.6271799
1783532936.2366,10,right_handRing_2_joint,-0.21830231,-0.12064462,0.30330035,0.1812797,0.47316858,0.5915197,0.6271799
1783532936.2366,10,right_handRing_3_joint,-0.213755,-0.14879669,0.31498227,0.1812797,0.47316858,0.5915197,0.6271799
1783532936.2366,10,right_handRingEnd_joint,-0.21072285,-0.1675653,0.32276958,0.1812797,0.47316858,0.5915197,0.6271799
1783532936.2366,10,right_handThumbStart_joint,-0.20913889,0.0004812896,0.2611781,0.22779582,0.94303423,0.0795644,0.22905415
1783532936.2366,10,right_handThumb_1_joint,-0.16665088,-0.024548702,0.28242806,0.22779582,0.94303423,0.0795644,0.22905415
1783532936.2366,10,right_handThumb_2_joint,-0.13628066,-0.042437438,0.29761803,0.22779582,0.94303423,0.079564385,0.22905415
1783532936.2366,10,right_handThumbEnd_joint,-0.11603384,-0.0543636,0.30774397,0.22779582,0.94303423,0.079564355,0.22905415
1783532936.2366,10,camera,0.110269524,0.0709436,-0.033548165,-0.0801911,-0.076834135,-0.7000751,0.70537984
1783532936.2695,11,root,1.215911e-05,0.021918178,-0.0050362125,-0.083982944,-0.0028973187,-0.0055145603,0.99644774
1783532936.2695,11,hips_joint,1.215911e-05,0.021918178,-0.0050362125,-0.083982944,-0.0028973187,-0.0055145603,0.99644774
1783532936.2695,11,left_upLeg_joint,0.10025304,-0.0036019778,0.0007621175,0.62530273,-0.3405021,0.6166795,-0.33579943
1783532936.2695,11,left_leg_joint,0.1034237,-0.35732466,0.22922702,-0.2560882,0.6592169,-0.32264116,0.62909037
1783532936.2695,11,left_foot_joint,0.06806092,-0.69736695,-0.07450001,0.60812366,-0.36101612,0.6419381,-0.2962575
1783532936.2695,11,left_toes_joint,0.05541791,-0.81948996,0.009978389,0.66552645,-0.23921154,0.68645334,-0.16921717
1783532936.2695,11,left_toesEnd_joint,0.051967874,-0.852897,0.060493063,0.66552657,-0.23921134,0.68645334,-0.1692174
1783532936.2695,11,right_upLeg_joint,-0.100811295,-0.0014852022,-0.00058549043,0.32675263,0.60575026,0.37900254,0.61859226
1783532936.2695,11,right_leg_joint,-0.0919041,-0.3656285,0.21069576,0.6114167,0.32455736,0.65643567,0.29987392
1783532936.2695,11,right_foot_joint,-0.058752697,-0.72716385,-0.06737356,0.28116328,0.6325458,0.33182454,0.6408787
1783532936.2695,11,right_toes_joint,-0.055705976,-0.84356,0.025648564,0.1561773,0.6743706,0.20434014,0.69215465
1783532936.2695,11,right_toesEnd_joint,-0.05612687,-0.87349635,0.07840509,0.15617777,0.6743707,0.20433968,0.6921545
1783532936.2695,11,spine_1_joint,1.2139333e-05,0.021918178,-0.0050362125,0.45623264,0.53924024,0.45828268,0.5394893
1783532936.2695,11,spine_2_joint,-8.029555e-05,0.078694955,-0.014455416,0.46911284,0.52915674,0.47225463,0.52621466
1783532936.2695,11,spine_3_joint,-0.0004292116,0.13587277,-0.021006001,0.4958585,0.5014088,0.50211906,0.5005896
1783532936.2695,11,spine_4_joint,-0.0008042392,0.1889252,-0.021220345,0.5317741,0.4601137,0.53960735,0.4629638
1783532936.2695,11,spine_5_joint,-0.001209093,0.25864512,-0.011021867,0.57429105,0.40296087,0.58337146,0.40925536
1783532936.2695,11,spine_6_joint,-0.0017207202,0.3466985,0.02142231,0.58110666,0.38758868,0.5989675,0.391571
1783532936.2695,11,spine_7_joint,-0.0036547908,0.44488376,0.06413288,0.559491,0.41619828,0.5848738,0.41433203
1783532936.2695,11,left_shoulder_1_joint,0.08233013,0.55522925,0.096320815,-0.61472255,-0.013342319,-0.14120701,0.7758855
1783532936.2695,11,left_arm_joint,0.22154385,0.52582514,0.12450552,-0.35971907,0.27583712,-0.5572958,0.6956559
1783532936.2695,11,left_forearm_joint,0.28183514,0.26680228,0.12907103,-0.407837,0.14602168,-0.74790674,0.5029726
1783532936.2695,11,left_hand_joint,0.2385916,0.03327709,0.25318378,0.62841,-0.5667206,0.5094259,-0.15624791
1783532936.2695,11,left_handIndexStart_joint,0.22087745,0.018165987,0.27190182,0.5938526,-0.57603365,0.5488436,-0.11955996
1783532936.2695,11,left_handIndex_1_joint,0.19950774,-0.04731904,0.31319135,0.5938526,-0.57603365,0.5488436,-0.11955996
1783532936.2695,11,left_handIndex_2_joint,0.18708351,-0.08539173,0.3371969,0.5938526,-0.57603365,0.5488436,-0.11955996
1783532936.2695,11,left_handIndex_3_joint,0.18012592,-0.10671243,0.35063997,0.5938526,-0.57603365,0.5488436,-0.11955996
1783532936.2695,11,left_handIndexEnd_joint,0.17515622,-0.12194151,0.3602422,0.5938526,-0.57603365,0.5488436,-0.11955996
1783532936.2695,11,left_handMidStart_joint,0.23091668,0.011746514,0.267278,0.6297279,-0.5664593,0.5075625,-0.15794429
1783532936.2695,11,left_handMid_1_joint,0.21898293,-0.054672524,0.3022687,0.6297279,-0.5664593,0.5075625,-0.15794429
1783532936.2695,11,left_handMid_2_joint,0.21059707,-0.10134537,0.32685682,0.6297279,-0.5664593,0.5075625,-0.15794429
1783532936.2695,11,left_handMid_3_joint,0.20575906,-0.128272,0.34104228,0.6297279,-0.5664593,0.5075625,-0.15794429
1783532936.2695,11,left_handMidEnd_joint,0.20253372,-0.14622308,0.3504992,0.6297279,-0.5664593,0.5075625,-0.15794429
1783532936.2695,11,left_handPinkyStart_joint,0.25191405,0.0010497308,0.25265983,0.6598344,-0.5702218,0.4311418,-0.23147786
1783532936.2695,11,left_handPinky_1_joint,0.25051242,-0.05941014,0.27202627,0.6598344,-0.5702218,0.4311418,-0.23147786
1783532936.2695,11,left_handPinky_2_joint,0.24964671,-0.096753,0.2839879,0.6598344,-0.5702218,0.4311418,-0.23147786
1783532936.2695,11,left_handPinky_3_joint,0.24919324,-0.11631355,0.29025355,0.6598344,-0.5702218,0.4311418,-0.23147786
1783532936.2695,11,left_handPinkyEnd_joint,0.248781,-0.13409586,0.29594955,0.6598344,-0.5702218,0.4311418,-0.23147786
1783532936.2695,11,left_handRingStart_joint,0.24053062,0.006306844,0.26063848,0.64560056,-0.5687708,0.4705673,-0.19561638
1783532936.2695,11,left_handRing_1_joint,0.23425323,-0.057851672,0.28753656,0.64560056,-0.5687708,0.4705673,-0.19561638
1783532936.2695,11,left_handRing_2_joint,0.22982211,-0.103140034,0.30652344,0.64560056,-0.5687708,0.4705673,-0.19561638
1783532936.2695,11,left_handRing_3_joint,0.22705269,-0.13144526,0.31839022,0.64560056,-0.5687708,0.4705673,-0.19561638
1783532936.2695,11,left_handRingEnd_joint,0.22520639,-0.15031542,0.32630143,0.64560056,-0.5687708,0.4705673,-0.19561638
1783532936.2695,11,left_handThumbStart_joint,0.21303044,0.016840009,0.26348054,0.23019633,-0.06821266,0.93594605,-0.25760695
1783532936.2695,11,left_handThumb_1_joint,0.17215334,-0.010741883,0.2847304,0.23019633,-0.06821266,0.93594605,-0.25760695
1783532936.2695,11,left_handThumb_2_joint,0.14293407,-0.030455003,0.29992,0.23019633,-0.068212636,0.93594605,-0.25760695
1783532936.2695,11,left_handThumbEnd_joint,0.12345457,-0.043597087,0.3100464,0.23019631,-0.06821261,0.93594605,-0.25760698
1783532936.2695,11,neck_1_joint,-0.0076180706,0.57433087,0.099258475,0.6066885,0.34723678,0.62454414,0.34828135
1783532936.2695,11,neck_2_joint,-0.008255793,0.6000218,0.114736535,0.6016047,0.35723847,0.6161899,0.36161065
1783532936.2695,11,neck_3_joint,-0.008840538,0.63504076,0.13405825,0.58674085,0.37945786,0.6043096,0.3828273
1783532936.2695,11,neck_4_joint,-0.00957481,0.6713599,0.15080275,0.56954825,0.40226266,0.5932636,0.40229052
1783532936.2695,11,head_joint,-0.010829793,0.71453285,0.16762921,0.51356477,0.4696142,0.545165,0.46744898
1783532936.2695,11,jaw_joint,-0.010079268,0.6891226,0.1695672,0.51356477,0.4696142,0.545165,0.46744898
1783532936.2695,11,chin_joint,-0.011036924,0.6273305,0.26273802,0.51356477,0.4696142,0.545165,0.46744898
1783532936.2695,11,left_eye_joint,0.017901938,0.73735523,0.2585142,0.51764095,0.46511742,0.5492211,0.46267664
1783532936.2695,11,left_eyeLowerLid_joint,0.017901938,0.73735523,0.2585142,0.51764095,0.46511742,0.5492211,0.46267664
1783532936.2695,11,left_eyeUpperLid_joint,0.017901938,0.73735523,0.2585142,0.51764095,0.46511742,0.5492211,0.46267664
1783532936.2695,11,left_eyeball_joint,0.017901938,0.73735523,0.2585142,0.51764095,0.46511742,0.5492211,0.46267664
1783532936.2695,11,nose_joint,-0.013834881,0.70112306,0.27676737,0.51764333,0.46511462,0.5492235,0.46267372
1783532936.2695,11,right_eye_joint,-0.046668187,0.7352932,0.25648287,0.51764095,0.46511742,0.5492211,0.46267664
1783532936.2695,11,right_eyeLowerLid_joint,-0.046668187,0.7352932,0.25648287,0.51764095,0.46511742,0.5492211,0.46267664
1783532936.2695,11,right_eyeUpperLid_joint,-0.046668187,0.7352932,0.25648287,0.51764095,0.46511742,0.5492211,0.46267664
1783532936.2695,11,right_eyeball_joint,-0.046668187,0.7352932,0.25648287,0.51764095,0.46511742,0.5492211,0.46267664
1783532936.2695,11,right_shoulder_1_joint,-0.09628545,0.5510794,0.09140604,0.7756935,0.16541837,0.038064234,0.60785455
1783532936.2695,11,right_arm_joint,-0.2329763,0.50714356,0.11201003,0.6789391,0.5651046,0.27044234,0.38283023
1783532936.2695,11,right_forearm_joint,-0.2901726,0.24796414,0.12941897,0.48313305,0.75968975,0.16431545,0.40305603
1783532936.2695,11,right_hand_joint,-0.23436612,0.015762443,0.25097653,0.14328206,0.50782764,0.5884207,0.61265165
1783532936.2695,11,right_handIndexStart_joint,-0.21715017,0.0011752474,0.2687738,0.102882974,0.54843795,0.5972893,0.57608676
1783532936.2695,11,right_handIndex_1_joint,-0.19184612,-0.0631558,0.3096511,0.102882974,0.54843795,0.5972893,0.57608676
1783532936.2695,11,right_handIndex_2_joint,-0.17713404,-0.10055782,0.33341655,0.102882974,0.54843795,0.5972893,0.57608676
1783532936.2695,11,right_handIndex_3_joint,-0.16889572,-0.1215031,0.346726,0.102882974,0.54843795,0.5972893,0.57608676
1783532936.2695,11,right_handIndexEnd_joint,-0.16301121,-0.13646375,0.35623264,0.102882974,0.54843795,0.5972893,0.57608676
1783532936.2695,11,right_handMidStart_joint,-0.22673501,-0.0058328295,0.2640419,0.14273977,0.5083501,0.5887978,0.61198235
1783532936.2695,11,right_handMid_1_joint,-0.21075614,-0.0716465,0.29856145,0.14273977,0.5083501,0.5887978,0.61198235
1783532936.2695,11,right_handMid_2_joint,-0.1995281,-0.117893256,0.3228186,0.14273977,0.5083501,0.5887978,0.61198235
1783532936.2695,11,right_handMid_3_joint,-0.19305015,-0.14457427,0.336813,0.14273977,0.5083501,0.5887978,0.61198235
1783532936.2695,11,right_handMidEnd_joint,-0.18873182,-0.16236123,0.34614268,0.14273977,0.5083501,0.5887978,0.61198235
1783532936.2695,11,right_handPinkyStart_joint,-0.24693218,-0.017726392,0.2492222,0.21879144,0.43422455,0.59339964,0.64144826
1783532936.2695,11,right_handPinky_1_joint,-0.24176654,-0.07813327,0.2681075,0.21879144,0.43422455,0.59339964,0.64144826
1783532936.2695,11,right_handPinky_2_joint,-0.2385762,-0.115444034,0.2797727,0.21879144,0.43422455,0.59339964,0.64144826
1783532936.2695,11,right_handPinky_3_joint,-0.2369047,-0.13498755,0.28588223,0.21879144,0.43422455,0.59339964,0.64144826
1783532936.2695,11,right_handPinkyEnd_joint,-0.23538549,-0.1527542,0.29143664,0.21879144,0.43422455,0.59339964,0.64144826
1783532936.2695,11,right_handRingStart_joint,-0.23594816,-0.011820194,0.257306,0.18163383,0.4725268,0.5915623,0.62752
1783532936.2695,11,right_handRing_1_joint,-0.22571823,-0.07567031,0.28372005,0.18163383,0.4725268,0.5915623,0.62752
1783532936.2695,11,right_handRing_2_joint,-0.21849702,-0.12074062,0.3023649,0.18163383,0.4725268,0.5915623,0.62752
1783532936.2695,11,right_handRing_3_joint,-0.21398398,-0.14890988,0.3140185,0.18163383,0.4725268,0.5915623,0.62752
1783532936.2695,11,right_handRingEnd_joint,-0.2109747,-0.16768995,0.3217869,0.18163383,0.4725268,0.5915623,0.62752
1783532936.2695,11,right_handThumbStart_joint,-0.20919208,0.00042379854,0.26038516,0.22832714,0.9428017,0.080070175,0.2293036
1783532936.2695,11,right_handThumb_1_joint,-0.16674255,-0.024668882,0.2816377,0.22832714,0.9428017,0.08007016,0.2293036
1783532936.2695,11,right_handThumb_2_joint,-0.1363998,-0.042602427,0.29682955,0.22832714,0.9428017,0.08007015,0.2293036
1783532936.2695,11,right_handThumbEnd_joint,-0.11617131,-0.054558467,0.3069567,0.22832714,0.9428017,0.08007013,0.2293036
1783532936.2695,11,camera,0.11061084,0.07094298,-0.033661768,-0.0800375,-0.07693574,-0.70021707,0.7052454
1783532936.3037,12,root,-3.0143516e-05,0.02179864,-0.0050102584,-0.08233981,-0.0031829758,-0.006039041,0.9965809
1783532936.3037,12,hips_joint,-3.0143516e-05,0.02179864,-0.0050102584,-0.08233981,-0.0031829758,-0.006039041,0.9965809
1783532936.3037,12,left_upLeg_joint,0.100181594,-0.0038394523,0.00077136635,0.6236669,-0.34213263,0.6164287,-0.33763978
1783532936.3037,12,left_leg_joint,0.102675304,-0.35883394,0.2272635,-0.2571262,0.6577462,-0.32384628,0.62958694
1783532936.3037,12,left_foot_joint,0.06837137,-0.69999677,-0.075326346,0.6080339,-0.3592183,0.643193,-0.2959052
1783532936.3037,12,left_toes_joint,0.05563362,-0.8218276,0.009558763,0.6650974,-0.23746328,0.68761873,-0.16863342
1783532936.3037,12,left_toesEnd_joint,0.05209041,-0.85505635,0.06018446,0.6650975,-0.23746307,0.68761873,-0.16863361
1783532936.3037,12,right_upLeg_joint,-0.10087959,-0.0015197205,-0.00070459157,0.32959783,0.6038528,0.38091365,0.6177635
1783532936.3037,12,right_leg_joint,-0.0926823,-0.3673176,0.20772801,0.6123757,0.32230186,0.6569494,0.29922378
1783532936.3037,12,right_foot_joint,-0.060248222,-0.72762465,-0.07201504,0.28330916,0.6313618,0.33262977,0.6406837
1783532936.3037,12,right_toes_joint,-0.05748807,-0.8444599,0.02046398,0.1585087,0.6736148,0.2051678,0.69211584
1783532936.3037,12,right_toesEnd_joint,-0.05799146,-0.874641,0.07308015,0.15850917,0.67361486,0.20516732,0.6921157
1783532936.3037,12,spine_1_joint,-3.0163294e-05,0.02179864,-0.0050102584,0.4568553,0.53849024,0.45865494,0.5393952
1783532936.3037,12,spine_2_joint,-6.884909e-05,0.07859278,-0.014324627,0.46941912,0.52874935,0.47230285,0.52630794
1783532936.3037,12,spine_3_joint,-0.0003733859,0.1357752,-0.02083697,0.49589324,0.50133044,0.5018984,0.5008554
1783532936.3037,12,spine_4_joint,-0.0007165513,0.1888278,-0.021071058,0.5316097,0.46035516,0.53918356,0.46340662
1783532936.3037,12,spine_5_joint,-0.001088303,0.25856087,-0.01096135,0.5740368,0.40349126,0.58284,0.40984696
1783532936.3037,12,spine_6_joint,-0.0015638241,0.346677,0.021312576,0.58084273,0.38831556,0.59836054,0.3921706
1783532936.3037,12,spine_7_joint,-0.0034627516,0.44495827,0.063803606,0.55928475,0.4169721,0.5842201,0.41475555
1783532936.3037,12,left_shoulder_1_joint,0.082547024,0.555371,0.09569342,-0.6151812,-0.011702691,-0.14159974,0.77547735
1783532936.3037,12,left_arm_joint,0.22174041,0.5256044,0.123596534,-0.36048263,0.27717942,-0.55718243,0.69481796
1783532936.3037,12,left_forearm_joint,0.281704,0.26650238,0.12799346,-0.40935168,0.14742269,-0.7463805,0.5036016
1783532936.3037,12,left_hand_joint,0.23946275,0.032711145,0.251951,0.62999797,-0.566921,0.50736374,-0.15583907
1783532936.3037,12,left_handIndexStart_joint,0.22186428,0.017539948,0.27072954,0.5955704,-0.57620794,0.54688865,-0.1191377
1783532936.3037,12,left_handIndex_1_joint,0.20080644,-0.04804604,0.31201923,0.5955704,-0.57620794,0.54688865,-0.1191377
1783532936.3037,12,left_handIndex_2_joint,0.18856351,-0.08617742,0.33602485,0.5955704,-0.57620794,0.54688865,-0.1191377
1783532936.3037,12,left_handIndex_3_joint,0.18170747,-0.107531,0.349468,0.5955704,-0.57620794,0.54688865,-0.1191377
1783532936.3037,12,left_handIndexEnd_joint,0.1768103,-0.122783564,0.35907024,0.5955704,-0.57620794,0.54688865,-0.1191377
1783532936.3037,12,left_handMidStart_joint,0.23189285,0.011145418,0.2660483,0.63131,-0.566661,0.50549597,-0.15753542
1783532936.3037,12,left_handMid_1_joint,0.22024271,-0.055348165,0.30099317,0.63131,-0.566661,0.50549597,-0.15753542
1783532936.3037,12,left_handMid_2_joint,0.21205612,-0.10207338,0.32554904,0.63131,-0.566661,0.50549597,-0.15753542
1783532936.3037,12,left_handMid_3_joint,0.20733309,-0.12903023,0.33971587,0.63131,-0.566661,0.50549597,-0.15753542
1783532936.3037,12,left_handMidEnd_joint,0.2041844,-0.14700148,0.3491604,0.63131,-0.566661,0.50549597,-0.15753542
1783532936.3037,12,left_handPinkyStart_joint,0.25283968,0.0005083513,0.2513145,0.66118246,-0.57051235,0.42893592,-0.231015
1783532936.3037,12,left_handPinky_1_joint,0.25163695,-0.059983477,0.2705945,0.66118246,-0.57051235,0.42893592,-0.231015
1783532936.3037,12,left_handPinky_2_joint,0.25089407,-0.097346075,0.28250277,0.66118246,-0.57051235,0.42893592,-0.231015
1783532936.3037,12,left_handPinky_3_joint,0.25050497,-0.11691696,0.28874043,0.66118246,-0.57051235,0.42893592,-0.231015
1783532936.3037,12,left_handPinkyEnd_joint,0.25015122,-0.13470867,0.29441103,0.66118246,-0.57051235,0.42893592,-0.231015
1783532936.3037,12,left_handRingStart_joint,0.24148487,0.005733008,0.25935504,0.6470682,-0.5690193,0.468428,-0.19518124
1783532936.3037,12,left_handRing_1_joint,0.23544864,-0.058477648,0.286184,0.6470682,-0.5690193,0.468428,-0.19518124
1783532936.3037,12,left_handRing_2_joint,0.23118778,-0.103802815,0.3051221,0.6470682,-0.5690193,0.468428,-0.19518124
1783532936.3037,12,left_handRing_3_joint,0.22852473,-0.13213104,0.31695843,0.6470682,-0.5690193,0.468428,-0.19518124
1783532936.3037,12,left_handRingEnd_joint,0.22674938,-0.15101653,0.3248493,0.6470682,-0.5690193,0.468428,-0.19518124
1783532936.3037,12,left_handThumbStart_joint,0.2139798,0.016212853,0.26234347,0.2322754,-0.0693346,0.93511695,-0.25845224
1783532936.3037,12,left_handThumb_1_joint,0.17325267,-0.0114742005,0.2837443,0.2322754,-0.0693346,0.93511695,-0.25845224
1783532936.3037,12,left_handThumb_2_joint,0.14414062,-0.03126249,0.2990418,0.23227541,-0.06933458,0.93511695,-0.25845224
1783532936.3037,12,left_handThumbEnd_joint,0.1247326,-0.044454694,0.30924013,0.2322754,-0.06933456,0.93511695,-0.25845224
1783532936.3037,12,neck_1_joint,-0.007398976,0.57447875,0.09866119,0.60650885,0.34809312,0.6239503,0.3488045
1783532936.3037,12,neck_2_joint,-0.008027946,0.6002042,0.11408208,0.6014065,0.35808995,0.61558735,0.3621249
1783532936.3037,12,neck_3_joint,-0.008602053,0.6352664,0.13332568,0.58651346,0.38030297,0.60368866,0.3833173
1783532936.3037,12,neck_4_joint,-0.0093276845,0.671623,0.14998926,0.56929404,0.40310168,0.59262425,0.40275356
1783532936.3037,12,head_joint,-0.010574637,0.71483344,0.16671984,0.5132167,0.4704203,0.54447377,0.46782696
1783532936.3037,12,jaw_joint,-0.009820205,0.6894276,0.16871424,0.5132167,0.4704203,0.54447377,0.46782696
1783532936.3037,12,chin_joint,-0.010703908,0.6278443,0.26202407,0.5132167,0.4704203,0.54447377,0.46782696
1783532936.3037,12,left_eye_joint,0.0182211,0.7378623,0.25753248,0.5172999,0.4659266,0.548533,0.46306074
1783532936.3037,12,left_eyeLowerLid_joint,0.0182211,0.7378623,0.25753248,0.5172999,0.4659266,0.548533,0.46306074
1783532936.3037,12,left_eyeUpperLid_joint,0.0182211,0.7378623,0.25753248,0.5172999,0.4659266,0.548533,0.46306074
1783532936.3037,12,left_eyeball_joint,0.0182211,0.7378623,0.25753248,0.5172999,0.4659266,0.548533,0.46306074
1783532936.3037,12,nose_joint,-0.013498878,0.7016679,0.27589002,0.51730233,0.46592385,0.54853547,0.46305782
1783532936.3037,12,right_eye_joint,-0.046350326,0.7357894,0.25555292,0.5172999,0.4659266,0.548533,0.46306074
1783532936.3037,12,right_eyeLowerLid_joint,-0.046350326,0.7357894,0.25555292,0.5172999,0.4659266,0.548533,0.46306074
1783532936.3037,12,right_eyeUpperLid_joint,-0.046350326,0.7357894,0.25555292,0.5172999,0.4659266,0.548533,0.46306074
1783532936.3037,12,right_eyeball_joint,-0.046350326,0.7357894,0.25555292,0.5172999,0.4659266,0.548533,0.46306074
1783532936.3037,12,right_shoulder_1_joint,-0.09607248,0.5512109,0.09092659,0.7751313,0.16653642,0.038343977,0.6082495
1783532936.3037,12,right_arm_joint,-0.23264946,0.5069969,0.11169012,0.67805743,0.5663883,0.2705158,0.38244498
1783532936.3037,12,right_forearm_joint,-0.28905207,0.24766009,0.1293447,0.48282498,0.7600458,0.16492824,0.40250424
1783532936.3037,12,right_hand_joint,-0.2328473,0.015408077,0.25062296,0.14336814,0.50774354,0.5891247,0.61202526
1783532936.3037,12,right_handIndexStart_joint,-0.21560192,0.0008269584,0.2683968,0.10292066,0.548311,0.5979972,0.5754672
1783532936.3037,12,right_handIndex_1_joint,-0.1901844,-0.06351129,0.30919248,0.10292066,0.548311,0.5979972,0.5754672
1783532936.3037,12,right_handIndex_2_joint,-0.17540634,-0.10091751,0.33291048,0.10292066,0.548311,0.5979972,0.5754672
1783532936.3037,12,right_handIndex_3_joint,-0.16713108,-0.12186514,0.34619337,0.10292066,0.548311,0.5979972,0.5754672
1783532936.3037,12,right_handIndexEnd_joint,-0.16122018,-0.13682745,0.35568106,0.10292066,0.548311,0.5979972,0.5754672
1783532936.3037,12,right_handMidStart_joint,-0.22517839,-0.0061901757,0.2636613,0.14282514,0.50826514,0.5895017,0.61135584
1783532936.3037,12,right_handMid_1_joint,-0.2090866,-0.07201794,0.2981016,0.14282514,0.50826514,0.5895017,0.61135584
1783532936.3037,12,right_handMid_2_joint,-0.19777921,-0.11827459,0.3223031,0.14282514,0.50826514,0.5895017,0.61135584
1783532936.3037,12,right_handMid_3_joint,-0.1912555,-0.14496131,0.33626536,0.14282514,0.50826514,0.5895017,0.61135584
1783532936.3037,12,right_handMidEnd_joint,-0.18690664,-0.1627521,0.34557363,0.14282514,0.50826514,0.5895017,0.61135584
1783532936.3037,12,right_handPinkyStart_joint,-0.24536426,-0.018097503,0.24883728,0.21894921,0.43420002,0.5940683,0.64079255
1783532936.3037,12,right_handPinky_1_joint,-0.24010053,-0.078517385,0.26765394,0.21894921,0.43420002,0.5940683,0.64079255
1783532936.3037,12,right_handPinky_2_joint,-0.23684959,-0.115836196,0.27927676,0.21894921,0.43420002,0.5940683,0.64079255
1783532936.3037,12,right_handPinky_3_joint,-0.23514634,-0.13538393,0.2853641,0.21894921,0.43420002,0.5940683,0.64079255
1783532936.3037,12,right_handPinkyEnd_joint,-0.23359828,-0.1531544,0.29089832,0.21894921,0.43420002,0.5940683,0.64079255
1783532936.3037,12,right_handRingStart_joint,-0.23438554,-0.012183845,0.25692284,0.18175502,0.47247267,0.59224963,0.6268778
1783532936.3037,12,right_handRing_1_joint,-0.22404912,-0.0760477,0.28326228,0.18175502,0.47247267,0.59224963,0.6268778
1783532936.3037,12,right_handRing_2_joint,-0.21675277,-0.12112772,0.30185446,0.18175502,0.47247267,0.59224963,0.6268778
1783532936.3037,12,right_handRing_3_joint,-0.21219276,-0.14930305,0.3134752,0.18175502,0.47247267,0.59224963,0.6268778
1783532936.3037,12,right_handRingEnd_joint,-0.20915215,-0.16808715,0.32122168,0.18175502,0.47247267,0.59224963,0.6268778
1783532936.3037,12,right_handThumbStart_joint,-0.20764634,9.65774e-05,0.2600039,0.2277691,0.94297713,0.08070944,0.22891486
1783532936.3037,12,right_handThumb_1_joint,-0.16515023,-0.02495627,0.28121054,0.2277691,0.94297713,0.080709435,0.22891486
1783532936.3037,12,right_handThumb_2_joint,-0.1347742,-0.042861346,0.29636958,0.2277691,0.94297713,0.08070942,0.22891486
1783532936.3037,12,right_handThumbEnd_joint,-0.11452349,-0.054798402,0.3064749,0.2277691,0.94297713,0.08070939,0.22891486
1783532936.3037,12,camera,0.11002751,0.07084084,-0.03348194,-0.079635866,-0.07722193,-0.7004685,0.70500976
1783532936.3377,13,root,-7.2134767e-06,0.021704404,-0.0049967896,-0.08081104,-0.0034701128,-0.0063936063,0.99670285
1783532936.3377,13,hips_joint,-7.2134767e-06,0.021704404,-0.0049967896,-0.08081104,-0.0034701128,-0.0063936063,0.99670285
1783532936.3377,13,left_upLeg_joint,0.10018414,-0.0040163468,0.0007710725,0.62223744,-0.3434127,0.61644053,-0.33895302
1783532936.3377,13,left_leg_joint,0.101926394,-0.35995498,0.2257835,-0.25799838,0.6564348,-0.32515392,0.62992454
1783532936.3377,13,left_foot_joint,0.06842248,-0.7021864,-0.075686984,0.6079118,-0.35764804,0.6444306,-0.29536453
1783532936.3377,13,left_toes_joint,0.05554528,-0.823725,0.009595089,0.66467994,-0.23594464,0.6887314,-0.16786797
1783532936.3377,13,left_toesEnd_joint,0.05190352,-0.856778,0.060328655,0.66467994,-0.23594445,0.6887314,-0.16786818
1783532936.3377,13,right_upLeg_joint,-0.100874506,-0.0015615701,-0.00082793145,0.33264604,0.60179263,0.38312608,0.616771
1783532936.3377,13,right_leg_joint,-0.09334532,-0.36916327,0.20443211,0.61340433,0.31983712,0.657597,0.29833773
1783532936.3377,13,right_foot_joint,-0.06158015,-0.7280351,-0.07722609,0.28563887,0.6300559,0.33368608,0.64038557
1783532936.3377,13,right_toes_joint,-0.059101228,-0.84536964,0.014626655,0.16104372,0.6727741,0.20626144,0.6920233
1783532936.3377,13,right_toesEnd_joint,-0.059687357,-0.87583107,0.06708021,0.16104421,0.6727742,0.20626098,0.69202316
1783532936.3377,13,spine_1_joint,-7.2332523e-06,0.021704404,-0.00499679,0.4573861,0.5378317,0.45901427,0.5392966
1783532936.3377,13,spine_2_joint,-2.288451e-06,0.078513876,-0.0142172305,0.46969265,0.5283895,0.47234926,0.5263835
1783532936.3377,13,spine_3_joint,-0.00026809177,0.13570042,-0.020694984,0.4959429,0.50126517,0.50168335,0.50108653
1783532936.3377,13,spine_4_joint,-0.00058142625,0.1887531,-0.020946562,0.53148985,0.4605881,0.53877354,0.46378908
1783532936.3377,13,spine_5_joint,-0.0009211393,0.25849786,-0.010916755,0.5738468,0.40395936,0.5823595,0.4103341
1783532936.3377,13,spine_6_joint,-0.0013623855,0.34666717,0.02121199,0.5806432,0.3889115,0.5978476,0.39265692
1783532936.3377,13,spine_7_joint,-0.0032288309,0.44502634,0.063523605,0.5591554,0.41753784,0.5837461,0.41502774
1783532936.3377,13,left_shoulder_1_joint,0.082797475,0.5554882,0.09519783,-0.61554426,-0.010800091,-0.14182939,0.77516013
1783532936.3377,13,left_arm_joint,0.22197787,0.5255231,0.12295282,-0.36073303,0.27793682,-0.55756223,0.69408023
1783532936.3377,13,left_forearm_joint,0.2814926,0.26631722,0.12732598,-0.40969947,0.14844975,-0.7461255,0.5033949
1783532936.3377,13,left_hand_joint,0.23929243,0.03242445,0.25110587,0.63015133,-0.56758773,0.506542,-0.15546471
1783532936.3377,13,left_handIndexStart_joint,0.22171621,0.017246693,0.26989996,0.5957761,-0.57684916,0.5460787,-0.118720524
1783532936.3377,13,left_handIndex_1_joint,0.20068179,-0.04836761,0.31115657,0.5957761,-0.57684916,0.5460787,-0.118720524
1783532936.3377,13,left_handIndex_2_joint,0.18845248,-0.086515464,0.33514297,0.5957761,-0.57684916,0.5460787,-0.118720524
1783532936.3377,13,left_handIndex_3_joint,0.18160407,-0.10787826,0.34857535,0.5957761,-0.57684916,0.5460787,-0.118720524
1783532936.3377,13,left_handIndexEnd_joint,0.17671235,-0.12313741,0.35816994,0.5957761,-0.57684916,0.5460787,-0.118720524
1783532936.3377,13,left_handMidStart_joint,0.23173118,0.010849361,0.2651935,0.6314608,-0.5673288,0.5046739,-0.15716276
1783532936.3377,13,left_handMid_1_joint,0.22009216,-0.055673048,0.30008718,0.6314608,-0.5673288,0.5046739,-0.15716276
1783532936.3377,13,left_handMid_2_joint,0.21191339,-0.10241853,0.32460707,0.6314608,-0.5673288,0.5046739,-0.15716276
1783532936.3377,13,left_handMid_3_joint,0.20719488,-0.12938707,0.33875316,0.6314608,-0.5673288,0.5046739,-0.15716276
1783532936.3377,13,left_handMidEnd_joint,0.2040492,-0.1473661,0.3481839,0.6314608,-0.5673288,0.5046739,-0.15716276
1783532936.3377,13,left_handPinkyStart_joint,0.2526427,0.00021183252,0.25040993,0.6612219,-0.57121736,0.42811358,-0.23068531
1783532936.3377,13,left_handPinky_1_joint,0.25142726,-0.060299996,0.2696263,0.6612219,-0.57121736,0.42811358,-0.23068531
1783532936.3377,13,left_handPinky_2_joint,0.25067654,-0.09767495,0.2814952,0.6612219,-0.57121736,0.42811358,-0.23068531
1783532936.3377,13,left_handPinky_3_joint,0.2502833,-0.11725231,0.28771228,0.6612219,-0.57121736,0.42811358,-0.23068531
1783532936.3377,13,left_handPinkyEnd_joint,0.24992584,-0.13504991,0.29336417,0.6612219,-0.57121736,0.42811358,-0.23068531
1783532936.3377,13,left_handRingStart_joint,0.2413067,0.0054366826,0.25847682,0.64716375,-0.56970745,0.46760508,-0.19482954
1783532936.3377,13,left_handRing_1_joint,0.23526862,-0.05879837,0.28524688,0.64716375,-0.56970745,0.46760508,-0.19482954
1783532936.3377,13,left_handRing_2_joint,0.23100644,-0.10414076,0.3041434,0.64716375,-0.56970745,0.46760508,-0.19482954
1783532936.3377,13,left_handRing_3_joint,0.22834258,-0.13247976,0.31595373,0.64716375,-0.56970745,0.46760508,-0.19482954
1783532936.3377,13,left_handRingEnd_joint,0.22656667,-0.1513724,0.32382727,0.64716375,-0.56970745,0.46760508,-0.19482954
1783532936.3377,13,left_handThumbStart_joint,0.21381544,0.01593496,0.26152682,0.23295964,-0.070171006,0.93496895,-0.25814593
1783532936.3377,13,left_handThumb_1_joint,0.17310551,-0.011743248,0.28297177,0.23295964,-0.070171006,0.93496895,-0.25814593
1783532936.3377,13,left_handThumb_2_joint,0.14400573,-0.03152522,0.29830077,0.23295964,-0.07017099,0.93496895,-0.25814593
1783532936.3377,13,left_handThumbEnd_joint,0.1246059,-0.044713207,0.3085201,0.23295963,-0.070170954,0.93496895,-0.25814596
1783532936.3377,13,neck_1_joint,-0.0071472023,0.5745978,0.098193415,0.6064218,0.34869215,0.6235101,0.34914395
1783532936.3377,13,neck_2_joint,-0.007768266,0.60034674,0.1135754,0.6013066,0.3586866,0.6151415,0.36245763
1783532936.3377,13,neck_3_joint,-0.008332679,0.6354382,0.1327658,0.5863932,0.3808965,0.60323095,0.3836323
1783532936.3377,13,neck_4_joint,-0.009050262,0.6718201,0.14937429,0.56915486,0.40369213,0.592155,0.4030487
1783532936.3377,13,head_joint,-0.0102895135,0.715056,0.16603963,0.5130116,0.4709922,0.54397196,0.4680603
1783532936.3377,13,jaw_joint,-0.00953243,0.6896533,0.16807233,0.5130116,0.4709922,0.54397196,0.4680603
1783532936.3377,13,chin_joint,-0.01035598,0.62821245,0.26147658,0.5130116,0.4709922,0.54397196,0.4680603
1783532936.3377,13,left_eye_joint,0.018560039,0.738225,0.25679952,0.5170997,0.46650022,0.54803336,0.4632984
1783532936.3377,13,left_eyeLowerLid_joint,0.018560039,0.738225,0.25679952,0.5170997,0.46650022,0.54803336,0.4632984
1783532936.3377,13,left_eyeUpperLid_joint,0.018560039,0.738225,0.25679952,0.5170997,0.46650022,0.54803336,0.4632984
1783532936.3377,13,left_eyeball_joint,0.018560039,0.738225,0.25679952,0.5170997,0.46650022,0.54803336,0.4632984
1783532936.3377,13,nose_joint,-0.013146717,0.702057,0.27523154,0.51710206,0.4664974,0.5480358,0.46329543
1783532936.3377,13,right_eye_joint,-0.046012443,0.73614556,0.2548623,0.5170997,0.46650022,0.54803336,0.4632984
1783532936.3377,13,right_eyeLowerLid_joint,-0.046012443,0.73614556,0.2548623,0.5170997,0.46650022,0.54803336,0.4632984
1783532936.3377,13,right_eyeUpperLid_joint,-0.046012443,0.73614556,0.2548623,0.5170997,0.46650022,0.54803336,0.4632984
1783532936.3377,13,right_eyeball_joint,-0.046012443,0.73614556,0.2548623,0.5170997,0.46650022,0.54803336,0.4632984
1783532936.3377,13,right_shoulder_1_joint,-0.095824786,0.55131596,0.090548076,0.7750063,0.16738278,0.038804434,0.6081467
1783532936.3377,13,right_arm_joint,-0.23230945,0.50683767,0.11135382,0.6778553,0.566829,0.2711172,0.38172337
1783532936.3377,13,right_forearm_joint,-0.28827307,0.2473845,0.1286927,0.4833623,0.7598134,0.16618736,0.40177894
1783532936.3377,13,right_hand_joint,-0.23203424,0.014766808,0.24925181,0.14423375,0.5068,0.5899903,0.61176956
1783532936.3377,13,right_handIndexStart_joint,-0.21478797,0.00013389348,0.26698214,0.10372438,0.54735154,0.5989197,0.5752763
1783532936.3377,13,right_handIndex_1_joint,-0.18936191,-0.06432606,0.3075798,0.10372438,0.54735154,0.5989197,0.5752763
1783532936.3377,13,right_handIndex_2_joint,-0.17457889,-0.101803035,0.33118266,0.10372438,0.54735154,0.5989197,0.5752763
1783532936.3377,13,right_handIndex_3_joint,-0.16630085,-0.122790284,0.3444011,0.10372438,0.54735154,0.5989197,0.5752763
1783532936.3377,13,right_handIndexEnd_joint,-0.16038796,-0.1377809,0.35384268,0.10372438,0.54735154,0.5989197,0.5752763
1783532936.3377,13,right_handMidStart_joint,-0.22436237,-0.006870434,0.26222357,0.1436896,0.507321,0.590368,0.61110103
1783532936.3377,13,right_handMid_1_joint,-0.20826095,-0.072802015,0.2964601,0.1436896,0.507321,0.590368,0.61110103
1783532936.3377,13,right_handMid_2_joint,-0.19694678,-0.11913164,0.32051834,0.1436896,0.507321,0.590368,0.61110103
1783532936.3377,13,right_handMid_3_joint,-0.19041915,-0.14586046,0.334398,0.1436896,0.507321,0.590368,0.61110103
1783532936.3377,13,right_handMidEnd_joint,-0.18606769,-0.16367932,0.3436512,0.1436896,0.507321,0.590368,0.61110103
1783532936.3377,13,right_handPinkyStart_joint,-0.2445439,-0.01873566,0.24735992,0.21986708,0.43325517,0.5948268,0.64041376
1783532936.3377,13,right_handPinky_1_joint,-0.2392697,-0.07921289,0.2659884,0.21986708,0.43325517,0.5948268,0.64041376
1783532936.3377,13,right_handPinky_2_joint,-0.2360123,-0.11656712,0.277495,0.21986708,0.43325517,0.5948268,0.64041376
1783532936.3377,13,right_handPinky_3_joint,-0.23430568,-0.1361334,0.28352144,0.21986708,0.43325517,0.5948268,0.64041376
1783532936.3377,13,right_handPinkyEnd_joint,-0.23275454,-0.15392075,0.28900033,0.21986708,0.43325517,0.5948268,0.64041376
1783532936.3377,13,right_handRingStart_joint,-0.23356742,-0.012844972,0.25546524,0.18264729,0.47152746,0.5930641,0.6265597
1783532936.3377,13,right_handRing_1_joint,-0.22322077,-0.07678859,0.28160638,0.18264729,0.47152746,0.5930641,0.6265597
1783532936.3377,13,right_handRing_2_joint,-0.21591717,-0.12192489,0.30005854,0.18264729,0.47152746,0.5930641,0.6265597
1783532936.3377,13,right_handRing_3_joint,-0.21135263,-0.1501354,0.31159174,0.18264729,0.47152746,0.5930641,0.6265597
1783532936.3377,13,right_handRingEnd_joint,-0.208309,-0.16894296,0.31927988,0.18264729,0.47152746,0.5930641,0.6265597
1783532936.3377,13,right_handThumbStart_joint,-0.20683122,-0.00056859374,0.258588,0.2280216,0.9428597,0.082220264,0.22860843
1783532936.3377,13,right_handThumb_1_joint,-0.16433246,-0.025678568,0.27972153,0.2280216,0.9428597,0.082220264,0.22860843
1783532936.3377,13,right_handThumb_2_joint,-0.13395454,-0.043624476,0.29482833,0.2280216,0.9428597,0.08222025,0.22860843
1783532936.3377,13,right_handThumbEnd_joint,-0.11370259,-0.05558875,0.3048988,0.2280216,0.9428597,0.08222021,0.22860843
1783532936.3377,13,camera,0.11007575,0.07093187,-0.033461742,-0.07931275,-0.07772536,-0.70054954,0.7049103
1783532936.3697,14,root,2.9744418e-05,0.02167259,-0.0050375713,-0.080074936,-0.0036207247,-0.005711492,0.99676585
1783532936.3697,14,hips_joint,2.9744418e-05,0.02167259,-0.0050375713,-0.080074936,-0.0036207247,-0.005711492,0.99676585
1783532936.3697,14,left_upLeg_joint,0.10025561,-0.0039173434,0.00071249245,0.6217736,-0.3441493,0.61546814,-0.340819
1783532936.3697,14,left_leg_joint,0.102580175,-0.36079723,0.22422378,-0.25914973,0.6559212,-0.32484376,0.6301471
1783532936.3697,14,left_foot_joint,0.069877155,-0.70348555,-0.07681551,0.6085014,-0.3565338,0.6443237,-0.2957311
1783532936.3697,14,left_toes_joint,0.057278182,-0.8249458,0.008619585,0.6650476,-0.23473881,0.6886959,-0.16824816
1783532936.3697,14,left_toesEnd_joint,0.053711195,-0.8579432,0.059394743,0.66504765,-0.23473862,0.6886959,-0.16824836
1783532936.3697,14,right_upLeg_joint,-0.10080593,-0.0017396592,-0.00092310726,0.33300382,0.60127294,0.38393894,0.61657953
1783532936.3697,14,right_leg_joint,-0.093278274,-0.36973724,0.20362665,0.6111987,0.3235066,0.6559755,0.3024495
1783532936.3697,14,right_foot_joint,-0.061302032,-0.73203963,-0.07358068,0.28163964,0.6315843,0.32987398,0.6426224
1783532936.3697,14,right_toes_joint,-0.059002303,-0.8482437,0.019702654,0.1568273,0.67351687,0.20209448,0.69349706
1783532936.3697,14,right_toesEnd_joint,-0.059673555,-0.87806135,0.07252378,0.15682776,0.6735169,0.202094,0.69349694
1783532936.3697,14,spine_1_joint,2.9724642e-05,0.02167259,-0.0050375713,0.4573178,0.53775996,0.4596657,0.5388709
1783532936.3697,14,spine_2_joint,-2.534528e-05,0.07849197,-0.014196513,0.46954215,0.5283557,0.4728364,0.5261143
1783532936.3697,14,spine_3_joint,-0.0003400387,0.1356824,-0.020637698,0.49569413,0.5013009,0.50202245,0.50095725
1783532936.3697,14,spine_4_joint,-0.00069328916,0.18873487,-0.020879699,0.53113467,0.46073171,0.5389886,0.4638034
1783532936.3697,14,spine_5_joint,-0.0010842289,0.2584824,-0.010871088,0.5733934,0.4042346,0.5825154,0.41047573
1783532936.3697,14,spine_6_joint,-0.0016014923,0.3466748,0.021193068,0.58010226,0.3892224,0.5980126,0.39289695
1783532936.3697,14,spine_7_joint,-0.00356238,0.44507277,0.06341004,0.5585233,0.41780463,0.5839356,0.41534334
1783532936.3697,14,left_shoulder_1_joint,0.082364544,0.5556202,0.095055655,-0.6160074,-0.011351912,-0.14207858,0.77473843
1783532936.3697,14,left_arm_joint,0.22152087,0.5257165,0.12299694,-0.36096114,0.27707088,-0.5581752,0.69381493
1783532936.3697,14,left_forearm_joint,0.2809274,0.2664956,0.12791432,-0.40952885,0.14761135,-0.7467451,0.50286084
1783532936.3697,14,left_hand_joint,0.23836443,0.032846984,0.2520305,0.62969375,-0.567291,0.50754136,-0.1551407
1783532936.3697,14,left_handIndexStart_joint,0.22074912,0.017715013,0.27082485,0.595255,-0.576532,0.54704666,-0.11841699
1783532936.3697,14,left_handIndex_1_joint,0.1996035,-0.04781248,0.31216246,0.595255,-0.576532,0.54704666,-0.11841699
1783532936.3697,14,left_handIndex_2_joint,0.18730953,-0.08590986,0.33619598,0.595255,-0.576532,0.54704666,-0.11841699
1783532936.3697,14,left_handIndex_3_joint,0.18042491,-0.107244395,0.34965473,0.595255,-0.576532,0.54704666,-0.11841699
1783532936.3697,14,left_handIndexEnd_joint,0.17550734,-0.12248334,0.3592681,0.595255,-0.576532,0.54704666,-0.11841699
1783532936.3697,14,left_handMidStart_joint,0.23076585,0.011301834,0.2661438,0.63100606,-0.56703305,0.50567466,-0.15683816
1783532936.3697,14,left_handMid_1_joint,0.2190241,-0.05515194,0.30113363,0.63100606,-0.56703305,0.50567466,-0.15683816
1783532936.3697,14,left_handMid_2_joint,0.21077314,-0.10184919,0.3257211,0.63100606,-0.56703305,0.50567466,-0.15683816
1783532936.3697,14,left_handMid_3_joint,0.20601296,-0.1287899,0.3399062,0.63100606,-0.56703305,0.50567466,-0.15683816
1783532936.3697,14,left_handMidEnd_joint,0.20283952,-0.14675039,0.3493629,0.63100606,-0.56703305,0.50567466,-0.15683816
1783532936.3697,14,left_handPinkyStart_joint,0.2516904,0.00062278745,0.25140864,0.66088367,-0.5709451,0.42916808,-0.23036818
1783532936.3697,14,left_handPinky_1_joint,0.2503996,-0.059855264,0.27072608,0.66088367,-0.5709451,0.42916808,-0.23036818
1783532936.3697,14,left_handPinky_2_joint,0.24960233,-0.09720936,0.28265744,0.66088367,-0.5709451,0.42916808,-0.23036818
1783532936.3697,14,left_handPinky_3_joint,0.24918471,-0.11677579,0.2889072,0.66088367,-0.5709451,0.42916808,-0.23036818
1783532936.3697,14,left_handPinkyEnd_joint,0.24880508,-0.13456345,0.2945888,0.66088367,-0.5709451,0.42916808,-0.23036818
1783532936.3697,14,left_handRingStart_joint,0.24034683,0.005870237,0.25945023,0.646767,-0.5694221,0.46863407,-0.19450785
1783532936.3697,14,left_handRing_1_joint,0.23421955,-0.05831441,0.28632072,0.646767,-0.5694221,0.46863407,-0.19450785
1783532936.3697,14,left_handRing_2_joint,0.2298944,-0.103621215,0.3052881,0.646767,-0.5694221,0.46863407,-0.19450785
1783532936.3697,14,left_handRing_3_joint,0.2271912,-0.13193797,0.31714275,0.646767,-0.5694221,0.46863407,-0.19450785
1783532936.3697,14,left_handRingEnd_joint,0.22538906,-0.15081581,0.32504585,0.646767,-0.5694221,0.46863407,-0.19450785
1783532936.3697,14,left_handThumbStart_joint,0.21285944,0.016395226,0.26244253,0.2324747,-0.069280274,0.9352978,-0.2576316
1783532936.3697,14,left_handThumb_1_joint,0.1720968,-0.011214548,0.2838755,0.2324747,-0.069280274,0.9352978,-0.2576316
1783532936.3697,14,left_handThumb_2_joint,0.14295936,-0.0309476,0.29919598,0.2324747,-0.06928026,0.93529785,-0.2576316
1783532936.3697,14,left_handThumbEnd_joint,0.12353441,-0.044102974,0.30940962,0.2324747,-0.06928022,0.93529785,-0.2576316
1783532936.3697,14,neck_1_joint,-0.007594763,0.57467735,0.09794232,0.6058252,0.34902662,0.62373835,0.34943753
1783532936.3697,14,neck_2_joint,-0.008246907,0.60044175,0.11329712,0.6007041,0.35900852,0.6153661,0.36275607
1783532936.3697,14,neck_3_joint,-0.008851913,0.6355526,0.13245074,0.58577883,0.3811973,0.6034432,0.38393775
1783532936.3697,14,neck_4_joint,-0.009608315,0.6719511,0.149021,0.56852895,0.40397224,0.5923529,0.40335998
1783532936.3697,14,head_joint,-0.010890654,0.7152033,0.16564052,0.5123553,0.47119793,0.54412735,0.46839082
1783532936.3697,14,jaw_joint,-0.010119985,0.68980324,0.16770017,0.5123553,0.47119793,0.54412735,0.46839082
1783532936.3697,14,chin_joint,-0.010998476,0.62845826,0.26116684,0.5123553,0.47119793,0.54412735,0.46839082
1783532936.3697,14,left_eye_joint,0.017854588,0.73848367,0.256405,0.5164453,0.4667116,0.5481916,0.4636275
1783532936.3697,14,left_eyeLowerLid_joint,0.017854588,0.73848367,0.256405,0.5164453,0.4667116,0.5481916,0.4636275
1783532936.3697,14,left_eyeUpperLid_joint,0.017854588,0.73848367,0.256405,0.5164453,0.4667116,0.5481916,0.4636275
1783532936.3697,14,left_eyeball_joint,0.017854588,0.73848367,0.256405,0.5164453,0.4667116,0.5481916,0.4636275
1783532936.3697,14,nose_joint,-0.013848216,0.70231515,0.27484283,0.51644766,0.4667088,0.5481941,0.4636245
1783532936.3697,14,right_eye_joint,-0.046714634,0.73636246,0.25440592,0.5164453,0.4667116,0.5481916,0.4636275
1783532936.3697,14,right_eyeLowerLid_joint,-0.046714634,0.73636246,0.25440592,0.5164453,0.4667116,0.5481916,0.4636275
1783532936.3697,14,right_eyeUpperLid_joint,-0.046714634,0.73636246,0.25440592,0.5164453,0.4667116,0.5481916,0.4636275
1783532936.3697,14,right_eyeball_joint,-0.046714634,0.73636246,0.25440592,0.5164453,0.4667116,0.5481916,0.4636275
1783532936.3697,14,right_shoulder_1_joint,-0.09625035,0.5513331,0.09023303,0.7748221,0.16731383,0.039593343,0.6083495
1783532936.3697,14,right_arm_joint,-0.23272379,0.50673777,0.110861205,0.67763454,0.5665386,0.27171537,0.38212073
1783532936.3697,14,right_forearm_joint,-0.2886898,0.24727693,0.1280771,0.48367232,0.7591777,0.16682826,0.40234154
1783532936.3697,14,right_hand_joint,-0.23285411,0.014509467,0.24853449,0.14414276,0.5059065,0.5901195,0.6124055
1783532936.3697,14,right_handIndexStart_joint,-0.21565235,-0.00015229463,0.26628417,0.10362417,0.5465038,0.5990427,0.57597184
1783532936.3697,14,right_handIndex_1_joint,-0.19035156,-0.06466761,0.30687213,0.10362417,0.5465038,0.5990427,0.57597184
1783532936.3697,14,right_handIndex_2_joint,-0.17564137,-0.10217678,0.33046934,0.10362417,0.5465038,0.5990427,0.57597184
1783532936.3697,14,right_handIndex_3_joint,-0.16740413,-0.123182066,0.3436846,0.10362417,0.5465038,0.5990427,0.57597184
1783532936.3697,14,right_handIndexEnd_joint,-0.16152038,-0.13818556,0.35312396,0.10362417,0.5465038,0.5990427,0.57597184
1783532936.3697,14,right_handMidStart_joint,-0.22522306,-0.0071451208,0.26150137,0.14359818,0.50642824,0.5904972,0.6117378
1783532936.3697,14,right_handMid_1_joint,-0.20923603,-0.073119335,0.29570934,0.14359818,0.50642824,0.5904972,0.6117378
1783532936.3697,14,right_handMid_2_joint,-0.19800223,-0.11947891,0.31974754,0.14359818,0.50642824,0.5904972,0.6117378
1783532936.3697,14,right_handMid_3_joint,-0.19152099,-0.146225,0.3336156,0.14359818,0.50642824,0.5904972,0.6117378
1783532936.3697,14,right_handMidEnd_joint,-0.18720044,-0.16405538,0.3428611,0.14359818,0.50642824,0.5904972,0.6117378
1783532936.3697,14,right_handPinkyStart_joint,-0.24538553,-0.0189818,0.24658918,0.21975634,0.432304,0.5949835,0.6409486
1783532936.3697,14,right_handPinky_1_joint,-0.24019222,-0.07947955,0.26517367,0.21975634,0.432304,0.5949835,0.6409486
1783532936.3697,14,right_handPinky_2_joint,-0.23698476,-0.116846465,0.27665308,0.21975634,0.432304,0.5949835,0.6409486
1783532936.3697,14,right_handPinky_3_joint,-0.23530431,-0.13641939,0.2826653,0.21975634,0.432304,0.5949835,0.6409486
1783532936.3697,14,right_handPinkyEnd_joint,-0.23377697,-0.15421277,0.28813124,0.21975634,0.432304,0.5949835,0.6409486
1783532936.3697,14,right_handRingStart_joint,-0.2344199,-0.013106655,0.25472042,0.18254662,0.47060412,0.5932081,0.6271465
1783532936.3697,14,right_handRing_1_joint,-0.22417086,-0.07708132,0.28082395,0.18254662,0.47060412,0.5932081,0.6271465
1783532936.3697,14,right_handRing_2_joint,-0.2169362,-0.12223955,0.2992496,0.18254662,0.47060412,0.5932081,0.6271465
1783532936.3697,14,right_handRing_3_joint,-0.21241476,-0.15046376,0.31076622,0.18254662,0.47060412,0.5932081,0.6271465
1783532936.3697,14,right_handRingEnd_joint,-0.20939985,-0.16928047,0.31844336,0.18254662,0.47060412,0.5932081,0.6271465
1783532936.3697,14,right_handThumbStart_joint,-0.20768033,-0.0008533454,0.25790438,0.22840305,0.94252086,0.08276806,0.22942525
1783532936.3697,14,right_handThumb_1_joint,-0.16524048,-0.026014337,0.27909547,0.22840305,0.94252086,0.08276804,0.22942525
1783532936.3697,14,right_handThumb_2_joint,-0.13490465,-0.043996718,0.29424343,0.22840305,0.94252086,0.08276802,0.22942525
1783532936.3697,14,right_handThumbEnd_joint,-0.11468077,-0.055985305,0.30434132,0.22840303,0.94252086,0.08276801,0.22942525
1783532936.3697,14,camera,0.110153176,0.07107827,-0.033548858,-0.07919872,-0.0781049,-0.7005843,0.7048466
1783532936.4045,15,root,0.00013285875,0.021726413,-0.004863705,-0.07911657,-0.0030561043,-0.0052468134,0.99684685
1783532936.4045,15,hips_joint,0.00013285875,0.021726413,-0.004863705,-0.07911657,-0.0030561043,-0.0052468134,0.99684685
1783532936.4045,15,left_upLeg_joint,0.10038703,-0.003789854,0.00071787805,0.6225432,-0.34504247,0.61383843,-0.34144983
1783532936.4045,15,left_leg_joint,0.10388056,-0.36121935,0.22333397,-0.25769967,0.6582411,-0.3221729,0.62969345
1783532936.4045,15,left_foot_joint,0.069969624,-0.7019116,-0.07982952,0.6087905,-0.35925424,0.6419414,-0.29702088
1783532936.4045,15,left_toes_joint,0.0577036,-0.82393306,0.0048509026,0.66584706,-0.23735519,0.68660134,-0.16996612
1783532936.4045,15,left_toesEnd_joint,0.05433626,-0.85726494,0.055420775,0.6658471,-0.237355,0.68660134,-0.16996633
1783532936.4045,15,right_upLeg_joint,-0.10067809,-0.0017789102,-0.0006744927,0.3349535,0.60075915,0.3856986,0.6149236
1783532936.4045,15,right_leg_joint,-0.09252993,-0.37099472,0.20164384,0.61272687,0.3218404,0.6564696,0.3000531
1783532936.4045,15,right_foot_joint,-0.060944203,-0.7315133,-0.07792351,0.2838702,0.63121504,0.3317406,0.6410407
1783532936.4045,15,right_toes_joint,-0.058415335,-0.84830725,0.014614267,0.15908739,0.6735771,0.20422703,0.6922978
1783532936.4045,15,right_toesEnd_joint,-0.058971602,-0.87846047,0.06724589,0.15908787,0.6735772,0.20422657,0.6922977
1783532936.4045,15,spine_1_joint,0.00013283898,0.021726413,-0.004863705,0.4576258,0.53800005,0.45971486,0.538328
1783532936.4045,15,spine_2_joint,4.2859807e-05,0.078551814,-0.013985042,0.46966037,0.5287218,0.47255963,0.5258895
1783532936.4045,15,spine_3_joint,-0.00028626752,0.13574024,-0.020443248,0.49569842,0.5017559,0.50153327,0.5009878
1783532936.4045,15,spine_4_joint,-0.00063583686,0.1887925,-0.020736575,0.5310996,0.46123573,0.5384107,0.46401402
1783532936.4045,15,spine_5_joint,-0.0010047038,0.25855336,-0.010820547,0.57339793,0.40471005,0.58199346,0.41074157
1783532936.4045,15,spine_6_joint,-0.0014797194,0.3467868,0.021131353,0.58016664,0.38958797,0.59761685,0.3930424
1783532936.4045,15,spine_7_joint,-0.0033997993,0.44522148,0.06326474,0.55863464,0.41799942,0.5837736,0.4152256
1783532936.4045,15,left_shoulder_1_joint,0.082531095,0.5557842,0.094845906,-0.6158992,-0.010796876,-0.14168942,0.7749038
1783532936.4045,15,left_arm_joint,0.22172305,0.5258617,0.12258898,-0.3610897,0.27771872,-0.5576539,0.6939083
1783532936.4045,15,left_forearm_joint,0.28124785,0.26666212,0.1271915,-0.40979892,0.14826418,-0.74626505,0.50316113
1783532936.4045,15,left_hand_joint,0.23896551,0.03285801,0.25111052,0.63009024,-0.5675235,0.5067651,-0.15521803
1783532936.4045,15,left_handIndexStart_joint,0.22138306,0.017697142,0.26991236,0.59570074,-0.5767692,0.54629755,-0.11847868
1783532936.4045,15,left_handIndex_1_joint,0.20032509,-0.047885485,0.31120723,0.59570074,-0.5767692,0.54629755,-0.11847868
1783532936.4045,15,left_handIndex_2_joint,0.18808205,-0.08601491,0.3352159,0.59570074,-0.5767692,0.54629755,-0.11847868
1783532936.4045,15,left_handIndex_3_joint,0.18122597,-0.10736739,0.34866077,0.59570074,-0.5767692,0.54629755,-0.11847868
1783532936.4045,15,left_handIndexEnd_joint,0.17632875,-0.12261916,0.35826424,0.59570074,-0.5767692,0.54629755,-0.11847868
1783532936.4045,15,left_handMidStart_joint,0.23139647,0.011293855,0.26521066,0.6314003,-0.5672654,0.5048973,-0.15691598
1783532936.4045,15,left_handMid_1_joint,0.21973407,-0.055203635,0.30014393,0.6314003,-0.5672654,0.5048973,-0.15691598
1783532936.4045,15,left_handMid_2_joint,0.21153888,-0.10193161,0.32469165,0.6314003,-0.5672654,0.5048973,-0.15691598
1783532936.4045,15,left_handMid_3_joint,0.20681089,-0.12889005,0.33885378,0.6314003,-0.5672654,0.5048973,-0.15691598
1783532936.4045,15,left_handMidEnd_joint,0.2036589,-0.14686236,0.3482952,0.6314003,-0.5672654,0.5048973,-0.15691598
1783532936.4045,15,left_handPinkyStart_joint,0.25230592,0.0006408739,0.25043532,0.6611865,-0.5711786,0.4283507,-0.23044133
1783532936.4045,15,left_handPinky_1_joint,0.2510703,-0.059858818,0.26968852,0.6611865,-0.5711786,0.4283507,-0.23044133
1783532936.4045,15,left_handPinky_2_joint,0.25030708,-0.09722628,0.28158018,0.6611865,-0.5711786,0.4283507,-0.23044133
1783532936.4045,15,left_handPinky_3_joint,0.24990733,-0.116799705,0.28780913,0.6611865,-0.5711786,0.4283507,-0.23044133
1783532936.4045,15,left_handPinkyEnd_joint,0.2495439,-0.13459373,0.2934718,0.6611865,-0.5711786,0.4283507,-0.23044133
1783532936.4045,15,left_handRingStart_joint,0.24097088,0.0058741355,0.2584981,0.647116,-0.569656,0.46783558,-0.19458376
1783532936.4045,15,left_handRing_1_joint,0.2349108,-0.058342684,0.28530684,0.647116,-0.569656,0.46783558,-0.19458376
1783532936.4045,15,left_handRing_2_joint,0.23063312,-0.10367221,0.30423066,0.647116,-0.569656,0.46783558,-0.19458376
1783532936.4045,15,left_handRing_3_joint,0.22795957,-0.13200316,0.31605807,0.647116,-0.569656,0.46783558,-0.19458376
1783532936.4045,15,left_handRingEnd_joint,0.22617722,-0.15089045,0.323943,0.647116,-0.569656,0.46783558,-0.19458376
1783532936.4045,15,left_handThumbStart_joint,0.21348259,0.016382735,0.26153937,0.23298864,-0.069910824,0.9350396,-0.25793377
1783532936.4045,15,left_handThumb_1_joint,0.1727624,-0.011269842,0.2829978,0.23298864,-0.069910824,0.9350396,-0.25793377
1783532936.4045,15,left_handThumb_2_joint,0.14365529,-0.031033492,0.29833645,0.23298864,-0.06991081,0.9350396,-0.25793377
1783532936.4045,15,left_handThumbEnd_joint,0.12425056,-0.04420926,0.30856222,0.2329886,-0.06991078,0.9350396,-0.2579338
1783532936.4045,15,neck_1_joint,-0.0074290163,0.5748304,0.09778134,0.6059569,0.34920844,0.62356335,0.34934026
1783532936.4045,15,neck_2_joint,-0.008075683,0.60059685,0.11313294,0.60083187,0.35919327,0.6151927,0.3626561
1783532936.4045,15,neck_3_joint,-0.008674238,0.6357103,0.13228205,0.58590025,0.3813863,0.60327387,0.38383114
1783532936.4045,15,neck_4_joint,-0.009425829,0.67211103,0.14884767,0.5686444,0.40416494,0.5921882,0.40324643
1783532936.4045,15,head_joint,-0.01070421,0.7153654,0.1654619,0.51244813,0.47140223,0.5439782,0.4682572
1783532936.4045,15,jaw_joint,-0.009929118,0.6899657,0.16752464,0.51244813,0.47140223,0.5439782,0.4682572
1783532936.4045,15,chin_joint,-0.010746388,0.62863356,0.26100034,0.51244813,0.47140223,0.5439782,0.4682572
1783532936.4045,15,left_eye_joint,0.01808989,0.738662,0.25620672,0.5165399,0.4669151,0.5480413,0.46349522
1783532936.4045,15,left_eyeLowerLid_joint,0.01808989,0.738662,0.25620672,0.5165399,0.4669151,0.5480413,0.46349522
1783532936.4045,15,left_eyeUpperLid_joint,0.01808989,0.738662,0.25620672,0.5165399,0.4669151,0.5480413,0.46349522
1783532936.4045,15,left_eyeball_joint,0.01808989,0.738662,0.25620672,0.5165399,0.4669151,0.5480413,0.46349522
1783532936.4045,15,nose_joint,-0.013597765,0.70249206,0.2746677,0.51654243,0.46691245,0.5480437,0.46349236
1783532936.4045,15,right_eye_joint,-0.046480205,0.7365323,0.2542448,0.5165399,0.4669151,0.5480413,0.46349522
1783532936.4045,15,right_eyeLowerLid_joint,-0.046480205,0.7365323,0.2542448,0.5165399,0.4669151,0.5480413,0.46349522
1783532936.4045,15,right_eyeUpperLid_joint,-0.046480205,0.7365323,0.2542448,0.5165399,0.4669151,0.5480413,0.46349522
1783532936.4045,15,right_eyeball_joint,-0.046480205,0.7365323,0.2542448,0.5165399,0.4669151,0.5480413,0.46349522
1783532936.4045,15,right_shoulder_1_joint,-0.09608607,0.5514738,0.090125956,0.7750303,0.16746996,0.040333398,0.60799277
1783532936.4045,15,right_arm_joint,-0.2325272,0.5067068,0.11059558,0.6777688,0.5660656,0.27255607,0.38198516
1783532936.4045,15,right_forearm_joint,-0.2885348,0.24722478,0.12735195,0.48416322,0.758572,0.16777022,0.4025021
1783532936.4045,15,right_hand_joint,-0.23302284,0.014197197,0.2474557,0.14443819,0.50485605,0.5905073,0.6128291
1783532936.4045,15,right_handIndexStart_joint,-0.2158565,-0.0005085671,0.26520333,0.1038916,0.5454845,0.59944993,0.5764662
1783532936.4045,15,right_handIndex_1_joint,-0.19065611,-0.06511563,0.30570778,0.1038916,0.5454845,0.59944993,0.5764662
1783532936.4045,15,right_handIndex_2_joint,-0.17600429,-0.102678135,0.32925647,0.1038916,0.5454845,0.59944993,0.5764662
1783532936.4045,15,right_handIndex_3_joint,-0.16779974,-0.12371329,0.34244454,0.1038916,0.5454845,0.59944993,0.5764662
1783532936.4045,15,right_handIndexEnd_joint,-0.16193935,-0.13873813,0.35186446,0.1038916,0.5454845,0.59944993,0.5764662
1783532936.4045,15,right_handMidStart_joint,-0.2254245,-0.007486417,0.2603933,0.14389288,0.50537807,0.59088534,0.61216235
1783532936.4045,15,right_handMid_1_joint,-0.2095293,-0.073534586,0.29450125,0.14389288,0.50537807,0.59088534,0.61216235
1783532936.4045,15,right_handMid_2_joint,-0.19836006,-0.11994612,0.3184692,0.14389288,0.50537807,0.59088534,0.61216235
1783532936.4045,15,right_handMid_3_joint,-0.19191605,-0.1467222,0.33229676,0.14389288,0.50537807,0.59088534,0.61216235
1783532936.4045,15,right_handMidEnd_joint,-0.18762033,-0.16457257,0.34151518,0.14389288,0.50537807,0.59088534,0.61216235
1783532936.4045,15,right_handPinkyStart_joint,-0.24557231,-0.019282503,0.24542919,0.22005183,0.43120417,0.5953495,0.64124846
1783532936.4045,15,right_handPinky_1_joint,-0.24044432,-0.079818204,0.26390803,0.22005183,0.43120417,0.5953495,0.64124846
1783532936.4045,15,right_handPinky_2_joint,-0.2372772,-0.117208555,0.27532217,0.22005183,0.43120417,0.5953495,0.64124846
1783532936.4045,15,right_handPinky_3_joint,-0.23561788,-0.13679375,0.2813002,0.22005183,0.43120417,0.5953495,0.64124846
1783532936.4045,15,right_handPinkyEnd_joint,-0.23410974,-0.1545983,0.28673506,0.22005183,0.43120417,0.5953495,0.64124846
1783532936.4045,15,right_handRingStart_joint,-0.23461503,-0.013429474,0.2535876,0.18284246,0.46952784,0.5935867,0.62750894
1783532936.4045,15,right_handRing_1_joint,-0.22444463,-0.07745932,0.27958643,0.18284246,0.46952784,0.5935867,0.62750894
1783532936.4045,15,right_handRing_2_joint,-0.21726547,-0.122656494,0.29793817,0.18284246,0.46952784,0.5935867,0.62750894
1783532936.4045,15,right_handRing_3_joint,-0.2127787,-0.15090506,0.3094086,0.18284246,0.46952784,0.5935867,0.62750894
1783532936.4045,15,right_handRingEnd_joint,-0.2097869,-0.16973798,0.31705493,0.18284246,0.46952784,0.5935867,0.62750894
1783532936.4045,15,right_handThumbStart_joint,-0.20787254,-0.0011989402,0.25683403,0.22885188,0.9422016,0.08374713,0.22993404
1783532936.4045,15,right_handThumb_1_joint,-0.16547976,-0.026426213,0.27804068,0.22885188,0.9422016,0.083747126,0.22993404
1783532936.4045,15,right_handThumb_2_joint,-0.13517761,-0.04445597,0.29319975,0.22885188,0.9422016,0.083747104,0.22993404
1783532936.4045,15,right_handThumbEnd_joint,-0.114976175,-0.056476142,0.30330506,0.22885185,0.9422017,0.083747074,0.22993402
1783532936.4045,15,camera,0.10976905,0.07081935,-0.033672392,-0.079525284,-0.07760658,-0.7009038,0.7045472
1783532936.4365,16,root,1.2180225e-05,0.021735126,-0.0048376108,-0.07869735,-0.0035917084,-0.005341536,0.99687785
1783532936.4365,16,hips_joint,1.2180225e-05,0.021735126,-0.0048376108,-0.07869735,-0.0035917084,-0.005341536,0.99687785
1783532936.4365,16,left_upLeg_joint,0.10025765,-0.003795986,0.0008316186,0.6224249,-0.34402773,0.6147305,-0.3410847
1783532936.4365,16,left_leg_joint,0.10341706,-0.36072662,0.22425175,-0.2591979,0.65669465,-0.32379603,0.6298609
1783532936.4365,16,left_foot_joint,0.07040708,-0.7029386,-0.077295415,0.6090162,-0.3571129,0.6433224,-0.29615185
1783532936.4365,16,left_toes_joint,0.058069218,-0.82455117,0.007960949,0.665663,-0.23520993,0.68779254,-0.16885105
1783532936.4365,16,left_toesEnd_joint,0.054626226,-0.8576359,0.058687754,0.665663,-0.23520973,0.68779254,-0.16885127
1783532936.4365,16,right_upLeg_joint,-0.100805625,-0.0017634392,-0.0007776254,0.3368083,0.5991069,0.38769606,0.6142663
1783532936.4365,16,right_leg_joint,-0.09302616,-0.37226883,0.19918431,0.6129498,0.32026312,0.6573584,0.29933935
1783532936.4365,16,right_foot_joint,-0.061298523,-0.73178357,-0.08165712,0.28501832,0.6301108,0.3328806,0.6410269
1783532936.4365,16,right_toes_joint,-0.058958996,-0.8489162,0.010456705,0.16042404,0.6727105,0.20534897,0.6925003
1783532936.4365,16,right_toesEnd_joint,-0.059601072,-0.879261,0.06297712,0.16042452,0.67271066,0.2053485,0.6925002
1783532936.4365,16,spine_1_joint,1.2160449e-05,0.021735126,-0.004837611,0.45767546,0.53768516,0.45978358,0.53854173
1783532936.4365,16,spine_2_joint,-4.6104284e-05,0.078562595,-0.0139464205,0.46975517,0.5286033,0.47228795,0.5261683
1783532936.4365,16,spine_3_joint,-0.0003312481,0.13574909,-0.020423956,0.49585032,0.501815,0.50098217,0.50132984
1783532936.4365,16,spine_4_joint,-0.00062847976,0.18880142,-0.020759553,0.5313584,0.46143967,0.5376308,0.4644193
1783532936.4365,16,spine_5_joint,-0.00090576056,0.25857386,-0.010922019,0.57382154,0.40500352,0.5810537,0.4111912
1783532936.4365,16,spine_6_joint,-0.0012197196,0.34684828,0.020918388,0.5807723,0.3899442,0.59656715,0.39338908
1783532936.4365,16,spine_7_joint,-0.002929858,0.44533455,0.062940136,0.5594291,0.41840303,0.5826861,0.41527712
1783532936.4365,16,left_shoulder_1_joint,0.083207585,0.5558206,0.094225846,-0.6158716,-0.009297522,-0.1407487,0.7751166
1783532936.4365,16,left_arm_joint,0.22248535,0.52583283,0.12146322,-0.36164007,0.27944845,-0.55634326,0.69397944
1783532936.4365,16,left_forearm_joint,0.28227422,0.26668197,0.12532772,-0.4107637,0.14993872,-0.7449316,0.5038541
1783532936.4365,16,left_hand_joint,0.24079,0.032515544,0.24883178,0.6312777,-0.5680583,0.5046923,-0.15519086
1783532936.4365,16,left_handIndexStart_joint,0.22330266,0.017285166,0.26766613,0.5970194,-0.5773016,0.54430586,-0.11841569
1783532936.4365,16,left_handIndex_1_joint,0.20249489,-0.04842726,0.30888143,0.5970194,-0.5773016,0.54430586,-0.11841569
1783532936.4365,16,left_handIndex_2_joint,0.19039734,-0.08663216,0.3328438,0.5970194,-0.5773016,0.54430586,-0.11841569
1783532936.4365,16,left_handIndex_3_joint,0.1836227,-0.108026914,0.34626272,0.5970194,-0.5773016,0.54430586,-0.11841569
1783532936.4365,16,left_handIndexEnd_joint,0.17878368,-0.123308875,0.3558477,0.5970194,-0.5773016,0.54430586,-0.11841569
1783532936.4365,16,left_handMidStart_joint,0.23330532,0.010906572,0.26290834,0.6325817,-0.56780046,0.50282115,-0.15688975
1783532936.4365,16,left_handMid_1_joint,0.2218687,-0.05569273,0.29772213,0.6325817,-0.56780046,0.50282115,-0.15688975
1783532936.4365,16,left_handMid_2_joint,0.21383217,-0.102492236,0.3221859,0.6325817,-0.56780046,0.50282115,-0.15688975
1783532936.4365,16,left_handMid_3_joint,0.2091957,-0.12949196,0.3362996,0.6325817,-0.56780046,0.50282115,-0.15688975
1783532936.4365,16,left_handMidEnd_joint,0.20610473,-0.14749177,0.34570873,0.6325817,-0.56780046,0.50282115,-0.15688975
1783532936.4365,16,left_handPinkyStart_joint,0.254169,0.00031748295,0.24802274,0.6621252,-0.5717466,0.4261627,-0.23039475
1783532936.4365,16,left_handPinky_1_joint,0.25308836,-0.0602315,0.26712975,0.6621252,-0.5717466,0.4261627,-0.23039475
1783532936.4365,16,left_handPinky_2_joint,0.2524209,-0.097629406,0.2789311,0.6621252,-0.5717466,0.4261627,-0.23039475
1783532936.4365,16,left_handPinky_3_joint,0.2520713,-0.11721878,0.2851128,0.6621252,-0.5717466,0.4261627,-0.23039475
1783532936.4365,16,left_handPinkyEnd_joint,0.25175345,-0.1350273,0.2907325,0.6621252,-0.5717466,0.4261627,-0.23039475
1783532936.4365,16,left_handRingStart_joint,0.24285966,0.0055159805,0.25614396,0.6481777,-0.5702104,0.46570078,-0.19454828
1783532936.4365,16,left_handRing_1_joint,0.23698977,-0.058775187,0.28281653,0.6481777,-0.5702104,0.46570078,-0.19454828
1783532936.4365,16,left_handRing_2_joint,0.23284629,-0.10415718,0.30164424,0.6481777,-0.5702104,0.46570078,-0.19454828
1783532936.4365,16,left_handRing_3_joint,0.23025663,-0.13252093,0.31341153,0.6481777,-0.5702104,0.46570078,-0.19454828
1783532936.4365,16,left_handRingEnd_joint,0.2285302,-0.1514301,0.3212564,0.6481777,-0.5702104,0.46570078,-0.19454828
1783532936.4365,16,left_handThumbStart_joint,0.21537033,0.015981374,0.25932166,0.23458762,-0.07144284,0.934316,-0.25868613
1783532936.4365,16,left_handThumb_1_joint,0.17477214,-0.0117772445,0.28087416,0.23458762,-0.07144284,0.934316,-0.25868613
1783532936.4365,16,left_handThumb_2_joint,0.14575225,-0.03161669,0.29628012,0.23458762,-0.07144283,0.934316,-0.25868613
1783532936.4365,16,left_handThumbEnd_joint,0.12640567,-0.044842996,0.30655074,0.23458758,-0.07144279,0.934316,-0.25868613
1783532936.4365,16,neck_1_joint,-0.006722668,0.5749749,0.09736542,0.6067849,0.34951955,0.6224838,0.3495173
1783532936.4365,16,neck_2_joint,-0.0073016654,0.600754,0.11269846,0.60165036,0.35952035,0.61410767,0.36281413
1783532936.4365,16,neck_3_joint,-0.007812315,0.635883,0.13182159,0.58670914,0.38174325,0.6021859,0.3839493
1783532936.4365,16,neck_4_joint,-0.008480779,0.6722974,0.14836061,0.56944567,0.40455133,0.59110093,0.4033236
1783532936.4365,16,head_joint,-0.00966785,0.71556616,0.16494419,0.51320505,0.47188208,0.54289496,0.4682022
1783532936.4365,16,jaw_joint,-0.0089175925,0.6901671,0.16702484,0.51320505,0.47188208,0.54289496,0.4682022
1783532936.4365,16,chin_joint,-0.009579314,0.6289086,0.26055002,0.51320505,0.47188208,0.54289496,0.4682022
1783532936.4365,16,left_eye_joint,0.01937452,0.7388993,0.25560045,0.517301,0.46738836,0.5469576,0.46344975
1783532936.4365,16,left_eyeLowerLid_joint,0.01937452,0.7388993,0.25560045,0.517301,0.46738836,0.5469576,0.46344975
1783532936.4365,16,left_eyeUpperLid_joint,0.01937452,0.7388993,0.25560045,0.517301,0.46738836,0.5469576,0.46344975
1783532936.4365,16,left_eyeball_joint,0.01937452,0.7388993,0.25560045,0.517301,0.46738836,0.5469576,0.46344975
1783532936.4365,16,nose_joint,-0.0123105785,0.70278096,0.27416673,0.51730347,0.46738562,0.54696006,0.46344683
1783532936.4365,16,right_eye_joint,-0.045202635,0.73684406,0.25379744,0.517301,0.46738836,0.5469576,0.46344975
1783532936.4365,16,right_eyeLowerLid_joint,-0.045202635,0.73684406,0.25379744,0.517301,0.46738836,0.5469576,0.46344975
1783532936.4365,16,right_eyeUpperLid_joint,-0.045202635,0.73684406,0.25379744,0.517301,0.46738836,0.5469576,0.46344975
1783532936.4365,16,right_eyeball_joint,-0.045202635,0.73684406,0.25379744,0.517301,0.46738836,0.5469576,0.46344975
1783532936.4365,16,right_shoulder_1_joint,-0.09542549,0.55171674,0.08994406,0.7749723,0.16786243,0.03920573,0.60803235
1783532936.4365,16,right_arm_joint,-0.23185444,0.50706273,0.11073902,0.67810744,0.5664073,0.27160048,0.3815581
1783532936.4365,16,right_forearm_joint,-0.28793278,0.2476114,0.12773179,0.48448503,0.7589107,0.16701466,0.40179005
1783532936.4365,16,right_hand_joint,-0.23228091,0.01459177,0.24778625,0.1451237,0.50558126,0.59010774,0.6124541
1783532936.4365,16,right_handIndexStart_joint,-0.2150835,-0.00011757016,0.26550075,0.10460339,0.5461821,0.5990982,0.5760427
1783532936.4365,16,right_handIndex_1_joint,-0.18982853,-0.0647254,0.30597004,0.10460339,0.5461821,0.5990982,0.5760427
1783532936.4365,16,right_handIndex_2_joint,-0.17514497,-0.102288336,0.32949823,0.10460339,0.5461821,0.5990982,0.5760427
1783532936.4365,16,right_handIndex_3_joint,-0.16692264,-0.123323746,0.34267485,0.10460339,0.5461821,0.5990982,0.5760427
1783532936.4365,16,right_handIndexEnd_joint,-0.16104956,-0.13834876,0.35208663,0.10460339,0.5461821,0.5990982,0.5760427
1783532936.4365,16,right_handMidStart_joint,-0.22466572,-0.007091844,0.2607139,0.14457907,0.50610274,0.5904864,0.61178684
1783532936.4365,16,right_handMid_1_joint,-0.20873073,-0.07313781,0.29480755,0.14457907,0.50610274,0.5904864,0.61178684
1783532936.4365,16,right_handMid_2_joint,-0.19753353,-0.11954782,0.31876543,0.14457907,0.50610274,0.5904864,0.61178684
1783532936.4365,16,right_handMid_3_joint,-0.19107337,-0.14632301,0.33258715,0.14457907,0.50610274,0.5904864,0.61178684
1783532936.4365,16,right_handMidEnd_joint,-0.18676691,-0.16417278,0.34180176,0.14457907,0.50610274,0.5904864,0.61178684
1783532936.4365,16,right_handPinkyStart_joint,-0.24485251,-0.018881908,0.24579768,0.22071867,0.43194124,0.5948709,0.6409673
1783532936.4365,16,right_handPinky_1_joint,-0.23971605,-0.07941457,0.26428413,0.22071867,0.43194124,0.5948709,0.6409673
1783532936.4365,16,right_handPinky_2_joint,-0.2365437,-0.11680304,0.27570295,0.22071867,0.43194124,0.5948709,0.6409673
1783532936.4365,16,right_handPinky_3_joint,-0.23488164,-0.13638724,0.28168344,0.22071867,0.43194124,0.5948709,0.6409673
1783532936.4365,16,right_handPinkyEnd_joint,-0.233371,-0.1541909,0.28712055,0.22071867,0.43194124,0.5948709,0.6409673
1783532936.4365,16,right_handRingStart_joint,-0.23387428,-0.013032148,0.25393024,0.18351969,0.47025946,0.5931467,0.62717944
1783532936.4365,16,right_handRing_1_joint,-0.2236808,-0.0770593,0.2799267,0.18351969,0.47025946,0.5931467,0.62717944
1783532936.4365,16,right_handRing_2_joint,-0.21648532,-0.12225457,0.29827672,0.18351969,0.47025946,0.5931467,0.62717944
1783532936.4365,16,right_handRing_3_joint,-0.21198837,-0.15050194,0.30974612,0.18351969,0.47025946,0.5931467,0.62717944
1783532936.4365,16,right_handRingEnd_joint,-0.20898978,-0.16933407,0.31739172,0.18351969,0.47025946,0.5931467,0.62717944
1783532936.4365,16,right_handThumbStart_joint,-0.20711827,-0.0008147764,0.2571142,0.2291572,0.9424055,0.08328858,0.22895883
1783532936.4365,16,right_handThumb_1_joint,-0.16469246,-0.02605792,0.2782357,0.2291572,0.9424055,0.08328857,0.22895883
1783532936.4365,16,right_handThumb_2_joint,-0.13436668,-0.04409902,0.29333395,0.2291572,0.9424055,0.08328856,0.22895883
1783532936.4365,16,right_handThumbEnd_joint,-0.11414949,-0.056126755,0.30339867,0.2291572,0.9424055,0.08328854,0.22895883
1783532936.4365,16,camera,0.10955892,0.07098758,-0.03371909,-0.0795774,-0.07765516,-0.7006876,0.70475096
1783532936.4703,17,root,5.4965298e-05,0.021626722,-0.004821751,-0.07848905,-0.0036044565,-0.0049784263,0.996896
1783532936.4703,17,hips_joint,5.4965298e-05,0.021626722,-0.004821751,-0.07848905,-0.0036044565,-0.0049784263,0.996896
1783532936.4703,17,left_upLeg_joint,0.10031916,-0.0038337922,0.00083391485,0.62236285,-0.34396783,0.6145478,-0.34158686
1783532936.4703,17,left_leg_joint,0.10370242,-0.36092255,0.22399788,-0.2591595,0.6565674,-0.3232235,0.6303033
1783532936.4703,17,left_foot_joint,0.071184225,-0.70288223,-0.07788876,0.6089076,-0.3570364,0.6431444,-0.2968533
1783532936.4703,17,left_toes_joint,0.05893092,-0.82458806,0.00724658,0.6655416,-0.2351553,0.68775076,-0.16957347
1783532936.4703,17,left_toesEnd_joint,0.05549803,-0.85772437,0.057940386,0.6655417,-0.2351551,0.68775076,-0.16957368
1783532936.4703,17,right_upLeg_joint,-0.10074559,-0.0019468808,-0.0007685551,0.3369112,0.599307,0.38823384,0.6136746
1783532936.4703,17,right_leg_joint,-0.09241269,-0.3726457,0.19881204,0.6124774,0.3219319,0.6564556,0.30049488
1783532936.4703,17,right_foot_joint,-0.060789805,-0.73340344,-0.08044254,0.28361732,0.63113314,0.33145723,0.64137983
1783532936.4703,17,right_toes_joint,-0.058347758,-0.8501222,0.012192335,0.15885466,0.67344886,0.20388457,0.69257706
1783532936.4703,17,right_toesEnd_joint,-0.05894196,-0.8802321,0.06484836,0.15885514,0.6734489,0.20388411,0.69257694
1783532936.4703,17,spine_1_joint,5.494552e-05,0.021626722,-0.0048217513,0.45764837,0.5376963,0.4600166,0.53835416
1783532936.4703,17,spine_2_joint,-2.9387897e-05,0.07845762,-0.013908797,0.46973145,0.5285687,0.4724668,0.5260632
1783532936.4703,17,spine_3_joint,-0.00032978097,0.13564593,-0.020369455,0.49579108,0.5017597,0.50111425,0.5013112
1783532936.4703,17,spine_4_joint,-0.00063519046,0.18869823,-0.020697309,0.5312409,0.46138492,0.53771526,0.4645098
1783532936.4703,17,spine_5_joint,-0.0009180741,0.25847128,-0.010864665,0.57361096,0.40502727,0.5810969,0.41139978
1783532936.4703,17,spine_6_joint,-0.0012453083,0.3467586,0.020939814,0.5804574,0.3900633,0.5965752,0.3937232
1783532936.4703,17,spine_7_joint,-0.0029777533,0.44527724,0.062884584,0.55897015,0.41862413,0.5826321,0.4157476
1783532936.4703,17,left_shoulder_1_joint,0.083134055,0.5558044,0.09409551,-0.6167711,-0.009539696,-0.14148106,0.7742645
1783532936.4703,17,left_arm_joint,0.22235054,0.52573264,0.12155276,-0.36228243,0.27829188,-0.55781347,0.692928
1783532936.4703,17,left_forearm_joint,0.28161114,0.26647842,0.12647338,-0.41106465,0.14844741,-0.74629885,0.50202334
1783532936.4703,17,left_hand_joint,0.23927262,0.032979373,0.25094718,0.6304163,-0.56769013,0.50668186,-0.15354759
1783532936.4703,17,left_handIndexStart_joint,0.22171228,0.017881585,0.2698203,0.5960313,-0.5768277,0.5462366,-0.11680086
1783532936.4703,17,left_handIndex_1_joint,0.20065413,-0.047588892,0.31129268,0.5960313,-0.5768277,0.5462366,-0.11680086
1783532936.4703,17,left_handIndex_2_joint,0.18841104,-0.08565312,0.33540455,0.5960313,-0.5768277,0.5462366,-0.11680086
1783532936.4703,17,left_handIndex_3_joint,0.1815549,-0.10696909,0.3489072,0.5960313,-0.5768277,0.5462366,-0.11680086
1783532936.4703,17,left_handIndexEnd_joint,0.17665768,-0.12219478,0.35855192,0.5960313,-0.5768277,0.5462366,-0.11680086
1783532936.4703,17,left_handMidStart_joint,0.23170479,0.0114540765,0.2651072,0.63172597,-0.5674369,0.50481343,-0.15524596
1783532936.4703,17,left_handMid_1_joint,0.22002569,-0.054957807,0.30019745,0.63172597,-0.5674369,0.50481343,-0.15524596
1783532936.4703,17,left_handMid_2_joint,0.21181877,-0.101625614,0.32485542,0.63172597,-0.5674369,0.50481343,-0.15524596
1783532936.4703,17,left_handMid_3_joint,0.207084,-0.12854934,0.3390812,0.63172597,-0.5674369,0.50481343,-0.15524596
1783532936.4703,17,left_handMidEnd_joint,0.20392749,-0.1464985,0.348565,0.63172597,-0.5674369,0.50481343,-0.15524596
1783532936.4703,17,left_handPinkyStart_joint,0.2525629,0.0007408881,0.25030288,0.6614894,-0.5715345,0.4282907,-0.2287953
1783532936.4703,17,left_handPinky_1_joint,0.25128213,-0.05971939,0.26967657,0.6614894,-0.5715345,0.4282907,-0.2287953
1783532936.4703,17,left_handPinky_2_joint,0.25049105,-0.0970625,0.28164265,0.6614894,-0.5715345,0.4282907,-0.2287953
1783532936.4703,17,left_handPinky_3_joint,0.25007668,-0.11662318,0.2879106,0.6614894,-0.5715345,0.4282907,-0.2287953
1783532936.4703,17,left_handPinkyEnd_joint,0.24969997,-0.13440561,0.29360875,0.6614894,-0.5715345,0.4282907,-0.2287953
1783532936.4703,17,left_handRingStart_joint,0.24125499,0.006006894,0.25838244,0.64743227,-0.5699203,0.46776387,-0.19292353
1783532936.4703,17,left_handRing_1_joint,0.23516226,-0.058148555,0.28533038,0.64743227,-0.5699203,0.46776387,-0.19292353
1783532936.4703,17,left_handRing_2_joint,0.2308615,-0.10343475,0.30435246,0.64743227,-0.5699203,0.46776387,-0.19292353
1783532936.4703,17,left_handRing_3_joint,0.22817354,-0.13173862,0.31624123,0.64743227,-0.5699203,0.46776387,-0.19292353
1783532936.4703,17,left_handRingEnd_joint,0.22638157,-0.15060787,0.3241671,0.64743227,-0.5699203,0.46776387,-0.19292353
1783532936.4703,17,left_handThumbStart_joint,0.21378988,0.016562853,0.26146874,0.23430036,-0.069485344,0.9350229,-0.2569192
1783532936.4703,17,left_handThumb_1_joint,0.17307939,-0.0109865265,0.28307784,0.23430036,-0.069485344,0.9350229,-0.2569192
1783532936.4703,17,left_handThumb_2_joint,0.14397924,-0.03067641,0.29852417,0.23430037,-0.06948532,0.9350229,-0.2569192
1783532936.4703,17,left_handThumbEnd_joint,0.12457914,-0.043803003,0.30882174,0.23430036,-0.06948529,0.9350229,-0.2569192
1783532936.4703,17,neck_1_joint,-0.006799002,0.5749589,0.097150296,0.60635334,0.34978813,0.6224865,0.34999213
1783532936.4703,17,neck_2_joint,-0.0073894695,0.6007565,0.11245171,0.6012134,0.35977918,0.61410284,0.3632894
1783532936.4703,17,neck_3_joint,-0.0079145385,0.63590866,0.13153195,0.58626294,0.38198727,0.60216296,0.38442332
1783532936.4703,17,neck_4_joint,-0.0085957,0.67234313,0.14802642,0.5689912,0.40478173,0.5910587,0.40379518
1783532936.4703,17,head_joint,-0.009795766,0.71563184,0.1645568,0.51272655,0.4720599,0.5427939,0.46866375
1783532936.4703,17,jaw_joint,-0.009045978,0.69023544,0.1666687,0.51272655,0.4720599,0.5427939,0.46866375
1783532936.4703,17,chin_joint,-0.00976943,0.62909013,0.26026747,0.51272655,0.4720599,0.5427939,0.46866375
1783532936.4703,17,left_eye_joint,0.01918363,0.73907584,0.25520465,0.516824,0.46757036,0.54686064,0.463912
1783532936.4703,17,left_eyeLowerLid_joint,0.01918363,0.73907584,0.25520465,0.516824,0.46757036,0.54686064,0.463912
1783532936.4703,17,left_eyeUpperLid_joint,0.01918363,0.73907584,0.25520465,0.516824,0.46757036,0.54686064,0.463912
1783532936.4703,17,left_eyeball_joint,0.01918363,0.73907584,0.25520465,0.516824,0.46757036,0.54686064,0.463912
1783532936.4703,17,nose_joint,-0.012512805,0.7029788,0.27379286,0.51682645,0.46756762,0.5468631,0.46390915
1783532936.4703,17,right_eye_joint,-0.045392174,0.73701596,0.25335982,0.516824,0.46757036,0.54686064,0.463912
1783532936.4703,17,right_eyeLowerLid_joint,-0.045392174,0.73701596,0.25335982,0.516824,0.46757036,0.54686064,0.463912
1783532936.4703,17,right_eyeUpperLid_joint,-0.045392174,0.73701596,0.25335982,0.516824,0.46757036,0.54686064,0.463912
1783532936.4703,17,right_eyeball_joint,-0.045392174,0.73701596,0.25335982,0.516824,0.46757036,0.54686064,0.463912
1783532936.4703,17,right_shoulder_1_joint,-0.095495835,0.55168843,0.089696355,0.77431506,0.16831961,0.039846417,0.608701
1783532936.4703,17,right_arm_joint,-0.2318655,0.50684303,0.110468164,0.67718804,0.5670089,0.2714938,0.3823718
1783532936.4703,17,right_forearm_joint,-0.28761187,0.24735609,0.12799978,0.483516,0.75919145,0.1666093,0.40259397
1783532936.4703,17,right_hand_joint,-0.23180412,0.014673309,0.24863356,0.143866,0.50604934,0.5899529,0.61251307
1783532936.4703,17,right_handIndexStart_joint,-0.21460626,2.3933648e-05,0.26639727,0.10335954,0.5466538,0.59885764,0.5760694
1783532936.4703,17,right_handIndex_1_joint,-0.18931472,-0.064462915,0.30703622,0.10335954,0.5466538,0.59885764,0.5760694
1783532936.4703,17,right_handIndex_2_joint,-0.17460993,-0.10195552,0.3306631,0.10335954,0.5466538,0.59885764,0.5760694
1783532936.4703,17,right_handIndex_3_joint,-0.1663757,-0.12295152,0.34389496,0.10335954,0.5466538,0.59885764,0.5760694
1783532936.4703,17,right_handIndexEnd_joint,-0.16049409,-0.13794841,0.35334617,0.10335954,0.5466538,0.59885764,0.5760694
1783532936.4703,17,right_handMidStart_joint,-0.22417603,-0.0069721793,0.2616174,0.14332166,0.50657123,0.5903303,0.61184525
1783532936.4703,17,right_handMid_1_joint,-0.20819694,-0.07292234,0.2958754,0.14332166,0.50657123,0.5903303,0.61184525
1783532936.4703,17,right_handMid_2_joint,-0.19696875,-0.11926502,0.31994876,0.14332166,0.50657123,0.5903303,0.61184525
1783532936.4703,17,right_handMid_3_joint,-0.19049072,-0.14600137,0.33383712,0.14332166,0.50657123,0.5903303,0.61184525
1783532936.4703,17,right_handMidEnd_joint,-0.18617232,-0.16382524,0.3430961,0.14332166,0.50657123,0.5903303,0.61184525
1783532936.4703,17,right_handPinkyStart_joint,-0.24433546,-0.018819205,0.24670929,0.21946865,0.43244505,0.59485084,0.6410751
1783532936.4703,17,right_handPinky_1_joint,-0.23914671,-0.07930385,0.26533765,0.21946865,0.43244505,0.59485084,0.6410751
1783532936.4703,17,right_handPinky_2_joint,-0.23594207,-0.11666267,0.27684414,0.21946865,0.43244505,0.59485084,0.6410751
1783532936.4703,17,right_handPinky_3_joint,-0.23426309,-0.13623135,0.28287056,0.21946865,0.43244505,0.59485084,0.6410751
1783532936.4703,17,right_handPinkyEnd_joint,-0.23273708,-0.15402089,0.2883494,0.21946865,0.43244505,0.59485084,0.6410751
1783532936.4703,17,right_handRingStart_joint,-0.23337148,-0.012938418,0.25483868,0.18226413,0.47074628,0.59305805,0.62726384
1783532936.4703,17,right_handRing_1_joint,-0.22312866,-0.07689471,0.28098962,0.18226413,0.47074628,0.59305805,0.62726384
1783532936.4703,17,right_handRing_2_joint,-0.21589835,-0.12203997,0.29944873,0.18226413,0.47074628,0.59305805,0.62726384
1783532936.4703,17,right_handRing_3_joint,-0.21137963,-0.15025607,0.31098625,0.18226413,0.47074628,0.59305805,0.62726384
1783532936.4703,17,right_handRingEnd_joint,-0.20836654,-0.16906735,0.31867734,0.18226413,0.47074628,0.59305805,0.62726384
1783532936.4703,17,right_handThumbStart_joint,-0.2066325,-0.0006831217,0.25801966,0.22831772,0.9425246,0.08245796,0.22960657
1783532936.4703,17,right_handThumb_1_joint,-0.16419737,-0.025829537,0.27923757,0.22831772,0.9425246,0.082457945,0.22960657
1783532936.4703,17,right_handThumb_2_joint,-0.13386494,-0.043801498,0.2944047,0.22831772,0.9425246,0.08245793,0.22960657
1783532936.4703,17,right_handThumbEnd_joint,-0.11364332,-0.05578314,0.30451533,0.22831775,0.94252455,0.08245792,0.22960658
1783532936.4703,17,camera,0.10926316,0.07123063,-0.03374907,-0.079342395,-0.07824596,-0.70025665,0.70514035
1783532936.5032,18,root,2.164357e-06,0.02193257,-0.0044678273,-0.07953673,-0.0030939667,-0.005164823,0.9968138
1783532936.5032,18,hips_joint,2.164357e-06,0.02193257,-0.0044678273,-0.07953673,-0.0030939667,-0.005164823,0.9968138
1783532936.5032,18,left_upLeg_joint,0.10026026,-0.0035622786,0.001141124,0.62318695,-0.34310338,0.6149533,-0.34022182
1783532936.5032,18,left_leg_joint,0.10372392,-0.3598457,0.22558759,-0.2583733,0.6571068,-0.32252383,0.63042265
1783532936.5032,18,left_foot_joint,0.07097089,-0.70109254,-0.07707947,0.60862136,-0.35794595,0.6426672,-0.2973788
1783532936.5032,18,left_toes_joint,0.058706626,-0.8229913,0.007777891,0.665433,-0.23610264,0.6873818,-0.1701799
1783532936.5032,18,left_toesEnd_joint,0.055281118,-0.85624397,0.05839598,0.6654331,-0.23610243,0.6873818,-0.17018011
1783532936.5032,18,right_upLeg_joint,-0.10080511,-0.0015859985,-0.00026465236,0.33578485,0.6009765,0.38710606,0.6133717
1783532936.5032,18,right_leg_joint,-0.091520935,-0.37150684,0.20071274,0.6144649,0.32025054,0.6569524,0.29712984
1783532936.5032,18,right_foot_joint,-0.06028879,-0.7300195,-0.08146208,0.28621882,0.63103527,0.33392355,0.6390371
1783532936.5032,18,right_toes_joint,-0.057394475,-0.84745765,0.010246038,0.16142756,0.67384565,0.20675014,0.6907443
1783532936.5032,18,right_toesEnd_joint,-0.05778105,-0.87798035,0.06266582,0.16142803,0.67384577,0.20674968,0.69074416
1783532936.5032,18,spine_1_joint,2.1445808e-06,0.02193257,-0.0044678273,0.45759046,0.53821516,0.45919722,0.5385847
1783532936.5032,18,spine_2_joint,-5.972981e-05,0.07874861,-0.01364754,0.46983063,0.5289698,0.47173333,0.52622974
1783532936.5032,18,spine_3_joint,-0.00032923816,0.13592927,-0.020176897,0.4960514,0.50201637,0.50047064,0.5014397
1783532936.5032,18,spine_4_joint,-0.0005935919,0.18898155,-0.020545285,0.5317028,0.46137443,0.5372629,0.46451515
1783532936.5032,18,spine_5_joint,-0.00080676674,0.25875464,-0.01071119,0.57423145,0.40471804,0.58082455,0.41122317
1783532936.5032,18,spine_6_joint,-0.0010272849,0.34701505,0.021168746,0.58109003,0.38970217,0.59633166,0.39351633
1783532936.5032,18,spine_7_joint,-0.0026368105,0.445494,0.06321149,0.5595789,0.4183282,0.5824008,0.4155509
1783532936.5032,18,left_shoulder_1_joint,0.08359146,0.5559245,0.09444293,-0.617056,-0.0089147985,-0.14182772,0.7739816
1783532936.5032,18,left_arm_joint,0.22278278,0.5256755,0.121832825,-0.3631527,0.27764192,-0.55811495,0.6924906
1783532936.5032,18,left_forearm_joint,0.28205666,0.26643676,0.12737413,-0.41155666,0.14723136,-0.7474005,0.5003371
1783532936.5032,18,left_hand_joint,0.23902903,0.03354582,0.25274792,0.6297944,-0.56738186,0.5082934,-0.15190491
1783532936.5032,18,left_handIndexStart_joint,0.22141458,0.018567592,0.27166584,0.59530663,-0.5764137,0.5478056,-0.11518256
1783532936.5032,18,left_handIndex_1_joint,0.20015743,-0.0466832,0.31338227,0.59530663,-0.5764137,0.5478056,-0.11518256
1783532936.5032,18,left_handIndex_2_joint,0.1877986,-0.08461971,0.33763602,0.59530663,-0.5764137,0.5478056,-0.11518256
1783532936.5032,18,left_handIndex_3_joint,0.18087769,-0.10586416,0.3512181,0.59530663,-0.5764137,0.5478056,-0.11518256
1783532936.5032,18,left_handIndexEnd_joint,0.17593415,-0.12103876,0.3609196,0.59530663,-0.5764137,0.5478056,-0.11518256
1783532936.5032,18,left_handMidStart_joint,0.23139529,0.012096457,0.2669876,0.63110864,-0.5671332,0.5064272,-0.15360284
1783532936.5032,18,left_handMid_1_joint,0.21952051,-0.054144613,0.3023341,0.63110864,-0.5671332,0.5064272,-0.15360284
1783532936.5032,18,left_handMid_2_joint,0.21117607,-0.10069241,0.3271722,0.63110864,-0.5671332,0.5064272,-0.15360284
1783532936.5032,18,left_handMid_3_joint,0.20636195,-0.12754689,0.3415019,0.63110864,-0.5671332,0.5064272,-0.15360284
1783532936.5032,18,left_handMidEnd_joint,0.20315255,-0.14544988,0.351055,0.63110864,-0.5671332,0.5064272,-0.15360284
1783532936.5032,18,left_handPinkyStart_joint,0.2522399,0.001272192,0.25224516,0.6610489,-0.5713889,0.43001732,-0.22718875
1783532936.5032,18,left_handPinky_1_joint,0.2507921,-0.05910631,0.27186066,0.6610489,-0.5713889,0.43001732,-0.22718875
1783532936.5032,18,left_handPinky_2_joint,0.24989784,-0.09639891,0.28397608,0.6610489,-0.5713889,0.43001732,-0.22718875
1783532936.5032,18,left_handPinky_3_joint,0.24942943,-0.11593313,0.29032227,0.6610489,-0.5713889,0.43001732,-0.22718875
1783532936.5032,18,left_handPinkyEnd_joint,0.24900359,-0.13369152,0.29609153,0.6610489,-0.5713889,0.43001732,-0.22718875
1783532936.5032,18,left_handRingStart_joint,0.24093793,0.0065986393,0.26029333,0.6469041,-0.56969386,0.46943644,-0.19129573
1783532936.5032,18,left_handRing_1_joint,0.23466226,-0.057432618,0.28749356,0.6469041,-0.56969386,0.46943644,-0.19129573
1783532936.5032,18,left_handRing_2_joint,0.23023239,-0.102631144,0.30669373,0.6469041,-0.56969386,0.46943644,-0.19129573
1783532936.5032,18,left_handRing_3_joint,0.22746372,-0.13088022,0.31869382,0.6469041,-0.56969386,0.46943644,-0.19129573
1783532936.5032,18,left_handRingEnd_joint,0.22561795,-0.14971295,0.32669386,0.6469041,-0.56969386,0.46943644,-0.19129573
1783532936.5032,18,left_handThumbStart_joint,0.21349634,0.017234875,0.26331255,0.23431352,-0.067780316,0.9355827,-0.2553203
1783532936.5032,18,left_handThumb_1_joint,0.17269851,-0.010126506,0.28499573,0.23431352,-0.067780316,0.9355827,-0.2553203
1783532936.5032,18,left_handThumb_2_joint,0.14353594,-0.029682003,0.30049506,0.23431352,-0.0677803,0.9355827,-0.2553203
1783532936.5032,18,left_handThumbEnd_joint,0.124094225,-0.04271901,0.3108279,0.23431352,-0.06778027,0.9355827,-0.2553203
1783532936.5032,18,neck_1_joint,-0.0063234484,0.57514864,0.0975943,0.60692334,0.34942657,0.6222303,0.3498212
1783532936.5032,18,neck_2_joint,-0.006879617,0.6009333,0.112918854,0.60178953,0.35942924,0.61384803,0.36311287
1783532936.5032,18,neck_3_joint,-0.0073595247,0.6360691,0.13203037,0.586852,0.38165805,0.601916,0.38423875
1783532936.5032,18,neck_4_joint,-0.0079967845,0.6724896,0.1485574,0.569593,0.4044729,0.59082156,0.40360367
1783532936.5032,18,head_joint,-0.009147411,0.71576476,0.16512677,0.5133625,0.4718237,0.5425852,0.46844772
1783532936.5032,18,jaw_joint,-0.008416158,0.6903659,0.16721575,0.5133625,0.4718237,0.5425852,0.46844772
1783532936.5032,18,chin_joint,-0.009105789,0.629139,0.2607615,0.5133625,0.4718237,0.5425852,0.46844772
1783532936.5032,18,left_eye_joint,0.019931154,0.7391059,0.25576943,0.5174579,0.46732852,0.54665005,0.46369785
1783532936.5032,18,left_eyeLowerLid_joint,0.019931154,0.7391059,0.25576943,0.5174579,0.46732852,0.54665005,0.46369785
1783532936.5032,18,left_eyeUpperLid_joint,0.019931154,0.7391059,0.25576943,0.5174579,0.46732852,0.54665005,0.46369785
1783532936.5032,18,left_eyeball_joint,0.019931154,0.7391059,0.25576943,0.5174579,0.46732852,0.54665005,0.46369785
1783532936.5032,18,nose_joint,-0.011777803,0.703018,0.27435413,0.5174602,0.46732575,0.5466525,0.4636949
1783532936.5032,18,right_eye_joint,-0.04464792,0.73709947,0.25398013,0.5174579,0.46732852,0.54665005,0.46369785
1783532936.5032,18,right_eyeLowerLid_joint,-0.04464792,0.73709947,0.25398013,0.5174579,0.46732852,0.54665005,0.46369785
1783532936.5032,18,right_eyeUpperLid_joint,-0.04464792,0.73709947,0.25398013,0.5174579,0.46732852,0.54665005,0.46369785
1783532936.5032,18,right_eyeball_joint,-0.04464792,0.73709947,0.25398013,0.5174579,0.46732852,0.54665005,0.46369785
1783532936.5032,18,right_shoulder_1_joint,-0.09504553,0.55195594,0.09019865,0.7742895,0.16856669,0.03943976,0.6086918
1783532936.5032,18,right_arm_joint,-0.23140042,0.5071282,0.111105286,0.67720497,0.567221,0.27061373,0.38265142
1783532936.5032,18,right_forearm_joint,-0.28727266,0.24769852,0.12907897,0.483099,0.75965357,0.16547287,0.40269166
1783532936.5032,18,right_hand_joint,-0.23129103,0.015302353,0.2501837,0.14347416,0.5071023,0.5893234,0.6123401
1783532936.5032,18,right_handIndexStart_joint,-0.2140702,0.00069630146,0.26796082,0.10301238,0.5476927,0.59820276,0.57582504
1783532936.5032,18,right_handIndex_1_joint,-0.18872195,-0.06369319,0.30871862,0.10301238,0.5476927,0.59820276,0.57582504
1783532936.5032,18,right_handIndex_2_joint,-0.17398418,-0.10112919,0.33241463,0.10301238,0.5476927,0.59820276,0.57582504
1783532936.5032,18,right_handIndex_3_joint,-0.16573149,-0.12209349,0.34568518,0.10301238,0.5476927,0.59820276,0.57582504
1783532936.5032,18,right_handIndexEnd_joint,-0.15983671,-0.13706772,0.35516405,0.10301238,0.5476927,0.59820276,0.57582504
1783532936.5032,18,right_handMidStart_joint,-0.22364467,-0.0063120862,0.26320845,0.14293076,0.50762427,0.58970046,0.61167127
1783532936.5032,18,right_handMid_1_joint,-0.2076162,-0.072180845,0.29759973,0.14293076,0.50762427,0.58970046,0.61167127
1783532936.5032,18,right_handMid_2_joint,-0.1963533,-0.11846632,0.32176676,0.14293076,0.50762427,0.58970046,0.61167127
1783532936.5032,18,right_handMid_3_joint,-0.18985525,-0.14516966,0.33570918,0.14293076,0.50762427,0.58970046,0.61167127
1783532936.5032,18,right_handMidEnd_joint,-0.18552351,-0.16297151,0.3450042,0.14293076,0.50762427,0.58970046,0.61167127
1783532936.5032,18,right_handPinkyStart_joint,-0.24382015,-0.01819616,0.24835162,0.21905151,0.43352568,0.59426343,0.6410327
1783532936.5032,18,right_handPinky_1_joint,-0.23860124,-0.07863695,0.26711348,0.21905151,0.43352568,0.59426343,0.6410327
1783532936.5032,18,right_handPinky_2_joint,-0.23537797,-0.115968674,0.27870244,0.21905151,0.43352568,0.59426343,0.6410327
1783532936.5032,18,right_handPinky_3_joint,-0.23368925,-0.13552317,0.28477204,0.21905151,0.43352568,0.59426343,0.6410327
1783532936.5032,18,right_handPinkyEnd_joint,-0.23215437,-0.1532998,0.29029015,0.21905151,0.43352568,0.59426343,0.6410327
1783532936.5032,18,right_handRingStart_joint,-0.23284735,-0.012295172,0.25645444,0.1818594,0.47181422,0.5924475,0.62715584
1783532936.5032,18,right_handRing_1_joint,-0.222565,-0.07618953,0.2827409,0.1818594,0.47181422,0.5924475,0.62715584
1783532936.5032,18,right_handRing_2_joint,-0.21530682,-0.12129108,0.30129567,0.1818594,0.47181422,0.5924475,0.62715584
1783532936.5032,18,right_handRing_3_joint,-0.21077067,-0.14947987,0.31289297,0.1818594,0.47181422,0.5924475,0.62715584
1783532936.5032,18,right_handRingEnd_joint,-0.20774595,-0.16827294,0.32062387,0.1818594,0.47181422,0.5924475,0.62715584
1783532936.5032,18,right_handThumbStart_joint,-0.20610625,-2.9057264e-05,0.25957546,0.22803874,0.94276994,0.08124945,0.22930673
1783532936.5032,18,right_handThumb_1_joint,-0.16364269,-0.02512083,0.28080112,0.22803874,0.94276994,0.08124944,0.22930673
1783532936.5032,18,right_handThumb_2_joint,-0.13328993,-0.04305373,0.29597378,0.22803874,0.94276994,0.08124942,0.22930673
1783532936.5032,18,right_handThumbEnd_joint,-0.11305476,-0.055009335,0.30608815,0.22803871,0.94277,0.08124939,0.2293067
1783532936.5032,18,camera,0.108602464,0.071325645,-0.033568338,-0.079584785,-0.07770062,-0.7002459,0.705184
1783532936.5366,19,root,-1.7087512e-05,0.022045327,-0.0044350876,-0.080583096,-0.0029625136,-0.0053671347,0.9967291
1783532936.5366,19,hips_joint,-1.7087512e-05,0.022045327,-0.0044350876,-0.080583096,-0.0029625136,-0.0053671347,0.9967291
1783532936.5366,19,left_upLeg_joint,0.10023134,-0.003480997,0.0012032795,0.6236012,-0.34226385,0.61512536,-0.33999714
1783532936.5366,19,left_leg_joint,0.10400133,-0.3593761,0.22625999,-0.25831842,0.6567927,-0.32165262,0.63121694
1783532936.5366,19,left_foot_joint,0.072138995,-0.70024717,-0.07692516,0.6083844,-0.35773247,0.64247125,-0.29854128
1783532936.5366,19,left_toes_joint,0.059995305,-0.82228726,0.007746248,0.66516006,-0.235938,0.68740976,-0.17135848
1783532936.5366,19,left_toesEnd_joint,0.056574564,-0.85561776,0.058313496,0.6651601,-0.23593779,0.6874097,-0.1713587
1783532936.5366,19,right_upLeg_joint,-0.10083348,-0.0014208412,-0.00015843898,0.33368376,0.6024973,0.38510123,0.6142877
1783532936.5366,19,right_leg_joint,-0.09131184,-0.36996704,0.20331767,0.61504185,0.3197608,0.65718657,0.2959431
1783532936.5366,19,right_foot_joint,-0.060084887,-0.72772354,-0.07981571,0.286975,0.6310055,0.3348397,0.6382474
1783532936.5366,19,right_toes_joint,-0.05701912,-0.845397,0.011584577,0.16217566,0.6739598,0.2077994,0.6901425
1783532936.5366,19,right_toesEnd_joint,-0.05733426,-0.87605584,0.06392532,0.16217613,0.67395985,0.20779894,0.6901424
1783532936.5366,19,spine_1_joint,-1.710729e-05,0.022045327,-0.0044350876,0.457342,0.538427,0.4586271,0.53906953
1783532936.5366,19,spine_2_joint,-4.50118e-05,0.078847386,-0.013701126,0.4697468,0.5289353,0.4713573,0.5266765
1783532936.5366,19,spine_3_joint,-0.00026948287,0.13602252,-0.020280484,0.4961382,0.5017032,0.5003348,0.50180304
1783532936.5366,19,spine_4_joint,-0.00048603848,0.189075,-0.020654099,0.53191483,0.46076408,0.53735214,0.46477523
1783532936.5366,19,spine_5_joint,-0.0006332381,0.2588418,-0.010774178,0.57447994,0.40380943,0.58112055,0.4113515
1783532936.5366,19,spine_6_joint,-0.00078112434,0.34705928,0.021224912,0.58133835,0.38862735,0.5967483,0.3935813
1783532936.5366,19,spine_7_joint,-0.0023190386,0.4454674,0.06343595,0.55980116,0.41719672,0.5829563,0.41561043
1783532936.5366,19,left_shoulder_1_joint,0.0839837,0.55574685,0.094993874,-0.616554,-0.009251506,-0.14289136,0.7741822
1783532936.5366,19,left_arm_joint,0.2230854,0.5253096,0.12262951,-0.36231023,0.2769724,-0.55894256,0.6925327
1783532936.5366,19,left_forearm_joint,0.28206503,0.26600698,0.12832057,0.41026106,-0.14672752,0.74890006,-0.49930575
1783532936.5366,19,left_hand_joint,0.23791403,0.033340894,0.25372142,0.62813884,-0.56788224,0.5097946,-0.15186082
1783532936.5366,19,left_handIndexStart_joint,0.22019088,0.018429961,0.27259097,0.5935573,-0.5769092,0.54919654,-0.11510715
1783532936.5366,19,left_handIndex_1_joint,0.19859688,-0.04672519,0.3142839,0.5935573,-0.5769092,0.54919654,-0.11510715
1783532936.5366,19,left_handIndex_2_joint,0.1860422,-0.084606096,0.33852398,0.5935573,-0.5769092,0.54919654,-0.11510715
1783532936.5366,19,left_handIndex_3_joint,0.17901161,-0.1058194,0.3520984,0.5935573,-0.5769092,0.54919654,-0.11510715
1783532936.5366,19,left_handIndexEnd_joint,0.17398974,-0.120971754,0.36179447,0.5935573,-0.5769092,0.54919654,-0.11510715
1783532936.5366,19,left_handMidStart_joint,0.23016776,0.011925311,0.2679512,0.62945724,-0.5676335,0.5079331,-0.15356064
1783532936.5366,19,left_handMid_1_joint,0.21797447,-0.054253142,0.30330664,0.62945724,-0.5676335,0.5079331,-0.15356064
1783532936.5366,19,left_handMid_2_joint,0.2094062,-0.10075693,0.32815096,0.62945724,-0.5676335,0.5079331,-0.15356064
1783532936.5366,19,left_handMid_3_joint,0.20446296,-0.12758604,0.34248424,0.62945724,-0.5676335,0.5079331,-0.15356064
1783532936.5366,19,left_handMidEnd_joint,0.20116748,-0.14547211,0.35203975,0.62945724,-0.5676335,0.5079331,-0.15356064
1783532936.5366,19,left_handPinkyStart_joint,0.25102928,0.0010272932,0.25328717,0.6595473,-0.5718387,0.4316861,-0.22725734
1783532936.5366,19,left_handPinky_1_joint,0.24933355,-0.059331816,0.2729425,0.6595473,-0.5718387,0.4316861,-0.22725734
1783532936.5366,19,left_handPinky_2_joint,0.24828617,-0.09661245,0.28508255,0.6595473,-0.5718387,0.4316861,-0.22725734
1783532936.5366,19,left_handPinky_3_joint,0.24773754,-0.1161404,0.29144162,0.6595473,-0.5718387,0.4316861,-0.22725734
1783532936.5366,19,left_handPinkyEnd_joint,0.24723879,-0.13389307,0.2972226,0.6595473,-0.5718387,0.4316861,-0.22725734
1783532936.5366,19,left_handRingStart_joint,0.23971634,0.006393771,0.26129323,0.64532524,-0.570168,0.4710266,-0.19130749
1783532936.5366,19,left_handRing_1_joint,0.23315623,-0.057597835,0.28851965,0.64532524,-0.570168,0.4710266,-0.19130749
1783532936.5366,19,left_handRing_2_joint,0.22852558,-0.102768384,0.3077383,0.64532524,-0.570168,0.4710266,-0.19130749
1783532936.5366,19,left_handRing_3_joint,0.22563142,-0.13099997,0.31974998,0.64532524,-0.570168,0.4710266,-0.19130749
1783532936.5366,19,left_handRingEnd_joint,0.22370198,-0.14982103,0.32775775,0.64532524,-0.570168,0.4710266,-0.19130749
1783532936.5366,19,left_handThumbStart_joint,0.21229686,0.017114788,0.26421198,0.23272914,-0.06735266,0.9363849,-0.25393853
1783532936.5366,19,left_handThumb_1_joint,0.17134397,-0.010107416,0.28577775,0.23272914,-0.06735266,0.9363849,-0.25393853
1783532936.5366,19,left_handThumb_2_joint,0.14207056,-0.02956343,0.30119312,0.23272914,-0.067352645,0.9363849,-0.25393853
1783532936.5366,19,left_handThumbEnd_joint,0.12255495,-0.042534113,0.31147003,0.23272912,-0.067352615,0.9363849,-0.25393853
1783532936.5366,19,neck_1_joint,-0.00591502,0.5750603,0.098060206,0.6070195,0.34827664,0.6227872,0.3498102
1783532936.5366,19,neck_2_joint,-0.006464651,0.6008164,0.113432996,0.6019093,0.358281,0.6144039,0.36310905
1783532936.5366,19,neck_3_joint,-0.0069332486,0.6359163,0.13261062,0.5870117,0.38051468,0.60247177,0.38425788
1783532936.5366,19,neck_4_joint,-0.007554343,0.67230594,0.149206,0.56979066,0.40333602,0.5913771,0.4036486
1783532936.5366,19,head_joint,-0.008681595,0.7155507,0.16585608,0.51369005,0.4707185,0.54313236,0.4685661
1783532936.5366,19,jaw_joint,-0.007980061,0.6901472,0.16789772,0.51369005,0.4707185,0.54313236,0.4685661
1783532936.5366,19,chin_joint,-0.008861194,0.6287435,0.26132584,0.51369005,0.4707185,0.54313236,0.4685661
1783532936.5366,19,left_eye_joint,0.02029888,0.7386887,0.25658217,0.51777583,0.46622062,0.5471982,0.4638115
1783532936.5366,19,left_eyeLowerLid_joint,0.02029888,0.7386887,0.25658217,0.51777583,0.46622062,0.5471982,0.4638115
1783532936.5366,19,left_eyeUpperLid_joint,0.02029888,0.7386887,0.25658217,0.51777583,0.46622062,0.5471982,0.4638115
1783532936.5366,19,left_eyeball_joint,0.02029888,0.7386887,0.25658217,0.51777583,0.46622062,0.5471982,0.4638115
1783532936.5366,19,nose_joint,-0.0114734005,0.70259935,0.27505532,0.5177783,0.46621782,0.5472006,0.46380857
1783532936.5366,19,right_eye_joint,-0.044279795,0.7367543,0.2547017,0.51777583,0.46622062,0.5471982,0.4638115
1783532936.5366,19,right_eyeLowerLid_joint,-0.044279795,0.7367543,0.2547017,0.51777583,0.46622062,0.5471982,0.4638115
1783532936.5366,19,right_eyeUpperLid_joint,-0.044279795,0.7367543,0.2547017,0.51777583,0.46622062,0.5471982,0.4638115
1783532936.5366,19,right_eyeball_joint,-0.044279795,0.7367543,0.2547017,0.51777583,0.46622062,0.5471982,0.4638115
1783532936.5366,19,right_shoulder_1_joint,-0.094651535,0.5519759,0.090500526,0.77469474,0.16803676,0.039907135,0.60829246
1783532936.5366,19,right_arm_joint,-0.23104739,0.50716954,0.11118444,0.67725396,0.5668997,0.2710908,0.38270375
1783532936.5366,19,right_forearm_joint,-0.28697604,0.24773614,0.12892957,0.4827062,0.7598034,0.16586582,0.40271908
1783532936.5366,19,right_hand_joint,-0.23080249,0.015373897,0.25001097,0.14314395,0.5069857,0.5897276,0.6121254
1783532936.5366,19,right_handIndexStart_joint,-0.21357399,0.000782274,0.26779255,0.1026552,0.54756194,0.5985833,0.57561857
1783532936.5366,19,right_handIndex_1_joint,-0.18817568,-0.06358898,0.30854815,0.1026552,0.54756194,0.5985833,0.57561857
1783532936.5366,19,right_handIndex_2_joint,-0.17340879,-0.101014376,0.33224285,0.1026552,0.54756194,0.5985833,0.57561857
1783532936.5366,19,right_handIndex_3_joint,-0.16513978,-0.12197275,0.3455127,0.1026552,0.54756194,0.5985833,0.57561857
1783532936.5366,19,right_handIndexEnd_joint,-0.15923336,-0.13694274,0.35499102,0.1026552,0.54756194,0.5985833,0.57561857
1783532936.5366,19,right_handMidStart_joint,-0.22313905,-0.006235187,0.26303458,0.1426001,0.5075074,0.59010416,0.6114566
1783532936.5366,19,right_handMid_1_joint,-0.20705622,-0.07209417,0.29741934,0.1426001,0.5075074,0.59010416,0.6114566
1783532936.5366,19,right_handMid_2_joint,-0.19575514,-0.11837278,0.32158178,0.1426001,0.5075074,0.59010416,0.6114566
1783532936.5366,19,right_handMid_3_joint,-0.18923505,-0.14507216,0.33552155,0.1426001,0.5075074,0.59010416,0.6114566
1783532936.5366,19,right_handMidEnd_joint,-0.18488863,-0.16287139,0.34481478,0.1426001,0.5075074,0.59010416,0.6114566
1783532936.5366,19,right_handPinkyStart_joint,-0.24329567,-0.018137386,0.24816667,0.2187618,0.43344197,0.5946914,0.6407918
1783532936.5366,19,right_handPinky_1_joint,-0.23802139,-0.078576535,0.26691845,0.2187618,0.43344197,0.5946914,0.6407918
1783532936.5366,19,right_handPinky_2_joint,-0.23476392,-0.115907244,0.27850115,0.2187618,0.43344197,0.5946914,0.6407918
1783532936.5366,19,right_handPinky_3_joint,-0.23305726,-0.1354612,0.2845675,0.2187618,0.43344197,0.5946914,0.6407918
1783532936.5366,19,right_handPinkyEnd_joint,-0.2315061,-0.15323734,0.29008263,0.2187618,0.43344197,0.5946914,0.6407918
1783532936.5366,19,right_handRingStart_joint,-0.23233254,-0.012226545,0.25627542,0.18154855,0.4717142,0.59286416,0.62692803
1783532936.5366,19,right_handRing_1_joint,-0.22199443,-0.07611552,0.28255326,0.18154855,0.4717142,0.59286416,0.62692803
1783532936.5366,19,right_handRing_2_joint,-0.21469688,-0.12121325,0.30110195,0.18154855,0.4717142,0.59286416,0.62692803
1783532936.5366,19,right_handRing_3_joint,-0.21013612,-0.14939965,0.31269547,0.18154855,0.4717142,0.59286416,0.62692803
1783532936.5366,19,right_handRingEnd_joint,-0.20709498,-0.16819116,0.32042384,0.18154855,0.4717142,0.59286416,0.62692803
1783532936.5366,19,right_handThumbStart_joint,-0.20560566,6.699443e-05,0.25941044,0.2275502,0.94283205,0.081515275,0.22944377
1783532936.5366,19,right_handThumb_1_joint,-0.16312486,-0.024984578,0.28064924,0.2275502,0.94283205,0.08151527,0.22944377
1783532936.5366,19,right_handThumb_2_joint,-0.1327598,-0.042888742,0.29583132,0.2275502,0.94283205,0.081515245,0.22944377
1783532936.5366,19,right_handThumbEnd_joint,-0.11251639,-0.054825187,0.30595198,0.22755021,0.94283205,0.08151522,0.22944377
1783532936.5366,19,camera,0.108478986,0.07154913,-0.033532016,-0.079813465,-0.077018544,-0.7002876,0.7051916
1783532936.5698,20,root,-3.3389046e-05,0.021964392,-0.004592708,-0.0813904,-0.0029538786,-0.005441736,0.9966631
1783532936.5698,20,hips_joint,-3.3389046e-05,0.021964392,-0.004592708,-0.0813904,-0.0029538786,-0.005441736,0.9966631
1783532936.5698,20,left_upLeg_joint,0.10021115,-0.0035683678,0.0010856524,0.6237586,-0.34189102,0.61507815,-0.34016812
1783532936.5698,20,left_leg_joint,0.10424466,-0.35938814,0.22625661,-0.25974348,0.6559478,-0.32222873,0.6312166
1783532936.5698,20,left_foot_joint,0.073057376,-0.7012471,-0.07588442,0.6089852,-0.35618854,0.6429246,-0.29818562
1783532936.5698,20,left_toes_joint,0.06106856,-0.82304317,0.009159469,0.6654572,-0.23430815,0.6877875,-0.17092335
1783532936.5698,20,left_toesEnd_joint,0.057677798,-0.85622203,0.059828248,0.66545725,-0.23430797,0.6877875,-0.17092356
1783532936.5698,20,right_upLeg_joint,-0.100853376,-0.0014791321,-0.00027671843,0.3311612,0.60389644,0.38334352,0.6153771
1783532936.5698,20,right_leg_joint,-0.09104766,-0.36857796,0.20578565,0.6134593,0.3224272,0.65656114,0.29771718
1783532936.5698,20,right_foot_joint,-0.059006147,-0.72826385,-0.07480066,0.2840849,0.6321286,0.33325323,0.63925827
1783532936.5698,20,right_toes_joint,-0.055833444,-0.84528744,0.01742651,0.15912506,0.67451483,0.20605014,0.69083434
1783532936.5698,20,right_toesEnd_joint,-0.05614561,-0.87557834,0.06998101,0.15912552,0.6745149,0.20604967,0.6908343
1783532936.5698,20,spine_1_joint,-3.340882e-05,0.021964392,-0.004592708,0.45727006,0.53839517,0.45842,0.5393383
1783532936.5698,20,spine_2_joint,-3.5511675e-05,0.078761645,-0.013888114,0.4699109,0.5286011,0.47138032,0.5268444
1783532936.5698,20,spine_3_joint,-0.00022182624,0.13593921,-0.020447273,0.49643895,0.50111705,0.50054955,0.5018766
1783532936.5698,20,spine_4_joint,-0.0003988234,0.18899216,-0.020766303,0.5322184,0.45999965,0.53769994,0.46478203
1783532936.5698,20,spine_5_joint,-0.0004993264,0.25874498,-0.010787645,0.57464266,0.40294564,0.5815538,0.41135806
1783532936.5698,20,spine_6_joint,-0.0006116311,0.34691504,0.021341814,0.58131254,0.3878006,0.59723884,0.39368987
1783532936.5698,20,spine_7_joint,-0.002138559,0.4452725,0.06367092,0.559517,0.41655952,0.58344615,0.41594368
1783532936.5698,20,left_shoulder_1_joint,0.0841613,0.55549514,0.09543424,-0.6170683,-0.010644316,-0.14358445,0.77362573
1783532936.5698,20,left_arm_joint,0.22319736,0.52517617,0.12352636,-0.36286658,0.27438468,-0.55975735,0.69261277
1783532936.5698,20,left_forearm_joint,0.282451,0.265967,0.13048185,0.40987852,-0.14362466,0.75070345,-0.49781084
1783532936.5698,20,left_hand_joint,0.2373336,0.03413151,0.25707066,0.626934,-0.56648934,0.51310194,-0.15089713
1783532936.5698,20,left_handIndexStart_joint,0.21949774,0.019362776,0.27594572,0.592142,-0.5754563,0.55241966,-0.11423755
1783532936.5698,20,left_handIndex_1_joint,0.19760224,-0.045505483,0.31792763,0.592142,-0.5754563,0.55241966,-0.11423755
1783532936.5698,20,left_handIndex_2_joint,0.18487231,-0.08321958,0.3423357,0.592142,-0.5754563,0.55241966,-0.11423755
1783532936.5698,20,left_handIndex_3_joint,0.17774357,-0.10433948,0.3560042,0.592142,-0.5754563,0.55241966,-0.11423755
1783532936.5698,20,left_handIndexEnd_joint,0.17265159,-0.119425125,0.36576742,0.592142,-0.5754563,0.55241966,-0.11423755
1783532936.5698,20,left_handMidStart_joint,0.2294858,0.012814424,0.27139235,0.62826204,-0.5662431,0.5112441,-0.15259388
1783532936.5698,20,left_handMid_1_joint,0.21701908,-0.05313026,0.30708742,0.62826204,-0.5662431,0.5112441,-0.15259388
1783532936.5698,20,left_handMid_2_joint,0.20825869,-0.09946977,0.33217043,0.62826204,-0.5662431,0.5112441,-0.15259388
1783532936.5698,20,left_handMid_3_joint,0.2032046,-0.1262041,0.34664142,0.62826204,-0.5662431,0.5112441,-0.15259388
1783532936.5698,20,left_handMidEnd_joint,0.19983523,-0.144027,0.35628876,0.62826204,-0.5662431,0.5112441,-0.15259388
1783532936.5698,20,left_handPinkyStart_joint,0.25039843,0.0017950725,0.25689274,0.65875006,-0.5705284,0.43514052,-0.22627048
1783532936.5698,20,left_handPinky_1_joint,0.24851245,-0.05844169,0.27690268,0.65875006,-0.5705284,0.43514052,-0.22627048
1783532936.5698,20,left_handPinky_2_joint,0.24734758,-0.095646754,0.28926173,0.65875006,-0.5705284,0.43514052,-0.22627048
1783532936.5698,20,left_handPinky_3_joint,0.2467374,-0.11513511,0.29573554,0.65875006,-0.5705284,0.43514052,-0.22627048
1783532936.5698,20,left_handPinkyEnd_joint,0.24618271,-0.13285181,0.3016208,0.65875006,-0.5705284,0.43514052,-0.22627048
1783532936.5698,20,left_handRingStart_joint,0.2390566,0.007227683,0.26481292,0.6443285,-0.56881267,0.4744133,-0.19032826
1783532936.5698,20,left_handRing_1_joint,0.23226482,-0.056588154,0.29239264,0.6443285,-0.56881267,0.4744133,-0.19032826
1783532936.5698,20,left_handRing_2_joint,0.22747062,-0.10163462,0.31186068,0.6443285,-0.56881267,0.4744133,-0.19032826
1783532936.5698,20,left_handRing_3_joint,0.22447425,-0.12978867,0.3240282,0.6443285,-0.56881267,0.4744133,-0.19032826
1783532936.5698,20,left_handRingEnd_joint,0.22247666,-0.14855802,0.33213988,0.6443285,-0.56881267,0.4744133,-0.19032826
1783532936.5698,20,left_handThumbStart_joint,0.21164112,0.01800972,0.2675377,0.2312314,-0.064121604,0.93733245,-0.25264257
1783532936.5698,20,left_handThumb_1_joint,0.17054321,-0.009016808,0.28907344,0.2312314,-0.064121604,0.93733245,-0.25264257
1783532936.5698,20,left_handThumb_2_joint,0.14116614,-0.028332952,0.30446735,0.2312314,-0.06412159,0.93733245,-0.25264257
1783532936.5698,20,left_handThumbEnd_joint,0.12158142,-0.041210387,0.31472996,0.2312314,-0.06412155,0.93733245,-0.25264254
1783532936.5698,20,neck_1_joint,-0.0057335584,0.57484823,0.098359354,0.60666823,0.3476734,0.6233131,0.3500818
1783532936.5698,20,neck_2_joint,-0.006297316,0.60059625,0.11374516,0.601571,0.35766995,0.6149252,0.36338857
1783532936.5698,20,neck_3_joint,-0.006782173,0.63568586,0.13294101,0.5866945,0.3798925,0.6029816,0.38455746
1783532936.5698,20,neck_4_joint,-0.0074145836,0.6720668,0.14955504,0.56949323,0.40270448,0.5918742,0.40396962
1783532936.5698,20,head_joint,-0.008550105,0.715303,0.16622666,0.5134665,0.47005805,0.5435856,0.46894795
1783532936.5698,20,jaw_joint,-0.007863655,0.6898981,0.1682557,0.5134665,0.47005805,0.5435856,0.46894795
1783532936.5698,20,chin_joint,-0.008930525,0.6284442,0.26164886,0.5134665,0.47005805,0.5435856,0.46894795
1783532936.5698,20,left_eye_joint,0.020287862,0.7383786,0.257014,0.5175465,0.46556213,0.54765475,0.46418944
1783532936.5698,20,left_eyeLowerLid_joint,0.020287862,0.7383786,0.257014,0.5175465,0.46556213,0.54765475,0.46418944
1783532936.5698,20,left_eyeUpperLid_joint,0.020287862,0.7383786,0.257014,0.5175465,0.46556213,0.54765475,0.46418944
1783532936.5698,20,left_eyeball_joint,0.020287862,0.7383786,0.257014,0.5175465,0.46556213,0.54765475,0.46418944
1783532936.5698,20,nose_joint,-0.011532052,0.70229375,0.27541393,0.5175489,0.4655594,0.5476572,0.46418655
1783532936.5698,20,right_eye_joint,-0.044288397,0.73647475,0.25502354,0.5175465,0.46556213,0.54765475,0.46418944
1783532936.5698,20,right_eyeLowerLid_joint,-0.044288397,0.73647475,0.25502354,0.5175465,0.46556213,0.54765475,0.46418944
1783532936.5698,20,right_eyeUpperLid_joint,-0.044288397,0.73647475,0.25502354,0.5175465,0.46556213,0.54765475,0.46418944
1783532936.5698,20,right_eyeball_joint,-0.044288397,0.73647475,0.25502354,0.5175465,0.46556213,0.54765475,0.46418944
1783532936.5698,20,right_shoulder_1_joint,-0.09446769,0.5518086,0.090637416,0.7745016,0.16747144,0.040046267,0.6086841
1783532936.5698,20,right_arm_joint,-0.23091535,0.5071095,0.111211576,0.67706424,0.5666919,0.27059898,0.38369262
1783532936.5698,20,right_forearm_joint,-0.28711092,0.24776596,0.12941708,0.4820557,0.7600278,0.16497034,0.40344086
1783532936.5698,20,right_hand_joint,-0.23091346,0.015740031,0.2511301,0.14219004,0.5077035,0.58914715,0.6123107
1783532936.5698,20,right_handIndexStart_joint,-0.2136862,0.0011999094,0.26895493,0.101743735,0.5482913,0.59793913,0.5757545
1783532936.5698,20,right_handIndex_1_joint,-0.1882832,-0.0630566,0.3098881,0.101743735,0.5482913,0.59793913,0.5757545
1783532936.5698,20,right_handIndex_2_joint,-0.17351362,-0.1004153,0.33368605,0.101743735,0.5482913,0.59793913,0.5757545
1783532936.5698,20,right_handIndex_3_joint,-0.1652431,-0.1213363,0.34701368,0.101743735,0.5482913,0.59793913,0.5757545
1783532936.5698,20,right_handIndexEnd_joint,-0.1593356,-0.13627961,0.35653335,0.101743735,0.5482913,0.59793913,0.5757545
1783532936.5698,20,right_handMidStart_joint,-0.22324829,-0.0058324956,0.2642131,0.14164698,0.50822574,0.58952296,0.61164117
1783532936.5698,20,right_handMid_1_joint,-0.2071587,-0.07159592,0.29877692,0.14164698,0.50822574,0.58952296,0.61164117
1783532936.5698,20,right_handMid_2_joint,-0.19585285,-0.11780739,0.3230652,0.14164698,0.50822574,0.58952296,0.61164117
1783532936.5698,20,right_handMid_3_joint,-0.18933003,-0.14446804,0.33707753,0.14164698,0.50822574,0.58952296,0.61164117
1783532936.5698,20,right_handMidEnd_joint,-0.18498176,-0.16224143,0.3464192,0.14164698,0.50822574,0.58952296,0.61164117
1783532936.5698,20,right_handPinkyStart_joint,-0.243398,-0.017779054,0.24937142,0.21777804,0.4341719,0.59422237,0.6410671
1783532936.5698,20,right_handPinky_1_joint,-0.23811406,-0.07816684,0.26828507,0.21777804,0.4341719,0.59422237,0.6410671
1783532936.5698,20,right_handPinky_2_joint,-0.23485065,-0.11546583,0.27996773,0.21777804,0.4341719,0.59422237,0.6410671
1783532936.5698,20,right_handPinky_3_joint,-0.23314089,-0.13500318,0.2860864,0.21777804,0.4341719,0.59422237,0.6410671
1783532936.5698,20,right_handPinkyEnd_joint,-0.23158689,-0.15276422,0.29164916,0.21777804,0.4341719,0.59422237,0.6410671
1783532936.5698,20,right_handRingStart_joint,-0.23243849,-0.011844027,0.2574674,0.18057884,0.47243893,0.59233767,0.6271592
1783532936.5698,20,right_handRing_1_joint,-0.2220919,-0.0756604,0.28391755,0.18057884,0.47243893,0.59233767,0.6271592
1783532936.5698,20,right_handRing_2_joint,-0.21478838,-0.12070688,0.3025879,0.18057884,0.47243893,0.59233767,0.6271592
1783532936.5698,20,right_handRing_3_joint,-0.21022388,-0.14886126,0.3142574,0.18057884,0.47243893,0.59233767,0.6271592
1783532936.5698,20,right_handRingEnd_joint,-0.20718026,-0.16763139,0.32203647,0.18057884,0.47243893,0.59233767,0.6271592
1783532936.5698,20,right_handThumbStart_joint,-0.20571546,0.00046430944,0.2605769,0.22711922,0.9429362,0.08032162,0.22986184
1783532936.5698,20,right_handThumb_1_joint,-0.16323434,-0.024520364,0.28189352,0.22711922,0.9429362,0.08032161,0.22986184
1783532936.5698,20,right_handThumb_2_joint,-0.13286905,-0.04237671,0.2971312,0.22711922,0.9429362,0.08032159,0.22986184
1783532936.5698,20,right_handThumbEnd_joint,-0.1126255,-0.054281276,0.30728891,0.22711922,0.9429362,0.080321565,0.22986184
1783532936.5698,20,camera,0.108403325,0.071866915,-0.03361871,-0.07986493,-0.07731417,-0.70040715,0.7050347
1783532936.6038,21,root,3.3698194e-05,0.022421973,-0.0043455297,-0.08378059,-0.0026040908,-0.0057333778,0.9964644
1783532936.6038,21,hips_joint,3.3698194e-05,0.022421973,-0.0043455297,-0.08378059,-0.0026040908,-0.0057333778,0.9964644
1783532936.6038,21,left_upLeg_joint,0.10026537,-0.0031490612,0.0013876355,0.62603676,-0.33922082,0.61603236,-0.33691442
1783532936.6038,21,left_leg_joint,0.10484137,-0.35680217,0.22993636,-0.25841862,0.65741885,-0.32101074,0.6308506
1783532936.6038,21,left_foot_joint,0.07260358,-0.69740325,-0.07351221,0.6088494,-0.35816357,0.6417401,-0.29864866
1783532936.6038,21,left_toes_joint,0.06064781,-0.8195267,0.011065731,0.66569823,-0.2362731,0.6867122,-0.17160249
1783532936.6038,21,left_toesEnd_joint,0.05732417,-0.8529054,0.06160757,0.6656984,-0.2362729,0.68671215,-0.17160273
1783532936.6038,21,right_upLeg_joint,-0.10079862,-0.00093444344,0.00015059381,0.32849935,0.6057538,0.38058066,0.6166918
1783532936.6038,21,right_leg_joint,-0.09087828,-0.36618286,0.20947003,0.6149585,0.3199932,0.65790755,0.29425788
1783532936.6038,21,right_foot_joint,-0.058648203,-0.7232269,-0.07444908,0.2867662,0.6311372,0.33644643,0.6373654
1783532936.6038,21,right_toes_joint,-0.05521143,-0.8410896,0.01669384,0.16194566,0.6740495,0.2095442,0.68958104
1783532936.6038,21,right_toesEnd_joint,-0.055423558,-0.87186325,0.06896769,0.16194612,0.6740495,0.20954369,0.689581
1783532936.6038,21,spine_1_joint,3.3678418e-05,0.022421973,-0.0043455297,0.45682725,0.5390476,0.45708856,0.5401914
1783532936.6038,21,spine_2_joint,9.097994e-05,0.07918832,-0.013827755,0.46997544,0.5288009,0.470388,0.52747303
1783532936.6038,21,spine_3_joint,-1.2069335e-05,0.13635448,-0.020487474,0.49697682,0.50083125,0.4999633,0.50221384
1783532936.6038,21,spine_4_joint,-9.64552e-05,0.18940763,-0.020811548,0.533136,0.4591852,0.537533,0.46472913
1783532936.6038,21,spine_5_joint,-6.6199886e-05,0.25914416,-0.01071907,0.57571626,0.4016646,0.58171856,0.41087693
1783532936.6038,21,spine_6_joint,-2.112924e-05,0.3472156,0.021679983,0.58236074,0.38637787,0.5976005,0.39299113
1783532936.6038,21,spine_7_joint,-0.0014049583,0.44542134,0.064365044,0.56034863,0.41537398,0.5839962,0.4152381
1783532936.6038,21,left_shoulder_1_joint,0.0849748,0.5554741,0.09649812,-0.61643314,-0.012116761,-0.14339118,0.7741464
1783532936.6038,21,left_arm_joint,0.22401723,0.5254382,0.12486149,-0.36248937,0.2727654,-0.55951536,0.69364506
1783532936.6038,21,left_forearm_joint,0.2838863,0.26637825,0.13210483,0.40855438,-0.14181377,0.7522189,-0.49713114
1783532936.6038,21,left_hand_joint,0.23782516,0.03491087,0.2590275,0.6254671,-0.5659553,0.5154023,-0.15115117
1783532936.6038,21,left_handIndexStart_joint,0.21987705,0.020212743,0.2778513,0.5905298,-0.5749392,0.55462056,-0.11452705
1783532936.6038,21,left_handIndex_1_joint,0.19768588,-0.04452361,0.31988165,0.5905298,-0.5749392,0.55462056,-0.11452705
1783532936.6038,21,left_handIndex_2_joint,0.18478404,-0.082161024,0.3443179,0.5905298,-0.5749392,0.55462056,-0.11452705
1783532936.6038,21,left_handIndex_3_joint,0.177559,-0.10323798,0.35800225,0.5905298,-0.5749392,0.55462056,-0.11452705
1783532936.6038,21,left_handIndexEnd_joint,0.17239828,-0.11829295,0.36777675,0.5905298,-0.5749392,0.55462056,-0.11452705
1783532936.6038,21,left_handMidStart_joint,0.22987765,0.013639319,0.27336195,0.62680197,-0.5657081,0.5135486,-0.15284704
1783532936.6038,21,left_handMid_1_joint,0.21714401,-0.05220192,0.30915377,0.62680197,-0.5657081,0.5135486,-0.15284704
1783532936.6038,21,left_handMid_2_joint,0.20819603,-0.09846874,0.3343048,0.62680197,-0.5657081,0.5135486,-0.15284704
1783532936.6038,21,left_handMid_3_joint,0.20303373,-0.12516113,0.348815,0.62680197,-0.5657081,0.5135486,-0.15284704
1783532936.6038,21,left_handMidEnd_joint,0.1995922,-0.14295606,0.35848847,0.62680197,-0.5657081,0.5135486,-0.15284704
1783532936.6038,21,left_handPinkyStart_joint,0.2508444,0.0025555587,0.2589901,0.6575591,-0.5699279,0.43757665,-0.22655152
1783532936.6038,21,left_handPinky_1_joint,0.24877538,-0.057630386,0.2791346,0.6575591,-0.5699279,0.43757665,-0.22655152
1783532936.6038,21,left_handPinky_2_joint,0.24749748,-0.094804056,0.29157677,0.6575591,-0.5699279,0.43757665,-0.22655152
1783532936.6038,21,left_handPinky_3_joint,0.2468281,-0.11427598,0.2980941,0.6575591,-0.5699279,0.43757665,-0.22655152
1783532936.6038,21,left_handPinkyEnd_joint,0.24621958,-0.13197772,0.30401894,0.6575591,-0.5699279,0.43757665,-0.22655152
1783532936.6038,21,left_handRingStart_joint,0.23947218,0.008023238,0.26684228,0.6430007,-0.5682419,0.4767868,-0.19059457
1783532936.6038,21,left_handRing_1_joint,0.2324557,-0.055716656,0.29454127,0.6430007,-0.5682419,0.4767868,-0.19059457
1783532936.6038,21,left_handRing_2_joint,0.2275029,-0.10070952,0.31409347,0.6430007,-0.5682419,0.4767868,-0.19059457
1783532936.6038,21,left_handRing_3_joint,0.22440737,-0.12883006,0.3263136,0.6430007,-0.5682419,0.4767868,-0.19059457
1783532936.6038,21,left_handRingEnd_joint,0.22234371,-0.14757708,0.33446038,0.6430007,-0.5682419,0.4767868,-0.19059457
1783532936.6038,21,left_handThumbStart_joint,0.21205926,0.018850684,0.2694086,0.22921963,-0.06255341,0.9381453,-0.25185207
1783532936.6038,21,left_handThumb_1_joint,0.17081895,-0.008065802,0.2908097,0.22921963,-0.06255341,0.9381453,-0.25185207
1783532936.6038,21,left_handThumb_2_joint,0.1413401,-0.027303288,0.30610737,0.22921963,-0.0625534,0.9381453,-0.25185207
1783532936.6038,21,left_handThumbEnd_joint,0.12168753,-0.040128283,0.31630582,0.22921962,-0.06255336,0.9381453,-0.25185204
1783532936.6038,21,neck_1_joint,-0.004905935,0.57488376,0.09948376,0.60736406,0.3464057,0.623774,0.34931114
1783532936.6038,21,neck_2_joint,-0.005451394,0.6005809,0.11495502,0.60229284,0.35641786,0.61539763,0.36262354
1783532936.6038,21,neck_3_joint,-0.0059112315,0.63560694,0.13426736,0.5874599,0.37866527,0.6034828,0.3838132
1783532936.6038,21,neck_4_joint,-0.0065175444,0.671933,0.15100217,0.5702997,0.40150154,0.59240574,0.4032503
1783532936.6038,21,head_joint,-0.007621913,0.7151144,0.16781732,0.51440686,0.4689546,0.5442039,0.46830532
1783532936.6038,21,jaw_joint,-0.0069542984,0.6897024,0.16976196,0.51440686,0.4689546,0.5442039,0.46830532
1783532936.6038,21,chin_joint,-0.008070707,0.6279392,0.2629504,0.51440686,0.4689546,0.5442039,0.46830532
1783532936.6038,21,left_eye_joint,0.021229016,0.7378669,0.2586821,0.51847714,0.4644505,0.5482674,0.46354136
1783532936.6038,21,left_eyeLowerLid_joint,0.021229016,0.7378669,0.2586821,0.51847714,0.4644505,0.5482674,0.46354136
1783532936.6038,21,left_eyeUpperLid_joint,0.021229016,0.7378669,0.2586821,0.51847714,0.4644505,0.5482674,0.46354136
1783532936.6038,21,left_eyeball_joint,0.021229016,0.7378669,0.2586821,0.51847714,0.4644505,0.5482674,0.46354136
1783532936.6038,21,nose_joint,-0.010618365,0.7017445,0.2769607,0.51847965,0.46444777,0.5482698,0.46353847
1783532936.6038,21,right_eye_joint,-0.043348577,0.7360173,0.25668263,0.51847714,0.4644505,0.5482674,0.46354136
1783532936.6038,21,right_eyeLowerLid_joint,-0.043348577,0.7360173,0.25668263,0.51847714,0.4644505,0.5482674,0.46354136
1783532936.6038,21,right_eyeUpperLid_joint,-0.043348577,0.7360173,0.25668263,0.51847714,0.4644505,0.5482674,0.46354136
1783532936.6038,21,right_eyeball_joint,-0.043348577,0.7360173,0.25668263,0.51847714,0.4644505,0.5482674,0.46354136
1783532936.6038,21,right_shoulder_1_joint,-0.09365672,0.5519354,0.091681555,0.77514035,0.16699556,0.039492555,0.6080383
1783532936.6038,21,right_arm_joint,-0.23016334,0.5074175,0.112257496,0.6780692,0.5656805,0.26988992,0.38391095
1783532936.6038,21,right_forearm_joint,-0.2871722,0.24824926,0.1304333,0.482663,0.7598081,0.16401505,0.40351883
1783532936.6038,21,right_hand_joint,-0.23132204,0.01623249,0.25232401,0.14262816,0.50810313,0.58825225,0.6127382
1783532936.6038,21,right_handIndexStart_joint,-0.21410812,0.0016762995,0.27014866,0.102242276,0.54871917,0.59707654,0.5761543
1783532936.6038,21,right_handIndex_1_joint,-0.18879536,-0.06258971,0.31112292,0.102242276,0.54871917,0.59707654,0.5761543
1783532936.6038,21,right_handIndex_2_joint,-0.17407821,-0.09995393,0.33494475,0.102242276,0.54871917,0.59707654,0.5761543
1783532936.6038,21,right_handIndex_3_joint,-0.16583708,-0.12087803,0.3482858,0.102242276,0.54871917,0.59707654,0.5761543
1783532936.6038,21,right_handIndexEnd_joint,-0.15995055,-0.13582355,0.35781497,0.102242276,0.54871917,0.59707654,0.5761543
1783532936.6038,21,right_handMidStart_joint,-0.22368768,-0.0053421925,0.2654215,0.14208607,0.5086258,0.58862865,0.61206853
1783532936.6038,21,right_handMid_1_joint,-0.20769647,-0.07110328,0.30003554,0.14208607,0.5086258,0.58862865,0.61206853
1783532936.6038,21,right_handMid_2_joint,-0.19645977,-0.117313094,0.3243591,0.14208607,0.5086258,0.58862865,0.61206853
1783532936.6038,21,right_handMid_3_joint,-0.18997683,-0.1439728,0.33839178,0.14208607,0.5086258,0.58862865,0.61206853
1783532936.6038,21,right_handMidEnd_joint,-0.18565515,-0.16174556,0.347747,0.14208607,0.5086258,0.58862865,0.61206853
1783532936.6038,21,right_handPinkyStart_joint,-0.24387269,-0.017264118,0.25060803,0.21813333,0.43451285,0.5933038,0.6415662
1783532936.6038,21,right_handPinky_1_joint,-0.2386897,-0.077643774,0.26957557,0.21813333,0.43451285,0.5933038,0.6415662
1783532936.6038,21,right_handPinky_2_joint,-0.23548864,-0.11493773,0.28129154,0.21813333,0.43451285,0.5933038,0.6415662
1783532936.6038,21,right_handPinky_3_joint,-0.23381153,-0.13447244,0.2874277,0.21813333,0.43451285,0.5933038,0.6415662
1783532936.6038,21,right_handPinkyEnd_joint,-0.23228721,-0.1522311,0.2930063,0.21813333,0.43451285,0.5933038,0.6415662
1783532936.6038,21,right_handRingStart_joint,-0.23289506,-0.011342463,0.2586892,0.18097705,0.4728092,0.5914295,0.62762284
1783532936.6038,21,right_handRing_1_joint,-0.22264984,-0.07515321,0.28519243,0.18097705,0.4728092,0.5914295,0.62762284
1783532936.6038,21,right_handRing_2_joint,-0.21541783,-0.12019573,0.3039002,0.18097705,0.4728092,0.5914295,0.62762284
1783532936.6038,21,right_handRing_3_joint,-0.21089806,-0.14834762,0.31559318,0.18097705,0.4728092,0.5914295,0.62762284
1783532936.6038,21,right_handRingEnd_joint,-0.20788425,-0.16711612,0.32338786,0.18097705,0.4728092,0.5914295,0.62762284
1783532936.6038,21,right_handThumbStart_joint,-0.20614573,0.0009172344,0.26176476,0.22795194,0.9428501,0.07955098,0.22965951
1783532936.6038,21,right_handThumb_1_joint,-0.16369529,-0.024128899,0.28307047,0.22795194,0.9428501,0.07955098,0.22965951
1783532936.6038,21,right_handThumb_2_joint,-0.13335189,-0.042029176,0.29830033,0.22795194,0.9428501,0.07955097,0.22965951
1783532936.6038,21,right_handThumbEnd_joint,-0.113122955,-0.05396303,0.3084528,0.22795193,0.9428501,0.079550944,0.22965951
1783532936.6038,21,camera,0.10805929,0.071925916,-0.03351045,-0.07989702,-0.07719733,-0.7007074,0.7047455
1783532936.6368,22,root,-2.311661e-05,0.02266516,-0.004240548,-0.085975096,-0.0024649275,-0.0052742013,0.99628025
1783532936.6368,22,hips_joint,-2.311661e-05,0.02266516,-0.004240548,-0.085975096,-0.0024649275,-0.0052742013,0.99628025
1783532936.6368,22,left_upLeg_joint,0.10023313,-0.0027924154,0.0015670699,0.6280997,-0.33626953,0.61704576,-0.3341676
1783532936.6368,22,left_leg_joint,0.105435655,-0.3543338,0.2333375,-0.253443,0.6601925,-0.31642294,0.63228875
1783532936.6368,22,left_foot_joint,0.07253011,-0.6903552,-0.07510414,0.606643,-0.36341545,0.6390154,-0.30261
1783532936.6368,22,left_toes_joint,0.060484942,-0.81370467,0.0076624868,0.6645272,-0.24184793,0.6847877,-0.17600848
1783532936.6368,22,left_toesEnd_joint,0.057158154,-0.8478252,0.05770627,0.6645273,-0.24184772,0.6847877,-0.17600869
1783532936.6368,22,right_upLeg_joint,-0.10083318,-0.0007596874,0.0003967738,0.3267311,0.6074993,0.3787699,0.61702883
1783532936.6368,22,right_leg_joint,-0.09028725,-0.36475337,0.21186024,0.6181801,0.31581032,0.65932953,0.2887937
1783532936.6368,22,right_foot_joint,-0.058776367,-0.7174629,-0.07750542,0.2918817,0.62983114,0.34093565,0.63394076
1783532936.6368,22,right_toes_joint,-0.054924145,-0.83667916,0.011842908,0.16721603,0.67373663,0.21460107,0.6870694
1783532936.6368,22,right_toesEnd_joint,-0.05492723,-0.868235,0.063648716,0.16721648,0.6737367,0.2146006,0.6870693
1783532936.6368,22,spine_1_joint,-2.3136388e-05,0.02266516,-0.004240548,0.45566705,0.5401806,0.45617834,0.54080856
1783532936.6368,22,spine_2_joint,-1.0900746e-05,0.07939475,-0.013940374,0.46915,0.5296591,0.46975565,0.5279104
1783532936.6368,22,spine_3_joint,-0.00015006567,0.13654226,-0.02075771,0.4965865,0.5013026,0.49970466,0.50238776
1783532936.6368,22,spine_4_joint,-0.0002571061,0.18959491,-0.021150507,0.53321075,0.45912808,0.5376873,0.46452183
1783532936.6368,22,spine_5_joint,-0.00024286295,0.25932646,-0.011023594,0.5761168,0.40104756,0.5821951,0.41024318
1783532936.6368,22,spine_6_joint,-0.00020895984,0.34732777,0.021565603,0.58289605,0.38543215,0.59825486,0.39212966
1783532936.6368,22,spine_7_joint,-0.0016041663,0.44540235,0.06455072,0.5610537,0.41422477,0.58482635,0.41426468
1783532936.6368,22,left_shoulder_1_joint,0.0847726,0.5553312,0.09711349,-0.6150907,-0.012612578,-0.14348048,0.77518904
1783532936.6368,22,left_arm_joint,0.22380406,0.5253155,0.12555213,-0.3611743,0.27276024,-0.559023,0.6947292
1783532936.6368,22,left_forearm_joint,0.2839676,0.2663067,0.13215402,0.40685892,-0.14216459,0.75286067,-0.49744973
1783532936.6368,22,left_hand_joint,0.23733541,0.03459215,0.25841537,0.6243049,-0.5666216,0.5157036,-0.15242599
1783532936.6368,22,left_handIndexStart_joint,0.21932079,0.019867636,0.2771548,0.5893502,-0.5756859,0.5548453,-0.115756355
1783532936.6368,22,left_handIndex_1_joint,0.19695152,-0.04494417,0.31897393,0.5893502,-0.5756859,0.5548453,-0.115756355
1783532936.6368,22,left_handIndex_2_joint,0.18394613,-0.082625456,0.34328738,0.5893502,-0.5756859,0.5548453,-0.115756355
1783532936.6368,22,left_handIndex_3_joint,0.17666312,-0.103726976,0.35690293,0.5893502,-0.5756859,0.5548453,-0.115756355
1783532936.6368,22,left_handIndexEnd_joint,0.17146096,-0.11879949,0.3666283,0.5893502,-0.5756859,0.5548453,-0.115756355
1783532936.6368,22,left_handMidStart_joint,0.22932792,0.013295221,0.27267855,0.62564045,-0.5663706,0.5138529,-0.1541239
1783532936.6368,22,left_handMid_1_joint,0.21643272,-0.05261595,0.3082833,0.62564045,-0.5663706,0.5138529,-0.1541239
1783532936.6368,22,left_handMid_2_joint,0.20737123,-0.09893191,0.33330283,0.62564045,-0.5663706,0.5138529,-0.1541239
1783532936.6368,22,left_handMid_3_joint,0.20214346,-0.12565266,0.3477372,0.62564045,-0.5663706,0.5138529,-0.1541239
1783532936.6368,22,left_handMidEnd_joint,0.19865827,-0.14346649,0.3573601,0.62564045,-0.5663706,0.5138529,-0.1541239
1783532936.6368,22,left_handPinkyStart_joint,0.25032482,0.0022249317,0.25834042,0.6564181,-0.57041377,0.43795365,-0.22790463
1783532936.6368,22,left_handPinky_1_joint,0.24814354,-0.058005035,0.27834094,0.6564181,-0.57041377,0.43795365,-0.22790463
1783532936.6368,22,left_handPinky_2_joint,0.24679627,-0.095205896,0.29069418,0.6564181,-0.57041377,0.43795365,-0.22790463
1783532936.6368,22,left_handPinky_3_joint,0.24609055,-0.11469206,0.29716492,0.6564181,-0.57041377,0.43795365,-0.22790463
1783532936.6368,22,left_handPinkyEnd_joint,0.24544899,-0.13240677,0.3030474,0.6564181,-0.57041377,0.43795365,-0.22790463
1783532936.6368,22,left_handRingStart_joint,0.23893557,0.0076851747,0.26617306,0.6418466,-0.56881654,0.47712857,-0.19191049
1783532936.6368,22,left_handRing_1_joint,0.23178226,-0.05611144,0.29370594,0.6418466,-0.56881654,0.47712857,-0.19191049
1783532936.6368,22,left_handRing_2_joint,0.22673286,-0.10114435,0.31314093,0.6418466,-0.56881654,0.47712857,-0.19191049
1783532936.6368,22,left_handRing_3_joint,0.22357698,-0.12928991,0.32528776,0.6418466,-0.56881654,0.47712857,-0.19191049
1783532936.6368,22,left_handRingEnd_joint,0.22147305,-0.14805362,0.33338568,0.6418466,-0.56881654,0.47712857,-0.19191049
1783532936.6368,22,left_handThumbStart_joint,0.21152557,0.018532189,0.268687,0.22758041,-0.063379824,0.9385113,-0.25176787
1783532936.6368,22,left_handThumb_1_joint,0.1702003,-0.008394903,0.28991014,0.22758041,-0.063379824,0.9385113,-0.25176787
1783532936.6368,22,left_handThumb_2_joint,0.14066073,-0.027639965,0.3050806,0.22758043,-0.06337981,0.9385113,-0.25176787
1783532936.6368,22,left_handThumbEnd_joint,0.12096768,-0.04047001,0.3151942,0.22758041,-0.06337978,0.9385113,-0.2517679
1783532936.6368,22,neck_1_joint,-0.005107994,0.57473385,0.10014842,0.6079402,0.3451901,0.62448376,0.34824288
1783532936.6368,22,neck_2_joint,-0.0056561707,0.6003735,0.11571475,0.6028949,0.35521615,0.61612505,0.36156568
1783532936.6368,22,neck_3_joint,-0.006119265,0.6353277,0.13515672,0.5881033,0.37748325,0.6042492,0.3827853
1783532936.6368,22,neck_4_joint,-0.0067281243,0.67159146,0.152026,0.570981,0.40033802,0.5932118,0.40225685
1783532936.6368,22,head_joint,-0.007834739,0.71471035,0.1690009,0.5152166,0.46787342,0.5451265,0.46742272
1783532936.6368,22,jaw_joint,-0.0071688006,0.68929124,0.17085145,0.5152166,0.46787342,0.5451265,0.46742272
1783532936.6368,22,chin_joint,-0.008311651,0.62718296,0.2638099,0.5152166,0.46787342,0.5451265,0.46742272
1783532936.6368,22,left_eye_joint,0.020994272,0.7371243,0.25995672,0.51927745,0.46336234,0.5491823,0.46265087
1783532936.6368,22,left_eyeLowerLid_joint,0.020994272,0.7371243,0.25995672,0.51927745,0.46336234,0.5491823,0.46265087
1783532936.6368,22,left_eyeUpperLid_joint,0.020994272,0.7371243,0.25995672,0.51927745,0.46336234,0.5491823,0.46265087
1783532936.6368,22,left_eyeball_joint,0.020994272,0.7371243,0.25995672,0.51927745,0.46336234,0.5491823,0.46265087
1783532936.6368,22,nose_joint,-0.010859406,0.70093596,0.2780932,0.51927996,0.46335956,0.54918474,0.4626479
1783532936.6368,22,right_eye_joint,-0.043582898,0.7352852,0.2579341,0.51927745,0.46336234,0.5491823,0.46265087
1783532936.6368,22,right_eyeLowerLid_joint,-0.043582898,0.7352852,0.2579341,0.51927745,0.46336234,0.5491823,0.46265087
1783532936.6368,22,right_eyeUpperLid_joint,-0.043582898,0.7352852,0.2579341,0.51927745,0.46336234,0.5491823,0.46265087
1783532936.6368,22,right_eyeball_joint,-0.043582898,0.7352852,0.2579341,0.51927745,0.46336234,0.5491823,0.46265087
1783532936.6368,22,right_shoulder_1_joint,-0.09385791,0.5518188,0.09223877,0.776178,0.16680914,0.039531894,0.60676205
1783532936.6368,22,right_arm_joint,-0.23038167,0.5073003,0.112699315,0.67891175,0.5650934,0.27048633,0.3828655
1783532936.6368,22,right_forearm_joint,-0.28757223,0.24811922,0.13010454,0.48246938,0.76037276,0.16474554,0.40238798
1783532936.6368,22,right_hand_joint,-0.2311334,0.01597723,0.25148463,0.14315407,0.5081146,0.58917546,0.6117184
1783532936.6368,22,right_handIndexStart_joint,-0.21386825,0.0014189577,0.269258,0.10270388,0.5486603,0.5980329,0.57513565
1783532936.6368,22,right_handIndex_1_joint,-0.1883823,-0.06287742,0.31007698,0.10270388,0.5486603,0.5980329,0.57513565
1783532936.6368,22,right_handIndex_2_joint,-0.17356446,-0.10025928,0.3338085,0.10270388,0.5486603,0.5980329,0.57513565
1783532936.6368,22,right_handIndex_3_joint,-0.16526693,-0.12119328,0.34709898,0.10270388,0.5486603,0.5980329,0.57513565
1783532936.6368,22,right_handIndexEnd_joint,-0.15934013,-0.13614586,0.3565921,0.10270388,0.5486603,0.5980329,0.57513565
1783532936.6368,22,right_handMidStart_joint,-0.22344184,-0.0056079794,0.26453122,0.14261119,0.50863594,0.5895522,0.6110486
1783532936.6368,22,right_handMid_1_joint,-0.20728368,-0.0714044,0.29900032,0.14261119,0.50863594,0.5895522,0.6110486
1783532936.6368,22,right_handMid_2_joint,-0.19592966,-0.117639035,0.323222,0.14261119,0.50863594,0.5895522,0.6110486
1783532936.6368,22,right_handMid_3_joint,-0.18937904,-0.14431305,0.33719593,0.14261119,0.50863594,0.5895522,0.6110486
1783532936.6368,22,right_handMidEnd_joint,-0.18501224,-0.16209535,0.346512,0.14261119,0.50863594,0.5895522,0.6110486
1783532936.6368,22,right_handPinkyStart_joint,-0.24362619,-0.017538687,0.24972393,0.21875577,0.4346079,0.59413147,0.6405234
1783532936.6368,22,right_handPinky_1_joint,-0.23830791,-0.07794408,0.26857176,0.21875577,0.4346079,0.59413147,0.6405234
1783532936.6368,22,right_handPinky_2_joint,-0.23502329,-0.115253925,0.28021383,0.21875577,0.4346079,0.59413147,0.6405234
1783532936.6368,22,right_handPinky_3_joint,-0.2333024,-0.13479696,0.28631127,0.21875577,0.4346079,0.59413147,0.6405234
1783532936.6368,22,right_handPinkyEnd_joint,-0.2317383,-0.15256318,0.29185465,0.21875577,0.4346079,0.59413147,0.6405234
1783532936.6368,22,right_handRingStart_joint,-0.23264787,-0.011612301,0.2578007,0.18155074,0.47286263,0.59230626,0.62658936
1783532936.6368,22,right_handRing_1_joint,-0.2222506,-0.075453654,0.28417072,0.18155074,0.47286263,0.59230626,0.62658936
1783532936.6368,22,right_handRing_2_joint,-0.21491127,-0.12051778,0.30278447,0.18155074,0.47286263,0.59230626,0.62658936
1783532936.6368,22,right_handRing_3_joint,-0.21032439,-0.14868318,0.31441867,0.18155074,0.47286263,0.59230626,0.62658936
1783532936.6368,22,right_handRingEnd_joint,-0.20726587,-0.16746068,0.32217413,0.18155074,0.47286263,0.59230626,0.62658936
1783532936.6368,22,right_handThumbStart_joint,-0.20591635,0.0006898224,0.26086152,0.22737269,0.94314176,0.08047426,0.2287131
1783532936.6368,22,right_handThumb_1_joint,-0.16339093,-0.024319377,0.28206095,0.22737269,0.94314176,0.08047425,0.2287131
1783532936.6368,22,right_handThumb_2_joint,-0.13299398,-0.042193256,0.29721487,0.22737269,0.94314176,0.080474235,0.2287131
1783532936.6368,22,right_handThumbEnd_joint,-0.11272934,-0.05410951,0.30731672,0.22737269,0.94314176,0.08047421,0.2287131
1783532936.6368,22,camera,0.108045645,0.07229457,-0.03332943,-0.07976837,-0.076564185,-0.7009683,0.7045696
1783532936.6696,23,root,-9.207817e-05,0.022773767,-0.0042802426,-0.08746184,-0.0026775377,-0.005345422,0.99614996
1783532936.6696,23,hips_joint,-9.207817e-05,0.022773767,-0.0042802426,-0.08746184,-0.0026775377,-0.005345422,0.99614996
1783532936.6696,23,left_upLeg_joint,0.1001588,-0.002677722,0.0016455922,0.6287301,-0.33424047,0.61923724,-0.3309487
1783532936.6696,23,left_leg_joint,0.10422543,-0.35226122,0.23638128,-0.2508261,0.6608981,-0.31671202,0.63245034
1783532936.6696,23,left_foot_joint,0.07029987,-0.68707836,-0.07325708,0.6050181,-0.3655847,0.6393426,-0.3025589
1783532936.6696,23,left_toes_joint,0.057658654,-0.81066275,0.009068957,0.66334283,-0.24428587,0.6850993,-0.17589626
1783532936.6696,23,left_toesEnd_joint,0.05413629,-0.84494215,0.05899069,0.66334295,-0.24428567,0.6850993,-0.17589648
1783532936.6696,23,right_upLeg_joint,-0.10090676,-0.000625689,0.00038457869,0.32557744,0.6083751,0.37773573,0.6174099
1783532936.6696,23,right_leg_joint,-0.09012295,-0.36385304,0.21314996,0.619843,0.31325203,0.660387,0.2855816
1783532936.6696,23,right_foot_joint,-0.05880761,-0.71393174,-0.07941399,0.2947684,0.6288426,0.34374893,0.63206434
1783532936.6696,23,right_toes_joint,-0.054752063,-0.8339423,0.008855334,0.17023775,0.6733132,0.21771906,0.68576014
1783532936.6696,23,right_toesEnd_joint,-0.0546608,-0.86596173,0.060375832,0.17023823,0.6733134,0.21771857,0.68575996
1783532936.6696,23,spine_1_joint,-9.209794e-05,0.022773767,-0.0042802426,0.45500442,0.5406405,0.4557664,0.54125416
1783532936.6696,23,spine_2_joint,-9.382886e-05,0.07948397,-0.014092796,0.46865183,0.53009564,0.46957654,0.52807397
1783532936.6696,23,spine_3_joint,-0.00026688736,0.13662262,-0.020983232,0.49638724,0.5015955,0.49978623,0.5022105
1783532936.6696,23,spine_4_joint,-0.00041378182,0.18967508,-0.021388464,0.53329057,0.45923498,0.5379368,0.46403515
1783532936.6696,23,spine_5_joint,-0.00045129936,0.25939944,-0.011212226,0.5763972,0.40097108,0.5824711,0.40953144
1783532936.6696,23,spine_6_joint,-0.0004657952,0.34735632,0.021496654,0.58332837,0.38525018,0.5984637,0.39134613
1783532936.6696,23,spine_7_joint,-0.0018838422,0.44535986,0.06464271,0.5616484,0.4140396,0.58491004,0.4135249
1783532936.6696,23,left_shoulder_1_joint,0.08450182,0.55525637,0.09729065,-0.6146451,-0.012518404,-0.14262496,0.77570164
1783532936.6696,23,left_arm_joint,0.22360496,0.5253935,0.12553889,-0.36118045,0.27322704,-0.55825865,0.6951569
1783532936.6696,23,left_forearm_joint,0.28408718,0.26644954,0.1317611,0.40718028,-0.14209785,0.75286186,-0.49720383
1783532936.6696,23,left_hand_joint,0.23746422,0.03482397,0.25818893,0.6244136,-0.5665689,0.5157447,-0.15203619
1783532936.6696,23,left_handIndexStart_joint,0.21945539,0.020115158,0.27694625,0.5894561,-0.57560813,0.55489343,-0.11537076
1783532936.6696,23,left_handIndex_1_joint,0.19709189,-0.0446656,0.31881645,0.5894561,-0.57560813,0.55489343,-0.11537076
1783532936.6696,23,left_handIndex_2_joint,0.18408988,-0.08232883,0.34315962,0.5894561,-0.57560813,0.55489343,-0.11537076
1783532936.6696,23,left_handIndex_3_joint,0.17680876,-0.10342024,0.3567918,0.5894561,-0.57560813,0.55489343,-0.11537076
1783532936.6696,23,left_handIndexEnd_joint,0.17160794,-0.11848554,0.36652905,0.5894561,-0.57560813,0.55489343,-0.11537076
1783532936.6696,23,left_handMidStart_joint,0.22945885,0.01353771,0.27246922,0.6257493,-0.5663191,0.5138938,-0.15373398
1783532936.6696,23,left_handMid_1_joint,0.21656615,-0.05234842,0.30812114,0.6257493,-0.5663191,0.5138938,-0.15373398
1783532936.6696,23,left_handMid_2_joint,0.2075064,-0.09864679,0.3331738,0.6257493,-0.5663191,0.5138938,-0.15373398
1783532936.6696,23,left_handMid_3_joint,0.20227963,-0.12535739,0.34762728,0.6257493,-0.5663191,0.5138938,-0.15373398
1783532936.6696,23,left_handMidEnd_joint,0.19879511,-0.14316446,0.35726294,0.6257493,-0.5663191,0.5138938,-0.15373398
1783532936.6696,23,left_handPinkyStart_joint,0.2504463,0.0024537826,0.25812778,0.6565309,-0.5704072,0.4379966,-0.22751269
1783532936.6696,23,left_handPinky_1_joint,0.24826115,-0.057763252,0.2781667,0.6565309,-0.5704072,0.4379966,-0.22751269
1783532936.6696,23,left_handPinky_2_joint,0.24691153,-0.09495613,0.29054368,0.6565309,-0.5704072,0.4379966,-0.22751269
1783532936.6696,23,left_handPinky_3_joint,0.24620456,-0.11443811,0.29702684,0.6565309,-0.5704072,0.4379966,-0.22751269
1783532936.6696,23,left_handPinkyEnd_joint,0.24556188,-0.13214901,0.30292067,0.6565309,-0.5704072,0.4379966,-0.22751269
1783532936.6696,23,left_handRingStart_joint,0.2390621,0.007921462,0.26596257,0.64195794,-0.5687874,0.4771704,-0.19151905
1783532936.6696,23,left_handRing_1_joint,0.2319078,-0.05585642,0.29353848,0.64195794,-0.5687874,0.4771704,-0.19151905
1783532936.6696,23,left_handRing_2_joint,0.2268577,-0.1008761,0.31300387,0.64195794,-0.5687874,0.4771704,-0.19151905
1783532936.6696,23,left_handRing_3_joint,0.22370142,-0.1290134,0.3251697,0.64195794,-0.5687874,0.4771704,-0.19151905
1783532936.6696,23,left_handRingEnd_joint,0.22159721,-0.1477716,0.3332803,0.64195794,-0.5687874,0.4771704,-0.19151905
1783532936.6696,23,left_handThumbStart_joint,0.21165577,0.01877622,0.26848307,0.2278797,-0.06317547,0.93850386,-0.25157592
1783532936.6696,23,left_handThumb_1_joint,0.17033477,-0.00812836,0.289743,0.2278797,-0.06317547,0.93850386,-0.25157592
1783532936.6696,23,left_handThumb_2_joint,0.14079826,-0.027357334,0.30493978,0.2278797,-0.063175455,0.93850386,-0.25157592
1783532936.6696,23,left_handThumbEnd_joint,0.12110726,-0.040176656,0.31507096,0.22787969,-0.063175425,0.93850386,-0.2515759
1783532936.6696,23,neck_1_joint,-0.005380012,0.57463306,0.10045213,0.6085108,0.3449435,0.62447935,0.34749734
1783532936.6696,23,neck_2_joint,-0.0059176367,0.6002475,0.116060264,0.6034707,0.35498276,0.61613286,0.3608199
1783532936.6696,23,neck_3_joint,-0.0063682334,0.6351702,0.13555893,0.5886873,0.3772689,0.6042852,0.382041
1783532936.6696,23,neck_4_joint,-0.006967632,0.6714066,0.15248714,0.5715721,0.40014085,0.59327763,0.4015154
1783532936.6696,23,head_joint,-0.008066265,0.7144978,0.16953257,0.51582676,0.46774295,0.5452839,0.46669596
1783532936.6696,23,jaw_joint,-0.007392439,0.6890759,0.17134151,0.51582676,0.46774295,0.5452839,0.46669596
1783532936.6696,23,chin_joint,-0.00842214,0.62681794,0.26420105,0.51582676,0.46774295,0.5452839,0.46669596
1783532936.6696,23,left_eye_joint,0.02085405,0.7367721,0.26049367,0.51988643,0.46322644,0.54933333,0.46192262
1783532936.6696,23,left_eyeLowerLid_joint,0.02085405,0.7367721,0.26049367,0.51988643,0.46322644,0.54933333,0.46192262
1783532936.6696,23,left_eyeUpperLid_joint,0.02085405,0.7367721,0.26049367,0.51988643,0.46322644,0.54933333,0.46192262
1783532936.6696,23,left_eyeball_joint,0.02085405,0.7367721,0.26049367,0.51988643,0.46322644,0.54933333,0.46192262
1783532936.6696,23,nose_joint,-0.0109719215,0.7005472,0.27860567,0.5198889,0.46322373,0.5493358,0.4619197
1783532936.6696,23,right_eye_joint,-0.043724783,0.7349213,0.2585366,0.51988643,0.46322644,0.54933333,0.46192262
1783532936.6696,23,right_eyeLowerLid_joint,-0.043724783,0.7349213,0.2585366,0.51988643,0.46322644,0.54933333,0.46192262
1783532936.6696,23,right_eyeUpperLid_joint,-0.043724783,0.7349213,0.2585366,0.51988643,0.46322644,0.54933333,0.46192262
1783532936.6696,23,right_eyeball_joint,-0.043724783,0.7349213,0.2585366,0.51988643,0.46322644,0.54933333,0.46192262
1783532936.6696,23,right_shoulder_1_joint,-0.09413291,0.55170995,0.09259979,0.7766319,0.16645639,0.038392305,0.60635096
1783532936.6696,23,right_arm_joint,-0.23071654,0.5074541,0.11322994,0.6798561,0.5645699,0.26957247,0.38260588
1783532936.6696,23,right_forearm_joint,-0.28848416,0.24840173,0.13064526,0.48214665,0.761157,0.16353403,0.4017853
1783532936.6696,23,right_hand_joint,-0.23161893,0.016502665,0.2522902,0.143259,0.5094699,0.58867985,0.61104304
1783532936.6696,23,right_handIndexStart_joint,-0.21430059,0.0019841443,0.27004427,0.10284341,0.5499661,0.5975455,0.5743693
1783532936.6696,23,right_handIndex_1_joint,-0.18867779,-0.06222752,0.31091082,0.10284341,0.5499661,0.5975455,0.5743693
1783532936.6696,23,right_handIndex_2_joint,-0.1737804,-0.099560134,0.33467007,0.10284341,0.5499661,0.5975455,0.5743693
1783532936.6696,23,right_handIndex_3_joint,-0.16543831,-0.120466545,0.34797603,0.10284341,0.5499661,0.5975455,0.5743693
1783532936.6696,23,right_handIndexEnd_joint,-0.15947968,-0.13539943,0.3574802,0.10284341,0.5499661,0.5975455,0.5743693
1783532936.6696,23,right_handMidStart_joint,-0.22388315,-0.00505568,0.26535502,0.14271708,0.5099907,0.5890566,0.61037195
1783532936.6696,23,right_handMid_1_joint,-0.20760395,-0.07078306,0.29989874,0.14271708,0.5099907,0.5890566,0.61037195
1783532936.6696,23,right_handMid_2_joint,-0.19616488,-0.11696918,0.32417288,0.14271708,0.5099907,0.5890566,0.61037195
1783532936.6696,23,right_handMid_3_joint,-0.18956518,-0.14361522,0.3381771,0.14271708,0.5099907,0.5890566,0.61037195
1783532936.6696,23,right_handMidEnd_joint,-0.18516567,-0.16137888,0.34751332,0.14271708,0.5099907,0.5890566,0.61037195
1783532936.6696,23,right_handPinkyStart_joint,-0.2441004,-0.017022176,0.2506217,0.21885873,0.43602315,0.5936094,0.64001
1783532936.6696,23,right_handPinky_1_joint,-0.23870437,-0.077391416,0.269563,0.21885873,0.43602315,0.5936094,0.64001
1783532936.6696,23,right_handPinky_2_joint,-0.2353717,-0.114678934,0.28126276,0.21885873,0.43602315,0.5936094,0.64001
1783532936.6696,23,right_handPinky_3_joint,-0.23362565,-0.13421027,0.2873904,0.21885873,0.43602315,0.5936094,0.64001
1783532936.6696,23,right_handPinkyEnd_joint,-0.23203868,-0.15196586,0.2929613,0.21885873,0.43602315,0.5936094,0.64001
1783532936.6696,23,right_handRingStart_joint,-0.23310386,-0.011076281,0.2586592,0.18165477,0.47424912,0.5917953,0.6259935
1783532936.6696,23,right_handRing_1_joint,-0.22260761,-0.07486571,0.28511548,0.18165477,0.47424912,0.5917953,0.6259935
1783532936.6696,23,right_handRing_2_joint,-0.21519841,-0.119893186,0.30379012,0.18165477,0.47424912,0.5917953,0.6259935
1783532936.6696,23,right_handRing_3_joint,-0.21056789,-0.14803568,0.31546238,0.18165477,0.47424912,0.5917953,0.6259935
1783532936.6696,23,right_handRingEnd_joint,-0.20748025,-0.1667979,0.3232432,0.18165477,0.47424912,0.5917953,0.6259935
1783532936.6696,23,right_handThumbStart_joint,-0.20637028,0.0012437927,0.2616284,0.22705187,0.943564,0.07939235,0.22766516
1783532936.6696,23,right_handThumb_1_joint,-0.16377789,-0.023707699,0.28276116,0.22705187,0.943564,0.07939235,0.22766516
1783532936.6696,23,right_handThumb_2_joint,-0.13333306,-0.041540325,0.29786742,0.22705187,0.943564,0.07939234,0.22766516
1783532936.6696,23,right_handThumbEnd_joint,-0.1130365,-0.053429082,0.30793753,0.22705187,0.943564,0.0793923,0.22766516
1783532936.6696,23,camera,0.1081124,0.07270184,-0.033033416,-0.07947295,-0.07593767,-0.70118415,0.704456
1783532936.7036,24,root,-0.00015880444,0.022915993,-0.0043090577,-0.088176094,-0.0029717933,-0.005327339,0.99608624
1783532936.7036,24,hips_joint,-0.00015880444,0.022915993,-0.0043090577,-0.088176094,-0.0029717933,-0.005327339,0.99608624
1783532936.7036,24,left_upLeg_joint,0.10009075,-0.0025185894,0.0017110708,0.62925905,-0.33266112,0.62094563,-0.32832313
1783532936.7036,24,left_leg_joint,0.10325996,-0.35051712,0.23880376,-0.25014302,0.6610154,-0.31839797,0.6317514
1783532936.7036,24,left_foot_joint,0.068213195,-0.6857199,-0.07029207,0.6045528,-0.36609834,0.6402388,-0.300969
1783532936.7036,24,left_toes_joint,0.05511814,-0.8091235,0.012233982,0.6629835,-0.2448784,0.6856779,-0.17416535
1783532936.7036,24,left_toesEnd_joint,0.051464386,-0.8433082,0.062211156,0.66298354,-0.2448782,0.6856779,-0.17416556
1783532936.7036,24,right_upLeg_joint,-0.10097423,-0.00048514365,0.00033135054,0.32616115,0.6080285,0.37777328,0.61742014
1783532936.7036,24,right_leg_joint,-0.09052162,-0.36393917,0.21272573,0.62074697,0.3118246,0.66048604,0.28495073
1783532936.7036,24,right_foot_joint,-0.059902687,-0.71311116,-0.08099321,0.2963603,0.6282764,0.34421596,0.63162875
1783532936.7036,24,right_toes_joint,-0.055963553,-0.8334134,0.006883516,0.17190811,0.6730589,0.21826014,0.685421
1783532936.7036,24,right_toesEnd_joint,-0.055885203,-0.8656001,0.058299772,0.17190857,0.67305917,0.21825968,0.6854209
1783532936.7036,24,spine_1_joint,-0.00015882423,0.022915993,-0.0043090577,0.45451045,0.54089534,0.4557123,0.5414598
1783532936.7036,24,spine_2_joint,-0.00018661907,0.07961622,-0.014179039,0.46822232,0.5304137,0.4696634,0.528058
1783532936.7036,24,spine_3_joint,-0.00040791443,0.13675022,-0.021106359,0.49604535,0.50199,0.49993718,0.5020037
1783532936.7036,24,spine_4_joint,-0.00061283045,0.18980232,-0.021531781,0.5330963,0.4596783,0.5380646,0.46367076
1783532936.7036,24,spine_5_joint,-0.00072725705,0.25952813,-0.011366069,0.57642955,0.40136734,0.5824968,0.40906063
1783532936.7036,24,spine_6_joint,-0.0008064978,0.3474807,0.021354115,0.58364147,0.38546342,0.59837884,0.3907982
1783532936.7036,24,spine_7_joint,-0.0022370953,0.4454591,0.064556904,0.56241024,0.41392216,0.5846533,0.41296926
1783532936.7036,24,left_shoulder_1_joint,0.084234655,0.555289,0.09720104,-0.61364174,-0.01197034,-0.14139016,0.7767299
1783532936.7036,24,left_arm_joint,0.22344343,0.5255606,0.12506819,-0.36001372,0.27528378,-0.55704904,0.69592047
1783532936.7036,24,left_forearm_joint,0.28404322,0.26661336,0.1298398,0.4065014,-0.14460415,0.75200564,-0.49833095
1783532936.7036,24,left_hand_joint,0.23772569,0.034267347,0.25505194,0.6245498,-0.5680553,0.5135524,-0.1533449
1783532936.7036,24,left_handIndexStart_joint,0.21975614,0.01944779,0.27375966,0.5897329,-0.57717586,0.5527137,-0.1165794
1783532936.7036,24,left_handIndex_1_joint,0.19749016,-0.045573976,0.315307,0.5897329,-0.57717586,0.5527137,-0.1165794
1783532936.7036,24,left_handIndex_2_joint,0.1845448,-0.08337733,0.3394624,0.5897329,-0.57717586,0.5527137,-0.1165794
1783532936.7036,24,left_handIndex_3_joint,0.17729542,-0.10454721,0.3529894,0.5897329,-0.57717586,0.5527137,-0.1165794
1783532936.7036,24,left_handIndexEnd_joint,0.17211726,-0.11966855,0.3626516,0.5897329,-0.57717586,0.5527137,-0.1165794
1783532936.7036,24,left_handMidStart_joint,0.22975333,0.012898757,0.26922736,0.625879,-0.56780154,0.5117007,-0.15504634
1783532936.7036,24,left_handMid_1_joint,0.21694694,-0.05319045,0.3045328,0.625879,-0.56780154,0.5117007,-0.15504634
1783532936.7036,24,left_handMid_2_joint,0.20794784,-0.09963152,0.329342,0.625879,-0.56780154,0.5117007,-0.15504634
1783532936.7036,24,left_handMid_3_joint,0.20275606,-0.12642443,0.34365502,0.625879,-0.56780154,0.5117007,-0.15504634
1783532936.7036,24,left_handMidEnd_joint,0.19929487,-0.14428638,0.353197,0.625879,-0.56780154,0.5117007,-0.15504634
1783532936.7036,24,left_handPinkyStart_joint,0.25071764,0.0019021773,0.25478524,0.65638405,-0.5717401,0.4357524,-0.22889538
1783532936.7036,24,left_handPinky_1_joint,0.24858819,-0.05842701,0.27449,0.65638405,-0.5717401,0.4357524,-0.22889538
1783532936.7036,24,left_handPinky_2_joint,0.24727294,-0.095689155,0.28666058,0.65638405,-0.5717401,0.4357524,-0.22889538
1783532936.7036,24,left_handPinky_3_joint,0.24658401,-0.11520742,0.29303563,0.65638405,-0.5717401,0.4357524,-0.22889538
1783532936.7036,24,left_handPinkyEnd_joint,0.24595772,-0.1329513,0.29883116,0.65638405,-0.5717401,0.4357524,-0.22889538
1783532936.7036,24,left_handRingStart_joint,0.23934627,0.007322173,0.26267156,0.64194804,-0.5701993,0.47494975,-0.1928687
1783532936.7036,24,left_handRing_1_joint,0.2322627,-0.056611676,0.2899024,0.64194804,-0.5701993,0.47494975,-0.1928687
1783532936.7036,24,left_handRing_2_joint,0.22726253,-0.101741455,0.30912417,0.64194804,-0.5701993,0.47494975,-0.1928687
1783532936.7036,24,left_handRing_3_joint,0.22413744,-0.12994756,0.32113776,0.64194804,-0.5701993,0.47494975,-0.1928687
1783532936.7036,24,left_handRingEnd_joint,0.22205403,-0.14875163,0.32914683,0.64194804,-0.5701993,0.47494975,-0.1928687
1783532936.7036,24,left_handThumbStart_joint,0.2119413,0.018153861,0.26530352,0.22804965,-0.06600428,0.93807244,-0.25230327
1783532936.7036,24,left_handThumb_1_joint,0.17066802,-0.008882765,0.28648844,0.22804965,-0.06600428,0.93807244,-0.25230327
1783532936.7036,24,left_handThumb_2_joint,0.14116561,-0.028206123,0.30163157,0.22804965,-0.06600426,0.93807244,-0.25230327
1783532936.7036,24,left_handThumbEnd_joint,0.12149734,-0.04108837,0.311727,0.22804964,-0.06600423,0.93807244,-0.25230327
1783532936.7036,24,neck_1_joint,-0.0056358376,0.57469106,0.10052399,0.60925305,0.34474427,0.6241564,0.3469739
1783532936.7036,24,neck_2_joint,-0.006141028,0.60028726,0.116163105,0.604216,0.35479948,0.61581767,0.36029023
1783532936.7036,24,neck_3_joint,-0.0065501537,0.63518715,0.1357036,0.58943963,0.3771114,0.6039911,0.38150093
1783532936.7036,24,neck_4_joint,-0.0071116155,0.6714037,0.15267543,0.5723312,0.40000758,0.593007,0.40096596
1783532936.7036,24,head_joint,-0.008169893,0.71447515,0.16977331,0.5165982,0.4676973,0.54508555,0.46611938
1783532936.7036,24,jaw_joint,-0.00750158,0.6890509,0.17155124,0.5165982,0.4676973,0.54508555,0.46611938
1783532936.7036,24,chin_joint,-0.008408357,0.6266839,0.2643388,0.5165982,0.4676973,0.54508555,0.46611938
1783532936.7036,24,left_eye_joint,0.020897971,0.7366328,0.26071587,0.5206574,0.46317405,0.54912996,0.46134782
1783532936.7036,24,left_eyeLowerLid_joint,0.020897971,0.7366328,0.26071587,0.5206574,0.46317405,0.54912996,0.46134782
1783532936.7036,24,left_eyeUpperLid_joint,0.020897971,0.7366328,0.26071587,0.5206574,0.46317405,0.54912996,0.46134782
1783532936.7036,24,left_eyeball_joint,0.020897971,0.7366328,0.26071587,0.5206574,0.46317405,0.54912996,0.46134782
1783532936.7036,24,nose_joint,-0.010911836,0.70039696,0.27883422,0.5206599,0.46317133,0.5491324,0.46134493
1783532936.7036,24,right_eye_joint,-0.04368439,0.7348051,0.25885627,0.5206574,0.46317405,0.54912996,0.46134782
1783532936.7036,24,right_eyeLowerLid_joint,-0.04368439,0.7348051,0.25885627,0.5206574,0.46317405,0.54912996,0.46134782
1783532936.7036,24,right_eyeUpperLid_joint,-0.04368439,0.7348051,0.25885627,0.5206574,0.46317405,0.54912996,0.46134782
1783532936.7036,24,right_eyeball_joint,-0.04368439,0.7348051,0.25885627,0.5206574,0.46317405,0.54912996,0.46134782
1783532936.7036,24,right_shoulder_1_joint,-0.094408184,0.551806,0.09278157,0.7773636,0.16520973,0.036264535,0.6058847
1783532936.7036,24,right_arm_joint,-0.23115782,0.50817513,0.11364176,0.68094593,0.5644079,0.26890895,0.3813715
1783532936.7036,24,right_forearm_joint,-0.2892128,0.2491658,0.13073756,0.48213756,0.7621151,0.16305223,0.4001722
1783532936.7036,24,right_hand_joint,-0.23164976,0.017267551,0.25205523,0.14422257,0.510525,0.58887166,0.6097494
1783532936.7036,24,right_handIndexStart_joint,-0.21425045,0.0027588618,0.26973805,0.10379237,0.5509295,0.5978021,0.5730064
1783532936.7036,24,right_handIndex_1_joint,-0.188408,-0.06144551,0.31047752,0.10379237,0.5509295,0.5978021,0.5730064
1783532936.7036,24,right_handIndex_2_joint,-0.17338291,-0.098773874,0.33416286,0.10379237,0.5509295,0.5978021,0.5730064
1783532936.7036,24,right_handIndex_3_joint,-0.16496931,-0.119677916,0.34742743,0.10379237,0.5509295,0.5978021,0.5730064
1783532936.7036,24,right_handIndexEnd_joint,-0.1589596,-0.13460909,0.35690203,0.10379237,0.5509295,0.5978021,0.5730064
1783532936.7036,24,right_handMidStart_joint,-0.22384264,-0.00428895,0.2650806,0.14368089,0.5110441,0.5892492,0.6090773
1783532936.7036,24,right_handMid_1_joint,-0.20736541,-0.07001595,0.29953098,0.14368089,0.5110441,0.5892492,0.6090773
1783532936.7036,24,right_handMid_2_joint,-0.19578718,-0.11620181,0.32373953,0.14368089,0.5110441,0.5892492,0.6090773
1783532936.7036,24,right_handMid_3_joint,-0.18910721,-0.14284769,0.3377059,0.14368089,0.5110441,0.5892492,0.6090773
1783532936.7036,24,right_handMidEnd_joint,-0.18465419,-0.16061124,0.3470169,0.14368089,0.5110441,0.5892492,0.6090773
1783532936.7036,24,right_handPinkyStart_joint,-0.2441012,-0.01626989,0.25041592,0.21987809,0.43717137,0.59365904,0.63883007
1783532936.7036,24,right_handPinky_1_joint,-0.23857036,-0.076642714,0.26930678,0.21987809,0.43717137,0.59365904,0.63883007
1783532936.7036,24,right_handPinky_2_joint,-0.23515444,-0.113932446,0.2809754,0.21987809,0.43717137,0.59365904,0.63883007
1783532936.7036,24,right_handPinky_3_joint,-0.23336479,-0.13346495,0.28708676,0.21987809,0.43717137,0.59365904,0.63883007
1783532936.7036,24,right_handPinkyEnd_joint,-0.23173817,-0.15122159,0.2926428,0.21987809,0.43717137,0.59365904,0.63883007
1783532936.7036,24,right_handRingStart_joint,-0.23308149,-0.010316152,0.25841582,0.18264672,0.47535187,0.59191555,0.62475336
1783532936.7036,24,right_handRing_1_joint,-0.22241907,-0.07410741,0.2848011,0.18264672,0.47535187,0.59191555,0.62475336
1783532936.7036,24,right_handRing_2_joint,-0.21489257,-0.11913617,0.3034256,0.18264672,0.47535187,0.59191555,0.62475336
1783532936.7036,24,right_handRing_3_joint,-0.21018873,-0.14727946,0.31506655,0.18264672,0.47535187,0.59191555,0.62475336
1783532936.7036,24,right_handRingEnd_joint,-0.20705223,-0.16604221,0.3228265,0.18264672,0.47535187,0.59191555,0.62475336
1783532936.7036,24,right_handThumbStart_joint,-0.20635042,0.0020312679,0.2612926,0.22674619,0.9440844,0.079332896,0.22582543
1783532936.7036,24,right_handThumb_1_joint,-0.16365357,-0.022884794,0.28225565,0.22674619,0.9440844,0.07933288,0.22582543
1783532936.7036,24,right_handThumb_2_joint,-0.13313405,-0.040692095,0.29724056,0.2267462,0.9440844,0.079332866,0.22582543
1783532936.7036,24,right_handThumbEnd_joint,-0.11278772,-0.052563973,0.30722976,0.2267462,0.9440844,0.07933284,0.22582543
1783532936.7036,24,camera,0.10813452,0.07294525,-0.03272523,-0.07887579,-0.0756782,-0.7012334,0.70450205
1783532936.7366,25,root,-0.00019523707,0.022729782,-0.004536867,-0.08814838,-0.0034431934,-0.005474012,0.99608636
1783532936.7366,25,hips_joint,-0.00019523707,0.022729782,-0.004536867,-0.08814838,-0.0034431934,-0.005474012,0.99608636
1783532936.7366,25,left_upLeg_joint,0.10004314,-0.0027260494,0.0015787246,0.62858385,-0.33214128,0.62235457,-0.32747406
1783532936.7366,25,left_leg_joint,0.10202816,-0.35020474,0.23944551,-0.25131935,0.65941644,-0.3213306,0.6314706
1783532936.7366,25,left_foot_joint,0.06719658,-0.6873631,-0.0675404,0.6044927,-0.3641142,0.6423742,-0.29893944
1783532936.7366,25,left_toes_joint,0.05371702,-0.8102057,0.015757198,0.66254836,-0.24294156,0.6873899,-0.17176782
1783532936.7366,25,left_toesEnd_joint,0.0498927,-0.84405804,0.06594738,0.66254836,-0.24294133,0.6873899,-0.17176801
1783532936.7366,25,right_upLeg_joint,-0.10101998,-0.0006505251,5.0276517e-06,0.32648006,0.60728043,0.37838715,0.6176119
1783532936.7366,25,right_leg_joint,-0.09094205,-0.36444247,0.21183826,0.6199666,0.31213212,0.6606893,0.28584003
1783532936.7366,25,right_foot_joint,-0.05990201,-0.7141566,-0.08119053,0.29555634,0.6280372,0.34382752,0.6324542
1783532936.7366,25,right_toes_joint,-0.056132067,-0.8342988,0.006912403,0.17116405,0.67267174,0.21772228,0.6861579
1783532936.7366,25,right_toesEnd_joint,-0.05614538,-0.86639136,0.058387466,0.17116451,0.6726719,0.21772183,0.68615776
1783532936.7366,25,spine_1_joint,-0.00019525684,0.022729782,-0.0045368676,0.45440462,0.5407042,0.4559051,0.54157716
1783532936.7366,25,spine_2_joint,-0.00021949447,0.0794316,-0.014397708,0.46812803,0.5303701,0.4698056,0.528059
1783532936.7366,25,spine_3_joint,-0.000450832,0.13656619,-0.021319877,0.4959904,0.50207245,0.5000058,0.50190735
1783532936.7366,25,spine_4_joint,-0.00067180314,0.18961824,-0.021743862,0.53310126,0.45989594,0.5379996,0.46352452
1783532936.7366,25,spine_5_joint,-0.00080467854,0.25934535,-0.011587418,0.57653856,0.40171316,0.58224225,0.40892985
1783532936.7366,25,spine_6_joint,-0.00087992346,0.34730995,0.021100521,0.5839199,0.38585564,0.5979379,0.39067042
1783532936.7366,25,spine_7_joint,-0.0022614922,0.44530734,0.06426172,0.56289554,0.4143049,0.5840594,0.4127647
1783532936.7366,25,left_shoulder_1_joint,0.08429071,0.55512804,0.09672311,-0.6134707,-0.011292756,-0.14023463,0.7770847
1783532936.7366,25,left_arm_joint,0.22359845,0.5255244,0.12422607,-0.35993356,0.27681485,-0.55616206,0.696064
1783532936.7366,25,left_forearm_joint,0.2842738,0.26658162,0.12821616,0.40692163,-0.14606614,0.75125587,-0.49869248
1783532936.7366,25,left_hand_joint,0.23833257,0.033938885,0.25301537,0.62510294,-0.5687717,0.5120739,-0.15338078
1783532936.7366,25,left_handIndexStart_joint,0.22041488,0.019072432,0.27173564,0.59038,-0.5778934,0.5512739,-0.116568
1783532936.7366,25,left_handIndex_1_joint,0.1982711,-0.046049394,0.31319147,0.59038,-0.5778934,0.5512739,-0.116568
1783532936.7366,25,left_handIndex_2_joint,0.1853968,-0.08391092,0.33729374,0.59038,-0.5778934,0.5512739,-0.116568
1783532936.7366,25,left_handIndex_3_joint,0.17818719,-0.10511338,0.35079098,0.59038,-0.5778934,0.5512739,-0.116568
1783532936.7366,25,left_handIndexEnd_joint,0.17303747,-0.120257996,0.36043185,0.59038,-0.5778934,0.5512739,-0.116568
1783532936.7366,25,left_handMidStart_joint,0.23040174,0.0125360675,0.26716244,0.62642777,-0.5685179,0.51022047,-0.15508384
1783532936.7366,25,left_handMid_1_joint,0.21770157,-0.05363675,0.30234948,0.62642777,-0.5685179,0.51022047,-0.15508384
1783532936.7366,25,left_handMid_2_joint,0.20877711,-0.10013656,0.32707548,0.62642777,-0.5685179,0.51022047,-0.15508384
1783532936.7366,25,left_handMid_3_joint,0.2036284,-0.12696338,0.3413405,0.62642777,-0.5685179,0.51022047,-0.15508384
1783532936.7366,25,left_handMidEnd_joint,0.20019592,-0.14484793,0.35085052,0.62642777,-0.5685179,0.51022047,-0.15508384
1783532936.7366,25,left_handPinkyStart_joint,0.25133094,0.001577351,0.25264078,0.65675014,-0.5724617,0.43422,-0.22895412
1783532936.7366,25,left_handPinky_1_joint,0.24926595,-0.0587973,0.27221274,0.65675014,-0.5724617,0.43422,-0.22895412
1783532936.7366,25,left_handPinky_2_joint,0.24799053,-0.09608753,0.2843013,0.65675014,-0.5724617,0.43422,-0.22895412
1783532936.7366,25,left_handPinky_3_joint,0.24732244,-0.11562051,0.2906334,0.65675014,-0.5724617,0.43422,-0.22895412
1783532936.7366,25,left_handPinkyEnd_joint,0.24671508,-0.13337776,0.29638988,0.65675014,-0.5724617,0.43422,-0.22895412
1783532936.7366,25,left_handRingStart_joint,0.23997886,0.006976688,0.260569,0.64240605,-0.5709208,0.47344178,-0.19291733
1783532936.7366,25,left_handRing_1_joint,0.23298007,-0.05702099,0.28767157,0.64240605,-0.5709208,0.47344178,-0.19291733
1783532936.7366,25,left_handRing_2_joint,0.22803976,-0.102195814,0.30680278,0.64240605,-0.5709208,0.47344178,-0.19291733
1783532936.7366,25,left_handRing_3_joint,0.22495206,-0.13043009,0.3187598,0.64240605,-0.5709208,0.47344178,-0.19291733
1783532936.7366,25,left_handRingEnd_joint,0.2228936,-0.14925292,0.32673115,0.64240605,-0.5709208,0.47344178,-0.19291733
1783532936.7366,25,left_handThumbStart_joint,0.2125784,0.017796097,0.26329687,0.22898448,-0.0673804,0.9376715,-0.25258356
1783532936.7366,25,left_handThumb_1_joint,0.17136618,-0.009298352,0.28452674,0.22898448,-0.0673804,0.9376715,-0.25258356
1783532936.7366,25,left_handThumb_2_joint,0.14190742,-0.028663049,0.29970205,0.22898446,-0.06738038,0.9376715,-0.25258356
1783532936.7366,25,left_handThumbEnd_joint,0.122268245,-0.04157285,0.30981892,0.22898446,-0.06738035,0.9376715,-0.25258356
1783532936.7366,25,neck_1_joint,-0.0055696163,0.57455117,0.10019474,0.60977477,0.3450711,0.6235402,0.34684056
1783532936.7366,25,neck_2_joint,-0.006042207,0.60015225,0.11582681,0.60472965,0.35513714,0.6152027,0.36014658
1783532936.7366,25,neck_3_joint,-0.006409954,0.6350582,0.1353572,0.5899423,0.37746713,0.6033831,0.38133445
1783532936.7366,25,neck_4_joint,-0.0069341646,0.6712802,0.15231879,0.572824,0.40038034,0.59240806,0.40077597
1783532936.7366,25,head_joint,-0.007953457,0.71435714,0.16940515,0.5170474,0.46812487,0.54451686,0.4658572
1783532936.7366,25,jaw_joint,-0.0072877225,0.68893325,0.17118979,0.5170474,0.46812487,0.54451686,0.4658572
1783532936.7366,25,chin_joint,-0.008048664,0.6265949,0.26399803,0.5170474,0.46812487,0.54451686,0.4658572
1783532936.7366,25,left_eye_joint,0.021275792,0.7365364,0.26029074,0.5211103,0.46359777,0.54855907,0.46109062
1783532936.7366,25,left_eyeLowerLid_joint,0.021275792,0.7365364,0.26029074,0.5211103,0.46359777,0.54855907,0.46109062
1783532936.7366,25,left_eyeUpperLid_joint,0.021275792,0.7365364,0.26029074,0.5211103,0.46359777,0.54855907,0.46109062
1783532936.7366,25,left_eyeball_joint,0.021275792,0.7365364,0.26029074,0.5211103,0.46359777,0.54855907,0.46109062
1783532936.7366,25,nose_joint,-0.010510842,0.7003131,0.278475,0.52111274,0.463595,0.5485615,0.46108776
1783532936.7366,25,right_eye_joint,-0.043310106,0.7347225,0.25854287,0.5211103,0.46359777,0.54855907,0.46109062
1783532936.7366,25,right_eyeLowerLid_joint,-0.043310106,0.7347225,0.25854287,0.5211103,0.46359777,0.54855907,0.46109062
1783532936.7366,25,right_eyeUpperLid_joint,-0.043310106,0.7347225,0.25854287,0.5211103,0.46359777,0.54855907,0.46109062
1783532936.7366,25,right_eyeball_joint,-0.043310106,0.7347225,0.25854287,0.5211103,0.46359777,0.54855907,0.46109062
1783532936.7366,25,right_shoulder_1_joint,-0.09436026,0.5516835,0.09261217,0.77761626,0.16484118,0.034879714,0.60574234
1783532936.7366,25,right_arm_joint,-0.23117378,0.5083685,0.11371052,0.6818695,0.5640286,0.26819414,0.3807857
1783532936.7366,25,right_forearm_joint,-0.2896607,0.24944805,0.13068077,0.4830012,0.76211244,0.16258836,0.3993242
1783532936.7366,25,right_hand_joint,-0.23218074,0.017371159,0.25169608,0.14542267,0.5108021,0.58849967,0.6095918
1783532936.7366,25,right_handIndexStart_joint,-0.2147663,0.0028236806,0.26933208,0.10501532,0.55119455,0.59751314,0.57283056
1783532936.7366,25,right_handIndex_1_joint,-0.18893245,-0.061449897,0.30996785,0.10501532,0.55119455,0.59751314,0.57283056
1783532936.7366,25,right_handIndex_2_joint,-0.17391235,-0.09881851,0.33359286,0.10501532,0.55119455,0.59751314,0.57283056
1783532936.7366,25,right_handIndex_3_joint,-0.16550155,-0.11974508,0.3468237,0.10501532,0.55119455,0.59751314,0.57283056
1783532936.7366,25,right_handIndexEnd_joint,-0.15949385,-0.13469236,0.3562742,0.10501532,0.55119455,0.59751314,0.57283056
1783532936.7366,25,right_handMidStart_joint,-0.22437781,-0.004206829,0.26468837,0.14488144,0.51132077,0.58887845,0.60891956
1783532936.7366,25,right_handMid_1_joint,-0.20792402,-0.06998475,0.29905275,0.14488144,0.51132077,0.58887845,0.60891956
1783532936.7366,25,right_handMid_2_joint,-0.19636224,-0.116206385,0.32320088,0.14488144,0.51132077,0.58887845,0.60891956
1783532936.7366,25,right_handMid_3_joint,-0.18969177,-0.1428729,0.33713233,0.14488144,0.51132077,0.58887845,0.60891956
1783532936.7366,25,right_handMidEnd_joint,-0.1852451,-0.16065021,0.34642008,0.14488144,0.51132077,0.58887845,0.60891956
1783532936.7366,25,right_handPinkyStart_joint,-0.24468288,-0.016147343,0.25005504,0.2210428,0.43742234,0.59316057,0.6387195
1783532936.7366,25,right_handPinky_1_joint,-0.2391993,-0.07654311,0.2688863,0.2210428,0.43742234,0.59316057,0.6387195
1783532936.7366,25,right_handPinky_2_joint,-0.23581254,-0.113847025,0.2805181,0.2210428,0.43742234,0.59316057,0.6387195
1783532936.7366,25,right_handPinky_3_joint,-0.23403817,-0.13338695,0.2866102,0.2210428,0.43742234,0.59316057,0.6387195
1783532936.7366,25,right_handPinkyEnd_joint,-0.23242545,-0.15115033,0.2921487,0.2210428,0.43742234,0.59316057,0.6387195
1783532936.7366,25,right_handRingStart_joint,-0.23363864,-0.010215611,0.25803745,0.18383105,0.47561577,0.5914801,0.62461793
1783532936.7366,25,right_handRing_1_joint,-0.22301316,-0.07404309,0.28435,0.18383105,0.47561577,0.5914801,0.62461793
1783532936.7366,25,right_handRing_2_joint,-0.21551277,-0.11909742,0.3029232,0.18383105,0.47561577,0.5914801,0.62461793
1783532936.7366,25,right_handRing_3_joint,-0.21082523,-0.1472567,0.31453204,0.18383105,0.47561577,0.5914801,0.62461793
1783532936.7366,25,right_handRingEnd_joint,-0.20769958,-0.16603012,0.3222706,0.18383105,0.47561577,0.5914801,0.62461793
1783532936.7366,25,right_handThumbStart_joint,-0.20688435,0.0020917223,0.2608701,0.22758411,0.94411963,0.07932324,0.22483711
1783532936.7366,25,right_handThumb_1_joint,-0.16418052,-0.0229015,0.2817269,0.2275841,0.94411963,0.07932323,0.22483711
1783532936.7366,25,right_handThumb_2_joint,-0.13365602,-0.040763956,0.29663584,0.2275841,0.94411963,0.07932322,0.22483711
1783532936.7366,25,right_handThumbEnd_joint,-0.11330635,-0.052672595,0.30657443,0.2275841,0.94411963,0.07932319,0.22483711
1783532936.7366,25,camera,0.10810895,0.07295985,-0.03261023,-0.07897024,-0.07553692,-0.70113444,0.7046051
1783532936.7707,26,root,-0.000105717925,0.022719717,-0.004525615,-0.088082105,-0.0032187623,-0.00600207,0.99608994
1783532936.7707,26,hips_joint,-0.000105717925,0.022719717,-0.004525615,-0.088082105,-0.0032187623,-0.00600207,0.99608994
1783532936.7707,26,left_upLeg_joint,0.10010699,-0.0028463125,0.0015510267,0.62879026,-0.33187354,0.62326336,-0.32561573
1783532936.7707,26,left_leg_joint,0.101288475,-0.34951606,0.24060047,-0.2521474,0.65917933,-0.32396954,0.63003796
1783532936.7707,26,left_foot_joint,0.06518527,-0.68821883,-0.06453283,0.60499835,-0.36341685,0.64356816,-0.29618424
1783532936.7707,26,left_toes_joint,0.051399298,-0.8105684,0.019437457,0.6629126,-0.24216108,0.68804,-0.16883628
1783532936.7707,26,left_toesEnd_joint,0.04751243,-0.84413755,0.0698127,0.6629127,-0.24216089,0.68804,-0.16883649
1783532936.7707,26,right_upLeg_joint,-0.100954294,-0.00055120705,4.8669874e-05,0.32809567,0.6066678,0.3789063,0.6170394
1783532936.7707,26,right_leg_joint,-0.09117165,-0.3650875,0.21061245,0.6214637,0.30987406,0.66100496,0.28431258
1783532936.7707,26,right_foot_joint,-0.061034553,-0.71310467,-0.08452369,0.29812738,0.62718284,0.34501803,0.6314464
1783532936.7707,26,right_toes_joint,-0.05733986,-0.83377296,0.0028604888,0.17385043,0.6723201,0.21908222,0.685394
1783532936.7707,26,right_toesEnd_joint,-0.05733848,-0.8661702,0.05414433,0.1738509,0.6723203,0.21908176,0.6853938
1783532936.7707,26,spine_1_joint,-0.000105737694,0.022719717,-0.004525615,0.45486522,0.54053414,0.4555657,0.54164606
1783532936.7707,26,spine_2_joint,-7.319356e-05,0.07942375,-0.014373742,0.46861455,0.5302146,0.4694379,0.5281107
1783532936.7707,26,spine_3_joint,-0.0002457943,0.1365601,-0.021283142,0.4964619,0.50194746,0.49958628,0.50198406
1783532936.7707,26,spine_4_joint,-0.00040894892,0.1896124,-0.021701641,0.53353864,0.45981705,0.53750527,0.4636733
1783532936.7707,26,spine_5_joint,-0.00045681858,0.25934088,-0.011553683,0.5769863,0.4016749,0.58162946,0.40920818
1783532936.7707,26,spine_6_joint,-0.00039215948,0.34731865,0.02109886,0.5844071,0.38589105,0.59719074,0.39104953
1783532936.7707,26,spine_7_joint,-0.0015879241,0.44534716,0.06419483,0.56340176,0.4144577,0.58316743,0.4131815
1783532936.7707,26,left_shoulder_1_joint,0.085170254,0.5550718,0.09643061,-0.61396056,-0.01041386,-0.14018524,0.77671885
1783532936.7707,26,left_arm_joint,0.22448757,0.5253392,0.12374546,-0.36055455,0.27731958,-0.5563829,0.6953648
1783532936.7707,26,left_forearm_joint,0.2848834,0.26633334,0.12787789,0.40773535,-0.1462963,0.7512615,-0.4979512
1783532936.7707,26,left_hand_joint,0.23890162,0.033873558,0.25300258,0.6253068,-0.56895894,0.51193976,-0.15229908
1783532936.7707,26,left_handIndexStart_joint,0.22099924,0.019046318,0.27176854,0.59059185,-0.57801044,0.55115396,-0.115476355
1783532936.7707,26,left_handIndex_1_joint,0.19885494,-0.046007395,0.31333092,0.59059185,-0.57801044,0.55115396,-0.115476355
1783532936.7707,26,left_handIndex_2_joint,0.18598035,-0.08382931,0.33749512,0.59059185,-0.57801044,0.55115396,-0.115476355
1783532936.7707,26,left_handIndex_3_joint,0.1787706,-0.10500959,0.35102707,0.59059185,-0.57801044,0.55115396,-0.115476355
1783532936.7707,26,left_handIndexEnd_joint,0.17362076,-0.120138355,0.36069274,0.59059185,-0.57801044,0.55115396,-0.115476355
1783532936.7707,26,left_handMidStart_joint,0.23097149,0.012494387,0.26718572,0.626631,-0.56870824,0.5100861,-0.15400267
1783532936.7707,26,left_handMid_1_joint,0.21825926,-0.053627115,0.3024647,0.626631,-0.56870824,0.5100861,-0.15400267
1783532936.7707,26,left_handMid_2_joint,0.20932633,-0.10009086,0.32725537,0.626631,-0.56870824,0.5100861,-0.15400267
1783532936.7707,26,left_handMid_3_joint,0.2041727,-0.12689687,0.34155765,0.626631,-0.56870824,0.5100861,-0.15400267
1783532936.7707,26,left_handMidEnd_joint,0.20073695,-0.14476755,0.35109252,0.626631,-0.56870824,0.5100861,-0.15400267
1783532936.7707,26,left_handPinkyStart_joint,0.25186476,0.0014977574,0.25264105,0.65692765,-0.5727705,0.43410203,-0.22789395
1783532936.7707,26,left_handPinky_1_joint,0.24976787,-0.058853682,0.27228108,0.65692765,-0.5727705,0.43410203,-0.22789395
1783532936.7707,26,left_handPinky_2_joint,0.24847274,-0.09612957,0.2844117,0.65692765,-0.5727705,0.43410203,-0.22789395
1783532936.7707,26,left_handPinky_3_joint,0.24779433,-0.11565503,0.29076582,0.65692765,-0.5727705,0.43410203,-0.22789395
1783532936.7707,26,left_handPinkyEnd_joint,0.2471776,-0.13340545,0.29654232,0.65692765,-0.5727705,0.43410203,-0.22789395
1783532936.7707,26,left_handRingStart_joint,0.24053168,0.006917715,0.26058236,0.64259773,-0.5711708,0.47331554,-0.19184518
1783532936.7707,26,left_handRing_1_joint,0.2335097,-0.0570434,0.2877651,0.64259773,-0.5711708,0.47331554,-0.19184518
1783532936.7707,26,left_handRing_2_joint,0.228553,-0.10219242,0.3069529,0.64259773,-0.5711708,0.47331554,-0.19184518
1783532936.7707,26,left_handRing_3_joint,0.22545508,-0.13041055,0.31894526,0.64259773,-0.5711708,0.47331554,-0.19184518
1783532936.7707,26,left_handRingEnd_joint,0.22338977,-0.14922264,0.32694018,0.64259773,-0.5711708,0.47331554,-0.19184518
1783532936.7707,26,left_handThumbStart_joint,0.21314737,0.017769344,0.2633442,0.22986372,-0.06721094,0.93765134,-0.2519036
1783532936.7707,26,left_handThumb_1_joint,0.17194165,-0.009258268,0.28467163,0.22986372,-0.06721094,0.93765134,-0.2519036
1783532936.7707,26,left_handThumb_2_joint,0.14248754,-0.028575188,0.29991665,0.22986372,-0.06721093,0.93765134,-0.2519036
1783532936.7707,26,left_handThumbEnd_joint,0.12285146,-0.04145314,0.31008,0.2298637,-0.06721089,0.93765134,-0.2519036
1783532936.7707,26,neck_1_joint,-0.0046565523,0.57463044,0.100007,0.61028916,0.34516326,0.62269795,0.34735683
1783532936.7707,26,neck_2_joint,-0.0050699743,0.60024726,0.11561486,0.60523915,0.35523805,0.6143493,0.3606473
1783532936.7707,26,neck_3_joint,-0.0053595053,0.63517267,0.13511187,0.59044975,0.3775877,0.6025135,0.38180393
1783532936.7707,26,neck_4_joint,-0.0058071027,0.67141175,0.15203902,0.57333136,0.4005215,0.59152484,0.40121326
1783532936.7707,26,head_joint,-0.0067395247,0.7145067,0.16908498,0.51754,0.4683285,0.5435915,0.46618557
1783532936.7707,26,jaw_joint,-0.0061087166,0.68908364,0.17089336,0.51754,0.4683285,0.5435915,0.46618557
1783532936.7707,26,chin_joint,-0.006833533,0.6268364,0.26376295,0.51754,0.4683285,0.5435915,0.46618557
1783532936.7707,26,left_eye_joint,0.022647394,0.7367309,0.2599087,0.5216047,0.46379715,0.5476365,0.46142706
1783532936.7707,26,left_eyeLowerLid_joint,0.022647394,0.7367309,0.2599087,0.5216047,0.46379715,0.5476365,0.46142706
1783532936.7707,26,left_eyeUpperLid_joint,0.022647394,0.7367309,0.2599087,0.5216047,0.46379715,0.5476365,0.46142706
1783532936.7707,26,left_eyeball_joint,0.022647394,0.7367309,0.2599087,0.5216047,0.46379715,0.5476365,0.46142706
1783532936.7707,26,nose_joint,-0.009167389,0.700572,0.2781718,0.5216072,0.4637944,0.5476389,0.4614242
1783532936.7707,26,right_eye_joint,-0.041943423,0.73501027,0.2582514,0.5216047,0.46379715,0.5476365,0.46142706
1783532936.7707,26,right_eyeLowerLid_joint,-0.041943423,0.73501027,0.2582514,0.5216047,0.46379715,0.5476365,0.46142706
1783532936.7707,26,right_eyeUpperLid_joint,-0.041943423,0.73501027,0.2582514,0.5216047,0.46379715,0.5476365,0.46142706
1783532936.7707,26,right_eyeball_joint,-0.041943423,0.73501027,0.2582514,0.5216047,0.46379715,0.5476365,0.46142706
1783532936.7707,26,right_shoulder_1_joint,-0.093491055,0.5518861,0.09256873,0.7774607,0.16453215,0.033735104,0.60609066
1783532936.7707,26,right_arm_joint,-0.2303569,0.508846,0.113889135,0.68204314,0.56419975,0.26728594,0.38085982
1783532936.7707,26,right_forearm_joint,-0.28899983,0.24998479,0.13122101,0.48285848,0.7625012,0.16154127,0.39917934
1783532936.7707,26,right_hand_joint,-0.2313842,0.018102227,0.25254375,0.1453958,0.5117426,0.58789724,0.60939026
1783532936.7707,26,right_handIndexStart_joint,-0.21394622,0.003581252,0.27017832,0.10503041,0.5521191,0.59691036,0.57256544
1783532936.7707,26,right_handIndex_1_joint,-0.18806416,-0.060628384,0.31088433,0.10503041,0.5521191,0.59691036,0.57256544
1783532936.7707,26,right_handIndex_2_joint,-0.17301603,-0.097959824,0.3345502,0.10503041,0.5521191,0.59691036,0.57256544
1783532936.7707,26,right_handIndex_3_joint,-0.16458951,-0.11886557,0.34780392,0.10503041,0.5521191,0.59691036,0.57256544
1783532936.7707,26,right_handIndexEnd_joint,-0.15857059,-0.13379799,0.35727072,0.10503041,0.5521191,0.59691036,0.57256544
1783532936.7707,26,right_handMidStart_joint,-0.22356606,-0.0034552263,0.26556093,0.14485553,0.5122611,0.588276,0.60871726
1783532936.7707,26,right_handMid_1_joint,-0.2070737,-0.06917798,0.30001217,0.14485553,0.5122611,0.588276,0.60871726
1783532936.7707,26,right_handMid_2_joint,-0.19548485,-0.115360856,0.32422134,0.14485553,0.5122611,0.588276,0.60871726
1783532936.7707,26,right_handMid_3_joint,-0.18879874,-0.14200503,0.33818805,0.14485553,0.5122611,0.588276,0.60871726
1783532936.7707,26,right_handMidEnd_joint,-0.18434164,-0.15976742,0.34749928,0.14485553,0.5122611,0.588276,0.60871726
1783532936.7707,26,right_handPinkyStart_joint,-0.24389532,-0.015416534,0.25097826,0.2209875,0.43838137,0.59256107,0.6386375
1783532936.7707,26,right_handPinky_1_joint,-0.23839535,-0.07578133,0.26990378,0.2209875,0.43838137,0.59256107,0.6386375
1783532936.7707,26,right_handPinky_2_joint,-0.23499846,-0.113066114,0.28159377,0.2209875,0.43838137,0.59256107,0.6386375
1783532936.7707,26,right_handPinky_3_joint,-0.2332188,-0.13259602,0.2877163,0.2209875,0.43838137,0.59256107,0.6386375
1783532936.7707,26,right_handPinkyEnd_joint,-0.23160125,-0.1503503,0.29328254,0.2209875,0.43838137,0.59256107,0.6386375
1783532936.7707,26,right_handRingStart_joint,-0.23283798,-0.009473452,0.25893408,0.1837902,0.4765663,0.59087735,0.6244756
1783532936.7707,26,right_handRing_1_joint,-0.22218558,-0.07325828,0.28533894,0.1837902,0.4765663,0.59087735,0.6244756
1783532936.7707,26,right_handRing_2_joint,-0.21466619,-0.118282504,0.3039773,0.1837902,0.4765663,0.59087735,0.6244756
1783532936.7707,26,right_handRing_3_joint,-0.20996676,-0.14642297,0.3156269,0.1837902,0.4765663,0.59087735,0.6244756
1783532936.7707,26,right_handRingEnd_joint,-0.20683323,-0.16518383,0.32339263,0.1837902,0.4765663,0.59087735,0.6244756
1783532936.7707,26,right_handThumbStart_joint,-0.20607711,0.002833383,0.26170585,0.22754513,0.94433206,0.07833004,0.22433144
1783532936.7707,26,right_handThumb_1_joint,-0.163347,-0.022132847,0.28254107,0.22754513,0.94433206,0.07833004,0.22433144
1783532936.7707,26,right_handThumb_2_joint,-0.13280374,-0.03997601,0.29743466,0.22754511,0.94433206,0.078330025,0.22433144
1783532936.7707,26,right_handThumbEnd_joint,-0.11244155,-0.051871784,0.30736294,0.22754511,0.94433206,0.078329995,0.22433144
1783532936.7707,26,camera,0.1081044,0.07283125,-0.032639205,-0.07945967,-0.07610538,-0.70070046,0.7049206
1783532936.8034,27,root,-5.370931e-05,0.022777133,-0.0044436078,-0.0892948,-0.003317915,-0.0059160544,0.9959821
1783532936.8034,27,hips_joint,-5.370931e-05,0.022777133,-0.0044436078,-0.0892948,-0.003317915,-0.0059160544,0.9959821
1783532936.8034,27,left_upLeg_joint,0.10016255,-0.0027559828,0.0017121756,0.6295767,-0.3293797,0.62476534,-0.32374415
1783532936.8034,27,left_leg_joint,0.10115407,-0.3477504,0.2431739,-0.25345758,0.6577264,-0.3255001,0.6302419
1783532936.8034,27,left_foot_joint,0.065891735,-0.68784887,-0.060501803,0.60513365,-0.36146504,0.6448988,-0.29540086
1783532936.8034,27,left_toes_joint,0.052016456,-0.8098279,0.023991155,0.6626757,-0.24021903,0.689198,-0.16781493
1783532936.8034,27,left_toesEnd_joint,0.04804976,-0.8431724,0.074509256,0.6626757,-0.24021883,0.689198,-0.1678151
1783532936.8034,27,right_upLeg_joint,-0.100898884,-0.0005007195,0.00017039447,0.3276201,0.6070972,0.3778807,0.6174983
1783532936.8034,27,right_leg_joint,-0.09133094,-0.3645256,0.2116267,0.6219979,0.3096349,0.66045845,0.2846743
1783532936.8034,27,right_foot_joint,-0.061989926,-0.71263456,-0.083481215,0.29869545,0.62732404,0.34436464,0.6313942
1783532936.8034,27,right_toes_joint,-0.058376662,-0.83329326,0.003919544,0.17438143,0.6725665,0.2184506,0.6852189
1783532936.8034,27,right_toesEnd_joint,-0.058368616,-0.86568195,0.05520883,0.17438193,0.67256665,0.21845016,0.6852187
1783532936.8034,27,spine_1_joint,-5.3729087e-05,0.022777133,-0.004443608,0.45453006,0.54079634,0.4551896,0.54198176
1783532936.8034,27,spine_2_joint,-1.4380486e-05,0.07946816,-0.014366228,0.46865842,0.5302154,0.4692324,0.5282535
1783532936.8034,27,spine_3_joint,-0.00016487982,0.13660246,-0.021293107,0.49679965,0.5017173,0.49950325,0.5019625
1783532936.8034,27,spine_4_joint,-0.0002947321,0.18965507,-0.021684675,0.5340721,0.45938867,0.5374722,0.46352214
1783532936.8034,27,spine_5_joint,-0.00028214836,0.2593725,-0.011460988,0.5776043,0.40109536,0.581569,0.40899077
1783532936.8034,27,spine_6_joint,-0.000116914765,0.34730494,0.021313079,0.58502716,0.3853327,0.59708315,0.39083713
1783532936.8034,27,spine_7_joint,-0.0011928215,0.44527775,0.064538814,0.56393254,0.4141114,0.5829748,0.41307637
1783532936.8034,27,left_shoulder_1_joint,0.08568097,0.55490124,0.09680716,-0.6138591,-0.010145392,-0.13992979,0.7768485
1783532936.8034,27,left_arm_joint,0.22502063,0.5251729,0.1240123,-0.3609756,0.27746198,-0.55578595,0.6955669
1783532936.8034,27,left_forearm_joint,0.28572768,0.26623866,0.1280722,0.4083776,-0.14618501,0.7506482,-0.49838224
1783532936.8034,27,left_hand_joint,0.24025702,0.033743132,0.25331718,0.62607914,-0.56850094,0.511517,-0.15225677
1783532936.8034,27,left_handIndexStart_joint,0.22240053,0.018893594,0.2721092,0.59139025,-0.577551,0.55078185,-0.115463436
1783532936.8034,27,left_handIndex_1_joint,0.20040737,-0.046182554,0.31371662,0.59139025,-0.577551,0.55078185,-0.115463436
1783532936.8034,27,left_handIndex_2_joint,0.18762064,-0.08401752,0.33790702,0.59139025,-0.577551,0.55078185,-0.115463436
1783532936.8034,27,left_handIndex_3_joint,0.18046007,-0.105205104,0.35145363,0.59139025,-0.577551,0.55078185,-0.115463436
1783532936.8034,27,left_handIndexEnd_joint,0.17534538,-0.120339096,0.36112976,0.59139025,-0.577551,0.55078185,-0.115463436
1783532936.8034,27,left_handMidStart_joint,0.23237722,0.012355728,0.26751593,0.62740237,-0.5682505,0.509661,-0.15395887
1783532936.8034,27,left_handMid_1_joint,0.21980998,-0.053775463,0.3028287,0.62740237,-0.5682505,0.509661,-0.15395887
1783532936.8034,27,left_handMid_2_joint,0.21097896,-0.10024603,0.3276431,0.62740237,-0.5682505,0.509661,-0.15395887
1783532936.8034,27,left_handMid_3_joint,0.20588414,-0.12705597,0.34195906,0.62740237,-0.5682505,0.509661,-0.15395887
1783532936.8034,27,left_handMidEnd_joint,0.2024876,-0.14492926,0.35150304,0.62740237,-0.5682505,0.509661,-0.15395887
1783532936.8034,27,left_handPinkyStart_joint,0.2532695,0.001387198,0.2529486,0.6576655,-0.57234526,0.43360227,-0.22778508
1783532936.8034,27,left_handPinky_1_joint,0.25128952,-0.058961935,0.2726078,0.6576655,-0.57234526,0.43360227,-0.22778508
1783532936.8034,27,left_handPinky_2_joint,0.2500666,-0.0962364,0.28475025,0.6576655,-0.57234526,0.43360227,-0.22778508
1783532936.8034,27,left_handPinky_3_joint,0.24942602,-0.115761116,0.29111058,0.6576655,-0.57234526,0.43360227,-0.22778508
1783532936.8034,27,left_handPinkyEnd_joint,0.24884367,-0.13351086,0.2968927,0.6576655,-0.57234526,0.43360227,-0.22778508
1783532936.8034,27,left_handRingStart_joint,0.24193785,0.006791928,0.26090235,0.64335346,-0.57072914,0.4728521,-0.1917694
1783532936.8034,27,left_handRing_1_joint,0.23504756,-0.057172365,0.28811127,0.64335346,-0.57072914,0.4728521,-0.1917694
1783532936.8034,27,left_handRing_2_joint,0.23018384,-0.10232362,0.30731758,0.64335346,-0.57072914,0.4728521,-0.1917694
1783532936.8034,27,left_handRing_3_joint,0.22714403,-0.13054317,0.3193215,0.64335346,-0.57072914,0.4728521,-0.1917694
1783532936.8034,27,left_handRingEnd_joint,0.22511747,-0.1493562,0.32732412,0.64335346,-0.57072914,0.4728521,-0.1917694
1783532936.8034,27,left_handThumbStart_joint,0.2145403,0.01760222,0.26369482,0.23052588,-0.067059584,0.93732536,-0.2525511
1783532936.8034,27,left_handThumb_1_joint,0.17340244,-0.009482785,0.2850803,0.23052588,-0.067059584,0.93732536,-0.2525511
1783532936.8034,27,left_handThumb_2_joint,0.14399679,-0.02884073,0.30036682,0.23052588,-0.06705957,0.93732536,-0.2525511
1783532936.8034,27,left_handThumbEnd_joint,0.12439303,-0.041746035,0.3105578,0.23052588,-0.06705953,0.93732536,-0.2525511
1783532936.8034,27,neck_1_joint,-0.004126543,0.57453483,0.100456476,0.61077607,0.34475985,0.6224912,0.34727204
1783532936.8034,27,neck_2_joint,-0.0045078173,0.6001395,0.116085105,0.6057331,0.35484442,0.6141424,0.3605577
1783532936.8034,27,neck_3_joint,-0.004754657,0.6350495,0.13561027,0.5909581,0.37721196,0.6023111,0.381708
1783532936.8034,27,neck_4_joint,-0.0051600537,0.6712754,0.15256673,0.57385385,0.40016368,0.5913287,0.40111208
1783532936.8034,27,head_joint,-0.006044258,0.71435744,0.16964778,0.5181027,0.46803483,0.5434121,0.4660644
1783532936.8034,27,jaw_joint,-0.0054343427,0.6889324,0.17143539,0.5181027,0.46803483,0.5434121,0.4660644
1783532936.8034,27,chin_joint,-0.0061539803,0.6266115,0.26425552,0.5181027,0.46803483,0.5434121,0.4660644
1783532936.8034,27,left_eye_joint,0.02341975,0.7364834,0.2604705,0.52216494,0.46349862,0.547456,0.4613075
1783532936.8034,27,left_eyeLowerLid_joint,0.02341975,0.7364834,0.2604705,0.52216494,0.46349862,0.547456,0.4613075
1783532936.8034,27,left_eyeUpperLid_joint,0.02341975,0.7364834,0.2604705,0.52216494,0.46349862,0.547456,0.4613075
1783532936.8034,27,left_eyeball_joint,0.02341975,0.7364834,0.2604705,0.52216494,0.46349862,0.547456,0.4613075
1783532936.8034,27,nose_joint,-0.008414725,0.7003375,0.27872488,0.5221673,0.4634958,0.5474585,0.46130452
1783532936.8034,27,right_eye_joint,-0.041173562,0.73482007,0.258853,0.52216494,0.46349862,0.547456,0.4613075
1783532936.8034,27,right_eyeLowerLid_joint,-0.041173562,0.73482007,0.258853,0.52216494,0.46349862,0.547456,0.4613075
1783532936.8034,27,right_eyeUpperLid_joint,-0.041173562,0.73482007,0.258853,0.52216494,0.46349862,0.547456,0.4613075
1783532936.8034,27,right_eyeball_joint,-0.041173562,0.73482007,0.258853,0.52216494,0.46349862,0.547456,0.4613075
1783532936.8034,27,right_shoulder_1_joint,-0.09298546,0.55187345,0.09305662,0.7775265,0.16443203,0.033234455,0.60606104
1783532936.8034,27,right_arm_joint,-0.22987056,0.5089411,0.11447029,0.6819462,0.56443,0.26691222,0.38095394
1783532936.8034,27,right_forearm_joint,-0.28848138,0.2500878,0.13202646,0.48256,0.7626954,0.16088311,0.399435
1783532936.8034,27,right_hand_joint,-0.23082073,0.018395748,0.25369132,0.14500356,0.5122938,0.58748853,0.60941476
1783532936.8034,27,right_handIndexStart_joint,-0.21337688,0.003902756,0.27134308,0.10466742,0.5526709,0.5964758,0.5725524
1783532936.8034,27,right_handIndex_1_joint,-0.1874802,-0.060242746,0.3121408,0.10466742,0.5526709,0.5964758,0.5725524
1783532936.8034,27,right_handIndex_2_joint,-0.17242357,-0.09753691,0.33585998,0.10466742,0.5526709,0.5964758,0.5725524
1783532936.8034,27,right_handIndex_3_joint,-0.1639923,-0.11842178,0.3491435,0.10466742,0.5526709,0.5964758,0.5725524
1783532936.8034,27,right_handIndexEnd_joint,-0.15796998,-0.13333927,0.35863167,0.10466742,0.5526709,0.5964758,0.5725524
1783532936.8034,27,right_handMidStart_joint,-0.22299787,-0.00314121,0.26673955,0.14446385,0.5128126,0.587867,0.6087413
1783532936.8034,27,right_handMid_1_joint,-0.20649272,-0.06880987,0.3012877,0.14446385,0.5128126,0.587867,0.6087413
1783532936.8034,27,right_handMid_2_joint,-0.19489487,-0.11495473,0.32556498,0.14446385,0.5128126,0.587867,0.6087413
1783532936.8034,27,right_handMid_3_joint,-0.18820357,-0.14157696,0.339571,0.14446385,0.5128126,0.587867,0.6087413
1783532936.8034,27,right_handMidEnd_joint,-0.18374301,-0.15932475,0.34890842,0.14446385,0.5128126,0.587867,0.6087413
1783532936.8034,27,right_handPinkyStart_joint,-0.24333113,-0.015125834,0.25218165,0.22057454,0.43894196,0.5921984,0.6387317
1783532936.8034,27,right_handPinky_1_joint,-0.2378233,-0.075461015,0.27119908,0.22057454,0.43894196,0.5921984,0.6387317
1783532936.8034,27,right_handPinky_2_joint,-0.23442155,-0.11272749,0.2829459,0.22057454,0.43894196,0.5921984,0.6387317
1783532936.8034,27,right_handPinky_3_joint,-0.23263934,-0.13224782,0.28909817,0.22057454,0.43894196,0.5921984,0.6387317
1783532936.8034,27,right_handPinkyEnd_joint,-0.2310195,-0.14999339,0.29469147,0.22057454,0.43894196,0.5921984,0.6387317
1783532936.8034,27,right_handRingStart_joint,-0.2322716,-0.009170034,0.26012486,0.18338734,0.47712287,0.5904904,0.62453526
1783532936.8034,27,right_handRing_1_joint,-0.22160894,-0.07291346,0.28662544,0.18338734,0.47712287,0.5904904,0.62453526
1783532936.8034,27,right_handRing_2_joint,-0.2140823,-0.117908455,0.30533135,0.18338734,0.47712287,0.5904904,0.62453526
1783532936.8034,27,right_handRing_3_joint,-0.20937835,-0.14603065,0.31702313,0.18338734,0.47712287,0.5904904,0.62453526
1783532936.8034,27,right_handRingEnd_joint,-0.20624177,-0.16477935,0.324817,0.18338734,0.47712287,0.5904904,0.62453526
1783532936.8034,27,right_handThumbStart_joint,-0.2055103,0.0031420134,0.26286936,0.2273665,0.94443065,0.07756665,0.22436287
1783532936.8034,27,right_handThumb_1_joint,-0.162773,-0.02179038,0.2837303,0.2273665,0.94443065,0.077566646,0.22436287
1783532936.8034,27,right_handThumb_2_joint,-0.13222456,-0.039609354,0.29864225,0.2273665,0.94443065,0.07756663,0.22436287
1783532936.8034,27,right_handThumbEnd_joint,-0.111858934,-0.05148901,0.30858278,0.22736652,0.94443065,0.07756661,0.22436287
1783532936.8034,27,camera,0.10794278,0.07241515,-0.03208846,-0.0797742,-0.07639622,-0.7003173,0.7052342
1783532936.8370,28,root,-4.116865e-05,0.02282172,-0.0045671994,-0.08950538,-0.003472181,-0.0056664855,0.9959641
1783532936.8370,28,hips_joint,-4.116865e-05,0.02282172,-0.0045671994,-0.08950538,-0.003472181,-0.0056664855,0.9959641
1783532936.8370,28,left_upLeg_joint,0.100186825,-0.0026563383,0.0016255474,0.6299819,-0.32828826,0.62565786,-0.32233778
1783532936.8370,28,left_leg_joint,0.10084283,-0.3466864,0.24446052,-0.25302285,0.6578492,-0.326196,0.62992835
1783532936.8370,28,left_foot_joint,0.06501791,-0.6868594,-0.059065666,0.6048672,-0.36182985,0.6452533,-0.29472482
1783532936.8370,28,left_toes_joint,0.050927658,-0.80877674,0.025480775,0.66248304,-0.24062768,0.689418,-0.16708393
1783532936.8370,28,left_toesEnd_joint,0.046900332,-0.84209174,0.07601348,0.66248316,-0.2406275,0.68941796,-0.16708414
1783532936.8370,28,right_upLeg_joint,-0.100875355,-0.000506916,3.0480622e-05,0.3284333,0.6065443,0.37882116,0.6170333
1783532936.8370,28,right_leg_joint,-0.09127327,-0.36513534,0.21044277,0.62243325,0.30865264,0.660902,0.2837583
1783532936.8370,28,right_foot_joint,-0.06195171,-0.71237016,-0.085694924,0.29964378,0.62681925,0.34527865,0.6309467
1783532936.8370,28,right_toes_joint,-0.058339242,-0.833287,0.001348238,0.17540826,0.6722506,0.21943292,0.6849527
1783532936.8370,28,right_toesEnd_joint,-0.058330543,-0.8658273,0.052541435,0.17540875,0.67225075,0.21943246,0.6849525
1783532936.8370,28,spine_1_joint,-4.1188425e-05,0.02282172,-0.0045671994,0.45434144,0.5409335,0.45511603,0.5420646
1783532936.8370,28,spine_2_joint,-1.1223978e-05,0.07950794,-0.014517257,0.46859267,0.5303528,0.46901304,0.5283686
1783532936.8370,28,spine_3_joint,-0.00015480441,0.1366385,-0.021474898,0.49686655,0.5018412,0.49915102,0.50212276
1783532936.8370,28,spine_4_joint,-0.00026051444,0.18969093,-0.021896621,0.5342813,0.4594682,0.53701603,0.46373084
1783532936.8370,28,spine_5_joint,-0.0001892559,0.25941375,-0.011710152,0.5779549,0.4010924,0.5810495,0.40923655
1783532936.8370,28,spine_6_joint,9.000854e-05,0.34735942,0.021027628,0.5855337,0.3852139,0.59654015,0.39102525
1783532936.8370,28,spine_7_joint,-0.00082716864,0.44533774,0.0642445,0.56461626,0.41389352,0.5824547,0.41309518
1783532936.8370,28,left_shoulder_1_joint,0.08622333,0.55483955,0.096449725,-0.6131966,-0.009218396,-0.13927321,0.77750117
1783532936.8370,28,left_arm_joint,0.22562137,0.52506596,0.123303995,-0.36051336,0.279205,-0.55448496,0.6961475
1783532936.8370,28,left_forearm_joint,0.2865807,0.2661758,0.12624653,0.40846056,-0.14814247,0.749392,-0.4996256
1783532936.8370,28,left_hand_joint,0.24181111,0.033081494,0.25062832,0.62689346,-0.5693083,0.5093358,-0.15319979
1783532936.8370,28,left_handIndexStart_joint,0.22402906,0.018124813,0.26940596,0.5923434,-0.57841796,0.54865736,-0.11635099
1783532936.8370,28,left_handIndex_1_joint,0.20225011,-0.047161054,0.31079707,0.5923434,-0.57841796,0.54865736,-0.11635099
1783532936.8370,28,left_handIndex_2_joint,0.18958794,-0.08511795,0.33486167,0.5923434,-0.57841796,0.54865736,-0.11635099
1783532936.8370,28,left_handIndex_3_joint,0.18249711,-0.10637382,0.34833786,0.5923434,-0.57841796,0.54865736,-0.11635099
1783532936.8370,28,left_handIndexEnd_joint,0.17743225,-0.12155657,0.3579637,0.5923434,-0.57841796,0.54865736,-0.11635099
1783532936.8370,28,left_handMidStart_joint,0.23400316,0.011621931,0.26475775,0.62821037,-0.5690552,0.50747746,-0.15490364
1783532936.8370,28,left_handMid_1_joint,0.22163448,-0.054677695,0.299824,0.62821037,-0.5690552,0.50747746,-0.15490364
1783532936.8370,28,left_handMid_2_joint,0.21294297,-0.10126662,0.32446513,0.62821037,-0.5690552,0.50747746,-0.15490364
1783532936.8370,28,left_handMid_3_joint,0.20792866,-0.12814485,0.33868116,0.62821037,-0.5690552,0.50747746,-0.15490364
1783532936.8370,28,left_handMidEnd_joint,0.20458576,-0.14606366,0.3481585,0.62821037,-0.5690552,0.50747746,-0.15490364
1783532936.8370,28,left_handPinkyStart_joint,0.2548723,0.00074760435,0.25008696,0.658216,-0.57306653,0.43131173,-0.2287294
1783532936.8370,28,left_handPinky_1_joint,0.253039,-0.0596873,0.2694954,0.658216,-0.57306653,0.43131173,-0.2287294
1783532936.8370,28,left_handPinky_2_joint,0.2519067,-0.09701475,0.28148296,0.658216,-0.57306653,0.43131173,-0.2287294
1783532936.8370,28,left_handPinky_3_joint,0.2513136,-0.11656722,0.28776217,0.658216,-0.57306653,0.43131173,-0.2287294
1783532936.8370,28,left_handPinkyEnd_joint,0.25077438,-0.1343422,0.29347056,0.658216,-0.57306653,0.43131173,-0.2287294
1783532936.8370,28,left_handRingStart_joint,0.24355416,0.006101024,0.25809452,0.6440328,-0.5714953,0.4706122,-0.19271606
1783532936.8370,28,left_handRing_1_joint,0.23683688,-0.057988595,0.2850507,0.6440328,-0.5714953,0.4706122,-0.19271606
1783532936.8370,28,left_handRing_2_joint,0.23209527,-0.10322833,0.30407858,0.6440328,-0.5714953,0.4706122,-0.19271606
1783532936.8370,28,left_handRing_3_joint,0.22913177,-0.13150316,0.31597102,0.6440328,-0.5714953,0.4706122,-0.19271606
1783532936.8370,28,left_handRingEnd_joint,0.2271561,-0.15035304,0.3238993,0.6440328,-0.5714953,0.4706122,-0.19271606
1783532936.8370,28,left_handThumbStart_joint,0.21614778,0.016856916,0.26100776,0.2313248,-0.069213636,0.9366695,-0.2536707
1783532936.8370,28,left_handThumb_1_joint,0.17511036,-0.010382181,0.2823906,0.2313248,-0.069213636,0.9366695,-0.2536707
1783532936.8370,28,left_handThumb_2_joint,0.14577651,-0.02985027,0.29767522,0.2313248,-0.06921362,0.9366695,-0.2536707
1783532936.8370,28,left_handThumbEnd_joint,0.12622063,-0.042829003,0.307865,0.23132479,-0.06921359,0.9366695,-0.2536707
1783532936.8370,28,neck_1_joint,-0.0035549444,0.5745853,0.100212984,0.6114273,0.34446603,0.621972,0.3473484
1783532936.8370,28,neck_2_joint,-0.003885309,0.6001847,0.11585144,0.60638815,0.3545632,0.61361974,0.36062375
1783532936.8370,28,neck_3_joint,-0.0040648524,0.6350878,0.13538967,0.5916243,0.37695482,0.6017879,0.381756
1783532936.8370,28,neck_4_joint,-0.004404351,0.671308,0.15235987,0.5745316,0.39993098,0.5908077,0.4011427
1783532936.8370,28,head_joint,-0.005213849,0.71438485,0.16945778,0.51880676,0.46788472,0.5428956,0.4660346
1783532936.8370,28,jaw_joint,-0.004633927,0.68895835,0.17123535,0.51880676,0.46788472,0.5428956,0.4660346
1783532936.8370,28,chin_joint,-0.0053220456,0.62660414,0.26403347,0.51880676,0.46788472,0.5428956,0.4660346
1783532936.8370,28,left_eye_joint,0.02438595,0.73644,0.26025355,0.52286756,0.46334225,0.5469394,0.46128213
1783532936.8370,28,left_eyeLowerLid_joint,0.02438595,0.73644,0.26025355,0.52286756,0.46334225,0.5469394,0.46128213
1783532936.8370,28,left_eyeUpperLid_joint,0.02438595,0.73644,0.26025355,0.52286756,0.46334225,0.5469394,0.46128213
1783532936.8370,28,left_eyeball_joint,0.02438595,0.73644,0.26025355,0.52286756,0.46334225,0.5469394,0.46128213
1783532936.8370,28,nose_joint,-0.007472469,0.7003277,0.27853253,0.52287,0.46333945,0.5469418,0.46127924
1783532936.8370,28,right_eye_joint,-0.040211324,0.734859,0.2587122,0.52286756,0.46334225,0.5469394,0.46128213
1783532936.8370,28,right_eyeLowerLid_joint,-0.040211324,0.734859,0.2587122,0.52286756,0.46334225,0.5469394,0.46128213
1783532936.8370,28,right_eyeUpperLid_joint,-0.040211324,0.734859,0.2587122,0.52286756,0.46334225,0.5469394,0.46128213
1783532936.8370,28,right_eyeball_joint,-0.040211324,0.734859,0.2587122,0.52286756,0.46334225,0.5469394,0.46128213
1783532936.8370,28,right_shoulder_1_joint,-0.09245118,0.55203885,0.092910446,0.7779875,0.1637109,0.032498512,0.60570467
1783532936.8370,28,right_arm_joint,-0.22941898,0.50938004,0.114342056,0.6826757,0.56373936,0.26701695,0.3805969
1783532936.8370,28,right_forearm_joint,-0.28841466,0.250588,0.13150954,0.48331973,0.76227415,0.16099189,0.39927685
1783532936.8370,28,right_hand_joint,-0.23107946,0.018684845,0.25292593,0.1457055,0.5118919,0.58732194,0.6097456
1783532936.8370,28,right_handIndexStart_joint,-0.21365555,0.0041482425,0.27056152,0.10537881,0.5522923,0.59635776,0.5729102
1783532936.8370,28,right_handIndex_1_joint,-0.18784866,-0.06007743,0.31129,0.10537881,0.5522923,0.59635776,0.5729102
1783532936.8370,28,right_handIndex_2_joint,-0.17284423,-0.09741818,0.33496895,0.10537881,0.5522923,0.59635776,0.5729102
1783532936.8370,28,right_handIndex_3_joint,-0.16444221,-0.11832916,0.34822994,0.10537881,0.5522923,0.59635776,0.5729102
1783532936.8370,28,right_handIndexEnd_joint,-0.15844077,-0.13326529,0.357702,0.10537881,0.5522923,0.59635776,0.5729102
1783532936.8370,28,right_handMidStart_joint,-0.22328678,-0.0028770922,0.26595095,0.14516579,0.5124108,0.5877012,0.6090727
1783532936.8370,28,right_handMid_1_joint,-0.2068739,-0.06860588,0.3004287,0.14516579,0.5124108,0.5877012,0.6090727
1783532936.8370,28,right_handMid_2_joint,-0.19534086,-0.114792995,0.32465643,0.14516579,0.5124108,0.5877012,0.6090727
1783532936.8370,28,right_handMid_3_joint,-0.18868698,-0.14143959,0.33863387,0.14516579,0.5124108,0.5877012,0.6090727
1783532936.8370,28,right_handMidEnd_joint,-0.18425134,-0.15920362,0.34795228,0.14516579,0.5124108,0.5877012,0.6090727
1783532936.8370,28,right_handPinkyStart_joint,-0.24363779,-0.014817223,0.25138125,0.22123972,0.4384843,0.59197015,0.6390274
1783532936.8370,28,right_handPinky_1_joint,-0.23821525,-0.075180344,0.27033445,0.22123972,0.4384843,0.59197015,0.6390274
1783532936.8370,28,right_handPinky_2_joint,-0.23486622,-0.11246409,0.28204155,0.22123972,0.4384843,0.59197015,0.6390274
1783532936.8370,28,right_handPinky_3_joint,-0.2331116,-0.13199346,0.28817305,0.22123972,0.4384843,0.59197015,0.6390274
1783532936.8370,28,right_handPinkyEnd_joint,-0.23151684,-0.14974724,0.29374743,0.22123972,0.4384843,0.59197015,0.6390274
1783532936.8370,28,right_handRingStart_joint,-0.2325694,-0.008885651,0.25933027,0.18407221,0.47669235,0.5902935,0.62484866
1783532936.8370,28,right_handRing_1_joint,-0.2219966,-0.072672315,0.28576276,0.18407221,0.47669235,0.5902935,0.62484866
1783532936.8370,28,right_handRing_2_joint,-0.21453339,-0.11769785,0.30442056,0.18407221,0.47669235,0.5902935,0.62484866
1783532936.8370,28,right_handRing_3_joint,-0.20986907,-0.14583911,0.3160823,0.18407221,0.47669235,0.5902935,0.62484866
1783532936.8370,28,right_handRingEnd_joint,-0.20675893,-0.16460052,0.32385615,0.18407221,0.47669235,0.5902935,0.62484866
1783532936.8370,28,right_handThumbStart_joint,-0.20579045,0.0033852623,0.26208666,0.2281613,0.94423187,0.077902496,0.2242766
1783532936.8370,28,right_handThumb_1_joint,-0.16308786,-0.021630237,0.2829192,0.2281613,0.94423187,0.07790249,0.2242766
1783532936.8370,28,right_handThumb_2_joint,-0.13256425,-0.039508615,0.29781085,0.2281613,0.94423187,0.077902466,0.2242766
1783532936.8370,28,right_handThumbEnd_joint,-0.112215176,-0.05142788,0.3077379,0.2281613,0.94423187,0.07790245,0.2242766
1783532936.8370,28,camera,0.108117975,0.07218217,-0.031643275,-0.07946679,-0.07592001,-0.70047617,0.7051625
1783532936.8699,29,root,-5.692262e-05,0.022919321,-0.00449091,-0.089645155,-0.0037738406,-0.005870081,0.99594927
1783532936.8699,29,hips_joint,-5.692262e-05,0.022919321,-0.00449091,-0.089645155,-0.0037738406,-0.005870081,0.99594927
1783532936.8699,29,left_upLeg_joint,0.10015812,-0.0025923229,0.0017727792,0.62934804,-0.32718906,0.6274561,-0.32119665
1783532936.8699,29,left_leg_joint,0.0995232,-0.34574962,0.24583974,-0.25218663,0.65666765,-0.32725063,0.6309488
1783532936.8699,29,left_foot_joint,0.06448852,-0.68606,-0.057624854,0.60348034,-0.36141545,0.6467128,-0.29487786
1783532936.8699,29,left_toes_joint,0.049925555,-0.8079109,0.026937293,0.66104287,-0.2404837,0.69088006,-0.16695756
1783532936.8699,29,left_toesEnd_joint,0.045661792,-0.8411913,0.0774734,0.661043,-0.24048352,0.69088,-0.1669578
1783532936.8699,29,right_upLeg_joint,-0.10090223,-0.0003724575,4.924923e-05,0.32932243,0.60594356,0.379721,0.61659646
1783532936.8699,29,right_leg_joint,-0.09133867,-0.3656164,0.20939319,0.62371564,0.30598566,0.662013,0.28123042
1783532936.8699,29,right_foot_joint,-0.062172107,-0.7104495,-0.08955305,0.30229804,0.6255106,0.34771222,0.6296418
1783532936.8699,29,right_toes_joint,-0.058545504,-0.8320668,-0.0034917162,0.17826243,0.67146873,0.22206965,0.68413264
1783532936.8699,29,right_toesEnd_joint,-0.058523044,-0.86502,0.047436707,0.1782629,0.6714689,0.22206919,0.6841325
1783532936.8699,29,spine_1_joint,-5.6942397e-05,0.022919321,-0.0044909106,0.45434186,0.5408036,0.45496628,0.5423196
1783532936.8699,29,spine_2_joint,4.8795387e-06,0.079602785,-0.0144565515,0.4687095,0.5302888,0.46875232,0.52856076
1783532936.8699,29,spine_3_joint,-0.00010275215,0.13673155,-0.021429796,0.49708268,0.5018515,0.49878225,0.5022654
1783532936.8699,29,spine_4_joint,-0.00017050594,0.18978393,-0.02186767,0.53458613,0.45955208,0.53653276,0.463856
1783532936.8699,29,spine_5_joint,-3.7163198e-05,0.2595106,-0.011708142,0.5783392,0.40124205,0.58045745,0.4093873
1783532936.8699,29,spine_6_joint,0.00034905583,0.34747267,0.020984557,0.5859775,0.38545004,0.59587985,0.39113444
1783532936.8699,29,spine_7_joint,-0.00043772548,0.4454763,0.06414665,0.5650915,0.41423842,0.5817662,0.41306967
1783532936.8699,29,left_shoulder_1_joint,0.0867248,0.55494845,0.09614902,-0.6135079,-0.008537473,-0.1386791,0.7773696
1783532936.8699,29,left_arm_joint,0.22617428,0.52519375,0.12275622,-0.36104563,0.2798733,-0.5542764,0.69576937
1783532936.8699,29,left_forearm_joint,0.28705788,0.26628494,0.1256245,0.40918136,-0.14861815,0.7490972,-0.4993365
1783532936.8699,29,left_hand_joint,0.24244937,0.033224028,0.2501268,0.62729514,-0.56951076,0.50881416,-0.1525352
1783532936.8699,29,left_handIndexStart_joint,0.22469799,0.018275851,0.26894024,0.5927778,-0.5785773,0.5481631,-0.115674354
1783532936.8699,29,left_handIndex_1_joint,0.20297651,-0.046996728,0.31038246,0.5927778,-0.5785773,0.5481631,-0.115674354
1783532936.8699,29,left_handIndex_2_joint,0.19034775,-0.0849459,0.33447677,0.5927778,-0.5785773,0.5481631,-0.115674354
1783532936.8699,29,left_handIndex_3_joint,0.18327564,-0.10619745,0.3479696,0.5927778,-0.5785773,0.5481631,-0.115674354
1783532936.8699,29,left_handIndexEnd_joint,0.17822415,-0.121377125,0.3576073,0.5927778,-0.5785773,0.5481631,-0.115674354
1783532936.8699,29,left_handMidStart_joint,0.23466128,0.011769118,0.26427427,0.6286105,-0.56925964,0.5069546,-0.15423943
1783532936.8699,29,left_handMid_1_joint,0.22233786,-0.054521155,0.29937407,0.6286105,-0.56925964,0.5069546,-0.15423943
1783532936.8699,29,left_handMid_2_joint,0.21367812,-0.101103514,0.3240388,0.6286105,-0.56925964,0.5069546,-0.15423943
1783532936.8699,29,left_handMid_3_joint,0.20868213,-0.12797795,0.33826846,0.6286105,-0.56925964,0.5069546,-0.15423943
1783532936.8699,29,left_handMidEnd_joint,0.20535149,-0.14589424,0.3477549,0.6286105,-0.56925964,0.5069546,-0.15423943
1783532936.8699,29,left_handPinkyStart_joint,0.25549933,0.00088595867,0.24956594,0.65854955,-0.57335126,0.43077272,-0.22807108
1783532936.8699,29,left_handPinky_1_joint,0.25368366,-0.059545353,0.26898724,0.65854955,-0.57335126,0.43077272,-0.22807108
1783532936.8699,29,left_handPinky_2_joint,0.25256222,-0.09687057,0.28098276,0.65854955,-0.57335126,0.43077272,-0.22807108
1783532936.8699,29,left_handPinky_3_joint,0.2519748,-0.11642188,0.2872661,0.65854955,-0.57335126,0.43077272,-0.22807108
1783532936.8699,29,left_handPinkyEnd_joint,0.25144076,-0.13419579,0.29297826,0.65854955,-0.57335126,0.43077272,-0.22807108
1783532936.8699,29,left_handRingStart_joint,0.24419801,0.006244173,0.2575939,0.64440084,-0.5717407,0.47008073,-0.1920541
1783532936.8699,29,left_handRing_1_joint,0.23751138,-0.05783914,0.28457272,0.64440084,-0.5717407,0.47008073,-0.1920541
1783532936.8699,29,left_handRing_2_joint,0.2327914,-0.10307442,0.30361655,0.64440084,-0.5717407,0.47008073,-0.1920541
1783532936.8699,29,left_handRing_3_joint,0.22984141,-0.13134646,0.31551898,0.64440084,-0.5717407,0.47008073,-0.1920541
1783532936.8699,29,left_handRingEnd_joint,0.22787476,-0.1501945,0.3234539,0.64440084,-0.5717407,0.47008073,-0.1920541
1783532936.8699,29,left_handThumbStart_joint,0.21680053,0.017009119,0.26055706,0.2322151,-0.06941557,0.9364966,-0.25344047
1783532936.8699,29,left_handThumb_1_joint,0.17579488,-0.010213769,0.28202134,0.2322151,-0.06941557,0.9364966,-0.25344047
1783532936.8699,29,left_handThumb_2_joint,0.14648376,-0.029670272,0.2973642,0.2322151,-0.069415554,0.9364966,-0.25344047
1783532936.8699,29,left_handThumbEnd_joint,0.126943,-0.042641282,0.30759278,0.23221508,-0.06941553,0.9364966,-0.2534405
1783532936.8699,29,neck_1_joint,-0.00303645,0.57474506,0.10004837,0.6119341,0.3447553,0.62128216,0.34740338
1783532936.8699,29,neck_2_joint,-0.003327318,0.60035324,0.115673244,0.60688734,0.35486242,0.6129276,0.36066675
1783532936.8699,29,neck_3_joint,-0.0034559306,0.63526714,0.13519253,0.59211403,0.37727216,0.601096,0.38177347
1783532936.8699,29,neck_4_joint,-0.0037479838,0.6714968,0.15214331,0.5750131,0.4002657,0.5901181,0.40113363
1783532936.8699,29,head_joint,-0.004506107,0.7145835,0.16921878,0.5192497,0.46827447,0.54221535,0.46594155
1783532936.8699,29,jaw_joint,-0.003937076,0.6891577,0.1710094,0.5192497,0.46827447,0.54221535,0.46594155
1783532936.8699,29,chin_joint,-0.0045070825,0.6268549,0.26384285,0.5192497,0.46827447,0.54221535,0.46594155
1783532936.8699,29,left_eye_joint,0.025254287,0.7366726,0.25995383,0.52331394,0.46372813,0.54625833,0.46119505
1783532936.8699,29,left_eyeLowerLid_joint,0.025254287,0.7366726,0.25995383,0.52331394,0.46372813,0.54625833,0.46119505
1783532936.8699,29,left_eyeUpperLid_joint,0.025254287,0.7366726,0.25995383,0.52331394,0.46372813,0.54625833,0.46119505
1783532936.8699,29,left_eyeball_joint,0.025254287,0.7366726,0.25995383,0.52331394,0.46372813,0.54625833,0.46119505
1783532936.8699,29,nose_joint,-0.0065937582,0.7005876,0.27830482,0.5233164,0.4637254,0.5462608,0.46119216
1783532936.8699,29,right_eye_joint,-0.039346267,0.7351258,0.25851908,0.52331394,0.46372813,0.54625833,0.46119505
1783532936.8699,29,right_eyeLowerLid_joint,-0.039346267,0.7351258,0.25851908,0.52331394,0.46372813,0.54625833,0.46119505
1783532936.8699,29,right_eyeUpperLid_joint,-0.039346267,0.7351258,0.25851908,0.52331394,0.46372813,0.54625833,0.46119505
1783532936.8699,29,right_eyeball_joint,-0.039346267,0.7351258,0.25851908,0.52331394,0.46372813,0.54625833,0.46119505
1783532936.8699,29,right_shoulder_1_joint,-0.091956735,0.55224293,0.092903785,0.77800125,0.16404398,0.031770587,0.60563576
1783532936.8699,29,right_arm_joint,-0.22890644,0.5096369,0.1145548,0.68286246,0.5640778,0.26663885,0.38002545
1783532936.8699,29,right_forearm_joint,-0.2878064,0.2508235,0.13173014,0.48336336,0.76264286,0.1607814,0.39860454
1783532936.8699,29,right_hand_joint,-0.23020612,0.018909968,0.2530014,0.146145,0.51231337,0.58737594,0.60923487
1783532936.8699,29,right_handIndexStart_joint,-0.21275018,0.0043749413,0.27060664,0.1058139,0.5526775,0.5964415,0.5723718
1783532936.8699,29,right_handIndex_1_joint,-0.18685895,-0.05985199,0.31127968,0.1058139,0.5526775,0.5964415,0.5723718
1783532936.8699,29,right_handIndex_2_joint,-0.17180549,-0.09719349,0.33492637,0.1058139,0.5526775,0.5964415,0.5723718
1783532936.8699,29,right_handIndex_3_joint,-0.163376,-0.118104875,0.34816933,0.1058139,0.5526775,0.5964415,0.5723718
1783532936.8699,29,right_handIndexEnd_joint,-0.15735494,-0.1330413,0.35762846,0.1058139,0.5526775,0.5964415,0.5723718
1783532936.8699,29,right_handMidStart_joint,-0.22238612,-0.0026525282,0.26600915,0.14560542,0.51283157,0.58775544,0.60856164
1783532936.8699,29,right_handMid_1_joint,-0.20589802,-0.068384215,0.30044553,0.14560542,0.51283157,0.58775544,0.60856164
1783532936.8699,29,right_handMid_2_joint,-0.19431213,-0.114573374,0.32464424,0.14560542,0.51283157,0.58775544,0.60856164
1783532936.8699,29,right_handMid_3_joint,-0.18762775,-0.14122115,0.33860493,0.14560542,0.51283157,0.58775544,0.60856164
1783532936.8699,29,right_handMidEnd_joint,-0.18317178,-0.15898597,0.34791213,0.14560542,0.51283157,0.58775544,0.60856164
1783532936.8699,29,right_handPinkyStart_joint,-0.24275546,-0.014595985,0.25146782,0.22169878,0.4389403,0.59196186,0.63856316
1783532936.8699,29,right_handPinky_1_joint,-0.23728336,-0.074961945,0.27039787,0.22169878,0.4389403,0.59196186,0.63856316
1783532936.8699,29,right_handPinky_2_joint,-0.2339037,-0.11224744,0.28209066,0.22169878,0.4389403,0.59196186,0.63856316
1783532936.8699,29,right_handPinky_3_joint,-0.23213306,-0.13177772,0.28821468,0.22169878,0.4389403,0.59196186,0.63856316
1783532936.8699,29,right_handPinkyEnd_joint,-0.23052372,-0.14953233,0.29378223,0.22169878,0.4389403,0.59196186,0.63856316
1783532936.8699,29,right_handRingStart_joint,-0.23167688,-0.0086626075,0.2594013,0.1845218,0.47713143,0.5903162,0.6243597
1783532936.8699,29,right_handRing_1_joint,-0.22104186,-0.07245219,0.28580183,0.1845218,0.47713143,0.5903162,0.6243597
1783532936.8699,29,right_handRing_2_joint,-0.21353473,-0.11747977,0.3044371,0.1845218,0.47713143,0.5903162,0.6243597
1783532936.8699,29,right_handRing_3_joint,-0.20884298,-0.14562233,0.31608477,0.1845218,0.47713143,0.5903162,0.6243597
1783532936.8699,29,right_handRingEnd_joint,-0.20571452,-0.16438459,0.32384926,0.1845218,0.47713143,0.5903162,0.6243597
1783532936.8699,29,right_handThumbStart_joint,-0.20489785,0.0036167025,0.2621195,0.22808893,0.94443315,0.07788074,0.22350982
1783532936.8699,29,right_handThumb_1_joint,-0.16215481,-0.021389455,0.28288028,0.22808895,0.94443315,0.07788073,0.22350982
1783532936.8699,29,right_handThumb_2_joint,-0.13160226,-0.039261155,0.2977206,0.22808895,0.94443315,0.07788072,0.22350982
1783532936.8699,29,right_handThumbEnd_joint,-0.1112339,-0.051175967,0.30761343,0.22808895,0.94443315,0.077880695,0.22350982
1783532936.8699,29,camera,0.1083879,0.07207369,-0.031505033,-0.07932069,-0.07570892,-0.70076376,0.70491594
1783532936.9036,30,root,-8.4540756e-05,0.022610277,-0.0047577447,-0.08727165,-0.0036950298,-0.0059685516,0.9961599
1783532936.9036,30,hips_joint,-8.4540756e-05,0.022610277,-0.0047577447,-0.08727165,-0.0036950298,-0.0059685516,0.9961599
1783532936.9036,30,left_upLeg_joint,0.10012635,-0.0029499386,0.0013728815,0.6276615,-0.33023506,0.62631136,-0.32360467
1783532936.9036,30,left_leg_joint,0.099013716,-0.3482132,0.24244973,-0.2518303,0.6569701,-0.32754064,0.63062584
1783532936.9036,30,left_foot_joint,0.063442044,-0.68844986,-0.061035156,0.6033864,-0.3618732,0.64674187,-0.2944448
1783532936.9036,30,left_toes_joint,0.048769176,-0.810292,0.023520593,0.6610373,-0.24095093,0.69082654,-0.16652681
1783532936.9036,30,left_toesEnd_joint,0.04448709,-0.8435726,0.07405507,0.6610374,-0.24095072,0.69082654,-0.16652702
1783532936.9036,30,right_upLeg_joint,-0.10093377,-0.00068375823,-0.00031722544,0.33202028,0.6038969,0.38203844,0.6157256
1783532936.9036,30,right_leg_joint,-0.09196889,-0.36765537,0.20601022,0.6228943,0.3062741,0.66198844,0.2827906
1783532936.9036,30,right_foot_joint,-0.062670484,-0.71336126,-0.09191351,0.30147362,0.62523115,0.34673083,0.6308548
1783532936.9036,30,right_toes_joint,-0.059351206,-0.8347409,-0.0055049323,0.17750591,0.67103815,0.22087614,0.6851377
1783532936.9036,30,right_toesEnd_joint,-0.059463028,-0.867551,0.04551565,0.17750639,0.6710383,0.22087568,0.68513757
1783532936.9036,30,spine_1_joint,-8.456053e-05,0.022610277,-0.0047577447,0.4553809,0.5400594,0.45578,0.54150635
1783532936.9036,30,spine_2_joint,-1.5423911e-05,0.07932752,-0.014529319,0.46937072,0.529913,0.46911898,0.5280253
1783532936.9036,30,spine_3_joint,-0.00011676611,0.13646974,-0.021391554,0.49734905,0.50188714,0.49866533,0.50208175
1783532936.9036,30,spine_4_joint,-0.00017595591,0.18952224,-0.021813616,0.5344482,0.4601119,0.53590673,0.46418345
1783532936.9036,30,spine_5_joint,-2.0688194e-05,0.2592656,-0.0117695555,0.57798296,0.4023155,0.57945484,0.41025573
1783532936.9036,30,spine_6_joint,0.00042234123,0.3473364,0.020628138,0.58559006,0.38672626,0.59475076,0.39217106
1783532936.9036,30,spine_7_joint,-0.00028695405,0.4455082,0.063407525,0.5648454,0.41533267,0.58071136,0.41379023
1783532936.9036,30,left_shoulder_1_joint,0.086943634,0.5550574,0.09495755,-0.61410767,-0.008431882,-0.13687351,0.77721673
1783532936.9036,30,left_arm_joint,0.22653794,0.52569866,0.12124304,-0.3614565,0.28105417,-0.55315423,0.6959725
1783532936.9036,30,left_forearm_joint,0.2877302,0.26685715,0.123549275,0.40984458,-0.14957424,0.7483942,-0.49956042
1783532936.9036,30,left_hand_joint,0.24353316,0.033631723,0.24788962,0.62795985,-0.56985104,0.5076771,-0.15231481
1783532936.9036,30,left_handIndexStart_joint,0.22583486,0.01865366,0.26672918,0.5935144,-0.57890296,0.54707146,-0.11543177
1783532936.9036,30,left_handIndex_1_joint,0.20424484,-0.04667683,0.30814868,0.5935144,-0.57890296,0.54707146,-0.11543177
1783532936.9036,30,left_handIndex_2_joint,0.1916925,-0.08465967,0.3322298,0.5935144,-0.57890296,0.54707146,-0.11543177
1783532936.9036,30,left_handIndex_3_joint,0.18466319,-0.10593006,0.34571522,0.5935144,-0.57890296,0.54707146,-0.11543177
1783532936.9036,30,left_handIndexEnd_joint,0.17964226,-0.121123195,0.35534766,0.5935144,-0.57890296,0.54707146,-0.11543177
1783532936.9036,30,left_handMidStart_joint,0.23578958,0.0121568795,0.2620312,0.6292718,-0.56960064,0.5058157,-0.15401971
1783532936.9036,30,left_handMid_1_joint,0.22358242,-0.054179657,0.29708406,0.6292718,-0.56960064,0.5058157,-0.15401971
1783532936.9036,30,left_handMid_2_joint,0.2150044,-0.100794524,0.3217158,0.6292718,-0.56960064,0.5058157,-0.15401971
1783532936.9036,30,left_handMid_3_joint,0.21005556,-0.12768772,0.33592644,0.6292718,-0.56960064,0.5058157,-0.15401971
1783532936.9036,30,left_handMidEnd_joint,0.20675632,-0.14561652,0.34540018,0.6292718,-0.56960064,0.5058157,-0.15401971
1783532936.9036,30,left_handPinkyStart_joint,0.2565963,0.0013002824,0.2472591,0.65907526,-0.57373184,0.42957795,-0.22784631
1783532936.9036,30,left_handPinky_1_joint,0.25485566,-0.059154313,0.2666145,0.65907526,-0.57373184,0.42957795,-0.22784631
1783532936.9036,30,left_handPinky_2_joint,0.25378057,-0.09649392,0.2785693,0.65907526,-0.57373184,0.42957795,-0.22784631
1783532936.9036,30,left_handPinky_3_joint,0.25321743,-0.11605276,0.28483135,0.65907526,-0.57373184,0.42957795,-0.22784631
1783532936.9036,30,left_handPinkyEnd_joint,0.25270548,-0.13383351,0.29052413,0.65907526,-0.57373184,0.42957795,-0.22784631
1783532936.9036,30,left_handRingStart_joint,0.24531235,0.0066440343,0.25532103,0.6449954,-0.57210314,0.46891245,-0.19183208
1783532936.9036,30,left_handRing_1_joint,0.238721,-0.057473548,0.2822416,0.6449954,-0.57210314,0.46891245,-0.19183208
1783532936.9036,30,left_handRing_2_joint,0.23406829,-0.102733016,0.30124438,0.6449954,-0.57210314,0.46891245,-0.19183208
1783532936.9036,30,left_handRing_3_joint,0.23116034,-0.13102017,0.3131211,0.6449954,-0.57210314,0.46891245,-0.19183208
1783532936.9036,30,left_handRingEnd_joint,0.22922172,-0.1498783,0.32103893,0.6449954,-0.57210314,0.46891245,-0.19183208
1783532936.9036,30,left_handThumbStart_joint,0.21791738,0.017393094,0.258364,0.23323391,-0.07021856,0.9361124,-0.25370163
1783532936.9036,30,left_handThumb_1_joint,0.17697696,-0.009873301,0.27989727,0.23323391,-0.07021856,0.9361124,-0.25370163
1783532936.9036,30,left_handThumb_2_joint,0.14771247,-0.0293609,0.29528946,0.23323391,-0.07021854,0.9361124,-0.25370163
1783532936.9036,30,left_handThumbEnd_joint,0.12820281,-0.04235264,0.30555093,0.23323391,-0.07021851,0.9361124,-0.25370163
1783532936.9036,30,neck_1_joint,-0.002807458,0.57489055,0.09890301,0.6118066,0.34586608,0.6203176,0.3482457
1783532936.9036,30,neck_2_joint,-0.0030724888,0.60054815,0.11444709,0.60673505,0.3559687,0.6119483,0.36149386
1783532936.9036,30,neck_3_joint,-0.0031680423,0.6355237,0.13385588,0.5919242,0.37837437,0.60008734,0.38256186
1783532936.9036,30,neck_4_joint,-0.003429802,0.6718069,0.15069224,0.5747892,0.40136468,0.5890809,0.40187955
1783532936.9036,30,head_joint,-0.0041556386,0.7149475,0.16763213,0.5189035,0.46934426,0.54109573,0.46655133
1783532936.9036,30,jaw_joint,-0.0035912544,0.68952733,0.16950253,0.5189035,0.46934426,0.54109573,0.46655133
1783532936.9036,30,chin_joint,-0.004065297,0.6275189,0.26253325,0.5189035,0.46934426,0.54109573,0.46655133
1783532936.9036,30,left_eye_joint,0.025720775,0.7373156,0.25826064,0.52297705,0.46480098,0.5451441,0.46181458
1783532936.9036,30,left_eyeLowerLid_joint,0.025720775,0.7373156,0.25826064,0.52297705,0.46480098,0.5451441,0.46181458
1783532936.9036,30,left_eyeUpperLid_joint,0.025720775,0.7373156,0.25826064,0.52297705,0.46480098,0.5451441,0.46181458
1783532936.9036,30,left_eyeball_joint,0.025720775,0.7373156,0.25826064,0.52297705,0.46480098,0.5451441,0.46181458
1783532936.9036,30,nose_joint,-0.0061146338,0.7012975,0.27676433,0.5229795,0.46479815,0.5451465,0.46181166
1783532936.9036,30,right_eye_joint,-0.03888185,0.7357818,0.2569091,0.52297705,0.46480098,0.5451441,0.46181458
1783532936.9036,30,right_eyeLowerLid_joint,-0.03888185,0.7357818,0.2569091,0.52297705,0.46480098,0.5451441,0.46181458
1783532936.9036,30,right_eyeUpperLid_joint,-0.03888185,0.7357818,0.2569091,0.52297705,0.46480098,0.5451441,0.46181458
1783532936.9036,30,right_eyeball_joint,-0.03888185,0.7357818,0.2569091,0.52297705,0.46480098,0.5451441,0.46181458
1783532936.9036,30,right_shoulder_1_joint,-0.091742314,0.5523901,0.091937475,0.77816004,0.16301467,0.031049633,0.6057463
1783532936.9036,30,right_arm_joint,-0.22880282,0.5101345,0.11357416,0.68372285,0.5631628,0.26741508,0.37928802
1783532936.9036,30,right_forearm_joint,-0.28803077,0.2513437,0.1299393,0.48448378,0.7620314,0.16199292,0.39792165
1783532936.9036,30,right_hand_joint,-0.23072073,0.018931465,0.2503899,0.14745075,0.51109546,0.5879751,0.6093641
1783532936.9036,30,right_handIndexStart_joint,-0.21328561,0.004313743,0.26794717,0.10707478,0.5514704,0.5971287,0.57258385
1783532936.9036,30,right_handIndex_1_joint,-0.18747663,-0.06008788,0.3083954,0.10707478,0.5514704,0.5971287,0.57258385
1783532936.9036,30,right_handIndex_2_joint,-0.172471,-0.09753094,0.33191139,0.10707478,0.5514704,0.5971287,0.57258385
1783532936.9036,30,right_handIndex_3_joint,-0.1640683,-0.1184992,0.34508112,0.10707478,0.5514704,0.5971287,0.57258385
1783532936.9036,30,right_handIndexEnd_joint,-0.15806636,-0.13347626,0.35448802,0.10707478,0.5514704,0.5971287,0.57258385
1783532936.9036,30,right_handMidStart_joint,-0.22292818,-0.0026863813,0.26332197,0.1469102,0.5116134,0.58835596,0.608692
1783532936.9036,30,right_handMid_1_joint,-0.20652235,-0.06855982,0.29752576,0.1469102,0.5116134,0.58835596,0.608692
1783532936.9036,30,right_handMid_2_joint,-0.19499427,-0.11484859,0.32156104,0.1469102,0.5116134,0.58835596,0.608692
1783532936.9036,30,right_handMid_3_joint,-0.18834324,-0.14155383,0.33542743,0.1469102,0.5116134,0.58835596,0.608692
1783532936.9036,30,right_handMidEnd_joint,-0.1839095,-0.15935697,0.3446718,0.1469102,0.5116134,0.58835596,0.608692
1783532936.9036,30,right_handPinkyStart_joint,-0.24330704,-0.014554703,0.24873257,0.22301565,0.43766862,0.5924226,0.63854945
1783532936.9036,30,right_handPinky_1_joint,-0.23790717,-0.07499438,0.26744664,0.22301565,0.43766862,0.5924226,0.63854945
1783532936.9036,30,right_handPinky_2_joint,-0.23457214,-0.112325415,0.27900606,0.22301565,0.43766862,0.5924226,0.63854945
1783532936.9036,30,right_handPinky_3_joint,-0.23282488,-0.13187955,0.2850602,0.22301565,0.43766862,0.5924226,0.63854945
1783532936.9036,30,right_handPinkyEnd_joint,-0.23123677,-0.14965585,0.29056427,0.22301565,0.43766862,0.5924226,0.63854945
1783532936.9036,30,right_handRingStart_joint,-0.23222391,-0.008662274,0.25669014,0.18583469,0.475885,0.5908485,0.624417
1783532936.9036,30,right_handRing_1_joint,-0.22166692,-0.07255818,0.28286365,0.18583469,0.475885,0.5908485,0.624417
1783532936.9036,30,right_handRing_2_joint,-0.21421488,-0.11766081,0.3013387,0.18583469,0.475885,0.5908485,0.624417
1783532936.9036,30,right_handRing_3_joint,-0.20955755,-0.14585027,0.3128862,0.18583469,0.475885,0.5908485,0.624417
1783532936.9036,30,right_handRingEnd_joint,-0.20645206,-0.16464382,0.3205839,0.18583469,0.475885,0.5908485,0.624417
1783532936.9036,30,right_handThumbStart_joint,-0.20543194,0.0035772764,0.25945938,0.22900705,0.94413507,0.07948431,0.22326371
1783532936.9036,30,right_handThumb_1_joint,-0.16272224,-0.021551056,0.2801409,0.22900702,0.9441351,0.0794843,0.22326368
1783532936.9036,30,right_handThumb_2_joint,-0.13219355,-0.039510086,0.29492462,0.229007,0.9441351,0.079484284,0.22326368
1783532936.9036,30,right_handThumbEnd_joint,-0.11184108,-0.05148311,0.30477968,0.22900702,0.9441351,0.079484254,0.22326368
1783532936.9036,30,camera,0.10891782,0.07160685,-0.031857267,-0.07960418,-0.07614693,-0.7008405,0.70476055
1783532936.9377,31,root,-4.219273e-05,0.022665832,-0.0045033745,-0.086547494,-0.0031072125,-0.0055185654,0.99622756
1783532936.9377,31,hips_joint,-4.219273e-05,0.022665832,-0.0045033745,-0.086547494,-0.0031072125,-0.0055185654,0.99622756
1783532936.9377,31,left_upLeg_joint,0.10019664,-0.002823019,0.001465598,0.6268884,-0.3317839,0.62552273,-0.32504094
1783532936.9377,31,left_leg_joint,0.099051885,-0.3492307,0.24089482,-0.24736543,0.6589888,-0.3234276,0.63240695
1783532936.9377,31,left_foot_joint,0.063499324,-0.6853958,-0.06709606,0.60111654,-0.36621583,0.6446024,-0.29838336
1783532936.9377,31,left_toes_joint,0.048707534,-0.8083402,0.01582775,0.65963167,-0.24564506,0.6894723,-0.17079948
1783532936.9377,31,left_toesEnd_joint,0.044375118,-0.8422854,0.06591386,0.65963167,-0.24564485,0.6894723,-0.17079969
1783532936.9377,31,right_upLeg_joint,-0.100867175,-0.0007154226,2.830267e-05,0.3328429,0.60460675,0.38340318,0.61373305
1783532936.9377,31,right_leg_joint,-0.0903,-0.3683687,0.20506205,0.62535125,0.30396184,0.6627391,0.27806416
1783532936.9377,31,right_foot_joint,-0.061382692,-0.71076965,-0.09669063,0.30483368,0.6249262,0.35023633,0.62759703
1783532936.9377,31,right_toes_joint,-0.05744878,-0.8330668,-0.011611986,0.18086286,0.67137545,0.22493556,0.6826034
1783532936.9377,31,right_toesEnd_joint,-0.057286076,-0.866426,0.039051197,0.18086334,0.67137575,0.22493511,0.6826033
1783532936.9377,31,spine_1_joint,-4.221251e-05,0.022665832,-0.0045033745,0.45555398,0.5404256,0.4556569,0.5410982
1783532936.9377,31,spine_2_joint,-5.7392335e-06,0.079383984,-0.014269746,0.46936864,0.53037524,0.46864128,0.52798676
1783532936.9377,31,spine_3_joint,-0.00011194518,0.13651994,-0.021183627,0.49726468,0.5023965,0.4979518,0.50236356
1783532936.9377,31,spine_4_joint,-0.0001499634,0.18957168,-0.02168996,0.53436005,0.4606163,0.5350803,0.46473697
1783532936.9377,31,spine_5_joint,6.4436885e-05,0.25933456,-0.011783788,0.57794327,0.40276378,0.5786302,0.41103476
1783532936.9377,31,spine_6_joint,0.0006191129,0.3474732,0.020427136,0.5855948,0.38705966,0.59396845,0.39302003
1783532936.9377,31,spine_7_joint,5.373664e-05,0.4457308,0.06301119,0.5648769,0.41553682,0.5799709,0.41458055
1783532936.9377,31,left_shoulder_1_joint,0.08744168,0.5552183,0.09433931,-0.6143792,-0.007458865,-0.13679239,0.7770265
1783532936.9377,31,left_arm_joint,0.22704692,0.5257126,0.12040132,-0.36197767,0.28204203,-0.5525592,0.6957747
1783532936.9377,31,left_forearm_joint,0.28829324,0.26688144,0.122410275,0.41102728,-0.15022525,0.74736077,-0.49994048
1783532936.9377,31,left_hand_joint,0.24482006,0.03354227,0.24679242,0.62913305,-0.5697491,0.50645995,-0.15190656
1783532936.9377,31,left_handIndexStart_joint,0.22720255,0.018531304,0.26568148,0.5947638,-0.57877547,0.54593295,-0.11503021
1783532936.9377,31,left_handIndex_1_joint,0.2058361,-0.046846855,0.30714172,0.5947638,-0.57877547,0.54593295,-0.11503021
1783532936.9377,31,left_handIndex_2_joint,0.19341375,-0.08485741,0.3312465,0.5947638,-0.57877547,0.54593295,-0.11503021
1783532936.9377,31,left_handIndex_3_joint,0.18645723,-0.106143326,0.34474516,0.5947638,-0.57877547,0.54593295,-0.11503021
1783532936.9377,31,left_handIndexEnd_joint,0.18148828,-0.12134755,0.35438707,0.5947638,-0.57877547,0.54593295,-0.11503021
1783532936.9377,31,left_handMidStart_joint,0.23715162,0.012050618,0.26094943,0.6304415,-0.5695001,0.50459546,-0.15361084
1783532936.9377,31,left_handMid_1_joint,0.22514932,-0.054317635,0.29601306,0.6304415,-0.5695001,0.50459546,-0.15361084
1783532936.9377,31,left_handMid_2_joint,0.21671528,-0.10095478,0.32065234,0.6304415,-0.5695001,0.50459546,-0.15361084
1783532936.9377,31,left_handMid_3_joint,0.21184948,-0.12786083,0.33486733,0.6304415,-0.5695001,0.50459546,-0.15361084
1783532936.9377,31,left_handMidEnd_joint,0.2086056,-0.14579819,0.344344,0.6304415,-0.5695001,0.50459546,-0.15361084
1783532936.9377,31,left_handPinkyStart_joint,0.25792706,0.0012296939,0.24610725,0.6601124,-0.5737107,0.4282575,-0.22738278
1783532936.9377,31,left_handPinky_1_joint,0.25633338,-0.059235267,0.2654429,0.6601124,-0.5737107,0.4282575,-0.22738278
1783532936.9377,31,left_handPinky_2_joint,0.25534904,-0.09658127,0.27738553,0.6601124,-0.5737107,0.4282575,-0.22738278
1783532936.9377,31,left_handPinky_3_joint,0.25483343,-0.11614347,0.2836412,0.6601124,-0.5737107,0.4282575,-0.22738278
1783532936.9377,31,left_handPinkyEnd_joint,0.2543647,-0.13392729,0.28932816,0.6601124,-0.5737107,0.4282575,-0.22738278
1783532936.9377,31,left_handRingStart_joint,0.24666099,0.006554081,0.25420696,0.6461009,-0.5720434,0.46764007,-0.19139627
1783532936.9377,31,left_handRing_1_joint,0.2402457,-0.057583883,0.28112152,0.6461009,-0.5720434,0.46764007,-0.19139627
1783532936.9377,31,left_handRing_2_joint,0.23571725,-0.10285774,0.30012006,0.6461009,-0.5720434,0.46764007,-0.19139627
1783532936.9377,31,left_handRing_3_joint,0.23288697,-0.13115391,0.31199414,0.6461009,-0.5720434,0.46764007,-0.19139627
1783532936.9377,31,left_handRingEnd_joint,0.23100013,-0.150018,0.3199102,0.6461009,-0.5720434,0.46764007,-0.19139627
1783532936.9377,31,left_handThumbStart_joint,0.21926053,0.017262917,0.25734076,0.23470725,-0.07064628,0.9355485,-0.25430405
1783532936.9377,31,left_handThumb_1_joint,0.17842701,-0.010070525,0.27899173,0.23470725,-0.07064628,0.9355485,-0.25430405
1783532936.9377,31,left_handThumb_2_joint,0.14923891,-0.029606054,0.29446805,0.23470725,-0.07064626,0.9355485,-0.25430405
1783532936.9377,31,left_handThumbEnd_joint,0.12978017,-0.042629745,0.30478558,0.23470722,-0.07064623,0.9355485,-0.25430405
1783532936.9377,31,neck_1_joint,-0.0022815638,0.57517725,0.098285176,0.6118559,0.34606048,0.6196712,0.34911606
1783532936.9377,31,neck_2_joint,-0.002506581,0.60086185,0.11378523,0.60677797,0.35616177,0.6112855,0.3623523
1783532936.9377,31,neck_3_joint,-0.0025482755,0.6358708,0.13313392,0.59196156,0.37857118,0.5993942,0.3833955
1783532936.9377,31,neck_4_joint,-0.0027554375,0.67218316,0.14990798,0.5748233,0.4015671,0.58835834,0.40268677
1783532936.9377,31,head_joint,-0.0034175355,0.71535385,0.16677396,0.51891774,0.46955493,0.54028267,0.4672656
1783532936.9377,31,jaw_joint,-0.0028861265,0.6899362,0.16868784,0.51891774,0.46955493,0.54028267,0.4672656
1783532936.9377,31,chin_joint,-0.0034064322,0.6280884,0.26182526,0.51891774,0.46955493,0.54028267,0.4672656
1783532936.9377,31,left_eye_joint,0.026523517,0.737838,0.25735238,0.52299315,0.46501148,0.5443373,0.46253592
1783532936.9377,31,left_eyeLowerLid_joint,0.026523517,0.737838,0.25735238,0.52299315,0.46501148,0.5443373,0.46253592
1783532936.9377,31,left_eyeUpperLid_joint,0.026523517,0.737838,0.25735238,0.52299315,0.46501148,0.5443373,0.46253592
1783532936.9377,31,left_eyeball_joint,0.026523517,0.737838,0.25735238,0.52299315,0.46501148,0.5443373,0.46253592
1783532936.9377,31,nose_joint,-0.0053524636,0.70189404,0.2759302,0.5229956,0.46500874,0.5443397,0.46253303
1783532936.9377,31,right_eye_joint,-0.038081612,0.73638755,0.25602835,0.52299315,0.46501148,0.5443373,0.46253592
1783532936.9377,31,right_eyeLowerLid_joint,-0.038081612,0.73638755,0.25602835,0.52299315,0.46501148,0.5443373,0.46253592
1783532936.9377,31,right_eyeUpperLid_joint,-0.038081612,0.73638755,0.25602835,0.52299315,0.46501148,0.5443373,0.46253592
1783532936.9377,31,right_eyeball_joint,-0.038081612,0.73638755,0.25602835,0.52299315,0.46501148,0.5443373,0.46253592
1783532936.9377,31,right_shoulder_1_joint,-0.09124886,0.55278283,0.09139253,0.7781302,0.16261028,0.031246783,0.6058835
1783532936.9377,31,right_arm_joint,-0.228344,0.510584,0.112920396,0.6835744,0.56310487,0.26819533,0.3790912
1783532936.9377,31,right_forearm_joint,-0.28738445,0.25172946,0.12895223,0.48430097,0.7619704,0.16281097,0.3979275
1783532936.9377,31,right_hand_joint,-0.22998178,0.019232731,0.24919574,0.14730127,0.51055455,0.5885919,0.60925865
1783532936.9377,31,right_handIndexStart_joint,-0.21254991,0.004610566,0.26675257,0.10688311,0.5509237,0.5977336,0.5725153
1783532936.9377,31,right_handIndex_1_joint,-0.18672168,-0.05981374,0.30715245,0.10688311,0.5509237,0.5977336,0.5725153
1783532936.9377,31,right_handIndex_2_joint,-0.17170486,-0.09726999,0.33064038,0.10688311,0.5509237,0.5977336,0.5725153
1783532936.9377,31,right_handIndex_3_joint,-0.16329588,-0.11824564,0.3437944,0.10688311,0.5509237,0.5977336,0.5725153
1783532936.9377,31,right_handIndexEnd_joint,-0.15728946,-0.13322797,0.35319003,0.10688311,0.5509237,0.5977336,0.5725153
1783532936.9377,31,right_handMidStart_joint,-0.2221822,-0.002392764,0.26211077,0.14675997,0.51107234,0.58897245,0.6085869
1783532936.9377,31,right_handMid_1_joint,-0.20575015,-0.068290085,0.296256,0.14675997,0.51107234,0.58897245,0.6085869
1783532936.9377,31,right_handMid_2_joint,-0.19420367,-0.11459563,0.32025015,0.14675997,0.51107234,0.58897245,0.6085869
1783532936.9377,31,right_handMid_3_joint,-0.18754204,-0.14131056,0.33409283,0.14675997,0.51107234,0.58897245,0.6085869
1783532936.9377,31,right_handMidEnd_joint,-0.18310124,-0.15912014,0.34332132,0.14675997,0.51107234,0.58897245,0.6085869
1783532936.9377,31,right_handPinkyStart_joint,-0.24253745,-0.014262495,0.24748962,0.22291228,0.43714476,0.59304535,0.6383665
1783532936.9377,31,right_handPinky_1_joint,-0.23710205,-0.07471832,0.2661412,0.22291228,0.43714476,0.59304535,0.6383665
1783532936.9377,31,right_handPinky_2_joint,-0.23374505,-0.11205933,0.277662,0.22291228,0.43714476,0.59304535,0.6383665
1783532936.9377,31,right_handPinky_3_joint,-0.23198628,-0.1316187,0.28369594,0.22291228,0.43714476,0.59304535,0.6383665
1783532936.9377,31,right_handPinkyEnd_joint,-0.23038773,-0.14939974,0.28918162,0.22291228,0.43714476,0.59304535,0.6383665
1783532936.9377,31,right_handRingStart_joint,-0.2314667,-0.008369327,0.25546387,0.1857076,0.47535232,0.5914697,0.6242729
1783532936.9377,31,right_handRing_1_joint,-0.22087793,-0.07228524,0.28157574,0.1857076,0.47535232,0.5914697,0.6242729
1783532936.9377,31,right_handRing_2_joint,-0.21340345,-0.117401995,0.30000725,0.1857076,0.47535232,0.5914697,0.6242729
1783532936.9377,31,right_handRing_3_joint,-0.2087321,-0.14560029,0.31152758,0.1857076,0.47535232,0.5914697,0.6242729
1783532936.9377,31,right_handRingEnd_joint,-0.20561726,-0.16439971,0.31920713,0.1857076,0.47535232,0.5914697,0.6242729
1783532936.9377,31,right_handThumbStart_joint,-0.2046879,0.0038903926,0.2582711,0.22868527,0.9440885,0.080211975,0.2235307
1783532936.9377,31,right_handThumb_1_joint,-0.16197513,-0.021223916,0.27896348,0.22868527,0.9440885,0.08021196,0.2235307
1783532936.9377,31,right_handThumb_2_joint,-0.13144425,-0.039172925,0.2937549,0.22868524,0.9440886,0.080211945,0.22353067
1783532936.9377,31,right_handThumbEnd_joint,-0.11109033,-0.05113927,0.30361515,0.22868524,0.9440886,0.080211915,0.22353067
1783532936.9377,31,camera,0.108960606,0.071814395,-0.032334946,-0.08002753,-0.0769343,-0.7006074,0.7048588
1783532936.9698,32,root,-3.2073054e-05,0.02278156,-0.004368023,-0.085540704,-0.0034462223,-0.00522459,0.99631506
1783532936.9698,32,hips_joint,-3.2073054e-05,0.02278156,-0.004368023,-0.085540704,-0.0034462223,-0.00522459,0.99631506
1783532936.9698,32,left_upLeg_joint,0.100219555,-0.0026540111,0.0016132995,0.6254071,-0.33259588,0.62553,-0.3270447
1783532936.9698,32,left_leg_joint,0.0986128,-0.35013306,0.2394824,-0.24342264,0.6593838,-0.31974012,0.6353935
1783532936.9698,32,left_foot_joint,0.06475329,-0.6827501,-0.07252533,0.59825623,-0.3689582,0.6435413,-0.30300847
1783532936.9698,32,left_toes_joint,0.04976797,-0.80666405,0.008907165,0.657343,-0.24887986,0.68930703,-0.1755419
1783532936.9698,32,left_toesEnd_joint,0.045269124,-0.84119207,0.05857844,0.65734303,-0.24887966,0.68930703,-0.1755421
1783532936.9698,32,right_upLeg_joint,-0.10084464,-0.00067441224,5.241841e-05,0.3335748,0.60418355,0.38520893,0.612621
1783532936.9698,32,right_leg_joint,-0.08953956,-0.369154,0.20355792,0.6264843,0.3016926,0.6641491,0.2746
1783532936.9698,32,right_foot_joint,-0.060167987,-0.708824,-0.10122253,0.307125,0.6238385,0.35348275,0.6257395
1783532936.9698,32,right_toes_joint,-0.055958003,-0.83186,-0.017229117,0.18331882,0.6707418,0.22847518,0.6813949
1783532936.9698,32,right_toesEnd_joint,-0.05570378,-0.8656647,0.0331375,0.1833193,0.67074203,0.22847474,0.68139476
1783532936.9698,32,spine_1_joint,-3.209283e-05,0.02278156,-0.004368023,0.45563316,0.54009134,0.45609733,0.5409945
1783532936.9698,32,spine_2_joint,-2.591824e-07,0.07950909,-0.014079884,0.46932217,0.53017855,0.46871912,0.528157
1783532936.9698,32,spine_3_joint,-9.0839174e-05,0.13664548,-0.020990515,0.4971028,0.50234914,0.49774033,0.5027811
1783532936.9698,32,spine_4_joint,-0.00010145833,0.18969688,-0.021536285,0.5341021,0.46071827,0.53469414,0.4653775
1783532936.9698,32,spine_5_joint,0.0001580126,0.25947332,-0.011726928,0.5776082,0.40303645,0.5781819,0.41186923
1783532936.9698,32,spine_6_joint,0.0007684595,0.34767318,0.020315232,0.5851831,0.38747036,0.59351176,0.39391804
1783532936.9698,32,spine_7_joint,0.0002507002,0.4460253,0.06268121,0.56434983,0.4160332,0.5795064,0.41544953
1783532936.9698,32,left_shoulder_1_joint,0.0876694,0.55555266,0.09378338,-0.61537826,-0.0075444584,-0.1369497,0.77620727
1783532936.9698,32,left_arm_joint,0.22726177,0.52606153,0.11993061,-0.36270952,0.28148845,-0.5534018,0.694948
1783532936.9698,32,left_forearm_joint,0.28817835,0.26715887,0.122645944,0.41167328,-0.1492917,0.74800384,-0.49872604
1783532936.9698,32,left_hand_joint,0.24433957,0.034288216,0.24777606,0.6289179,-0.56939065,0.5075356,-0.15054794
1783532936.9698,32,left_handIndexStart_joint,0.22669715,0.019364772,0.2667112,0.5944797,-0.57833004,0.5469933,-0.11369822
1783532936.9698,32,left_handIndex_1_joint,0.20522743,-0.045846995,0.30837974,0.5944797,-0.57833004,0.5469933,-0.11369822
1783532936.9698,32,left_handIndex_2_joint,0.19274502,-0.08376081,0.33260563,0.5944797,-0.57833004,0.5469933,-0.11369822
1783532936.9698,32,left_handIndex_3_joint,0.18575487,-0.104992546,0.34617212,0.5944797,-0.57833004,0.5469933,-0.11369822
1783532936.9698,32,left_handIndexEnd_joint,0.1807619,-0.12015808,0.3558625,0.5944797,-0.57833004,0.5469933,-0.11369822
1783532936.9698,32,left_handMidStart_joint,0.23663713,0.012853932,0.26200145,0.6302294,-0.5691456,0.50567204,-0.15225142
1783532936.9698,32,left_handMid_1_joint,0.22453088,-0.05338262,0.29727784,0.6302294,-0.5691456,0.50567204,-0.15225142
1783532936.9698,32,left_handMid_2_joint,0.21602379,-0.099927224,0.32206663,0.6302294,-0.5691456,0.50567204,-0.15225142
1783532936.9698,32,left_handMid_3_joint,0.21111585,-0.12677988,0.33636788,0.6302294,-0.5691456,0.50567204,-0.15225142
1783532936.9698,32,left_handMidEnd_joint,0.20784388,-0.14468165,0.34590203,0.6302294,-0.5691456,0.50567204,-0.15225142
1783532936.9698,32,left_handPinkyStart_joint,0.25739828,0.001953988,0.2471971,0.66002136,-0.5734969,0.42939812,-0.22603278
1783532936.9698,32,left_handPinky_1_joint,0.25571153,-0.058445737,0.26672792,0.66002136,-0.5734969,0.42939812,-0.22603278
1783532936.9698,32,left_handPinky_2_joint,0.2546697,-0.09575146,0.2787911,0.66002136,-0.5734969,0.42939812,-0.22603278
1783532936.9698,32,left_handPinky_3_joint,0.254124,-0.11529255,0.2851099,0.66002136,-0.5734969,0.42939812,-0.22603278
1783532936.9698,32,left_handPinkyEnd_joint,0.2536279,-0.13305718,0.29085425,0.66002136,-0.5734969,0.42939812,-0.22603278
1783532936.9698,32,left_handRingStart_joint,0.24613914,0.007321396,0.25527805,0.6459504,-0.5717578,0.4687501,-0.1900393
1783532936.9698,32,left_handRing_1_joint,0.23962429,-0.056719586,0.28239897,0.6459504,-0.5717578,0.4687501,-0.1900393
1783532936.9698,32,left_handRing_2_joint,0.23502557,-0.101924986,0.30154318,0.6459504,-0.5717578,0.4687501,-0.1900393
1783532936.9698,32,left_handRing_3_joint,0.23215137,-0.13017836,0.3135083,0.6459504,-0.5717578,0.4687501,-0.1900393
1783532936.9698,32,left_handRingEnd_joint,0.23023525,-0.14901395,0.32148504,0.6459504,-0.5717578,0.4687501,-0.1900393
1783532936.9698,32,left_handThumbStart_joint,0.2187543,0.018081306,0.25837356,0.2350035,-0.06929281,0.93586713,-0.2532288
1783532936.9698,32,left_handThumb_1_joint,0.17787704,-0.0091208685,0.28010732,0.2350035,-0.06929281,0.93586713,-0.2532288
1783532936.9698,32,left_handThumb_2_joint,0.1486577,-0.028562564,0.2956428,0.2350035,-0.0692928,0.93586713,-0.2532288
1783532936.9698,32,left_handThumbEnd_joint,0.12917814,-0.041523702,0.30599976,0.23500349,-0.06929277,0.93586713,-0.2532288
1783532936.9698,32,neck_1_joint,-0.002047531,0.5755563,0.09764605,0.6113851,0.3466079,0.6193117,0.35003495
1783532936.9698,32,neck_2_joint,-0.0022685735,0.60127777,0.11308484,0.6062952,0.35669762,0.61091036,0.3632656
1783532936.9698,32,neck_3_joint,-0.0023041505,0.63633275,0.13235013,0.5914606,0.37909156,0.59898525,0.38429317
1783532936.9698,32,neck_4_joint,-0.002503659,0.672685,0.14903763,0.574306,0.40207392,0.5879149,0.40356645
1783532936.9698,32,head_joint,-0.0031554382,0.71589595,0.16580057,0.51834667,0.4700027,0.5397345,0.4680828
1783532936.9698,32,jaw_joint,-0.002634806,0.6904828,0.16777515,0.51834667,0.4700027,0.5397345,0.4680828
1783532936.9698,32,chin_joint,-0.003216452,0.628857,0.26105934,0.51834667,0.4700027,0.5397345,0.4680828
1783532936.9698,32,left_eye_joint,0.02675853,0.7385838,0.25633717,0.52242595,0.4654642,0.54379624,0.46335784
1783532936.9698,32,left_eyeLowerLid_joint,0.02675853,0.7385838,0.25633717,0.52242595,0.4654642,0.54379624,0.46335784
1783532936.9698,32,left_eyeUpperLid_joint,0.02675853,0.7385838,0.25633717,0.52242595,0.4654642,0.54379624,0.46335784
1783532936.9698,32,left_eyeball_joint,0.02675853,0.7385838,0.25633717,0.52242595,0.4654642,0.54379624,0.46335784
1783532936.9698,32,nose_joint,-0.0051389993,0.70269674,0.27498782,0.5224284,0.46546146,0.5437987,0.46335495
1783532936.9698,32,right_eye_joint,-0.037846673,0.73715574,0.25499088,0.52242595,0.4654642,0.54379624,0.46335784
1783532936.9698,32,right_eyeLowerLid_joint,-0.037846673,0.73715574,0.25499088,0.52242595,0.4654642,0.54379624,0.46335784
1783532936.9698,32,right_eyeUpperLid_joint,-0.037846673,0.73715574,0.25499088,0.52242595,0.4654642,0.54379624,0.46335784
1783532936.9698,32,right_eyeball_joint,-0.037846673,0.73715574,0.25499088,0.52242595,0.4654642,0.54379624,0.46335784
1783532936.9698,32,right_shoulder_1_joint,-0.091020964,0.5531806,0.09077138,0.77775794,0.16246228,0.031686038,0.6063785
1783532936.9698,32,right_arm_joint,-0.22812204,0.510951,0.11220083,0.6830489,0.56335014,0.26887602,0.37919238
1783532936.9698,32,right_forearm_joint,-0.28682107,0.2520129,0.12814008,0.48379457,0.76202154,0.16346742,0.3981768
1783532936.9698,32,right_hand_joint,-0.22926177,0.01954792,0.24837032,0.14674678,0.5102005,0.589147,0.60915285
1783532936.9698,32,right_handIndexStart_joint,-0.21183145,0.004941803,0.26594204,0.106291704,0.55056345,0.5982494,0.5724336
1783532936.9698,32,right_handIndex_1_joint,-0.18596789,-0.0594636,0.30634955,0.106291704,0.55056345,0.5982494,0.5724336
1783532936.9698,32,right_handIndex_2_joint,-0.17093053,-0.09690885,0.32984188,0.106291704,0.55056345,0.5982494,0.5724336
1783532936.9698,32,right_handIndex_3_joint,-0.16251005,-0.11787835,0.3429984,0.106291704,0.55056345,0.5982494,0.5724336
1783532936.9698,32,right_handIndexEnd_joint,-0.15649542,-0.1328563,0.35239577,0.106291704,0.55056345,0.5982494,0.5724336
1783532936.9698,32,right_handMidStart_joint,-0.22144958,-0.0020721077,0.2612869,0.14620481,0.51071835,0.58952695,0.6084812
1783532936.9698,32,right_handMid_1_joint,-0.20497322,-0.06796026,0.2954286,0.14620481,0.51071835,0.58952695,0.6084812
1783532936.9698,32,right_handMid_2_joint,-0.19339558,-0.114259355,0.3194202,0.14620481,0.51071835,0.58952695,0.6084812
1783532936.9698,32,right_handMid_3_joint,-0.18671596,-0.14097056,0.3332614,0.14620481,0.51071835,0.58952695,0.6084812
1783532936.9698,32,right_handMidEnd_joint,-0.18226318,-0.15877767,0.34248897,0.14620481,0.51071835,0.58952695,0.6084812
1783532936.9698,32,right_handPinkyStart_joint,-0.24177317,-0.013962562,0.24663857,0.22240657,0.43682113,0.59364957,0.6382032
1783532936.9698,32,right_handPinky_1_joint,-0.23628265,-0.07441784,0.26527587,0.22240657,0.43682113,0.59364957,0.6382032
1783532936.9698,32,right_handPinky_2_joint,-0.2328916,-0.11175851,0.27678788,0.22240657,0.43682113,0.59364957,0.6382032
1783532936.9698,32,right_handPinky_3_joint,-0.23111501,-0.13131768,0.28281718,0.22240657,0.43682113,0.59364957,0.6382032
1783532936.9698,32,right_handPinkyEnd_joint,-0.22950025,-0.14909858,0.28829867,0.22240657,0.43682113,0.59364957,0.6382032
1783532936.9698,32,right_handRingStart_joint,-0.23071896,-0.008058128,0.2546274,0.18517621,0.47501346,0.59205014,0.62413865
1783532936.9698,32,right_handRing_1_joint,-0.22007921,-0.07196951,0.28072968,0.18517621,0.47501346,0.59205014,0.62413865
1783532936.9698,32,right_handRing_2_joint,-0.21256873,-0.11708306,0.29915446,0.18517621,0.47501346,0.59205014,0.62413865
1783532936.9698,32,right_handRing_3_joint,-0.20787491,-0.14527935,0.31067055,0.18517621,0.47501346,0.59205014,0.62413865
1783532936.9698,32,right_handRingEnd_joint,-0.20474505,-0.16407743,0.31834728,0.18517621,0.47501346,0.59205014,0.62413865
1783532936.9698,32,right_handThumbStart_joint,-0.20395887,0.004234444,0.2574693,0.22808135,0.94409174,0.08064348,0.22397928
1783532936.9698,32,right_handThumb_1_joint,-0.16123801,-0.020832958,0.27820185,0.22808135,0.94409174,0.08064347,0.22397928
1783532936.9698,32,right_handThumb_2_joint,-0.13070135,-0.038748436,0.29302204,0.22808135,0.94409174,0.08064345,0.22397928
1783532936.9698,32,right_handThumbEnd_joint,-0.11034357,-0.050692424,0.30290142,0.22808135,0.94409174,0.08064344,0.22397928
1783532936.9698,32,camera,0.108995,0.07223147,-0.03251517,-0.07987441,-0.07718002,-0.7004839,0.704972
1783532937.0038,33,root,-6.642379e-05,0.022818277,-0.0041932124,-0.08406214,-0.003968342,-0.0043473993,0.99644315
1783532937.0038,33,hips_joint,-6.642379e-05,0.022818277,-0.0041932124,-0.08406214,-0.003968342,-0.0043473993,0.99644315
1783532937.0038,33,left_upLeg_joint,0.10022665,-0.0024496221,0.0018038886,0.6234546,-0.33380216,0.6252069,-0.33014745
1783532937.0038,33,left_leg_joint,0.09828321,-0.35155985,0.23727018,-0.23752761,0.660389,-0.31382006,0.6395188
1783532937.0038,33,left_foot_joint,0.06664076,-0.6785838,-0.08082352,0.5942354,-0.37338495,0.64142495,-0.3099068
1783532937.0038,33,left_toes_joint,0.05148651,-0.8039674,-0.0017046308,0.6542342,-0.25398847,0.6885366,-0.1827163
1783532937.0038,33,left_toesEnd_joint,0.04680478,-0.83939004,0.047315646,0.6542342,-0.25398827,0.6885366,-0.1827165
1783532937.0038,33,right_upLeg_joint,-0.10083936,-0.000836873,6.6376924e-05,0.33389878,0.60399395,0.38851693,0.6105387
1783532937.0038,33,right_leg_joint,-0.08757143,-0.3704535,0.20137954,0.62701195,0.30028018,0.66630703,0.26967183
1783532937.0038,33,right_foot_joint,-0.056351718,-0.7069978,-0.106667094,0.30841145,0.6230521,0.35822052,0.62319076
1783532937.0038,33,right_toes_joint,-0.051428985,-0.8308122,-0.023864755,0.184731,0.67021346,0.23361018,0.6797903
1783532937.0038,33,right_toesEnd_joint,-0.050972857,-0.865099,0.026173491,0.18473147,0.67021364,0.2336097,0.6797902
1783532937.0038,33,spine_1_joint,-6.644357e-05,0.022818277,-0.0041932124,0.4554672,0.53984684,0.45686522,0.5407305
1783532937.0038,33,spine_2_joint,-8.489717e-05,0.079556584,-0.013841901,0.46893784,0.53016317,0.46883637,0.5284099
1783532937.0038,33,spine_3_joint,-0.00018623937,0.13668947,-0.02078144,0.49655244,0.50257003,0.49734512,0.503495
1783532937.0038,33,spine_4_joint,-0.0001786672,0.18973976,-0.021426963,0.5334508,0.4611765,0.5339597,0.4665126
1783532937.0038,33,spine_5_joint,0.00013203036,0.25954497,-0.01182581,0.57693493,0.4037229,0.57733345,0.41332847
1783532937.0038,33,spine_6_joint,0.00082214724,0.34786266,0.019888457,0.58449113,0.38824168,0.5926775,0.39543927
1783532937.0038,33,spine_7_joint,0.00038761512,0.44637927,0.061871585,0.5636256,0.416748,0.5787585,0.41675675
1783532937.0038,33,left_shoulder_1_joint,0.08787084,0.5559522,0.09263001,-0.61639863,-0.007812407,-0.13619964,0.7755267
1783532937.0038,33,left_arm_joint,0.22752146,0.526707,0.118742436,-0.36367184,0.2813914,-0.55297214,0.6948264
1783532937.0038,33,left_forearm_joint,0.28871998,0.26787356,0.121712014,0.41256535,-0.1489142,0.7475621,-0.49876413
1783532937.0038,33,left_hand_joint,0.2452956,0.035117798,0.24719994,0.6296533,-0.5688233,0.5074099,-0.15004146
1783532937.0038,33,left_handIndexStart_joint,0.22769403,0.02019989,0.26617745,0.5952219,-0.5777315,0.5469157,-0.113229334
1783532937.0038,33,left_handIndex_1_joint,0.20634905,-0.044981003,0.30795822,0.5952219,-0.5777315,0.5469157,-0.113229334
1783532937.0038,33,left_handIndex_2_joint,0.19393916,-0.08287687,0.33224937,0.5952219,-0.5777315,0.5469157,-0.113229334
1783532937.0038,33,left_handIndex_3_joint,0.18698962,-0.10409856,0.34585243,0.5952219,-0.5777315,0.5469157,-0.113229334
1783532937.0038,33,left_handIndexEnd_joint,0.18202567,-0.119256906,0.3555689,0.5952219,-0.5777315,0.5469157,-0.113229334
1783532937.0038,33,left_handMidStart_joint,0.23763484,0.013693649,0.26146308,0.6309646,-0.5685799,0.5055445,-0.15174332
1783532937.0038,33,left_handMid_1_joint,0.22564608,-0.052510243,0.29684076,0.6309646,-0.5685799,0.5055445,-0.15174332
1783532937.0038,33,left_handMid_2_joint,0.21722153,-0.099031895,0.32170078,0.6309646,-0.5685799,0.5055445,-0.15174332
1783532937.0038,33,left_handMid_3_joint,0.21236122,-0.12587132,0.3360431,0.6309646,-0.5685799,0.5055445,-0.15174332
1783532937.0038,33,left_handMidEnd_joint,0.20912102,-0.14376426,0.34560463,0.6309646,-0.5685799,0.5055445,-0.15174332
1783532937.0038,33,left_handPinkyStart_joint,0.2583883,0.0027968907,0.24664558,0.66075647,-0.5730128,0.42921424,-0.22546153
1783532937.0038,33,left_handPinky_1_joint,0.25679207,-0.057579346,0.26625654,0.66075647,-0.5730128,0.42921424,-0.22546153
1783532937.0038,33,left_handPinky_2_joint,0.25580618,-0.094870545,0.27836922,0.66075647,-0.5730128,0.42921424,-0.22546153
1783532937.0038,33,left_handPinky_3_joint,0.25528976,-0.11440403,0.28471392,0.66075647,-0.5730128,0.42921424,-0.22546153
1783532937.0038,33,left_handPinkyEnd_joint,0.2548203,-0.13216174,0.29048187,0.66075647,-0.5730128,0.42921424,-0.22546153
1783532937.0038,33,left_handRingStart_joint,0.24713397,0.008162639,0.25473437,0.6466871,-0.57123226,0.4685936,-0.18949945
1783532937.0038,33,left_handRing_1_joint,0.24072355,-0.05585022,0.28194645,0.6466871,-0.57123226,0.4685936,-0.18949945
1783532937.0038,33,left_handRing_2_joint,0.23619853,-0.10103577,0.30115497,0.6466871,-0.57123226,0.4685936,-0.18949945
1783532937.0038,33,left_handRing_3_joint,0.2333704,-0.12927674,0.3131603,0.6466871,-0.57123226,0.4685936,-0.18949945
1783532937.0038,33,left_handRingEnd_joint,0.23148498,-0.14810404,0.32116386,0.6466871,-0.57123226,0.4685936,-0.18949945
1783532937.0038,33,left_handThumbStart_joint,0.21974169,0.01889712,0.25785187,0.23581731,-0.06872818,0.9356213,-0.25353447
1783532937.0038,33,left_handThumb_1_joint,0.17892219,-0.008320838,0.2796743,0.23581731,-0.06872818,0.9356213,-0.25353447
1783532937.0038,33,left_handThumb_2_joint,0.14974414,-0.027773816,0.29527315,0.23581731,-0.068728164,0.9356213,-0.25353447
1783532937.0038,33,left_handThumbEnd_joint,0.1302921,-0.04074247,0.30567238,0.23581731,-0.068728134,0.9356213,-0.25353447
1783532937.0038,33,neck_1_joint,-0.0018333683,0.5760345,0.0963781,0.61074126,0.34739196,0.6187214,0.35142285
1783532937.0038,33,neck_2_joint,-0.0020432149,0.6018104,0.11172594,0.60563374,0.35746545,0.61029625,0.36464384
1783532937.0038,33,neck_3_joint,-0.002062665,0.63693315,0.1308674,0.59077305,0.37983865,0.59832036,0.38564637
1783532937.0038,33,neck_4_joint,-0.002243844,0.6733442,0.14742646,0.57359546,0.40280285,0.5871984,0.40489084
1783532937.0038,33,head_joint,-0.002872349,0.7166144,0.16403651,0.5175589,0.47065115,0.53886104,0.46930748
1783532937.0038,33,jaw_joint,-0.0023711836,0.691208,0.166101,0.5175589,0.47065115,0.53886104,0.46930748
1783532937.0038,33,chin_joint,-0.003043195,0.62991226,0.2596017,0.5175589,0.47065115,0.53886104,0.46930748
1783532937.0038,33,left_eye_joint,0.027013969,0.7395999,0.25450712,0.5216439,0.46611947,0.5429335,0.4645901
1783532937.0038,33,left_eyeLowerLid_joint,0.027013969,0.7395999,0.25450712,0.5216439,0.46611947,0.5429335,0.4645901
1783532937.0038,33,left_eyeUpperLid_joint,0.027013969,0.7395999,0.25450712,0.5216439,0.46611947,0.5429335,0.4645901
1783532937.0038,33,left_eyeball_joint,0.027013969,0.7395999,0.25450712,0.5216439,0.46611947,0.5429335,0.4645901
1783532937.0038,33,nose_joint,-0.004918771,0.703802,0.27326867,0.5216464,0.46611676,0.54293597,0.4645872
1783532937.0038,33,right_eye_joint,-0.037591584,0.73821396,0.25313425,0.5216439,0.46611947,0.5429335,0.4645901
1783532937.0038,33,right_eyeLowerLid_joint,-0.037591584,0.73821396,0.25313425,0.5216439,0.46611947,0.5429335,0.4645901
1783532937.0038,33,right_eyeUpperLid_joint,-0.037591584,0.73821396,0.25313425,0.5216439,0.46611947,0.5429335,0.4645901
1783532937.0038,33,right_eyeball_joint,-0.037591584,0.73821396,0.25313425,0.5216439,0.46611947,0.5429335,0.4645901
1783532937.0038,33,right_shoulder_1_joint,-0.09081972,0.55369925,0.0895388,0.77710706,0.16154495,0.031768408,0.607453
1783532937.0038,33,right_arm_joint,-0.2280055,0.51168275,0.11084465,0.68263495,0.5631606,0.2691274,0.38004035
1783532937.0038,33,right_forearm_joint,-0.28674623,0.2527655,0.1269676,0.48343605,0.7617935,0.16344851,0.3990556
1783532937.0038,33,right_hand_joint,-0.2293764,0.020433063,0.24754424,0.14593159,0.51002985,0.5889947,0.6096388
1783532937.0038,33,right_handIndexStart_joint,-0.21197423,0.0058465325,0.26516008,0.10548869,0.55042696,0.59804183,0.57293016
1783532937.0038,33,right_handIndex_1_joint,-0.18617469,-0.058514155,0.30567965,0.10548869,0.55042696,0.59804183,0.57293016
1783532937.0038,33,right_handIndex_2_joint,-0.17117454,-0.095933415,0.3292371,0.10548869,0.55042696,0.59804183,0.57293016
1783532937.0038,33,right_handIndex_3_joint,-0.1627749,-0.11688835,0.34243006,0.10548869,0.55042696,0.59804183,0.57293016
1783532937.0038,33,right_handIndexEnd_joint,-0.15677516,-0.13185589,0.35185352,0.10548869,0.55042696,0.59804183,0.57293016
1783532937.0038,33,right_handMidStart_joint,-0.22158466,-0.0011726832,0.26049706,0.14538968,0.5105484,0.58937395,0.60896736
1783532937.0038,33,right_handMid_1_joint,-0.20516212,-0.06702319,0.2947372,0.14538968,0.5105484,0.58937395,0.60896736
1783532937.0038,33,right_handMid_2_joint,-0.19362232,-0.11329584,0.31879798,0.14538968,0.5105484,0.58937395,0.60896736
1783532937.0038,33,right_handMid_3_joint,-0.18696451,-0.13999179,0.3326791,0.14538968,0.5105484,0.58937395,0.60896736
1783532937.0038,33,right_handMidEnd_joint,-0.18252626,-0.15778872,0.34193325,0.14538968,0.5105484,0.58937395,0.60896736
1783532937.0038,33,right_handPinkyStart_joint,-0.24188423,-0.013079595,0.24582876,0.22157273,0.43663025,0.59359884,0.638671
1783532937.0038,33,right_handPinky_1_joint,-0.23642254,-0.073514394,0.26454085,0.22157273,0.43663025,0.59359884,0.638671
1783532937.0038,33,right_handPinky_2_joint,-0.23304929,-0.110842414,0.27609903,0.22157273,0.43663025,0.59359884,0.638671
1783532937.0038,33,right_handPinky_3_joint,-0.231282,-0.13039497,0.28215253,0.22157273,0.43663025,0.59359884,0.638671
1783532937.0038,33,right_handPinkyEnd_joint,-0.22967571,-0.14816985,0.287656,0.22157273,0.43663025,0.59359884,0.638671
1783532937.0038,33,right_handRingStart_joint,-0.23084308,-0.0071661877,0.25382906,0.18435092,0.47483265,0.5919484,0.62461704
1783532937.0038,33,right_handRing_1_joint,-0.22024417,-0.07104883,0.28001818,0.18435092,0.47483265,0.5919484,0.62461704
1783532937.0038,33,right_handRing_2_joint,-0.21276252,-0.1161421,0.29850426,0.18435092,0.47483265,0.5919484,0.62461704
1783532937.0038,33,right_handRing_3_joint,-0.2080867,-0.14432572,0.31005865,0.18435092,0.47483265,0.5919484,0.62461704
1783532937.0038,33,right_handRingEnd_joint,-0.20496887,-0.16311535,0.31776094,0.18435092,0.47483265,0.5919484,0.62461704
1783532937.0038,33,right_handThumbStart_joint,-0.20408791,0.0051301313,0.25670087,0.22788276,0.94395655,0.08031622,0.22486715
1783532937.0038,33,right_handThumb_1_joint,-0.16140012,-0.019913618,0.2775299,0.22788276,0.94395655,0.08031621,0.22486715
1783532937.0038,33,right_handThumb_2_joint,-0.13088709,-0.03781219,0.29241905,0.22788276,0.94395655,0.08031619,0.22486715
1783532937.0038,33,right_handThumbEnd_joint,-0.11054506,-0.04974491,0.3023444,0.22788276,0.94395655,0.08031618,0.22486715
1783532937.0038,33,camera,0.10910856,0.072393596,-0.03220595,-0.07960519,-0.077148564,-0.7004065,0.70508283
1783532937.0387,34,root,-0.00017332828,0.02289217,-0.003909898,-0.08307367,-0.0044167195,-0.003498662,0.99652743
1783532937.0387,34,hips_joint,-0.00017332828,0.02289217,-0.003909898,-0.08307367,-0.0044167195,-0.003498662,0.99652743
1783532937.0387,34,left_upLeg_joint,0.1001599,-0.0022094941,0.0021136191,0.6221913,-0.33447605,0.6250546,-0.33212975
1783532937.0387,34,left_leg_joint,0.09799761,-0.35231897,0.23608916,-0.22901684,0.6630068,-0.3058643,0.6437546
1783532937.0387,34,left_foot_joint,0.06769549,-0.6712824,-0.09021345,0.58915013,-0.38069415,0.63777435,-0.31814724
1783532937.0387,34,left_toes_joint,0.052290354,-0.7986129,-0.014318104,0.6506263,-0.262129,0.68651396,-0.1914993
1783532937.0387,34,left_toesEnd_joint,0.04743633,-0.8352536,0.033781372,0.6506264,-0.2621288,0.68651396,-0.19149952
1783532937.0387,34,right_upLeg_joint,-0.100907296,-0.00095014094,0.00022637218,0.3343249,0.603476,0.39238754,0.60833853
1783532937.0387,34,right_leg_joint,-0.08562062,-0.37190077,0.19892569,0.62855077,0.29570818,0.6703473,0.2609885
1783532937.0387,34,right_foot_joint,-0.05195378,-0.70191205,-0.115857564,0.31244233,0.6204019,0.3667559,0.6188468
1783532937.0387,34,right_toes_joint,-0.04616883,-0.8273389,-0.035576038,0.18919113,0.6683754,0.24281421,0.67714274
1783532937.0387,34,right_toesEnd_joint,-0.045479205,-0.86262715,0.013758273,0.1891916,0.66837555,0.24281374,0.6771426
1783532937.0387,34,spine_1_joint,-0.00017334807,0.02289217,-0.0039098985,0.4549059,0.54011196,0.45717755,0.5406738
1783532937.0387,34,spine_2_joint,-0.00025764812,0.07962596,-0.013584718,0.46812555,0.5308251,0.46847564,0.52878517
1783532937.0387,34,spine_3_joint,-0.0004009186,0.13674323,-0.02065072,0.49567783,0.50353795,0.4965444,0.5041792
1783532937.0387,34,spine_4_joint,-0.00041224825,0.18979107,-0.021472773,0.5326795,0.46237156,0.5329349,0.4673817
1783532937.0387,34,spine_5_joint,-0.00010314811,0.25963292,-0.012141909,0.57639146,0.40504622,0.5762935,0.41424212
1783532937.0387,34,spine_6_joint,0.0006117738,0.34807274,0.019229583,0.5841004,0.38960204,0.5916759,0.39617792
1783532937.0387,34,spine_7_joint,0.00020555627,0.44673818,0.060861968,0.56321126,0.41812313,0.577823,0.4172373
1783532937.0387,34,left_shoulder_1_joint,0.08766775,0.5564595,0.091147564,-0.6168291,-0.0069075204,-0.13471438,0.7754524
1783532937.0387,34,left_arm_joint,0.22743896,0.5273904,0.11680751,-0.3647037,0.28308907,-0.5509874,0.6951726
1783532937.0387,34,left_forearm_joint,0.28929332,0.26870534,0.11901593,-0.41441083,0.15040416,-0.74493974,0.5007068
1783532937.0387,34,left_hand_joint,0.24772762,0.035396747,0.24410589,0.63229626,-0.568435,0.5044189,-0.15048242
1783532937.0387,34,left_handIndexStart_joint,0.23030944,0.020341413,0.26314396,0.59805304,-0.57737386,0.5441015,-0.113692515
1783532937.0387,34,left_handIndex_1_joint,0.20952396,-0.045057144,0.30486664,0.59805304,-0.57737386,0.5441015,-0.113692515
1783532937.0387,34,left_handIndex_2_joint,0.19743939,-0.083079554,0.32912397,0.59805304,-0.57737386,0.5441015,-0.113692515
1783532937.0387,34,left_handIndex_3_joint,0.19067201,-0.10437211,0.3427081,0.59805304,-0.57737386,0.5441015,-0.113692515
1783532937.0387,34,left_handIndexEnd_joint,0.18583818,-0.11958107,0.35241106,0.59805304,-0.57737386,0.5441015,-0.113692515
1783532937.0387,34,left_handMidStart_joint,0.24025388,0.013896472,0.25835368,0.63359916,-0.56819075,0.5025458,-0.15218222
1783532937.0387,34,left_handMid_1_joint,0.22879192,-0.052462034,0.29361606,0.63359916,-0.56819075,0.5025458,-0.15218222
1783532937.0387,34,left_handMid_2_joint,0.22073756,-0.09909233,0.31839505,0.63359916,-0.56819075,0.5025458,-0.15218222
1783532937.0387,34,left_handMid_3_joint,0.21609083,-0.12599443,0.33269063,0.63359916,-0.56819075,0.5025458,-0.15218222
1783532937.0387,34,left_handMidEnd_joint,0.21299301,-0.14392915,0.342221,0.63359916,-0.56819075,0.5025458,-0.15218222
1783532937.0387,34,left_handPinkyStart_joint,0.26097292,0.0031413627,0.24338529,0.66307694,-0.5726606,0.42594478,-0.22574341
1783532937.0387,34,left_handPinky_1_joint,0.259783,-0.057295714,0.262837,0.66307694,-0.5726606,0.42594478,-0.22574341
1783532937.0387,34,left_handPinky_2_joint,0.25904807,-0.0946245,0.2748513,0.66307694,-0.5726606,0.42594478,-0.22574341
1783532937.0387,34,left_handPinky_3_joint,0.25866312,-0.11417767,0.2811445,0.66307694,-0.5726606,0.42594478,-0.22574341
1783532937.0387,34,left_handPinkyEnd_joint,0.25831315,-0.13195327,0.2868656,0.66307694,-0.5726606,0.42594478,-0.22574341
1783532937.0387,34,left_handRingStart_joint,0.24974021,0.008430157,0.25155437,0.64916795,-0.57086396,0.46545437,-0.18986268
1783532937.0387,34,left_handRing_1_joint,0.24379818,-0.05568779,0.27862495,0.64916795,-0.57086396,0.46545437,-0.18986268
1783532937.0387,34,left_handRing_2_joint,0.2396038,-0.100947514,0.29773358,0.64916795,-0.57086396,0.46545437,-0.18986268
1783532937.0387,34,left_handRing_3_joint,0.23698232,-0.12923484,0.3096765,0.64916795,-0.57086396,0.46545437,-0.18986268
1783532937.0387,34,left_handRingEnd_joint,0.23523468,-0.14809304,0.31763843,0.64916795,-0.57086396,0.46545437,-0.18986268
1783532937.0387,34,left_handThumbStart_joint,0.22231501,0.019023059,0.25486127,0.23835811,-0.070192225,0.9342173,-0.25592333
1783532937.0387,34,left_handThumb_1_joint,0.18175563,-0.008452557,0.27684516,0.23835811,-0.070192225,0.9342173,-0.25592333
1783532937.0387,34,left_handThumb_2_joint,0.1527635,-0.028089713,0.29255942,0.23835811,-0.0701922,0.9342173,-0.25592336
1783532937.0387,34,left_handThumbEnd_joint,0.13343541,-0.041181155,0.30303562,0.23835811,-0.07019217,0.9342173,-0.25592333
1783532937.0387,34,neck_1_joint,-0.0020427117,0.5765039,0.09494877,0.6104485,0.34884977,0.61783046,0.3520544
1783532937.0387,34,neck_2_joint,-0.0022473512,0.60233176,0.11020914,0.60530514,0.35892516,0.6093887,0.36527282
1783532937.0387,34,neck_3_joint,-0.0022619043,0.63751996,0.12922998,0.59039414,0.38128725,0.5973903,0.38623855
1783532937.0387,34,neck_4_joint,-0.0024423203,0.67398757,0.14566422,0.5731697,0.40424004,0.5862457,0.40544167
1783532937.0387,34,head_joint,-0.0030739391,0.7173143,0.1621265,0.5169714,0.47203147,0.5378473,0.4697313
1783532937.0387,34,jaw_joint,-0.0025554383,0.69191533,0.1642775,0.5169714,0.47203147,0.5378473,0.4697313
1783532937.0387,34,chin_joint,-0.003069483,0.63094044,0.2579888,0.5169714,0.47203147,0.5378473,0.4697313
1783532937.0387,34,left_eye_joint,0.026917806,0.74062717,0.25247836,0.52106845,0.46750492,0.54192346,0.46502277
1783532937.0387,34,left_eyeLowerLid_joint,0.026917806,0.74062717,0.25247836,0.52106845,0.46750492,0.54192346,0.46502277
1783532937.0387,34,left_eyeUpperLid_joint,0.026917806,0.74062717,0.25247836,0.52106845,0.46750492,0.54192346,0.46502277
1783532937.0387,34,left_eyeball_joint,0.026917806,0.74062717,0.25247836,0.52106845,0.46750492,0.54192346,0.46502277
1783532937.0387,34,nose_joint,-0.0049696774,0.7048757,0.27140456,0.52107096,0.46750218,0.5419259,0.46501988
1783532937.0387,34,right_eye_joint,-0.03768868,0.73919964,0.25119513,0.52106845,0.46750492,0.54192346,0.46502277
1783532937.0387,34,right_eyeLowerLid_joint,-0.03768868,0.73919964,0.25119513,0.52106845,0.46750492,0.54192346,0.46502277
1783532937.0387,34,right_eyeUpperLid_joint,-0.03768868,0.73919964,0.25119513,0.52106845,0.46750492,0.54192346,0.46502277
1783532937.0387,34,right_eyeball_joint,-0.03768868,0.73919964,0.25119513,0.52106845,0.46750492,0.54192346,0.46502277
1783532937.0387,34,right_shoulder_1_joint,-0.09102543,0.5540969,0.08829986,0.7762017,0.16220807,0.032091737,0.6084156
1783532937.0387,34,right_arm_joint,-0.22814295,0.5119075,0.10970341,0.6813715,0.5643587,0.26928905,0.38041502
1783532937.0387,34,right_forearm_joint,-0.28611863,0.25284815,0.1263034,0.48203063,0.7623949,0.16329132,0.39967054
1783532937.0387,34,right_hand_joint,-0.22828513,0.020913962,0.24742366,0.14443904,0.51060456,0.5892309,0.6092843
1783532937.0387,34,right_handIndexStart_joint,-0.21086161,0.006407126,0.26508412,0.10398388,0.5509769,0.59817505,0.57253677
1783532937.0387,34,right_handIndex_1_joint,-0.18493912,-0.057804182,0.30576178,0.10398388,0.5509769,0.59817505,0.57253677
1783532937.0387,34,right_handIndex_2_joint,-0.16986749,-0.09513659,0.3294112,0.10398388,0.5509769,0.59817505,0.57253677
1783532937.0387,34,right_handIndex_3_joint,-0.16142784,-0.11604289,0.34265566,0.10398388,0.5509769,0.59817505,0.57253677
1783532937.0387,34,right_handIndexEnd_joint,-0.15539952,-0.13097568,0.3521159,0.10398388,0.5509769,0.59817505,0.57253677
1783532937.0387,34,right_handMidStart_joint,-0.22045162,-0.0006451177,0.2604289,0.14389709,0.5111231,0.5896086,0.608612
1783532937.0387,34,right_handMid_1_joint,-0.20389774,-0.066382214,0.29482323,0.14389709,0.5111231,0.5896086,0.608612
1783532937.0387,34,right_handMid_2_joint,-0.19226561,-0.112575166,0.31899238,0.14389709,0.5111231,0.5896086,0.608612
1783532937.0387,34,right_handMid_3_joint,-0.18555458,-0.13922514,0.33293602,0.14389709,0.5111231,0.5896086,0.608612
1783532937.0387,34,right_handMidEnd_joint,-0.18108083,-0.15699142,0.34223187,0.14389709,0.5111231,0.5896086,0.608612
1783532937.0387,34,right_handPinkyStart_joint,-0.24071135,-0.012632176,0.24577081,0.22013497,0.43728963,0.59397775,0.63836426
1783532937.0387,34,right_handPinky_1_joint,-0.23511928,-0.07301328,0.26461715,0.22013497,0.43728963,0.59397775,0.63836426
1783532937.0387,34,right_handPinky_2_joint,-0.23166554,-0.11030814,0.27625823,0.22013497,0.43728963,0.59397775,0.63836426
1783532937.0387,34,right_handPinky_3_joint,-0.22985606,-0.12984332,0.28235516,0.22013497,0.43728963,0.59397775,0.63836426
1783532937.0387,34,right_handPinkyEnd_joint,-0.22821143,-0.14760241,0.28789812,0.22013497,0.43728963,0.59397775,0.63836426
1783532937.0387,34,right_handRingStart_joint,-0.22969055,-0.006675124,0.25376675,0.18288322,0.47545096,0.59225506,0.6242869
1783532937.0387,34,right_handRing_1_joint,-0.21895878,-0.07047565,0.28010148,0.18288322,0.47545096,0.59225506,0.6242869
1783532937.0387,34,right_handRing_2_joint,-0.21138336,-0.115510955,0.2986903,0.18288322,0.47545096,0.59225506,0.6242869
1783532937.0387,34,right_handRing_3_joint,-0.20664892,-0.14365834,0.3103089,0.18288322,0.47545096,0.59225506,0.6242869
1783532937.0387,34,right_handRingEnd_joint,-0.203492,-0.16242382,0.318054,0.18288322,0.47545096,0.59225506,0.6242869
1783532937.0387,34,right_handThumbStart_joint,-0.20296712,0.005691427,0.2566325,0.22647879,0.9442286,0.07965669,0.22537664
1783532937.0387,34,right_handThumb_1_joint,-0.16023551,-0.019205045,0.27754793,0.22647879,0.9442286,0.07965668,0.22537664
1783532937.0387,34,right_handThumb_2_joint,-0.12969115,-0.036998343,0.2924988,0.22647879,0.9442286,0.07965667,0.22537664
1783532937.0387,34,right_handThumbEnd_joint,-0.10932825,-0.04886088,0.30246535,0.2264788,0.9442286,0.079656646,0.22537664
1783532937.0387,34,camera,0.109298274,0.07288067,-0.031651765,-0.0787174,-0.077075,-0.70042443,0.7051727
1783532937.0697,35,root,-0.00019666662,0.023082003,-0.0037096934,-0.082926564,-0.005337459,-0.002680853,0.99653774
1783532937.0697,35,hips_joint,-0.00019666662,0.023082003,-0.0037096934,-0.082926564,-0.005337459,-0.002680853,0.99653774
1783532937.0697,35,left_upLeg_joint,0.10017081,-0.0018423223,0.0024774002,0.62165946,-0.3330909,0.6261249,-0.33250168
1783532937.0697,35,left_leg_joint,0.09765945,-0.35157225,0.23701642,-0.22214404,0.66437197,-0.29965383,0.6476644
1783532937.0697,35,left_foot_joint,0.06913943,-0.6640603,-0.09565023,0.58458155,-0.38600716,0.6352965,-0.32505497
1783532937.0697,35,left_toes_joint,0.05346034,-0.7928712,-0.022353677,0.64714766,-0.26821163,0.6853903,-0.1987515
1783532937.0697,35,left_toesEnd_joint,0.048401978,-0.83045566,0.02499055,0.64714766,-0.26821142,0.68539035,-0.1987517
1783532937.0697,35,right_upLeg_joint,-0.10089481,-0.00094115257,0.00024861455,0.33413342,0.6029558,0.39433494,0.6076997
1783532937.0697,35,right_leg_joint,-0.08484623,-0.37243372,0.19787236,0.62853885,0.29443753,0.6719827,0.25823376
1783532937.0697,35,right_foot_joint,-0.049857404,-0.70040864,-0.118888855,0.3132165,0.61939424,0.36974216,0.61768675
1783532937.0697,35,right_toes_joint,-0.043789282,-0.82630754,-0.03937079,0.19014224,0.6675327,0.24596617,0.67656976
1783532937.0697,35,right_toesEnd_joint,-0.04304932,-0.8618953,0.0097471615,0.19014272,0.66753286,0.2459657,0.67656964
1783532937.0697,35,spine_1_joint,-0.00019668641,0.023082003,-0.0037096937,0.45410037,0.54005665,0.45780504,0.54087514
1783532937.0697,35,spine_2_joint,-0.00034020006,0.07981249,-0.013403181,0.46733817,0.5308453,0.46883562,0.52914226
1783532937.0697,35,spine_3_joint,-0.0005247742,0.13692392,-0.020515323,0.49491048,0.50366884,0.496706,0.50464284
1783532937.0697,35,spine_4_joint,-0.00056712684,0.1899707,-0.0214011,0.53193396,0.46265584,0.5329783,0.46789953
1783532937.0697,35,spine_5_joint,-0.00030138076,0.2598267,-0.01217551,0.575669,0.40551856,0.5763136,0.41475558
1783532937.0697,35,spine_6_joint,0.00033696115,0.34832063,0.019044505,0.58329105,0.39027503,0.5917024,0.39666718
1783532937.0697,35,spine_7_joint,-0.00018870413,0.44706824,0.060480163,0.5621805,0.41899973,0.5778948,0.41764787
1783532937.0697,35,left_shoulder_1_joint,0.08708924,0.55698353,0.0905931,-0.6178743,-0.008571504,-0.13277647,0.7749375
1783532937.0697,35,left_arm_joint,0.22700337,0.5286706,0.11631957,-0.36605334,0.2824303,-0.55026597,0.69530225
1783532937.0697,35,left_forearm_joint,0.28947848,0.2701394,0.11900726,-0.41578835,0.14918105,-0.74413735,0.501123
1783532937.0697,35,left_hand_joint,0.2487494,0.037041664,0.24476339,0.633647,-0.5669753,0.5045141,-0.14998563
1783532937.0697,35,left_handIndexStart_joint,0.23140025,0.021986643,0.26386458,0.5993956,-0.5758859,0.5442842,-0.11329107
1783532937.0697,35,left_handIndex_1_joint,0.21085845,-0.043361407,0.30578652,0.5993956,-0.5758859,0.5442842,-0.11329107
1783532937.0697,35,left_handIndex_2_joint,0.19891556,-0.081354454,0.33015972,0.5993956,-0.5758859,0.5442842,-0.11329107
1783532937.0697,35,left_handIndex_3_joint,0.19222751,-0.10263056,0.3438087,0.5993956,-0.5758859,0.5442842,-0.11329107
1783532937.0697,35,left_handIndexEnd_joint,0.18745035,-0.11782779,0.353558,0.5993956,-0.5758859,0.5442842,-0.11329107
1783532937.0697,35,left_handMidStart_joint,0.2413565,0.0155575555,0.25907752,0.6349505,-0.56673276,0.5026374,-0.15168124
1783532937.0697,35,left_handMid_1_joint,0.23013207,-0.050740775,0.2945289,0.6349505,-0.56673276,0.5026374,-0.15168124
1783532937.0697,35,left_handMid_2_joint,0.22224464,-0.0973288,0.3194407,0.6349505,-0.56673276,0.5026374,-0.15168124
1783532937.0697,35,left_handMid_3_joint,0.21769421,-0.12420649,0.33381286,0.6349505,-0.56673276,0.5026374,-0.15168124
1783532937.0697,35,left_handMidEnd_joint,0.21466057,-0.14212495,0.3433943,0.6349505,-0.56673276,0.5026374,-0.15168124
1783532937.0697,35,left_handPinkyStart_joint,0.26208568,0.004822397,0.24410896,0.6644784,-0.5713112,0.42591742,-0.22509146
1783532937.0697,35,left_handPinky_1_joint,0.26109478,-0.055566676,0.26372015,0.6644784,-0.5713112,0.42591742,-0.22509146
1783532937.0697,35,left_handPinky_2_joint,0.26048276,-0.09286581,0.27583298,0.6644784,-0.5713112,0.42591742,-0.22509146
1783532937.0697,35,left_handPinky_3_joint,0.26016214,-0.112403445,0.28217778,0.6644784,-0.5713112,0.42591742,-0.22509146
1783532937.0697,35,left_handPinkyEnd_joint,0.2598707,-0.13016495,0.28794575,0.6644784,-0.5713112,0.42591742,-0.22509146
1783532937.0697,35,left_handRingStart_joint,0.2508491,0.010100519,0.25227955,0.65054697,-0.5694581,0.46548527,-0.18928652
1783532937.0697,35,left_handRing_1_joint,0.24512699,-0.05396299,0.27952573,0.65054697,-0.5694581,0.46548527,-0.18928652
1783532937.0697,35,left_handRing_2_joint,0.24108785,-0.099184304,0.29875833,0.65054697,-0.5694581,0.46548527,-0.18928652
1783532937.0697,35,left_handRing_3_joint,0.23856337,-0.1274476,0.3107787,0.65054697,-0.5694581,0.46548527,-0.18928652
1783532937.0697,35,left_handRingEnd_joint,0.2368804,-0.14628983,0.31879228,0.65054697,-0.5694581,0.46548527,-0.18928652
1783532937.0697,35,left_handThumbStart_joint,0.22339834,0.020623846,0.25559634,0.23943107,-0.06880545,0.9337791,-0.25689492
1783532937.0697,35,left_handThumb_1_joint,0.18294758,-0.0069095846,0.27770755,0.23943107,-0.06880545,0.9337791,-0.25689492
1783532937.0697,35,left_handThumb_2_joint,0.15403306,-0.026588067,0.29351282,0.23943107,-0.068805434,0.9337791,-0.25689492
1783532937.0697,35,left_handThumbEnd_joint,0.13475673,-0.03970706,0.30404967,0.23943107,-0.068805404,0.9337792,-0.2568949
1783532937.0697,35,neck_1_joint,-0.002653151,0.5769077,0.094269484,0.60952383,0.34983468,0.6179552,0.3524594
1783532937.0697,35,neck_2_joint,-0.002908328,0.6027699,0.109470844,0.60436195,0.35989097,0.6095092,0.36568248
1783532937.0697,35,neck_3_joint,-0.0029901676,0.6380012,0.12841152,0.5894164,0.38221943,0.5974938,0.3866497
1783532937.0697,35,neck_4_joint,-0.0032374125,0.6745058,0.14476252,0.5721586,0.4051387,0.5863292,0.4058513
1783532937.0697,35,head_joint,-0.003945721,0.7178688,0.16112556,0.51585996,0.4728063,0.53787506,0.47014165
1783532937.0697,35,jaw_joint,-0.0033927113,0.6924757,0.16333482,0.51585996,0.4728063,0.53787506,0.47014165
1783532937.0697,35,chin_joint,-0.003902312,0.6317135,0.25718418,0.51585996,0.4728063,0.53787506,0.47014165
1783532937.0697,35,left_eye_joint,0.025932562,0.7414303,0.25145054,0.5199638,0.46828935,0.5419548,0.4654328
1783532937.0697,35,left_eyeLowerLid_joint,0.025932562,0.7414303,0.25145054,0.5199638,0.46828935,0.5419548,0.4654328
1783532937.0697,35,left_eyeUpperLid_joint,0.025932562,0.7414303,0.25145054,0.5199638,0.46828935,0.5419548,0.4654328
1783532937.0697,35,left_eyeball_joint,0.025932562,0.7414303,0.25145054,0.5199638,0.46828935,0.5419548,0.4654328
1783532937.0697,35,nose_joint,-0.005920359,0.7056762,0.2704299,0.5199662,0.4682865,0.5419573,0.46542987
1783532937.0697,35,right_eye_joint,-0.03867063,0.73990697,0.25011352,0.5199638,0.46828935,0.5419548,0.4654328
1783532937.0697,35,right_eyeLowerLid_joint,-0.03867063,0.73990697,0.25011352,0.5199638,0.46828935,0.5419548,0.4654328
1783532937.0697,35,right_eyeUpperLid_joint,-0.03867063,0.73990697,0.25011352,0.5199638,0.46828935,0.5419548,0.4654328
1783532937.0697,35,right_eyeball_joint,-0.03867063,0.73990697,0.25011352,0.5199638,0.46828935,0.5419548,0.4654328
1783532937.0697,35,right_shoulder_1_joint,-0.09159771,0.55435795,0.08759308,0.7753127,0.16170694,0.032603923,0.60965407
1783532937.0697,35,right_arm_joint,-0.2287527,0.51222104,0.10885934,0.6799753,0.5648936,0.26960656,0.38189137
1783532937.0697,35,right_forearm_joint,-0.28631607,0.25311136,0.12609638,0.48059243,0.76242596,0.16286182,0.40151402
1783532937.0697,35,right_hand_joint,-0.22853231,0.021687908,0.24821308,0.14218107,0.5108878,0.58890665,0.60989106
1783532937.0697,35,right_handIndexStart_joint,-0.21114065,0.0072669266,0.26597497,0.10175348,0.55130243,0.5976973,0.5731227
1783532937.0697,35,right_handIndex_1_joint,-0.1852523,-0.056764636,0.30695656,0.10175348,0.55130243,0.5976973,0.5731227
1783532937.0697,35,right_handIndex_2_joint,-0.17020051,-0.09399254,0.33078265,0.10175348,0.55130243,0.5976973,0.5731227
1783532937.0697,35,right_handIndex_3_joint,-0.16177197,-0.114840314,0.34412608,0.10175348,0.55130243,0.5976973,0.5731227
1783532937.0697,35,right_handIndexEnd_joint,-0.15575157,-0.12973131,0.35365698,0.10175348,0.55130243,0.5976973,0.5731227
1783532937.0697,35,right_handMidStart_joint,-0.22070839,0.00018572091,0.2613179,0.14163944,0.5114076,0.5892823,0.6092183
1783532937.0697,35,right_handMid_1_joint,-0.20416874,-0.06540619,0.2959951,0.14163944,0.5114076,0.5892823,0.6092183
1783532937.0697,35,right_handMid_2_joint,-0.19254665,-0.11149711,0.320363,0.14163944,0.5114076,0.5892823,0.6092183
1783532937.0697,35,right_handMid_3_joint,-0.18584138,-0.13808823,0.3344213,0.14163944,0.5114076,0.5892823,0.6092183
1783532937.0697,35,right_handMidEnd_joint,-0.1813715,-0.15581526,0.3437936,0.14163944,0.5114076,0.5892823,0.6092183
1783532937.0697,35,right_handPinkyStart_joint,-0.24091105,-0.011879857,0.2466455,0.2178646,0.43758857,0.59391123,0.6389997
1783532937.0697,35,right_handPinky_1_joint,-0.23529582,-0.07218569,0.26572448,0.2178646,0.43758857,0.59391123,0.6389997
1783532937.0697,35,right_handPinky_2_joint,-0.23182775,-0.109434046,0.27750927,0.2178646,0.43758857,0.59391123,0.6389997
1783532937.0697,35,right_handPinky_3_joint,-0.2300108,-0.12894487,0.28368148,0.2178646,0.43758857,0.59391123,0.6389997
1783532937.0697,35,right_handPinkyEnd_joint,-0.22835936,-0.14668182,0.28929284,0.2178646,0.43758857,0.59391123,0.6389997
1783532937.0697,35,right_handRingStart_joint,-0.22992066,-0.0058800075,0.25465125,0.18061633,0.475743,0.5920582,0.6249107
1783532937.0697,35,right_handRing_1_joint,-0.21918266,-0.06957176,0.2812454,0.18061633,0.475743,0.5920582,0.6249107
1783532937.0697,35,right_handRing_2_joint,-0.21160284,-0.11453029,0.3000174,0.18061633,0.475743,0.5920582,0.6249107
1783532937.0697,35,right_handRing_3_joint,-0.20686565,-0.14262968,0.31175047,0.18061633,0.475743,0.5920582,0.6249107
1783532937.0697,35,right_handRingEnd_joint,-0.2037069,-0.16136318,0.31957188,0.18061633,0.475743,0.5920582,0.6249107
1783532937.0697,35,right_handThumbStart_joint,-0.20322125,0.006531017,0.2575484,0.22535703,0.94419336,0.07842656,0.22707346
1783532937.0697,35,right_handThumb_1_joint,-0.16051763,-0.01823538,0.2786744,0.22535703,0.94419336,0.078426555,0.22707346
1783532937.0697,35,right_handThumb_2_joint,-0.1299933,-0.0359357,0.2937758,0.22535703,0.94419336,0.07842654,0.22707346
1783532937.0697,35,right_handThumbEnd_joint,-0.10964374,-0.047736254,0.30384266,0.22535703,0.94419336,0.078426525,0.22707346
1783532937.0697,35,camera,0.10958804,0.07336812,-0.030757077,-0.077369265,-0.07618029,-0.7006441,0.7052009
1783532937.1036,36,root,-0.00036230273,0.023267353,-0.0035267551,-0.08379266,-0.0058689266,-0.0028497966,0.9964618
1783532937.1036,36,hips_joint,-0.00036230273,0.023267353,-0.0035267551,-0.08379266,-0.0058689266,-0.0028497966,0.9964618
1783532937.1036,36,left_upLeg_joint,0.099991955,-0.0016719936,0.00281245,0.6210806,-0.33076358,0.6284448,-0.33152902
1783532937.1036,36,left_leg_joint,0.09633061,-0.350157,0.23918237,-0.21742867,0.66362876,-0.2960844,0.6516561
1783532937.1036,36,left_foot_joint,0.07065824,-0.65859854,-0.097469,0.5804113,-0.38833004,0.6349482,-0.3303986
1783532937.1036,36,left_toes_joint,0.05457488,-0.788309,-0.025865959,0.6434932,-0.2712828,0.6860611,-0.20406425
1783532937.1036,36,left_toesEnd_joint,0.04920389,-0.82647276,0.02097785,0.64349324,-0.27128258,0.6860611,-0.20406447
1783532937.1036,36,right_upLeg_joint,-0.101070896,-0.00072297093,0.00036421386,0.33309802,0.6031183,0.39593226,0.607068
1783532937.1036,36,right_leg_joint,-0.083794214,-0.37234217,0.19764598,0.6302897,0.288738,0.6762247,0.24916956
1783532937.1036,36,right_foot_joint,-0.046614647,-0.6928987,-0.12637652,0.31810957,0.6159872,0.3786713,0.61316735
1783532937.1036,36,right_toes_joint,-0.039809216,-0.8205117,-0.049701404,0.19559237,0.6651148,0.25559005,0.67382467
1783532937.1036,36,right_toesEnd_joint,-0.038874567,-0.85718834,-0.0013944196,0.19559284,0.66511494,0.2555896,0.67382455
1783532937.1036,36,spine_1_joint,-0.00036232252,0.023267353,-0.0035267556,0.45340824,0.54026204,0.45729724,0.54167974
1783532937.1036,36,spine_2_joint,-0.000477884,0.07997626,-0.013346038,0.46673134,0.5311775,0.46809438,0.5299996
1783532937.1036,36,spine_3_joint,-0.00062314764,0.13706952,-0.020603402,0.49453127,0.50407076,0.49583668,0.5054671
1783532937.1036,36,spine_4_joint,-0.0006169392,0.19011396,-0.02162038,0.5318587,0.46304744,0.53206795,0.46863288
1783532937.1036,36,spine_5_joint,-0.0002657344,0.2599889,-0.012542432,0.5759348,0.40580305,0.5754376,0.41532418
1783532937.1036,36,spine_6_joint,0.00051897747,0.34852782,0.018546462,0.5838282,0.3904644,0.59081274,0.39701667
1783532937.1036,36,spine_7_joint,0.00018766146,0.44731325,0.05989389,0.5629192,0.41917998,0.5769839,0.41773134
1783532937.1036,36,left_shoulder_1_joint,0.08766433,0.55713075,0.089786395,-0.6179061,-0.0074185426,-0.13076161,0.77526665
1783532937.1036,36,left_arm_joint,0.22773784,0.52905166,0.114894435,-0.36753553,0.28505495,-0.5479921,0.6952452
1783532937.1036,36,left_forearm_joint,0.29074913,0.27064228,0.116609246,-0.41903386,0.15082178,-0.741048,0.50250465
1783532937.1036,36,left_hand_joint,0.25221527,0.03719757,0.24241363,0.63707054,-0.56642646,0.50105953,-0.14913581
1783532937.1036,36,left_handIndexStart_joint,0.23510341,0.02203645,0.26164454,0.6030354,-0.57528514,0.54105866,-0.1124763
1783532937.1036,36,left_handIndex_1_joint,0.21523502,-0.043460578,0.30365843,0.6030354,-0.57528514,0.54105866,-0.1124763
1783532937.1036,36,left_handIndex_2_joint,0.20368361,-0.08154024,0.32808512,0.6030354,-0.57528514,0.54105866,-0.1124763
1783532937.1036,36,left_handIndex_3_joint,0.19721484,-0.102864854,0.34176406,0.6030354,-0.57528514,0.54105866,-0.1124763
1783532937.1036,36,left_handIndexEnd_joint,0.19259429,-0.118096724,0.35153472,0.6030354,-0.57528514,0.54105866,-0.1124763
1783532937.1036,36,left_handMidStart_joint,0.24504839,0.01566078,0.25676352,0.63836426,-0.56618696,0.49917328,-0.15082878
1783532937.1036,36,left_handMid_1_joint,0.23444557,-0.05073413,0.29222554,0.63836426,-0.56618696,0.49917328,-0.15082878
1783532937.1036,36,left_handMid_2_joint,0.22699495,-0.09739001,0.31714478,0.63836426,-0.56618696,0.49917328,-0.15082878
1783532937.1036,36,left_handMid_3_joint,0.22269651,-0.124306865,0.3315213,0.63836426,-0.56618696,0.49917328,-0.15082878
1783532937.1036,36,left_handMidEnd_joint,0.21983089,-0.14225145,0.3411056,0.63836426,-0.56618696,0.49917328,-0.15082878
1783532937.1036,36,left_handPinkyStart_joint,0.26569834,0.0050430084,0.2416029,0.6675253,-0.57096356,0.4221494,-0.22405453
1783532937.1036,36,left_handPinky_1_joint,0.26516372,-0.055374354,0.2611446,0.6675253,-0.57096356,0.4221494,-0.22405453
1783532937.1036,36,left_handPinky_2_joint,0.2648335,-0.09269096,0.27321446,0.6675253,-0.57096356,0.4221494,-0.22405453
1783532937.1036,36,left_handPinky_3_joint,0.26466057,-0.11223776,0.27953678,0.6675253,-0.57096356,0.4221494,-0.22405453
1783532937.1036,36,left_handPinkyEnd_joint,0.26450333,-0.13000757,0.28528434,0.6675253,-0.57096356,0.4221494,-0.22405453
1783532937.1036,36,left_handRingStart_joint,0.25450775,0.010257437,0.24987692,0.65378296,-0.56901395,0.46186313,-0.18834332
1783532937.1036,36,left_handRing_1_joint,0.24932554,-0.05386631,0.27708942,0.65378296,-0.56901395,0.46186313,-0.18834332
1783532937.1036,36,left_handRing_2_joint,0.2456675,-0.09913013,0.29629824,0.65378296,-0.56901395,0.46186313,-0.18834332
1783532937.1036,36,left_handRing_3_joint,0.24338125,-0.12742002,0.30830377,0.65378296,-0.56901395,0.46186313,-0.18834332
1783532937.1036,36,left_handRingEnd_joint,0.24185707,-0.14627995,0.31630746,0.65378296,-0.56901395,0.46186313,-0.18834332
1783532937.1036,36,left_handThumbStart_joint,0.22703697,0.020645805,0.2534439,0.24345994,-0.069931954,0.93208,-0.2589664
1783532937.1036,36,left_handThumb_1_joint,0.1869099,-0.0071073174,0.27586806,0.24345994,-0.069931954,0.93208,-0.2589664
1783532937.1036,36,left_handThumb_2_joint,0.15822676,-0.026942834,0.29189703,0.24345994,-0.06993193,0.93208,-0.2589664
1783532937.1036,36,left_handThumbEnd_joint,0.13910466,-0.04016652,0.302583,0.24345993,-0.0699319,0.93208,-0.2589664
1783532937.1036,36,neck_1_joint,-0.002045262,0.5771709,0.09362956,0.61027235,0.34993002,0.61705494,0.3526469
1783532937.1036,36,neck_2_joint,-0.0022377325,0.60304016,0.10881975,0.6051056,0.3600006,0.60860336,0.36585352
1783532937.1036,36,neck_3_joint,-0.0022376133,0.63828003,0.12774469,0.59015775,0.38235638,0.59658426,0.38678786
1783532937.1036,36,neck_4_joint,-0.0024063468,0.6747922,0.14407972,0.5728993,0.40530297,0.5854192,0.4059561
1783532937.1036,36,head_joint,-0.0030273795,0.71816343,0.1604246,0.51658195,0.47305834,0.53696406,0.47013652
1783532937.1036,36,jaw_joint,-0.0025023818,0.6927706,0.16264421,0.51658195,0.47305834,0.53696406,0.47013652
1783532937.1036,36,chin_joint,-0.0029055285,0.63205117,0.2565217,0.51658195,0.47305834,0.53696406,0.47013652
1783532937.1036,36,left_eye_joint,0.027057752,0.7417272,0.2506803,0.52068794,0.46853513,0.54104376,0.46543565
1783532937.1036,36,left_eyeLowerLid_joint,0.027057752,0.7417272,0.2506803,0.52068794,0.46853513,0.54104376,0.46543565
1783532937.1036,36,left_eyeUpperLid_joint,0.027057752,0.7417272,0.2506803,0.52068794,0.46853513,0.54104376,0.46543565
1783532937.1036,36,left_eyeball_joint,0.027057752,0.7417272,0.2506803,0.52068794,0.46853513,0.54104376,0.46543565
1783532937.1036,36,nose_joint,-0.004803436,0.70602226,0.26973808,0.52069044,0.46853235,0.5410462,0.4654328
1783532937.1036,36,right_eye_joint,-0.03754982,0.7402857,0.24947046,0.52068794,0.46853513,0.54104376,0.46543565
1783532937.1036,36,right_eyeLowerLid_joint,-0.03754982,0.7402857,0.24947046,0.52068794,0.46853513,0.54104376,0.46543565
1783532937.1036,36,right_eyeUpperLid_joint,-0.03754982,0.7402857,0.24947046,0.52068794,0.46853513,0.54104376,0.46543565
1783532937.1036,36,right_eyeball_joint,-0.03754982,0.7402857,0.24947046,0.52068794,0.46853513,0.54104376,0.46543565
1783532937.1036,36,right_shoulder_1_joint,-0.09103138,0.5547315,0.0871375,0.7753474,0.16036591,0.031146048,0.6100402
1783532937.1036,36,right_arm_joint,-0.22833861,0.51314896,0.10851213,0.6803172,0.56420916,0.26923224,0.38255784
1783532937.1036,36,right_forearm_joint,-0.28642032,0.25416476,0.1258966,0.48143655,0.76147485,0.16205128,0.40263426
1783532937.1036,36,right_hand_joint,-0.22955449,0.022718906,0.24840125,0.14218105,0.51061606,0.587687,0.61129373
1783532937.1036,36,right_handIndexStart_joint,-0.2122345,0.008265648,0.2662069,0.10183666,0.5511275,0.5964813,0.5745414
1783532937.1036,36,right_handIndex_1_joint,-0.18661037,-0.055794396,0.30730987,0.10183666,0.5511275,0.5964813,0.5745414
1783532937.1036,36,right_handIndex_2_joint,-0.17171222,-0.093038864,0.33120653,0.10183666,0.5511275,0.5964813,0.5745414
1783532937.1036,36,right_handIndex_3_joint,-0.16336972,-0.11389591,0.3445895,0.10183666,0.5511275,0.5964813,0.5745414
1783532937.1036,36,right_handIndexEnd_joint,-0.15741077,-0.12879354,0.35414863,0.10183666,0.5511275,0.5964813,0.5745414
1783532937.1036,36,right_handMidStart_joint,-0.22181837,0.0012090754,0.2615456,0.14164042,0.5111374,0.5880629,0.6106216
1783532937.1036,36,right_handMid_1_joint,-0.20553899,-0.064389616,0.296333,0.14164042,0.5111374,0.5880629,0.6106216
1783532937.1036,36,right_handMid_2_joint,-0.19409978,-0.110485315,0.32077834,0.14164042,0.5111374,0.5880629,0.6106216
1783532937.1036,36,right_handMid_3_joint,-0.18750001,-0.13707918,0.3348813,0.14164042,0.5111374,0.5880629,0.6106216
1783532937.1036,36,right_handMidEnd_joint,-0.18310046,-0.15480804,0.3442834,0.14164042,0.5111374,0.5880629,0.6106216
1783532937.1036,36,right_handPinkyStart_joint,-0.242039,-0.010810928,0.2468605,0.21772371,0.43717787,0.5927469,0.6404085
1783532937.1036,36,right_handPinky_1_joint,-0.23664485,-0.07110914,0.26602718,0.21772371,0.43717787,0.5927469,0.6404085
1783532937.1036,36,right_handPinky_2_joint,-0.23331335,-0.108352795,0.27786618,0.21772371,0.43717787,0.5927469,0.6404085
1783532937.1036,36,right_handPinky_3_joint,-0.2315679,-0.12786116,0.28406677,0.21772371,0.43717787,0.5927469,0.6404085
1783532937.1036,36,right_handPinkyEnd_joint,-0.2299815,-0.14559585,0.28970394,0.21772371,0.43717787,0.5927469,0.6404085
1783532937.1036,36,right_handRingStart_joint,-0.23104064,-0.0048358366,0.25487393,0.18054754,0.47540095,0.59086484,0.626319
1783532937.1036,36,right_handRing_1_joint,-0.22054532,-0.068526454,0.28156754,0.18054754,0.47540095,0.59086484,0.626319
1783532937.1036,36,right_handRing_2_joint,-0.2131368,-0.11348418,0.30040973,0.18054754,0.47540095,0.59086484,0.626319
1783532937.1036,36,right_handRing_3_joint,-0.20850669,-0.14158307,0.3121867,0.18054754,0.47540095,0.59086484,0.626319
1783532937.1036,36,right_handRingEnd_joint,-0.20541935,-0.16031623,0.32003736,0.18054754,0.47540095,0.59086484,0.626319
1783532937.1036,36,right_handThumbStart_joint,-0.20430557,0.007493088,0.25779256,0.22666946,0.9437202,0.077595375,0.22801796
1783532937.1036,36,right_handThumb_1_joint,-0.16171183,-0.01738247,0.27901193,0.22666946,0.9437202,0.07759537,0.22801796
1783532937.1036,36,right_handThumb_2_joint,-0.13126601,-0.035160817,0.29418007,0.22666946,0.9437202,0.07759536,0.22801796
1783532937.1036,36,right_handThumbEnd_joint,-0.11096881,-0.04701339,0.30429143,0.22666946,0.9437202,0.07759533,0.22801796
1783532937.1036,36,camera,0.10993375,0.07377559,-0.030057898,-0.07648427,-0.07555368,-0.7007241,0.7052854
1783532937.1375,37,root,-0.0005466305,0.023402171,-0.003306785,-0.08228158,-0.0063096588,-0.0026292782,0.9965857
1783532937.1375,37,hips_joint,-0.0005466305,0.023402171,-0.003306785,-0.08228158,-0.0063096588,-0.0026292782,0.9965857
1783532937.1375,37,left_upLeg_joint,0.0998155,-0.0015030098,0.0030421373,0.6189727,-0.33226988,0.62872237,-0.33343306
1783532937.1375,37,left_leg_joint,0.09501905,-0.3512719,0.23748776,-0.20788983,0.66583484,-0.28829816,0.65599525
1783532937.1375,37,left_foot_joint,0.07082582,-0.6508466,-0.107184544,0.5742627,-0.39594918,0.63149476,-0.33861604
1783532937.1375,37,left_toes_joint,0.054265004,-0.78235614,-0.039056405,0.6389001,-0.2799292,0.68422776,-0.21278735
1783532937.1375,37,left_toesEnd_joint,0.04862058,-0.8217177,0.0067527005,0.6389001,-0.27992895,0.6842278,-0.21278754
1783532937.1375,37,right_upLeg_joint,-0.10124568,-0.00065324304,0.00042601227,0.3344749,0.601406,0.40021762,0.6051971
1783532937.1375,37,right_leg_joint,-0.08283278,-0.37404975,0.19421847,0.63280225,0.2795474,0.6822516,0.23653217
1783532937.1375,37,right_foot_joint,-0.042941883,-0.6834383,-0.14017177,0.32575524,0.61030173,0.39120895,0.60693574
1783532937.1375,37,right_toes_joint,-0.035337504,-0.81346786,-0.06774962,0.20417707,0.66098154,0.26908153,0.67008233
1783532937.1375,37,right_toesEnd_joint,-0.034209054,-0.8517156,-0.020681009,0.20417751,0.6609817,0.26908112,0.6700822
1783532937.1375,37,spine_1_joint,-0.00054665026,0.023402171,-0.0033067851,0.45283785,0.5402693,0.45812815,0.5414477
1783532937.1375,37,spine_2_joint,-0.00075065554,0.08011556,-0.013098808,0.46540064,0.53184116,0.4684976,0.5301484
1783532937.1375,37,spine_3_joint,-0.0010205739,0.13719562,-0.020455865,0.4927471,0.5052593,0.4959136,0.50594753
1783532937.1375,37,spine_4_joint,-0.0011497444,0.19023617,-0.0216522,0.5299162,0.46464148,0.53196806,0.46936864
1783532937.1375,37,spine_5_joint,-0.0009917873,0.26015097,-0.012880926,0.57412845,0.40763077,0.57529396,0.41623336
1783532937.1375,37,spine_6_joint,-0.00045523106,0.34883872,0.017786222,0.58224225,0.39215285,0.5905941,0.39800566
1783532937.1375,37,spine_7_joint,-0.0010144466,0.44781166,0.05868033,0.56165147,0.42041707,0.576585,0.41874436
1783532937.1375,37,left_shoulder_1_joint,0.08633277,0.5578302,0.08820991,-0.6183625,-0.0069813444,-0.1288226,0.7752315
1783532937.1375,37,left_arm_joint,0.22655413,0.5301111,0.11288903,-0.3685253,0.2876337,-0.5457813,0.69539815
1783532937.1375,37,left_forearm_joint,0.29006612,0.2718193,0.11348181,-0.42192686,0.15236622,-0.738247,0.50373966
1783532937.1375,37,left_hand_joint,0.2535021,0.03805723,0.23928493,0.64012414,-0.5659741,0.49789298,-0.14838119
1783532937.1375,37,left_handIndexStart_joint,0.23660521,0.022799948,0.25862953,0.60628754,-0.5747865,0.5380964,-0.11175044
1783532937.1375,37,left_handIndex_1_joint,0.21734238,-0.04283278,0.3007136,0.60628754,-0.5747865,0.5380964,-0.11175044
1783532937.1375,37,left_handIndex_2_joint,0.20614305,-0.08099134,0.32518113,0.60628754,-0.5747865,0.5380964,-0.11175044
1783532937.1375,37,left_handIndex_3_joint,0.19987142,-0.102360144,0.3388829,0.60628754,-0.5747865,0.5380964,-0.11175044
1783532937.1375,37,left_handIndexEnd_joint,0.19539168,-0.11762357,0.3486699,0.60628754,-0.5747865,0.5380964,-0.11175044
1783532937.1375,37,left_handMidStart_joint,0.24653853,0.016472472,0.25366282,0.641409,-0.56573737,0.49599826,-0.15007196
1783532937.1375,37,left_handMid_1_joint,0.23649347,-0.050010808,0.2891217,0.641409,-0.56573737,0.49599826,-0.15007196
1783532937.1375,37,left_handMid_2_joint,0.22943477,-0.09672878,0.31403875,0.641409,-0.56573737,0.49599826,-0.15007196
1783532937.1375,37,left_handMid_3_joint,0.22536245,-0.123681456,0.32841396,0.641409,-0.56573737,0.49599826,-0.15007196
1783532937.1375,37,left_handMidEnd_joint,0.22264756,-0.14164992,0.33799744,0.641409,-0.56573737,0.49599826,-0.15007196
1783532937.1375,37,left_handPinkyStart_joint,0.26711395,0.0059610056,0.23832779,0.67023265,-0.57068974,0.41870347,-0.22313395
1783532937.1375,37,left_handPinky_1_joint,0.26698703,-0.054482363,0.25779584,0.67023265,-0.57068974,0.41870347,-0.22313395
1783532937.1375,37,left_handPinky_2_joint,0.26690865,-0.09181503,0.2698202,0.67023265,-0.57068974,0.41870347,-0.22313395
1783532937.1375,37,left_handPinky_3_joint,0.26686758,-0.111370236,0.27611873,0.67023265,-0.57068974,0.41870347,-0.22313395
1783532937.1375,37,left_handPinkyEnd_joint,0.26683024,-0.1291477,0.28184462,0.67023265,-0.57068974,0.41870347,-0.22313395
1783532937.1375,37,left_handRingStart_joint,0.25596648,0.011117754,0.24669565,0.6566641,-0.56865484,0.4585472,-0.18750599
1783532937.1375,37,left_handRing_1_joint,0.25126773,-0.053061172,0.27386582,0.6566641,-0.56865484,0.4585472,-0.18750599
1783532937.1375,37,left_handRing_2_joint,0.24795097,-0.09836395,0.29304478,0.6566641,-0.56865484,0.4585472,-0.18750599
1783532937.1375,37,left_handRing_3_joint,0.24587798,-0.12667818,0.30503163,0.6566641,-0.56865484,0.4585472,-0.18750599
1783532937.1375,37,left_handRingEnd_joint,0.244496,-0.14555433,0.31302285,0.6566641,-0.56865484,0.4585472,-0.18750599
1783532937.1375,37,left_handThumbStart_joint,0.22848083,0.021385416,0.25049037,0.24708383,-0.07101694,0.9305283,-0.2608127
1783532937.1375,37,left_handThumb_1_joint,0.18864772,-0.0065650484,0.27319184,0.24708383,-0.07101694,0.9305283,-0.2608127
1783532937.1375,37,left_handThumb_2_joint,0.16017471,-0.026541628,0.28941903,0.24708383,-0.07101692,0.9305283,-0.2608127
1783532937.1375,37,left_handThumbEnd_joint,0.1411927,-0.039859354,0.30023712,0.2470838,-0.0710169,0.9305283,-0.2608127
1783532937.1375,37,neck_1_joint,-0.0033990233,0.57779974,0.0918994,0.60908175,0.35134634,0.61684406,0.35366443
1783532937.1375,37,neck_2_joint,-0.0036354726,0.60372895,0.10698639,0.6038676,0.36141548,0.60837394,0.36688402
1783532937.1375,37,neck_3_joint,-0.003694672,0.63904494,0.12576877,0.58886987,0.38372827,0.59631515,0.3878057
1783532937.1375,37,neck_4_joint,-0.003921799,0.6756225,0.14195596,0.57156444,0.406633,0.58510697,0.4069563
1783532937.1375,37,head_joint,-0.004609327,0.7190587,0.15812488,0.51510024,0.4742271,0.5365266,0.47108328
1783532937.1375,37,jaw_joint,-0.004056458,0.6936756,0.16044755,0.51510024,0.4742271,0.5365266,0.47108328
1783532937.1375,37,chin_joint,-0.0044760746,0.6333355,0.25456923,0.51510024,0.4742271,0.5365266,0.47108328
1783532937.1375,37,left_eye_joint,0.025363276,0.74302244,0.24831265,0.5192166,0.46971673,0.54061466,0.4663862
1783532937.1375,37,left_eyeLowerLid_joint,0.025363276,0.74302244,0.24831265,0.5192166,0.46971673,0.54061466,0.4663862
1783532937.1375,37,left_eyeUpperLid_joint,0.025363276,0.74302244,0.24831265,0.5192166,0.46971673,0.54061466,0.4663862
1783532937.1375,37,left_eyeball_joint,0.025363276,0.74302244,0.24831265,0.5192166,0.46971673,0.54061466,0.4663862
1783532937.1375,37,nose_joint,-0.0064736507,0.7073571,0.2674848,0.51921904,0.46971402,0.5406171,0.4663833
1783532937.1375,37,right_eye_joint,-0.03924139,0.7414996,0.24704835,0.5192166,0.46971673,0.54061466,0.4663862
1783532937.1375,37,right_eyeLowerLid_joint,-0.03924139,0.7414996,0.24704835,0.5192166,0.46971673,0.54061466,0.4663862
1783532937.1375,37,right_eyeUpperLid_joint,-0.03924139,0.7414996,0.24704835,0.5192166,0.46971673,0.54061466,0.4663862
1783532937.1375,37,right_eyeball_joint,-0.03924139,0.7414996,0.24704835,0.5192166,0.46971673,0.54061466,0.4663862
1783532937.1375,37,right_shoulder_1_joint,-0.0923583,0.55524975,0.08542263,0.77441823,0.15827015,0.031176886,0.6117638
1783532937.1375,37,right_arm_joint,-0.2298587,0.51416016,0.10650698,0.67873746,0.5642518,0.27049544,0.38440582
1783532937.1375,37,right_forearm_joint,-0.2875522,0.2551118,0.12422497,0.47960132,0.761166,0.16215189,0.405359
1783532937.1375,37,right_hand_joint,-0.23092093,0.024235858,0.24790804,0.13907555,0.51030886,0.58758146,0.61236525
1783532937.1375,37,right_handIndexStart_joint,-0.21366748,0.009880707,0.26585707,0.09874539,0.55089647,0.59616405,0.5756311
1783532937.1375,37,right_handIndex_1_joint,-0.18814506,-0.053977087,0.30733636,0.09874539,0.55089647,0.59616405,0.5756311
1783532937.1375,37,right_handIndex_2_joint,-0.17330602,-0.09110397,0.3314518,0.09874539,0.55089647,0.59616405,0.5756311
1783532937.1375,37,right_handIndex_3_joint,-0.16499662,-0.11189517,0.34495723,0.09874539,0.55089647,0.59616405,0.5756311
1783532937.1375,37,right_handIndexEnd_joint,-0.15906133,-0.12674576,0.3546039,0.09874539,0.55089647,0.59616405,0.5756311
1783532937.1375,37,right_handMidStart_joint,-0.22321558,0.0027899337,0.26117432,0.13853483,0.51083225,0.58795446,0.6116931
1783532937.1375,37,right_handMid_1_joint,-0.20700301,-0.06264671,0.29629654,0.13853483,0.51083225,0.58795446,0.6116931
1783532937.1375,37,right_handMid_2_joint,-0.19561076,-0.10862854,0.32097715,0.13853483,0.51083225,0.58795446,0.6116931
1783532937.1375,37,right_handMid_3_joint,-0.18903808,-0.1351567,0.33521587,0.13853483,0.51083225,0.58795446,0.6116931
1783532937.1375,37,right_handMidEnd_joint,-0.18465659,-0.15284178,0.34470844,0.13853483,0.51083225,0.58795446,0.6116931
1783532937.1375,37,right_handPinkyStart_joint,-0.24334085,-0.009320898,0.24643299,0.21461117,0.43687078,0.5929996,0.641434
1783532937.1375,37,right_handPinky_1_joint,-0.23794274,-0.06953571,0.26585904,0.21461117,0.43687078,0.5929996,0.641434
1783532937.1375,37,right_handPinky_2_joint,-0.23460881,-0.106727846,0.2778582,0.21461117,0.43687078,0.5929996,0.641434
1783532937.1375,37,right_handPinky_3_joint,-0.2328621,-0.12620923,0.28414267,0.21461117,0.43687078,0.5929996,0.641434
1783532937.1375,37,right_handPinkyEnd_joint,-0.23127453,-0.1439194,0.28985614,0.21461117,0.43687078,0.5929996,0.641434
1783532937.1375,37,right_handRingStart_joint,-0.23239356,-0.003296299,0.25447914,0.17743467,0.47509426,0.59093744,0.62737197
1783532937.1375,37,right_handRing_1_joint,-0.22192697,-0.066865854,0.28147098,0.17743467,0.47509426,0.59093744,0.62737197
1783532937.1375,37,right_handRing_2_joint,-0.21453872,-0.11173812,0.30052367,0.17743467,0.47509426,0.59093744,0.62737197
1783532937.1375,37,right_handRing_3_joint,-0.20992129,-0.1397836,0.3124322,0.17743467,0.47509426,0.59093744,0.62737197
1783532937.1375,37,right_handRingEnd_joint,-0.20684236,-0.15848117,0.32037055,0.17743467,0.47509426,0.59093744,0.62737197
1783532937.1375,37,right_handThumbStart_joint,-0.20569451,0.009089334,0.25748625,0.22523195,0.94347626,0.07654939,0.23078884
1783532937.1375,37,right_handThumb_1_joint,-0.16316754,-0.015631802,0.27901766,0.22523195,0.94347626,0.07654938,0.23078884
1783532937.1375,37,right_handThumb_2_joint,-0.13276944,-0.033299766,0.29440886,0.22523196,0.94347626,0.076549366,0.23078884
1783532937.1375,37,right_handThumbEnd_joint,-0.112504035,-0.045078754,0.3046689,0.22523195,0.94347626,0.07654934,0.23078884
1783532937.1375,37,camera,0.110178635,0.07407656,-0.02970104,-0.07616498,-0.07594166,-0.7005824,0.7054191
1783532937.1697,38,root,-0.00062121864,0.02347509,-0.0030947141,-0.082561135,-0.0063620675,-0.003098077,0.9965609
1783532937.1697,38,hips_joint,-0.00062121864,0.02347509,-0.0030947141,-0.082561135,-0.0063620675,-0.003098077,0.9965609
1783532937.1697,38,left_upLeg_joint,0.09971657,-0.0015198207,0.0032861799,0.61805373,-0.33287185,0.62925315,-0.33353624
1783532937.1697,38,left_leg_joint,0.09402061,-0.3515485,0.23732346,-0.19983526,0.66801554,-0.28197122,0.6590246
1783532937.1697,38,left_foot_joint,0.07046703,-0.64360183,-0.11378828,0.56926686,-0.402633,0.62838227,-0.34490252
1783532937.1697,38,left_toes_joint,0.053484075,-0.77651924,-0.04855763,0.63526165,-0.28743878,0.68236315,-0.21954975
1783532937.1697,38,left_toesEnd_joint,0.047631882,-0.81684756,-0.003623948,0.63526165,-0.28743857,0.68236315,-0.21954995
1783532937.1697,38,right_upLeg_joint,-0.10134327,-0.00048464775,0.0006332496,0.33355975,0.6006779,0.40177408,0.60539377
1783532937.1697,38,right_leg_joint,-0.082616195,-0.37407297,0.19402534,0.63458484,0.26997268,0.6887468,0.2237067
1783532937.1697,38,right_foot_joint,-0.03939293,-0.67168605,-0.15048526,0.33306304,0.6038637,0.40423134,0.60084486
1783532937.1697,38,right_toes_joint,-0.03103094,-0.8040278,-0.08246899,0.21257268,0.65604526,0.28302234,0.66657007
1783532937.1697,38,right_toesEnd_joint,-0.029757446,-0.84383416,-0.03671481,0.21257313,0.6560454,0.28302184,0.66657
1783532937.1697,38,spine_1_joint,-0.00062123843,0.02347509,-0.0030947146,0.45215866,0.540659,0.4575415,0.542122
1783532937.1697,38,spine_2_joint,-0.0008118875,0.08016546,-0.013019338,0.46429047,0.53256625,0.4677012,0.5310963
1783532937.1697,38,spine_3_joint,-0.0010848291,0.13721874,-0.020581186,0.49153072,0.50612885,0.49509442,0.5070629
1783532937.1697,38,spine_4_joint,-0.0012211663,0.19025405,-0.021990843,0.52882427,0.4654786,0.5312722,0.4705577
1783532937.1697,38,spine_5_joint,-0.0010684974,0.2602019,-0.01348677,0.5733456,0.40821052,0.57487184,0.41732648
1783532937.1697,38,spine_6_joint,-0.00053009106,0.34897858,0.016921919,0.581826,0.39225343,0.59027976,0.3989807
1783532937.1697,38,spine_7_joint,-0.0010275085,0.4480268,0.057634216,0.5616658,0.41998723,0.57616246,0.41973716
1783532937.1697,38,left_shoulder_1_joint,0.08651813,0.5578994,0.08711946,-0.61770797,-0.0050584655,-0.1279918,0.77590555
1783532937.1697,38,left_arm_joint,0.22680809,0.5299962,0.11119379,-0.36905816,0.29098424,-0.5429125,0.69596714
1783532937.1697,38,left_forearm_joint,0.2909503,0.27186206,0.110050485,-0.42498544,0.1546878,-0.7345004,0.505933
1783532937.1697,38,left_hand_joint,0.25696135,0.03746952,0.23540181,0.6438868,-0.5655736,0.49350372,-0.1482922
1783532937.1697,38,left_handIndexStart_joint,0.24033764,0.02204714,0.25485188,0.6103262,-0.5743829,0.53395957,-0.11168467
1783532937.1697,38,left_handIndex_1_joint,0.22186163,-0.043838985,0.29689282,0.6103262,-0.5743829,0.53395957,-0.11168467
1783532937.1697,38,left_handIndex_2_joint,0.21111976,-0.08214487,0.32133523,0.6103262,-0.5743829,0.53395957,-0.11168467
1783532937.1697,38,left_handIndex_3_joint,0.20510432,-0.10359617,0.33502296,0.6103262,-0.5743829,0.53395957,-0.11168467
1783532937.1697,38,left_handIndexEnd_joint,0.20080759,-0.11891852,0.3447999,0.6103262,-0.5743829,0.53395957,-0.11168467
1783532937.1697,38,left_handMidStart_joint,0.25026163,0.015795872,0.24977136,0.6451592,-0.5653377,0.49159837,-0.1499805
1783532937.1697,38,left_handMid_1_joint,0.24094592,-0.05086353,0.28509846,0.6451592,-0.5653377,0.49159837,-0.1499805
1783532937.1697,38,left_handMid_2_joint,0.23439975,-0.097705275,0.3099229,0.6451592,-0.5653377,0.49159837,-0.1499805
1783532937.1697,38,left_handMid_3_joint,0.23062311,-0.12472936,0.32424468,0.6451592,-0.5653377,0.49159837,-0.1499805
1783532937.1697,38,left_handMidEnd_joint,0.22810535,-0.1427454,0.33379254,0.6451592,-0.5653377,0.49159837,-0.1499805
1783532937.1697,38,left_handPinkyStart_joint,0.27075502,0.005458908,0.23420955,0.67351395,-0.57041615,0.41394317,-0.2228349
1783532937.1697,38,left_handPinky_1_joint,0.27117115,-0.055048265,0.25347432,0.67351395,-0.57041615,0.41394317,-0.2228349
1783532937.1697,38,left_handPinky_2_joint,0.27142817,-0.09242034,0.26537314,0.67351395,-0.57041615,0.41394317,-0.2228349
1783532937.1697,38,left_handPinky_3_joint,0.27156278,-0.11199619,0.27160588,0.67351395,-0.57041615,0.41394317,-0.2228349
1783532937.1697,38,left_handPinkyEnd_joint,0.27168518,-0.12979242,0.27727196,0.67351395,-0.57041615,0.41394317,-0.2228349
1783532937.1697,38,left_handRingStart_joint,0.25965577,0.01052093,0.24269846,0.6601853,-0.5683218,0.45395967,-0.18731362
1783532937.1697,38,left_handRing_1_joint,0.25559473,-0.053774655,0.26969507,0.6601853,-0.5683218,0.45395967,-0.18731362
1783532937.1697,38,left_handRing_2_joint,0.25272813,-0.09915977,0.28875154,0.6601853,-0.5683218,0.45395967,-0.18731362
1783532937.1697,38,left_handRing_3_joint,0.2509365,-0.12752546,0.30066183,0.6601853,-0.5683218,0.45395967,-0.18731362
1783532937.1697,38,left_handRingEnd_joint,0.24974208,-0.14643593,0.30860204,0.6601853,-0.5683218,0.45395967,-0.18731362
1783532937.1697,38,left_handThumbStart_joint,0.23214602,0.020610828,0.24678423,0.2512061,-0.07304875,0.9284587,-0.26367393
1783532937.1697,38,left_handThumb_1_joint,0.19269468,-0.007653203,0.26976243,0.2512061,-0.07304875,0.9284587,-0.26367393
1783532937.1697,38,left_handThumb_2_joint,0.16449451,-0.027853925,0.28618744,0.25120613,-0.07304873,0.9284587,-0.26367393
1783532937.1697,38,left_handThumbEnd_joint,0.1456944,-0.041321076,0.29713744,0.25120613,-0.073048696,0.9284587,-0.26367393
1783532937.1697,38,neck_1_joint,-0.003176251,0.5780513,0.09072652,0.6088202,0.35110316,0.6166913,0.35462165
1783532937.1697,38,neck_2_joint,-0.0033911448,0.60399836,0.10578323,0.6036097,0.36116466,0.6082035,0.36783728
1783532937.1697,38,neck_3_joint,-0.0034192544,0.63933617,0.124524646,0.5886214,0.38347065,0.5961097,0.3887527
1783532937.1697,38,neck_4_joint,-0.0036109763,0.6759328,0.14066926,0.57132643,0.40637165,0.58486634,0.40789667
1783532937.1697,38,head_joint,-0.004253462,0.71938866,0.15678719,0.5148963,0.47394568,0.53617424,0.4719899
1783532937.1697,38,jaw_joint,-0.0037384587,0.6940076,0.1591398,0.5148963,0.47394568,0.53617424,0.4719899
1783532937.1697,38,chin_joint,-0.0043349294,0.6337772,0.2533308,0.5148963,0.47394568,0.53617424,0.4719899
1783532937.1697,38,left_eye_joint,0.025664298,0.7434149,0.24697654,0.5190101,0.46943712,0.5402702,0.46729586
1783532937.1697,38,left_eyeLowerLid_joint,0.025664298,0.7434149,0.24697654,0.5190101,0.46943712,0.5402702,0.46729586
1783532937.1697,38,left_eyeUpperLid_joint,0.025664298,0.7434149,0.24697654,0.5190101,0.46943712,0.5402702,0.46729586
1783532937.1697,38,left_eyeball_joint,0.025664298,0.7434149,0.24697654,0.5190101,0.46943712,0.5402702,0.46729586
1783532937.1697,38,nose_joint,-0.0062413793,0.7078164,0.2661587,0.5190126,0.46943435,0.54027265,0.46729302
1783532937.1697,38,right_eye_joint,-0.038941167,0.7419811,0.24565059,0.5190101,0.46943712,0.5402702,0.46729586
1783532937.1697,38,right_eyeLowerLid_joint,-0.038941167,0.7419811,0.24565059,0.5190101,0.46943712,0.5402702,0.46729586
1783532937.1697,38,right_eyeUpperLid_joint,-0.038941167,0.7419811,0.24565059,0.5190101,0.46943712,0.5402702,0.46729586
1783532937.1697,38,right_eyeball_joint,-0.038941167,0.7419811,0.24565059,0.5190101,0.46943712,0.5402702,0.46729586
1783532937.1697,38,right_shoulder_1_joint,-0.09217577,0.5556726,0.084208794,0.77491003,0.1543647,0.030691085,0.6121637
1783532937.1697,38,right_arm_joint,-0.23003909,0.515521,0.10472271,0.679883,0.5604906,0.27222523,0.38665617
1783532937.1697,38,right_forearm_joint,-0.2894836,0.25680947,0.12155206,0.48239452,0.75708956,0.16262405,0.4094686
1783532937.1697,38,right_hand_joint,-0.23608713,0.025387153,0.2456522,0.13883309,0.5067691,0.5855053,0.6173284
1783532937.1697,38,right_handIndexStart_joint,-0.2191294,0.010869576,0.2637518,0.09864291,0.54770535,0.5940787,0.58082634
1783532937.1697,38,right_handIndex_1_joint,-0.19456874,-0.053231522,0.30543593,0.09864291,0.54770535,0.5940787,0.58082634
1783532937.1697,38,right_handIndex_2_joint,-0.18028887,-0.09049986,0.3296705,0.09864291,0.54770535,0.5940787,0.58082634
1783532937.1697,38,right_handIndex_3_joint,-0.17229259,-0.11137027,0.34324265,0.09864291,0.54770535,0.5940787,0.58082634
1783532937.1697,38,right_handIndexEnd_joint,-0.16658098,-0.12627745,0.35293692,0.09864291,0.54770535,0.5940787,0.58082634
1783532937.1697,38,right_handMidStart_joint,-0.22869866,0.0038676262,0.2589794,0.13829292,0.5072979,0.5858788,0.6166605
1783532937.1697,38,right_handMid_1_joint,-0.21340357,-0.061725352,0.2942213,0.13829292,0.5072979,0.5858788,0.6166605
1783532937.1697,38,right_handMid_2_joint,-0.20265602,-0.107817024,0.31898603,0.13829292,0.5072979,0.5858788,0.6166605
1783532937.1697,38,right_handMid_3_joint,-0.19645528,-0.13440856,0.33327326,0.13829292,0.5072979,0.5858788,0.6166605
1783532937.1697,38,right_handMidEnd_joint,-0.19232175,-0.1521359,0.34279817,0.13829292,0.5072979,0.5858788,0.6166605
1783532937.1697,38,right_handPinkyStart_joint,-0.24879831,-0.008054538,0.24405052,0.21401317,0.43285504,0.59112155,0.6460731
1783532937.1697,38,right_handPinky_1_joint,-0.24412622,-0.0683223,0.26350054,0.21401317,0.43285504,0.59112155,0.6460731
1783532937.1697,38,right_handPinky_2_joint,-0.24124071,-0.10554714,0.2755145,0.21401317,0.43285504,0.59112155,0.6460731
1783532937.1697,38,right_handPinky_3_joint,-0.23972888,-0.12504566,0.28180674,0.21401317,0.43285504,0.59112155,0.6460731
1783532937.1697,38,right_handPinkyEnd_joint,-0.23835483,-0.14277141,0.28752726,0.21401317,0.43285504,0.59112155,0.6460731
1783532937.1697,38,right_handRingStart_joint,-0.23787035,-0.002132554,0.2521985,0.17701842,0.4713115,0.5889611,0.6321828
1783532937.1697,38,right_handRing_1_joint,-0.22822967,-0.06580354,0.27925876,0.17701842,0.4713115,0.5889611,0.6321828
1783532937.1697,38,right_handRing_2_joint,-0.2214244,-0.11074741,0.29835978,0.17701842,0.4713115,0.5889611,0.6321828
1783532937.1697,38,right_handRing_3_joint,-0.21717134,-0.13883764,0.3102985,0.17701842,0.4713115,0.5889611,0.6321828
1783532937.1697,38,right_handRingEnd_joint,-0.21433534,-0.15756504,0.31825703,0.17701842,0.4713115,0.5889611,0.6321828
1783532937.1697,38,right_handThumbStart_joint,-0.21108806,0.010008266,0.2554536,0.22921929,0.94136554,0.07669336,0.23538856
1783532937.1697,38,right_handThumb_1_joint,-0.16898593,-0.01510636,0.2773614,0.22921927,0.94136554,0.07669335,0.23538856
1783532937.1697,38,right_handThumb_2_joint,-0.13889155,-0.03305559,0.2930216,0.22921927,0.94136554,0.07669333,0.23538856
1783532937.1697,38,right_handThumbEnd_joint,-0.1188286,-0.045022085,0.303461,0.22921929,0.94136554,0.07669332,0.23538856
1783532937.1697,38,camera,0.11036485,0.074311875,-0.029490028,-0.0761068,-0.07648385,-0.70036924,0.70557845
1783532937.2040,39,root,-0.000603043,0.023561208,-0.0030120378,-0.08327243,-0.0065464964,-0.003415298,0.9964995
1783532937.2040,39,hips_joint,-0.000603043,0.023561208,-0.0030120378,-0.08327243,-0.0065464964,-0.003415298,0.9964995
1783532937.2040,39,left_upLeg_joint,0.099716775,-0.0014858817,0.0034462803,0.6185313,-0.33222917,0.6302382,-0.33142534
1783532937.2040,39,left_leg_joint,0.093335934,-0.35046998,0.23902096,-0.19375671,0.6706298,-0.27825624,0.65976334
1783532937.2040,39,left_foot_joint,0.0684852,-0.6372216,-0.11634563,0.5660939,-0.40843952,0.62591326,-0.3477751
1783532937.2040,39,left_toes_joint,0.051021576,-0.77101994,-0.05307249,0.63324684,-0.29374138,0.68048346,-0.2228382
1783532937.2040,39,left_toesEnd_joint,0.045035787,-0.8119837,-0.008735079,0.6332469,-0.2937412,0.6804834,-0.22283843
1783532937.2040,39,right_upLeg_joint,-0.10134126,-0.00033165453,0.00070808054,0.3328598,0.5994119,0.4026786,0.606432
1783532937.2040,39,right_leg_joint,-0.083280884,-0.3740243,0.19396211,0.6347825,0.26320842,0.6937592,0.21557106
1783532937.2040,39,right_foot_joint,-0.03701822,-0.66362226,-0.15692568,0.33739012,0.59866077,0.4131944,0.59753144
1783532937.2040,39,right_toes_joint,-0.028337354,-0.7974167,-0.091855146,0.21780749,0.6517568,0.2924509,0.6650155
1783532937.2040,39,right_toesEnd_joint,-0.027086014,-0.8382337,-0.046999566,0.21780792,0.65175694,0.29245043,0.6650154
1783532937.2040,39,spine_1_joint,-0.0006030628,0.023561208,-0.003012038,0.4515876,0.5407781,0.45709988,0.54285127
1783532937.2040,39,spine_2_joint,-0.0007620403,0.080233045,-0.013042515,0.46357214,0.53266925,0.46725112,0.53201574
1783532937.2040,39,spine_3_joint,-0.0009991714,0.13726974,-0.020729713,0.4908087,0.506115,0.49477687,0.5080851
1783532937.2040,39,spine_4_joint,-0.0011006615,0.19030212,-0.022247987,0.5281667,0.46526086,0.5311835,0.47161075
1783532937.2040,39,spine_5_joint,-0.0009057352,0.2602632,-0.013854389,0.5727767,0.40769812,0.5750774,0.41832447
1783532937.2040,39,spine_6_joint,-0.00033453194,0.3490655,0.016478937,0.5813594,0.39140055,0.5906943,0.39988434
1783532937.2040,39,spine_7_joint,-0.0007956716,0.44811812,0.057180993,0.56124,0.41892812,0.57654697,0.4208357
1783532937.2040,39,left_shoulder_1_joint,0.08686391,0.55783665,0.08690052,-0.6169322,-0.0047801463,-0.12768213,0.7765754
1783532937.2040,39,left_arm_joint,0.22717765,0.52992743,0.11082891,-0.36915505,0.29229337,-0.5403953,0.697325
1783532937.2040,39,left_forearm_joint,0.29236427,0.27206278,0.108523436,-0.4263814,0.15567929,-0.7314212,0.5089066
1783532937.2040,39,left_hand_joint,0.26062965,0.03699722,0.2332037,0.6467912,-0.5645122,0.49044782,-0.14982685
1783532937.2040,39,left_handIndexStart_joint,0.24420813,0.02138939,0.2526776,0.6134227,-0.5734246,0.53109694,-0.11328272
1783532937.2040,39,left_handIndex_1_joint,0.2263985,-0.04477297,0.29457206,0.6134227,-0.5734246,0.53109694,-0.11328272
1783532937.2040,39,left_handIndex_2_joint,0.21604408,-0.08323946,0.31892928,0.6134227,-0.5734246,0.53109694,-0.11328272
1783532937.2040,39,left_handIndex_3_joint,0.21024561,-0.10478069,0.33256933,0.6134227,-0.5734246,0.53109694,-0.11328272
1783532937.2040,39,left_handIndexEnd_joint,0.20610383,-0.12016729,0.34231225,0.6134227,-0.5734246,0.53109694,-0.11328272
1783532937.2040,39,left_handMidStart_joint,0.25415173,0.015226409,0.247528,0.64805526,-0.56427246,0.48853397,-0.15151119
1783532937.2040,39,left_handMid_1_joint,0.24547558,-0.051620767,0.28266257,0.64805526,-0.56427246,0.48853397,-0.15151119
1783532937.2040,39,left_handMid_2_joint,0.23937881,-0.098594464,0.30735177,0.64805526,-0.56427246,0.48853397,-0.15151119
1783532937.2040,39,left_handMid_3_joint,0.23586145,-0.12569468,0.3215955,0.64805526,-0.56427246,0.48853397,-0.15151119
1783532937.2040,39,left_handMidEnd_joint,0.23351653,-0.14376149,0.33109134,0.64805526,-0.56427246,0.48853397,-0.15151119
1783532937.2040,39,left_handPinkyStart_joint,0.27464327,0.0050894665,0.23183274,0.67611486,-0.56928694,0.41054565,-0.2241281
1783532937.2040,39,left_handPinky_1_joint,0.27557862,-0.05548044,0.250881,0.67611486,-0.56928694,0.41054565,-0.2241281
1783532937.2040,39,left_handPinky_2_joint,0.2761563,-0.09289127,0.26264605,0.67611486,-0.56928694,0.41054565,-0.2241281
1783532937.2040,39,left_handPinky_3_joint,0.27645892,-0.11248742,0.26880872,0.67611486,-0.56928694,0.41054565,-0.2241281
1783532937.2040,39,left_handPinkyEnd_joint,0.276734,-0.13030209,0.27441114,0.67611486,-0.56928694,0.41054565,-0.2241281
1783532937.2040,39,left_handRingStart_joint,0.26354912,0.010042963,0.24039201,0.6629365,-0.5672259,0.45072272,-0.18873021
1783532937.2040,39,left_handRing_1_joint,0.26007104,-0.05437405,0.26717976,0.6629365,-0.5672259,0.45072272,-0.18873021
1783532937.2040,39,left_handRing_2_joint,0.25761595,-0.09984488,0.28608876,0.6629365,-0.5672259,0.45072272,-0.18873021
1783532937.2040,39,left_handRing_3_joint,0.2560815,-0.12826414,0.29790688,0.6629365,-0.5672259,0.45072272,-0.18873021
1783532937.2040,39,left_handRingEnd_joint,0.25505856,-0.14721033,0.30578563,0.6629365,-0.5672259,0.45072272,-0.18873021
1783532937.2040,39,left_handThumbStart_joint,0.23598856,0.019923411,0.24464379,0.2532028,-0.07442187,0.92679083,-0.26722372
1783532937.2040,39,left_handThumb_1_joint,0.19684778,-0.008699695,0.26770845,0.2532028,-0.07442187,0.92679083,-0.26722372
1783532937.2040,39,left_handThumb_2_joint,0.1688696,-0.029157085,0.28419527,0.2532028,-0.07442187,0.92679083,-0.26722372
1783532937.2040,39,left_handThumbEnd_joint,0.15021749,-0.042795353,0.2951865,0.2532028,-0.07442184,0.9267909,-0.26722372
1783532937.2040,39,neck_1_joint,-0.0028040812,0.57814795,0.09026138,0.6078269,0.3505122,0.6174483,0.355592
1783532937.2040,39,neck_2_joint,-0.003050153,0.6041046,0.10530112,0.6025636,0.3606195,0.6089641,0.3688275
1783532937.2040,39,neck_3_joint,-0.0031208487,0.63945645,0.124015786,0.5875937,0.38289052,0.59683144,0.38977084
1783532937.2040,39,neck_4_joint,-0.0033458825,0.6760653,0.14013217,0.5703164,0.40576035,0.5855457,0.40894306
1783532937.2040,39,head_joint,-0.004017837,0.7195336,0.15621524,0.51396126,0.4732254,0.53671736,0.47311342
1783532937.2040,39,jaw_joint,-0.0035245295,0.69415396,0.1585886,0.51396126,0.4732254,0.53671736,0.47311342
1783532937.2040,39,chin_joint,-0.0044654817,0.6339949,0.2528224,0.51396126,0.4732254,0.53671736,0.47311342
1783532937.2040,39,left_eye_joint,0.0256147,0.74361145,0.24648498,0.5180689,0.4687251,0.5408231,0.4684146
1783532937.2040,39,left_eyeLowerLid_joint,0.0256147,0.74361145,0.24648498,0.5180689,0.4687251,0.5408231,0.4684146
1783532937.2040,39,left_eyeUpperLid_joint,0.0256147,0.74361145,0.24648498,0.5180689,0.4687251,0.5408231,0.4684146
1783532937.2040,39,left_eyeball_joint,0.0256147,0.74361145,0.24648498,0.5180689,0.4687251,0.5408231,0.4684146
1783532937.2040,39,nose_joint,-0.006373753,0.7080448,0.26558828,0.51807123,0.4687223,0.54082555,0.4684117
1783532937.2040,39,right_eye_joint,-0.038986824,0.742212,0.24494644,0.5180689,0.4687251,0.5408231,0.4684146
1783532937.2040,39,right_eyeLowerLid_joint,-0.038986824,0.742212,0.24494644,0.5180689,0.4687251,0.5408231,0.4684146
1783532937.2040,39,right_eyeUpperLid_joint,-0.038986824,0.742212,0.24494644,0.5180689,0.4687251,0.5408231,0.4684146
1783532937.2040,39,right_eyeball_joint,-0.038986824,0.742212,0.24494644,0.5180689,0.4687251,0.5408231,0.4684146
1783532937.2040,39,right_shoulder_1_joint,-0.09182502,0.5559268,0.083501324,0.7755924,0.15043886,0.03144857,0.61223835
1783532937.2040,39,right_arm_joint,-0.23002185,0.5164928,0.1031448,0.6804797,0.5564901,0.2756195,0.3889732
1783532937.2040,39,right_forearm_joint,-0.29085428,0.25801367,0.11852211,0.4854137,0.75177354,0.16443917,0.41493368
1783532937.2040,39,right_hand_joint,-0.24143846,0.02586933,0.2429222,0.13795531,0.50143117,0.5837555,0.6235099
1783532937.2040,39,right_handIndexStart_joint,-0.22487064,0.0111537445,0.2612219,0.097883016,0.542804,0.5922762,0.58735985
1783532937.2040,39,right_handIndex_1_joint,-0.20151193,-0.053256836,0.30311924,0.097883016,0.542804,0.5922762,0.58735985
1783532937.2040,39,right_handIndex_2_joint,-0.18793087,-0.090705104,0.32747775,0.097883016,0.542804,0.5922762,0.58735985
1783532937.2040,39,right_handIndex_3_joint,-0.18032594,-0.11167627,0.3411193,0.097883016,0.542804,0.5922762,0.58735985
1783532937.2040,39,right_handIndexEnd_joint,-0.17489386,-0.1266554,0.3508632,0.097883016,0.542804,0.5922762,0.58735985
1783532937.2040,39,right_handMidStart_joint,-0.23444444,0.0042555523,0.2563096,0.13741475,0.5019668,0.58412933,0.6228478
1783532937.2040,39,right_handMid_1_joint,-0.22027855,-0.061543774,0.29163864,0.13741475,0.5019668,0.58412933,0.6228478
1783532937.2040,39,right_handMid_2_joint,-0.21032447,-0.10778046,0.3164646,0.13741475,0.5019668,0.58412933,0.6228478
1783532937.2040,39,right_handMid_3_joint,-0.20458153,-0.13445567,0.33078715,0.13741475,0.5019668,0.58412933,0.6228478
1783532937.2040,39,right_handMidEnd_joint,-0.20075317,-0.15223876,0.3403356,0.13741475,0.5019668,0.58412933,0.6228478
1783532937.2040,39,right_handPinkyStart_joint,-0.25446013,-0.0074409195,0.24109216,0.21274996,0.4269469,0.58966964,0.65172344
1783532937.2040,39,right_handPinky_1_joint,-0.25065088,-0.067783624,0.26049784,0.21274996,0.4269469,0.58966964,0.65172344
1783532937.2040,39,right_handPinky_2_joint,-0.24829833,-0.10505476,0.27248442,0.21274996,0.4269469,0.58966964,0.65172344
1783532937.2040,39,right_handPinky_3_joint,-0.24706565,-0.12457752,0.27876234,0.21274996,0.4269469,0.58966964,0.65172344
1783532937.2040,39,right_handPinkyEnd_joint,-0.24594538,-0.1423253,0.28446978,0.21274996,0.4269469,0.58966964,0.65172344
1783532937.2040,39,right_handRingStart_joint,-0.24358383,-0.0016416621,0.24939603,0.17595144,0.46568173,0.5873632,0.6381114
1783532937.2040,39,right_handRing_1_joint,-0.23494267,-0.06544938,0.27647188,0.17595144,0.46568173,0.5873632,0.6381114
1783532937.2040,39,right_handRing_2_joint,-0.22884296,-0.11048976,0.29558384,0.17595144,0.46568173,0.5873632,0.6381114
1783532937.2040,39,right_handRing_3_joint,-0.22503087,-0.13864031,0.30752942,0.17595144,0.46568173,0.5873632,0.6381114
1783532937.2040,39,right_handRingEnd_joint,-0.22248885,-0.15740792,0.31549254,0.17595144,0.46568173,0.5873632,0.6381114
1783532937.2040,39,right_handThumbStart_joint,-0.21672776,0.010225407,0.2530306,0.23359747,0.93854606,0.077839695,0.24187718
1783532937.2040,39,right_handThumb_1_joint,-0.17517589,-0.015344311,0.27545628,0.23359747,0.93854606,0.07783969,0.24187718
1783532937.2040,39,right_handThumb_2_joint,-0.14547478,-0.033618834,0.2914867,0.23359747,0.93854606,0.07783967,0.24187718
1783532937.2040,39,right_handThumbEnd_joint,-0.12567401,-0.045802195,0.30217287,0.23359747,0.93854606,0.07783965,0.24187718
1783532937.2040,39,camera,0.11041301,0.07361963,-0.029640505,-0.07621351,-0.07667057,-0.7001494,0.7057647
1783532937.2365,40,root,-0.00065054616,0.023283228,-0.0033353316,-0.08393755,-0.00659447,-0.0034379235,0.9964433
1783532937.2365,40,hips_joint,-0.00065054616,0.023283228,-0.0033353316,-0.08393755,-0.00659447,-0.0034379235,0.9964433
1783532937.2365,40,left_upLeg_joint,0.0996675,-0.0017598462,0.0031660092,0.6199304,-0.33098382,0.63074297,-0.3290887
1783532937.2365,40,left_leg_joint,0.09344619,-0.34938478,0.24074583,-0.19188362,0.67240435,-0.2774116,0.65885943
1783532937.2365,40,left_foot_joint,0.06684474,-0.63456,-0.11576067,0.5657138,-0.4109916,0.624691,-0.34758428
1783532937.2365,40,left_toes_joint,0.0492134,-0.76858026,-0.05300573,0.63335735,-0.29631928,0.67924714,-0.22288252
1783532937.2365,40,left_toesEnd_joint,0.04324701,-0.8097162,-0.008825483,0.63335735,-0.29631907,0.67924714,-0.22288275
1783532937.2365,40,right_upLeg_joint,-0.10139023,-0.0005999994,0.00040704935,0.3352338,0.5971133,0.40351728,0.6068342
1783532937.2365,40,right_leg_joint,-0.08507675,-0.37540713,0.19164743,0.63556546,0.25920203,0.6949419,0.21430472
1783532937.2365,40,right_foot_joint,-0.039226342,-0.6622931,-0.16151476,0.34047717,0.59598964,0.41490614,0.597264
1783532937.2365,40,right_toes_joint,-0.031074047,-0.7966391,-0.0975214,0.22134478,0.64971924,0.2941824,0.6650773
1783532937.2365,40,right_toesEnd_joint,-0.03002119,-0.83782303,-0.05299735,0.22134525,0.6497194,0.29418194,0.66507715
1783532937.2365,40,spine_1_joint,-0.0006505659,0.023283228,-0.0033353318,0.45065737,0.54139876,0.45634967,0.54363596
1783532937.2365,40,spine_2_joint,-0.000808008,0.07992371,-0.013541349,0.46232,0.53346914,0.4662333,0.53319544
1783532937.2365,40,spine_3_joint,-0.0010339383,0.13692717,-0.021471484,0.48947746,0.50694305,0.49365896,0.5096287
1783532937.2365,40,spine_4_joint,-0.001107209,0.18995166,-0.023245385,0.5269664,0.46593046,0.5301663,0.4734335
1783532937.2365,40,spine_5_joint,-0.0008477047,0.25995132,-0.015181491,0.5719442,0.4078924,0.5743867,0.42021883
1783532937.2365,40,spine_6_joint,-0.0001583603,0.34886268,0.014828193,0.58102405,0.3907704,0.59021455,0.40169227
1783532937.2365,40,spine_7_joint,-0.00039459497,0.44799763,0.055331316,0.5616309,0.4172702,0.57614344,0.4225106
1783532937.2365,40,left_shoulder_1_joint,0.087696925,0.5573236,0.085219845,-0.61369044,-0.0010704976,-0.12448065,0.77967143
1783532937.2365,40,left_arm_joint,0.22825114,0.52935886,0.10762343,-0.36887813,0.3003211,-0.5306114,0.701561
1783532937.2365,40,left_forearm_joint,0.29648134,0.2723957,0.09966372,-0.43062195,0.16344705,-0.7198588,0.5192816
1783532937.2365,40,left_hand_joint,0.27241144,0.034334507,0.22031035,0.6564217,-0.56375736,0.4765389,-0.15556079
1783532937.2365,40,left_handIndexStart_joint,0.25673977,0.017999431,0.23980567,0.6239327,-0.5730466,0.51783615,-0.11904469
1783532937.2365,40,left_handIndex_1_joint,0.24123396,-0.049331035,0.28074428,0.6239327,-0.5730466,0.51783615,-0.11904469
1783532937.2365,40,left_handIndex_2_joint,0.23221895,-0.08847666,0.3045458,0.6239327,-0.5730466,0.51783615,-0.11904469
1783532937.2365,40,left_handIndex_3_joint,0.22717054,-0.1103982,0.3178746,0.6239327,-0.5730466,0.51783615,-0.11904469
1783532937.2365,40,left_handIndexEnd_joint,0.22356455,-0.12605645,0.3273952,0.6239327,-0.5730466,0.51783615,-0.11904469
1783532937.2365,40,left_handMidStart_joint,0.26670316,0.012155458,0.23433258,0.65764666,-0.5635029,0.4745964,-0.15723895
1783532937.2365,40,left_handMid_1_joint,0.26019976,-0.055529814,0.26831305,0.65764666,-0.5635029,0.4745964,-0.15723895
1783532937.2365,40,left_handMid_2_joint,0.2556298,-0.10309244,0.29219124,0.65764666,-0.5635029,0.4745964,-0.15723895
1783532937.2365,40,left_handMid_3_joint,0.25299332,-0.13053241,0.30596712,0.65764666,-0.5635029,0.4745964,-0.15723895
1783532937.2365,40,left_handMidEnd_joint,0.25123563,-0.14882573,0.31515104,0.65764666,-0.5635029,0.4745964,-0.15723895
1783532937.2365,40,left_handPinkyStart_joint,0.28707406,0.0027727555,0.21802323,0.68423957,-0.5682056,0.39549482,-0.22922182
1783532937.2365,40,left_handPinky_1_joint,0.28970635,-0.05811804,0.23585035,0.68423957,-0.5682056,0.39549482,-0.22922182
1783532937.2365,40,left_handPinky_2_joint,0.29133216,-0.09572706,0.24686122,0.68423957,-0.5682056,0.39549482,-0.22922182
1783532937.2365,40,left_handPinky_3_joint,0.2921838,-0.115427025,0.2526288,0.68423957,-0.5682056,0.39549482,-0.22922182
1783532937.2365,40,left_handPinkyEnd_joint,0.292958,-0.13333608,0.2578721,0.68423957,-0.5682056,0.39549482,-0.22922182
1783532937.2365,40,left_handRingStart_joint,0.27605796,0.007316942,0.2269044,0.67180264,-0.56631213,0.4362053,-0.1941573
1783532937.2365,40,left_handRing_1_joint,0.2745234,-0.057664845,0.25248265,0.67180264,-0.56631213,0.4362053,-0.1941573
1783532937.2365,40,left_handRing_2_joint,0.27344018,-0.10353434,0.2705379,0.67180264,-0.56631213,0.4362053,-0.1941573
1783532937.2365,40,left_handRing_3_joint,0.27276316,-0.13220277,0.2818224,0.67180264,-0.56631213,0.4362053,-0.1941573
1783532937.2365,40,left_handRingEnd_joint,0.27231184,-0.15131506,0.28934544,0.67180264,-0.56631213,0.4362053,-0.1941573
1783532937.2365,40,left_handThumbStart_joint,0.24838702,0.016509337,0.23191495,0.2609734,-0.0834748,0.92040014,-0.27890614
1783532937.2365,40,left_handThumb_1_joint,0.21036053,-0.013400878,0.2552093,0.2609734,-0.0834748,0.92040014,-0.27890614
1783532937.2365,40,left_handThumb_2_joint,0.18317877,-0.034778308,0.2718604,0.2609734,-0.08347478,0.92040014,-0.27890614
1783532937.2365,40,left_handThumbEnd_joint,0.1650576,-0.04902993,0.2829611,0.26097342,-0.08347475,0.92040014,-0.27890614
1783532937.2365,40,neck_1_joint,-0.0018858173,0.57803446,0.08841131,0.6070493,0.34988734,0.61744213,0.35754094
1783532937.2365,40,neck_2_joint,-0.0021051744,0.60402405,0.10339444,0.6011857,0.36065432,0.6090063,0.3709661
1783532937.2365,40,neck_3_joint,-0.002181988,0.6394433,0.12198126,0.58619666,0.3829032,0.59678805,0.39192235
1783532937.2365,40,neck_4_joint,-0.0024036553,0.67611134,0.13796261,0.5689201,0.40573418,0.58541775,0.4110915
1783532937.2365,40,head_joint,-0.003061681,0.71963924,0.15388404,0.51257807,0.47304788,0.5363255,0.4752311
1783532937.2365,40,jaw_joint,-0.0026147605,0.69426787,0.15635197,0.51257807,0.47304788,0.5363255,0.4752311
1783532937.2365,40,chin_joint,-0.0039537577,0.63445634,0.25080192,0.51257807,0.47304788,0.5363255,0.4752311
1783532937.2365,40,left_eye_joint,0.026313834,0.7440033,0.244161,0.5166842,0.46855956,0.54044974,0.47053564
1783532937.2365,40,left_eyeLowerLid_joint,0.026313834,0.7440033,0.244161,0.5166842,0.46855956,0.54044974,0.47053564
1783532937.2365,40,left_eyeUpperLid_joint,0.026313834,0.7440033,0.244161,0.5166842,0.46855956,0.54044974,0.47053564
1783532937.2365,40,left_eyeball_joint,0.026313834,0.7440033,0.244161,0.5166842,0.46855956,0.54044974,0.47053564
1783532937.2365,40,nose_joint,-0.005790711,0.70855534,0.2632902,0.51668656,0.46855673,0.54045224,0.47053275
1783532937.2365,40,right_eye_joint,-0.0382844,0.74269575,0.24241722,0.5166842,0.46855956,0.54044974,0.47053564
1783532937.2365,40,right_eyeLowerLid_joint,-0.0382844,0.74269575,0.24241722,0.5166842,0.46855956,0.54044974,0.47053564
1783532937.2365,40,right_eyeUpperLid_joint,-0.0382844,0.74269575,0.24241722,0.5166842,0.46855956,0.54044974,0.47053564
1783532937.2365,40,right_eyeball_joint,-0.0382844,0.74269575,0.24241722,0.5166842,0.46855956,0.54044974,0.47053564
1783532937.2365,40,right_shoulder_1_joint,-0.09099201,0.5562107,0.081481986,0.7779212,0.142176,0.03274995,0.6111891
1783532937.2365,40,right_arm_joint,-0.229866,0.5183186,0.09929971,0.6844134,0.54537946,0.28211114,0.39313218
1783532937.2365,40,right_forearm_joint,-0.29528502,0.26075277,0.11064431,0.49489024,0.73904294,0.16821373,0.42497447
1783532937.2365,40,right_hand_joint,-0.25536793,0.026422253,0.23435406,0.1394809,0.4889924,0.5791086,0.63723207
1783532937.2365,40,right_handIndexStart_joint,-0.23968568,0.011127555,0.25295672,0.09971402,0.5313339,0.5877515,0.6019048
1783532937.2365,40,right_handIndex_1_joint,-0.21916348,-0.054205205,0.29491153,0.09971402,0.5313339,0.5877515,0.6019048
1783532937.2365,40,right_handIndex_2_joint,-0.20723154,-0.09218965,0.31930345,0.09971402,0.5313339,0.5877515,0.6019048
1783532937.2365,40,right_handIndex_3_joint,-0.20055015,-0.113461055,0.33296373,0.09971402,0.5313339,0.5877515,0.6019048
1783532937.2365,40,right_handIndexEnd_joint,-0.19577771,-0.12865464,0.342721,0.09971402,0.5313339,0.5877515,0.6019048
1783532937.2365,40,right_handMidStart_joint,-0.24930747,0.004526837,0.24773897,0.13894013,0.48954242,0.57948625,0.6365843
1783532937.2365,40,right_handMid_1_joint,-0.23783582,-0.061896972,0.28287646,0.13894013,0.48954242,0.57948625,0.6365843
1783532937.2365,40,right_handMid_2_joint,-0.22977498,-0.10857246,0.30756783,0.13894013,0.48954242,0.57948625,0.6365843
1783532937.2365,40,right_handMid_3_joint,-0.2251243,-0.13550083,0.32181275,0.13894013,0.48954242,0.57948625,0.6365843
1783532937.2365,40,right_handMidEnd_joint,-0.22202411,-0.1534527,0.33130944,0.13894013,0.48954242,0.57948625,0.6365843
1783532937.2365,40,right_handPinkyStart_joint,-0.26922065,-0.0065110517,0.23190747,0.21329965,0.41312706,0.58532697,0.6642451
1783532937.2365,40,right_handPinky_1_joint,-0.2675339,-0.06708057,0.25090274,0.21329965,0.41312706,0.58532697,0.6642451
1783532937.2365,40,right_handPinky_2_joint,-0.26649234,-0.10449179,0.26263583,0.21329965,0.41312706,0.58532697,0.6642451
1783532937.2365,40,right_handPinky_3_joint,-0.26594636,-0.124087945,0.26878098,0.21329965,0.41312706,0.58532697,0.6642451
1783532937.2365,40,right_handPinkyEnd_joint,-0.26545033,-0.14190243,0.27436772,0.21329965,0.41312706,0.58532697,0.6642451
1783532937.2365,40,right_handRingStart_joint,-0.25841582,-0.0010697078,0.24054037,0.17700244,0.45253503,0.5828754,0.6512591
1783532937.2365,40,right_handRing_1_joint,-0.2521948,-0.06529124,0.26730016,0.17700244,0.45253503,0.5828754,0.6512591
1783532937.2365,40,right_handRing_2_joint,-0.24780336,-0.11062373,0.28618905,0.17700244,0.45253503,0.5828754,0.6512591
1783532937.2365,40,right_handRing_3_joint,-0.24505897,-0.13895684,0.2979952,0.17700244,0.45253503,0.5828754,0.6512591
1783532937.2365,40,right_handRingEnd_joint,-0.24322875,-0.15784618,0.30586535,0.17700244,0.45253503,0.5828754,0.6512591
1783532937.2365,40,right_handThumbStart_joint,-0.23135775,0.010043192,0.24497329,0.2460655,0.931766,0.08139233,0.25424254
1783532937.2365,40,right_handThumb_1_joint,-0.191107,-0.016804362,0.26826203,0.2460655,0.931766,0.08139232,0.25424254
1783532937.2365,40,right_handThumb_2_joint,-0.16233587,-0.035992287,0.28490937,0.2460655,0.931766,0.081392296,0.25424254
1783532937.2365,40,right_handThumbEnd_joint,-0.14315508,-0.04878458,0.29600686,0.2460655,0.931766,0.08139228,0.25424254
1783532937.2365,40,camera,0.11059575,0.07371897,-0.029166449,-0.075784065,-0.0764933,-0.7001183,0.70586115
1783532937.2713,41,root,-0.00067830354,0.022313317,-0.004150174,-0.07970112,-0.0062216795,-0.002909871,0.9967952
1783532937.2713,41,hips_joint,-0.00067830354,0.022313317,-0.004150174,-0.07970112,-0.0062216795,-0.002909871,0.9967952
1783532937.2713,41,left_upLeg_joint,0.099671096,-0.0026785969,0.0020576026,0.6191659,-0.33558863,0.6272123,-0.3325937
1783532937.2713,41,left_leg_joint,0.09460529,-0.3533646,0.23512332,-0.1970686,0.673092,-0.2814232,0.6549139
1783532937.2713,41,left_foot_joint,0.06510738,-0.6432542,-0.1173299,0.57021946,-0.40833542,0.6254158,-0.3420045
1783532937.2713,41,left_toes_joint,0.04785465,-0.7764099,-0.052658524,0.63727784,-0.2928572,0.6789012,-0.21726651
1783532937.2713,41,left_toesEnd_joint,0.04219273,-0.8169472,-0.007888803,0.63727784,-0.29285702,0.6789012,-0.21726671
1783532937.2713,41,right_upLeg_joint,-0.1013899,-0.0017067575,-0.0005300259,0.34336895,0.5917913,0.40890062,0.60388845
1783532937.2713,41,right_leg_joint,-0.08672186,-0.38080275,0.18220094,0.6338601,0.26315346,0.69228935,0.22295108
1783532937.2713,41,right_foot_joint,-0.042348996,-0.6745299,-0.16548403,0.33669788,0.59804857,0.40748608,0.6024347
1783532937.2713,41,right_toes_joint,-0.0352828,-0.8077183,-0.09899036,0.21724378,0.6510245,0.28591675,0.66874796
1783532937.2713,41,right_toesEnd_joint,-0.03460568,-0.8480737,-0.053706866,0.21724422,0.65102464,0.2859163,0.6687478
1783532937.2713,41,spine_1_joint,-0.00067832327,0.022313317,-0.004150174,0.45114514,0.54142493,0.45769018,0.5420765
1783532937.2713,41,spine_2_joint,-0.0009800419,0.07898728,-0.014165415,0.46129975,0.53479195,0.46643668,0.53257596
1783532937.2713,41,spine_3_joint,-0.0013904509,0.13597755,-0.02218256,0.48731658,0.50941855,0.49276963,0.5100919
1783532937.2713,41,spine_4_joint,-0.0016375813,0.18898994,-0.024274541,0.5242275,0.46936306,0.5283998,0.4750555
1783532937.2713,41,spine_5_joint,-0.0015672239,0.25906417,-0.01688233,0.5694612,0.41171443,0.5721937,0.42284754
1783532937.2713,41,spine_6_joint,-0.0009932551,0.34830916,0.012122669,0.57959723,0.3935106,0.587967,0.40436608
1783532937.2713,41,spine_7_joint,-0.001122106,0.44781443,0.051707823,0.562249,0.41742945,0.57430905,0.42402622
1783532937.2713,41,left_shoulder_1_joint,0.08741492,0.55690545,0.08113518,-0.6077607,0.0070332875,-0.11368494,0.78590924
1783532937.2713,41,left_arm_joint,0.22870101,0.5297461,0.099575564,-0.3707964,0.31742564,-0.5060544,0.7110979
1783532937.2713,41,left_forearm_joint,0.30485287,0.2757001,0.07931934,-0.44087678,0.18012337,-0.69073105,0.544127
1783532937.2713,41,left_hand_joint,0.29973263,0.031709097,0.19000033,0.6795639,-0.5595461,0.44324043,-0.16923161
1783532937.2713,41,left_handIndexStart_joint,0.28596264,0.013700295,0.2094573,0.6491816,-0.5697393,0.486095,-0.1329381
1783532937.2713,41,left_handIndex_1_joint,0.27618223,-0.056087125,0.24797808,0.6491816,-0.5697393,0.486095,-0.1329381
1783532937.2713,41,left_handIndex_2_joint,0.27049598,-0.0966612,0.27037388,0.6491816,-0.5697393,0.486095,-0.1329381
1783532937.2713,41,left_handIndex_3_joint,0.26731166,-0.11938269,0.28291553,0.6491816,-0.5697393,0.486095,-0.1329381
1783532937.2713,41,left_handIndexEnd_joint,0.26503715,-0.13561231,0.29187384,0.6491816,-0.5697393,0.486095,-0.1329381
1783532937.2713,41,left_handMidStart_joint,0.29593894,0.008664031,0.20325364,0.6806959,-0.5592562,0.4412291,-0.17088816
1783532937.2713,41,left_handMid_1_joint,0.2948062,-0.060674336,0.23438518,0.6806959,-0.5592562,0.4412291,-0.17088816
1783532937.2713,41,left_handMid_2_joint,0.29401028,-0.10939859,0.25626138,0.6806959,-0.5592562,0.4412291,-0.17088816
1783532937.2713,41,left_handMid_3_joint,0.29355106,-0.13750874,0.26888227,0.6806959,-0.5592562,0.4412291,-0.17088816
1783532937.2713,41,left_handMidEnd_joint,0.29324493,-0.15624884,0.2772962,0.6806959,-0.5592562,0.4412291,-0.17088816
1783532937.2713,41,left_handPinkyStart_joint,0.31594092,0.0011459184,0.18557876,0.70386004,-0.5632373,0.3594645,-0.2411022
1783532937.2713,41,left_handPinky_1_joint,0.3227418,-0.060210112,0.20046538,0.70386004,-0.5632373,0.3594645,-0.2411022
1783532937.2713,41,left_handPinky_2_joint,0.32694235,-0.09810648,0.20966007,0.70386004,-0.5632373,0.3594645,-0.2411022
1783532937.2713,41,left_handPinky_3_joint,0.32914263,-0.11795696,0.21447633,0.70386004,-0.5632373,0.3594645,-0.2411022
1783532937.2713,41,left_handPinkyEnd_joint,0.33114287,-0.13600285,0.21885474,0.70386004,-0.5632373,0.3594645,-0.2411022
1783532937.2713,41,left_handRingStart_joint,0.30515596,0.0046804617,0.1951741,0.69315726,-0.561729,0.40144876,-0.20696093
1783532937.2713,41,left_handRing_1_joint,0.30841097,-0.061322317,0.21780753,0.69315726,-0.561729,0.40144876,-0.20696093
1783532937.2713,41,left_handRing_2_joint,0.31070864,-0.10791252,0.23378408,0.69315726,-0.561729,0.40144876,-0.20696093
1783532937.2713,41,left_handRing_3_joint,0.3121447,-0.13703139,0.24376944,0.69315726,-0.561729,0.40144876,-0.20696093
1783532937.2713,41,left_handRingEnd_joint,0.31310204,-0.15644397,0.25042632,0.69315726,-0.561729,0.40144876,-0.20696093
1783532937.2713,41,left_handThumbStart_joint,0.27731657,0.012084196,0.201915,0.2794251,-0.10343622,0.9036297,-0.30769506
1783532937.2713,41,left_handThumb_1_joint,0.24217457,-0.020881742,0.22561206,0.2794251,-0.10343622,0.9036297,-0.30769506
1783532937.2713,41,left_handThumb_2_joint,0.21705453,-0.044443443,0.24255113,0.2794251,-0.1034362,0.9036297,-0.30769506
1783532937.2713,41,left_handThumbEnd_joint,0.20030786,-0.060151253,0.25384384,0.27942514,-0.10343619,0.9036297,-0.30769506
1783532937.2713,41,neck_1_joint,-0.0020866618,0.577951,0.08441332,0.6064069,0.3515202,0.6157473,0.3599443
1783532937.2713,41,neck_2_joint,-0.0022493347,0.60403895,0.09922526,0.5995303,0.36344808,0.6071869,0.37388963
1783532937.2713,41,neck_3_joint,-0.0023109706,0.63963246,0.11747627,0.58413756,0.38602397,0.59475815,0.3950088
1783532937.2713,41,neck_4_joint,-0.0025311217,0.6764665,0.13307129,0.56676084,0.40879527,0.58326775,0.41408658
1783532937.2713,41,head_joint,-0.0031873544,0.7201594,0.1485343,0.51008373,0.4758513,0.53382134,0.47792804
1783532937.2713,41,jaw_joint,-0.002741414,0.69481534,0.15126878,0.51008373,0.4758513,0.53382134,0.47792804
1783532937.2713,41,chin_joint,-0.004082294,0.63600004,0.24634226,0.51008373,0.4758513,0.53382134,0.47792804
1783532937.2713,41,left_eye_joint,0.026189553,0.7454699,0.23855002,0.5142142,0.47138456,0.5379692,0.47325417
1783532937.2713,41,left_eyeLowerLid_joint,0.026189553,0.7454699,0.23855002,0.5142142,0.47138456,0.5379692,0.47325417
1783532937.2713,41,left_eyeUpperLid_joint,0.026189553,0.7454699,0.23855002,0.5142142,0.47138456,0.5379692,0.47325417
1783532937.2713,41,left_eyeball_joint,0.026189553,0.7454699,0.23855002,0.5142142,0.47138456,0.5379692,0.47325417
1783532937.2713,41,nose_joint,-0.0059162877,0.7102263,0.25805092,0.51421684,0.4713819,0.5379716,0.47325146
1783532937.2713,41,right_eye_joint,-0.038408738,0.7441467,0.23682037,0.5142142,0.47138456,0.5379692,0.47325417
1783532937.2713,41,right_eyeLowerLid_joint,-0.038408738,0.7441467,0.23682037,0.5142142,0.47138456,0.5379692,0.47325417
1783532937.2713,41,right_eyeUpperLid_joint,-0.038408738,0.7441467,0.23682037,0.5142142,0.47138456,0.5379692,0.47325417
1783532937.2713,41,right_eyeball_joint,-0.038408738,0.7441467,0.23682037,0.5142142,0.47138456,0.5379692,0.47325417
1783532937.2713,41,right_shoulder_1_joint,-0.091282815,0.55643135,0.07769316,0.7821345,0.12961163,0.03526524,0.60845995
1783532937.2713,41,right_arm_joint,-0.23109783,0.52079827,0.0925698,0.6922807,0.5260051,0.2933839,0.39748272
1783532937.2713,41,right_forearm_joint,-0.30410808,0.26504847,0.09574774,0.5113563,0.71819323,0.17631254,0.43775302
1783532937.2713,41,right_hand_joint,-0.278979,0.026857948,0.21592334,0.14494097,0.46746728,0.573029,0.6573468
1783532937.2713,41,right_handIndexStart_joint,-0.26469952,0.010546804,0.23479033,0.105562046,0.5112345,0.58207005,0.6234509
1783532937.2713,41,right_handIndex_1_joint,-0.24861068,-0.056409363,0.27611548,0.105562046,0.5112345,0.58207005,0.6234509
1783532937.2713,41,right_handIndex_2_joint,-0.23925628,-0.095337644,0.30014133,0.105562046,0.5112345,0.58207005,0.6234509
1783532937.2713,41,right_handIndex_3_joint,-0.23401836,-0.11713761,0.31359658,0.105562046,0.5112345,0.58207005,0.6234509
1783532937.2713,41,right_handIndexEnd_joint,-0.23027696,-0.13270874,0.32320738,0.105562046,0.5112345,0.58207005,0.6234509
1783532937.2713,41,right_handMidStart_joint,-0.27437627,0.0044665956,0.2290663,0.14439808,0.4680373,0.5734152,0.6567235
1783532937.2713,41,right_handMid_1_joint,-0.2670995,-0.06305944,0.26320797,0.14439808,0.4680373,0.5734152,0.6567235
1783532937.2713,41,right_handMid_2_joint,-0.26198643,-0.11050946,0.28719962,0.14439808,0.4680373,0.5734152,0.6567235
1783532937.2713,41,right_handMid_3_joint,-0.25903633,-0.13788468,0.30104083,0.14439808,0.4680373,0.5734152,0.6567235
1783532937.2713,41,right_handMidEnd_joint,-0.2570699,-0.15613444,0.31026834,0.14439808,0.4680373,0.5734152,0.6567235
1783532937.2713,41,right_handPinkyStart_joint,-0.29409435,-0.0053988313,0.21224733,0.21727033,0.38948163,0.5793432,0.68224597
1783532937.2713,41,right_handPinky_1_joint,-0.29570293,-0.06634388,0.23000821,0.21727033,0.38948163,0.5793432,0.68224597
1783532937.2713,41,right_handPinky_2_joint,-0.29669678,-0.10398705,0.24097887,0.21727033,0.38948163,0.5793432,0.68224597
1783532937.2713,41,right_handPinky_3_joint,-0.2972169,-0.123704694,0.24672464,0.21727033,0.38948163,0.5793432,0.68224597
1783532937.2713,41,right_handPinkyEnd_joint,-0.2976901,-0.14162964,0.25194833,0.21727033,0.38948163,0.5793432,0.68224597
1783532937.2713,41,right_handRingStart_joint,-0.28342006,-0.0005938935,0.22140439,0.18174122,0.42991924,0.5768593,0.67035323
1783532937.2713,41,right_handRing_1_joint,-0.28096184,-0.06553221,0.24702021,0.18174122,0.42991924,0.5768593,0.67035323
1783532937.2713,41,right_handRing_2_joint,-0.27922648,-0.11137065,0.2651016,0.18174122,0.42991924,0.5768593,0.67035323
1783532937.2713,41,right_handRing_3_joint,-0.27814218,-0.14002,0.27640307,0.18174122,0.42991924,0.5768593,0.67035323
1783532937.2713,41,right_handRingEnd_joint,-0.27741873,-0.15912017,0.28393677,0.18174122,0.42991924,0.5768593,0.67035323
1783532937.2713,41,right_handThumbStart_joint,-0.25611562,0.009263112,0.22711346,0.26669344,0.9203193,0.09024686,0.27155644
1783532937.2713,41,right_handThumb_1_joint,-0.21797845,-0.01973022,0.25136688,0.26669344,0.9203193,0.09024685,0.27155647
1783532937.2713,41,right_handThumb_2_joint,-0.19071801,-0.040451955,0.26870382,0.26669344,0.9203193,0.09024683,0.27155647
1783532937.2713,41,right_handThumbEnd_joint,-0.17254435,-0.05426677,0.28026104,0.26669344,0.9203193,0.09024681,0.27155644
1783532937.2713,41,camera,0.11081819,0.07392575,-0.028615937,-0.07551527,-0.07623807,-0.7001553,0.7058808
1783532937.3033,42,root,-0.00055309944,0.021269323,-0.0046862382,-0.07251046,-0.004590538,-0.003959285,0.99734926
1783532937.3033,42,hips_joint,-0.00055309944,0.021269323,-0.0046862382,-0.07251046,-0.004590538,-0.003959285,0.99734926
1783532937.3033,42,left_upLeg_joint,0.09975738,-0.0040341304,0.00085226743,0.6164713,-0.34814748,0.6204188,-0.33739728
1783532937.3033,42,left_leg_joint,0.09459793,-0.36108604,0.22404112,-0.20279397,0.6774523,-0.28971344,0.64497983
1783532937.3033,42,left_foot_joint,0.05538334,-0.6576426,-0.12185743,0.5774156,-0.4082372,0.6258158,-0.32907185
1783532937.3033,42,left_toes_joint,0.038005333,-0.78928554,-0.05419209,0.64432484,-0.29139686,0.67684275,-0.20449245
1783532937.3033,42,left_toesEnd_joint,0.0327855,-0.82885593,-0.008512769,0.64432484,-0.29139662,0.67684275,-0.20449266
1783532937.3033,42,right_upLeg_joint,-0.1013078,-0.0025751686,-0.0011046248,0.35642603,0.58451355,0.41400403,0.5999209
1783532937.3033,42,right_leg_joint,-0.0903127,-0.38720635,0.1699435,0.6334724,0.26816332,0.68571544,0.23789814
1783532937.3033,42,right_foot_joint,-0.051790703,-0.6917766,-0.16899955,0.33330315,0.6017534,0.39309335,0.6101471
1783532937.3033,42,right_toes_joint,-0.04683406,-0.823047,-0.098615184,0.2132084,0.6540187,0.27032313,0.6735927
1783532937.3033,42,right_toesEnd_joint,-0.046735175,-0.8620549,-0.05216103,0.21320885,0.6540189,0.27032268,0.67359257
1783532937.3033,42,spine_1_joint,-0.00055311923,0.021269323,-0.0046862387,0.45324624,0.5410569,0.4593801,0.5392542
1783532937.3033,42,spine_2_joint,-0.0009873748,0.07801124,-0.014303888,0.46057346,0.5367497,0.4670019,0.5307365
1783532937.3033,42,spine_3_joint,-0.0016999888,0.13499635,-0.022336427,0.48439634,0.513431,0.49212268,0.5094745
1783532937.3033,42,spine_4_joint,-0.0023149943,0.18798986,-0.024797894,0.5200028,0.4751278,0.5267534,0.4757958
1783532937.3033,42,spine_5_joint,-0.0027677463,0.25814906,-0.01827671,0.5652633,0.4184822,0.5700269,0.4247583
1783532937.3033,42,spine_6_joint,-0.0027816414,0.3478281,0.009362916,0.57652193,0.39928934,0.5857106,0.4063665
1783532937.3033,42,spine_7_joint,-0.0033217834,0.4478523,0.047614124,0.5615776,0.42013845,0.5723862,0.42483953
1783532937.3033,42,left_shoulder_1_joint,0.085188575,0.55721503,0.0760978,-0.60205215,0.016594974,-0.1000657,0.7919879
1783532937.3033,42,left_arm_joint,0.22725365,0.531326,0.089762,-0.37413123,0.33686817,-0.47733617,0.72020555
1783532937.3033,42,left_forearm_joint,0.31166184,0.28139827,0.055700853,-0.4529864,0.19865537,-0.6552995,0.5708962
1783532937.3033,42,left_hand_joint,0.3283396,0.032670327,0.15400848,0.7053452,-0.553023,0.40379062,-0.18332274
1783532937.3033,42,left_handIndexStart_joint,0.31690544,0.012913535,0.17328107,0.67746305,-0.56415313,0.4483858,-0.14739653
1783532937.3033,42,left_handIndex_1_joint,0.31380248,-0.059090227,0.2087158,0.67746305,-0.56415313,0.4483858,-0.14739653
1783532937.3033,42,left_handIndex_2_joint,0.31199846,-0.10095287,0.22931737,0.67746305,-0.56415313,0.4483858,-0.14739653
1783532937.3033,42,left_handIndex_3_joint,0.3109882,-0.12439596,0.24085426,0.67746305,-0.56415313,0.4483858,-0.14739653
1783532937.3033,42,left_handIndexEnd_joint,0.31026658,-0.14114103,0.24909489,0.67746305,-0.56415313,0.4483858,-0.14739653
1783532937.3033,42,left_handMidStart_joint,0.326785,0.0088317795,0.16627327,0.7063674,-0.55269694,0.40170315,-0.18494941
1783532937.3033,42,left_handMid_1_joint,0.33182642,-0.06181671,0.19387108,0.7063674,-0.55269694,0.40170315,-0.18494941
1783532937.3033,42,left_handMid_2_joint,0.33536905,-0.1114616,0.21326412,0.7063674,-0.55269694,0.40170315,-0.18494941
1783532937.3033,42,left_handMid_3_joint,0.3374129,-0.14010288,0.22445242,0.7063674,-0.55269694,0.40170315,-0.18494941
1783532937.3033,42,left_handMidEnd_joint,0.33877543,-0.15919706,0.23191127,0.7063674,-0.55269694,0.40170315,-0.18494941
1783532937.3033,42,left_handPinkyStart_joint,0.34611887,0.0034645842,0.14713176,0.7255252,-0.5559958,0.31703308,-0.25292715
1783532937.3033,42,left_handPinky_1_joint,0.35759467,-0.05795079,0.15848441,0.7255252,-0.5559958,0.31703308,-0.25292715
1783532937.3033,42,left_handPinky_2_joint,0.36468267,-0.09588382,0.16549635,0.7255252,-0.5559958,0.31703308,-0.25292715
1783532937.3033,42,left_handPinky_3_joint,0.36839545,-0.115753494,0.16916928,0.7255252,-0.5559958,0.31703308,-0.25292715
1783532937.3033,42,left_handPinkyEnd_joint,0.3717707,-0.13381684,0.1725083,0.7255252,-0.5559958,0.31703308,-0.25292715
1783532937.3033,42,left_handRingStart_joint,0.33573028,0.0058379793,0.15749143,0.7168485,-0.55485517,0.36040044,-0.2199452
1783532937.3033,42,left_handRing_1_joint,0.34442642,-0.060802512,0.17653501,0.7168485,-0.55485517,0.36040044,-0.2199452
1783532937.3033,42,left_handRing_2_joint,0.35056487,-0.10784286,0.18997754,0.7168485,-0.55485517,0.36040044,-0.2199452
1783532937.3033,42,left_handRing_3_joint,0.35440138,-0.13724308,0.19837913,0.7168485,-0.55485517,0.36040044,-0.2199452
1783532937.3033,42,left_handRingEnd_joint,0.35695907,-0.15684322,0.20398019,0.7168485,-0.55485517,0.36040044,-0.2199452
1783532937.3033,42,left_handThumbStart_joint,0.3079396,0.011094932,0.16617063,0.30129093,-0.12547238,0.8820428,-0.33982566
1783532937.3033,42,left_handThumb_1_joint,0.2763956,-0.02515697,0.19012982,0.30129093,-0.12547238,0.8820428,-0.33982566
1783532937.3033,42,left_handThumb_2_joint,0.25384733,-0.05106753,0.20725638,0.30129093,-0.12547235,0.8820428,-0.33982566
1783532937.3033,42,left_handThumbEnd_joint,0.23881514,-0.06834125,0.21867408,0.30129093,-0.12547234,0.8820428,-0.33982566
1783532937.3033,42,neck_1_joint,-0.004324801,0.5781881,0.079514995,0.6046872,0.3559132,0.6138948,0.36168048
1783532937.3033,42,neck_2_joint,-0.0045372653,0.6044231,0.09406424,0.59666246,0.36904973,0.60523456,0.37614843
1783532937.3033,42,neck_3_joint,-0.0047377944,0.6402516,0.1118485,0.5805483,0.39213985,0.5926005,0.397511
1783532937.3033,42,neck_4_joint,-0.0051337215,0.67730933,0.12690076,0.56291604,0.41486448,0.58093786,0.41656283
1783532937.3033,42,head_joint,-0.00600044,0.72122496,0.14170863,0.5055596,0.48143768,0.5311898,0.48006782
1783532937.3033,42,jaw_joint,-0.0054193162,0.6959273,0.14482173,0.5055596,0.48143768,0.5311898,0.48006782
1783532937.3033,42,chin_joint,-0.006347184,0.63853645,0.2407667,0.5055596,0.48143768,0.5311898,0.48006782
1783532937.3033,42,left_eye_joint,0.023344802,0.7480332,0.23130009,0.5097391,0.4770102,0.5353564,0.47541684
1783532937.3033,42,left_eyeLowerLid_joint,0.023344802,0.7480332,0.23130009,0.5097391,0.4770102,0.5353564,0.47541684
1783532937.3033,42,left_eyeUpperLid_joint,0.023344802,0.7480332,0.23130009,0.5097391,0.4770102,0.5353564,0.47541684
1783532937.3033,42,left_eyeball_joint,0.023344802,0.7480332,0.23130009,0.5097391,0.4770102,0.5353564,0.47541684
1783532937.3033,42,nose_joint,-0.008555022,0.7129193,0.2513649,0.50974166,0.47700754,0.5353589,0.47541404
1783532937.3033,42,right_eye_joint,-0.04124762,0.74634856,0.22966777,0.5097391,0.4770102,0.5353564,0.47541684
1783532937.3033,42,right_eyeLowerLid_joint,-0.04124762,0.74634856,0.22966777,0.5097391,0.4770102,0.5353564,0.47541684
1783532937.3033,42,right_eyeUpperLid_joint,-0.04124762,0.74634856,0.22966777,0.5097391,0.4770102,0.5353564,0.47541684
1783532937.3033,42,right_eyeball_joint,-0.04124762,0.74634856,0.22966777,0.5097391,0.4770102,0.5353564,0.47541684
1783532937.3033,42,right_shoulder_1_joint,-0.093518086,0.5565352,0.0731971,0.78566635,0.11568899,0.038299415,0.6065293
1783532937.3033,42,right_arm_joint,-0.23425908,0.5234284,0.08482372,0.70209724,0.5004007,0.3037351,0.40546757
1783532937.3033,42,right_forearm_joint,-0.31796172,0.27101588,0.07931496,0.53445596,0.68859804,0.18280518,0.4547224
1783532937.3033,42,right_hand_joint,-0.31389654,0.029225463,0.19476728,0.15317675,0.4399242,0.5604035,0.6848008
1783532937.3033,42,right_handIndexStart_joint,-0.30162606,0.011637003,0.21389847,0.11462302,0.4856328,0.5700517,0.65273565
1783532937.3033,42,right_handIndex_1_joint,-0.29186055,-0.05706973,0.2543183,0.11462302,0.4856328,0.5700517,0.65273565
1783532937.3033,42,right_handIndex_2_joint,-0.28618252,-0.097015806,0.27781785,0.11462302,0.4856328,0.5700517,0.65273565
1783532937.3033,42,right_handIndex_3_joint,-0.2830034,-0.11938572,0.29097834,0.11462302,0.4856328,0.5700517,0.65273565
1783532937.3033,42,right_handIndexEnd_joint,-0.28073254,-0.13536395,0.3003786,0.11462302,0.4856328,0.5700517,0.65273565
1783532937.3033,42,right_handMidStart_joint,-0.31137246,0.0063129016,0.20757112,0.15263604,0.44052175,0.56080234,0.6842105
1783532937.3033,42,right_handMid_1_joint,-0.3100713,-0.062245034,0.240381,0.15263604,0.44052175,0.56080234,0.6842105
1783532937.3033,42,right_handMid_2_joint,-0.30915722,-0.11042016,0.26343676,0.15263604,0.44052175,0.56080234,0.6842105
1783532937.3033,42,right_handMid_3_joint,-0.30862966,-0.13821372,0.27673808,0.15263604,0.44052175,0.56080234,0.6842105
1783532937.3033,42,right_handMidEnd_joint,-0.3082782,-0.15674235,0.28560567,0.15263604,0.44052175,0.56080234,0.6842105
1783532937.3033,42,right_handPinkyStart_joint,-0.33081806,-0.0019090509,0.18959129,0.22308525,0.35902226,0.5668002,0.7071591
1783532937.3033,42,right_handPinky_1_joint,-0.33714792,-0.0629853,0.20577645,0.22308525,0.35902226,0.5668002,0.7071591
1783532937.3033,42,right_handPinky_2_joint,-0.34105793,-0.100709505,0.21577385,0.22308525,0.35902226,0.5668002,0.7071591
1783532937.3033,42,right_handPinky_3_joint,-0.34310552,-0.12046961,0.22100984,0.22308528,0.35902226,0.5668002,0.7071591
1783532937.3033,42,right_handPinkyEnd_joint,-0.34496734,-0.13843311,0.22577009,0.22308525,0.35902226,0.5668002,0.7071591
1783532937.3033,42,right_handRingStart_joint,-0.32032764,0.0020063256,0.19936377,0.188802,0.40087533,0.56428856,0.69658583
1783532937.3033,42,right_handRing_1_joint,-0.32324442,-0.06348073,0.22349128,0.188802,0.40087533,0.56428856,0.69658583
1783532937.3033,42,right_handRing_2_joint,-0.3253032,-0.10970651,0.24052213,0.188802,0.40087533,0.56428856,0.69658583
1783532937.3033,42,right_handRing_3_joint,-0.32659027,-0.13859794,0.25116697,0.188802,0.40087533,0.56428856,0.69658583
1783532937.3033,42,right_handRingEnd_joint,-0.32744768,-0.15785952,0.25826293,0.188802,0.40087533,0.56428856,0.69658583
1783532937.3033,42,right_handThumbStart_joint,-0.2927712,0.009966437,0.20661382,0.29666698,0.90337396,0.098431446,0.29362553
1783532937.3033,42,right_handThumb_1_joint,-0.25778702,-0.021921314,0.23196271,0.29666698,0.90337396,0.09843143,0.29362553
1783532937.3033,42,right_handThumb_2_joint,-0.23278022,-0.044712,0.25008276,0.29666692,0.903374,0.0984314,0.2936255
1783532937.3033,42,right_handThumbEnd_joint,-0.21610896,-0.0599061,0.26216203,0.29666692,0.903374,0.098431386,0.2936255
1783532937.3033,42,camera,0.111092776,0.07391244,-0.02781632,-0.075022586,-0.076163076,-0.7002206,0.70587677
1783532937.3372,43,root,-0.00035518783,0.019690506,-0.005632763,-0.06315567,-0.0034908708,-0.0042984197,0.99798834
1783532937.3372,43,hips_joint,-0.00035518783,0.019690506,-0.005632763,-0.06315567,-0.0034908708,-0.0042984197,0.99798834
1783532937.3372,43,left_upLeg_joint,0.09994718,-0.0057851863,-0.000778957,0.61593175,-0.35758397,0.6118413,-0.3441105
1783532937.3372,43,left_leg_joint,0.09808079,-0.36859593,0.21297537,-0.22285326,0.67634106,-0.30393526,0.6328686
1783532937.3372,43,left_foot_joint,0.05252038,-0.68237764,-0.116561756,0.592521,-0.39499196,0.6295425,-0.31076732
1783532937.3372,43,left_toes_joint,0.03691899,-0.81045026,-0.041966386,0.6566462,-0.27552876,0.6770326,-0.18581341
1783532937.3372,43,left_toesEnd_joint,0.03275938,-0.84766257,0.005757885,0.6566462,-0.27552855,0.6770326,-0.18581364
1783532937.3372,43,right_upLeg_joint,-0.10112045,-0.0041438914,-0.0022893057,0.37373617,0.5739665,0.42224187,0.5937975
1783532937.3372,43,right_leg_joint,-0.09461391,-0.3959612,0.1518416,0.632285,0.2761101,0.6760815,0.2586362
1783532937.3372,43,right_foot_joint,-0.06413528,-0.7155631,-0.17381935,0.32746774,0.60727686,0.3727205,0.6205312
1783532937.3372,43,right_toes_joint,-0.061838444,-0.8437746,-0.09787863,0.20643185,0.65833604,0.24835144,0.6799272
1783532937.3372,43,right_toesEnd_joint,-0.062434744,-0.8807483,-0.049793217,0.20643236,0.65833634,0.24835101,0.67992705
1783532937.3372,43,spine_1_joint,-0.00035520762,0.019690506,-0.005632763,0.4565157,0.5396605,0.4624322,0.5352722
1783532937.3372,43,spine_2_joint,-0.00093960494,0.07654016,-0.0145831155,0.46145794,0.53775,0.46844926,0.5276711
1783532937.3372,43,spine_3_joint,-0.0019317886,0.13355619,-0.022362597,0.48340946,0.516537,0.49190363,0.50747955
1783532937.3372,43,spine_4_joint,-0.0028633852,0.18653928,-0.024945395,0.51788944,0.48009747,0.5250699,0.47497195
1783532937.3372,43,spine_5_joint,-0.0037368317,0.2567441,-0.018981626,0.563084,0.4247946,0.56725496,0.4250973
1783532937.3372,43,spine_6_joint,-0.0041541215,0.3467404,0.007603521,0.5751728,0.40548483,0.5823197,0.40701577
1783532937.3372,43,spine_7_joint,-0.0049080104,0.44720638,0.044675168,0.56198436,0.42461324,0.56876934,0.4247097
1783532937.3372,43,left_shoulder_1_joint,0.08364332,0.5569372,0.071571395,-0.60192513,0.025548069,-0.080638796,0.79405963
1783532937.3372,43,left_arm_joint,0.22661734,0.53390044,0.07976723,-0.39301693,0.34757593,-0.44021463,0.728656
1783532937.3372,43,left_forearm_joint,0.32524619,0.29059294,0.03707564,-0.48214263,0.19847716,-0.6088273,0.5978917
1783532937.3372,43,left_hand_joint,0.37344658,0.04421728,0.1307976,0.7448768,-0.52491295,0.36678362,-0.18733539
1783532937.3372,43,left_handIndexStart_joint,0.3654104,0.02329961,0.15055546,0.7193203,-0.5363821,0.41401005,-0.15319313
1783532937.3372,43,left_handIndex_1_joint,0.37197813,-0.048860054,0.18519111,0.7193203,-0.5363821,0.41401005,-0.15319313
1783532937.3372,43,left_handIndex_2_joint,0.37579662,-0.090813346,0.20532812,0.7193203,-0.5363821,0.41401005,-0.15319313
1783532937.3372,43,left_handIndex_3_joint,0.37793493,-0.11430719,0.21660484,0.7193203,-0.5363821,0.41401005,-0.15319313
1783532937.3372,43,left_handIndexEnd_joint,0.37946236,-0.13108851,0.22465965,0.7193203,-0.5363821,0.41401005,-0.15319313
1783532937.3372,43,left_handMidStart_joint,0.37513477,0.020271067,0.14283279,0.74580073,-0.524583,0.3645846,-0.18887058
1783532937.3372,43,left_handMid_1_joint,0.3891049,-0.049676843,0.16910794,0.74580073,-0.524583,0.3645846,-0.18887058
1783532937.3372,43,left_handMid_2_joint,0.39892176,-0.09882942,0.18757159,0.74580073,-0.524583,0.3645846,-0.18887058
1783532937.3372,43,left_handMid_3_joint,0.40458533,-0.12718667,0.19822368,0.74580073,-0.524583,0.3645846,-0.18887058
1783532937.3372,43,left_handMidEnd_joint,0.40836105,-0.14609152,0.20532508,0.74580073,-0.524583,0.3645846,-0.18887058
1783532937.3372,43,left_handPinkyStart_joint,0.3935254,0.01698374,0.12233935,0.7618311,-0.52887654,0.27598748,-0.25245538
1783532937.3372,43,left_handPinky_1_joint,0.41182905,-0.043036364,0.13208531,0.7618311,-0.52887654,0.27598748,-0.25245538
1783532937.3372,43,left_handPinky_2_joint,0.4231343,-0.080107614,0.13810486,0.7618311,-0.52887654,0.27598748,-0.25245538
1783532937.3372,43,left_handPinky_3_joint,0.42905608,-0.09952588,0.14125796,0.7618311,-0.52887654,0.27598748,-0.25245538
1783532937.3372,43,left_handPinkyEnd_joint,0.43443954,-0.11717885,0.14412442,0.7618311,-0.52887654,0.27598748,-0.25245538
1783532937.3372,43,left_handRingStart_joint,0.38369972,0.018241713,0.13341871,0.75477296,-0.52723217,0.32123238,-0.22170632
1783532937.3372,43,left_handRing_1_joint,0.40030146,-0.04730132,0.15096077,0.75477296,-0.52723217,0.32123238,-0.22170632
1783532937.3372,43,left_handRing_2_joint,0.41202033,-0.09356699,0.16334338,0.75477296,-0.52723217,0.32123238,-0.22170632
1783532937.3372,43,left_handRing_3_joint,0.41934463,-0.12248303,0.17108253,0.75477296,-0.52723217,0.32123238,-0.22170632
1783532937.3372,43,left_handRingEnd_joint,0.42422748,-0.1417604,0.17624196,0.75477296,-0.52723217,0.32123238,-0.22170632
1783532937.3372,43,left_handThumbStart_joint,0.35619658,0.020632692,0.14405577,0.33601695,-0.1260788,0.85232854,-0.3804376
1783532937.3372,43,left_handThumb_1_joint,0.33017084,-0.018741768,0.16965996,0.33601695,-0.1260788,0.85232854,-0.3804376
1783532937.3372,43,left_handThumb_2_joint,0.31156683,-0.046884418,0.18796243,0.33601692,-0.12607878,0.85232854,-0.3804376
1783532937.3372,43,left_handThumbEnd_joint,0.29916418,-0.06564619,0.20016408,0.33601692,-0.12607875,0.85232854,-0.3804376
1783532937.3372,43,neck_1_joint,-0.005875456,0.5777813,0.075583644,0.6049534,0.36112157,0.6101373,0.36242893
1783532937.3372,43,neck_2_joint,-0.006036031,0.6041569,0.08987707,0.59631425,0.37488684,0.6013331,0.37718332
1783532937.3372,43,neck_3_joint,-0.0062073492,0.640186,0.10725166,0.5798419,0.39816308,0.5885693,0.39854148
1783532937.3372,43,neck_4_joint,-0.006603157,0.6774213,0.12185906,0.56199867,0.4208917,0.57683146,0.4174598
1783532937.3372,43,head_joint,-0.0074915765,0.72151136,0.13613763,0.50395936,0.48732018,0.52700186,0.48042938
1783532937.3372,43,jaw_joint,-0.006806955,0.6962555,0.13955377,0.50395936,0.48732018,0.52700186,0.48042938
1783532937.3372,43,chin_joint,-0.006805272,0.6400366,0.23619445,0.50395936,0.48732018,0.52700186,0.48042938
1783532937.3372,43,left_eye_joint,0.022468911,0.74949926,0.22516291,0.50819033,0.48290658,0.53117174,0.4758151
1783532937.3372,43,left_eyeLowerLid_joint,0.022468911,0.74949926,0.22516291,0.50819033,0.48290658,0.53117174,0.4758151
1783532937.3372,43,left_eyeUpperLid_joint,0.022468911,0.74949926,0.22516291,0.50819033,0.48290658,0.53117174,0.4758151
1783532937.3372,43,left_eyeball_joint,0.022468911,0.74949926,0.22516291,0.50819033,0.48290658,0.53117174,0.4758151
1783532937.3372,43,nose_joint,-0.009163024,0.714536,0.24590346,0.5081928,0.48290384,0.53117424,0.4758122
1783532937.3372,43,right_eye_joint,-0.042128652,0.74759877,0.22405843,0.50819033,0.48290658,0.53117174,0.4758151
1783532937.3372,43,right_eyeLowerLid_joint,-0.042128652,0.74759877,0.22405843,0.50819033,0.48290658,0.53117174,0.4758151
1783532937.3372,43,right_eyeUpperLid_joint,-0.042128652,0.74759877,0.22405843,0.50819033,0.48290658,0.53117174,0.4758151
1783532937.3372,43,right_eyeball_joint,-0.042128652,0.74759877,0.22405843,0.50819033,0.48290658,0.53117174,0.4758151
1783532937.3372,43,right_shoulder_1_joint,-0.09507986,0.5559265,0.0701854,0.7880237,0.101626955,0.040383093,0.60585433
1783532937.3372,43,right_arm_joint,-0.23665981,0.52559656,0.07881533,0.7124455,0.4688179,0.31213945,0.4185688
1783532937.3372,43,right_forearm_joint,-0.33389297,0.27841103,0.06490438,0.5639158,0.64666945,0.18420686,0.47946328
1783532937.3372,43,right_hand_joint,-0.35955733,0.035636272,0.17540321,0.16181499,0.4055946,0.53628945,0.7222895
1783532937.3372,43,right_handIndexStart_joint,-0.3502083,0.0166986,0.1948937,0.12486703,0.45394906,0.546605,0.6925034
1783532937.3372,43,right_handIndex_1_joint,-0.3494297,-0.053204972,0.23442365,0.12486703,0.45394906,0.546605,0.6925034
1783532937.3372,43,right_handIndex_2_joint,-0.34897658,-0.09384693,0.25740582,0.12486703,0.45394906,0.546605,0.6925034
1783532937.3372,43,right_handIndex_3_joint,-0.34872347,-0.11660648,0.27027655,0.12486703,0.45394906,0.546605,0.6925034
1783532937.3372,43,right_handIndexEnd_joint,-0.34854263,-0.13286303,0.27946982,0.12486703,0.45394906,0.546605,0.6925034
1783532937.3372,43,right_handMidStart_joint,-0.35998264,0.012403021,0.1878663,0.16128527,0.40623155,0.5367035,0.7217423
1783532937.3372,43,right_handMid_1_joint,-0.36711672,-0.056449007,0.21928072,0.16128527,0.40623155,0.5367035,0.7217423
1783532937.3372,43,right_handMid_2_joint,-0.37213007,-0.10483077,0.24135585,0.16128527,0.40623155,0.5367035,0.7217423
1783532937.3372,43,right_handMid_3_joint,-0.3750222,-0.13274355,0.25409144,0.16128527,0.40623155,0.5367035,0.7217423
1783532937.3372,43,right_handMidEnd_joint,-0.37695047,-0.15135166,0.26258188,0.16128527,0.40623155,0.5367035,0.7217423
1783532937.3372,43,right_handPinkyStart_joint,-0.37892103,0.006300776,0.16855039,0.22783734,0.32080764,0.543122,0.74174845
1783532937.3372,43,right_handPinky_1_joint,-0.39188805,-0.054145727,0.18305583,0.22783734,0.32080764,0.543122,0.74174845
1783532937.3372,43,right_handPinky_2_joint,-0.39989752,-0.09148094,0.19201571,0.22783734,0.32080764,0.543122,0.74174845
1783532937.3372,43,right_handPinky_3_joint,-0.40409243,-0.11103733,0.19670828,0.22783735,0.32080764,0.543122,0.74174845
1783532937.3372,43,right_handPinkyEnd_joint,-0.4079063,-0.12881562,0.20097448,0.22783734,0.32080764,0.543122,0.74174845
1783532937.3372,43,right_handRingStart_joint,-0.36875698,0.009073896,0.17903282,0.19554508,0.36454457,0.5403966,0.7326941
1783532937.3372,43,right_handRing_1_joint,-0.37924582,-0.056199238,0.20158483,0.19554508,0.36454457,0.5403966,0.7326941
1783532937.3372,43,right_handRing_2_joint,-0.38664952,-0.10227405,0.21750358,0.19554508,0.36454457,0.5403966,0.7326941
1783532937.3372,43,right_handRing_3_joint,-0.3912772,-0.13107109,0.22745332,0.19554508,0.36454457,0.5403966,0.7326941
1783532937.3372,43,right_handRingEnd_joint,-0.3943617,-0.15026979,0.23408592,0.19554508,0.36454457,0.5403966,0.7326941
1783532937.3372,43,right_handThumbStart_joint,-0.3411002,0.01431373,0.18813947,0.33775336,0.87798554,0.101882294,0.32354885
1783532937.3372,43,right_handThumb_1_joint,-0.3108989,-0.021075198,0.21494961,0.33775336,0.87798554,0.10188228,0.32354885
1783532937.3372,43,right_handThumb_2_joint,-0.2893107,-0.046368558,0.2341142,0.33775333,0.87798554,0.101882264,0.32354885
1783532937.3372,43,right_handThumbEnd_joint,-0.27491847,-0.0632311,0.24688986,0.33775333,0.87798554,0.10188224,0.32354885
1783532937.3372,43,camera,0.11123516,0.07416625,-0.027319785,-0.07464391,-0.07580696,-0.70028263,0.7058936
1783532937.3703,44,root,-0.0005192811,0.016908763,-0.007777911,-0.044099387,-0.0052702744,-0.004949276,0.999001
1783532937.3703,44,hips_joint,-0.0005192811,0.016908763,-0.007777911,-0.044099387,-0.0052702744,-0.004949276,0.999001
1783532937.3703,44,left_upLeg_joint,0.09974191,-0.008834299,-0.0035211616,0.606957,-0.37289393,0.5960655,-0.37048548
1783532937.3703,44,left_leg_joint,0.10450559,-0.38543674,0.18482412,-0.26145244,0.6595551,-0.32109758,0.6273166
1783532937.3703,44,left_foot_joint,0.069643684,-0.7273851,-0.116813675,0.61255515,-0.3579744,0.639629,-0.29581314
1783532937.3703,44,left_toes_joint,0.058534563,-0.849141,-0.03159295,0.66930085,-0.23538494,0.684102,-0.16921845
1783532937.3703,44,left_toesEnd_joint,0.05569584,-0.88229865,0.01912365,0.669301,-0.23538476,0.68410194,-0.16921866
1783532937.3703,44,right_upLeg_joint,-0.10131701,-0.00693457,-0.0057262406,0.39661753,0.5535782,0.43600988,0.5883378
1783532937.3703,44,right_leg_joint,-0.10421973,-0.40788254,0.12292771,0.621616,0.2925209,0.66312426,0.29713884
1783532937.3703,44,right_foot_joint,-0.08107691,-0.75440717,-0.17458622,0.30894867,0.6136162,0.33877656,0.6428503
1783532937.3703,44,right_toes_joint,-0.083671756,-0.8758259,-0.088207774,0.18704692,0.6610504,0.21079247,0.69540805
1783532937.3703,44,right_toesEnd_joint,-0.08592574,-0.9086106,-0.037220553,0.18704739,0.6610506,0.21079203,0.6954079
1783532937.3703,44,spine_1_joint,-0.00051930087,0.016908763,-0.007777911,0.46251857,0.53326577,0.47105035,0.52897614
1783532937.3703,44,spine_2_joint,-0.0012399592,0.073980466,-0.015169464,0.46368888,0.5351589,0.47424603,0.5231523
1783532937.3703,44,spine_3_joint,-0.0025411523,0.1311017,-0.022083515,0.4821181,0.5176855,0.49438697,0.50511914
1783532937.3703,44,spine_4_joint,-0.0038586722,0.18408267,-0.024538854,0.51394045,0.4849099,0.5244134,0.47509786
1783532937.3703,44,spine_5_joint,-0.005289856,0.25433207,-0.019245751,0.5579192,0.43291578,0.56404495,0.42797583
1783532937.3703,44,spine_6_joint,-0.006330601,0.344826,0.0055744955,0.57023966,0.41491732,0.577227,0.41167828
1783532937.3703,44,spine_7_joint,-0.007473103,0.44616485,0.040178165,0.55864656,0.432788,0.5623325,0.42940745
1783532937.3703,44,left_shoulder_1_joint,0.08110694,0.55658317,0.063989446,-0.61010504,0.030040324,-0.056056555,0.78976405
1783532937.3703,44,left_arm_joint,0.22498332,0.5384231,0.06702842,-0.42774835,0.34686947,-0.39207363,0.7368796
1783532937.3703,44,left_forearm_joint,0.34518784,0.3058,0.020272145,-0.5275771,0.17575572,-0.5464939,0.62619257
1783532937.3703,44,left_hand_joint,0.4365413,0.07270065,0.11580931,0.7981942,-0.4692536,0.33067614,-0.18259431
1783532937.3703,44,left_handIndexStart_joint,0.4332187,0.051544257,0.13663888,0.77489203,-0.48056185,0.3814298,-0.15203428
1783532937.3703,44,left_handIndex_1_joint,0.4530669,-0.017582875,0.17237787,0.77489203,-0.48056185,0.3814298,-0.15203428
1783532937.3703,44,left_handIndex_2_joint,0.46460655,-0.057773065,0.19315635,0.77489203,-0.48056185,0.3814298,-0.15203428
1783532937.3703,44,left_handIndex_3_joint,0.47106874,-0.080279574,0.2047923,0.77489203,-0.48056185,0.3814298,-0.15203428
1783532937.3703,44,left_handIndexEnd_joint,0.4756846,-0.096355654,0.2131037,0.77489203,-0.48056185,0.3814298,-0.15203428
1783532937.3703,44,left_handMidStart_joint,0.44268385,0.049707707,0.1282476,0.79902846,-0.46894804,0.32833028,-0.18395904
1783532937.3703,44,left_handMid_1_joint,0.4688766,-0.01644075,0.15501669,0.79902846,-0.46894804,0.32833028,-0.18395904
1783532937.3703,44,left_handMid_2_joint,0.48728234,-0.06292345,0.17382741,0.79902846,-0.46894804,0.32833028,-0.18395904
1783532937.3703,44,left_handMid_3_joint,0.497901,-0.08974039,0.18467975,0.79902846,-0.46894804,0.32833028,-0.18395904
1783532937.3703,44,left_handMidEnd_joint,0.5049801,-0.10761835,0.19191465,0.79902846,-0.46894804,0.32833028,-0.18395904
1783532937.3703,44,left_handPinkyStart_joint,0.45978048,0.048436936,0.10645095,0.8128609,-0.47580832,0.23476672,-0.2403093
1783532937.3703,44,left_handPinky_1_joint,0.48752943,-0.007848463,0.116165586,0.8128609,-0.47580832,0.23476672,-0.2403093
1783532937.3703,44,left_handPinky_2_joint,0.5046685,-0.04261297,0.1221658,0.8128609,-0.47580832,0.23476672,-0.2403093
1783532937.3703,44,left_handPinky_3_joint,0.51364607,-0.060822953,0.12530877,0.8128609,-0.47580832,0.23476672,-0.2403093
1783532937.3703,44,left_handPinkyEnd_joint,0.52180755,-0.07737748,0.12816602,0.8128609,-0.47580832,0.23476672,-0.2403093
1783532937.3703,44,left_handRingStart_joint,0.45073038,0.04862789,0.11823817,0.80698776,-0.47283345,0.2823843,-0.2132105
1783532937.3703,44,left_handRing_1_joint,0.4782082,-0.0130898375,0.13598989,0.80698776,-0.47283345,0.2823843,-0.2132105
1783532937.3703,44,left_handRing_2_joint,0.49760437,-0.05665529,0.14852053,0.80698776,-0.47283345,0.2823843,-0.2132105
1783532937.3703,44,left_handRing_3_joint,0.50972694,-0.0838837,0.15635218,0.80698776,-0.47283345,0.2823843,-0.2132105
1783532937.3703,44,left_handRingEnd_joint,0.5178086,-0.10203598,0.16157328,0.80698776,-0.47283345,0.2823843,-0.2132105
1783532937.3703,44,left_handThumbStart_joint,0.42404896,0.047320064,0.1309534,0.3827108,-0.10247976,0.80984765,-0.43264002
1783532937.3703,44,left_handThumb_1_joint,0.4061857,0.005479021,0.15947522,0.3827108,-0.10247976,0.80984765,-0.43264002
1783532937.3703,44,left_handThumb_2_joint,0.3934159,-0.024426868,0.17986324,0.3827108,-0.10247975,0.80984765,-0.43264002
1783532937.3703,44,left_handThumbEnd_joint,0.38490272,-0.04436413,0.19345525,0.38271087,-0.10247971,0.80984765,-0.43264002
1783532937.3703,44,neck_1_joint,-0.008411146,0.5774117,0.06809721,0.6021945,0.3700033,0.6041414,0.36806586
1783532937.3703,44,neck_2_joint,-0.008524503,0.6041224,0.081754714,0.5931297,0.3839768,0.5951243,0.38286567
1783532937.3703,44,neck_3_joint,-0.008653391,0.64057046,0.09823266,0.5762473,0.40725997,0.5820821,0.4040528
1783532937.3703,44,neck_4_joint,-0.009027814,0.67816037,0.11190215,0.55811375,0.42989263,0.5700883,0.42272976
1783532937.3703,44,head_joint,-0.009905732,0.7225953,0.12506947,0.49907553,0.4958327,0.5196571,0.48479864
1783532937.3703,44,jaw_joint,-0.009155763,0.6974347,0.12911715,0.49907553,0.4958327,0.5196571,0.48479864
1783532937.3703,44,chin_joint,-0.008460606,0.6436721,0.2271431,0.49907553,0.4958327,0.5196571,0.48479864
1783532937.3703,44,left_eye_joint,0.020552916,0.75286835,0.21317321,0.50338084,0.49146134,0.5238654,0.48024812
1783532937.3703,44,left_eyeLowerLid_joint,0.020552916,0.75286835,0.21317321,0.50338084,0.49146134,0.5238654,0.48024812
1783532937.3703,44,left_eyeUpperLid_joint,0.020552916,0.75286835,0.21317321,0.50338084,0.49146134,0.5238654,0.48024812
1783532937.3703,44,left_eyeball_joint,0.020552916,0.75286835,0.21317321,0.50338084,0.49146134,0.5238654,0.48024812
1783532937.3703,44,nose_joint,-0.010889351,0.71838886,0.23498458,0.50338346,0.49145865,0.5238679,0.48024535
1783532937.3703,44,right_eye_joint,-0.0440468,0.7508372,0.21251737,0.50338084,0.49146134,0.5238654,0.48024812
1783532937.3703,44,right_eyeLowerLid_joint,-0.0440468,0.7508372,0.21251737,0.50338084,0.49146134,0.5238654,0.48024812
1783532937.3703,44,right_eyeUpperLid_joint,-0.0440468,0.7508372,0.21251737,0.50338084,0.49146134,0.5238654,0.48024812
1783532937.3703,44,right_eyeball_joint,-0.0440468,0.7508372,0.21251737,0.50338084,0.49146134,0.5238654,0.48024812
1783532937.3703,44,right_shoulder_1_joint,-0.09762005,0.55533755,0.06377183,0.7853684,0.08170163,0.037570387,0.61246204
1783532937.3703,44,right_arm_joint,-0.24032329,0.53004783,0.06972829,0.7246838,0.42845538,0.3082313,0.44300437
1783532937.3703,44,right_forearm_joint,-0.3581122,0.29223385,0.051873926,0.59293467,0.5990787,0.1685015,0.511019
1783532937.3703,44,right_hand_joint,-0.41851917,0.055711154,0.16240123,0.1659998,0.37703887,0.49510583,0.7649549
1783532937.3703,44,right_handIndexStart_joint,-0.4126011,0.036080923,0.18253952,0.13184007,0.4283849,0.5058275,0.73705024
1783532937.3703,44,right_handIndex_1_joint,-0.42233863,-0.032873314,0.22254242,0.13184007,0.4283849,0.5058275,0.73705024
1783532937.3703,44,right_handIndex_2_joint,-0.42799956,-0.07296337,0.24579959,0.13184007,0.4283849,0.5058275,0.73705024
1783532937.3703,44,right_handIndex_3_joint,-0.43117037,-0.09541379,0.25882426,0.13184007,0.4283849,0.5058275,0.73705024
1783532937.3703,44,right_handIndexEnd_joint,-0.4334351,-0.11144953,0.26812753,0.13184007,0.4283849,0.5058275,0.73705024
1783532937.3703,44,right_handMidStart_joint,-0.42239502,0.032864273,0.17498264,0.16549963,0.37772366,0.49553245,0.76444894
1783532937.3703,44,right_handMid_1_joint,-0.43938792,-0.03423051,0.20641345,0.16549963,0.37772366,0.49553245,0.76444894
1783532937.3703,44,right_handMid_2_joint,-0.451329,-0.08137744,0.22850011,0.16549963,0.37772366,0.49553245,0.76444894
1783532937.3703,44,right_handMid_3_joint,-0.45821792,-0.10857784,0.24124235,0.16549963,0.37772366,0.49553245,0.76444894
1783532937.3703,44,right_handMidEnd_joint,-0.4628107,-0.126711,0.2497372,0.16549964,0.37772366,0.49553245,0.76444894
1783532937.3703,44,right_handPinkyStart_joint,-0.44078287,0.02875753,0.15463501,0.22657987,0.28801572,0.5031395,0.78266156
1783532937.3703,44,right_handPinky_1_joint,-0.46159813,-0.029541964,0.16878517,0.22657987,0.28801572,0.5031395,0.78266156
1783532937.3703,44,right_handPinky_2_joint,-0.47445518,-0.06555101,0.17752558,0.22657987,0.28801572,0.5031395,0.78266156
1783532937.3703,44,right_handPinky_3_joint,-0.48118922,-0.08441282,0.18210323,0.22657989,0.28801572,0.5031395,0.78266156
1783532937.3703,44,right_handPinkyEnd_joint,-0.4873114,-0.10155964,0.18626493,0.22657987,0.28801572,0.5031395,0.78266156
1783532937.3703,44,right_handRingStart_joint,-0.43098015,0.030464813,0.16567451,0.19706278,0.33380947,0.49978593,0.7745654
1783532937.3703,44,right_handRing_1_joint,-0.45036894,-0.032806087,0.18803658,0.19706278,0.33380947,0.49978593,0.7745654
1783532937.3703,44,right_handRing_2_joint,-0.46405485,-0.07746759,0.20382124,0.19706278,0.33380947,0.49978593,0.7745654
1783532937.3703,44,right_handRing_3_joint,-0.472609,-0.10538125,0.21368715,0.19706278,0.33380947,0.49978593,0.7745654
1783532937.3703,44,right_handRingEnd_joint,-0.47831127,-0.1239911,0.2202639,0.19706278,0.33380947,0.49978593,0.7745654
1783532937.3703,44,right_handThumbStart_joint,-0.4034659,0.032549955,0.17634714,0.38411012,0.8473141,0.08776342,0.35611215
1783532937.3703,44,right_handThumb_1_joint,-0.37923527,-0.005760846,0.20512977,0.38411012,0.8473141,0.08776341,0.35611215
1783532937.3703,44,right_handThumb_2_joint,-0.36191463,-0.0331428,0.2257043,0.38411012,0.8473141,0.08776339,0.35611215
1783532937.3703,44,right_handThumbEnd_joint,-0.35036743,-0.051397767,0.23941994,0.38411012,0.8473141,0.08776337,0.35611215
1783532937.3703,44,camera,0.111323304,0.07444652,-0.027062725,-0.07473011,-0.075659305,-0.7000534,0.70612776
1783532937.4031,45,root,-3.900851e-05,0.013508414,-0.01135312,-0.018402448,-0.007141719,-0.0062659197,0.99978554
1783532937.4031,45,hips_joint,-3.900851e-05,0.013508414,-0.01135312,-0.018402448,-0.007141719,-0.0062659197,0.99978554
1783532937.4031,45,left_upLeg_joint,0.10014985,-0.01264907,-0.008019647,0.59465,-0.39601845,0.57425547,-0.39973962
1783532937.4031,45,left_leg_joint,0.111435555,-0.4043108,0.14625214,-0.3081917,0.6403724,-0.34675768,0.61212784
1783532937.4031,45,left_foot_joint,0.08370667,-0.7789523,-0.114524215,0.63751894,-0.3140501,0.6504622,-0.26803222
1783532937.4031,45,left_toes_joint,0.077230155,-0.8905943,-0.016012268,0.685487,-0.18752533,0.6894733,-0.13988784
1783532937.4031,45,left_toesEnd_joint,0.07595191,-0.9178909,0.038144235,0.68548703,-0.18752512,0.6894732,-0.13988805
1783532937.4031,45,right_upLeg_joint,-0.10089379,-0.010177789,-0.010937198,0.42491212,0.5267668,0.4550678,0.57868814
1783532937.4031,45,right_leg_joint,-0.11388886,-0.42046732,0.08294123,0.59805715,0.33018485,0.6351752,0.36035854
1783532937.4031,45,right_foot_joint,-0.10248295,-0.81042206,-0.15566869,0.26717603,0.6287372,0.27778822,0.67538166
1783532937.4031,45,right_toes_joint,-0.110686645,-0.9164124,-0.051221494,0.14316551,0.66797984,0.14474374,0.7157904
1783532937.4031,45,right_toesEnd_joint,-0.11467226,-0.9405839,0.004271493,0.14316599,0.6679799,0.14474326,0.71579033
1783532937.4031,45,spine_1_joint,-3.9028288e-05,0.013508414,-0.01135312,0.4734632,0.52250737,0.48070836,0.52128506
1783532937.4031,45,spine_2_joint,-0.0005103294,0.070828095,-0.016507272,0.4714941,0.52832484,0.47916615,0.5186194
1783532937.4031,45,spine_3_joint,-0.0015148964,0.1281055,-0.02204104,0.48613152,0.5152453,0.4941939,0.5039552
1783532937.4031,45,spine_4_joint,-0.002544712,0.1811097,-0.02410138,0.51429784,0.48733082,0.51948035,0.47764727
1783532937.4031,45,spine_5_joint,-0.0035829772,0.25141317,-0.0194767,0.55557555,0.4403831,0.55564386,0.43434876
1783532937.4031,45,spine_6_joint,-0.004078697,0.3424983,0.003096286,0.5660021,0.42655975,0.56667006,0.4202072
1783532937.4031,45,spine_7_joint,-0.0047267377,0.44500077,0.0340983,0.5527256,0.446903,0.55084056,0.4374328
1783532937.4031,45,left_shoulder_1_joint,0.08387102,0.55643773,0.052479282,-0.62913835,0.029450748,-0.023564879,0.77637804
1783532937.4031,45,left_arm_joint,0.22850807,0.5457551,0.05014707,-0.4835112,0.32951126,-0.32772902,0.7417773
1783532937.4031,45,left_forearm_joint,0.37959692,0.33167633,0.0044169044,-0.59110737,0.12105458,-0.46055043,0.6510238
1783532937.4031,45,left_hand_joint,0.52603686,0.13263579,0.10808135,0.8638754,-0.37384522,0.29495886,-0.16419202
1783532937.4031,45,left_handIndexStart_joint,0.52891374,0.113243416,0.13062385,0.84279895,-0.38420016,0.35004824,-0.13981093
1783532937.4031,45,left_handIndex_1_joint,0.5658335,0.053372864,0.16938251,0.84279895,-0.38420016,0.35004824,-0.13981093
1783532937.4031,45,left_handIndex_2_joint,0.5872985,0.018564405,0.19191661,0.84279895,-0.38420016,0.35004824,-0.13981093
1783532937.4031,45,left_handIndex_3_joint,0.5993189,-0.0009283328,0.20453571,0.84279895,-0.38420016,0.35004824,-0.13981093
1783532937.4031,45,left_handIndexEnd_joint,0.607905,-0.014851717,0.21354935,0.84279895,-0.38420016,0.35004824,-0.13981093
1783532937.4031,45,left_handMidStart_joint,0.53791034,0.112675644,0.12156212,0.8646299,-0.3736061,0.29243672,-0.16527255
1783532937.4031,45,left_handMid_1_joint,0.5797032,0.056217458,0.15061542,0.8646299,-0.3736061,0.29243672,-0.16527255
1783532937.4031,45,left_handMid_2_joint,0.60907114,0.01654414,0.17103127,0.8646299,-0.3736061,0.29243672,-0.16527255
1783532937.4031,45,left_handMid_3_joint,0.6260142,-0.006344311,0.18280962,0.8646299,-0.3736061,0.29243672,-0.16527255
1783532937.4031,45,left_handMidEnd_joint,0.63730955,-0.021603279,0.19066186,0.8646299,-0.3736061,0.29243672,-0.16527255
1783532937.4031,45,left_handPinkyStart_joint,0.5532302,0.11303667,0.09844988,0.8775546,-0.38514456,0.19323489,-0.21029153
1783532937.4031,45,left_handPinky_1_joint,0.5931502,0.064950764,0.10969997,0.8775546,-0.38514456,0.19323489,-0.21029153
1783532937.4031,45,left_handPinky_2_joint,0.6178067,0.03525065,0.116648555,0.8775546,-0.38514456,0.19323489,-0.21029153
1783532937.4031,45,left_handPinky_3_joint,0.630722,0.019693445,0.12028829,0.8775546,-0.38514456,0.19323489,-0.21029153
1783532937.4031,45,left_handPinkyEnd_joint,0.64246315,0.005550531,0.123597145,0.8775546,-0.38514456,0.19323489,-0.21029153
1783532937.4031,45,left_handRingStart_joint,0.54524326,0.11239934,0.11096716,0.8722556,-0.37972522,0.24352542,-0.18887796
1783532937.4031,45,left_handRing_1_joint,0.5866658,0.05970141,0.13062263,0.8722556,-0.37972522,0.24352542,-0.18887796
1783532937.4031,45,left_handRing_2_joint,0.6159052,0.02250287,0.14449708,0.8722556,-0.37972522,0.24352542,-0.18887796
1783532937.4031,45,left_handRing_3_joint,0.6341799,-0.00074621435,0.15316862,0.8722556,-0.37972522,0.24352542,-0.18887796
1783532937.4031,45,left_handRingEnd_joint,0.64636296,-0.016245604,0.15894964,0.8722556,-0.37972522,0.24352542,-0.18887796
1783532937.4031,45,left_handThumbStart_joint,0.52048516,0.10668903,0.1261236,0.44234648,-0.04494689,0.74567974,-0.49625787
1783532937.4031,45,left_handThumb_1_joint,0.51425236,0.064811915,0.15914972,0.44234648,-0.04494689,0.74567974,-0.49625787
1783532937.4031,45,left_handThumb_2_joint,0.5097956,0.034880016,0.18275735,0.44234648,-0.04494688,0.74567974,-0.49625787
1783532937.4031,45,left_handThumbEnd_joint,0.5068245,0.01492541,0.19849579,0.44234645,-0.04494686,0.74567974,-0.49625787
1783532937.4031,45,neck_1_joint,-0.005641044,0.5772547,0.056773443,0.59779483,0.38479903,0.5931951,0.37774497
1783532937.4031,45,neck_2_joint,-0.0056380737,0.6045011,0.06932863,0.5884109,0.39868435,0.58375883,0.39249194
1783532937.4031,45,neck_3_joint,-0.005615939,0.641598,0.08428942,0.5710739,0.4217643,0.5702672,0.41326207
1783532937.4031,45,neck_4_joint,-0.0058631073,0.6797202,0.09639866,0.55255246,0.444198,0.557839,0.4314979
1783532937.4031,45,head_joint,-0.0066131437,0.7246612,0.10772823,0.4919323,0.5094377,0.50642014,0.49195045
1783532937.4031,45,jaw_joint,-0.005798987,0.69968945,0.11280288,0.4919323,0.5094377,0.50642014,0.49195045
1783532937.4031,45,chin_joint,-0.0039051091,0.6500236,0.21295139,0.4919323,0.5094377,0.50642014,0.49195045
1783532937.4031,45,left_eye_joint,0.024870295,0.7585537,0.19413741,0.49635655,0.50512826,0.51069105,0.48751512
1783532937.4031,45,left_eyeLowerLid_joint,0.024870295,0.7585537,0.19413741,0.49635655,0.50512826,0.51069105,0.48751512
1783532937.4031,45,left_eyeUpperLid_joint,0.024870295,0.7585537,0.19413741,0.49635655,0.50512826,0.51069105,0.48751512
1783532937.4031,45,left_eyeball_joint,0.024870295,0.7585537,0.19413741,0.49635655,0.50512826,0.51069105,0.48751512
1783532937.4031,45,nose_joint,-0.0062885676,0.72500026,0.21772727,0.49635917,0.50512564,0.5106936,0.48751238
1783532937.4031,45,right_eye_joint,-0.039731383,0.7564875,0.19433446,0.49635655,0.50512826,0.51069105,0.48751512
1783532937.4031,45,right_eyeLowerLid_joint,-0.039731383,0.7564875,0.19433446,0.49635655,0.50512826,0.51069105,0.48751512
1783532937.4031,45,right_eyeUpperLid_joint,-0.039731383,0.7564875,0.19433446,0.49635655,0.50512826,0.51069105,0.48751512
1783532937.4031,45,right_eyeball_joint,-0.039731383,0.7564875,0.19433446,0.49635655,0.50512826,0.51069105,0.48751512
1783532937.4031,45,right_shoulder_1_joint,-0.09484384,0.55486745,0.05434798,0.7746747,0.05930264,0.027739715,0.6289623
1783532937.4031,45,right_arm_joint,-0.23864959,0.5364789,0.058934405,0.7382134,0.3725886,0.28285635,0.486016
1783532937.4031,45,right_forearm_joint,-0.38822412,0.31702846,0.044185814,0.6272975,0.5302754,0.12421558,0.5566662
1783532937.4031,45,right_hand_joint,-0.4972232,0.10169429,0.1606278,0.16597179,0.3487419,0.4183306,0.8220904
1783532937.4031,45,right_handIndexStart_joint,-0.49615765,0.08243855,0.1819351,0.13704632,0.40407684,0.42926246,0.79603684
1783532937.4031,45,right_handIndex_1_joint,-0.5206451,0.018658299,0.2241511,0.13704632,0.40407684,0.42926246,0.79603684
1783532937.4031,45,right_handIndex_2_joint,-0.5348816,-0.018423712,0.24869503,0.13704632,0.40407684,0.42926246,0.79603684
1783532937.4031,45,right_handIndex_3_joint,-0.5428547,-0.039189458,0.2624402,0.13704632,0.40407684,0.42926246,0.79603684
1783532937.4031,45,right_handIndexEnd_joint,-0.54854965,-0.05402191,0.27225813,0.13704632,0.40407684,0.42926246,0.79603684
1783532937.4031,45,right_handMidStart_joint,-0.5059363,0.080642805,0.17390226,0.16553627,0.34949502,0.41876957,0.82163477
1783532937.4031,45,right_handMid_1_joint,-0.5367204,0.019536924,0.20701997,0.16553627,0.34949502,0.41876957,0.82163477
1783532937.4031,45,right_handMid_2_joint,-0.5583525,-0.023401566,0.23029198,0.16553627,0.34949502,0.41876957,0.82163477
1783532937.4031,45,right_handMid_3_joint,-0.5708324,-0.048174057,0.24371807,0.16553627,0.34949502,0.41876957,0.82163477
1783532937.4031,45,right_handMidEnd_joint,-0.57915235,-0.06468858,0.25266883,0.1655363,0.34949505,0.4187696,0.8216347
1783532937.4031,45,right_handPinkyStart_joint,-0.5235943,0.078834936,0.15259658,0.2174089,0.25426364,0.42872167,0.839215
1783532937.4031,45,right_handPinky_1_joint,-0.5555413,0.026120666,0.16785881,0.2174089,0.25426364,0.42872167,0.839215
1783532937.4031,45,right_handPinky_2_joint,-0.5752739,-0.006438532,0.17728607,0.2174089,0.25426364,0.42872167,0.839215
1783532937.4031,45,right_handPinky_3_joint,-0.5856094,-0.023493422,0.18222354,0.21740891,0.25426364,0.42872167,0.839215
1783532937.4031,45,right_handPinkyEnd_joint,-0.5950056,-0.03899752,0.18671232,0.2174089,0.25426364,0.42872167,0.839215
1783532937.4031,45,right_handRingStart_joint,-0.51428014,0.079335764,0.164167,0.19253829,0.30270088,0.42410886,0.8315248
1783532937.4031,45,right_handRing_1_joint,-0.5462028,0.02192678,0.18792301,0.19253829,0.30270088,0.42410886,0.8315248
1783532937.4031,45,right_handRing_2_joint,-0.5687361,-0.018596968,0.20469163,0.19253829,0.30270088,0.42410886,0.8315248
1783532937.4031,45,right_handRing_3_joint,-0.58281994,-0.043924417,0.2151725,0.19253829,0.30270088,0.42410886,0.8315248
1783532937.4031,45,right_handRingEnd_joint,-0.59220874,-0.060810246,0.22215928,0.19253829,0.30270088,0.42410886,0.8315248
1783532937.4031,45,right_handThumbStart_joint,-0.4874951,0.07698186,0.17650831,0.44852248,0.7991692,0.045657262,0.39758313
1783532937.4031,45,right_handThumb_1_joint,-0.47238106,0.036536124,0.20842999,0.44852248,0.7991692,0.045657262,0.39758313
1783532937.4031,45,right_handThumb_2_joint,-0.4615765,0.0076279994,0.23124826,0.44852248,0.7991692,0.045657244,0.39758313
1783532937.4031,45,right_handThumbEnd_joint,-0.4543734,-0.0116444575,0.24645971,0.44852248,0.7991692,0.045657225,0.39758313
1783532937.4031,45,camera,0.11118156,0.07464648,-0.0266746,-0.07501916,-0.076197356,-0.6996868,0.7064025
1783532937.4369,46,root,-0.00010451339,0.012786642,-0.009801145,-0.00054776244,-0.008444521,-0.0093771955,0.99992025
1783532937.4369,46,hips_joint,-0.00010451339,0.012786642,-0.009801145,-0.00054776244,-0.008444521,-0.0093771955,0.99992025
1783532937.4369,46,left_upLeg_joint,0.09991864,-0.014070695,-0.007120565,0.5853404,-0.40666872,0.55771005,-0.42538992
1783532937.4369,46,left_leg_joint,0.119777724,-0.41435564,0.12212159,-0.34647295,0.61432534,-0.3590762,0.6112487
1783532937.4369,46,left_foot_joint,0.11398694,-0.8097722,-0.1075336,0.6515915,-0.26993814,0.6596174,-0.25974342
1783532937.4369,46,left_toes_joint,0.11161386,-0.91326606,-0.00032416344,0.69094384,-0.1415457,0.6968915,-0.13001409
1783532937.4369,46,left_toesEnd_joint,0.110923566,-0.93612355,0.05586052,0.69094384,-0.14154547,0.6968914,-0.1300143
1783532937.4369,46,right_upLeg_joint,-0.101097226,-0.010296966,-0.0105179185,0.4437336,0.50612074,0.4609454,0.5783351
1783532937.4369,46,right_leg_joint,-0.12751752,-0.42394835,0.06373803,0.58802825,0.3396261,0.6179062,0.39631906
1783532937.4369,46,right_foot_joint,-0.13011956,-0.83058345,-0.14547604,0.2534589,0.6299848,0.24201746,0.6930406
1783532937.4369,46,right_toes_joint,-0.1433973,-0.92817044,-0.033623658,0.12946053,0.6666051,0.106274426,0.72634935
1783532937.4369,46,right_toesEnd_joint,-0.14877704,-0.9480052,0.02344874,0.12946102,0.6666051,0.106273964,0.72634935
1783532937.4369,46,spine_1_joint,-0.00010453316,0.012786642,-0.009801145,0.4825577,0.5112474,0.48854327,0.5168071
1783532937.4369,46,spine_2_joint,-0.00011011216,0.07024616,-0.013077738,0.47781008,0.5183978,0.48552504,0.5169401
1783532937.4369,46,spine_3_joint,-0.00062471005,0.12764743,-0.017220616,0.48800442,0.507943,0.49825022,0.50556177
1783532937.4369,46,spine_4_joint,-0.0012888679,0.18067771,-0.018668814,0.5107493,0.48405045,0.5211527,0.48293957
1783532937.4369,46,spine_5_joint,-0.0021202238,0.2510018,-0.014323819,0.5461029,0.4429772,0.5552981,0.4440576
1783532937.4369,46,spine_6_joint,-0.002982708,0.34256545,0.0062100063,0.54982644,0.43639,0.5639418,0.43499961
1783532937.4369,46,spine_7_joint,-0.004799591,0.44631964,0.032668684,0.52819324,0.4637679,0.5448099,0.4572897
1783532937.4369,46,left_shoulder_1_joint,0.08192203,0.55998623,0.045509115,-0.6693475,-0.0044119065,0.012859943,0.74282545
1783532937.4369,46,left_arm_joint,0.22691818,0.5636142,0.04396274,-0.57301676,0.25326645,-0.24198066,0.7409142
1783532937.4369,46,left_forearm_joint,0.42763233,0.39103538,0.017901493,-0.6685484,-0.011485037,-0.33865175,0.661987
1783532937.4369,46,left_hand_joint,0.6340676,0.2750017,0.14331585,0.9323203,-0.19463383,0.27737084,-0.12634233
1783532937.4369,46,left_handIndexStart_joint,0.6435782,0.26218024,0.16856782,0.91234046,-0.20295663,0.3369532,-0.113606825
1783532937.4369,46,left_handIndex_1_joint,0.699036,0.22629017,0.21424185,0.91234046,-0.20295663,0.3369532,-0.113606825
1783532937.4369,46,left_handIndex_2_joint,0.7312789,0.20542383,0.2407965,0.91234046,-0.20295663,0.3369532,-0.113606825
1783532937.4369,46,left_handIndex_3_joint,0.74933493,0.19373868,0.25566712,0.91234046,-0.20295663,0.3369532,-0.113606825
1783532937.4369,46,left_handIndexEnd_joint,0.7622321,0.18539214,0.26628897,0.91234046,-0.20295663,0.3369532,-0.113606825
1783532937.4369,46,left_handMidStart_joint,0.65215224,0.26299384,0.15912324,0.9330659,-0.19451876,0.2746746,-0.12690467
1783532937.4369,46,left_handMid_1_joint,0.71094465,0.23010126,0.19433397,0.9330659,-0.19451876,0.2746746,-0.12690467
1783532937.4369,46,left_handMid_2_joint,0.7522582,0.20698754,0.21907665,0.9330659,-0.19451876,0.2746746,-0.12690467
1783532937.4369,46,left_handMid_3_joint,0.77609295,0.19365272,0.23335126,0.9330659,-0.19451876,0.2746746,-0.12690467
1783532937.4369,46,left_handMidEnd_joint,0.79198277,0.18476284,0.24286768,0.9330659,-0.19451876,0.2746746,-0.12690467
1783532937.4369,46,left_handPinkyStart_joint,0.666235,0.26419434,0.13526455,0.94979453,-0.21346541,0.17041673,-0.15258262
1783532937.4369,46,left_handPinky_1_joint,0.72026086,0.23514234,0.1516847,0.94979453,-0.21346541,0.17041673,-0.15258262
1783532937.4369,46,left_handPinky_2_joint,0.7536297,0.21719846,0.16182655,0.94979453,-0.21346541,0.17041673,-0.15258262
1783532937.4369,46,left_handPinky_3_joint,0.7711086,0.2077993,0.16713895,0.94979453,-0.21346541,0.17041673,-0.15258262
1783532937.4369,46,left_handPinkyEnd_joint,0.78699857,0.1992546,0.17196842,0.94979453,-0.21346541,0.17041673,-0.15258262
1783532937.4369,46,left_handRingStart_joint,0.6590502,0.2632393,0.14823936,0.94274414,-0.20409474,0.22304156,-0.14082514
1783532937.4369,46,left_handRing_1_joint,0.7161326,0.23197113,0.17359956,0.94274414,-0.20409474,0.22304156,-0.14082514
1783532937.4369,46,left_handRing_2_joint,0.756426,0.20989949,0.19150089,0.94274414,-0.20409474,0.22304156,-0.14082514
1783532937.4369,46,left_handRing_3_joint,0.7816094,0.19610469,0.20268923,0.94274414,-0.20409474,0.22304156,-0.14082514
1783532937.4369,46,left_handRingEnd_joint,0.7983983,0.18690817,0.2101481,0.94274414,-0.20409474,0.22304156,-0.14082514
1783532937.4369,46,left_handThumbStart_joint,0.6378549,0.25247833,0.16585317,-0.5013241,-0.08935648,-0.6410506,0.5742337
1783532937.4369,46,left_handThumb_1_joint,0.6465637,0.21775573,0.20587516,-0.5013241,-0.08935648,-0.6410506,0.5742337
1783532937.4369,46,left_handThumb_2_joint,0.6527868,0.19293734,0.23448321,-0.5013241,-0.08935648,-0.6410506,0.5742337
1783532937.4369,46,left_handThumbEnd_joint,0.6569355,0.17639175,0.25355527,-0.5013241,-0.08935648,-0.6410506,0.5742337
1783532937.4369,46,neck_1_joint,-0.007922493,0.5797718,0.046338644,0.57793844,0.40000165,0.5926655,0.393362
1783532937.4369,46,neck_2_joint,-0.008597719,0.6076303,0.057449367,0.5704615,0.41014826,0.5855828,0.4042834
1783532937.4369,46,neck_3_joint,-0.009488026,0.6452875,0.07090828,0.55436474,0.43039894,0.5734538,0.4225961
1783532937.4369,46,neck_4_joint,-0.010615431,0.6837625,0.08178968,0.5364984,0.45117,0.5613039,0.4399471
1783532937.4369,46,head_joint,-0.01231401,0.7289825,0.09183316,0.4751376,0.51450723,0.5087504,0.50069934
1783532937.4369,46,jaw_joint,-0.01123947,0.7041771,0.09762408,0.4751376,0.51450723,0.5087504,0.50069934
1783532937.4369,46,chin_joint,-0.010938867,0.6573413,0.19914415,0.4751376,0.51450723,0.5087504,0.50069934
1783532937.4369,46,left_eye_joint,0.016616289,0.76575094,0.17795852,0.47960675,0.510344,0.51309764,0.49624357
1783532937.4369,46,left_eyeLowerLid_joint,0.016616289,0.76575094,0.17795852,0.47960675,0.510344,0.51309764,0.49624357
1783532937.4369,46,left_eyeUpperLid_joint,0.016616289,0.76575094,0.17795852,0.47960675,0.510344,0.51309764,0.49624357
1783532937.4369,46,left_eyeball_joint,0.016616289,0.76575094,0.17795852,0.47960675,0.510344,0.51309764,0.49624357
1783532937.4369,46,nose_joint,-0.014573255,0.7323743,0.20175765,0.47960937,0.5103414,0.5131003,0.49624076
1783532937.4369,46,right_eye_joint,-0.04793336,0.76266724,0.17672703,0.47960675,0.510344,0.51309764,0.49624357
1783532937.4369,46,right_eyeLowerLid_joint,-0.04793336,0.76266724,0.17672703,0.47960675,0.510344,0.51309764,0.49624357
1783532937.4369,46,right_eyeUpperLid_joint,-0.04793336,0.76266724,0.17672703,0.47960675,0.510344,0.51309764,0.49624357
1783532937.4369,46,right_eyeball_joint,-0.04793336,0.76266724,0.17672703,0.47960675,0.510344,0.51309764,0.49624357
1783532937.4369,46,right_shoulder_1_joint,-0.09675262,0.5560081,0.043388832,0.7294546,0.019314976,0.026777806,0.6832323
1783532937.4369,46,right_arm_joint,-0.24148557,0.5466133,0.041550606,0.704067,0.29835996,0.23809299,0.5988183
1783532937.4369,46,right_forearm_joint,-0.4299595,0.3590189,0.04741829,0.6041142,0.40953192,-0.001051451,0.6836147
1783532937.4369,46,right_hand_joint,-0.6080435,0.22681011,0.19780193,0.07105739,0.32769945,0.2456227,0.9095239
1783532937.4369,46,right_handIndexStart_joint,-0.61449486,0.21527967,0.22332345,0.05416043,0.38915116,0.2505105,0.884801
1783532937.4369,46,right_handIndex_1_joint,-0.66040105,0.17629234,0.27644923,0.05416043,0.38915116,0.2505105,0.884801
1783532937.4369,46,right_handIndex_2_joint,-0.6870905,0.15362468,0.30733624,0.05416043,0.38915116,0.2505105,0.884801
1783532937.4369,46,right_handIndex_3_joint,-0.7020373,0.14093132,0.32463336,0.05416043,0.38915116,0.2505105,0.884801
1783532937.4369,46,right_handIndexEnd_joint,-0.7127133,0.13186479,0.33698836,0.05416043,0.38915116,0.2505105,0.884801
1783532937.4369,46,right_handMidStart_joint,-0.6237463,0.21391766,0.21460968,0.07078405,0.32858983,0.24598522,0.9091259
1783532937.4369,46,right_handMid_1_joint,-0.6741477,0.17638256,0.25737864,0.07078405,0.32858983,0.24598522,0.9091259
1783532937.4369,46,right_handMid_2_joint,-0.7095646,0.15000728,0.28743237,0.07078405,0.32858983,0.24598522,0.9091259
1783532937.4369,46,right_handMid_3_joint,-0.72999746,0.13479047,0.30477113,0.07078405,0.32858983,0.24598522,0.9091259
1783532937.4369,46,right_handMidEnd_joint,-0.74361926,0.12464637,0.31633013,0.070784055,0.32858983,0.24598522,0.9091259
1783532937.4369,46,right_handPinkyStart_joint,-0.63952076,0.21073858,0.19202507,0.1041385,0.2282649,0.26984712,0.9296414
1783532937.4369,46,right_handPinky_1_joint,-0.68715614,0.17585994,0.21540636,0.1041385,0.2282649,0.26984712,0.9296414
1783532937.4369,46,right_handPinky_2_joint,-0.7165788,0.15431726,0.22984831,0.1041385,0.2282649,0.26984712,0.9296414
1783532937.4369,46,right_handPinky_3_joint,-0.73199004,0.14303258,0.23741266,0.10413851,0.2282649,0.26984712,0.9296414
1783532937.4369,46,right_handPinkyEnd_joint,-0.7460004,0.1327742,0.24428937,0.1041385,0.2282649,0.26984712,0.9296414
1783532937.4369,46,right_handRingStart_joint,-0.6313634,0.21210074,0.20437339,0.088444635,0.27905846,0.25805154,0.92071366
1783532937.4369,46,right_handRing_1_joint,-0.6810327,0.17546082,0.23707916,0.088444635,0.27905846,0.25805154,0.92071366
1783532937.4369,46,right_handRing_2_joint,-0.71609294,0.14959736,0.26016527,0.088444635,0.27905846,0.25805154,0.92071366
1783532937.4369,46,right_handRing_3_joint,-0.7380062,0.13343288,0.27459452,0.088444635,0.27905846,0.25805154,0.92071366
1783532937.4369,46,right_handRingEnd_joint,-0.75261486,0.12265553,0.28421387,0.088444635,0.27905846,0.25805154,0.92071366
1783532937.4369,46,right_handThumbStart_joint,-0.6075657,0.20629701,0.22096471,0.49710986,0.69679487,-0.10330084,0.5066442
1783532937.4369,46,right_handThumb_1_joint,-0.6079769,0.17471692,0.26439065,0.49710986,0.69679487,-0.10330084,0.5066442
1783532937.4369,46,right_handThumb_2_joint,-0.60826916,0.15214567,0.2954316,0.49710986,0.69679487,-0.10330084,0.5066442
1783532937.4369,46,right_handThumbEnd_joint,-0.60846394,0.13709758,0.31612504,0.49710986,0.69679487,-0.10330086,0.5066442
1783532937.4369,46,camera,0.11122927,0.07497083,-0.026367752,-0.07494942,-0.07614268,-0.6995859,0.7065156
1783532937.4699,47,root,-0.0007703662,0.013683723,-0.006325197,0.010453982,-0.0055691437,-0.009203173,0.99988747
1783532937.4699,47,hips_joint,-0.0007703662,0.013683723,-0.006325197,0.010453982,-0.0055691437,-0.009203173,0.99988747
1783532937.4699,47,left_upLeg_joint,0.099278696,-0.013167058,-0.0047914563,0.58639836,-0.4110459,0.53887695,-0.4436098
1783532937.4699,47,left_leg_joint,0.13351655,-0.4174979,0.10777097,-0.36522114,0.606047,-0.34703487,0.6155382
1783532937.4699,47,left_foot_joint,0.14474241,-0.8153129,-0.11749889,0.6612451,-0.25185958,0.6527836,-0.27054602
1783532937.4699,47,left_toes_joint,0.1478543,-0.9175931,-0.009149685,0.69699585,-0.1219651,0.69222885,-0.14191605
1783532937.4699,47,left_toesEnd_joint,0.14857574,-0.9398248,0.047285166,0.6969959,-0.1219649,0.6922288,-0.14191626
1783532937.4699,47,right_upLeg_joint,-0.10175467,-0.009438165,-0.0069916057,0.45834452,0.49129128,0.4583556,0.58177596
1783532937.4699,47,right_leg_joint,-0.14263694,-0.4236599,0.056792762,0.591484,0.3292879,0.61156934,0.40951076
1783532937.4699,47,right_foot_joint,-0.15868963,-0.83085746,-0.15072064,0.26255473,0.62397754,0.2288939,0.69951737
1783532937.4699,47,right_toes_joint,-0.1760547,-0.92741317,-0.038533714,0.13953009,0.66243064,0.092161156,0.73022145
1783532937.4699,47,right_toesEnd_joint,-0.18244727,-0.94679123,0.018591084,0.13953058,0.66243064,0.092160694,0.73022133
1783532937.4699,47,spine_1_joint,-0.000770386,0.013683723,-0.006325197,0.48884225,0.5073827,0.4932331,0.51021296
1783532937.4699,47,spine_2_joint,-0.0008528121,0.07120022,-0.008369479,0.4822476,0.5157267,0.48933515,0.5118734
1783532937.4699,47,spine_3_joint,-0.0014770204,0.12865935,-0.011593139,0.48968467,0.50712216,0.5001334,0.50289416
1783532937.4699,47,spine_4_joint,-0.0022522768,0.181697,-0.012667077,0.509196,0.48580787,0.5205731,0.48343924
1783532937.4699,47,spine_5_joint,-0.0032388095,0.25203747,-0.008631648,0.5415053,0.4480523,0.55211097,0.4485469
1783532937.4699,47,spine_6_joint,-0.0042879754,0.34394363,0.010300592,0.5419173,0.44522348,0.5575387,0.44413066
1783532937.4699,47,spine_7_joint,-0.006236208,0.44850066,0.033372406,0.5167623,0.4755053,0.5342424,0.47057006
1783532937.4699,47,left_shoulder_1_joint,0.08058498,0.5625531,0.04110102,-0.7064009,-0.0419347,0.045208186,0.70512086
1783532937.4699,47,left_arm_joint,0.22453171,0.5803942,0.040414624,-0.6566477,0.1527816,-0.16443898,0.7200217
1783532937.4699,47,left_forearm_joint,0.46371603,0.46403933,0.039335996,-0.721509,-0.16056366,-0.22343229,0.6353914
1783532937.4699,47,left_hand_joint,0.6911142,0.45004117,0.18041122,0.9586109,-0.006233572,0.27507064,-0.073229454
1783532937.4699,47,left_handIndexStart_joint,0.7031908,0.4464682,0.20750168,0.9388323,-0.0115332445,0.33639953,-0.0727768
1783532937.4699,47,left_handIndex_1_joint,0.76530343,0.4407967,0.25809464,0.9388323,-0.0115332445,0.33639953,-0.0727768
1783532937.4699,47,left_handIndex_2_joint,0.8014154,0.4374993,0.28750917,0.9388323,-0.0115332445,0.33639953,-0.0727768
1783532937.4699,47,left_handIndex_3_joint,0.8216381,0.43565276,0.3039813,0.9388323,-0.0115332445,0.33639953,-0.0727768
1783532937.4699,47,left_handIndexEnd_joint,0.8360829,0.4343338,0.3157471,0.9388323,-0.0115332445,0.33639953,-0.0727768
1783532937.4699,47,left_handMidStart_joint,0.7114289,0.44809723,0.19786549,0.9593925,-0.0062766233,0.27232444,-0.07325388
1783532937.4699,47,left_handMid_1_joint,0.77616316,0.44414893,0.23751579,0.9593925,-0.0062766233,0.27232444,-0.07325388
1783532937.4699,47,left_handMid_2_joint,0.8216521,0.44137445,0.26537818,0.9593925,-0.0062766233,0.27232444,-0.07325388
1783532937.4699,47,left_handMid_3_joint,0.84789574,0.43977383,0.28145263,0.9593925,-0.0062766233,0.27232444,-0.07325388
1783532937.4699,47,left_handMidEnd_joint,0.86539143,0.4387067,0.29216892,0.9593925,-0.0062766233,0.27232444,-0.07325388
1783532937.4699,47,left_handPinkyStart_joint,0.7253606,0.4489459,0.1739032,0.98205334,-0.032878313,0.16787949,-0.079415955
1783532937.4699,47,left_handPinky_1_joint,0.7851452,0.44315195,0.19451009,0.98205334,-0.032878313,0.16787949,-0.079415955
1783532937.4699,47,left_handPinky_2_joint,0.8220711,0.43957335,0.20723788,0.98205334,-0.032878313,0.16787949,-0.079415955
1783532937.4699,47,left_handPinky_3_joint,0.8414132,0.43769884,0.21390483,0.98205334,-0.032878313,0.16787949,-0.079415955
1783532937.4699,47,left_handPinkyEnd_joint,0.85899687,0.43599474,0.21996568,0.98205334,-0.032878313,0.16787949,-0.079415955
1783532937.4699,47,left_handRingStart_joint,0.71832997,0.44836038,0.186984,0.9721395,-0.01940332,0.2204243,-0.07734069
1783532937.4699,47,left_handRing_1_joint,0.78134114,0.44334358,0.21671036,0.9721395,-0.01940332,0.2204243,-0.07734069
1783532937.4699,47,left_handRing_2_joint,0.8258196,0.43980232,0.23769367,0.9721395,-0.01940332,0.2204243,-0.07734069
1783532937.4699,47,left_handRing_3_joint,0.8536187,0.43758902,0.25080824,0.9721395,-0.01940332,0.2204243,-0.07734069
1783532937.4699,47,left_handRingEnd_joint,0.8721514,0.4361135,0.25955126,0.9721395,-0.01940332,0.2204243,-0.07734069
1783532937.4699,47,left_handThumbStart_joint,0.7010564,0.4350906,0.20700456,-0.53419334,-0.24039471,-0.52570516,0.6168323
1783532937.4699,47,left_handThumb_1_joint,0.7188697,0.41405696,0.25308642,-0.53419334,-0.24039471,-0.52570516,0.6168323
1783532937.4699,47,left_handThumb_2_joint,0.7316002,0.3990228,0.28602585,-0.53419334,-0.24039474,-0.52570516,0.6168323
1783532937.4699,47,left_handThumbEnd_joint,0.7400873,0.38899997,0.30798545,-0.53419334,-0.24039474,-0.52570516,0.6168323
1783532937.4699,47,neck_1_joint,-0.009237641,0.5824515,0.04073782,0.57098585,0.40875775,0.58646524,0.4036714
1783532937.4699,47,neck_2_joint,-0.009899104,0.61065954,0.050929386,0.5658477,0.41548932,0.5814406,0.41123205
1783532937.4699,47,neck_3_joint,-0.01075547,0.6485964,0.06358094,0.55133826,0.433465,0.57052,0.42736548
1783532937.4699,47,neck_4_joint,-0.011826265,0.68722093,0.07392505,0.53433067,0.45312676,0.5586903,0.443883
1783532937.4699,47,head_joint,-0.013418577,0.73255,0.08348232,0.4727689,0.5162197,0.5056734,0.50428283
1783532937.4699,47,jaw_joint,-0.012418656,0.7078051,0.0895395,0.4727689,0.5162197,0.5056734,0.50428283
1783532937.4699,47,chin_joint,-0.012389779,0.6620563,0.19155447,0.4727689,0.5162197,0.5056734,0.50428283
1783532937.4699,47,left_eye_joint,0.015485368,0.7701599,0.16925247,0.47725308,0.5120769,0.51005214,0.49985352
1783532937.4699,47,left_eyeLowerLid_joint,0.015485368,0.7701599,0.16925247,0.47725308,0.5120769,0.51005214,0.49985352
1783532937.4699,47,left_eyeUpperLid_joint,0.015485368,0.7701599,0.16925247,0.47725308,0.5120769,0.51005214,0.49985352
1783532937.4699,47,left_eyeball_joint,0.015485368,0.7701599,0.16925247,0.47725308,0.5120769,0.51005214,0.49985352
1783532937.4699,47,nose_joint,-0.01582754,0.7371225,0.19336084,0.4772557,0.5120744,0.51005477,0.49985084
1783532937.4699,47,right_eye_joint,-0.049070425,0.76723456,0.16795889,0.47725308,0.5120769,0.51005214,0.49985352
1783532937.4699,47,right_eyeLowerLid_joint,-0.049070425,0.76723456,0.16795889,0.47725308,0.5120769,0.51005214,0.49985352
1783532937.4699,47,right_eyeUpperLid_joint,-0.049070425,0.76723456,0.16795889,0.47725308,0.5120769,0.51005214,0.49985352
1783532937.4699,47,right_eyeball_joint,-0.049070425,0.76723456,0.16795889,0.47725308,0.5120769,0.51005214,0.49985352
1783532937.4699,47,right_shoulder_1_joint,-0.098087445,0.55867,0.038651872,0.69631714,-0.02122223,-0.002282261,0.71741647
1783532937.4699,47,right_arm_joint,-0.24300446,0.56343186,0.03469609,0.6846621,0.20303509,0.17417416,0.6779952
1783532937.4699,47,right_forearm_joint,-0.4709225,0.42666206,0.044487737,0.5961669,0.27494642,-0.106921405,0.74669737
1783532937.4699,47,right_hand_joint,-0.69225144,0.3816022,0.18867998,0.026746511,0.28392893,0.08007564,0.9551212
1783532937.4699,47,right_handIndexStart_joint,-0.7039273,0.37739715,0.2146012,0.021259777,0.3486534,0.08234017,0.93338555
1783532937.4699,47,right_handIndex_1_joint,-0.76362365,0.36386192,0.26659045,0.021259777,0.3486534,0.08234017,0.93338555
1783532937.4699,47,right_handIndex_2_joint,-0.79833084,0.35599196,0.2968168,0.021259777,0.3486534,0.08234017,0.93338555
1783532937.4699,47,right_handIndex_3_joint,-0.8177673,0.35158554,0.3137438,0.021259777,0.3486534,0.08234017,0.93338555
1783532937.4699,47,right_handIndexEnd_joint,-0.8316502,0.34843814,0.32583442,0.021259777,0.3486534,0.08234017,0.93338555
1783532937.4699,47,right_handMidStart_joint,-0.71242714,0.3771335,0.20505881,0.026626715,0.28489852,0.08039971,0.95480853
1783532937.4699,47,right_handMid_1_joint,-0.7751201,0.36430922,0.24608932,0.026626715,0.28489852,0.08039971,0.95480853
1783532937.4699,47,right_handMid_2_joint,-0.8191741,0.35529822,0.2749214,0.026626715,0.28489852,0.08039971,0.95480853
1783532937.4699,47,right_handMid_3_joint,-0.84458995,0.35009924,0.29155535,0.026626715,0.28489852,0.08039971,0.95480853
1783532937.4699,47,right_handMidEnd_joint,-0.86153364,0.34663367,0.30264446,0.026626723,0.28489852,0.08039971,0.95480853
1783532937.4699,47,right_handPinkyStart_joint,-0.726565,0.37443104,0.18135598,0.041268874,0.18220386,0.11130812,0.9760681
1783532937.4699,47,right_handPinky_1_joint,-0.78427595,0.35967812,0.20335892,0.041268874,0.18220386,0.11130812,0.9760681
1783532937.4699,47,right_handPinky_2_joint,-0.8199218,0.35056636,0.21694939,0.041268874,0.18220386,0.11130812,0.9760681
1783532937.4699,47,right_handPinky_3_joint,-0.8385929,0.3457929,0.2240679,0.041268885,0.18220386,0.11130812,0.9760681
1783532937.4699,47,right_handPinkyEnd_joint,-0.8555666,0.34145382,0.2305392,0.041268874,0.18220386,0.11130812,0.9760681
1783532937.4699,47,right_handRingStart_joint,-0.7193933,0.37568915,0.19431223,0.034886565,0.23396401,0.09578505,0.9668861
1783532937.4699,47,right_handRing_1_joint,-0.78031564,0.36161083,0.22544843,0.034886565,0.23396401,0.09578505,0.9668861
1783532937.4699,47,right_handRing_2_joint,-0.82331914,0.351673,0.24742667,0.034886565,0.23396401,0.09578505,0.9668861
1783532937.4699,47,right_handRing_3_joint,-0.8501969,0.3454623,0.26116335,0.034886565,0.23396401,0.09578505,0.9668861
1783532937.4699,47,right_handRingEnd_joint,-0.86811554,0.34132078,0.27032122,0.034886565,0.23396401,0.09578505,0.9668861
1783532937.4699,47,right_handThumbStart_joint,-0.6999039,0.36653084,0.2145995,0.5550519,0.57414,-0.21162412,0.56346714
1783532937.4699,47,right_handThumb_1_joint,-0.71339285,0.34511197,0.26195517,0.5550519,0.57414,-0.21162412,0.56346714
1783532937.4699,47,right_handThumb_2_joint,-0.7230324,0.32980332,0.295805,0.5550519,0.57414,-0.21162413,0.56346714
1783532937.4699,47,right_handThumbEnd_joint,-0.729459,0.31959692,0.3183711,0.5550519,0.57414,-0.21162416,0.56346714
1783532937.4699,47,camera,0.111250535,0.07529574,-0.025913982,-0.07452608,-0.07567195,-0.6995414,0.706655
1783532937.5034,48,root,-0.000668976,0.014760079,-0.004125213,0.016682006,-0.0006069998,-0.01198737,0.9997888
1783532937.5034,48,hips_joint,-0.000668976,0.014760079,-0.004125213,0.016682006,-0.0006069998,-0.01198737,0.9997888
1783532937.5034,48,left_upLeg_joint,0.099242285,-0.012641203,-0.0039191083,0.5869912,-0.41812646,0.51997846,-0.45851272
1783532937.5034,48,left_leg_joint,0.14538871,-0.4201434,0.09167624,-0.37391225,0.6050776,-0.32848325,0.62142533
1783532937.5034,48,left_foot_joint,0.16915023,-0.8137689,-0.13989173,0.66748905,-0.24573681,0.64181,-0.28662097
1783532937.5034,48,left_toes_joint,0.1774046,-0.9174899,-0.03319453,0.7019661,-0.1147699,0.68450123,-0.15977955
1783532937.5034,48,left_toesEnd_joint,0.17962343,-0.9405328,0.022874756,0.70196617,-0.1147697,0.6845012,-0.15977976
1783532937.5034,48,right_upLeg_joint,-0.10177966,-0.007812569,-0.0040820944,0.47260335,0.47985595,0.44423634,0.5907946
1783532937.5034,48,right_leg_joint,-0.16274749,-0.41983876,0.057859648,0.6046444,0.30864146,0.6021686,0.42016482
1783532937.5034,48,right_foot_joint,-0.20128231,-0.82192886,-0.15654175,0.28564706,0.6158403,0.21492329,0.7021071
1783532937.5034,48,right_toes_joint,-0.22350256,-0.9193396,-0.045962077,0.16374613,0.65881765,0.077952944,0.73011625
1783532937.5034,48,right_toesEnd_joint,-0.23076749,-0.93933225,0.0108457375,0.16374664,0.6588177,0.07795248,0.7301162
1783532937.5034,48,spine_1_joint,-0.0006689957,0.014760079,-0.004125213,0.49385685,0.50713354,0.49216276,0.5066526
1783532937.5034,48,spine_2_joint,-0.00060092245,0.07229072,-0.0057231802,0.48482013,0.5175702,0.487139,0.50967246
1783532937.5034,48,spine_3_joint,-0.0011975602,0.12975264,-0.008902,0.48987314,0.51094973,0.49640462,0.5025307
1783532937.5034,48,spine_4_joint,-0.0019920138,0.18278128,-0.010344288,0.5074446,0.49136373,0.51534593,0.48526308
1783532937.5034,48,spine_5_joint,-0.002982123,0.25317225,-0.0073161125,0.5389365,0.4548106,0.5456517,0.452724
1783532937.5034,48,spine_6_joint,-0.0038422612,0.3454409,0.009773188,0.5392796,0.4520797,0.54982513,0.44999322
1783532937.5034,48,spine_7_joint,-0.005274746,0.45051152,0.030422663,0.5153826,0.48060256,0.52556765,0.47663468
1783532937.5034,48,left_shoulder_1_joint,0.082504556,0.5639925,0.035162795,-0.7184827,-0.06612738,0.06724197,0.6891213
1783532937.5034,48,left_arm_joint,0.2249741,0.5912181,0.034367226,-0.6883162,0.091838956,-0.1057159,0.7117656
1783532937.5034,48,left_forearm_joint,0.4805284,0.51756155,0.038302854,-0.72702813,-0.22878423,-0.15899494,0.6275414
1783532937.5034,48,left_hand_joint,0.70689803,0.553232,0.17720012,0.9582945,0.087029204,0.2646651,-0.06363854
1783532937.5034,48,left_handIndexStart_joint,0.7194162,0.55371404,0.20432146,0.93924326,0.08215519,0.32600653,-0.06922664
1783532937.5034,48,left_handIndex_1_joint,0.7815718,0.5624832,0.25441706,0.93924326,0.08215519,0.32600653,-0.06922664
1783532937.5034,48,left_handIndex_2_joint,0.81770873,0.56758153,0.2835424,0.93924326,0.08215519,0.32600653,-0.06922664
1783532937.5034,48,left_handIndex_3_joint,0.8379454,0.5704366,0.29985258,0.93924326,0.08215519,0.32600653,-0.06922664
1783532937.5034,48,left_handIndexEnd_joint,0.8524002,0.57247597,0.31150272,0.93924326,0.08215519,0.32600653,-0.06922664
1783532937.5034,48,left_handMidStart_joint,0.7272424,0.5560759,0.19449562,0.9590687,0.08695923,0.261928,-0.06339518
1783532937.5034,48,left_handMid_1_joint,0.7916775,0.5662307,0.23352467,0.9590687,0.08695923,0.261928,-0.06339518
1783532937.5034,48,left_handMid_2_joint,0.83695614,0.5733665,0.26095048,0.9590687,0.08695923,0.261928,-0.06339518
1783532937.5034,48,left_handMid_3_joint,0.8630784,0.5774833,0.27677304,0.9590687,0.08695923,0.261928,-0.06339518
1783532937.5034,48,left_handMidEnd_joint,0.8804933,0.58022785,0.28732142,0.9590687,0.08695923,0.261928,-0.06339518
1783532937.5034,48,left_handPinkyStart_joint,0.7408093,0.5576629,0.17036216,0.9838455,0.058809564,0.15826243,-0.059517715
1783532937.5034,48,left_handPinky_1_joint,0.80069035,0.56381494,0.19058175,0.9838455,0.058809564,0.15826243,-0.059517715
1783532937.5034,48,left_handPinky_2_joint,0.83767575,0.5676147,0.20307033,0.9838455,0.058809564,0.15826243,-0.059517715
1783532937.5034,48,left_handPinky_3_joint,0.8570491,0.56960505,0.20961197,0.9838455,0.058809564,0.15826243,-0.059517715
1783532937.5034,48,left_handPinkyEnd_joint,0.87466115,0.5714145,0.2155589,0.9838455,0.058809564,0.15826243,-0.059517715
1783532937.5034,48,left_handRingStart_joint,0.7339905,0.5567765,0.18353775,0.9728881,0.07318982,0.2103176,-0.062437266
1783532937.5034,48,left_handRing_1_joint,0.79691404,0.5648896,0.21276155,0.9728881,0.07318982,0.2103176,-0.062437266
1783532937.5034,48,left_handRing_2_joint,0.8413307,0.57061654,0.23339012,0.9728881,0.07318982,0.2103176,-0.062437266
1783532937.5034,48,left_handRing_3_joint,0.8690911,0.5741958,0.24628298,0.9728881,0.07318982,0.2103176,-0.062437266
1783532937.5034,48,left_handRingEnd_joint,0.88759804,0.576582,0.25487822,0.9728881,0.07318982,0.2103176,-0.062437266
1783532937.5034,48,left_handThumbStart_joint,0.71929973,0.54213214,0.20463303,-0.5338562,-0.3024302,-0.45935643,0.6422812
1783532937.5034,48,left_handThumb_1_joint,0.74051553,0.52778655,0.2518279,-0.5338562,-0.3024302,-0.45935643,0.6422812
1783532937.5034,48,left_handThumb_2_joint,0.75567806,0.5175326,0.28556287,-0.5338562,-0.3024302,-0.45935643,0.6422812
1783532937.5034,48,left_handThumbEnd_joint,0.76578647,0.51069653,0.30805287,-0.5338562,-0.30243024,-0.45935643,0.6422812
1783532937.5034,48,neck_1_joint,-0.007156613,0.5846085,0.03495412,0.57029456,0.41319185,0.58104384,0.40795198
1783532937.5034,48,neck_2_joint,-0.0076569817,0.6129693,0.04472234,0.5651414,0.4193458,0.577942,0.41321605
1783532937.5034,48,neck_3_joint,-0.008446409,0.65103364,0.056989424,0.55073917,0.4368473,0.56800205,0.4280474
1783532937.5034,48,neck_4_joint,-0.009523366,0.6897313,0.06705579,0.53388876,0.45617792,0.55646276,0.44408774
1783532937.5034,48,head_joint,-0.011140115,0.73511493,0.076346226,0.47198233,0.5191987,0.50343555,0.50420064
1783532937.5034,48,jaw_joint,-0.010077188,0.7104085,0.08254818,0.47198233,0.5191987,0.50343555,0.50420064
1783532937.5034,48,chin_joint,-0.009531724,0.66527706,0.18483631,0.47198233,0.5191987,0.50343555,0.50420064
1783532937.5034,48,left_eye_joint,0.018086152,0.77328396,0.16175938,0.47649238,0.51506263,0.50781363,0.4997909
1783532937.5034,48,left_eyeLowerLid_joint,0.018086152,0.77328396,0.16175938,0.47649238,0.51506263,0.50781363,0.4997909
1783532937.5034,48,left_eyeUpperLid_joint,0.018086152,0.77328396,0.16175938,0.47649238,0.51506263,0.50781363,0.4997909
1783532937.5034,48,left_eyeball_joint,0.018086152,0.77328396,0.16175938,0.47649238,0.51506263,0.50781363,0.4997909
1783532937.5034,48,nose_joint,-0.013071712,0.74034774,0.18620472,0.47649512,0.51506007,0.5078163,0.49978825
1783532937.5034,48,right_eye_joint,-0.04647035,0.77025783,0.16076845,0.47649238,0.51506263,0.50781363,0.4997909
1783532937.5034,48,right_eyeLowerLid_joint,-0.04647035,0.77025783,0.16076845,0.47649238,0.51506263,0.50781363,0.4997909
1783532937.5034,48,right_eyeUpperLid_joint,-0.04647035,0.77025783,0.16076845,0.47649238,0.51506263,0.50781363,0.4997909
1783532937.5034,48,right_eyeball_joint,-0.04647035,0.77025783,0.16076845,0.47649238,0.51506263,0.50781363,0.4997909
1783532937.5034,48,right_shoulder_1_joint,-0.09620555,0.56151146,0.03394668,0.67996365,-0.047387514,-0.03755412,0.7307487
1783532937.5034,48,right_arm_joint,-0.24019416,0.57882005,0.031308834,0.67840016,0.13567695,0.10870454,0.7138266
1783532937.5034,48,right_forearm_joint,-0.49010128,0.48857665,0.04359986,0.5938697,0.19719751,-0.18241982,0.75838983
1783532937.5034,48,right_hand_joint,-0.71939635,0.49995777,0.18181174,0.017875075,0.26727194,-0.027010545,0.9630767
1783532937.5034,48,right_handIndexStart_joint,-0.7323048,0.50020653,0.20748718,0.019732438,0.33259857,-0.025099235,0.9425279
1783532937.5034,48,right_handIndex_1_joint,-0.79474574,0.502952,0.2579186,0.019732438,0.33259857,-0.025099235,0.9425279
1783532937.5034,48,right_handIndex_2_joint,-0.8310488,0.50454754,0.28723928,0.019732438,0.33259857,-0.025099235,0.9425279
1783532937.5034,48,right_handIndex_3_joint,-0.85137874,0.5054419,0.30365902,0.019732438,0.33259857,-0.025099235,0.9425279
1783532937.5034,48,right_handIndexEnd_joint,-0.8658999,0.50608075,0.31538734,0.019732438,0.33259857,-0.025099235,0.9425279
1783532937.5034,48,right_handMidStart_joint,-0.7404494,0.5008957,0.19766048,0.017860383,0.26826507,-0.026695387,0.9628095
1783532937.5034,48,right_handMid_1_joint,-0.80541563,0.50407475,0.23700073,0.017860383,0.26826507,-0.026695387,0.9628095
1783532937.5034,48,right_handMid_2_joint,-0.85106695,0.5063092,0.264645,0.017860383,0.26826507,-0.026695387,0.9628095
1783532937.5034,48,right_handMid_3_joint,-0.8774044,0.50759804,0.28059375,0.017860383,0.26826507,-0.026695387,0.9628095
1783532937.5034,48,right_handMidEnd_joint,-0.8949624,0.5084576,0.29122603,0.017860392,0.26826507,-0.02669539,0.9628095
1783532937.5034,48,right_handPinkyStart_joint,-0.75426334,0.49921748,0.17367373,0.020761704,0.16553076,0.005997374,0.9859679
1783532937.5034,48,right_handPinky_1_joint,-0.81427956,0.49803004,0.19438553,0.020761704,0.16553076,0.005997374,0.9859679
1783532937.5034,48,right_handPinky_2_joint,-0.8513491,0.49729717,0.20717847,0.020761704,0.16553076,0.005997374,0.9859679
1783532937.5034,48,right_handPinky_3_joint,-0.8707661,0.49691248,0.21387929,0.020761715,0.16553076,0.0059973723,0.9859679
1783532937.5034,48,right_handPinkyEnd_joint,-0.8884179,0.49656326,0.21997085,0.020761704,0.16553076,0.005997374,0.9859679
1783532937.5034,48,right_handRingStart_joint,-0.74730134,0.50003165,0.18677896,0.020232305,0.21718785,-0.010564008,0.975863
1783532937.5034,48,right_handRing_1_joint,-0.8105471,0.50085825,0.21641815,0.020232305,0.21718785,-0.010564008,0.975863
1783532937.5034,48,right_handRing_2_joint,-0.8551908,0.5014414,0.2373397,0.020232305,0.21718785,-0.010564008,0.975863
1783532937.5034,48,right_handRing_3_joint,-0.8830935,0.50180644,0.25041592,0.020232305,0.21718785,-0.010564008,0.975863
1783532937.5034,48,right_handRingEnd_joint,-0.9016956,0.5020488,0.25913352,0.020232305,0.21718785,-0.010564008,0.975863
1783532937.5034,48,right_handThumbStart_joint,-0.730557,0.48879024,0.2084248,0.59176606,0.49774033,-0.27997774,0.56892896
1783532937.5034,48,right_handThumb_1_joint,-0.74923193,0.47426388,0.25662765,0.59176606,0.49774033,-0.27997774,0.56892896
1783532937.5034,48,right_handThumb_2_joint,-0.7625782,0.46388152,0.291083,0.59176606,0.49774033,-0.27997774,0.56892896
1783532937.5034,48,right_handThumbEnd_joint,-0.771476,0.4569593,0.3140528,0.59176606,0.49774033,-0.27997774,0.56892896
1783532937.5034,48,camera,0.11126147,0.07557169,-0.025575204,-0.07436141,-0.07581717,-0.69945514,0.7067423
1783532937.5372,49,root,-0.00077848905,0.015781384,-0.0023453522,0.022303771,-0.00014182425,-0.015032818,0.9996382
1783532937.5372,49,hips_joint,-0.00077848905,0.015781384,-0.0023453522,0.022303771,-0.00014182425,-0.015032818,0.9996382
1783532937.5372,49,left_upLeg_joint,0.098964594,-0.012226008,-0.0025407607,0.58646405,-0.41648716,0.5067794,-0.47515577
1783532937.5372,49,left_leg_joint,0.1576771,-0.4207393,0.08109965,-0.3834846,0.5932636,-0.30933338,0.6366245
1783532937.5372,49,left_foot_joint,0.20555818,-0.8089347,-0.15584156,0.667739,-0.23053354,0.6361082,-0.31039536
1783532937.5372,49,left_toes_joint,0.21814261,-0.91366863,-0.050566185,0.6993299,-0.09979486,0.6834088,-0.18420368
1783532937.5372,49,left_toesEnd_joint,0.22093257,-0.93740815,0.0051860763,0.69933,-0.099794656,0.68340874,-0.1842039
1783532937.5372,49,right_upLeg_joint,-0.10202437,-0.006176597,-0.0024622306,0.4860377,0.46449092,0.42920062,0.6031605
1783532937.5372,49,right_leg_joint,-0.18627258,-0.4143312,0.057800345,0.6170778,0.2820955,0.593566,0.43280092
1783532937.5372,49,right_foot_joint,-0.24855822,-0.8085029,-0.1655346,0.31180528,0.6026106,0.20035869,0.70674914
1783532937.5372,49,right_toes_joint,-0.277386,-0.906715,-0.057211876,0.1919377,0.6507857,0.06277251,0.73191357
1783532937.5372,49,right_toesEnd_joint,-0.28618625,-0.92744297,-0.0008867359,0.1919382,0.6507857,0.06277206,0.7319135
1783532937.5372,49,spine_1_joint,-0.0007785088,0.015781384,-0.0023453522,0.4991466,0.5025416,0.4917617,0.5064338
1783532937.5372,49,spine_2_joint,-0.00013133585,0.07332121,-0.0033862314,0.48981652,0.5135374,0.4846307,0.5113635
1783532937.5372,49,spine_3_joint,3.1260846e-05,0.13080058,-0.00628968,0.49376774,0.5080137,0.49154022,0.5064622
1783532937.5372,49,spine_4_joint,6.419122e-05,0.1838322,-0.007837069,0.5098905,0.48972628,0.5083878,0.49165216
1783532937.5372,49,spine_5_joint,0.00030411183,0.25425476,-0.0054602944,0.5400062,0.45451725,0.53725016,0.46170288
1783532937.5372,49,spine_6_joint,0.0012007946,0.34678513,0.010147551,0.5396,0.45268443,0.54072225,0.45992178
1783532937.5372,49,spine_7_joint,0.0017760986,0.45224303,0.028764343,0.5157942,0.48088908,0.5170313,0.4851601
1783532937.5372,49,left_shoulder_1_joint,0.09149962,0.5642605,0.03148238,-0.724824,-0.09553134,0.08410698,0.67707443
1783532937.5372,49,left_arm_joint,0.2318497,0.6008681,0.03256128,-0.70439243,0.03013099,-0.055775538,0.7069742
1783532937.5372,49,left_forearm_joint,0.49569824,0.56860083,0.04212936,-0.7181917,-0.28309503,-0.11429717,0.6252953
1783532937.5372,49,left_hand_joint,0.71371526,0.639263,0.18099439,0.94988555,0.15730351,0.26165298,-0.06716279
1783532937.5372,49,left_handIndexStart_joint,0.725801,0.6422654,0.20814994,0.9310881,0.15205996,0.32245952,-0.07728351
1783532937.5372,49,left_handIndex_1_joint,0.78569627,0.6610035,0.2582621,0.9310881,0.15205996,0.32245952,-0.07728351
1783532937.5372,49,left_handIndex_2_joint,0.82051903,0.6718977,0.2873971,0.9310881,0.15205996,0.32245952,-0.07728351
1783532937.5372,49,left_handIndex_3_joint,0.8400198,0.6779985,0.30371267,0.9310881,0.15205996,0.32245952,-0.07728351
1783532937.5372,49,left_handIndexEnd_joint,0.85394895,0.6823562,0.31536666,0.9310881,0.15205996,0.32245952,-0.07728351
1783532937.5372,49,left_handMidStart_joint,0.73331535,0.6453965,0.19829568,0.9506687,0.15724549,0.25894335,-0.06671931
1783532937.5372,49,left_handMid_1_joint,0.79537725,0.6654966,0.23731574,0.9506687,0.15724549,0.25894335,-0.06671931
1783532937.5372,49,left_handMid_2_joint,0.8389883,0.67962104,0.26473522,0.9506687,0.15724549,0.25894335,-0.06671931
1783532937.5372,49,left_handMid_3_joint,0.86414856,0.6877698,0.28055418,0.9506687,0.15724549,0.25894335,-0.06671931
1783532937.5372,49,left_handMidEnd_joint,0.880922,0.6932022,0.29110014,0.9506687,0.15724549,0.25894335,-0.06671931
1783532937.5372,49,left_handPinkyStart_joint,0.74675167,0.64813393,0.1741923,0.9776364,0.12931792,0.15631446,-0.055406228
1783532937.5372,49,left_handPinky_1_joint,0.80502594,0.6630904,0.19451067,0.9776364,0.12931792,0.15631446,-0.055406228
1783532937.5372,49,left_handPinky_2_joint,0.8410189,0.67232823,0.20706023,0.9776364,0.12931792,0.15631446,-0.055406228
1783532937.5372,49,left_handPinky_3_joint,0.85987234,0.6771671,0.21363382,0.9776364,0.12931792,0.15631446,-0.055406228
1783532937.5372,49,left_handPinkyEnd_joint,0.87701184,0.68156606,0.21960981,0.9776364,0.12931792,0.15631446,-0.055406228
1783532937.5372,49,left_handRingStart_joint,0.74000114,0.64670086,0.18735497,0.9655726,0.14369217,0.20778333,-0.062034044
1783532937.5372,49,left_handRing_1_joint,0.8009366,0.6642833,0.21662883,0.9655726,0.14369217,0.20778333,-0.062034044
1783532937.5372,49,left_handRing_2_joint,0.84394985,0.6766944,0.23729274,0.9655726,0.14369217,0.20778333,-0.062034044
1783532937.5372,49,left_handRing_3_joint,0.87083316,0.68445134,0.2502077,0.9655726,0.14369217,0.20778333,-0.062034044
1783532937.5372,49,left_handRingEnd_joint,0.8887554,0.68962264,0.25881764,0.9655726,0.14369217,0.20778333,-0.062034044
1783532937.5372,49,left_handThumbStart_joint,0.72728056,0.63079256,0.20881183,-0.5195769,-0.34773,-0.4111053,0.66341263
1783532937.5372,49,left_handThumb_1_joint,0.74984396,0.6209064,0.25652367,-0.5195769,-0.34773,-0.4111053,0.66341263
1783532937.5372,49,left_handThumb_2_joint,0.7659698,0.61383975,0.29062817,-0.5195769,-0.34773,-0.4111053,0.66341263
1783532937.5372,49,left_handThumbEnd_joint,0.7767204,0.6091286,0.3133645,-0.5195769,-0.34773,-0.4111053,0.66341263
1783532937.5372,49,neck_1_joint,0.0022058338,0.58641,0.031029498,0.57046384,0.41321862,0.5755619,0.4153911
1783532937.5372,49,neck_2_joint,0.002084567,0.61489856,0.040430892,0.56514835,0.41919178,0.5738714,0.4189955
1783532937.5372,49,neck_3_joint,0.0016805618,0.653087,0.05232553,0.5507142,0.43656597,0.5646765,0.43274048
1783532937.5372,49,neck_4_joint,0.0009246081,0.6918695,0.062089972,0.5340092,0.45573726,0.5532994,0.44832733
1783532937.5372,49,head_joint,-0.00033066093,0.7373271,0.071069755,0.472174,0.51880485,0.4997912,0.5080371
1783532937.5372,49,jaw_joint,0.00052737177,0.7126558,0.0774407,0.472174,0.51880485,0.4997912,0.5080371
1783532937.5372,49,chin_joint,0.0006331104,0.66822,0.1800343,0.472174,0.51880485,0.4997912,0.5080371
1783532937.5372,49,left_eye_joint,0.029142728,0.7758395,0.15624352,0.47668067,0.51466715,0.50420296,0.50365895
1783532937.5372,49,left_eyeLowerLid_joint,0.029142728,0.7758395,0.15624352,0.47668067,0.51466715,0.50420296,0.50365895
1783532937.5372,49,left_eyeUpperLid_joint,0.029142728,0.7758395,0.15624352,0.47668067,0.51466715,0.50420296,0.50365895
1783532937.5372,49,left_eyeball_joint,0.029142728,0.7758395,0.15624352,0.47668067,0.51466715,0.50420296,0.50365895
1783532937.5372,49,nose_joint,-0.0022988408,0.7433244,0.18088847,0.47668338,0.5146646,0.5042056,0.50365627
1783532937.5372,49,right_eye_joint,-0.035435446,0.77333003,0.15522316,0.47668067,0.51466715,0.50420296,0.50365895
1783532937.5372,49,right_eyeLowerLid_joint,-0.035435446,0.77333003,0.15522316,0.47668067,0.51466715,0.50420296,0.50365895
1783532937.5372,49,right_eyeUpperLid_joint,-0.035435446,0.77333003,0.15522316,0.47668067,0.51466715,0.50420296,0.50365895
1783532937.5372,49,right_eyeball_joint,-0.035435446,0.77333003,0.15522316,0.47668067,0.51466715,0.50420296,0.50365895
1783532937.5372,49,right_shoulder_1_joint,-0.08722827,0.564835,0.030516548,0.6628929,-0.076419674,-0.08350151,0.74010843
1783532937.5372,49,right_arm_joint,-0.22856058,0.597459,0.030166605,0.67011994,0.07002846,0.021798262,0.7386204
1783532937.5372,49,right_forearm_joint,-0.49168494,0.5639298,0.049911804,0.58837587,0.13237852,-0.2673286,0.7515486
1783532937.5372,49,right_hand_joint,-0.71196294,0.6298624,0.18753004,0.017604588,0.26660448,-0.13383071,0.95430684
1783532937.5372,49,right_handIndexStart_joint,-0.7242096,0.63419807,0.21316482,0.026779454,0.33134508,-0.13169256,0.9338899
1783532937.5372,49,right_handIndex_1_joint,-0.7840998,0.65252686,0.26343367,0.026779454,0.33134508,-0.13169256,0.9338899
1783532937.5372,49,right_handIndex_2_joint,-0.81891996,0.6631825,0.29265985,0.026779454,0.33134508,-0.13169256,0.9338899
1783532937.5372,49,right_handIndex_3_joint,-0.8384194,0.6691506,0.30902663,0.026779454,0.33134508,-0.13169256,0.9338899
1783532937.5372,49,right_handIndexEnd_joint,-0.8523473,0.67341346,0.32071713,0.026779454,0.33134508,-0.13169256,0.9338899
1783532937.5372,49,right_handMidStart_joint,-0.7321686,0.63598925,0.2033252,0.017701127,0.26760155,-0.1335183,0.95406973
1783532937.5372,49,right_handMid_1_joint,-0.79458696,0.6546356,0.24249958,0.017701127,0.26760155,-0.1335183,0.95406973
1783532937.5372,49,right_handMid_2_joint,-0.8384478,0.6677388,0.27002728,0.017701127,0.26760155,-0.1335183,0.95406973
1783532937.5372,49,right_handMid_3_joint,-0.86375225,0.67529815,0.2859088,0.017701127,0.26760155,-0.1335183,0.95406973
1783532937.5372,49,right_handMidEnd_joint,-0.8806216,0.68033797,0.29649624,0.017701134,0.26760155,-0.1335183,0.95406973
1783532937.5372,49,right_handPinkyStart_joint,-0.7463467,0.6358334,0.17949319,0.009453038,0.16617948,-0.10046474,0.9809189
1783532937.5372,49,right_handPinky_1_joint,-0.80505836,0.64814955,0.20031609,0.009453038,0.16617948,-0.10046474,0.9809189
1783532937.5372,49,right_handPinky_2_joint,-0.841322,0.6557573,0.21317762,0.009453038,0.16617948,-0.10046474,0.9809189
1783532937.5372,49,right_handPinky_3_joint,-0.86031705,0.6597414,0.2199144,0.009453048,0.16617948,-0.10046474,0.9809189
1783532937.5372,49,right_handPinkyEnd_joint,-0.8775851,0.6633638,0.22603866,0.009453038,0.16617948,-0.10046474,0.9809189
1783532937.5372,49,right_handRingStart_joint,-0.73919433,0.6359382,0.19252056,0.014479885,0.21708302,-0.11736885,0.96896327
1783532937.5372,49,right_handRing_1_joint,-0.8005375,0.65138716,0.22214374,0.014479885,0.21708302,-0.11736885,0.96896327
1783532937.5372,49,right_handRing_2_joint,-0.84383833,0.66229194,0.24305405,0.014479885,0.21708302,-0.11736885,0.96896327
1783532937.5372,49,right_handRing_3_joint,-0.87090164,0.66910803,0.2561232,0.014479885,0.21708302,-0.11736885,0.96896327
1783532937.5372,49,right_handRingEnd_joint,-0.8889444,0.67365116,0.2648361,0.014479885,0.21708302,-0.11736885,0.96896327
1783532937.5372,49,right_handThumbStart_joint,-0.72482365,0.62273735,0.21475805,0.6223352,0.42792913,-0.35341123,0.5519749
1783532937.5372,49,right_handThumb_1_joint,-0.7454436,0.61508644,0.2637434,0.6223352,0.42792913,-0.35341123,0.5519749
1783532937.5372,49,right_handThumb_2_joint,-0.76017994,0.6096181,0.29875803,0.6223352,0.42792913,-0.35341123,0.5519749
1783532937.5372,49,right_handThumbEnd_joint,-0.7700046,0.605972,0.3221007,0.6223352,0.42792913,-0.35341123,0.5519749
1783532937.5372,49,camera,0.11106751,0.07508215,-0.025042063,-0.07439821,-0.075754985,-0.6994829,0.70671755
1783532937.5699,50,root,-0.00054807344,0.016376413,-0.0011637828,0.029325133,0.0041898866,-0.015576426,0.9994398
1783532937.5699,50,hips_joint,-0.00054807344,0.016376413,-0.0011637828,0.029325133,0.0041898866,-0.015576426,0.9994398
1783532937.5699,50,left_upLeg_joint,0.0991629,-0.011708915,-0.0026018685,0.591697,-0.41475895,0.47949338,-0.49795172
1783532937.5699,50,left_leg_joint,0.18175018,-0.41948295,0.062403373,-0.39797336,0.58453125,-0.2775701,0.65030414
1783532937.5699,50,left_foot_joint,0.25608826,-0.7973396,-0.1842291,0.67375946,-0.2147244,0.61953986,-0.34075207
1783532937.5699,50,left_toes_joint,0.27697173,-0.9033853,-0.08161979,0.7022449,-0.08313118,0.67289454,-0.21715045
1783532937.5699,50,left_toesEnd_joint,0.28186157,-0.928195,-0.026481519,0.7022449,-0.08313096,0.6728944,-0.21715064
1783532937.5699,50,right_upLeg_joint,-0.1018123,-0.005492902,-0.00073333737,0.5007248,0.45191956,0.40761128,0.6155458
1783532937.5699,50,right_leg_joint,-0.210978,-0.4073764,0.061652593,0.6308845,0.25962558,0.5757035,0.450716
1783532937.5699,50,right_foot_joint,-0.3034994,-0.7945073,-0.16351147,0.33653092,0.5934365,0.17524919,0.7098365
1783532937.5699,50,right_toes_joint,-0.3384089,-0.8911121,-0.05553314,0.21795401,0.6464643,0.037532955,0.7301858
1783532937.5699,50,right_toesEnd_joint,-0.34819636,-0.9115309,0.00074203016,0.2179545,0.64646417,0.037532505,0.7301857
1783532937.5699,50,spine_1_joint,-0.0005480932,0.016376415,-0.0011637827,0.5056371,0.49977836,0.49186167,0.50261796
1783532937.5699,50,spine_2_joint,0.00040655863,0.07392065,-0.0014508646,0.49557,0.5110691,0.48297912,0.5098527
1783532937.5699,50,spine_3_joint,0.0010441805,0.13141812,-0.0038934106,0.49759647,0.50683236,0.48763135,0.50767547
1783532937.5699,50,spine_4_joint,0.0016104389,0.1844465,-0.0054492415,0.5112086,0.49044716,0.5023641,0.4957398
1783532937.5699,50,spine_5_joint,0.0026079535,0.25488186,-0.003744521,0.5387151,0.45752358,0.5299754,0.4685986
1783532937.5699,50,spine_6_joint,0.004447992,0.34767163,0.010146535,0.5356956,0.4579719,0.53329325,0.4678571
1783532937.5699,50,spine_7_joint,0.0057012723,0.45354986,0.026162399,0.50951123,0.48721534,0.51109743,0.4917309
1783532937.5699,50,left_shoulder_1_joint,0.09542216,0.5656024,0.026115498,-0.73071474,-0.13376532,0.10232384,0.66158354
1783532937.5699,50,left_arm_joint,0.23224375,0.6135965,0.030097812,-0.7140315,-0.041210588,-0.010802196,0.6988163
1783532937.5699,50,left_forearm_joint,0.49726462,0.6252344,0.049521063,-0.6995162,-0.34790105,-0.081105396,0.61892164
1783532937.5699,50,left_hand_joint,0.6968418,0.7287591,0.195328,0.9311349,0.22903521,0.27414626,-0.07331172
1783532937.5699,50,left_handIndexStart_joint,0.70720863,0.73391175,0.22286858,0.9116118,0.22325465,0.33371574,-0.08806353
1783532937.5699,50,left_handIndex_1_joint,0.76162565,0.76188123,0.27489048,0.9116118,0.22325465,0.33371574,-0.08806353
1783532937.5699,50,left_handIndex_2_joint,0.79326344,0.77814263,0.3051358,0.9116118,0.22325465,0.33371574,-0.08806353
1783532937.5699,50,left_handIndex_3_joint,0.81098056,0.78724897,0.32207316,0.9116118,0.22325465,0.33371574,-0.08806353
1783532937.5699,50,left_handIndexEnd_joint,0.8236357,0.7937535,0.3341713,0.9116118,0.22325465,0.33371574,-0.08806353
1783532937.5699,50,left_handMidStart_joint,0.7146106,0.7379283,0.21325326,0.9319715,0.22899823,0.27149296,-0.07266841
1783532937.5699,50,left_handMid_1_joint,0.7714471,0.7673751,0.2542503,0.9319715,0.22899823,0.27149296,-0.07266841
1783532937.5699,50,left_handMid_2_joint,0.81138635,0.7880674,0.28305903,0.9319715,0.22899823,0.27149296,-0.07266841
1783532937.5699,50,left_handMid_3_joint,0.83442813,0.80000526,0.29967946,0.9319715,0.22899823,0.27149296,-0.07266841
1783532937.5699,50,left_handMidEnd_joint,0.8497894,0.80796385,0.31075972,0.9319715,0.22899823,0.27149296,-0.07266841
1783532937.5699,50,left_handPinkyStart_joint,0.7285306,0.7421728,0.18964773,0.9628761,0.20185873,0.17079619,-0.054327283
1783532937.5699,50,left_handPinky_1_joint,0.78315216,0.76567924,0.2119268,0.9628761,0.20185873,0.17079619,-0.054327283
1783532937.5699,50,left_handPinky_2_joint,0.81688905,0.7801979,0.2256874,0.9628761,0.20185873,0.17079619,-0.054327283
1783532937.5699,50,left_handPinky_3_joint,0.8345607,0.78780293,0.23289533,0.9628761,0.20185873,0.17079619,-0.054327283
1783532937.5699,50,left_handPinkyEnd_joint,0.8506258,0.79471666,0.23944801,0.9628761,0.20185873,0.17079619,-0.054327283
1783532937.5699,50,left_handRingStart_joint,0.72150046,0.7400004,0.20256045,0.94881666,0.21596128,0.22125404,-0.0644552
1783532937.5699,50,left_handRing_1_joint,0.7779973,0.76663435,0.23383288,0.94881666,0.21596128,0.22125404,-0.0644552
1783532937.5699,50,left_handRing_2_joint,0.8178775,0.7854348,0.25590754,0.94881666,0.21596128,0.22125404,-0.0644552
1783532937.5699,50,left_handRing_3_joint,0.8428026,0.79718506,0.2697042,0.94881666,0.21596128,0.22125404,-0.0644552
1783532937.5699,50,left_handRingEnd_joint,0.8594193,0.80501854,0.27890196,0.94881666,0.21596128,0.22125404,-0.0644552
1783532937.5699,50,left_handThumbStart_joint,0.710283,0.722783,0.2238446,-0.49107078,-0.40174654,-0.36960658,0.6788522
1783532937.5699,50,left_handThumb_1_joint,0.731978,0.7170252,0.27262405,-0.49107078,-0.40174654,-0.36960658,0.6788522
1783532937.5699,50,left_handThumb_2_joint,0.7474832,0.71290904,0.3074916,-0.49107078,-0.40174654,-0.36960658,0.6788522
1783532937.5699,50,left_handThumbEnd_joint,0.75782,0.710165,0.3307366,-0.49107078,-0.40174654,-0.36960658,0.6788522
1783532937.5699,50,neck_1_joint,0.0061283945,0.5877314,0.025056629,0.5650093,0.4199699,0.5720376,0.42090705
1783532937.5699,50,neck_2_joint,0.005912292,0.61641514,0.03384292,0.5595947,0.42572036,0.571373,0.4232598
1783532937.5699,50,neck_3_joint,0.0052958988,0.6548207,0.045006685,0.54500264,0.44284514,0.56255126,0.43634447
1783532937.5699,50,neck_4_joint,0.004289844,0.6937662,0.054075386,0.5281626,0.46177787,0.5511632,0.4516907
1783532937.5699,50,head_joint,0.0027391124,0.739365,0.062257357,0.46566418,0.5241307,0.49723318,0.51108015
1783532937.5699,50,jaw_joint,0.0037362336,0.7148144,0.06905988,0.46566418,0.5241307,0.49723318,0.51108015
1783532937.5699,50,chin_joint,0.0039201975,0.67217815,0.17241417,0.46566418,0.5241307,0.49723318,0.51108015
1783532937.5699,50,left_eye_joint,0.031814862,0.7795394,0.1467977,0.47021756,0.5200497,0.50167155,0.50672424
1783532937.5699,50,left_eyeLowerLid_joint,0.031814862,0.7795394,0.1467977,0.47021756,0.5200497,0.50167155,0.50672424
1783532937.5699,50,left_eyeUpperLid_joint,0.031814862,0.7795394,0.1467977,0.47021756,0.5200497,0.50167155,0.50672424
1783532937.5699,50,left_eyeball_joint,0.031814862,0.7795394,0.1467977,0.47021756,0.5200497,0.50167155,0.50672424
1783532937.5699,50,nose_joint,0.0005265459,0.74726653,0.17195088,0.4702202,0.520047,0.5016741,0.5067216
1783532937.5699,50,right_eye_joint,-0.032744683,0.7766149,0.14570616,0.47021756,0.5200497,0.50167155,0.50672424
1783532937.5699,50,right_eyeLowerLid_joint,-0.032744683,0.7766149,0.14570616,0.47021756,0.5200497,0.50167155,0.50672424
1783532937.5699,50,right_eyeUpperLid_joint,-0.032744683,0.7766149,0.14570616,0.47021756,0.5200497,0.50167155,0.50672424
1783532937.5699,50,right_eyeball_joint,-0.032744683,0.7766149,0.14570616,0.47021756,0.5200497,0.50167155,0.50672424
1783532937.5699,50,right_shoulder_1_joint,-0.0833052,0.5661482,0.025036033,0.63923985,-0.09530613,-0.1212919,0.7533774
1783532937.5699,50,right_arm_joint,-0.2214515,0.6103308,0.026699206,0.6461706,0.023457281,-0.059084635,0.76054096
1783532937.5699,50,right_forearm_joint,-0.48528758,0.62617236,0.05649972,0.5665227,0.078217685,-0.3332191,0.74959934
1783532937.5699,50,right_hand_joint,-0.6904711,0.7362916,0.18909594,0.0013250712,0.2630037,-0.21904805,0.9395985
1783532937.5699,50,right_handIndexStart_joint,-0.7015147,0.7444402,0.21434586,0.016374327,0.32676542,-0.2178342,0.9195132
1783532937.5699,50,right_handIndex_1_joint,-0.75705296,0.77575314,0.26317966,0.016374327,0.32676542,-0.2178342,0.9195132
1783532937.5699,50,right_handIndex_2_joint,-0.789343,0.7939579,0.2915716,0.016374327,0.32676542,-0.2178342,0.9195132
1783532937.5699,50,right_handIndex_3_joint,-0.80742544,0.80415344,0.30747107,0.016374327,0.32676542,-0.2178342,0.9195132
1783532937.5699,50,right_handIndexEnd_joint,-0.82034117,0.8114358,0.3188278,0.016374327,0.32676542,-0.2178342,0.9195132
1783532937.5699,50,right_handMidStart_joint,-0.70923424,0.7467113,0.20441484,0.0015104377,0.26400027,-0.21875681,0.93938655
1783532937.5699,50,right_handMid_1_joint,-0.7673785,0.7778926,0.24216847,0.0015104377,0.26400027,-0.21875681,0.93938655
1783532937.5699,50,right_handMid_2_joint,-0.808236,0.799804,0.2686978,0.0015104377,0.26400027,-0.21875681,0.93938655
1783532937.5699,50,right_handMid_3_joint,-0.8318078,0.812445,0.28400332,0.0015104377,0.26400027,-0.21875681,0.93938655
1783532937.5699,50,right_handMidEnd_joint,-0.84752196,0.8208725,0.29420674,0.0015104496,0.26400027,-0.21875681,0.93938655
1783532937.5699,50,right_handPinkyStart_joint,-0.7236018,0.7469831,0.18069771,-0.015615008,0.16500689,-0.18401614,0.9688483
1783532937.5699,50,right_handPinky_1_joint,-0.7793441,0.7699526,0.20063601,-0.015615008,0.16500689,-0.18401614,0.9688483
1783532937.5699,50,right_handPinky_2_joint,-0.81377363,0.78414047,0.21295114,-0.015615008,0.16500689,-0.18401614,0.9688483
1783532937.5699,50,right_handPinky_3_joint,-0.8318081,0.7915713,0.21940179,-0.0156149985,0.16500689,-0.18401614,0.9688483
1783532937.5699,50,right_handPinkyEnd_joint,-0.8482028,0.798327,0.22526586,-0.015615008,0.16500689,-0.18401614,0.9688483
1783532937.5699,50,right_handRingStart_joint,-0.7163353,0.74694824,0.19366206,-0.0061958684,0.21461557,-0.20188957,0.9555849
1783532937.5699,50,right_handRing_1_joint,-0.7740575,0.774086,0.22213794,-0.0061958684,0.21461557,-0.20188957,0.9555849
1783532937.5699,50,right_handRing_2_joint,-0.8148024,0.7932416,0.24223839,-0.0061958684,0.21461557,-0.20188957,0.9555849
1783532937.5699,50,right_handRing_3_joint,-0.8402681,0.8052146,0.25480133,-0.0061958684,0.21461557,-0.20188957,0.9555849
1783532937.5699,50,right_handRingEnd_joint,-0.8572459,0.81319577,0.26317686,-0.0061958684,0.21461557,-0.20188957,0.9555849
1783532937.5699,50,right_handThumbStart_joint,-0.70389867,0.7333745,0.21682175,0.6310241,0.36579558,-0.41471216,0.54407364
1783532937.5699,50,right_handThumb_1_joint,-0.724758,0.7328171,0.26629755,0.6310241,0.36579558,-0.41471216,0.54407364
1783532937.5699,50,right_handThumb_2_joint,-0.73966557,0.7324189,0.3016627,0.6310241,0.36579558,-0.41471216,0.54407364
1783532937.5699,50,right_handThumbEnd_joint,-0.7496044,0.7321528,0.32523912,0.6310241,0.36579558,-0.41471216,0.54407364
1783532937.5699,50,camera,0.111100875,0.07512552,-0.02472396,-0.07433244,-0.07568697,-0.6995021,0.7067127
1783532937.6046,51,root,-0.0010467004,0.016536074,-0.00028663545,0.045304008,0.007942265,-0.017238615,0.998793
1783532937.6046,51,hips_joint,-0.0010467004,0.016536074,-0.00028663545,0.045304008,0.007942265,-0.017238615,0.998793
1783532937.6046,51,left_upLeg_joint,0.09855645,-0.011801807,-0.0033381213,-0.5847691,0.42526162,-0.45062935,0.52357507
1783532937.6046,51,left_leg_joint,0.19632408,-0.41994807,0.031072365,-0.40233725,0.5794248,-0.25241408,0.6623284
1783532937.6046,51,left_foot_joint,0.28829214,-0.78607255,-0.22704431,0.67404574,-0.20801347,0.607152,-0.36573106
1783532937.6046,51,left_toes_joint,0.31455058,-0.8940505,-0.12773807,0.701254,-0.07648761,0.66546565,-0.24402459
1783532937.6046,51,left_toesEnd_joint,0.32077533,-0.920259,-0.07338707,0.701254,-0.07648741,0.66546565,-0.24402478
1783532937.6046,51,right_upLeg_joint,-0.1023785,-0.005017507,0.00016708414,0.5209913,0.4354558,0.39382258,0.6195564
1783532937.6046,51,right_leg_joint,-0.23315491,-0.40157276,0.054581806,0.64553136,0.23907365,0.55755186,0.4639709
1783532937.6046,51,right_foot_joint,-0.35386434,-0.77932435,-0.17315139,0.36073503,0.58629024,0.1527859,0.7090771
1783532937.6046,51,right_toes_joint,-0.393483,-0.87465465,-0.06566676,0.2430738,0.64403516,0.015620774,0.72518265
1783532937.6046,51,right_toesEnd_joint,-0.4037921,-0.8950213,-0.009465895,0.2430743,0.64403516,0.015620336,0.7251825
1783532937.6046,51,spine_1_joint,-0.0010467201,0.016536074,-0.0002866351,0.5159567,0.4925435,0.49624148,0.49490824
1783532937.6046,51,spine_2_joint,0.00023617684,0.074057296,0.0011263234,0.5040903,0.5054666,0.48503,0.5051163
1783532937.6046,51,spine_3_joint,0.0013008397,0.13158683,-0.0001191739,0.5026185,0.50422776,0.48592716,0.5069557
1783532937.6046,51,spine_4_joint,0.0023225874,0.18461744,-0.0013272401,0.5117238,0.4919304,0.49634376,0.49978617
1783532937.6046,51,spine_5_joint,0.003961181,0.2550554,-0.0004043892,0.5343937,0.4641406,0.5201253,0.47798157
1783532937.6046,51,spine_6_joint,0.0065993015,0.34820387,0.010671727,0.52665627,0.46947163,0.5201365,0.4813397
1783532937.6046,51,spine_7_joint,0.008538331,0.45471033,0.021667235,0.49589893,0.50192946,0.49530354,0.5067796
1783532937.6046,51,left_shoulder_1_joint,0.09854968,0.56632006,0.014823639,-0.75733346,-0.184875,0.11414173,0.61582375
1783532937.6046,51,left_arm_joint,0.2299047,0.62732893,0.022774415,-0.7466607,-0.154022,0.01989216,0.64682263
1783532937.6046,51,left_forearm_joint,0.48306075,0.6953517,0.06787092,-0.68898815,-0.47141352,-0.0354284,0.5493721
1783532937.6046,51,left_hand_joint,0.63125587,0.85899305,0.21975178,0.8808708,0.3551657,0.3119988,-0.024103105
1783532937.6046,51,left_handIndexStart_joint,0.6359493,0.8696501,0.24726364,0.8590778,0.35232872,0.36827776,-0.047133896
1783532937.6046,51,left_handIndex_1_joint,0.6745363,0.9154784,0.3007482,0.8590778,0.35232872,0.36827776,-0.047133896
1783532937.6046,51,left_handIndex_2_joint,0.6969706,0.94212276,0.33184385,0.8590778,0.35232872,0.36827776,-0.047133896
1783532937.6046,51,left_handIndex_3_joint,0.70953375,0.95704365,0.3492574,0.8590778,0.35232872,0.36827776,-0.047133896
1783532937.6046,51,left_handIndexEnd_joint,0.71850747,0.9677014,0.3616957,0.8590778,0.35232872,0.36827776,-0.047133896
1783532937.6046,51,left_handMidStart_joint,0.6437044,0.87410396,0.2381314,0.8818429,0.35499814,0.30950835,-0.02311361
1783532937.6046,51,left_handMid_1_joint,0.68599623,0.9206097,0.2808735,0.8818429,0.35499814,0.30950835,-0.02311361
1783532937.6046,51,left_handMid_2_joint,0.71571475,0.9532894,0.3109085,0.8818429,0.35499814,0.30950835,-0.02311361
1783532937.6046,51,left_handMid_3_joint,0.7328601,0.97214305,0.32823634,0.8818429,0.35499814,0.30950835,-0.02311361
1783532937.6046,51,left_handMidEnd_joint,0.7442903,0.9847122,0.3397883,0.8818429,0.35499814,0.30950835,-0.02311361
1783532937.6046,51,left_handPinkyStart_joint,0.65983903,0.87862885,0.21603608,0.92121625,0.3235165,0.21599655,0.006586259
1783532937.6046,51,left_handPinky_1_joint,0.7041226,0.91666,0.24103642,0.92121625,0.3235165,0.21599655,0.006586259
1783532937.6046,51,left_handPinky_2_joint,0.7314743,0.94014984,0.2564778,0.92121625,0.3235165,0.21599655,0.006586259
1783532937.6046,51,left_handPinky_3_joint,0.7458014,0.952454,0.26456612,0.92121625,0.3235165,0.21599655,0.006586259
1783532937.6046,51,left_handPinkyEnd_joint,0.75882596,0.96363956,0.27191916,0.92121625,0.3235165,0.21599655,0.006586259
1783532937.6046,51,left_handRingStart_joint,0.65154517,0.8764338,0.22817165,0.9029044,0.3400152,0.26281342,-0.009090869
1783532937.6046,51,left_handRing_1_joint,0.69559616,0.918989,0.26175436,0.9029044,0.3400152,0.26281342,-0.009090869
1783532937.6046,51,left_handRing_2_joint,0.72669095,0.949028,0.2854598,0.9029044,0.3400152,0.26281342,-0.009090869
1783532937.6046,51,left_handRing_3_joint,0.7461252,0.96780235,0.3002757,0.9029044,0.3400152,0.26281342,-0.009090869
1783532937.6046,51,left_handRingEnd_joint,0.7590814,0.9803186,0.31015295,0.9029044,0.3400152,0.26281342,-0.009090869
1783532937.6046,51,left_handThumbStart_joint,0.64114165,0.85973746,0.25026888,-0.4608126,-0.52496743,-0.29580098,0.6515851
1783532937.6046,51,left_handThumb_1_joint,0.65584755,0.86501944,0.30164105,-0.4608126,-0.52496743,-0.29580098,0.6515851
1783532937.6046,51,left_handThumb_2_joint,0.6663571,0.868794,0.33836162,-0.4608126,-0.52496743,-0.29580098,0.6515851
1783532937.6046,51,left_handThumbEnd_joint,0.6733635,0.87131035,0.36284202,-0.46081254,-0.52496743,-0.29580095,0.6515851
1783532937.6046,51,neck_1_joint,0.009311704,0.5885901,0.012628464,0.555275,0.43396977,0.56075245,0.43462247
1783532937.6046,51,neck_2_joint,0.0091453185,0.61767143,0.019993994,0.5512337,0.43782514,0.5620336,0.43424538
1783532937.6046,51,neck_3_joint,0.008539512,0.65650374,0.029569065,0.5372972,0.45358256,0.55440193,0.44521126
1783532937.6046,51,neck_4_joint,0.007491619,0.69574654,0.037244137,0.5207907,0.4715918,0.54349345,0.45934007
1783532937.6046,51,head_joint,0.005871126,0.7415853,0.043936405,0.45722684,0.53305215,0.48866248,0.517695
1783532937.6046,51,jaw_joint,0.006925377,0.7172716,0.05153471,0.45722684,0.53305215,0.48866248,0.517695
1783532937.6046,51,chin_joint,0.0073684445,0.67803174,0.1562249,0.45722684,0.53305215,0.48866248,0.517695
1783532937.6046,51,left_eye_joint,0.035020396,0.7845494,0.12706798,0.46185842,0.5290443,0.4931589,0.51341355
1783532937.6046,51,left_eyeLowerLid_joint,0.035020396,0.7845494,0.12706798,0.46185842,0.5290443,0.4931589,0.51341355
1783532937.6046,51,left_eyeUpperLid_joint,0.035020396,0.7845494,0.12706798,0.46185842,0.5290443,0.4931589,0.51341355
1783532937.6046,51,left_eyeball_joint,0.035020396,0.7845494,0.12706798,0.46185842,0.5290443,0.4931589,0.51341355
1783532937.6046,51,nose_joint,0.0038355968,0.7530589,0.15331745,0.4618611,0.52904177,0.49316156,0.5134109
1783532937.6046,51,right_eye_joint,-0.029535469,0.7814756,0.12618905,0.46185842,0.5290443,0.4931589,0.51341355
1783532937.6046,51,right_eyeLowerLid_joint,-0.029535469,0.7814756,0.12618905,0.46185842,0.5290443,0.4931589,0.51341355
1783532937.6046,51,right_eyeUpperLid_joint,-0.029535469,0.7814756,0.12618905,0.46185842,0.5290443,0.4931589,0.51341355
1783532937.6046,51,right_eyeball_joint,-0.029535469,0.7814756,0.12618905,0.46185842,0.5290443,0.4931589,0.51341355
1783532937.6046,51,right_shoulder_1_joint,-0.08017752,0.5672864,0.014054701,0.5956974,-0.104827195,-0.17808037,0.77617216
1783532937.6046,51,right_arm_joint,-0.21283913,0.6254993,0.021225369,0.5993744,0.0012862608,-0.18006858,0.7799512
1783532937.6046,51,right_forearm_joint,-0.46157512,0.69980186,0.079173975,0.5151439,0.04959963,-0.42845044,0.74067324
1783532937.6046,51,right_hand_joint,-0.62984467,0.85618466,0.21715248,-0.03433606,0.2974599,-0.31232595,0.90154934
1783532937.6046,51,right_handIndexStart_joint,-0.63656104,0.8684369,0.2422661,-0.012788645,0.35856774,-0.3133548,0.8792465
1783532937.6046,51,right_handIndex_1_joint,-0.6804488,0.9134268,0.2922612,-0.012788645,0.35856774,-0.3133548,0.8792465
1783532937.6046,51,right_handIndex_2_joint,-0.7059653,0.93958336,0.32132837,-0.012788645,0.35856774,-0.3133548,0.8792465
1783532937.6046,51,right_handIndex_3_joint,-0.72025436,0.9542319,0.33760595,-0.012788645,0.35856774,-0.3133548,0.8792465
1783532937.6046,51,right_handIndexEnd_joint,-0.73046064,0.96469504,0.3492327,-0.012788645,0.35856774,-0.3133548,0.8792465
1783532937.6046,51,right_handMidStart_joint,-0.6448265,0.87112033,0.232893,-0.03404026,0.2984382,-0.31207785,0.90132314
1783532937.6046,51,right_handMid_1_joint,-0.69249475,0.9154285,0.27217263,-0.03404026,0.2984382,-0.31207785,0.90132314
1783532937.6046,51,right_handMid_2_joint,-0.72599065,0.9465641,0.29977417,-0.03404026,0.2984382,-0.31207785,0.90132314
1783532937.6046,51,right_handMid_3_joint,-0.74531543,0.96452683,0.31569833,-0.03404026,0.2984382,-0.31207785,0.90132314
1783532937.6046,51,right_handMidEnd_joint,-0.7581983,0.976502,0.32631415,-0.03404025,0.2984382,-0.31207785,0.90132314
1783532937.6046,51,right_handPinkyStart_joint,-0.6614395,0.8717601,0.21069835,-0.059364043,0.2047859,-0.2742511,0.93772334
1783532937.6046,51,right_handPinky_1_joint,-0.71006185,0.90596515,0.23301902,-0.059364043,0.2047859,-0.2742511,0.93772334
1783532937.6046,51,right_handPinky_2_joint,-0.7400936,0.92709273,0.24680556,-0.059364043,0.2047859,-0.2742511,0.93772334
1783532937.6046,51,right_handPinky_3_joint,-0.7558246,0.93815863,0.25402707,-0.05936403,0.2047859,-0.2742511,0.93772334
1783532937.6046,51,right_handPinkyEnd_joint,-0.7701253,0.9482189,0.26059183,-0.059364043,0.2047859,-0.2742511,0.93772334
1783532937.6046,51,right_handRingStart_joint,-0.6529148,0.8716257,0.2228717,-0.04594078,0.2516977,-0.29384017,0.92097545
1783532937.6046,51,right_handRing_1_joint,-0.70185333,0.9110476,0.2533698,-0.04594078,0.2516977,-0.29384017,0.92097545
1783532937.6046,51,right_handRing_2_joint,-0.736398,0.93887424,0.27489775,-0.04594078,0.2516977,-0.29384017,0.92097545
1783532937.6046,51,right_handRing_3_joint,-0.7579885,0.9562666,0.28835282,-0.04594078,0.2516977,-0.29384017,0.92097545
1783532937.6046,51,right_handRingEnd_joint,-0.77238286,0.96786094,0.29732326,-0.04594078,0.2516977,-0.29384017,0.92097545
1783532937.6046,51,right_handThumbStart_joint,-0.6404754,0.85824203,0.24614015,0.6103961,0.31532967,-0.50939214,0.5181732
1783532937.6046,51,right_handThumb_1_joint,-0.65563,0.8659188,0.2970782,0.6103961,0.31532967,-0.50939214,0.5181732
1783532937.6046,51,right_handThumb_2_joint,-0.66645986,0.8714058,0.33348832,0.6103961,0.31532967,-0.50939214,0.5181732
1783532937.6046,51,right_handThumbEnd_joint,-0.6736804,0.87506324,0.35776144,0.6103961,0.31532967,-0.50939214,0.5181732
1783532937.6046,51,camera,0.11084476,0.07443566,-0.024338908,-0.07444812,-0.07597233,-0.6994877,0.7066843
1783532937.6365,52,root,-0.0007520431,0.016181609,0.0014411698,0.057827402,0.010953615,-0.015772756,0.9981419
1783532937.6365,52,hips_joint,-0.0007520431,0.016181609,0.0014411698,0.057827402,0.010953615,-0.015772756,0.9981419
1783532937.6365,52,left_upLeg_joint,0.09891488,-0.01176666,-0.0028638267,-0.5864897,0.4291585,-0.42599425,0.53887075
1783532937.6365,52,left_leg_joint,0.21206623,-0.41707873,0.012784526,-0.4094646,0.58127105,-0.23266196,0.66357476
1783532937.6365,52,left_foot_joint,0.31083763,-0.77597153,-0.25286496,0.6807949,-0.20507154,0.59237164,-0.37889308
1783532937.6365,52,left_toes_joint,0.3427428,-0.8844837,-0.15582037,0.7073233,-0.07231973,0.65344787,-0.25974944
1783532937.6365,52,left_toesEnd_joint,0.35096577,-0.91128165,-0.10202522,0.7073233,-0.07231952,0.65344775,-0.25974965
1783532937.6365,52,right_upLeg_joint,-0.10201665,-0.005685341,0.0019009417,0.540071,0.42235532,0.38509363,0.6177721
1783532937.6365,52,right_leg_joint,-0.2479835,-0.3981458,0.04648751,0.66358644,0.2185239,0.5394394,0.47000608
1783532937.6365,52,right_foot_joint,-0.3954663,-0.7626646,-0.18697399,0.38762096,0.5812476,0.13480571,0.70265836
1783532937.6365,52,right_toes_joint,-0.43838108,-0.85805273,-0.080814205,0.27042815,0.64417976,-0.0008168985,0.7154723
1783532937.6365,52,right_toesEnd_joint,-0.44869712,-0.8791163,-0.024872044,0.2704286,0.64417976,-0.0008173465,0.7154721
1783532937.6365,52,spine_1_joint,-0.0007520628,0.01618161,0.0014411702,0.5233853,0.48709238,0.5010649,0.48758888
1783532937.6365,52,spine_2_joint,0.0005918025,0.07364822,0.004289943,0.5103421,0.5008096,0.4880412,0.5005561
1783532937.6365,52,spine_3_joint,0.0018586016,0.13118684,0.004104007,0.506073,0.50177425,0.48573315,0.50613856
1783532937.6365,52,spine_4_joint,0.0031622457,0.18421799,0.0032391204,0.51134557,0.4927284,0.4924643,0.5032136
1783532937.6365,52,spine_5_joint,0.005230517,0.25464997,0.0035617177,0.52968305,0.46919492,0.5130162,0.48590812
1783532937.6365,52,spine_6_joint,0.008361554,0.34802958,0.012321231,0.5173552,0.47884485,0.5102375,0.4926554
1783532937.6365,52,spine_7_joint,0.010580535,0.45488447,0.019059155,0.48217258,0.5140121,0.48334992,0.5193022
1783532937.6365,52,left_shoulder_1_joint,0.100473195,0.5661253,0.0067948364,-0.78359604,-0.23440234,0.11012723,0.56471705
1783532937.6365,52,left_arm_joint,0.2260653,0.6374513,0.0201614,-0.7678303,-0.27602732,0.018539121,0.57784325
1783532937.6365,52,left_forearm_joint,0.4513373,0.7558976,0.09743876,0.6590204,0.6060518,0.016879303,-0.4450944
1783532937.6365,52,left_hand_joint,0.5223046,0.96592605,0.24797054,0.79418147,0.4738556,0.37821248,0.04114179
1783532937.6365,52,left_handIndexStart_joint,0.51807714,0.9803668,0.2737794,0.7683567,0.4750337,0.42879656,0.010260418
1783532937.6365,52,left_handIndex_1_joint,0.5326096,1.0396994,0.32591614,0.7683567,0.4750337,0.42879656,0.010260418
1783532937.6365,52,left_handIndex_2_joint,0.54105866,1.074195,0.35622817,0.7683567,0.4750337,0.42879656,0.010260418
1783532937.6365,52,left_handIndex_3_joint,0.54579014,1.0935127,0.37320292,0.7683567,0.4750337,0.42879656,0.010260418
1783532937.6365,52,left_handIndexEnd_joint,0.5491698,1.107311,0.38532776,0.7683567,0.4750337,0.42879656,0.010260418
1783532937.6365,52,left_handMidStart_joint,0.5266606,0.98550636,0.26582426,0.79536724,0.47351897,0.37599167,0.042447023
1783532937.6365,52,left_handMid_1_joint,0.547095,1.0451903,0.30823326,0.79536724,0.47351897,0.37599167,0.042447023
1783532937.6365,52,left_handMid_2_joint,0.56145424,1.0871304,0.33803415,0.79536724,0.47351897,0.37599167,0.042447023
1783532937.6365,52,left_handMid_3_joint,0.56973845,1.1113267,0.355227,0.79536724,0.47351897,0.37599167,0.042447023
1783532937.6365,52,left_handMidEnd_joint,0.57526124,1.1274575,0.3666889,0.79536724,0.47351897,0.37599167,0.042447023
1783532937.6365,52,left_handPinkyStart_joint,0.5462326,0.99128276,0.24704729,0.8460863,0.43722636,0.2938169,0.08150628
1783532937.6365,52,left_handPinky_1_joint,0.5744913,1.0413065,0.2740935,0.8460863,0.43722636,0.2938169,0.08150628
1783532937.6365,52,left_handPinky_2_joint,0.59194523,1.0722035,0.29079852,0.8460863,0.43722636,0.2938169,0.08150628
1783532937.6365,52,left_handPinky_3_joint,0.60108775,1.0883876,0.29954877,0.8460863,0.43722636,0.2938169,0.08150628
1783532937.6365,52,left_handPinkyEnd_joint,0.60939914,1.1031005,0.30750355,0.8460863,0.43722636,0.2938169,0.08150628
1783532937.6365,52,left_handRingStart_joint,0.53596175,0.9885257,0.2574293,0.822045,0.45637137,0.33497152,0.06133421
1783532937.6365,52,left_handRing_1_joint,0.5610411,1.0438066,0.29198772,0.822045,0.45637137,0.33497152,0.06133421
1783532937.6365,52,left_handRing_2_joint,0.57874423,1.0828284,0.31638187,0.822045,0.45637137,0.33497152,0.06133421
1783532937.6365,52,left_handRing_3_joint,0.5898087,1.1072171,0.33162826,0.822045,0.45637137,0.33497152,0.06133421
1783532937.6365,52,left_handRingEnd_joint,0.59718496,1.1234761,0.3417925,0.822045,0.45637137,0.33497152,0.06133421
1783532937.6365,52,left_handThumbStart_joint,0.5243624,0.9723744,0.2793355,-0.40625826,-0.6622499,-0.23261523,0.58503884
1783532937.6365,52,left_handThumb_1_joint,0.52515054,0.98665446,0.33109188,-0.40625826,-0.6622499,-0.23261523,0.58503884
1783532937.6365,52,left_handThumb_2_joint,0.52571213,0.9968604,0.3680868,-0.40625826,-0.6622499,-0.23261523,0.58503884
1783532937.6365,52,left_handThumbEnd_joint,0.5260865,1.0036644,0.39275008,-0.40625823,-0.6622499,-0.23261523,0.58503884
1783532937.6365,52,neck_1_joint,0.011213536,0.5881413,0.0033010219,0.54688317,0.44363952,0.553582,0.4445789
1783532937.6365,52,neck_2_joint,0.011017391,0.61746514,0.009631742,0.54570943,0.44411713,0.5573484,0.4408225
1783532937.6365,52,neck_3_joint,0.010387213,0.65650916,0.018301623,0.53361773,0.45751342,0.551397,0.44932783
1783532937.6365,52,neck_4_joint,0.00931863,0.6958608,0.025394559,0.5181995,0.47415435,0.5413389,0.46216828
1783532937.6365,52,head_joint,0.007689674,0.741765,0.03162006,0.45436296,0.53530806,0.4861705,0.5202289
1783532937.6365,52,jaw_joint,0.008738539,0.7175297,0.039465547,0.45436296,0.53530806,0.4861705,0.5202289
1783532937.6365,52,chin_joint,0.009091012,0.67935383,0.14454877,0.45436296,0.53530806,0.4861705,0.5202289
1783532937.6365,52,left_eye_joint,0.0367629,0.7855721,0.114337325,0.45901427,0.5313251,0.4906891,0.5159691
1783532937.6365,52,left_eyeLowerLid_joint,0.0367629,0.7855721,0.114337325,0.45901427,0.5313251,0.4906891,0.5159691
1783532937.6365,52,left_eyeUpperLid_joint,0.0367629,0.7855721,0.114337325,0.45901427,0.5313251,0.4906891,0.5159691
1783532937.6365,52,left_eyeball_joint,0.0367629,0.7855721,0.114337325,0.45901427,0.5313251,0.4906891,0.5159691
1783532937.6365,52,nose_joint,0.0055565834,0.75434744,0.14087729,0.45901713,0.5313228,0.4906919,0.5159665
1783532937.6365,52,right_eye_joint,-0.027792014,0.7824853,0.1134325,0.45901427,0.5313251,0.4906891,0.5159691
1783532937.6365,52,right_eyeLowerLid_joint,-0.027792014,0.7824853,0.1134325,0.45901427,0.5313251,0.4906891,0.5159691
1783532937.6365,52,right_eyeUpperLid_joint,-0.027792014,0.7824853,0.1134325,0.45901427,0.5313251,0.4906891,0.5159691
1783532937.6365,52,right_eyeball_joint,-0.027792014,0.7824853,0.1134325,0.45901427,0.5313251,0.4906891,0.5159691
1783532937.6365,52,right_shoulder_1_joint,-0.0782531,0.5668205,0.005614717,0.5539374,-0.09913005,-0.2222063,0.79621065
1783532937.6365,52,right_arm_joint,-0.20612778,0.63407546,0.01842544,0.5469189,0.007827843,-0.28762063,0.7861891
1783532937.6365,52,right_forearm_joint,-0.42807338,0.7520897,0.10538118,0.4497767,0.051440142,-0.5287605,0.7179608
1783532937.6365,52,right_hand_joint,-0.5447833,0.94314885,0.25263435,-0.07287193,0.35929796,-0.39132953,0.84407127
1783532937.6365,52,right_handIndexStart_joint,-0.5452033,0.95802313,0.27722093,-0.045778126,0.41635695,-0.39484015,0.81771207
1783532937.6365,52,right_handIndex_1_joint,-0.5726291,1.0129433,0.32900265,-0.045778126,0.41635695,-0.39484015,0.81771207
1783532937.6365,52,right_handIndex_2_joint,-0.58857477,1.0448734,0.35910866,-0.045778126,0.41635695,-0.39484015,0.81771207
1783532937.6365,52,right_handIndex_3_joint,-0.597504,1.062755,0.37596786,-0.045778126,0.41635695,-0.39484015,0.81771207
1783532937.6365,52,right_handIndexEnd_joint,-0.60388184,1.0755273,0.38801003,-0.045778126,0.41635695,-0.39484015,0.81771207
1783532937.6365,52,right_handMidStart_joint,-0.55443466,0.9613909,0.26904696,-0.07247058,0.3602369,-0.3911295,0.84379834
1783532937.6365,52,right_handMid_1_joint,-0.5874631,1.0155354,0.31095,-0.07247058,0.3602369,-0.3911295,0.84379834
1783532937.6365,52,right_handMid_2_joint,-0.6106716,1.0535828,0.34039497,-0.07247058,0.3602369,-0.3911295,0.84379834
1783532937.6365,52,right_handMid_3_joint,-0.62406135,1.0755332,0.35738266,-0.07247058,0.3602369,-0.3911295,0.84379834
1783532937.6365,52,right_handMidEnd_joint,-0.6329875,1.0901667,0.36870742,-0.07247058,0.3602369,-0.3911295,0.84379834
1783532937.6365,52,right_handPinkyStart_joint,-0.5742799,0.9632541,0.24976735,-0.10346389,0.2738402,-0.3505783,0.88960785
1783532937.6365,52,right_handPinky_1_joint,-0.61264783,1.0064611,0.27609953,-0.10346389,0.2738402,-0.3505783,0.88960785
1783532937.6365,52,right_handPinky_2_joint,-0.63634574,1.0331489,0.29236373,-0.10346389,0.2738402,-0.3505783,0.88960785
1783532937.6365,52,right_handPinky_3_joint,-0.64875925,1.0471272,0.30088314,-0.10346388,0.2738402,-0.3505783,0.88960785
1783532937.6365,52,right_handPinkyEnd_joint,-0.66004395,1.0598352,0.30862778,-0.10346389,0.2738402,-0.3505783,0.88960785
1783532937.6365,52,right_handRingStart_joint,-0.5639341,0.96254224,0.26041338,-0.0873196,0.31715447,-0.37170658,0.8681147
1783532937.6365,52,right_handRing_1_joint,-0.60043085,1.0114911,0.2943427,-0.0873196,0.31715447,-0.37170658,0.8681147
1783532937.6365,52,right_handRing_2_joint,-0.62619317,1.0460427,0.31829268,-0.0873196,0.31715447,-0.37170658,0.8681147
1783532937.6365,52,right_handRing_3_joint,-0.6422945,1.0676382,0.3332615,-0.0873196,0.31715447,-0.37170658,0.8681147
1783532937.6365,52,right_handRingEnd_joint,-0.65302956,1.0820347,0.3432412,-0.0873196,0.31715447,-0.37170658,0.8681147
1783532937.6365,52,right_handThumbStart_joint,-0.54990494,0.9489028,0.28260422,-0.56798667,-0.28599834,0.610033,-0.47271198
1783532937.6365,52,right_handThumb_1_joint,-0.5548549,0.96242744,0.33433294,-0.56798667,-0.28599834,0.610033,-0.47271198
1783532937.6365,52,right_handThumb_2_joint,-0.55839074,0.97209394,0.3713079,-0.56798667,-0.28599834,0.610033,-0.47271198
1783532937.6365,52,right_handThumbEnd_joint,-0.5607486,0.97853786,0.39595774,-0.56798667,-0.28599834,0.610033,-0.47271198
1783532937.6365,52,camera,0.110920586,0.07440128,-0.02411067,-0.0746946,-0.076007634,-0.69945127,0.7066905
1783532937.6706,53,root,-0.0013128561,0.01645176,0.002566589,0.06559348,0.007467131,-0.012651034,0.99773824
1783532937.6706,53,hips_joint,-0.0013128561,0.01645176,0.002566589,0.06559348,0.007467131,-0.012651034,0.99773824
1783532937.6706,53,left_upLeg_joint,0.098541394,-0.010869018,-0.0014130496,-0.58867985,0.42698494,-0.41296646,0.5482688
1783532937.6706,53,left_leg_joint,0.22246517,-0.41325113,0.006168878,-0.4132097,0.5828396,-0.22064668,0.66398084
1783532937.6706,53,left_foot_joint,0.3245479,-0.7675175,-0.264393,0.6847107,-0.20399682,0.58316344,-0.38662225
1783532937.6706,53,left_toes_joint,0.35981047,-0.87635326,-0.16888492,0.71096444,-0.07052238,0.64587146,-0.2690838
1783532937.6706,53,left_toesEnd_joint,0.36925888,-0.9035208,-0.115477845,0.71096444,-0.07052218,0.64587146,-0.269084
1783532937.6706,53,right_upLeg_joint,-0.10245168,-0.005985111,0.0019179737,0.5487152,0.40885222,0.3824374,0.6208808
1783532937.6706,53,right_leg_joint,-0.25958803,-0.39489958,0.038973525,0.66606474,0.20959996,0.5302043,0.48094586
1783532937.6706,53,right_foot_joint,-0.4195999,-0.7558125,-0.1918238,0.39507505,0.5757509,0.12078939,0.7055751
1783532937.6706,53,right_toes_joint,-0.4654781,-0.8490143,-0.08496367,0.27878898,0.6401954,-0.015131979,0.71567965
1783532937.6706,53,right_toesEnd_joint,-0.47638723,-0.8693535,-0.028866248,0.2787895,0.6401955,-0.015132411,0.7156794
1783532937.6706,53,spine_1_joint,-0.0013128759,0.01645176,0.0025665893,0.5232682,0.48257703,0.5101769,0.48273087
1783532937.6706,53,spine_2_joint,-0.0005256845,0.07386597,0.006480701,0.5082985,0.4972797,0.49744838,0.4968804
1783532937.6706,53,spine_3_joint,7.951722e-05,0.13141182,0.0071441275,0.5010002,0.5004584,0.49349988,0.504973
1783532937.6706,53,spine_4_joint,0.0007160757,0.18445902,0.0065632514,0.5026386,0.49432382,0.49750605,0.50545603
1783532937.6706,53,spine_5_joint,0.0018621729,0.25491247,0.0063693486,0.51736146,0.47423616,0.5149104,0.49224427
1783532937.6706,53,spine_6_joint,0.003727045,0.34849373,0.013103631,0.50186616,0.48613232,0.5084157,0.5033082
1783532937.6706,53,spine_7_joint,0.0048252963,0.4555369,0.01607587,0.46485698,0.52109253,0.47754857,0.5332147
1783532937.6706,53,left_shoulder_1_joint,0.09439654,0.5666252,0.0005197167,-0.805537,-0.29324043,0.08544342,0.50775945
1783532937.6706,53,left_arm_joint,0.21238276,0.64773726,0.023747334,0.7677859,0.41123307,0.019042337,-0.4909476
1783532937.6706,53,left_forearm_joint,0.38821295,0.8107285,0.13892707,0.61342967,0.72575593,0.028741341,-0.31009084
1783532937.6706,53,left_hand_joint,0.37344906,1.0445527,0.26898968,0.6765238,0.5623167,0.4597258,0.12152287
1783532937.6706,53,left_handIndexStart_joint,0.35932192,1.0601821,0.29017106,0.6457245,0.56856847,0.50258887,0.084701836
1783532937.6706,53,left_handIndex_1_joint,0.3471363,1.1259899,0.33456272,0.6457245,0.56856847,0.50258887,0.084701836
1783532937.6706,53,left_handIndex_2_joint,0.34005165,1.1642504,0.3603718,0.6457245,0.56856847,0.50258887,0.084701836
1783532937.6706,53,left_handIndex_3_joint,0.33608425,1.1856762,0.3748249,0.6457245,0.56856847,0.50258887,0.084701836
1783532937.6706,53,left_handIndexEnd_joint,0.33325037,1.2009804,0.38514853,0.6457245,0.56856847,0.50258887,0.084701836
1783532937.6706,53,left_handMidStart_joint,0.3688235,1.0662389,0.2841368,0.6779585,0.56177455,0.45786437,0.123052105
1783532937.6706,53,left_handMid_1_joint,0.3649877,1.1327064,0.32081938,0.6779585,0.56177455,0.45786437,0.123052105
1783532937.6706,53,left_handMid_2_joint,0.3622923,1.1794133,0.34659633,0.6779585,0.56177455,0.45786437,0.123052105
1783532937.6706,53,left_handMid_3_joint,0.36073723,1.2063596,0.36146766,0.6779585,0.56177455,0.45786437,0.123052105
1783532937.6706,53,left_handMidEnd_joint,0.35970053,1.2243239,0.37138188,0.6779585,0.56177455,0.45786437,0.123052105
1783532937.6706,53,left_handPinkyStart_joint,0.39172417,1.0742095,0.27068204,0.74071383,0.5203011,0.39057633,0.16757062
1783532937.6706,53,left_handPinky_1_joint,0.40146995,1.1314678,0.29635158,0.74071383,0.5203011,0.39057633,0.16757062
1783532937.6706,53,left_handPinky_2_joint,0.40748942,1.1668333,0.3122063,0.74071383,0.5203011,0.39057633,0.16757062
1783532937.6706,53,left_handPinky_3_joint,0.41064247,1.185358,0.32051116,0.74071383,0.5203011,0.39057633,0.16757062
1783532937.6706,53,left_handPinkyEnd_joint,0.41350886,1.2021987,0.328061,0.74071383,0.5203011,0.39057633,0.16757062
1783532937.6706,53,left_handRingStart_joint,0.37950233,1.0703442,0.278203,0.71056384,0.5422463,0.4243489,0.14490066
1783532937.6706,53,left_handRing_1_joint,0.3831202,1.132762,0.3093505,0.71056384,0.5422463,0.4243489,0.14490066
1783532937.6706,53,left_handRing_2_joint,0.38567406,1.1768216,0.33133698,0.71056384,0.5422463,0.4243489,0.14490066
1783532937.6706,53,left_handRing_3_joint,0.38727018,1.2043588,0.3450785,0.71056384,0.5422463,0.4243489,0.14490066
1783532937.6706,53,left_handRingEnd_joint,0.38833427,1.2227169,0.35423952,0.71056384,0.5422463,0.4243489,0.14490066
1783532937.6706,53,left_handThumbStart_joint,0.36499426,1.0542833,0.2983735,0.3373905,0.7897727,0.18698986,-0.47692934
1783532937.6706,53,left_handThumb_1_joint,0.34795275,1.0733241,0.3455995,0.3373905,0.7897727,0.18698986,-0.47692934
1783532937.6706,53,left_handThumb_2_joint,0.3357702,1.0869324,0.3793559,0.3373905,0.7897727,0.18698983,-0.47692934
1783532937.6706,53,left_handThumbEnd_joint,0.32764846,1.0960047,0.40186018,0.33739045,0.7897727,0.18698981,-0.47692934
1783532937.6706,53,neck_1_joint,0.0051116943,0.5879695,-0.005548539,0.5343004,0.4490733,0.5528183,0.455245
1783532937.6706,53,neck_2_joint,0.0046751997,0.617466,-9.2577335e-05,0.53602093,0.4462969,0.5591285,0.44819185
1783532937.6706,53,neck_3_joint,0.0037307523,0.6566517,0.007881662,0.52586526,0.4572894,0.55486315,0.45439976
1783532937.6706,53,neck_4_joint,0.002371814,0.6960599,0.014600938,0.5115801,0.47251627,0.5456769,0.46610215
1783532937.6706,53,head_joint,0.00044071436,0.7419827,0.020598527,0.447955,0.5329196,0.48996505,0.52465934
1783532937.6706,53,jaw_joint,0.0014607524,0.717786,0.02856583,0.447955,0.5329196,0.48996505,0.52465934
1783532937.6706,53,chin_joint,0.00019949913,0.6800612,0.13380487,0.447955,0.5329196,0.48996505,0.52465934
1783532937.6706,53,left_eye_joint,0.027922196,0.7862692,0.10360412,0.4525857,0.52899253,0.49452212,0.52036625
1783532937.6706,53,left_eyeLowerLid_joint,0.027922196,0.7862692,0.10360412,0.4525857,0.52899253,0.49452212,0.52036625
1783532937.6706,53,left_eyeUpperLid_joint,0.027922196,0.7862692,0.10360412,0.4525857,0.52899253,0.49452212,0.52036625
1783532937.6706,53,left_eyeball_joint,0.027922196,0.7862692,0.10360412,0.4525857,0.52899253,0.49452212,0.52036625
1783532937.6706,53,nose_joint,-0.0035942488,0.7550223,0.12974837,0.45258847,0.5289901,0.49452478,0.5203637
1783532937.6706,53,right_eye_joint,-0.036594305,0.7828968,0.10162201,0.4525857,0.52899253,0.49452212,0.52036625
1783532937.6706,53,right_eyeLowerLid_joint,-0.036594305,0.7828968,0.10162201,0.4525857,0.52899253,0.49452212,0.52036625
1783532937.6706,53,right_eyeUpperLid_joint,-0.036594305,0.7828968,0.10162201,0.4525857,0.52899253,0.49452212,0.52036625
1783532937.6706,53,right_eyeball_joint,-0.036594305,0.7828968,0.10162201,0.4525857,0.52899253,0.49452212,0.52036625
1783532937.6706,53,right_shoulder_1_joint,-0.08427983,0.5662751,-0.0039022802,0.508485,-0.08857148,-0.26144487,0.8156253
1783532937.6706,53,right_arm_joint,-0.207224,0.64120126,0.013706587,0.47924146,0.023953775,-0.3863925,0.7876896
1783532937.6706,53,right_forearm_joint,-0.3934817,0.7970039,0.12225196,0.36056668,0.050808754,-0.62366813,0.6916996
1783532937.6706,53,right_hand_joint,-0.45160812,1.0183858,0.2616065,-0.12831388,0.4159105,-0.46750608,0.7694103
1783532937.6706,53,right_handIndexStart_joint,-0.44523668,1.0355046,0.28379366,-0.09582877,0.46776605,-0.47467414,0.7393891
1783532937.6706,53,right_handIndex_1_joint,-0.4542122,1.0990772,0.33203995,-0.09582877,0.46776605,-0.47467414,0.7393891
1783532937.6706,53,right_handIndex_2_joint,-0.45943087,1.1360378,0.36009055,-0.09582877,0.46776605,-0.47467414,0.7393891
1783532937.6706,53,right_handIndex_3_joint,-0.46235296,1.1567365,0.37579855,-0.09582877,0.46776605,-0.47467414,0.7393891
1783532937.6706,53,right_handIndexEnd_joint,-0.46444008,1.1715211,0.38701847,-0.09582877,0.46776605,-0.47467414,0.7393891
1783532937.6706,53,right_handMidStart_joint,-0.45526424,1.0395124,0.27695557,-0.12780926,0.41679665,-0.46737695,0.7690931
1783532937.6706,53,right_handMid_1_joint,-0.47165927,1.1022598,0.31660837,-0.12780926,0.41679665,-0.46737695,0.7690931
1783532937.6706,53,right_handMid_2_joint,-0.48317963,1.1463522,0.34447196,-0.12780926,0.41679665,-0.46737695,0.7690931
1783532937.6706,53,right_handMid_3_joint,-0.4898261,1.1717901,0.36054736,-0.12780926,0.41679665,-0.46737695,0.7690931
1783532937.6706,53,right_handMidEnd_joint,-0.49425688,1.1887487,0.37126392,-0.12780926,0.41679665,-0.46737695,0.7690931
1783532937.6706,53,right_handPinkyStart_joint,-0.4779159,1.0426815,0.26127547,-0.16419545,0.3400588,-0.4229675,0.82371026
1783532937.6706,53,right_handPinky_1_joint,-0.5040094,1.0940202,0.2880296,-0.16419545,0.3400588,-0.4229675,0.82371026
1783532937.6706,53,right_handPinky_2_joint,-0.5201259,1.1257305,0.3045543,-0.16419545,0.3400588,-0.4229675,0.82371026
1783532937.6706,53,right_handPinky_3_joint,-0.52856827,1.14234,0.3132103,-0.16419543,0.3400588,-0.4229675,0.82371026
1783532937.6706,53,right_handPinkyEnd_joint,-0.5362429,1.1574395,0.32107905,-0.16419545,0.3400588,-0.4229675,0.82371026
1783532937.6706,53,right_handRingStart_joint,-0.4659574,1.0413433,0.26999804,-0.1455099,0.3785714,-0.4461925,0.79776126
1783532937.6706,53,right_handRing_1_joint,-0.4879738,1.0987668,0.30311915,-0.1455099,0.3785714,-0.4461925,0.79776126
1783532937.6706,53,right_handRing_2_joint,-0.5035148,1.1393006,0.3264987,-0.1455099,0.3785714,-0.4461925,0.79776126
1783532937.6706,53,right_handRing_3_joint,-0.51322776,1.164635,0.34111083,-0.1455099,0.3785714,-0.4461925,0.79776126
1783532937.6706,53,right_handRingEnd_joint,-0.5197038,1.1815242,0.350853,-0.1455099,0.3785714,-0.4461925,0.79776126
1783532937.6706,53,right_handThumbStart_joint,-0.4500975,1.0278652,0.291024,-0.50267744,-0.24718177,0.7093666,-0.4278034
1783532937.6706,53,right_handThumb_1_joint,-0.44319507,1.0471133,0.34067428,-0.50267744,-0.24718179,0.70936656,-0.42780343
1783532937.6706,53,right_handThumb_2_joint,-0.43825907,1.0608704,0.37616324,-0.50267744,-0.24718174,0.70936656,-0.42780343
1783532937.6706,53,right_handThumbEnd_joint,-0.43496916,1.0700415,0.39982262,-0.50267744,-0.24718174,0.70936656,-0.42780343
1783532937.6706,53,camera,0.11107461,0.074444585,-0.02385182,-0.074796,-0.0760712,-0.69946235,0.706662
1783532937.7033,54,root,-0.0013998045,0.01673138,0.0035411438,0.070730165,0.0047731353,-0.013496837,0.9973928
1783532937.7033,54,hips_joint,-0.0013998045,0.01673138,0.0035411438,0.070730165,0.0047731353,-0.013496837,0.9973928
1783532937.7033,54,left_upLeg_joint,0.09841691,-0.010762386,-0.00018036812,-0.5891119,0.42634103,-0.40886748,0.5513691
1783532937.7033,54,left_leg_joint,0.22564052,-0.41215536,0.0047022505,-0.41512635,0.58338296,-0.21754497,0.66333157
1783532937.7033,54,left_foot_joint,0.32838684,-0.765637,-0.26663408,0.6865544,-0.20324259,0.58032155,-0.38802415
1783532937.7033,54,left_toes_joint,0.3647266,-0.8743455,-0.1713851,0.7126317,-0.06943235,0.6433469,-0.27099892
1783532937.7033,54,left_toesEnd_joint,0.3745884,-0.90150005,-0.118046194,0.7126317,-0.06943214,0.64334685,-0.27099913
1783532937.7033,54,right_upLeg_joint,-0.102580525,-0.0054797814,0.002119266,0.5560843,0.39515302,0.3793178,0.625094
1783532937.7033,54,right_leg_joint,-0.2709943,-0.39023063,0.03250123,0.6679716,0.19601434,0.5270021,0.4875049
1783532937.7033,54,right_foot_joint,-0.43914238,-0.74496216,-0.20206465,0.40495422,0.56623214,0.11422378,0.7087638
1783532937.7033,54,right_toes_joint,-0.48872048,-0.8374381,-0.09623138,0.29029325,0.6327218,-0.022182984,0.7175661
1783532937.7033,54,right_toesEnd_joint,-0.50075185,-0.85779035,-0.040368624,0.29029375,0.6327218,-0.022183416,0.7175659
1783532937.7033,54,spine_1_joint,-0.0013998243,0.01673138,0.003541144,0.5247979,0.47850174,0.5147905,0.4802229
1783532937.7033,54,spine_2_joint,-0.00070609775,0.07409213,0.008188361,0.5084013,0.49500495,0.5017888,0.4946779
1783532937.7033,54,spine_3_joint,-0.00034027785,0.13163175,0.009367278,0.49855494,0.5011098,0.49611932,0.50418025
1783532937.7033,54,spine_4_joint,-4.797667e-05,0.18468216,0.0088041695,0.4970781,0.498495,0.4975492,0.5068144
1783532937.7033,54,spine_5_joint,0.0005090979,0.25513628,0.0078308955,0.5088323,0.48224077,0.5121336,0.49623868
1783532937.7033,54,spine_6_joint,0.0014715745,0.34886304,0.012375418,0.4907579,0.4967849,0.502794,0.5094701
1783532937.7033,54,spine_7_joint,0.0015441778,0.4559512,0.011743342,0.45246878,0.5319765,0.4697971,0.5399666
1783532937.7033,54,left_shoulder_1_joint,0.090192266,0.5671099,-0.0080272425,0.8186694,0.3429303,-0.067831434,-0.45560765
1783532937.7033,54,left_arm_joint,0.19979122,0.6575197,0.021188717,0.7452506,0.5260632,0.05009076,-0.40663275
1783532937.7033,54,left_forearm_joint,0.31722343,0.8552435,0.15484403,0.5529445,0.8094349,0.044361617,-0.19261281
1783532937.7033,54,left_hand_joint,0.23299885,1.0905364,0.25154757,0.5575181,0.61974496,0.5225602,0.17894392
1783532937.7033,54,left_handIndexStart_joint,0.21170348,1.104691,0.26699612,0.5229374,0.62965345,0.5576387,0.13824749
1783532937.7033,54,left_handIndex_1_joint,0.17838676,1.1699613,0.29985312,0.5229374,0.62965345,0.5576387,0.13824749
1783532937.7033,54,left_handIndex_2_joint,0.15901656,1.2079091,0.31895602,0.5229374,0.62965345,0.5576387,0.13824749
1783532937.7033,54,left_handIndex_3_joint,0.14816925,1.2291598,0.32965362,0.5229374,0.62965345,0.5576387,0.13824749
1783532937.7033,54,left_handIndexEnd_joint,0.14042118,1.244339,0.33729476,0.5229374,0.62965345,0.5576387,0.13824749
1783532937.7033,54,left_handMidStart_joint,0.2213079,1.1119682,0.26273307,0.5591424,0.6190645,0.52105474,0.18061346
1783532937.7033,54,left_handMid_1_joint,0.197783,1.1789,0.29002732,0.5591424,0.6190645,0.52105474,0.18061346
1783532937.7033,54,left_handMid_2_joint,0.18125196,1.2259331,0.30920708,0.5591424,0.6190645,0.52105474,0.18061346
1783532937.7033,54,left_handMid_3_joint,0.17171484,1.2530676,0.32027233,0.5591424,0.6190645,0.52105474,0.18061346
1783532937.7033,54,left_handMidEnd_joint,0.16535674,1.2711573,0.32764915,0.5591424,0.6190645,0.52105474,0.18061346
1783532937.7033,54,left_handPinkyStart_joint,0.24525134,1.1230792,0.25423247,0.63100016,0.57512283,0.46800113,0.22813986
1783532937.7033,54,left_handPinky_1_joint,0.23892774,1.1827289,0.27507365,0.63100016,0.57512283,0.46800113,0.22813986
1783532937.7033,54,left_handPinky_2_joint,0.235022,1.2195712,0.28794616,0.63100016,0.57512283,0.46800113,0.22813986
1783532937.7033,54,left_handPinky_3_joint,0.23297611,1.2388697,0.2946889,0.63100016,0.57512283,0.46800113,0.22813986
1783532937.7033,54,left_handPinkyEnd_joint,0.23111622,1.2564137,0.30081865,0.63100016,0.57512283,0.46800113,0.22813986
1783532937.7033,54,left_handRingStart_joint,0.23232542,1.1175531,0.25905553,0.5961812,0.59844977,0.4947158,0.20416237
1783532937.7033,54,left_handRing_1_joint,0.21795194,1.1815073,0.28319052,0.5961812,0.59844977,0.4947158,0.20416237
1783532937.7033,54,left_handRing_2_joint,0.20780598,1.2266514,0.300227,0.5961812,0.59844977,0.4947158,0.20416237
1783532937.7033,54,left_handRing_3_joint,0.20146473,1.2548665,0.3108748,0.5961812,0.59844977,0.4947158,0.20416237
1783532937.7033,54,left_handRingEnd_joint,0.19723724,1.2736766,0.31797332,0.5961812,0.59844977,0.4947158,0.20416237
1783532937.7033,54,left_handThumbStart_joint,0.21602072,1.1004854,0.27689192,0.26275903,0.87610835,0.14947537,-0.37556532
1783532937.7033,54,left_handThumb_1_joint,0.18488865,1.1191815,0.31644586,0.26275903,0.87610835,0.14947537,-0.37556532
1783532937.7033,54,left_handThumb_2_joint,0.1626347,1.1325432,0.3447182,0.26275903,0.87610835,0.14947535,-0.37556532
1783532937.7033,54,left_handThumbEnd_joint,0.14779873,1.1414511,0.36356643,0.26275903,0.87610835,0.14947532,-0.37556532
1783532937.7033,54,neck_1_joint,0.0007343557,0.58746547,-0.014892055,0.5272171,0.4577213,0.54945534,0.45894727
1783532937.7033,54,neck_2_joint,4.975587e-05,0.61707485,-0.010115313,0.53188884,0.45172974,0.55851614,0.44843596
1783532937.7033,54,neck_3_joint,-0.0012302515,0.65633315,-0.0025555736,0.5236269,0.46042424,0.55620855,0.4521693
1783532937.7033,54,neck_4_joint,-0.0029389258,0.6957404,0.0040889126,0.5104204,0.4743394,0.5481358,0.46262378
1783532937.7033,54,head_joint,-0.0052781557,0.74162686,0.01021816,0.4465715,0.53456783,0.49281287,0.5214854
1783532937.7033,54,jaw_joint,-0.004029517,0.71741813,0.018116042,0.4465715,0.53456783,0.49281287,0.5214854
1783532937.7033,54,chin_joint,-0.0048212004,0.6793883,0.123249836,0.4465715,0.53456783,0.49281287,0.5214854
1783532937.7033,54,left_eye_joint,0.021902572,0.7859272,0.09331537,0.4512167,0.5306529,0.49734214,0.51716757
1783532937.7033,54,left_eyeLowerLid_joint,0.021902572,0.7859272,0.09331537,0.4512167,0.5306529,0.49734214,0.51716757
1783532937.7033,54,left_eyeUpperLid_joint,0.021902572,0.7859272,0.09331537,0.4512167,0.5306529,0.49734214,0.51716757
1783532937.7033,54,left_eyeball_joint,0.021902572,0.7859272,0.09331537,0.4512167,0.5306529,0.49734214,0.51716757
1783532937.7033,54,nose_joint,-0.009297994,0.75432295,0.119409084,0.45121944,0.5306505,0.49734488,0.517165
1783532937.7033,54,right_eye_joint,-0.04258316,0.7819765,0.091400735,0.4512167,0.5306529,0.49734214,0.51716757
1783532937.7033,54,right_eyeLowerLid_joint,-0.04258316,0.7819765,0.091400735,0.4512167,0.5306529,0.49734214,0.51716757
1783532937.7033,54,right_eyeUpperLid_joint,-0.04258316,0.7819765,0.091400735,0.4512167,0.5306529,0.49734214,0.51716757
1783532937.7033,54,right_eyeball_joint,-0.04258316,0.7819765,0.091400735,0.4512167,0.5306529,0.49734214,0.51716757
1783532937.7033,54,right_shoulder_1_joint,-0.08847413,0.56510675,-0.012414359,0.4628783,-0.06691125,-0.30180022,0.83077276
1783532937.7033,54,right_arm_joint,-0.20580135,0.6468272,0.011985446,0.40708694,0.059338704,-0.48462808,0.7719423
1783532937.7033,54,right_forearm_joint,-0.3449729,0.83299017,0.14130343,0.25569493,0.07317079,-0.72504914,0.6352718
1783532937.7033,54,right_hand_joint,-0.32833183,1.0698193,0.26557466,-0.17810911,0.49478224,-0.53501475,0.66123164
1783532937.7033,54,right_handIndexStart_joint,-0.31387478,1.0867721,0.2837273,-0.14082196,0.53908193,-0.5454919,0.6260981
1783532937.7033,54,right_handIndex_1_joint,-0.29971287,1.1538224,0.32560134,-0.14082196,0.53908193,-0.5454919,0.6260981
1783532937.7033,54,right_handIndex_2_joint,-0.2914795,1.192805,0.34994727,-0.14082196,0.53908193,-0.5454919,0.6260981
1783532937.7033,54,right_handIndex_3_joint,-0.28686836,1.2146361,0.3635805,-0.14082196,0.53908193,-0.5454919,0.6260981
1783532937.7033,54,right_handIndexEnd_joint,-0.2835747,1.2302293,0.37331843,-0.14082196,0.53908193,-0.5454919,0.6260981
1783532937.7033,54,right_handMidStart_joint,-0.32443604,1.0921875,0.2789831,-0.1775,0.49557838,-0.53495723,0.6608455
1783532937.7033,54,right_handMid_1_joint,-0.31960502,1.1593076,0.3143373,-0.1775,0.49557838,-0.53495723,0.6608455
1783532937.7033,54,right_handMid_2_joint,-0.31620997,1.2064728,0.3391802,-0.1775,0.49557838,-0.53495723,0.6608455
1783532937.7033,54,right_handMid_3_joint,-0.31425136,1.2336835,0.35351294,-0.1775,0.49557838,-0.53495723,0.6608455
1783532937.7033,54,right_handMidEnd_joint,-0.31294551,1.2518237,0.36306766,-0.1775,0.49557838,-0.53495723,0.6608455
1783532937.7033,54,right_handPinkyStart_joint,-0.34935752,1.0986428,0.26867515,-0.21751437,0.43164045,-0.48841536,0.7265155
1783532937.7033,54,right_handPinky_1_joint,-0.3589,1.155632,0.2950096,-0.21751437,0.43164045,-0.48841536,0.7265155
1783532937.7033,54,right_handPinky_2_joint,-0.3647937,1.1908323,0.311275,-0.21751437,0.43164045,-0.48841536,0.7265155
1783532937.7033,54,right_handPinky_3_joint,-0.36788127,1.2092698,0.31979534,-0.21751435,0.43164045,-0.48841536,0.7265155
1783532937.7033,54,right_handPinkyEnd_joint,-0.37068796,1.2260312,0.32754067,-0.21751437,0.43164045,-0.48841536,0.7265155
1783532937.7033,54,right_handRingStart_joint,-0.33603424,1.0955912,0.27451095,-0.19718947,0.46382537,-0.5128843,0.69493335
1783532937.7033,54,right_handRing_1_joint,-0.33908182,1.1581614,0.30541188,-0.19718947,0.46382537,-0.5128843,0.69493335
1783532937.7033,54,right_handRing_2_joint,-0.3412332,1.2023282,0.32722425,-0.19718947,0.46382537,-0.5128843,0.69493335
1783532937.7033,54,right_handRing_3_joint,-0.34257755,1.229933,0.34085685,-0.19718947,0.46382537,-0.5128843,0.69493335
1783532937.7033,54,right_handRingEnd_joint,-0.3434743,1.2483362,0.34994614,-0.19718947,0.46382537,-0.5128843,0.69493335
1783532937.7033,54,right_handThumbStart_joint,-0.31804445,1.0806837,0.29266092,-0.4152275,-0.21856491,0.8110365,-0.34933585
1783532937.7033,54,right_handThumb_1_joint,-0.2959724,1.1013663,0.3370269,-0.4152275,-0.21856488,0.8110365,-0.34933585
1783532937.7033,54,right_handThumb_2_joint,-0.28019372,1.1161484,0.3687383,-0.4152275,-0.21856488,0.8110365,-0.34933585
1783532937.7033,54,right_handThumbEnd_joint,-0.26967537,1.1260029,0.3898795,-0.41522747,-0.21856484,0.8110365,-0.34933585
1783532937.7033,54,camera,0.11060307,0.0737207,-0.023079408,-0.07471001,-0.07590575,-0.6995496,0.7066024
1783532937.7380,55,root,-0.0013901206,0.017905904,0.0046939524,0.07715752,0.005967848,-0.015304023,0.99688363
1783532937.7380,55,hips_joint,-0.0013901206,0.017905904,0.0046939524,0.07715752,0.005967848,-0.015304023,0.99688363
1783532937.7380,55,left_upLeg_joint,0.0983196,-0.009886209,0.00036917,-0.5869933,0.43122303,-0.40242025,0.554566
1783532937.7380,55,left_leg_joint,0.22642238,-0.4110216,-0.0020931342,-0.41283315,0.587378,-0.21129154,0.6632584
1783532937.7380,55,left_foot_joint,0.32734352,-0.76098007,-0.27863136,0.68721294,-0.2078017,0.5753535,-0.39182281
1783532937.7380,55,left_toes_joint,0.364836,-0.8707392,-0.18504864,0.7141425,-0.073783986,0.6391888,-0.27567035
1783532937.7380,55,left_toesEnd_joint,0.37526914,-0.898509,-0.13213696,0.71414244,-0.073783785,0.6391888,-0.2756706
1783532937.7380,55,right_upLeg_joint,-0.10265173,-0.00393128,0.0032378181,0.5631407,0.38899037,0.3726593,0.62664527
1783532937.7380,55,right_leg_joint,-0.2793522,-0.3850892,0.03178742,0.6736059,0.1865385,0.5195636,0.49143884
1783532937.7380,55,right_foot_joint,-0.45793602,-0.7335456,-0.20446528,0.41523328,0.5622473,0.10594208,0.7072733
1783532937.7380,55,right_toes_joint,-0.5093979,-0.8254665,-0.09904862,0.3011412,0.6307573,-0.030032068,0.7145329
1783532937.7380,55,right_toesEnd_joint,-0.5216808,-0.84590745,-0.043273028,0.30114168,0.6307573,-0.030032502,0.71453273
1783532937.7380,55,spine_1_joint,-0.0013901405,0.017905904,0.004693953,0.5303714,0.47319666,0.5176479,0.47626865
1783532937.7380,55,spine_2_joint,-0.0004548387,0.0751721,0.010354496,0.51351625,0.49001113,0.5043674,0.49173543
1783532937.7380,55,spine_3_joint,0.0001785536,0.13268398,0.01243158,0.5019046,0.49759534,0.49687228,0.5035957
1783532937.7380,55,spine_4_joint,0.0007639332,0.18573481,0.012303783,0.49767786,0.4972797,0.49543157,0.50948745
1783532937.7380,55,spine_5_joint,0.0017881508,0.25618052,0.0111235175,0.5061476,0.48388466,0.5067437,0.5028728
1783532937.7380,55,spine_6_joint,0.003481962,0.34995845,0.014142687,0.48505104,0.50082904,0.4939573,0.5195212
1783532937.7380,55,spine_7_joint,0.004575006,0.4569796,0.010458045,0.44463566,0.5368079,0.4579429,0.55174726
1783532937.7380,55,left_shoulder_1_joint,0.094539724,0.5663576,-0.012960142,0.831848,0.3681625,-0.054304212,-0.41174802
1783532937.7380,55,left_arm_joint,0.19941284,0.6616887,0.017911492,0.72489995,0.59227884,0.07489971,-0.3436802
1783532937.7380,55,left_forearm_joint,0.27580193,0.8763936,0.15508032,0.51494074,0.845405,0.06583603,-0.1256674
1783532937.7380,55,left_hand_joint,0.15840736,1.1052723,0.23018783,0.486878,0.6355483,0.5613577,0.20953749
1783532937.7380,55,left_handIndexStart_joint,0.13391455,1.1178038,0.24183124,0.44994515,0.64744,0.59180915,0.1677288
1783532937.7380,55,left_handIndex_1_joint,0.09064055,1.1805385,0.26715916,0.44994515,0.64744,0.59180915,0.1677288
1783532937.7380,55,left_handIndex_2_joint,0.06548125,1.2170122,0.28188467,0.44994515,0.64744,0.59180915,0.1677288
1783532937.7380,55,left_handIndex_3_joint,0.05139205,1.2374375,0.29013097,0.44994515,0.64744,0.59180915,0.1677288
1783532937.7380,55,left_handIndexEnd_joint,0.04132833,1.2520269,0.2960212,0.44994515,0.64744,0.59180915,0.1677288
1783532937.7380,55,left_handMidStart_joint,0.14339861,1.1258134,0.23878568,0.48861495,0.63479555,0.5600615,0.21123798
1783532937.7380,55,left_handMid_1_joint,0.11046375,1.1909546,0.26000318,0.48861495,0.63479555,0.5600615,0.21123798
1783532937.7380,55,left_handMid_2_joint,0.08732034,1.2367295,0.27491277,0.48861495,0.63479555,0.5600615,0.21123798
1783532937.7380,55,left_handMid_3_joint,0.07396837,1.263138,0.28351447,0.48861495,0.63479555,0.5600615,0.21123798
1783532937.7380,55,left_handMidEnd_joint,0.06506706,1.2807438,0.2892489,0.48861495,0.63479555,0.5600615,0.21123798
1783532937.7380,55,left_handPinkyStart_joint,0.16731836,1.1388245,0.23353624,0.56541103,0.58986443,0.5152586,0.25861028
1783532937.7380,55,left_handPinky_1_joint,0.15291224,1.1981052,0.25116268,0.56541103,0.58986443,0.5152586,0.25861028
1783532937.7380,55,left_handPinky_2_joint,0.14401437,1.2347198,0.2620496,0.56541103,0.58986443,0.5152586,0.25861028
1783532937.7380,55,left_handPinky_3_joint,0.13935357,1.2538989,0.26775226,0.56541103,0.58986443,0.5152586,0.25861028
1783532937.7380,55,left_handPinkyEnd_joint,0.13511649,1.2713344,0.27293652,0.56541103,0.58986443,0.5152586,0.25861028
1783532937.7380,55,left_handRingStart_joint,0.15433015,1.1322756,0.2365853,0.5280484,0.61374795,0.5379019,0.2348192
1783532937.7380,55,left_handRing_1_joint,0.13113596,1.1951976,0.25613233,0.5280484,0.61374795,0.5379019,0.2348192
1783532937.7380,55,left_handRing_2_joint,0.11476358,1.239613,0.2699302,0.5280484,0.61374795,0.5379019,0.2348192
1783532937.7380,55,left_handRing_3_joint,0.10453085,1.2673728,0.27855393,0.5280484,0.61374795,0.5379019,0.2348192
1783532937.7380,55,left_handRingEnd_joint,0.09770902,1.2858791,0.28430304,0.5280484,0.61374795,0.5379019,0.2348192
1783532937.7380,55,left_handThumbStart_joint,0.1370391,1.1142092,0.25239384,0.21766177,0.91431063,0.1399819,-0.3115521
1783532937.7380,55,left_handThumb_1_joint,0.09885646,1.1309005,0.2862575,0.21766177,0.91431063,0.1399819,-0.3115521
1783532937.7380,55,left_handThumb_2_joint,0.07156307,1.1428293,0.31046242,0.21766177,0.91431063,0.13998188,-0.3115521
1783532937.7380,55,left_handThumbEnd_joint,0.053367488,1.1507818,0.326599,0.21766177,0.91431063,0.13998185,-0.3115521
1783532937.7380,55,neck_1_joint,0.0053424854,0.58744156,-0.020929474,0.5237382,0.45980918,0.5435946,0.467738
1783532937.7380,55,neck_2_joint,0.00492731,0.6171464,-0.016751613,0.5312862,0.45057034,0.5560727,0.4533261
1783532937.7380,55,neck_3_joint,0.003948874,0.65646344,-0.009457335,0.5250443,0.4569586,0.55606663,0.45421082
1783532937.7380,55,neck_4_joint,0.0025071758,0.695863,-0.0027050124,0.51310766,0.46959865,0.5492426,0.4631742
1783532937.7380,55,head_joint,0.000468058,0.74171317,0.0037922848,0.44979566,0.5301837,0.4938628,0.5221962
1783532937.7380,55,jaw_joint,0.0015236204,0.7174326,0.011495609,0.44979566,0.5301837,0.4938628,0.5221962
1783532937.7380,55,chin_joint,0.00013932884,0.6785525,0.116311766,0.44979566,0.5301837,0.4938628,0.5221962
1783532937.7380,55,left_eye_joint,0.027696798,0.785143,0.08733208,0.45440248,0.5262408,0.4983983,0.51786923
1783532937.7380,55,left_eyeLowerLid_joint,0.027696798,0.785143,0.08733208,0.45440248,0.5262408,0.4983983,0.51786923
1783532937.7380,55,left_eyeUpperLid_joint,0.027696798,0.785143,0.08733208,0.45440248,0.5262408,0.4983983,0.51786923
1783532937.7380,55,left_eyeball_joint,0.027696798,0.785143,0.08733208,0.45440248,0.5262408,0.4983983,0.51786923
1783532937.7380,55,nose_joint,-0.0038041198,0.7535455,0.11307058,0.45440513,0.52623826,0.4984009,0.5178666
1783532937.7380,55,right_eye_joint,-0.03680855,0.7816584,0.085187584,0.45440248,0.5262408,0.4983983,0.51786923
1783532937.7380,55,right_eyeLowerLid_joint,-0.03680855,0.7816584,0.085187584,0.45440248,0.5262408,0.4983983,0.51786923
1783532937.7380,55,right_eyeUpperLid_joint,-0.03680855,0.7816584,0.085187584,0.45440248,0.5262408,0.4983983,0.51786923
1783532937.7380,55,right_eyeball_joint,-0.03680855,0.7816584,0.085187584,0.45440248,0.5262408,0.4983983,0.51786923
1783532937.7380,55,right_shoulder_1_joint,-0.08412024,0.56617826,-0.018013382,0.4204952,-0.060914665,-0.33643588,0.84040713
1783532937.7380,55,right_arm_joint,-0.195257,0.6556323,0.00817569,0.3492582,0.07892632,-0.5586106,0.74816024
1783532937.7380,55,right_forearm_joint,-0.2919295,0.86329526,0.14337571,0.18497981,0.09095651,-0.7896534,0.57789034
1783532937.7380,55,right_hand_joint,-0.22127882,1.0988457,0.24983123,-0.2000517,0.54786634,-0.57590634,0.57284737
1783532937.7380,55,right_handIndexStart_joint,-0.2017188,1.1140295,0.26441815,-0.15986912,0.5860062,-0.58783823,0.5343081
1783532937.7380,55,right_handIndex_1_joint,-0.17136852,1.1795259,0.29961517,-0.15986912,0.5860062,-0.58783823,0.5343081
1783532937.7380,55,right_handIndex_2_joint,-0.15372321,1.2176051,0.32007918,-0.15986912,0.5860062,-0.58783823,0.5343081
1783532937.7380,55,right_handIndex_3_joint,-0.14384143,1.23893,0.3315384,-0.15986912,0.5860062,-0.58783823,0.5343081
1783532937.7380,55,right_handIndexEnd_joint,-0.13678302,1.2541618,0.3397235,-0.15986912,0.5860062,-0.58783823,0.5343081
1783532937.7380,55,right_handMidStart_joint,-0.21205688,1.1208007,0.261155,-0.19937511,0.54858214,-0.5758892,0.57241505
1783532937.7380,55,right_handMid_1_joint,-0.19189906,1.1875457,0.29143944,-0.19937511,0.54858214,-0.5758892,0.57241505
1783532937.7380,55,right_handMid_2_joint,-0.17773397,1.2344471,0.31271976,-0.19937511,0.54858214,-0.5758892,0.57241505
1783532937.7380,55,right_handMid_3_joint,-0.16956183,1.2615056,0.32499716,-0.19937511,0.54858214,-0.5758892,0.57241505
1783532937.7380,55,right_handMidEnd_joint,-0.16411373,1.2795445,0.33318168,-0.19937511,0.54858214,-0.5758892,0.57241505
1783532937.7380,55,right_handPinkyStart_joint,-0.2371951,1.1305572,0.25468296,-0.24137011,0.49446815,-0.5296892,0.64550084
1783532937.7380,55,right_handPinky_1_joint,-0.2340113,1.1891384,0.2789819,-0.24137011,0.49446815,-0.5296892,0.64550084
1783532937.7380,55,right_handPinky_2_joint,-0.23204446,1.2253219,0.29398996,-0.24137011,0.49446815,-0.5296892,0.64550084
1783532937.7380,55,right_handPinky_3_joint,-0.23101465,1.2442745,0.3018518,-0.24137011,0.49446815,-0.5296892,0.64550084
1783532937.7380,55,right_handPinkyEnd_joint,-0.23007835,1.2615042,0.30899847,-0.24137011,0.49446815,-0.5296892,0.64550084
1783532937.7380,55,right_handRingStart_joint,-0.22364467,1.1257464,0.25844082,-0.22016859,0.5217944,-0.5541022,0.6101045
1783532937.7380,55,right_handRing_1_joint,-0.21256638,1.1890236,0.28587165,-0.22016859,0.5217944,-0.5541022,0.6101045
1783532937.7380,55,right_handRing_2_joint,-0.20474659,1.2336894,0.3052346,-0.22016859,0.5217944,-0.5541022,0.6101045
1783532937.7380,55,right_handRing_3_joint,-0.1998589,1.2616062,0.31733623,-0.22016859,0.5217944,-0.5541022,0.6101045
1783532937.7380,55,right_handRingEnd_joint,-0.19660084,1.2802174,0.32540497,-0.22016859,0.5217944,-0.5541022,0.6101045
1783532937.7380,55,right_handThumbStart_joint,-0.20513879,1.108915,0.274237,-0.35324797,-0.19807366,0.8707376,-0.27892482
1783532937.7380,55,right_handThumb_1_joint,-0.1732006,1.1274855,0.31320325,-0.35324797,-0.19807366,0.8707376,-0.27892482
1783532937.7380,55,right_handThumb_2_joint,-0.15037015,1.1407578,0.34105477,-0.35324797,-0.19807366,0.8707376,-0.27892482
1783532937.7380,55,right_handThumbEnd_joint,-0.13515054,1.1496059,0.35962284,-0.35324794,-0.19807361,0.8707376,-0.27892482
1783532937.7380,55,camera,0.11062037,0.07373747,-0.022625806,-0.074505195,-0.07592831,-0.69946057,0.7067098
1783532937.7709,56,root,-0.0016461259,0.019467004,0.006495726,0.08154861,0.0040415344,-0.015928244,0.99653393
1783532937.7709,56,hips_joint,-0.0016461259,0.019467004,0.006495726,0.08154861,0.0040415344,-0.015928244,0.99653393
1783532937.7709,56,left_upLeg_joint,0.098035365,-0.008447929,0.0023137128,-0.58639044,0.42742747,-0.40255204,0.55803585
1783532937.7709,56,left_leg_joint,0.22879359,-0.4087278,0.00023585185,-0.41111702,0.58345395,-0.20392653,0.67005837
1783532937.7709,56,left_foot_joint,0.33671382,-0.75308925,-0.2806516,0.68344206,-0.205771,0.5737491,-0.40171775
1783532937.7709,56,left_toes_joint,0.3750061,-0.86370593,-0.18841209,0.71005505,-0.07250482,0.639489,-0.28568995
1783532937.7709,56,left_toesEnd_joint,0.38541538,-0.8921164,-0.13583687,0.71005505,-0.0725046,0.63948894,-0.28569016
1783532937.7709,56,right_upLeg_joint,-0.10293587,-0.0021923624,0.004457059,0.56717795,0.38151658,0.3674007,0.63069093
1783532937.7709,56,right_leg_joint,-0.28776363,-0.37957948,0.031607,0.67756504,0.17001122,0.5196641,0.49188545
1783532937.7709,56,right_foot_joint,-0.47164154,-0.7187267,-0.21394855,0.4285421,0.5516784,0.10574578,0.70768684
1783532937.7709,56,right_toes_joint,-0.526625,-0.8114997,-0.11108712,0.3162119,0.6229024,-0.030303214,0.7149018
1783532937.7709,56,right_toesEnd_joint,-0.54010046,-0.8327677,-0.05589925,0.31621242,0.62290245,-0.030303642,0.7149015
1783532937.7709,56,spine_1_joint,-0.0016461457,0.019467006,0.006495726,0.5335373,0.46795687,0.52249193,0.47260642
1783532937.7709,56,spine_2_joint,-0.00072314154,0.07662914,0.013126918,0.5171736,0.48491314,0.509675,0.48746532
1783532937.7709,56,spine_3_joint,-0.0001371707,0.13409375,0.016259195,0.50470805,0.49391267,0.5009661,0.50035334
1783532937.7709,56,spine_4_joint,0.0004022227,0.18714176,0.016865151,0.49848443,0.49601242,0.49684715,0.508555
1783532937.7709,56,spine_5_joint,0.0014061031,0.25759232,0.015996804,0.50417745,0.4857737,0.5044136,0.5053674
1783532937.7709,56,spine_6_joint,0.0031982576,0.35139105,0.01820249,0.48029077,0.5055882,0.48731992,0.52556723
1783532937.7709,56,spine_7_joint,0.004661003,0.4582998,0.012146415,0.43744418,0.54322577,0.44688356,0.56021744
1783532937.7709,56,left_shoulder_1_joint,0.095304504,0.5662479,-0.014993706,0.8453512,0.37470672,-0.04972375,-0.3774969
1783532937.7709,56,left_arm_joint,0.19890556,0.6635847,0.013846993,0.71923316,0.61952496,0.08447253,-0.30291402
1783532937.7709,56,left_forearm_joint,0.25691888,0.8870107,0.14599878,0.501872,0.8556521,0.07752064,-0.099872716
1783532937.7709,56,left_hand_joint,0.12928462,1.1130091,0.21264927,0.46091723,0.63670003,0.5768562,0.22227304
1783532937.7709,56,left_handIndexStart_joint,0.103818215,1.1249357,0.22273487,0.42303705,0.6494266,0.60560524,0.18035257
1783532937.7709,56,left_handIndex_1_joint,0.057477005,1.1866069,0.24507207,0.42303705,0.6494266,0.60560524,0.18035257
1783532937.7709,56,left_handIndex_2_joint,0.030534443,1.2224622,0.25805882,0.42303705,0.6494266,0.60560524,0.18035257
1783532937.7709,56,left_handIndex_3_joint,0.015446608,1.2425411,0.26533142,0.42303705,0.6494266,0.60560524,0.18035257
1783532937.7709,56,left_handIndexEnd_joint,0.0046695815,1.2568833,0.2705261,0.42303705,0.6494266,0.60560524,0.18035257
1783532937.7709,56,left_handMidStart_joint,0.11325511,1.1331809,0.22021706,0.46269774,0.6359164,0.5756369,0.22397134
1783532937.7709,56,left_handMid_1_joint,0.07741447,1.1975143,0.23905642,0.46269774,0.6359164,0.5756369,0.22397134
1783532937.7709,56,left_handMid_2_joint,0.05222915,1.2427216,0.2522949,0.46269774,0.6359164,0.5756369,0.22397134
1783532937.7709,56,left_handMid_3_joint,0.03769916,1.2688026,0.2599325,0.46269774,0.6359164,0.5756369,0.22397134
1783532937.7709,56,left_handMidEnd_joint,0.028012497,1.28619,0.2650242,0.46269774,0.6359164,0.5756369,0.22397134
1783532937.7709,56,left_handPinkyStart_joint,0.1370981,1.1467986,0.21633503,0.5412711,0.590491,0.53389275,0.2707481
1783532937.7709,56,left_handPinky_1_joint,0.12011516,1.2057489,0.2327319,0.5412711,0.590491,0.53389275,0.2707481
1783532937.7709,56,left_handPinky_2_joint,0.1096257,1.2421595,0.24285936,0.5412711,0.590491,0.53389275,0.2707481
1783532937.7709,56,left_handPinky_3_joint,0.10413122,1.2612317,0.24816422,0.5412711,0.590491,0.53389275,0.2707481
1783532937.7709,56,left_handPinkyEnd_joint,0.09913623,1.2785699,0.25298682,0.5412711,0.590491,0.53389275,0.2707481
1783532937.7709,56,left_handRingStart_joint,0.12412616,1.139921,0.21863835,0.50299376,0.6146383,0.5550329,0.24729669
1783532937.7709,56,left_handRing_1_joint,0.09816351,1.2022867,0.23640577,0.50299376,0.6146383,0.5550329,0.24729669
1783532937.7709,56,left_handRing_2_joint,0.07983693,1.2463096,0.24894749,0.50299376,0.6146383,0.5550329,0.24729669
1783532937.7709,56,left_handRing_3_joint,0.06838282,1.273824,0.25678605,0.50299376,0.6146383,0.5550329,0.24729669
1783532937.7709,56,left_handRingEnd_joint,0.060746744,1.2921668,0.26201177,0.50299376,0.6146383,0.5550329,0.24729669
1783532937.7709,56,left_handThumbStart_joint,0.10639659,1.1214682,0.23348567,0.20207728,0.92636085,0.14010265,-0.2852921
1783532937.7709,56,left_handThumb_1_joint,0.06582823,1.1372819,0.2649085,0.20207728,0.92636085,0.14010265,-0.2852921
1783532937.7709,56,left_handThumb_2_joint,0.036829624,1.1485832,0.28736866,0.20207728,0.92636085,0.14010264,-0.2852921
1783532937.7709,56,left_handThumbEnd_joint,0.017497232,1.1561174,0.30234212,0.20207728,0.92636085,0.1401026,-0.2852921
1783532937.7709,56,neck_1_joint,0.006235806,0.5876396,-0.023558391,0.5211819,0.4635607,0.5373966,0.47401053
1783532937.7709,56,neck_2_joint,0.0060147867,0.6174194,-0.019937463,0.5316455,0.45116737,0.5527433,0.45637253
1783532937.7709,56,neck_3_joint,0.0052886116,0.6567888,-0.012900412,0.5273997,0.45529985,0.5546902,0.45483044
1783532937.7709,56,neck_4_joint,0.004090277,0.696182,-0.0060636797,0.51667124,0.46670645,0.54894567,0.46248788
1783532937.7709,56,head_joint,0.0023331796,0.7419973,0.00075417757,0.4536799,0.5277311,0.49367255,0.52149993
1783532937.7709,56,jaw_joint,0.0032635152,0.71765834,0.008287504,0.4536799,0.5277311,0.49367255,0.52149993
1783532937.7709,56,chin_joint,0.0018789279,0.67806363,0.11283582,0.4536799,0.5277311,0.49367255,0.52149993
1783532937.7709,56,left_eye_joint,0.029995983,0.7846895,0.08453129,0.45826513,0.5237543,0.49820185,0.51717466
1783532937.7709,56,left_eyeLowerLid_joint,0.029995983,0.7846895,0.08453129,0.45826513,0.5237543,0.49820185,0.51717466
1783532937.7709,56,left_eyeUpperLid_joint,0.029995983,0.7846895,0.08453129,0.45826513,0.5237543,0.49820185,0.51717466
1783532937.7709,56,left_eyeball_joint,0.029995983,0.7846895,0.08453129,0.45826513,0.5237543,0.49820185,0.51717466
1783532937.7709,56,nose_joint,-0.00163325,0.75309896,0.11012065,0.4582679,0.523752,0.49820462,0.51717204
1783532937.7709,56,right_eye_joint,-0.034533124,0.78159577,0.08250504,0.45826513,0.5237543,0.49820185,0.51717466
1783532937.7709,56,right_eyeLowerLid_joint,-0.034533124,0.78159577,0.08250504,0.45826513,0.5237543,0.49820185,0.51717466
1783532937.7709,56,right_eyeUpperLid_joint,-0.034533124,0.78159577,0.08250504,0.45826513,0.5237543,0.49820185,0.51717466
1783532937.7709,56,right_eyeball_joint,-0.034533124,0.78159577,0.08250504,0.45826513,0.5237543,0.49820185,0.51717466
1783532937.7709,56,right_shoulder_1_joint,-0.08335945,0.56707156,-0.019836668,0.3779636,-0.059518185,-0.3524581,0.85403425
1783532937.7709,56,right_arm_joint,-0.191343,0.6609204,0.004063301,0.2943829,0.08099786,-0.59794533,0.741107
1783532937.7709,56,right_forearm_joint,-0.26363838,0.8839746,0.12963681,0.13340025,0.08899649,-0.82039636,0.5488481
1783532937.7709,56,right_hand_joint,-0.16664888,1.1189317,0.21446913,-0.22376691,0.5648027,-0.6016384,0.5186118
1783532937.7709,56,right_handIndexStart_joint,-0.14474474,1.1333635,0.22621022,0.18174937,-0.59920573,0.6151652,-0.47905308
1783532937.7709,56,right_handIndex_1_joint,-0.10660133,1.1981902,0.25435838,0.18174937,-0.59920573,0.6151652,-0.47905308
1783532937.7709,56,right_handIndex_2_joint,-0.084425084,1.2358801,0.2707242,0.18174937,-0.59920573,0.6151652,-0.47905308
1783532937.7709,56,right_handIndex_3_joint,-0.07200599,1.2569871,0.27988842,0.18174937,-0.59920573,0.6151652,-0.47905308
1783532937.7709,56,right_handIndexEnd_joint,-0.063135244,1.2720631,0.2864342,0.18174937,-0.59920573,0.6151652,-0.47905308
1783532937.7709,56,right_handMidStart_joint,-0.15485412,1.1407083,0.22352207,-0.22305256,0.56547195,-0.6016586,0.5181663
1783532937.7709,56,right_handMid_1_joint,-0.12722233,1.2072811,0.24766572,-0.22305256,0.56547195,-0.6016586,0.5181663
1783532937.7709,56,right_handMid_2_joint,-0.10780536,1.2540616,0.2646309,-0.22305256,0.56547195,-0.6016586,0.5181663
1783532937.7709,56,right_handMid_3_joint,-0.09660326,1.2810504,0.2744188,-0.22305256,0.56547195,-0.6016586,0.5181663
1783532937.7709,56,right_handMidEnd_joint,-0.08913522,1.2990426,0.28094366,-0.22305256,0.56547195,-0.6016586,0.5181663
1783532937.7709,56,right_handPinkyStart_joint,-0.17976168,1.1519676,0.21884768,-0.26681137,0.51783806,-0.5546495,0.5941546
1783532937.7709,56,right_handPinky_1_joint,-0.17013599,1.2113677,0.23912838,-0.26681137,0.51783806,-0.5546495,0.5941546
1783532937.7709,56,right_handPinky_2_joint,-0.1641903,1.2480569,0.25165448,-0.26681137,0.51783806,-0.5546495,0.5941546
1783532937.7709,56,right_handPinky_3_joint,-0.16107634,1.2672745,0.25821635,-0.26681137,0.51783806,-0.5546495,0.5941546
1783532937.7709,56,right_handPinkyEnd_joint,-0.15824537,1.284745,0.2641812,-0.26681137,0.51783806,-0.5546495,0.5941546
1783532937.7709,56,right_handRingStart_joint,-0.16627797,1.1463593,0.22160755,-0.24481453,0.54193336,-0.5795233,0.55724967
1783532937.7709,56,right_handRing_1_joint,-0.14818099,1.2100095,0.243976,-0.24481453,0.54193336,-0.5795233,0.55724967
1783532937.7709,56,right_handRing_2_joint,-0.13540685,1.2549386,0.25976557,-0.24481453,0.54193336,-0.5795233,0.55724967
1783532937.7709,56,right_handRing_3_joint,-0.12742269,1.2830198,0.26963374,-0.24481453,0.54193336,-0.5795233,0.55724967
1783532937.7709,56,right_handRingEnd_joint,-0.1221002,1.3017409,0.27621353,-0.24481453,0.54193336,-0.5795233,0.55724967
1783532937.7709,56,right_handThumbStart_joint,-0.14753745,1.1290582,0.23659919,-0.30990756,-0.1730935,0.9015736,-0.24730803
1783532937.7709,56,right_handThumb_1_joint,-0.11072565,1.1472448,0.27120295,-0.30990756,-0.17309348,0.9015736,-0.24730805
1783532937.7709,56,right_handThumb_2_joint,-0.08441182,1.1602423,0.29593623,-0.30990756,-0.17309347,0.9015736,-0.24730805
1783532937.7709,56,right_handThumbEnd_joint,-0.06686993,1.1689074,0.31242555,-0.30990756,-0.17309345,0.9015736,-0.24730803
1783532937.7709,56,camera,0.11072934,0.07379456,-0.022250466,-0.07444585,-0.07611236,-0.6993734,0.7067826
1783532937.8042,57,root,-0.0015615744,0.021386338,0.00672385,0.083987884,0.0035259645,-0.013040148,0.9963752
1783532937.8042,57,hips_joint,-0.0015615744,0.021386338,0.00672385,0.083987884,0.0035259645,-0.013040148,0.9963752
1783532937.8042,57,left_upLeg_joint,0.098282486,-0.0059447833,0.0025637674,-0.5924189,0.41855535,-0.3993772,0.5606683
1783532937.8042,57,left_leg_joint,0.23750621,-0.40336153,0.0041874815,-0.41834602,0.5779165,-0.19714217,0.67240924
1783532937.8042,57,left_foot_joint,0.35379708,-0.74572796,-0.2757965,0.6857179,-0.19695382,0.56985825,-0.4077522
1783532937.8042,57,left_toes_joint,0.39447406,-0.85524124,-0.18326159,0.71061844,-0.063416116,0.6368123,-0.29235253
1783532937.8042,57,left_toesEnd_joint,0.4054477,-0.88329506,-0.13060966,0.71061844,-0.06341591,0.63681227,-0.29235274
1783532937.8042,57,right_upLeg_joint,-0.10272399,-0.00083405495,0.004418364,0.57082695,0.37609208,0.36585996,0.631552
1783532937.8042,57,right_leg_joint,-0.29196432,-0.37623274,0.0285714,0.68186,0.15651764,0.5208696,0.48914608
1783532937.8042,57,right_foot_joint,-0.4787248,-0.7068701,-0.22624004,0.4402443,0.54370475,0.10838399,0.7062739
1783532937.8042,57,right_toes_joint,-0.5361432,-0.8010318,-0.12600455,0.3292134,0.6172914,-0.027444964,0.7140144
1783532937.8042,57,right_toesEnd_joint,-0.5504829,-0.8233092,-0.07143615,0.32921386,0.6172914,-0.02744538,0.71401423
1783532937.8042,57,spine_1_joint,-0.0015615943,0.021386338,0.00672385,0.5335136,0.46782845,0.5274877,0.46717903
1783532937.8042,57,spine_2_joint,-0.0012285807,0.07848157,0.013959646,0.51707494,0.48565158,0.5154727,0.4806908
1783532937.8042,57,spine_3_joint,-0.0014092639,0.13590798,0.017768461,0.50392663,0.49620706,0.50621694,0.49353904
1783532937.8042,57,spine_4_joint,-0.0016720918,0.18895048,0.01885062,0.49616888,0.50061744,0.50023746,0.50295234
1783532937.8042,57,spine_5_joint,-0.0017923835,0.25940967,0.018122435,0.5000624,0.4930866,0.50467294,0.50210404
1783532937.8042,57,spine_6_joint,-0.0013893321,0.3532394,0.019571394,0.474629,0.5145944,0.4840954,0.5249491
1783532937.8042,57,spine_7_joint,-0.0012185958,0.46003595,0.011650152,0.43067658,0.5526841,0.43981448,0.5618014
1783532937.8042,57,left_shoulder_1_joint,0.08848568,0.56782585,-0.019010706,0.85612476,0.37682885,-0.05739989,-0.34893498
1783532937.8042,57,left_arm_joint,0.19138551,0.66722596,0.0048782155,0.7258048,0.6262992,0.07440734,-0.27462757
1783532937.8042,57,left_forearm_joint,0.24576001,0.8981748,0.12510632,0.5085145,0.85269076,0.070653945,-0.09664124
1783532937.8042,57,left_hand_joint,0.12138242,1.1269021,0.18852611,0.46427748,0.63846743,0.5695901,0.22885141
1783532937.8042,57,left_handIndexStart_joint,0.09610995,1.1393296,0.19849424,0.42686045,0.6516139,0.59857553,0.18680747
1783532937.8042,57,left_handIndex_1_joint,0.05067132,1.2019664,0.21998243,0.42686045,0.6516139,0.59857553,0.18680747
1783532937.8042,57,left_handIndex_2_joint,0.024253506,1.2383832,0.23247556,0.42686045,0.6516139,0.59857553,0.18680747
1783532937.8042,57,left_handIndex_3_joint,0.009459531,1.2587765,0.23947172,0.42686045,0.6516139,0.59857553,0.18680747
1783532937.8042,57,left_handIndexEnd_joint,-0.0011075938,1.2733433,0.24446897,0.42686045,0.6516139,0.59857553,0.18680747
1783532937.8042,57,left_handMidStart_joint,0.105649024,1.1474056,0.19581869,0.4660374,0.63766474,0.56836313,0.23055668
1783532937.8042,57,left_handMid_1_joint,0.07073493,1.2125071,0.21373701,0.4660374,0.63766474,0.56836313,0.23055668
1783532937.8042,57,left_handMid_2_joint,0.046200708,1.2582542,0.22632825,0.4660374,0.63766474,0.56836313,0.23055668
1783532937.8042,57,left_handMid_3_joint,0.032046344,1.2846466,0.23359244,0.4660374,0.63766474,0.56836313,0.23055668
1783532937.8042,57,left_handMidEnd_joint,0.022610106,1.3022417,0.23843522,0.4660374,0.63766474,0.56836313,0.23055668
1783532937.8042,57,left_handPinkyStart_joint,0.12966084,1.1606374,0.1916523,0.54386705,0.5914514,0.52654904,0.27774066
1783532937.8042,57,left_handPinky_1_joint,0.113522775,1.2200638,0.20715967,0.54386705,0.5914514,0.52654904,0.27774066
1783532937.8042,57,left_handPinky_2_joint,0.10355514,1.2567683,0.21673775,0.54386705,0.5914514,0.52654904,0.27774066
1783532937.8042,57,left_handPinky_3_joint,0.09833401,1.2759947,0.22175483,0.54386705,0.5914514,0.52654904,0.27774066
1783532937.8042,57,left_handPinkyEnd_joint,0.09358751,1.293473,0.22631581,0.54386705,0.5914514,0.52654904,0.27774066
1783532937.8042,57,left_handRingStart_joint,0.116604775,1.1539726,0.19410184,0.505972,0.6159879,0.5477116,0.25409332
1783532937.8042,57,left_handRing_1_joint,0.09153799,1.2169567,0.2109512,0.505972,0.6159879,0.5477116,0.25409332
1783532937.8042,57,left_handRing_2_joint,0.073843785,1.2614161,0.22284484,0.505972,0.6159879,0.5477116,0.25409332
1783532937.8042,57,left_handRing_3_joint,0.06278491,1.2892032,0.23027837,0.505972,0.6159879,0.5477116,0.25409332
1783532937.8042,57,left_handRingEnd_joint,0.05541233,1.3077279,0.23523407,0.505972,0.6159879,0.5477116,0.25409332
1783532937.8042,57,left_handThumbStart_joint,0.098674685,1.1359982,0.20929132,0.2107765,0.9256344,0.13436772,-0.28411216
1783532937.8042,57,left_handThumb_1_joint,0.058419865,1.1528537,0.24057561,0.2107765,0.9256344,0.13436772,-0.28411216
1783532937.8042,57,left_handThumb_2_joint,0.02964537,1.1648997,0.2629368,0.2107765,0.9256344,0.1343677,-0.28411216
1783532937.8042,57,left_handThumbEnd_joint,0.010462377,1.1729302,0.27784425,0.2107765,0.9256344,0.13436767,-0.28411216
1783532937.8042,57,neck_1_joint,-0.00079109217,0.58844495,-0.027298987,0.51751107,0.47246772,0.5324222,0.47485015
1783532937.8042,57,neck_2_joint,-0.0011930349,0.6182846,-0.02422801,0.5294203,0.4587718,0.5492533,0.4555906
1783532937.8042,57,neck_3_joint,-0.0021650912,0.65773404,-0.017686112,0.52603596,0.46187374,0.55228174,0.45270634
1783532937.8042,57,neck_4_joint,-0.0036324908,0.69717276,-0.01117198,0.51537657,0.473041,0.5468312,0.4599939
1783532937.8042,57,head_joint,-0.005721242,0.7430218,-0.004682908,0.45165637,0.5338506,0.49186265,0.51872975
1783532937.8042,57,jaw_joint,-0.0045152307,0.71874946,0.0030243408,0.45165637,0.5338506,0.49186265,0.51872975
1783532937.8042,57,chin_joint,-0.0046280026,0.67993885,0.10787523,0.45165637,0.5338506,0.49186265,0.51872975
1783532937.8042,57,left_eye_joint,0.022320768,0.786582,0.07851929,0.456295,0.5298912,0.49636793,0.51442033
1783532937.8042,57,left_eyeLowerLid_joint,0.022320768,0.786582,0.07851929,0.456295,0.5298912,0.49636793,0.51442033
1783532937.8042,57,left_eyeUpperLid_joint,0.022320768,0.786582,0.07851929,0.456295,0.5298912,0.49636793,0.51442033
1783532937.8042,57,left_eyeball_joint,0.022320768,0.786582,0.07851929,0.456295,0.5298912,0.49636793,0.51442033
1783532937.8042,57,nose_joint,-0.008807108,0.7549188,0.10462826,0.4562978,0.52988887,0.49637067,0.51441777
1783532937.8042,57,right_eye_joint,-0.042194918,0.7829245,0.07709604,0.456295,0.5298912,0.49636793,0.51442033
1783532937.8042,57,right_eyeLowerLid_joint,-0.042194918,0.7829245,0.07709604,0.456295,0.5298912,0.49636793,0.51442033
1783532937.8042,57,right_eyeUpperLid_joint,-0.042194918,0.7829245,0.07709604,0.456295,0.5298912,0.49636793,0.51442033
1783532937.8042,57,right_eyeball_joint,-0.042194918,0.7829245,0.07709604,0.456295,0.5298912,0.49636793,0.51442033
1783532937.8042,57,right_shoulder_1_joint,-0.09021594,0.5674238,-0.022248449,0.34702528,-0.055458385,-0.35863876,0.8647981
1783532937.8042,57,right_arm_joint,-0.19705991,0.6629809,-5.6967732e-05,0.26078582,0.08643748,-0.6081783,0.7447404
1783532937.8042,57,right_forearm_joint,-0.26230505,0.891938,0.1185609,0.11639458,0.09563562,-0.81684375,0.5568414
1783532937.8042,57,right_hand_joint,-0.16777577,1.1297463,0.19805712,-0.24215865,0.5679669,-0.5948055,0.5147613
1783532937.8042,57,right_handIndexStart_joint,-0.1458215,1.1447614,0.20894176,0.20056349,-0.6021092,0.6096103,-0.47498828
1783532937.8042,57,right_handIndex_1_joint,-0.108210616,1.2106671,0.23524019,0.20056349,-0.6021092,0.6096103,-0.47498828
1783532937.8042,57,right_handIndex_2_joint,-0.08634395,1.2489842,0.2505306,0.20056349,-0.6021092,0.6096103,-0.47498828
1783532937.8042,57,right_handIndex_3_joint,-0.07409826,1.2704424,0.25909254,0.20056349,-0.6021092,0.6096103,-0.47498828
1783532937.8042,57,right_handIndexEnd_joint,-0.06535138,1.2857693,0.26520815,0.20056349,-0.6021092,0.6096103,-0.47498828
1783532937.8042,57,right_handMidStart_joint,-0.15617226,1.1518595,0.20652242,-0.24145,0.56863636,-0.5948454,0.5143085
1783532937.8042,57,right_handMid_1_joint,-0.12923418,1.2192445,0.22914913,-0.24145,0.56863636,-0.5948454,0.5143085
1783532937.8042,57,right_handMid_2_joint,-0.110304676,1.2665956,0.24504833,-0.24145,0.56863636,-0.5948454,0.5143085
1783532937.8042,57,right_handMid_3_joint,-0.09938381,1.2939137,0.25422123,-0.24145,0.56863636,-0.5948454,0.5143085
1783532937.8042,57,right_handMidEnd_joint,-0.09210327,1.3121256,0.2603361,-0.24145,0.56863636,-0.5948454,0.5143085
1783532937.8042,57,right_handPinkyStart_joint,-0.18146062,1.1625311,0.2025702,-0.28426126,0.522,-0.5460783,0.5903472
1783532937.8042,57,right_handPinky_1_joint,-0.17248347,1.2223183,0.22199279,-0.28426126,0.522,-0.5460783,0.5903472
1783532937.8042,57,right_handPinky_2_joint,-0.16693838,1.2592466,0.23398887,-0.28426126,0.522,-0.5460783,0.5903472
1783532937.8042,57,right_handPinky_3_joint,-0.16403422,1.2785894,0.24027309,-0.28426126,0.522,-0.5460783,0.5903472
1783532937.8042,57,right_handPinkyEnd_joint,-0.161394,1.2961738,0.24598555,-0.28426126,0.522,-0.5460783,0.5903472
1783532937.8042,57,right_handRingStart_joint,-0.16777396,1.157243,0.20493467,-0.26276878,0.54560935,-0.5718223,0.55342764
1783532937.8042,57,right_handRing_1_joint,-0.15035714,1.2214826,0.22612707,-0.26276878,0.54560935,-0.5718223,0.55342764
1783532937.8042,57,right_handRing_2_joint,-0.13806312,1.2668278,0.2410865,-0.26276878,0.54560935,-0.5718223,0.55342764
1783532937.8042,57,right_handRing_3_joint,-0.13037905,1.295169,0.2504358,-0.26276878,0.54560935,-0.5718223,0.55342764
1783532937.8042,57,right_handRingEnd_joint,-0.12525658,1.3140634,0.2566697,-0.26276878,0.54560935,-0.5718223,0.55342764
1783532937.8042,57,right_handThumbStart_joint,-0.14817765,1.140497,0.21945497,-0.2920146,-0.17631577,0.90457964,-0.2556869
1783532937.8042,57,right_handThumb_1_joint,-0.110661894,1.1598089,0.25266483,-0.29201457,-0.17631577,0.90457964,-0.2556869
1783532937.8042,57,right_handThumb_2_joint,-0.083844885,1.1736108,0.2764018,-0.29201457,-0.17631574,0.90457964,-0.2556869
1783532937.8042,57,right_handThumbEnd_joint,-0.06596753,1.1828122,0.2922269,-0.2920146,-0.17631571,0.90457964,-0.25568694
1783532937.8042,57,camera,0.11042099,0.073545754,-0.022092154,-0.07470409,-0.07602509,-0.69936603,0.706772
1783532937.8370,58,root,-0.0015790293,0.022389637,0.005938051,0.08878671,0.00500348,-0.011886008,0.9959672
1783532937.8370,58,hips_joint,-0.0015790293,0.022389637,0.005938051,0.08878671,0.00500348,-0.011886008,0.9959672
1783532937.8370,58,left_upLeg_joint,0.098321475,-0.004648635,0.0012523824,-0.59185,0.4182049,-0.3892365,0.56860644
1783532937.8370,58,left_leg_joint,0.24452737,-0.39950398,-0.005000449,-0.42150012,0.57330465,-0.18686192,0.67730504
1783532937.8370,58,left_foot_joint,0.36928466,-0.7362742,-0.28810975,0.6853568,-0.19137827,0.56478477,-0.4179459
1783532937.8370,58,left_toes_joint,0.41232285,-0.84572667,-0.19657642,0.7092072,-0.058010064,0.63376284,-0.303323
1783532937.8370,58,left_toesEnd_joint,0.42384616,-0.8740398,-0.14418139,0.7092071,-0.05800986,0.63376284,-0.3033233
1783532937.8370,58,right_upLeg_joint,-0.10269152,-6.1895844e-05,0.003682202,0.5730053,0.37369576,0.36463833,0.63170826
1783532937.8370,58,right_leg_joint,-0.2941966,-0.37439242,0.026528176,0.68162435,0.15457763,0.5218498,0.48904684
1783532937.8370,58,right_foot_joint,-0.48057425,-0.7041777,-0.229664,0.4412552,0.5420322,0.10921684,0.7068002
1783532937.8370,58,right_toes_joint,-0.53847986,-0.7984758,-0.12983775,0.33052295,0.61584073,-0.026726976,0.7146891
1783532937.8370,58,right_toesEnd_joint,-0.5530414,-0.82085294,-0.075369045,0.33052343,0.61584073,-0.026727403,0.71468884
1783532937.8370,58,spine_1_joint,-0.001579049,0.022389637,0.005938051,0.5352153,0.46712548,0.5311339,0.46177402
1783532937.8370,58,spine_2_joint,-0.0016146544,0.0793988,0.013830229,0.5179834,0.48588434,0.5198884,0.474685
1783532937.8370,58,spine_3_joint,-0.002347596,0.13677478,0.018279247,0.5036541,0.49776003,0.51051015,0.48779804
1783532937.8370,58,spine_4_joint,-0.0032373886,0.18979976,0.019798104,0.49410653,0.50398636,0.5034643,0.49837765
1783532937.8370,58,spine_5_joint,-0.0042916373,0.26025268,0.019235343,0.49605095,0.49849302,0.50592893,0.49947387
1783532937.8370,58,spine_6_joint,-0.005131405,0.3540862,0.020157909,0.46926805,0.5209025,0.48342547,0.5241641
1783532937.8370,58,spine_7_joint,-0.006219519,0.4607777,0.010991139,0.42416507,0.55895257,0.43683922,0.5628746
1783532937.8370,58,left_shoulder_1_joint,0.08250283,0.5687687,-0.021748852,0.8653019,0.37381184,-0.06909684,-0.32671568
1783532937.8370,58,left_arm_joint,0.18563041,0.6691533,-0.0036638842,0.7414072,0.6175381,0.05298578,-0.2572059
1783532937.8370,58,left_forearm_joint,0.24725379,0.90546566,0.10172974,0.5269637,0.8410002,0.05477819,-0.10967053
1783532937.8370,58,left_hand_joint,0.13455509,1.1397623,0.16663164,0.48685285,0.6386853,0.5498757,0.22954878
1783532937.8370,58,left_handIndexStart_joint,0.11023196,1.1533072,0.17746788,0.4506627,0.65186423,0.5803614,0.18750224
1783532937.8370,58,left_handIndex_1_joint,0.06818996,1.2179716,0.1998458,0.4506627,0.65186423,0.5803614,0.18750224
1783532937.8370,58,left_handIndex_2_joint,0.04374694,1.2555672,0.21285623,0.4506627,0.65186423,0.5803614,0.18750224
1783532937.8370,58,left_handIndex_3_joint,0.030058848,1.2766207,0.22014207,0.4506627,0.65186423,0.5803614,0.18750224
1783532937.8370,58,left_handIndexEnd_joint,0.020281639,1.2916591,0.22534624,0.4506627,0.65186423,0.5803614,0.18750224
1783532937.8370,58,left_handMidStart_joint,0.11994623,1.1609668,0.17425206,0.48855665,0.6378763,0.54858464,0.23126093
1783532937.8370,58,left_handMid_1_joint,0.088349685,1.2276325,0.19257146,0.48855665,0.6378763,0.54858464,0.23126093
1783532937.8370,58,left_handMid_2_joint,0.06614671,1.2744787,0.20544454,0.48855665,0.6378763,0.54858464,0.23126093
1783532937.8370,58,left_handMid_3_joint,0.053337295,1.3015054,0.21287131,0.48855665,0.6378763,0.54858464,0.23126093
1783532937.8370,58,left_handMidEnd_joint,0.044797692,1.3195231,0.2178225,0.48855665,0.6378763,0.54858464,0.23126093
1783532937.8370,58,left_handPinkyStart_joint,0.14424051,1.1731939,0.16884057,0.564188,0.5908787,0.50456375,0.27923134
1783532937.8370,58,left_handPinky_1_joint,0.1310675,1.2334259,0.18403988,0.564188,0.5908787,0.50456375,0.27923134
1783532937.8370,58,left_handPinky_2_joint,0.12293122,1.2706279,0.19342767,0.564188,0.5908787,0.50456375,0.27923134
1783532937.8370,58,left_handPinky_3_joint,0.11866936,1.2901148,0.19834508,0.564188,0.5908787,0.50456375,0.27923134
1783532937.8370,58,left_handPinkyEnd_joint,0.11479495,1.30783,0.20281547,0.564188,0.5908787,0.50456375,0.27923134
1783532937.8370,58,left_handRingStart_joint,0.13105904,1.1670777,0.17195816,0.5274251,0.6157878,0.5267974,0.25517285
1783532937.8370,58,left_handRing_1_joint,0.10916616,1.2312303,0.18882222,0.5274251,0.6157878,0.5267974,0.25517285
1783532937.8370,58,left_handRing_2_joint,0.09371237,1.2765143,0.20072627,0.5274251,0.6157878,0.5267974,0.25517285
1783532937.8370,58,left_handRing_3_joint,0.08405374,1.3048168,0.2081663,0.5274251,0.6157878,0.5267974,0.25517285
1783532937.8370,58,left_handRingEnd_joint,0.07761466,1.3236853,0.21312633,0.5274251,0.6157878,0.5267974,0.25517285
1783532937.8370,58,left_handThumbStart_joint,0.11313538,1.1500401,0.18819864,0.2336139,0.9160829,0.12792878,-0.2997521
1783532937.8370,58,left_handThumb_1_joint,0.0749512,1.1689076,0.22089805,0.2336139,0.9160829,0.12792878,-0.2997521
1783532937.8370,58,left_handThumb_2_joint,0.047656663,1.1823919,0.24427082,0.2336139,0.9160829,0.12792876,-0.2997521
1783532937.8370,58,left_handThumbEnd_joint,0.029460313,1.1913813,0.25985265,0.2336139,0.9160829,0.12792873,-0.2997521
1783532937.8370,58,neck_1_joint,-0.006964119,0.58850294,-0.030140428,0.5127321,0.47920978,0.5300174,0.47596797
1783532937.8370,58,neck_2_joint,-0.0075977473,0.6183816,-0.027520325,0.5253181,0.4651672,0.54717696,0.4563529
1783532937.8370,58,neck_3_joint,-0.008860403,0.65790695,-0.021507401,0.52225506,0.46793813,0.5503937,0.45315647
1783532937.8370,58,neck_4_joint,-0.010612344,0.6974107,-0.015475669,0.5116567,0.47887957,0.5450166,0.4602597
1783532937.8370,58,head_joint,-0.0130305905,0.7433161,-0.009521289,0.44728088,0.53920776,0.49000657,0.5187373
1783532937.8370,58,jaw_joint,-0.011618092,0.7191463,-0.0015320927,0.44728088,0.53920776,0.49000657,0.5187373
1783532937.8370,58,chin_joint,-0.011134421,0.68157685,0.10376889,0.44728088,0.53920776,0.49000657,0.5187373
1783532937.8370,58,left_eye_joint,0.014919044,0.78806657,0.07307817,0.45196646,0.53528637,0.49451202,0.5144441
1783532937.8370,58,left_eyeLowerLid_joint,0.014919044,0.78806657,0.07307817,0.45196646,0.53528637,0.49451202,0.5144441
1783532937.8370,58,left_eyeUpperLid_joint,0.014919044,0.78806657,0.07307817,0.45196646,0.53528637,0.49451202,0.5144441
1783532937.8370,58,left_eyeball_joint,0.014919044,0.78806657,0.07307817,0.45196646,0.53528637,0.49451202,0.5144441
1783532937.8370,58,nose_joint,-0.015892213,0.7564795,0.09965076,0.45196924,0.5352839,0.49451467,0.51444155
1783532937.8370,58,right_eye_joint,-0.049570866,0.78390485,0.07188956,0.45196646,0.53528637,0.49451202,0.5144441
1783532937.8370,58,right_eyeLowerLid_joint,-0.049570866,0.78390485,0.07188956,0.45196646,0.53528637,0.49451202,0.5144441
1783532937.8370,58,right_eyeUpperLid_joint,-0.049570866,0.78390485,0.07188956,0.45196646,0.53528637,0.49451202,0.5144441
1783532937.8370,58,right_eyeball_joint,-0.049570866,0.78390485,0.07188956,0.45196646,0.53528637,0.49451202,0.5144441
1783532937.8370,58,right_shoulder_1_joint,-0.0961972,0.56683075,-0.02448554,0.32723585,-0.05901724,-0.35209876,0.87490594
1783532937.8370,58,right_arm_joint,-0.20427142,0.6617991,-0.0060396967,0.24594593,0.08166116,-0.5937299,0.7617921
1783532937.8370,58,right_forearm_joint,-0.27918178,0.891725,0.10473504,0.12558468,0.095149875,-0.7902055,0.5922422
1783532937.8370,58,right_hand_joint,-0.20764539,1.1361377,0.18812187,-0.25612393,0.5515475,-0.5738236,0.5485644
1783532937.8370,58,right_handIndexStart_joint,-0.18737356,1.1528918,0.19970952,-0.21594723,0.58804977,-0.5896154,0.509822
1783532937.8370,58,right_handIndex_1_joint,-0.1563018,1.2215708,0.2274127,-0.21594723,0.58804977,-0.5896154,0.509822
1783532937.8370,58,right_handIndex_2_joint,-0.13823698,1.2615006,0.24351981,-0.21594723,0.58804977,-0.5896154,0.509822
1783532937.8370,58,right_handIndex_3_joint,-0.12812033,1.2838619,0.25253913,-0.21594723,0.58804977,-0.5896154,0.509822
1783532937.8370,58,right_handIndexEnd_joint,-0.12089418,1.2998338,0.25898144,-0.21594723,0.58804977,-0.5896154,0.509822
1783532937.8370,58,right_handMidStart_joint,-0.1982217,1.1590973,0.19702943,-0.25544554,0.5522533,-0.5738708,0.54812104
1783532937.8370,58,right_handMid_1_joint,-0.17780231,1.2283659,0.2207629,-0.25544554,0.5522533,-0.5738708,0.54812104
1783532937.8370,58,right_handMid_2_joint,-0.16345344,1.2770407,0.23743984,-0.25544554,0.5522533,-0.5738708,0.54812104
1783532937.8370,58,right_handMid_3_joint,-0.15517527,1.3051224,0.24706146,-0.25544554,0.5522533,-0.5738708,0.54812104
1783532937.8370,58,right_handMidEnd_joint,-0.1496565,1.3238432,0.25347546,-0.25544554,0.5522533,-0.5738708,0.54812104
1783532937.8370,58,right_handPinkyStart_joint,-0.22420934,1.1675984,0.1924055,-0.29667255,0.50259376,-0.5226554,0.62146354
1783532937.8370,58,right_handPinky_1_joint,-0.2209367,1.2277864,0.21238104,-0.29667255,0.50259376,-0.5226554,0.62146354
1783532937.8370,58,right_handPinky_2_joint,-0.21891505,1.2649623,0.22471865,-0.29667255,0.50259376,-0.5226554,0.62146354
1783532937.8370,58,right_handPinky_3_joint,-0.21785644,1.2844348,0.23118176,-0.29667255,0.50259376,-0.5226554,0.62146354
1783532937.8370,58,right_handPinkyEnd_joint,-0.21689402,1.3021371,0.23705684,-0.29667255,0.50259376,-0.5226554,0.62146354
1783532937.8370,58,right_handRingStart_joint,-0.21019234,1.1634815,0.19513589,-0.27596188,0.52770674,-0.5495728,0.5859531
1783532937.8370,58,right_handRing_1_joint,-0.19894558,1.2288135,0.21714585,-0.27596188,0.52770674,-0.5495728,0.5859531
1783532937.8370,58,right_handRing_2_joint,-0.19100687,1.2749298,0.23268233,-0.27596188,0.52770674,-0.5495728,0.5859531
1783532937.8370,58,right_handRing_3_joint,-0.1860449,1.303753,0.24239235,-0.27596188,0.52770674,-0.5495728,0.5859531
1783532937.8370,58,right_handRingEnd_joint,-0.18273722,1.3229686,0.24886669,-0.27596188,0.52770674,-0.5495728,0.5859531
1783532937.8370,58,right_handThumbStart_joint,-0.18965171,1.1483626,0.21012887,-0.29787415,-0.18783826,0.8879864,-0.29575047
1783532937.8370,58,right_handThumb_1_joint,-0.15487988,1.1705598,0.2445017,-0.29787415,-0.18783826,0.8879864,-0.29575047
1783532937.8370,58,right_handThumb_2_joint,-0.13002402,1.1864243,0.2690699,-0.29787415,-0.18783821,0.8879864,-0.29575047
1783532937.8370,58,right_handThumbEnd_joint,-0.11345409,1.1970005,0.2854492,-0.29787415,-0.1878382,0.8879864,-0.29575047
1783532937.8370,58,camera,0.11050511,0.07355941,-0.021815825,-0.0747423,-0.07618514,-0.69933826,0.70677817
1783532937.8718,59,root,-0.0011354601,0.022512285,0.0045256745,0.09538221,0.0061992845,-0.010696456,0.995364
1783532937.8718,59,hips_joint,-0.0011354601,0.022512285,0.0045256745,0.09538221,0.0061992845,-0.010696456,0.995364
1783532937.8718,59,left_upLeg_joint,0.09882225,-0.004210043,-0.0007189733,-0.5862314,0.42451122,-0.37814313,0.5771751
1783532937.8718,59,left_leg_joint,0.24772194,-0.39761645,-0.020374255,-0.423656,0.5698422,-0.18346734,0.6798056
1783532937.8718,59,left_foot_joint,0.37724915,-0.7324922,-0.30358878,0.6849185,-0.18732312,0.5636546,-0.42200786
1783532937.8718,59,left_toes_joint,0.42112517,-0.84163344,-0.21208157,0.7080082,-0.054111443,0.63342315,-0.30752563
1783532937.8718,59,left_toesEnd_joint,0.43275374,-0.86991376,-0.159692,0.7080082,-0.054111235,0.6334231,-0.30752584
1783532937.8718,59,right_upLeg_joint,-0.102196164,-0.00016151904,0.0021742657,0.5721079,0.37451527,0.37388322,0.62661195
1783532937.8718,59,right_leg_joint,-0.2874348,-0.37791812,0.019670036,0.6760847,0.16451037,0.5305137,0.4841501
1783532937.8718,59,right_foot_joint,-0.4625747,-0.71456146,-0.23552945,0.43076915,0.54643524,0.11905691,0.7082882
1783532937.8718,59,right_toes_joint,-0.5183823,-0.80985653,-0.13545536,0.31939238,0.6181764,-0.017347345,0.71801513
1783532937.8718,59,right_toesEnd_joint,-0.5326443,-0.8322989,-0.08093421,0.3193929,0.6181764,-0.017347766,0.7180149
1783532937.8718,59,spine_1_joint,-0.0011354799,0.022512285,0.004525675,0.538,0.46485978,0.533621,0.457941
1783532937.8718,59,spine_2_joint,-0.0012328643,0.079427645,0.013067642,0.52043885,0.4839697,0.5220237,0.4716014
1783532937.8718,59,spine_3_joint,-0.0020081443,0.13675764,0.018067904,0.50487345,0.49676946,0.5122657,0.48570216
1783532937.8718,59,spine_4_joint,-0.0029839247,0.18977092,0.0199086,0.49361026,0.5043135,0.50468034,0.49730694
1783532937.8718,59,spine_5_joint,-0.004257366,0.26022094,0.019448327,0.49347097,0.5004807,0.5066831,0.4992769
1783532937.8718,59,spine_6_joint,-0.005613777,0.3540511,0.020027936,0.46513507,0.5238391,0.48454514,0.5238874
1783532937.8718,59,spine_7_joint,-0.0075929086,0.46067512,0.010245736,0.41832694,0.56222206,0.43964276,0.56180346
1783532937.8718,59,left_shoulder_1_joint,0.07976209,0.5696678,-0.022849586,0.8729719,0.361167,-0.086415134,-0.31624472
1783532937.8718,59,left_arm_joint,0.18480447,0.6690609,-0.01159976,0.7707493,0.58249176,0.020656152,-0.25733647
1783532937.8718,59,left_forearm_joint,0.2700673,0.90506506,0.07661041,0.5719254,0.8065602,0.0317106,-0.14613779
1783532937.8718,59,left_hand_joint,0.18884824,1.1498066,0.14950103,0.5447074,0.6250628,0.51072645,0.22748345
1783532937.8718,59,left_handIndexStart_joint,0.16722073,1.1657982,0.16250196,0.5109183,0.6381051,0.54503083,0.18634814
1783532937.8718,59,left_handIndex_1_joint,0.134416,1.2344774,0.18813011,0.5109183,0.6381051,0.54503083,0.18634814
1783532937.8718,59,left_handIndex_2_joint,0.11534348,1.2744071,0.2030302,0.5109183,0.6381051,0.54503083,0.18634814
1783532937.8718,59,left_handIndex_3_joint,0.10466287,1.2967677,0.21137425,0.5109183,0.6381051,0.54503083,0.18634814
1783532937.8718,59,left_handIndexEnd_joint,0.09703387,1.3127395,0.2173343,0.5109183,0.6381051,0.54503083,0.18634814
1783532937.8718,59,left_handMidStart_joint,0.17730448,1.1724126,0.15826614,0.54629636,0.624248,0.5092697,0.22917005
1783532937.8718,59,left_handMid_1_joint,0.15464579,1.2420018,0.17881346,0.54629636,0.624248,0.5092697,0.22917005
1783532937.8718,59,left_handMid_2_joint,0.13872345,1.2909023,0.1932521,0.54629636,0.624248,0.5092697,0.22917005
1783532937.8718,59,left_handMid_3_joint,0.12953748,1.3191141,0.20158209,0.54629636,0.624248,0.5092697,0.22917005
1783532937.8718,59,left_handMidEnd_joint,0.12341351,1.3379219,0.20713541,0.54629636,0.624248,0.5092697,0.22917005
1783532937.8718,59,left_handPinkyStart_joint,0.20207249,1.182067,0.15037052,0.61700404,0.5756911,0.45933396,0.27730474
1783532937.8718,59,left_handPinky_1_joint,0.19668655,1.2433559,0.16608953,0.61700404,0.5756911,0.45933396,0.27730474
1783532937.8718,59,left_handPinky_2_joint,0.19335994,1.2812108,0.17579834,0.61700404,0.5756911,0.45933396,0.27730474
1783532937.8718,59,left_handPinky_3_joint,0.19161743,1.3010396,0.1808839,0.61700404,0.5756911,0.45933396,0.27730474
1783532937.8718,59,left_handPinkyEnd_joint,0.19003333,1.3190657,0.18550713,0.61700404,0.5756911,0.45933396,0.27730474
1783532937.8718,59,left_handRingStart_joint,0.18870479,1.1773442,0.1548291,0.58278406,0.6013193,0.484472,0.25310993
1783532937.8718,59,left_handRing_1_joint,0.17525168,1.2434326,0.17301042,0.58278406,0.6013193,0.484472,0.25310993
1783532937.8718,59,left_handRing_2_joint,0.16575535,1.2900833,0.1858443,0.58278406,0.6013193,0.484472,0.25310993
1783532937.8718,59,left_handRing_3_joint,0.15982014,1.31924,0.19386546,0.58278406,0.6013193,0.484472,0.25310993
1783532937.8718,59,left_handRingEnd_joint,0.15586334,1.3386776,0.19921291,0.58278406,0.6013193,0.484472,0.25310993
1783532937.8718,59,left_handThumbStart_joint,0.17081451,1.1622646,0.17293514,0.28738374,0.88745046,0.12860328,-0.3366057
1783532937.8718,59,left_handThumb_1_joint,0.13815773,1.1850075,0.20898452,0.28738374,0.88745046,0.12860328,-0.3366057
1783532937.8718,59,left_handThumb_2_joint,0.11481388,1.2012618,0.23475192,0.28738374,0.88745046,0.12860326,-0.3366057
1783532937.8718,59,left_handThumbEnd_joint,0.099251315,1.212098,0.2519302,0.28738374,0.88745046,0.12860325,-0.3366057
1783532937.8718,59,neck_1_joint,-0.009938508,0.5881562,-0.03157712,0.5088109,0.48222795,0.53209674,0.47480628
1783532937.8718,59,neck_2_joint,-0.010878751,0.61803657,-0.029070813,0.5225988,0.4672202,0.5489081,0.45529783
1783532937.8718,59,neck_3_joint,-0.012446344,0.6575634,-0.023140052,0.5199331,0.4695734,0.5522143,0.45191854
1783532937.8718,59,neck_4_joint,-0.014481532,0.69705963,-0.017147608,0.50949335,0.48027858,0.54690486,0.4589606
1783532937.8718,59,head_joint,-0.017215831,0.74295014,-0.011215119,0.44495443,0.54033035,0.49202204,0.5176617
1783532937.8718,59,jaw_joint,-0.015656501,0.7187932,-0.0032141644,0.44495443,0.54033035,0.49202204,0.5176617
1783532937.8718,59,chin_joint,-0.015108011,0.6812669,0.102101974,0.44495443,0.54033035,0.49202204,0.5176617
1783532937.8718,59,left_eye_joint,0.010289854,0.7879164,0.07141614,0.44964987,0.5364292,0.49651802,0.51335096
1783532937.8718,59,left_eyeLowerLid_joint,0.010289854,0.7879164,0.07141614,0.44964987,0.5364292,0.49651802,0.51335096
1783532937.8718,59,left_eyeUpperLid_joint,0.010289854,0.7879164,0.07141614,0.44964987,0.5364292,0.49651802,0.51335096
1783532937.8718,59,left_eyeball_joint,0.010289854,0.7879164,0.07141614,0.44964987,0.5364292,0.49651802,0.51335096
1783532937.8718,59,nose_joint,-0.020357136,0.7561347,0.09794672,0.4496527,0.5364269,0.4965207,0.51334834
1783532937.8718,59,right_eye_joint,-0.054168753,0.78332496,0.07011585,0.44964987,0.5364292,0.49651802,0.51335096
1783532937.8718,59,right_eyeLowerLid_joint,-0.054168753,0.78332496,0.07011585,0.44964987,0.5364292,0.49651802,0.51335096
1783532937.8718,59,right_eyeUpperLid_joint,-0.054168753,0.78332496,0.07011585,0.44964987,0.5364292,0.49651802,0.51335096
1783532937.8718,59,right_eyeball_joint,-0.054168753,0.78332496,0.07011585,0.44964987,0.5364292,0.49651802,0.51335096
1783532937.8718,59,right_shoulder_1_joint,-0.09888811,0.565321,-0.02603411,0.3235792,-0.067052275,-0.32786083,0.88504684
1783532937.8718,59,right_arm_joint,-0.21144955,0.65579367,-0.012473605,0.25356737,0.071246736,-0.5555241,0.7886829
1783532937.8718,59,right_forearm_joint,-0.3105649,0.8792572,0.092353486,0.15983693,0.094431005,-0.7444012,0.6414065
1783532937.8718,59,right_hand_joint,-0.27677366,1.1270605,0.18858252,-0.25835672,0.52340776,-0.5376753,0.60844225
1783532937.8718,59,right_handIndexStart_joint,-0.25968483,1.1457081,0.2022266,-0.22067498,0.5640742,-0.5536715,0.5714641
1783532937.8718,59,right_handIndex_1_joint,-0.23965046,1.2165226,0.23437762,-0.22067498,0.5640742,-0.5536715,0.5714641
1783532937.8718,59,right_handIndex_2_joint,-0.22800273,1.2576936,0.25307068,-0.22067498,0.5640742,-0.5536715,0.5714641
1783532937.8718,59,right_handIndex_3_joint,-0.2214797,1.28075,0.2635382,-0.22067498,0.5640742,-0.5536715,0.5714641
1783532937.8718,59,right_handIndexEnd_joint,-0.21682037,1.2972188,0.2710149,-0.22067498,0.5640742,-0.5536715,0.5714641
1783532937.8718,59,right_handMidStart_joint,-0.27100348,1.1506293,0.19890323,-0.25773066,0.52417177,-0.53771174,0.6080177
1783532937.8718,59,right_handMid_1_joint,-0.26129037,1.2208726,0.22628726,-0.25773066,0.52417177,-0.53771174,0.6080177
1783532937.8718,59,right_handMid_2_joint,-0.25446475,1.2702326,0.24552946,-0.25773066,0.52417177,-0.53771174,0.6080177
1783532937.8718,59,right_handMid_3_joint,-0.2505269,1.2987094,0.25663102,-0.25773066,0.52417177,-0.53771174,0.6080177
1783532937.8718,59,right_handMidEnd_joint,-0.24790166,1.3176937,0.26403165,-0.25773066,0.52417177,-0.53771174,0.6080177
1783532937.8718,59,right_handPinkyStart_joint,-0.29744652,1.1560346,0.19253501,-0.29635948,0.4683732,-0.4845011,0.67679894
1783532937.8718,59,right_handPinky_1_joint,-0.30327404,1.2153082,0.21455802,-0.29635948,0.4683732,-0.4845011,0.67679894
1783532937.8718,59,right_handPinky_2_joint,-0.30687317,1.2519194,0.22816032,-0.29635948,0.4683732,-0.4845011,0.67679894
1783532937.8718,59,right_handPinky_3_joint,-0.30875874,1.271096,0.23528583,-0.29635948,0.4683732,-0.4845011,0.67679894
1783532937.8718,59,right_handPinkyEnd_joint,-0.31047282,1.2885293,0.24176311,-0.29635948,0.4683732,-0.4845011,0.67679894
1783532937.8718,59,right_handRingStart_joint,-0.28326038,1.153574,0.19621988,-0.27689543,0.49654034,-0.512331,0.6436569
1783532937.8718,59,right_handRing_1_joint,-0.28199804,1.2188507,0.22105032,-0.27689543,0.49654034,-0.512331,0.6436569
1783532937.8718,59,right_handRing_2_joint,-0.2811071,1.264928,0.23857774,-0.27689543,0.49654034,-0.512331,0.6436569
1783532937.8718,59,right_handRing_3_joint,-0.28055003,1.2937268,0.2495321,-0.27689543,0.49654034,-0.512331,0.6436569
1783532937.8718,59,right_handRingEnd_joint,-0.28017902,1.312926,0.256836,-0.27689543,0.49654034,-0.512331,0.6436569
1783532937.8718,59,right_handThumbStart_joint,-0.2621314,1.1405145,0.21229169,-0.3242319,-0.21063995,0.8522798,-0.35231265
1783532937.8718,59,right_handThumb_1_joint,-0.2330574,1.1654286,0.24993838,-0.3242319,-0.21063995,0.8522798,-0.35231265
1783532937.8718,59,right_handThumb_2_joint,-0.21227397,1.1832354,0.27684677,-0.3242319,-0.21063991,0.8522798,-0.35231265
1783532937.8718,59,right_handThumbEnd_joint,-0.19841903,1.1951064,0.2947861,-0.3242319,-0.21063991,0.8522798,-0.35231265
1783532937.8718,59,camera,0.11061805,0.07359303,-0.021500725,-0.07469959,-0.07638569,-0.6993117,0.7067874
1783532937.9037,60,root,-0.0011136817,0.022206306,0.0022689893,0.10257149,0.007709692,-0.011818413,0.99462557
1783532937.9037,60,hips_joint,-0.0011136817,0.022206306,0.0022689893,0.10257149,0.007709692,-0.011818413,0.99462557
1783532937.9037,60,left_upLeg_joint,0.09877191,-0.004639971,-0.0036706552,-0.5759723,0.44089788,-0.3705224,0.58015347
1783532937.9037,60,left_leg_joint,0.24053314,-0.3995525,-0.03936132,-0.42599943,0.57212305,-0.19668335,0.67269254
1783532937.9037,60,left_foot_joint,0.36308295,-0.7434759,-0.31472942,0.6881701,-0.18767342,0.56967175,-0.40825817
1783532937.9037,60,left_toes_joint,0.4048872,-0.8512928,-0.22071663,0.71126723,-0.05383914,0.63672507,-0.29288468
1783532937.9037,60,left_toesEnd_joint,0.4160105,-0.8785632,-0.16768591,0.71126723,-0.053838927,0.63672507,-0.2928849
1783532937.9037,60,right_upLeg_joint,-0.10222789,-0.00022609234,-9.782433e-05,0.5723936,0.3763349,0.38633463,0.61764324
1783532937.9037,60,right_leg_joint,-0.27834386,-0.38260284,0.0094233025,0.6697481,0.1847865,0.5326793,0.48326412
1783532937.9037,60,right_foot_joint,-0.44490013,-0.7312404,-0.23519945,0.4132768,0.558489,0.12130811,0.7089264
1783532937.9037,60,right_toes_joint,-0.49657667,-0.8256696,-0.13213095,0.29993257,0.6266963,-0.015257847,0.71906835
1783532937.9037,60,right_toesEnd_joint,-0.50956017,-0.84714264,-0.076904565,0.299933,0.62669617,-0.015258273,0.7190682
1783532937.9037,60,spine_1_joint,-0.0011137015,0.022206306,0.0022689896,0.54143465,0.46054938,0.5343704,0.457374
1783532937.9037,60,spine_2_joint,-0.0008440691,0.079041444,0.011325892,0.522833,0.479151,0.5219419,0.4739586
1783532937.9037,60,spine_3_joint,-0.0010753113,0.13635199,0.016596662,0.505897,0.4916457,0.5114163,0.49071997
1783532937.9037,60,spine_4_joint,-0.0014214522,0.18937269,0.0184497,0.4930296,0.4990116,0.50321454,0.5046626
1783532937.9037,60,spine_5_joint,-0.0017344146,0.25983107,0.017700613,0.49099144,0.49514088,0.50516,0.5085042
1783532937.9037,60,spine_6_joint,-0.0018123203,0.3536727,0.01754683,0.46141818,0.51780736,0.4840111,0.5335751
1783532937.9037,60,spine_7_joint,-0.0023482756,0.4602337,0.0069276285,0.41409484,0.5549681,0.44135708,0.5707364
1783532937.9037,60,left_shoulder_1_joint,0.08654679,0.56846184,-0.024535898,0.88487816,0.3240725,-0.09433314,-0.32104358
1783532937.9037,60,left_arm_joint,0.19854793,0.66043776,-0.018569108,0.81836843,0.5030622,-0.0033272167,-0.2778319
1783532937.9037,60,left_forearm_joint,0.32990128,0.8799376,0.054334488,0.64829063,0.7345088,0.019461758,-0.19959335
1783532937.9037,60,left_hand_joint,0.30852684,1.1330574,0.13966693,0.63786566,0.5748917,0.45758247,0.23074989
1783532937.9037,60,left_handIndexStart_joint,0.29227397,1.1524944,0.1554956,0.60728645,0.58819854,0.49801686,0.19288681
1783532937.9037,60,left_handIndex_1_joint,0.27717587,1.2252985,0.18585029,0.60728645,0.58819854,0.49801686,0.19288681
1783532937.9037,60,left_handIndex_2_joint,0.2683979,1.2676265,0.20349836,0.60728645,0.58819854,0.49801686,0.19288681
1783532937.9037,60,left_handIndex_3_joint,0.26348224,1.2913301,0.21338129,0.60728645,0.58819854,0.49801686,0.19288681
1783532937.9037,60,left_handIndexEnd_joint,0.25997105,1.3082613,0.22044052,0.60728645,0.58819854,0.49801686,0.19288681
1783532937.9037,60,left_handMidStart_joint,0.30287242,1.1571553,0.15008028,0.6392906,0.5740485,0.45585865,0.23231259
1783532937.9037,60,left_handMid_1_joint,0.29719582,1.2290479,0.17411123,0.6392906,0.5740485,0.45585865,0.23231259
1783532937.9037,60,left_handMid_2_joint,0.29320687,1.2795671,0.19099784,0.6392906,0.5740485,0.45585865,0.23231259
1783532937.9037,60,left_handMid_3_joint,0.29090557,1.3087127,0.20074013,0.6392906,0.5740485,0.45585865,0.23231259
1783532937.9037,60,left_handMidEnd_joint,0.28937134,1.3281431,0.20723496,0.6392906,0.5740485,0.45585865,0.23231259
1783532937.9037,60,left_handPinkyStart_joint,0.32790294,1.1620524,0.13919477,0.70209914,0.5224359,0.39645916,0.2773771
1783532937.9037,60,left_handPinky_1_joint,0.336778,1.2226036,0.15614225,0.70209914,0.5224359,0.39645916,0.2773771
1783532937.9037,60,left_handPinky_2_joint,0.3422597,1.2600027,0.16660982,0.70209914,0.5224359,0.39645916,0.2773771
1783532937.9037,60,left_handPinky_3_joint,0.34513107,1.2795928,0.17209284,0.70209914,0.5224359,0.39645916,0.2773771
1783532937.9037,60,left_handPinkyEnd_joint,0.3477414,1.297402,0.17707738,0.70209914,0.5224359,0.39645916,0.2773771
1783532937.9037,60,left_handRingStart_joint,0.31451476,1.1598804,0.14527075,0.67196405,0.5494598,0.42628494,0.2546367
1783532937.9037,60,left_handRing_1_joint,0.3168024,1.2266256,0.16574222,0.67196405,0.5494598,0.42628494,0.2546367
1783532937.9037,60,left_handRing_2_joint,0.31841725,1.2737398,0.18019266,0.67196405,0.5494598,0.42628494,0.2546367
1783532937.9037,60,left_handRing_3_joint,0.3194265,1.3031862,0.18922418,0.67196405,0.5494598,0.42628494,0.2546367
1783532937.9037,60,left_handRingEnd_joint,0.32009935,1.3228171,0.1952452,0.67196405,0.5494598,0.42628494,0.2546367
1783532937.9037,60,left_handThumbStart_joint,0.29634836,1.1479526,0.1653456,0.37763888,0.829933,0.1534937,-0.3808412
1783532937.9037,60,left_handThumb_1_joint,0.27354613,1.1753352,0.20551416,0.37763888,0.829933,0.1534937,-0.3808412
1783532937.9037,60,left_handThumb_2_joint,0.2572458,1.1949062,0.23422603,0.37763888,0.829933,0.1534937,-0.3808412
1783532937.9037,60,left_handThumbEnd_joint,0.24637891,1.2079536,0.25336727,0.37763888,0.829933,0.15349366,-0.3808412
1783532937.9037,60,neck_1_joint,-0.0027887016,0.58755976,-0.03542763,0.5042584,0.47497544,0.53471386,0.48394516
1783532937.9037,60,neck_2_joint,-0.003479939,0.61745673,-0.03304132,0.51852983,0.4594478,0.5514524,0.4646882
1783532937.9037,60,neck_3_joint,-0.0046953014,0.657016,-0.027245753,0.5163843,0.46134102,0.55460495,0.46143833
1783532937.9037,60,neck_4_joint,-0.0063290745,0.6965476,-0.021365048,0.50636405,0.47173315,0.5492794,0.46835417
1783532937.9037,60,head_joint,-0.008563543,0.7424772,-0.015526478,0.44284436,0.5315359,0.49323902,0.5273272
1783532937.9037,60,jaw_joint,-0.0075198966,0.7183089,-0.0074762343,0.44284436,0.5315359,0.49323902,0.5273272
1783532937.9037,60,chin_joint,-0.009880532,0.6808812,0.0978499,0.44284436,0.5315359,0.49323902,0.5273272
1783532937.9037,60,left_eye_joint,0.017677326,0.7871404,0.0676785,0.44746324,0.52765363,0.49781924,0.5230055
1783532937.9037,60,left_eyeLowerLid_joint,0.017677326,0.7871404,0.0676785,0.44746324,0.52765363,0.49781924,0.5230055
1783532937.9037,60,left_eyeUpperLid_joint,0.017677326,0.7871404,0.0676785,0.44746324,0.52765363,0.49781924,0.5230055
1783532937.9037,60,left_eyeball_joint,0.017677326,0.7871404,0.0676785,0.44746324,0.52765363,0.49781924,0.5230055
1783532937.9037,60,nose_joint,-0.013999896,0.7558101,0.09352709,0.44746593,0.52765113,0.4978219,0.52300286
1783532937.9037,60,right_eye_joint,-0.046792373,0.7834368,0.0649175,0.44746324,0.52765363,0.49781924,0.5230055
1783532937.9037,60,right_eyeLowerLid_joint,-0.046792373,0.7834368,0.0649175,0.44746324,0.52765363,0.49781924,0.5230055
1783532937.9037,60,right_eyeUpperLid_joint,-0.046792373,0.7834368,0.0649175,0.44746324,0.52765363,0.49781924,0.5230055
1783532937.9037,60,right_eyeball_joint,-0.046792373,0.7834368,0.0649175,0.44746324,0.52765363,0.49781924,0.5230055
1783532937.9037,60,right_shoulder_1_joint,-0.09200741,0.5653873,-0.031876665,0.33342093,-0.09735585,-0.2917523,0.89119756
1783532937.9037,60,right_arm_joint,-0.20961401,0.6502322,-0.028826863,0.28376818,0.02704178,-0.49132085,0.8230118
1783532937.9037,60,right_forearm_joint,-0.34679496,0.86125976,0.057180688,0.22755957,0.06923621,-0.671838,0.70146775
1783532937.9037,60,right_hand_joint,-0.3702907,1.1053903,0.16514611,-0.24041669,0.45961663,-0.49488622,0.6971658
1783532937.9037,60,right_handIndexStart_joint,-0.3589508,1.1256772,0.18205072,-0.20575754,0.5064935,-0.5097072,0.66432434
1783532937.9037,60,right_handIndex_1_joint,-0.35632682,1.196804,0.21925054,-0.20575754,0.5064935,-0.5097072,0.66432434
1783532937.9037,60,right_handIndex_2_joint,-0.3548015,1.2381568,0.2408789,-0.20575754,0.5064935,-0.5097072,0.66432434
1783532937.9037,60,right_handIndex_3_joint,-0.353947,1.261315,0.25299025,-0.20575754,0.5064935,-0.5097072,0.66432434
1783532937.9037,60,right_handIndexEnd_joint,-0.3533366,1.2778562,0.26164114,-0.20575754,0.5064935,-0.5097072,0.66432434
1783532937.9037,60,right_handMidStart_joint,-0.3702289,1.1289438,0.17700021,-0.23986304,0.46046218,-0.4948875,0.69679755
1783532937.9037,60,right_handMid_1_joint,-0.3767756,1.1981612,0.20773236,-0.23986304,0.46046218,-0.4948875,0.69679755
1783532937.9037,60,right_handMid_2_joint,-0.3813756,1.2468002,0.22932734,-0.23986304,0.46046218,-0.4948875,0.69679755
1783532937.9037,60,right_handMid_3_joint,-0.38402957,1.2748611,0.24178627,-0.23986304,0.46046218,-0.4948875,0.69679755
1783532937.9037,60,right_handMidEnd_joint,-0.38579872,1.2935681,0.2500918,-0.23986304,0.46046218,-0.4948875,0.69679755
1783532937.9037,60,right_handPinkyStart_joint,-0.3958044,1.1304898,0.1663932,-0.27666208,0.3950006,-0.44095498,0.756962
1783532937.9037,60,right_handPinky_1_joint,-0.41479534,1.18676,0.18887302,-0.27666208,0.3950006,-0.44095498,0.756962
1783532937.9037,60,right_handPinky_2_joint,-0.42652497,1.2215161,0.20275752,-0.27666208,0.3950006,-0.44095498,0.756962
1783532937.9037,60,right_handPinky_3_joint,-0.4326693,1.239721,0.21003078,-0.27666208,0.3950006,-0.44095498,0.756962
1783532937.9037,60,right_handPinkyEnd_joint,-0.43825495,1.2562709,0.21664241,-0.27666208,0.3950006,-0.44095498,0.756962
1783532937.9037,60,right_handRingStart_joint,-0.3821995,1.1300782,0.17236125,-0.25800562,0.4279316,-0.4690178,0.72823775
1783532937.9037,60,right_handRing_1_joint,-0.39573613,1.193219,0.19899207,-0.25800562,0.4279316,-0.4690178,0.72823775
1783532937.9037,60,right_handRing_2_joint,-0.4052914,1.2377883,0.21779034,-0.25800562,0.4279316,-0.4690178,0.72823775
1783532937.9037,60,right_handRing_3_joint,-0.41126332,1.2656448,0.22953902,-0.25800562,0.4279316,-0.4690178,0.72823775
1783532937.9037,60,right_handRingEnd_joint,-0.41524512,1.2842158,0.2373724,-0.25800562,0.4279316,-0.4690178,0.72823775
1783532937.9037,60,right_handThumbStart_joint,-0.36211836,1.1195979,0.19139276,-0.38410643,-0.22451904,0.7859914,-0.42926824
1783532937.9037,60,right_handThumb_1_joint,-0.34405875,1.1465724,0.23416553,-0.38410643,-0.22451901,0.7859914,-0.42926824
1783532937.9037,60,right_handThumb_2_joint,-0.33114788,1.1658521,0.26473823,-0.38410643,-0.22451901,0.7859914,-0.42926824
1783532937.9037,60,right_handThumbEnd_joint,-0.32254136,1.178705,0.28512034,-0.38410643,-0.22451901,0.7859914,-0.42926824
1783532937.9037,60,camera,0.11030519,0.072869204,-0.020897262,-0.0745387,-0.07616,-0.6994282,0.7067134
1783532937.9376,61,root,-0.0011196859,0.021197965,0.001694126,0.10654495,0.0061906767,-0.015035056,0.994175
1783532937.9376,61,hips_joint,-0.0011196859,0.021197965,0.001694126,0.10654495,0.0061906767,-0.015035056,0.994175
1783532937.9376,61,left_upLeg_joint,0.09859619,-0.0062783216,-0.004216003,-0.56661767,0.4543245,-0.371848,0.57815456
1783532937.9376,61,left_leg_joint,0.2294055,-0.40414622,-0.047988713,-0.4264226,0.5752071,-0.21471135,0.6642286
1783532937.9376,61,left_foot_joint,0.3419357,-0.7589235,-0.31369427,0.690405,-0.18984026,0.578644,-0.39047766
1783532937.9376,61,left_toes_joint,0.38042518,-0.8653364,-0.21671322,0.7138724,-0.055543132,0.6421647,-0.2737259
1783532937.9376,61,left_toesEnd_joint,0.3906819,-0.89147216,-0.16294159,0.7138723,-0.055542927,0.6421647,-0.2737261
1783532937.9376,61,right_upLeg_joint,-0.102377325,-0.00052776095,-0.0010951489,0.57366997,0.3715402,0.3960623,0.6131846
1783532937.9376,61,right_leg_joint,-0.27510348,-0.3845653,-0.000578301,0.66229993,0.19781001,0.53335327,0.4876106
1783532937.9376,61,right_foot_joint,-0.4364454,-0.7422511,-0.23543781,0.39938203,0.56414795,0.119158246,0.7127636
1783532937.9376,61,right_toes_joint,-0.48638242,-0.83472306,-0.12976997,0.28521708,0.62961924,-0.018096015,0.7224287
1783532937.9376,61,right_toesEnd_joint,-0.49890894,-0.85492337,-0.073960945,0.28521755,0.6296192,-0.018096441,0.7224285
1783532937.9376,61,spine_1_joint,-0.0011197056,0.021197965,0.0016941264,0.5445086,0.45574936,0.5321377,0.46112078
1783532937.9376,61,spine_2_joint,-6.971501e-05,0.07800716,0.010856315,0.5259332,0.47455627,0.5171984,0.4803086
1783532937.9376,61,spine_3_joint,0.0007708106,0.13532978,0.015929984,0.50841296,0.48769882,0.5048213,0.49882
1783532937.9376,61,spine_4_joint,0.0015459569,0.18835932,0.017350111,0.49454713,0.49597296,0.4956357,0.5135945
1783532937.9376,61,spine_5_joint,0.0027265057,0.2587948,0.015772292,0.49133378,0.49308515,0.49818504,0.5169814
1783532937.9376,61,spine_6_joint,0.0043416293,0.35261294,0.014419334,0.4610481,0.51638633,0.4799166,0.53894323
1783532937.9376,61,spine_7_joint,0.004963902,0.4590826,0.0029254078,0.4138879,0.5536261,0.44355085,0.57048863
1783532937.9376,61,left_shoulder_1_joint,0.093760766,0.56758595,-0.027859904,0.88837963,0.2863264,-0.10050321,-0.3445254
1783532937.9376,61,left_arm_joint,0.2120971,0.65142256,-0.025144069,0.8518617,0.41421106,-0.0124245435,-0.32032198
1783532937.9376,61,left_forearm_joint,0.38673037,0.8412466,0.039808176,0.7055055,0.6595272,0.023816453,-0.2582992
1783532937.9376,61,left_hand_joint,0.42127526,1.0873228,0.14011374,0.71888965,0.51238805,0.41593504,0.2182982
1783532937.9376,61,left_handIndexStart_joint,0.41063488,1.1081202,0.158735,0.6907964,0.5249759,0.4616813,0.18452972
1783532937.9376,61,left_handIndex_1_joint,0.41244197,1.1800537,0.19440158,0.6907964,0.5249759,0.4616813,0.18452972
1783532937.9376,61,left_handIndex_2_joint,0.41349262,1.2218754,0.21513797,0.6907964,0.5249759,0.4616813,0.18452972
1783532937.9376,61,left_handIndex_3_joint,0.41408098,1.2452956,0.22675034,0.6907964,0.5249759,0.4616813,0.18452972
1783532937.9376,61,left_handIndexEnd_joint,0.41450125,1.2620243,0.2350449,0.6907964,0.5249759,0.4616813,0.18452972
1783532937.9376,61,left_handMidStart_joint,0.42127025,1.1112217,0.15235959,0.72018135,0.5115634,0.41397393,0.21969841
1783532937.9376,61,left_handMid_1_joint,0.4314454,1.1810592,0.1805986,0.72018135,0.5115634,0.41397393,0.21969841
1783532937.9376,61,left_handMid_2_joint,0.43859544,1.2301342,0.20044224,0.72018135,0.5115634,0.41397393,0.21969841
1783532937.9376,61,left_handMid_3_joint,0.44272053,1.2584468,0.21189049,0.72018135,0.5115634,0.41397393,0.21969841
1783532937.9376,61,left_handMidEnd_joint,0.44547054,1.2773218,0.21952264,0.72018135,0.5115634,0.41397393,0.21969841
1783532937.9376,61,left_handPinkyStart_joint,0.4454715,1.1124101,0.13887298,0.7759995,0.45899394,0.34571332,0.26006103
1783532937.9376,61,left_handPinky_1_joint,0.4670374,1.169064,0.15778457,0.7759995,0.45899394,0.34571332,0.26006103
1783532937.9376,61,left_handPinky_2_joint,0.4803576,1.2040563,0.16946526,0.7759995,0.45899394,0.34571332,0.26006103
1783532937.9376,61,left_handPinky_3_joint,0.48733482,1.2223855,0.1755837,0.7759995,0.45899394,0.34571332,0.26006103
1783532937.9376,61,left_handPinkyEnd_joint,0.49367774,1.2390485,0.18114594,0.7759995,0.45899394,0.34571332,0.26006103
1783532937.9376,61,left_handRingStart_joint,0.43263575,1.1121951,0.1463614,0.7494623,0.48635834,0.3799543,0.23957586
1783532937.9376,61,left_handRing_1_joint,0.44927302,1.1758348,0.16986527,0.7494623,0.48635834,0.3799543,0.23957586
1783532937.9376,61,left_handRing_2_joint,0.46101698,1.2207569,0.18645622,0.7494623,0.48635834,0.3799543,0.23957586
1783532937.9376,61,left_handRing_3_joint,0.46835697,1.2488332,0.19682558,0.7494623,0.48635834,0.3799543,0.23957586
1783532937.9376,61,left_handRingEnd_joint,0.47325027,1.2675507,0.20373848,0.7494623,0.48635834,0.3799543,0.23957586
1783532937.9376,61,left_handThumbStart_joint,0.41483313,1.1022309,0.16778722,0.447033,0.76440537,0.1916425,-0.4232247
1783532937.9376,61,left_handThumb_1_joint,0.4018368,1.1302197,0.21173023,0.447033,0.76440537,0.1916425,-0.4232247
1783532937.9376,61,left_handThumb_2_joint,0.39254534,1.1502243,0.24314012,0.447033,0.76440537,0.19164246,-0.4232247
1783532937.9376,61,left_handThumbEnd_joint,0.38635105,1.1635607,0.26408005,0.447033,0.76440537,0.19164245,-0.4232247
1783532937.9376,61,neck_1_joint,0.004426087,0.58655894,-0.038974226,0.5030181,0.47455856,0.5343513,0.4860406
1783532937.9376,61,neck_2_joint,0.0037818584,0.6164646,-0.03668621,0.51678073,0.45973933,0.54922724,0.4689635
1783532937.9376,61,neck_3_joint,0.0027409943,0.6560767,-0.031227883,0.51448786,0.46195534,0.5510846,0.4671243
1783532937.9376,61,neck_4_joint,0.0013732394,0.6956843,-0.025809033,0.5045186,0.47234735,0.5452101,0.47444174
1783532937.9376,61,head_joint,-0.00050423533,0.7416995,-0.020547213,0.44096422,0.5319685,0.48846266,0.532883
1783532937.9376,61,jaw_joint,0.00031793443,0.71762544,-0.012194802,0.44096422,0.5319685,0.48846266,0.532883
1783532937.9376,61,chin_joint,-0.0026663174,0.68152905,0.093579255,0.44096422,0.5319685,0.48846266,0.532883
1783532937.9376,61,left_eye_joint,0.02584828,0.7871783,0.06217936,0.4455869,0.52810246,0.49309152,0.5286027
1783532937.9376,61,left_eyeLowerLid_joint,0.02584828,0.7871783,0.06217936,0.4455869,0.52810246,0.49309152,0.5286027
1783532937.9376,61,left_eyeUpperLid_joint,0.02584828,0.7871783,0.06217936,0.4455869,0.52810246,0.49309152,0.5286027
1783532937.9376,61,left_eyeball_joint,0.02584828,0.7871783,0.06217936,0.4455869,0.52810246,0.49309152,0.5286027
1783532937.9376,61,nose_joint,-0.0061613987,0.75642955,0.08831518,0.4455897,0.5281002,0.4930943,0.5286001
1783532937.9376,61,right_eye_joint,-0.03864082,0.783964,0.05926303,0.4455869,0.52810246,0.49309152,0.5286027
1783532937.9376,61,right_eyeLowerLid_joint,-0.03864082,0.783964,0.05926303,0.4455869,0.52810246,0.49309152,0.5286027
1783532937.9376,61,right_eyeUpperLid_joint,-0.03864082,0.783964,0.05926303,0.4455869,0.52810246,0.49309152,0.5286027
1783532937.9376,61,right_eyeball_joint,-0.03864082,0.783964,0.05926303,0.4455869,0.52810246,0.49309152,0.5286027
1783532937.9376,61,right_shoulder_1_joint,-0.08476256,0.5642101,-0.03579363,0.3484666,-0.10196152,-0.2537038,0.89655405
1783532937.9376,61,right_arm_joint,-0.20812348,0.6405029,-0.036665883,0.31050718,0.015107715,-0.43266106,0.8462632
1783532937.9376,61,right_forearm_joint,-0.37440518,0.8327863,0.04160285,0.26886618,0.0696128,-0.6192594,0.73442686
1783532937.9376,61,right_hand_joint,-0.43425477,1.0665019,0.15823624,-0.22726302,0.42827484,-0.45266855,0.7483471
1783532937.9376,61,right_handIndexStart_joint,-0.42670387,1.0869479,0.17696764,-0.19555166,0.47871768,-0.46666005,0.71750766
1783532937.9376,61,right_handIndex_1_joint,-0.4352261,1.155765,0.21748066,-0.19555166,0.47871768,-0.46666005,0.71750766
1783532937.9376,61,right_handIndex_2_joint,-0.44018123,1.1957748,0.24103527,-0.19555166,0.47871768,-0.46666005,0.71750766
1783532937.9376,61,right_handIndex_3_joint,-0.44295582,1.218181,0.25422537,-0.19555166,0.47871768,-0.46666005,0.71750766
1783532937.9376,61,right_handIndexEnd_joint,-0.44493756,1.2341852,0.2636468,-0.19555166,0.47871768,-0.46666005,0.71750766
1783532937.9376,61,right_handMidStart_joint,-0.4378387,1.0892276,0.17112024,-0.22676775,0.42916465,-0.45264596,0.7480012
1783532937.9376,61,right_handMid_1_joint,-0.4547035,1.1554979,0.2043193,-0.22676775,0.42916465,-0.45264596,0.7480012
1783532937.9376,61,right_handMid_2_joint,-0.46655402,1.2020661,0.2276478,-0.22676775,0.42916465,-0.45264596,0.7480012
1783532937.9376,61,right_handMid_3_joint,-0.473391,1.2289323,0.24110682,-0.22676775,0.42916465,-0.45264596,0.7480012
1783532937.9376,61,right_handMidEnd_joint,-0.47794876,1.246843,0.25007913,-0.22676775,0.42916468,-0.45264602,0.74800116
1783532937.9376,61,right_handPinkyStart_joint,-0.46248737,1.0885329,0.15843299,-0.26050675,0.35793585,-0.39867544,0.80316633
1783532937.9376,61,right_handPinky_1_joint,-0.489531,1.1410413,0.1817535,-0.26050675,0.35793585,-0.39867544,0.80316633
1783532937.9376,61,right_handPinky_2_joint,-0.50623447,1.173474,0.19615729,-0.26050675,0.35793585,-0.39867544,0.80316633
1783532937.9376,61,right_handPinky_3_joint,-0.51498413,1.1904618,0.20370251,-0.26050675,0.35793585,-0.39867544,0.80316633
1783532937.9376,61,right_handPinkyEnd_joint,-0.5229382,1.2059052,0.21056136,-0.26050675,0.35793585,-0.39867544,0.80316633
1783532937.9376,61,right_handRingStart_joint,-0.44944865,1.0892919,0.1655249,-0.24331203,0.39373547,-0.42666197,0.7770014
1783532937.9376,61,right_handRing_1_joint,-0.47221053,1.1489894,0.19376151,-0.24331203,0.39373547,-0.42666197,0.7770014
1783532937.9376,61,right_handRing_2_joint,-0.48827773,1.1911283,0.21369323,-0.24331203,0.39373547,-0.42666197,0.7770014
1783532937.9376,61,right_handRing_3_joint,-0.49831963,1.2174656,0.2261504,-0.24331203,0.39373547,-0.42666197,0.7770014
1783532937.9376,61,right_handRingEnd_joint,-0.5050148,1.2350237,0.23445602,-0.24331203,0.39373547,-0.42666197,0.7770014
1783532937.9376,61,right_handThumbStart_joint,-0.42989638,1.0800496,0.18571337,-0.41410193,-0.2475259,0.7379347,-0.4719141
1783532937.9376,61,right_handThumb_1_joint,-0.4185355,1.1064415,0.23107497,-0.41410193,-0.2475259,0.7379347,-0.4719141
1783532937.9376,61,right_handThumb_2_joint,-0.41041258,1.1253052,0.26349828,-0.41410193,-0.24752586,0.7379347,-0.4719141
1783532937.9376,61,right_handThumbEnd_joint,-0.40499803,1.1378807,0.28511402,-0.41410193,-0.24752586,0.7379347,-0.4719141
1783532937.9376,61,camera,0.11036823,0.07283166,-0.020532303,-0.07454016,-0.076195,-0.69943565,0.70670205
1783532937.9699,62,root,-0.0010823299,0.019932872,0.0011972314,0.10797057,0.0029254756,-0.016344257,0.99401546
1783532937.9699,62,hips_joint,-0.0010823299,0.019932872,0.0011972314,0.10797057,0.0029254756,-0.016344257,0.99401546
1783532937.9699,62,left_upLeg_joint,0.09857701,-0.007858993,-0.00416553,-0.56302255,0.4571677,-0.37958634,0.57438445
1783532937.9699,62,left_leg_joint,0.22230652,-0.40826213,-0.045327578,-0.43555376,0.5676062,-0.23700641,0.6572245
1783532937.9699,62,left_foot_joint,0.33357027,-0.7768416,-0.29210463,0.6929058,-0.17822565,0.59187555,-0.3712149
1783532937.9699,62,left_toes_joint,0.36871764,-0.87913895,-0.18958448,0.71412635,-0.04366505,0.6515055,-0.25230446
1783532937.9699,62,left_toesEnd_joint,0.37765133,-0.9028643,-0.13447587,0.71412635,-0.043664865,0.6515054,-0.25230467
1783532937.9699,62,right_upLeg_joint,-0.10239194,-0.0014478123,-0.0022848672,0.57343626,0.36663875,0.40722305,0.60902905
1783532937.9699,62,right_leg_joint,-0.2706148,-0.3873836,-0.01089436,0.6549976,0.2077186,0.53564453,0.4908323
1783532937.9699,62,right_foot_joint,-0.42604145,-0.75228435,-0.23853326,0.38752317,0.567445,0.118975185,0.71671265
1783532937.9699,62,right_toes_joint,-0.47487947,-0.84324414,-0.13105473,0.27294827,0.6306088,-0.019024288,0.7262714
1783532937.9699,62,right_toesEnd_joint,-0.48725054,-0.8624499,-0.07486118,0.27294877,0.6306088,-0.019024724,0.7262712
1783532937.9699,62,spine_1_joint,-0.0010823497,0.019932874,0.0011972316,0.5470104,0.45068276,0.5296878,0.4659351
1783532937.9699,62,spine_2_joint,0.00079570204,0.076717794,0.010377587,0.5304549,0.4684555,0.51148164,0.48739493
1783532937.9699,62,spine_3_joint,0.002975358,0.13401605,0.015326574,0.5140729,0.4814059,0.49683952,0.50707805
1783532937.9699,62,spine_4_joint,0.0052459706,0.1870081,0.01652574,0.50093514,0.48988044,0.48679966,0.5216393
1783532937.9699,62,spine_5_joint,0.008495997,0.25737134,0.014655932,0.49814892,0.48738348,0.49043566,0.52323806
1783532937.9699,62,spine_6_joint,0.012599772,0.35111198,0.013196583,0.46859905,0.5114316,0.47661328,0.54008603
1783532937.9699,62,spine_7_joint,0.014993618,0.45764914,0.0025947557,0.42324477,0.5491979,0.44939607,0.563284
1783532937.9699,62,left_shoulder_1_joint,0.103706576,0.56686723,-0.025813589,0.88275737,0.2357075,-0.10980654,-0.39131075
1783532937.9699,62,left_arm_joint,0.22914112,0.6396941,-0.027176375,0.87042785,0.30102354,-0.020529276,-0.38899758
1783532937.9699,62,left_forearm_joint,0.44669852,0.78332955,0.025610318,0.75504965,0.55875385,0.037270304,-0.3410358
1783532937.9699,62,left_hand_joint,0.5466006,1.0026237,0.14281838,0.8082496,0.42381015,0.36603266,0.18203849
1783532937.9699,62,left_handIndexStart_joint,0.5432569,1.0225769,0.16480003,0.7831445,0.43419036,0.4176311,0.15410468
1783532937.9699,62,left_handIndex_1_joint,0.5652721,1.087531,0.20658636,0.7831445,0.43419036,0.4176311,0.15410468
1783532937.9699,62,left_handIndex_2_joint,0.5780716,1.1252949,0.23088074,0.7831445,0.43419036,0.4176311,0.15410468
1783532937.9699,62,left_handIndex_3_joint,0.58523935,1.1464428,0.24448559,0.7831445,0.43419036,0.4176311,0.15410468
1783532937.9699,62,left_handIndexEnd_joint,0.59035915,1.1615484,0.25420332,0.7831445,0.43419036,0.4176311,0.15410468
1783532937.9699,62,left_handMidStart_joint,0.55338115,1.0242745,0.15718465,0.8093796,0.4230703,0.3638032,0.18320468
1783532937.9699,62,left_handMid_1_joint,0.5820629,1.086466,0.19016695,0.8093796,0.4230703,0.3638032,0.18320468
1783532937.9699,62,left_handMid_2_joint,0.6022177,1.1301681,0.21334371,0.8093796,0.4230703,0.3638032,0.18320468
1783532937.9699,62,left_handMid_3_joint,0.6138454,1.155381,0.22671491,0.8093796,0.4230703,0.3638032,0.18320468
1783532937.9699,62,left_handMidEnd_joint,0.6215972,1.1721895,0.23562905,0.8093796,0.4230703,0.3638032,0.18320468
1783532937.9699,62,left_handPinkyStart_joint,0.5752814,1.0223055,0.14028771,0.85647565,0.37193853,0.28494018,0.21661162
1783532937.9699,62,left_handPinky_1_joint,0.61090195,1.0706018,0.16104987,0.85647565,0.37193853,0.28494018,0.21661162
1783532937.9699,62,left_handPinky_2_joint,0.63290286,1.1004319,0.17387357,0.85647565,0.37193853,0.28494018,0.21661162
1783532937.9699,62,left_handPinky_3_joint,0.6444272,1.1160572,0.18059073,0.85647565,0.37193853,0.28494018,0.21661162
1783532937.9699,62,left_handPinkyEnd_joint,0.65490377,1.130262,0.18669727,0.85647565,0.37193853,0.28494018,0.21661162
1783532937.9699,62,left_handRingStart_joint,0.56380004,1.0237104,0.14961964,0.83439046,0.39840084,0.32447547,0.19946288
1783532937.9699,62,left_handRing_1_joint,0.5967689,1.0791924,0.17634106,0.83439046,0.39840084,0.32447547,0.19946288
1783532937.9699,62,left_handRing_2_joint,0.620041,1.1183561,0.19520323,0.83439046,0.39840084,0.32447547,0.19946288
1783532937.9699,62,left_handRing_3_joint,0.63458616,1.1428336,0.20699209,0.83439046,0.39840084,0.32447547,0.19946288
1783532937.9699,62,left_handRingEnd_joint,0.6442828,1.1591518,0.21485133,0.83439046,0.39840084,0.32447547,0.19946288
1783532937.9699,62,left_handThumbStart_joint,0.54722947,1.0148586,0.17247455,0.5129119,0.6683512,0.24545722,-0.47956166
1783532937.9699,62,left_handThumb_1_joint,0.5464868,1.0390329,0.22041528,0.5129119,0.6683512,0.24545722,-0.47956166
1783532937.9699,62,left_handThumb_2_joint,0.5459538,1.0563115,0.25468284,0.5129119,0.6683512,0.24545722,-0.47956166
1783532937.9699,62,left_handThumbEnd_joint,0.54559857,1.0678307,0.27752787,0.5129119,0.6683512,0.2454572,-0.47956166
1783532937.9699,62,neck_1_joint,0.0143228425,0.58621234,-0.03583901,0.51152337,0.46864104,0.5368243,0.48014536
1783532937.9699,62,neck_2_joint,0.013854557,0.6160608,-0.032864064,0.525236,0.4535764,0.5498905,0.46477592
1783532937.9699,62,neck_3_joint,0.013205667,0.6555656,-0.02662318,0.5231302,0.45572534,0.55064523,0.4641548
1783532937.9699,62,neck_4_joint,0.012334004,0.6950847,-0.020500619,0.5134429,0.46612513,0.544478,0.471856
1783532937.9699,62,head_joint,0.011074807,0.74102235,-0.01443831,0.4505705,0.5268343,0.48810112,0.5302731
1783532937.9699,62,jaw_joint,0.011650143,0.7167996,-0.006505465,0.4505705,0.5268343,0.48810112,0.5302731
1783532937.9699,62,chin_joint,0.008939649,0.6789281,0.0986535,0.4505705,0.5268343,0.48810112,0.5302731
1783532937.9699,62,left_eye_joint,0.038570397,0.7847367,0.06886537,0.45514798,0.5228847,0.4927072,0.5259961
1783532937.9699,62,left_eyeLowerLid_joint,0.038570397,0.7847367,0.06886537,0.45514798,0.5228847,0.4927072,0.5259961
1783532937.9699,62,left_eyeUpperLid_joint,0.038570397,0.7847367,0.06886537,0.45514798,0.5228847,0.4927072,0.5259961
1783532937.9699,62,left_eyeball_joint,0.038570397,0.7847367,0.06886537,0.45514798,0.5228847,0.4927072,0.5259961
1783532937.9699,62,nose_joint,0.006355603,0.7539459,0.094697915,0.45515078,0.5228823,0.49271002,0.52599347
1783532937.9699,62,right_eye_joint,-0.025972795,0.78238094,0.06635341,0.45514798,0.5228847,0.4927072,0.5259961
1783532937.9699,62,right_eyeLowerLid_joint,-0.025972795,0.78238094,0.06635341,0.45514798,0.5228847,0.4927072,0.5259961
1783532937.9699,62,right_eyeUpperLid_joint,-0.025972795,0.78238094,0.06635341,0.45514798,0.5228847,0.4927072,0.5259961
1783532937.9699,62,right_eyeball_joint,-0.025972795,0.78238094,0.06635341,0.45514798,0.5228847,0.4927072,0.5259961
1783532937.9699,62,right_shoulder_1_joint,-0.07486722,0.5638641,-0.032693066,0.3863263,-0.1014326,-0.19860104,0.89499784
1783532937.9699,62,right_arm_joint,-0.20548953,0.6267962,-0.036771033,0.3636521,0.011365956,-0.33122233,0.870586
1783532937.9699,62,right_forearm_joint,-0.41304505,0.7779955,0.032568704,0.3311552,0.082280666,-0.5276754,0.7778977
1783532937.9699,62,right_hand_joint,-0.52815914,0.98338425,0.16052385,-0.20367815,0.3832752,-0.37190259,0.8205509
1783532937.9699,62,right_handIndexStart_joint,-0.5266352,1.0027415,0.18171102,-0.17759018,0.43874493,-0.38442943,0.7925772
1783532937.9699,62,right_handIndex_1_joint,-0.5522891,1.0641959,0.22659948,-0.17759018,0.43874493,-0.38442943,0.7925772
1783532937.9699,62,right_handIndex_2_joint,-0.5672045,1.0999248,0.2526979,-0.17759018,0.43874493,-0.38442943,0.7925772
1783532937.9699,62,right_handIndex_3_joint,-0.5755569,1.119934,0.26731265,-0.17759018,0.43874493,-0.38442943,0.7925772
1783532937.9699,62,right_handIndexEnd_joint,-0.58152276,1.1342258,0.27775165,-0.17759018,0.43874493,-0.38442943,0.7925772
1783532937.9699,62,right_handMidStart_joint,-0.5373306,1.0035927,0.17476435,-0.2032874,0.3842234,-0.37184128,0.8202321
1783532937.9699,62,right_handMid_1_joint,-0.56988156,1.0618364,0.21118519,-0.2032874,0.3842234,-0.37184128,0.8202321
1783532937.9699,62,right_handMid_2_joint,-0.59275466,1.1027642,0.23677766,-0.2032874,0.3842234,-0.37184128,0.8202321
1783532937.9699,62,right_handMid_3_joint,-0.60595083,1.1263765,0.2515428,-0.2032874,0.3842234,-0.37184128,0.8202321
1783532937.9699,62,right_handMidEnd_joint,-0.614748,1.1421179,0.26138586,-0.20328738,0.3842234,-0.37184128,0.8202321
1783532937.9699,62,right_handPinkyStart_joint,-0.5599388,0.99983585,0.1591514,-0.23055135,0.30461273,-0.31847215,0.86754405
1783532937.9699,62,right_handPinky_1_joint,-0.5987741,1.0438441,0.1833884,-0.23055135,0.30461273,-0.31847215,0.86754405
1783532937.9699,62,right_handPinky_2_joint,-0.62276083,1.0710266,0.19835834,-0.23055135,0.30461273,-0.31847215,0.86754405
1783532937.9699,62,right_handPinky_3_joint,-0.63532543,1.0852641,0.2062,-0.23055135,0.30461273,-0.31847215,0.86754405
1783532937.9699,62,right_handPinkyEnd_joint,-0.6467476,1.0982076,0.21332842,-0.23055135,0.30461273,-0.31847215,0.86754405
1783532937.9699,62,right_handRingStart_joint,-0.54809374,1.0021657,0.16782013,-0.21648836,0.3446,-0.34599116,0.8453839
1783532937.9699,62,right_handRing_1_joint,-0.58463156,1.0534502,0.19805385,-0.21648836,0.3446,-0.34599116,0.8453839
1783532937.9699,62,right_handRing_2_joint,-0.61042285,1.0896505,0.21939525,-0.21648836,0.3446,-0.34599116,0.8453839
1783532937.9699,62,right_handRing_3_joint,-0.62654245,1.1122764,0.23273353,-0.21648836,0.3446,-0.34599116,0.8453839
1783532937.9699,62,right_handRingEnd_joint,-0.6372894,1.12736,0.24162647,-0.21648836,0.3446,-0.34599116,0.8453839
1783532937.9699,62,right_handThumbStart_joint,-0.52934605,0.9944905,0.18938166,0.45284176,0.29313517,-0.6531246,0.5314457
1783532937.9699,62,right_handThumb_1_joint,-0.5280068,1.0175114,0.23787418,0.45284176,0.29313517,-0.6531246,0.5314457
1783532937.9699,62,right_handThumb_2_joint,-0.5270471,1.033966,0.2725356,0.45284176,0.29313517,-0.6531246,0.5314457
1783532937.9699,62,right_handThumbEnd_joint,-0.52640796,1.0449352,0.29564333,0.45284176,0.29313514,-0.6531246,0.5314457
1783532937.9699,62,camera,0.11046109,0.072868384,-0.020230815,-0.07441897,-0.07663103,-0.69936794,0.7067347
1783532938.0042,63,root,-0.0007185368,0.018333241,0.0014513709,0.106387585,0.0035199672,-0.014101073,0.9942185
1783532938.0042,63,hips_joint,-0.0007185368,0.018333241,0.0014513709,0.106387585,0.0035199672,-0.014101073,0.9942185
1783532938.0042,63,left_upLeg_joint,0.09906374,-0.009016445,-0.003898908,-0.56567234,0.4589732,-0.38585654,0.56610364
1783532938.0042,63,left_leg_joint,0.21735805,-0.4116422,-0.038899172,-0.44427076,0.5674913,-0.2539664,0.64504147
1783532938.0042,63,left_foot_joint,0.3211253,-0.7920651,-0.27050278,0.6996969,-0.17275949,0.59771353,-0.3511654
1783532938.0042,63,left_toes_joint,0.3547745,-0.89065725,-0.16392979,0.7197584,-0.0370108,0.6534375,-0.23151188
1783532938.0042,63,left_toesEnd_joint,0.36346743,-0.9122422,-0.10791026,0.7197584,-0.0370106,0.6534374,-0.23151207
1783532938.0042,63,right_upLeg_joint,-0.10193117,-0.0035244012,-0.0018867007,0.5704181,0.37235287,0.41712642,0.6016495
1783532938.0042,63,right_leg_joint,-0.2597223,-0.39376047,-0.0136019625,0.6522626,0.22030021,0.53622574,0.48834756
1783532938.0042,63,right_foot_joint,-0.4096537,-0.76468974,-0.2351002,0.37761128,0.57566273,0.12096506,0.71511513
1783532938.0042,63,right_toes_joint,-0.45554945,-0.8552655,-0.1260127,0.26165846,0.6367989,-0.016767701,0.72507995
1783532938.0042,63,right_toesEnd_joint,-0.46697852,-0.87400526,-0.06946348,0.26165897,0.63679886,-0.016768137,0.72507983
1783532938.0042,63,spine_1_joint,-0.0007185566,0.018333241,0.001451371,0.54697895,0.4516309,0.527777,0.46722046
1783532938.0042,63,spine_2_joint,0.0012935912,0.075151846,0.010391833,0.5312504,0.4686978,0.5077585,0.49018046
1783532938.0042,63,spine_3_joint,0.0038838994,0.13246174,0.01499612,0.5152551,0.48134446,0.49194726,0.51069355
1783532938.0042,63,spine_4_joint,0.0066740736,0.18543631,0.015808774,0.502552,0.48937947,0.4820652,0.5249406
1783532938.0042,63,spine_5_joint,0.010639032,0.25575063,0.013523747,0.50060403,0.4860887,0.4875387,0.5248044
1783532938.0042,63,spine_6_joint,0.015512536,0.34945342,0.012002486,0.47301492,0.5086689,0.4785285,0.537144
1783532938.0042,63,spine_7_joint,0.018120091,0.45610568,0.0026864791,0.43211812,0.54345405,0.46031818,0.5532078
1783532938.0042,63,left_shoulder_1_joint,0.10600175,0.5668692,-0.02208996,0.8649144,0.18539988,-0.11214172,-0.4527406
1783532938.0042,63,left_arm_joint,0.23743168,0.6281168,-0.02587719,0.8611409,0.18032506,-0.0117784,-0.47516346
1783532938.0042,63,left_forearm_joint,0.48604605,0.7137016,0.014308578,0.780671,0.44006416,0.07786228,-0.43684518
1783532938.0042,63,left_hand_joint,0.6469788,0.8795921,0.1499148,0.8863714,0.30459157,0.3270214,0.12094109
1783532938.0042,63,left_handIndexStart_joint,0.6508181,0.8951517,0.17512716,0.8635576,0.31122917,0.3837065,0.100866824
1783532938.0042,63,left_handIndex_1_joint,0.6919219,0.9445374,0.22330707,0.8635576,0.31122917,0.3837065,0.100866824
1783532938.0042,63,left_handIndex_2_joint,0.7158195,0.9732501,0.25131863,0.8635576,0.31122917,0.3837065,0.100866824
1783532938.0042,63,left_handIndex_3_joint,0.7292021,0.9893292,0.26700512,0.8635576,0.31122917,0.3837065,0.100866824
1783532938.0042,63,left_handIndexEnd_joint,0.7387611,1.0008143,0.27820975,0.8635576,0.31122917,0.3837065,0.100866824
1783532938.0042,63,left_handMidStart_joint,0.6601877,0.89608794,0.16648374,0.8873648,0.30400938,0.32454744,0.12178283
1783532938.0042,63,left_handMid_1_joint,0.7061383,0.9431094,0.20463845,0.8873648,0.30400938,0.32454744,0.12178283
1783532938.0042,63,left_handMid_2_joint,0.7384279,0.9761516,0.23144989,0.8873648,0.30400938,0.32454744,0.12178283
1783532938.0042,63,left_handMid_3_joint,0.7570565,0.99521434,0.24691802,0.8873648,0.30400938,0.32454744,0.12178283
1783532938.0042,63,left_handMidEnd_joint,0.7694755,1.0079229,0.2572301,0.8873648,0.30400938,0.32454744,0.12178283
1783532938.0042,63,left_handPinkyStart_joint,0.6790729,0.8927945,0.14644612,0.9259773,0.25745487,0.23521042,0.14477278
1783532938.0042,63,left_handPinky_1_joint,0.7271299,0.9273963,0.16937354,0.9259773,0.25745487,0.23521042,0.14477278
1783532938.0042,63,left_handPinky_2_joint,0.7568121,0.94876796,0.18353459,0.9259773,0.25745487,0.23521042,0.14477278
1783532938.0042,63,left_handPinky_3_joint,0.77235997,0.95996267,0.1909523,0.9259773,0.25745487,0.23521042,0.14477278
1783532938.0042,63,left_handPinkyEnd_joint,0.7864944,0.9701397,0.19769566,0.9259773,0.25745487,0.23521042,0.14477278
1783532938.0042,63,left_handRingStart_joint,0.669311,0.8947861,0.15747413,0.9081838,0.28141195,0.28001943,0.13265975
1783532938.0042,63,left_handRing_1_joint,0.7171448,0.93568015,0.18778647,0.9081838,0.28141195,0.28001943,0.13265975
1783532938.0042,63,left_handRing_2_joint,0.7509098,0.9645465,0.20918342,0.9081838,0.28141195,0.28001943,0.13265975
1783532938.0042,63,left_handRing_3_joint,0.77201295,0.98258793,0.22255652,0.9081838,0.28141195,0.28001943,0.13265975
1783532938.0042,63,left_handRingEnd_joint,0.7860817,0.9946156,0.23147191,0.9081838,0.28141195,0.28001943,0.13265975
1783532938.0042,63,left_handThumbStart_joint,0.65363926,0.88542503,0.18075617,-0.5549703,-0.54812,-0.32472265,0.53490907
1783532938.0042,63,left_handThumb_1_joint,0.66375,0.8994395,0.23159541,-0.5549703,-0.54812,-0.32472265,0.53490907
1783532938.0042,63,left_handThumb_2_joint,0.6709748,0.90945643,0.26793498,-0.5549703,-0.54812,-0.32472265,0.53490907
1783532938.0042,63,left_handThumbEnd_joint,0.6757913,0.9161344,0.29216132,-0.5549703,-0.54812,-0.3247226,0.53490907
1783532938.0042,63,neck_1_joint,0.01645656,0.5859503,-0.031131985,0.5173042,0.46364936,0.54333836,0.471391
1783532938.0042,63,neck_2_joint,0.015845323,0.6157087,-0.027381314,0.5293443,0.4502112,0.5541216,0.45831653
1783532938.0042,63,neck_3_joint,0.015066053,0.6550911,-0.02042276,0.5262653,0.45350766,0.5534754,0.4593917
1783532938.0042,63,neck_4_joint,0.014105717,0.6945253,-0.013787791,0.5161223,0.4645287,0.5465573,0.46808776
1783532938.0042,63,head_joint,0.0127755655,0.74039704,-0.007259385,0.4534079,0.5255419,0.49063092,0.5267905
1783532938.0042,63,jaw_joint,0.013419467,0.71609676,0.0004273206,0.4534079,0.5255419,0.49063092,0.5267905
1783532938.0042,63,chin_joint,0.011075798,0.6771628,0.10520639,0.4534079,0.5255419,0.49063092,0.5267905
1783532938.0042,63,left_eye_joint,0.040420465,0.7833234,0.07640384,0.4579741,0.52156764,0.49520656,0.5224916
1783532938.0042,63,left_eyeLowerLid_joint,0.040420465,0.7833234,0.07640384,0.4579741,0.52156764,0.49520656,0.5224916
1783532938.0042,63,left_eyeUpperLid_joint,0.040420465,0.7833234,0.07640384,0.4579741,0.52156764,0.49520656,0.5224916
1783532938.0042,63,left_eyeball_joint,0.040420465,0.7833234,0.07640384,0.4579741,0.52156764,0.49520656,0.5224916
1783532938.0042,63,nose_joint,0.008337094,0.7522116,0.1020142,0.45797682,0.5215652,0.49520934,0.5224889
1783532938.0042,63,right_eye_joint,-0.024124855,0.7808678,0.07404764,0.4579741,0.52156764,0.49520656,0.5224916
1783532938.0042,63,right_eyeLowerLid_joint,-0.024124855,0.7808678,0.07404764,0.4579741,0.52156764,0.49520656,0.5224916
1783532938.0042,63,right_eyeUpperLid_joint,-0.024124855,0.7808678,0.07404764,0.4579741,0.52156764,0.49520656,0.5224916
1783532938.0042,63,right_eyeball_joint,-0.024124855,0.7808678,0.07404764,0.4579741,0.52156764,0.49520656,0.5224916
1783532938.0042,63,right_shoulder_1_joint,-0.072570555,0.56289726,-0.028499786,0.42947483,-0.098361395,-0.13402729,0.88764465
1783532938.0042,63,right_arm_joint,-0.20960191,0.60966474,-0.03712982,0.41451523,0.0066274498,-0.20680982,0.88620704
1783532938.0042,63,right_forearm_joint,-0.45281187,0.7057011,0.011598315,0.38154608,0.078238554,-0.4189488,0.8202336
1783532938.0042,63,right_hand_joint,-0.6234345,0.87387115,0.13166107,-0.18891256,0.31461376,-0.28750226,0.88468784
1783532938.0042,63,right_handIndexStart_joint,-0.62870955,0.891448,0.1537777,-0.16868977,0.37461847,-0.29918486,0.86121607
1783532938.0042,63,right_handIndex_1_joint,-0.67210114,0.94298416,0.19749194,-0.16868977,0.37461847,-0.29918486,0.86121607
1783532938.0042,63,right_handIndex_2_joint,-0.6973291,0.9729466,0.22290762,-0.16868977,0.37461847,-0.29918486,0.86121607
1783532938.0042,63,right_handIndex_3_joint,-0.7114567,0.9897265,0.23714007,-0.16868977,0.37461847,-0.29918486,0.86121607
1783532938.0042,63,right_handIndexEnd_joint,-0.72154766,1.001712,0.24730605,-0.16868977,0.37461847,-0.29918486,0.86121607
1783532938.0042,63,right_handMidStart_joint,-0.6383486,0.8907138,0.14541571,-0.1886356,0.3156141,-0.28741646,0.8844185
1783532938.0042,63,right_handMid_1_joint,-0.68666106,0.9384109,0.17961021,-0.1886356,0.3156141,-0.28741646,0.8844185
1783532938.0042,63,right_handMid_2_joint,-0.7206097,0.9719277,0.20363832,-0.1886356,0.3156141,-0.28741646,0.8844185
1783532938.0042,63,right_handMid_3_joint,-0.7401957,0.9912642,0.21750093,-0.1886356,0.3156141,-0.28741646,0.8844185
1783532938.0042,63,right_handMidEnd_joint,-0.7532526,1.0041553,0.22674231,-0.1886356,0.3156141,-0.28741646,0.8844185
1783532938.0042,63,right_handPinkyStart_joint,-0.6574595,0.8838028,0.12654723,-0.20978475,0.22889903,-0.234114,0.92129594
1783532938.0042,63,right_handPinky_1_joint,-0.7073451,0.91729397,0.14709222,-0.20978475,0.22889903,-0.234114,0.92129594
1783532938.0042,63,right_handPinky_2_joint,-0.73815715,0.93798065,0.15978183,-0.20978475,0.22889903,-0.234114,0.92129594
1783532938.0042,63,right_handPinky_3_joint,-0.75429684,0.9488156,0.16642897,-0.20978475,0.22889905,-0.234114,0.92129594
1783532938.0042,63,right_handPinkyEnd_joint,-0.7689691,0.95866585,0.17247148,-0.20978475,0.22889903,-0.234114,0.92129594
1783532938.0042,63,right_handRingStart_joint,-0.647585,0.88773906,0.13693379,-0.19869542,0.2724038,-0.26140553,0.90442437
1783532938.0042,63,right_handRing_1_joint,-0.6975234,0.92832935,0.16409582,-0.19869542,0.2724038,-0.26140553,0.90442437
1783532938.0042,63,right_handRing_2_joint,-0.7327738,0.9569809,0.18326895,-0.19869542,0.2724038,-0.26140553,0.90442437
1783532938.0042,63,right_handRing_3_joint,-0.75480545,0.97488874,0.19525209,-0.19869542,0.2724038,-0.26140553,0.90442437
1783532938.0042,63,right_handRingEnd_joint,-0.7694939,0.9868268,0.2032415,-0.19869542,0.2724038,-0.26140553,0.90442437
1783532938.0042,63,right_handThumbStart_joint,-0.63064533,0.8822558,0.16056144,0.4816607,0.32080495,-0.5532129,0.59920174
1783532938.0042,63,right_handThumb_1_joint,-0.64042556,0.90126073,0.20982036,0.4816607,0.32080495,-0.5532129,0.59920174
1783532938.0042,63,right_handThumb_2_joint,-0.6474138,0.9148452,0.24502993,0.4816607,0.32080495,-0.5532129,0.59920174
1783532938.0042,63,right_handThumbEnd_joint,-0.65207314,0.923901,0.26850295,0.4816607,0.32080495,-0.5532129,0.59920174
1783532938.0042,63,camera,0.109915726,0.07271646,-0.01993229,-0.0742838,-0.07666779,-0.69942886,0.70668465
1783532938.0369,64,root,-0.0013124016,0.016819209,0.0006423772,0.101789236,0.0036044908,-0.010888696,0.9947399
1783532938.0369,64,hips_joint,-0.0013124016,0.016819209,0.0006423772,0.101789236,0.0036044908,-0.010888696,0.9947399
1783532938.0369,64,left_upLeg_joint,0.098646455,-0.009934085,-0.0044193333,-0.5664224,0.4621678,-0.40045613,0.55245036
1783532938.0369,64,left_leg_joint,0.20479403,-0.41672966,-0.028419938,-0.4494943,0.56779414,-0.27636197,0.63181376
1783532938.0369,64,left_foot_joint,0.29738387,-0.8098575,-0.2429124,0.7039958,-0.16977657,0.60718614,-0.32694134
1783532938.0369,64,left_toes_joint,0.32793564,-0.90465254,-0.13204779,0.723414,-0.033267215,0.6581471,-0.20593148
1783532938.0369,64,left_toesEnd_joint,0.3359111,-0.9240151,-0.07511673,0.723414,-0.03326701,0.6581471,-0.20593168
1783532938.0369,64,right_upLeg_joint,-0.10238052,-0.0057211146,-0.0025301941,0.56341535,0.38394865,0.42779446,0.5934127
1783532938.0369,64,right_leg_joint,-0.2451946,-0.40170127,-0.013635208,0.65016705,0.23418222,0.5377075,0.48302415
1783532938.0369,64,right_foot_joint,-0.38790023,-0.778507,-0.22992666,0.3674009,0.5852986,0.12541437,0.7118382
1783532938.0369,64,right_toes_joint,-0.43013492,-0.86921185,-0.119476095,0.24980678,0.64432466,-0.011777956,0.72270584
1783532938.0369,64,right_toesEnd_joint,-0.44041157,-0.88770646,-0.062625766,0.24980728,0.64432466,-0.011778402,0.72270566
1783532938.0369,64,spine_1_joint,-0.0013124214,0.016819209,0.00064237736,0.5413215,0.45805085,0.5290742,0.46609113
1783532938.0369,64,spine_2_joint,-0.00013028964,0.0737447,0.0090342555,0.52411795,0.4764528,0.5104388,0.48759136
1783532938.0369,64,spine_3_joint,0.001302196,0.13113678,0.013087803,0.5077575,0.4892291,0.49609146,0.5066858
1783532938.0369,64,spine_4_joint,0.0028458796,0.1841668,0.013513158,0.4962849,0.49592403,0.4882301,0.51902986
1783532938.0369,64,spine_5_joint,0.005059162,0.25455585,0.011162507,0.49803224,0.4891351,0.49669996,0.5157517
1783532938.0369,64,spine_6_joint,0.0076827393,0.3483602,0.010793338,0.47737208,0.50481707,0.49242827,0.52420384
1783532938.0369,64,spine_7_joint,0.008234764,0.45530212,0.0051891888,0.4487698,0.52891386,0.48148477,0.53575003
1783532938.0369,64,left_shoulder_1_joint,0.09512991,0.5682965,-0.011755038,-0.82948893,-0.13213465,0.11271434,0.5308332
1783532938.0369,64,left_arm_joint,0.2314291,0.61745,-0.01852998,-0.82159173,-0.04752768,0.017812762,0.56781226
1783532938.0369,64,left_forearm_joint,0.49604505,0.6436032,-0.011959066,-0.7852175,-0.28590748,-0.09229195,0.54145396
1783532938.0369,64,left_hand_joint,0.71564084,0.7371397,0.109846845,0.9529577,0.17279279,0.2457715,0.040133208
1783532938.0369,64,left_handIndexStart_joint,0.72776604,0.7456368,0.13579455,0.9351826,0.1744497,0.30687383,0.028796768
1783532938.0369,64,left_handIndex_1_joint,0.7880625,0.77326035,0.18108317,0.9351826,0.1744497,0.30687383,0.028796768
1783532938.0369,64,left_handIndex_2_joint,0.82311857,0.7893205,0.20741378,0.9351826,0.1744497,0.30687383,0.028796768
1783532938.0369,64,left_handIndex_3_joint,0.84275,0.7983142,0.22215892,0.9351826,0.1744497,0.30687383,0.028796768
1783532938.0369,64,left_handIndexEnd_joint,0.8567724,0.8047383,0.23269117,0.9351826,0.1744497,0.30687383,0.028796768
1783532938.0369,64,left_handMidStart_joint,0.7353712,0.74637586,0.125548,0.9536926,0.17242976,0.24308042,0.040624376
1783532938.0369,64,left_handMid_1_joint,0.79788274,0.7728777,0.1597272,0.9536926,0.17242976,0.24308042,0.040624376
1783532938.0369,64,left_handMid_2_joint,0.8418098,0.7915006,0.183745,0.9536926,0.17242976,0.24308042,0.040624376
1783532938.0369,64,left_handMid_3_joint,0.8671524,0.80224454,0.19760142,0.9536926,0.17242976,0.24308042,0.040624376
1783532938.0369,64,left_handMidEnd_joint,0.8840474,0.8094072,0.20683904,0.9536926,0.17242976,0.24308042,0.040624376
1783532938.0369,64,left_handPinkyStart_joint,0.74890405,0.74350363,0.101514414,0.97912025,0.13314909,0.14401327,0.053432215
1783532938.0369,64,left_handPinky_1_joint,0.8075198,0.7610381,0.118519045,0.97912025,0.13314909,0.14401327,0.053432215
1783532938.0369,64,left_handPinky_2_joint,0.84372365,0.7718683,0.12902191,0.97912025,0.13314909,0.14401327,0.053432215
1783532938.0369,64,left_handPinky_3_joint,0.8626876,0.77754116,0.1345234,0.97912025,0.13314909,0.14401327,0.053432215
1783532938.0369,64,left_handPinkyEnd_joint,0.8799275,0.78269833,0.13952477,0.97912025,0.13314909,0.14401327,0.053432215
1783532938.0369,64,left_handRingStart_joint,0.7421022,0.74511796,0.11462959,0.9679285,0.15319799,0.19367102,0.046219993
1783532938.0369,64,left_handRing_1_joint,0.8034349,0.76708436,0.13982905,0.9679285,0.15319799,0.19367102,0.046219993
1783532938.0369,64,left_handRing_2_joint,0.84672856,0.78259003,0.15761691,0.9679285,0.15319799,0.19367102,0.046219993
1783532938.0369,64,left_handRing_3_joint,0.87378716,0.79228103,0.16873434,0.9679285,0.15319799,0.19367102,0.046219993
1783532938.0369,64,left_handRingEnd_joint,0.89182615,0.79874176,0.17614596,0.9679285,0.15319799,0.19367102,0.046219993
1783532938.0369,64,left_handThumbStart_joint,0.72894776,0.7345449,0.13892893,-0.59216213,-0.38502544,-0.38037694,0.59700316
1783532938.0369,64,left_handThumb_1_joint,0.7511881,0.7346428,0.1878024,-0.59216213,-0.38502544,-0.38037694,0.59700316
1783532938.0369,64,left_handThumb_2_joint,0.7670831,0.7347127,0.22273725,-0.59216213,-0.38502544,-0.38037694,0.59700316
1783532938.0369,64,left_handThumbEnd_joint,0.7776798,0.73475933,0.24602714,-0.59216213,-0.38502544,-0.38037694,0.59700316
1783532938.0369,64,neck_1_joint,0.0054177535,0.5871724,-0.019476334,0.52653694,0.45161492,0.5591228,0.45407534
1783532938.0369,64,neck_2_joint,0.004423293,0.61667293,-0.014116437,0.5344809,0.44208026,0.56770086,0.44340846
1783532938.0369,64,neck_3_joint,0.003005756,0.6557135,-0.0055241794,0.5288489,0.448112,0.5658384,0.44647685
1783532938.0369,64,neck_4_joint,0.0013275611,0.69488287,0.0024095208,0.51747274,0.46051258,0.55836743,0.45648253
1783532938.0369,64,head_joint,-0.0008684313,0.7405169,0.010240415,0.45515084,0.5216332,0.5037445,0.51669925
1783532938.0369,64,jaw_joint,0.00019592642,0.7160223,0.017232263,0.45515084,0.5216332,0.5037445,0.51669925
1783532938.0369,64,chin_joint,-0.0017906296,0.6740675,0.120846234,0.45515084,0.5216332,0.5037445,0.51669925
1783532938.0369,64,left_eye_joint,0.025695175,0.7815283,0.09520449,0.45968288,0.5176439,0.50823164,0.51228625
1783532938.0369,64,left_eyeLowerLid_joint,0.025695175,0.7815283,0.09520449,0.45968288,0.5176439,0.50823164,0.51228625
1783532938.0369,64,left_eyeUpperLid_joint,0.025695175,0.7815283,0.09520449,0.45968288,0.5176439,0.50823164,0.51228625
1783532938.0369,64,left_eyeball_joint,0.025695175,0.7815283,0.09520449,0.45968288,0.5176439,0.50823164,0.51228625
1783532938.0369,64,nose_joint,-0.005898208,0.7491143,0.11978852,0.45968553,0.5176415,0.50823426,0.5122836
1783532938.0369,64,right_eye_joint,-0.038785614,0.77796125,0.092523865,0.45968288,0.5176439,0.50823164,0.51228625
1783532938.0369,64,right_eyeLowerLid_joint,-0.038785614,0.77796125,0.092523865,0.45968288,0.5176439,0.50823164,0.51228625
1783532938.0369,64,right_eyeUpperLid_joint,-0.038785614,0.77796125,0.092523865,0.45968288,0.5176439,0.50823164,0.51228625
1783532938.0369,64,right_eyeball_joint,-0.038785614,0.77796125,0.092523865,0.45968288,0.5176439,0.50823164,0.51228625
1783532938.0369,64,right_shoulder_1_joint,-0.083401866,0.56320757,-0.018495236,0.5017592,-0.097130835,-0.07466568,0.85628736
1783532938.0369,64,right_arm_joint,-0.22409686,0.5958934,-0.031754978,0.50161827,0.0033283979,-0.06944063,0.862291
1783532938.0369,64,right_forearm_joint,-0.4875117,0.62685865,-0.011698182,0.4776274,0.0875926,-0.26077592,0.83438313
1783532938.0369,64,right_hand_joint,-0.71492416,0.72105056,0.094225004,-0.120694,0.22689341,-0.15555038,0.95381135
1783532938.0369,64,right_handIndexStart_joint,-0.72833496,0.7320107,0.117158465,-0.1097311,0.2917808,-0.16283846,0.93611234
1783532938.0369,64,right_handIndex_1_joint,-0.7907116,0.7616374,0.1581603,-0.1097311,0.2917808,-0.16283846,0.93611234
1783532938.0369,64,right_handIndex_2_joint,-0.8269773,0.7788617,0.18199883,-0.1097311,0.2917808,-0.16283846,0.93611234
1783532938.0369,64,right_handIndex_3_joint,-0.8472863,0.78850824,0.19534828,-0.1097311,0.2917808,-0.16283846,0.93611234
1783532938.0369,64,right_handIndexEnd_joint,-0.86179245,0.7953985,0.20488353,-0.1097311,0.2917808,-0.16283846,0.93611234
1783532938.0369,64,right_handMidStart_joint,-0.73591864,0.73066235,0.10695832,-0.1205858,0.22793053,-0.1553857,0.9536045
1783532938.0369,64,right_handMid_1_joint,-0.80036515,0.7573683,0.13715443,-0.1205858,0.22793053,-0.1553857,0.9536045
1783532938.0369,64,right_handMid_2_joint,-0.8456512,0.7761349,0.158373,-0.1205858,0.22793053,-0.1553857,0.9536045
1783532938.0369,64,right_handMid_3_joint,-0.871778,0.7869617,0.17061466,-0.1205858,0.22793053,-0.1553857,0.9536045
1783532938.0369,64,right_handMidEnd_joint,-0.88919556,0.7941797,0.1787755,-0.120585784,0.22793053,-0.1553857,0.9536045
1783532938.0369,64,right_handPinkyStart_joint,-0.7490811,0.7232715,0.083696105,-0.13165215,0.13167791,-0.10791388,0.97656685
1783532938.0369,64,right_handPinky_1_joint,-0.80890065,0.73885715,0.09822313,-0.13165215,0.13167791,-0.10791388,0.97656685
1783532938.0369,64,right_handPinky_2_joint,-0.8458487,0.74848443,0.10719582,-0.13165215,0.13167791,-0.10791388,0.97656685
1783532938.0369,64,right_handPinky_3_joint,-0.8652022,0.7535264,0.11189585,-0.13165213,0.13167791,-0.10791388,0.97656685
1783532938.0369,64,right_handPinkyEnd_joint,-0.88279605,0.75811034,0.116168395,-0.13165215,0.13167791,-0.10791388,0.97656685
1783532938.0369,64,right_handRingStart_joint,-0.7424837,0.72730905,0.09638672,-0.12543175,0.17992687,-0.13201107,0.96667784
1783532938.0369,64,right_handRing_1_joint,-0.80537754,0.7482899,0.11837204,-0.12543175,0.17992687,-0.13201107,0.96667784
1783532938.0369,64,right_handRing_2_joint,-0.84977293,0.7630995,0.133891,-0.12543175,0.17992687,-0.13201107,0.96667784
1783532938.0369,64,right_handRing_3_joint,-0.8775203,0.77235615,0.14359036,-0.12543175,0.17992687,-0.13201107,0.96667784
1783532938.0369,64,right_handRingEnd_joint,-0.8960192,0.7785264,0.150057,-0.12543175,0.17992687,-0.13201107,0.96667784
1783532938.0369,64,right_handThumbStart_joint,-0.728728,0.7214528,0.12191654,0.5368609,0.37198648,-0.3906614,0.6486831
1783532938.0369,64,right_handThumb_1_joint,-0.75117695,0.7272203,0.17035267,0.5368609,0.37198648,-0.3906614,0.6486831
1783532938.0369,64,right_handThumb_2_joint,-0.7672208,0.7313435,0.20497465,0.5368609,0.37198648,-0.3906614,0.6486831
1783532938.0369,64,right_handThumbEnd_joint,-0.7779171,0.73409164,0.22805576,0.5368609,0.37198648,-0.3906614,0.6486831
1783532938.0369,64,camera,0.11005011,0.07278258,-0.019587303,-0.07414705,-0.07656426,-0.6995628,0.70657766
1783532938.0711,65,root,-0.0009904458,0.014442583,0.0006433676,0.09239581,0.0030197713,-0.009320878,0.9956742
1783532938.0711,65,hips_joint,-0.0009904458,0.014442583,0.0006433676,0.09239581,0.0030197713,-0.009320878,0.9956742
1783532938.0711,65,left_upLeg_joint,0.099056795,-0.012091476,-0.003786823,-0.56597155,0.46402657,-0.4190082,0.5373898
1783532938.0711,65,left_leg_joint,0.19095068,-0.42291465,-0.014075527,-0.44966128,0.56779474,-0.2949439,0.6232352
1783532938.0711,65,left_foot_joint,0.2738304,-0.8245531,-0.21642911,0.70412755,-0.16967405,0.61652386,-0.3087291
1783532938.0711,65,left_toes_joint,0.30098674,-0.9168964,-0.10264987,0.72352386,-0.033141565,0.6638637,-0.18627958
1783532938.0711,65,left_toesEnd_joint,0.30804634,-0.9348085,-0.0451261,0.72352386,-0.03314137,0.6638636,-0.18627977
1783532938.0711,65,right_upLeg_joint,-0.1019845,-0.008466829,-0.00222994,0.5446115,0.40498525,0.43029717,0.59517187
1783532938.0711,65,right_leg_joint,-0.22901253,-0.4099037,0.0034051335,0.63612115,0.2591973,0.5417643,0.4844152
1783532938.0711,65,right_foot_joint,-0.35642478,-0.80073637,-0.19695789,0.34091732,0.5963287,0.1277501,0.7154351
1783532938.0711,65,right_toes_joint,-0.3945984,-0.8885744,-0.08277505,0.22171271,0.6501354,-0.010166296,0.7266802
1783532938.0711,65,right_toesEnd_joint,-0.40396675,-0.90516555,-0.02518526,0.22171317,0.6501354,-0.010166738,0.72668004
1783532938.0711,65,spine_1_joint,-0.0009904656,0.014442583,0.00064336776,0.53447294,0.46450827,0.53049,0.4659947
1783532938.0711,65,spine_2_joint,-0.00066674565,0.07147433,0.008363992,0.5156613,0.48360357,0.51591986,0.48378477
1783532938.0711,65,spine_3_joint,-0.0006720052,0.12890862,0.01205657,0.49854156,0.4962644,0.5056734,0.49947193
1783532938.0711,65,spine_4_joint,-0.00088251923,0.18196048,0.012505311,0.48770294,0.5017191,0.5021798,0.5081722
1783532938.0711,65,spine_5_joint,-0.0014295754,0.25240237,0.010866724,0.4925115,0.49153024,0.515797,0.49978366
1783532938.0711,65,spine_6_joint,-0.002879208,0.3462089,0.012989223,0.47732875,0.50086826,0.5174511,0.5035201
1783532938.0711,65,spine_7_joint,-0.006895121,0.45322296,0.012601852,0.4583836,0.51528805,0.5131574,0.510913
1783532938.0711,65,left_shoulder_1_joint,0.07601009,0.5701872,0.0054118633,-0.7846833,-0.08490285,0.09316161,0.60694677
1783532938.0711,65,left_arm_joint,0.21645087,0.60591763,-0.00084582804,-0.75132185,0.07926203,-0.005520898,0.6551356
1783532938.0711,65,left_forearm_joint,0.47907898,0.57231385,-0.026263177,-0.750075,-0.13048573,-0.14434353,0.63208085
1783532938.0711,65,left_hand_joint,0.72675765,0.57587105,0.07596535,0.97943234,0.01734209,0.19380622,-0.05339408
1783532938.0711,65,left_handIndexStart_joint,0.7432326,0.5743473,0.100840144,0.96487427,0.013267657,0.25666356,-0.054457318
1783532938.0711,65,left_handIndex_1_joint,0.8129338,0.5741585,0.1407337,0.96487427,0.013267657,0.25666356,-0.054457318
1783532938.0711,65,left_handIndex_2_joint,0.8534577,0.5740487,0.16392763,0.96487427,0.013267657,0.25666356,-0.054457318
1783532938.0711,65,left_handIndex_3_joint,0.8761511,0.5739872,0.17691623,0.96487427,0.013267657,0.25666356,-0.054457318
1783532938.0711,65,left_handIndexEnd_joint,0.8923607,0.57394326,0.18619381,0.96487427,0.013267657,0.25666356,-0.054457318
1783532938.0711,65,left_handMidStart_joint,0.749706,0.5757718,0.08991112,0.97998714,0.01724254,0.19100745,-0.053330366
1783532938.0711,65,left_handMid_1_joint,0.820129,0.5767921,0.11850858,0.97998714,0.01724254,0.19100745,-0.053330366
1783532938.0711,65,left_handMid_2_joint,0.86961544,0.57750905,0.13860409,0.97998714,0.01724254,0.19100745,-0.053330366
1783532938.0711,65,left_handMid_3_joint,0.89816535,0.57792264,0.15019765,0.97998714,0.01724254,0.19100745,-0.053330366
1783532938.0711,65,left_handMidEnd_joint,0.9171986,0.57819843,0.1579267,0.97998714,0.01724254,0.19100745,-0.053330366
1783532938.0711,65,left_handPinkyStart_joint,0.7595063,0.5758453,0.06396983,0.9947716,-0.012001716,0.0856831,-0.054259222
1783532938.0711,65,left_handPinky_1_joint,0.82205695,0.5737385,0.07471222,0.9947716,-0.012001716,0.0856831,-0.054259222
1783532938.0711,65,left_handPinky_2_joint,0.8606912,0.5724373,0.08134723,0.9947716,-0.012001716,0.0856831,-0.054259222
1783532938.0711,65,left_handPinky_3_joint,0.88092816,0.57175577,0.0848227,0.9947716,-0.012001716,0.0856831,-0.054259222
1783532938.0711,65,left_handPinkyEnd_joint,0.8993254,0.5711361,0.08798222,0.9947716,-0.012001716,0.0856831,-0.054259222
1783532938.0711,65,left_handRingStart_joint,0.75472885,0.5757074,0.07804235,0.9888394,0.0027528123,0.13852218,-0.054780763
1783532938.0711,65,left_handRing_1_joint,0.82189864,0.5750276,0.0971994,0.9888394,0.0027528123,0.13852218,-0.054780763
1783532938.0711,65,left_handRing_2_joint,0.8693126,0.5745477,0.11072203,0.9888394,0.0027528123,0.13852218,-0.054780763
1783532938.0711,65,left_handRing_3_joint,0.8989463,0.5742478,0.11917367,0.9888394,0.0027528123,0.13852218,-0.054780763
1783532938.0711,65,left_handRingEnd_joint,0.91870207,0.5740478,0.12480809,0.9888394,0.0027528123,0.13852218,-0.054780763
1783532938.0711,65,left_handThumbStart_joint,0.7416246,0.5628804,0.101259455,-0.5859552,-0.21518552,-0.45908812,0.63213134
1783532938.0711,65,left_handThumb_1_joint,0.7677163,0.5452554,0.14475478,-0.5859552,-0.21518552,-0.45908812,0.63213134
1783532938.0711,65,left_handThumb_2_joint,0.7863644,0.5326576,0.17584571,-0.5859552,-0.21518552,-0.45908812,0.63213134
1783532938.0711,65,left_handThumbEnd_joint,0.79879636,0.52425915,0.19657299,-0.5859552,-0.21518552,-0.45908812,0.63213134
1783532938.0711,65,neck_1_joint,-0.01427039,0.586453,-0.0015914702,0.5292732,0.44167167,0.58391243,0.4287684
1783532938.0711,65,neck_2_joint,-0.016432041,0.6155007,0.005588991,0.5332992,0.43619645,0.58991057,0.42110574
1783532938.0711,65,neck_3_joint,-0.019492988,0.6539838,0.016062114,0.5250926,0.44491926,0.5867047,0.42673445
1783532938.0711,65,neck_4_joint,-0.022867031,0.692703,0.025519058,0.51239467,0.45857167,0.5787198,0.43846008
1783532938.0711,65,head_joint,-0.027045421,0.73790437,0.03489897,0.4502092,0.518975,0.5260599,0.5012361
1783532938.0711,65,jaw_joint,-0.025042044,0.7132437,0.0410503,0.4502092,0.518975,0.5260599,0.5012361
1783532938.0711,65,chin_joint,-0.026441209,0.6676255,0.1431141,0.4502092,0.518975,0.5260599,0.5012361
1783532938.0711,65,left_eye_joint,-0.0031610774,0.7769613,0.121562384,0.45471817,0.5150289,0.53041136,0.4966291
1783532938.0711,65,left_eyeLowerLid_joint,-0.0031610774,0.7769613,0.121562384,0.45471817,0.5150289,0.53041136,0.4966291
1783532938.0711,65,left_eyeUpperLid_joint,-0.0031610774,0.7769613,0.121562384,0.45471817,0.5150289,0.53041136,0.4966291
1783532938.0711,65,left_eyeball_joint,-0.0031610774,0.7769613,0.121562384,0.45471817,0.5150289,0.53041136,0.4966291
1783532938.0711,65,nose_joint,-0.03365266,0.7424303,0.14460705,0.45472094,0.51502645,0.5304139,0.49662632
1783532938.0711,65,right_eye_joint,-0.067403845,0.7708403,0.11794584,0.45471817,0.5150289,0.53041136,0.4966291
1783532938.0711,65,right_eyeLowerLid_joint,-0.067403845,0.7708403,0.11794584,0.45471817,0.5150289,0.53041136,0.4966291
1783532938.0711,65,right_eyeUpperLid_joint,-0.067403845,0.7708403,0.11794584,0.45471817,0.5150289,0.53041136,0.4966291
1783532938.0711,65,right_eyeball_joint,-0.067403845,0.7708403,0.11794584,0.45471817,0.5150289,0.53041136,0.4966291
1783532938.0711,65,right_shoulder_1_joint,-0.10218168,0.5593809,-0.0032968903,0.56714916,-0.061416958,0.0062449863,0.82129824
1783532938.0711,65,right_arm_joint,-0.2461253,0.5679979,-0.018957414,0.56480247,0.06433277,0.08488567,0.81832397
1783532938.0711,65,right_forearm_joint,-0.50607634,0.5117156,-0.016456395,0.52837163,0.15750389,-0.12180708,0.8253358
1783532938.0711,65,right_hand_joint,-0.7528,0.52099335,0.08770541,-0.07472315,0.1990935,-0.0024912579,0.97712445
1783532938.0711,65,right_handIndexStart_joint,-0.7691948,0.5240273,0.111113206,-0.07437126,0.2655965,-0.0069791833,0.9611861
1783532938.0711,65,right_handIndex_1_joint,-0.8381668,0.52827734,0.1520343,-0.07437126,0.2655965,-0.0069791833,0.9611861
1783532938.0711,65,right_handIndex_2_joint,-0.8782669,0.53074765,0.1758258,-0.07437126,0.2655965,-0.0069791833,0.9611861
1783532938.0711,65,right_handIndex_3_joint,-0.90072334,0.5321319,0.189149,-0.07437126,0.2655965,-0.0069791833,0.9611861
1783532938.0711,65,right_handIndexEnd_joint,-0.91676337,0.53312063,0.19866554,-0.07437126,0.2655965,-0.0069791833,0.9611861
1783532938.0711,65,right_handMidStart_joint,-0.7758923,0.52225137,0.1003725,-0.074783534,0.2001237,-0.0022761296,0.9769098
1783532938.0711,65,right_handMid_1_joint,-0.8458184,0.5248646,0.13006908,-0.074783534,0.2001237,-0.0022761296,0.9769098
1783532938.0711,65,right_handMid_2_joint,-0.89495504,0.5267015,0.15093671,-0.074783534,0.2001237,-0.0022761296,0.9769098
1783532938.0711,65,right_handMid_3_joint,-0.9233032,0.5277609,0.16297586,-0.074783534,0.2001237,-0.0022761296,0.9769098
1783532938.0711,65,right_handMidEnd_joint,-0.94220173,0.5284676,0.17100176,-0.07478353,0.2001237,-0.002276131,0.9769098
1783532938.0711,65,right_handPinkyStart_joint,-0.78597766,0.51526123,0.075504266,-0.07118413,0.099457376,0.0401869,0.99167854
1783532938.0711,65,right_handPinky_1_joint,-0.848017,0.5110991,0.08839365,-0.07118413,0.099457376,0.0401869,0.99167854
1783532938.0711,65,right_handPinky_2_joint,-0.8863362,0.5085288,0.09635491,-0.07118413,0.099457376,0.0401869,0.99167854
1783532938.0711,65,right_handPinky_3_joint,-0.90640765,0.50718176,0.100525044,-0.07118412,0.099457376,0.0401869,0.99167854
1783532938.0711,65,right_handPinkyEnd_joint,-0.9246544,0.5059576,0.10431591,-0.07118413,0.099457376,0.0401869,0.99167854
1783532938.0711,65,right_handRingStart_joint,-0.78103626,0.5189176,0.08903545,-0.072193235,0.15000473,0.018849446,0.9858659
1783532938.0711,65,right_handRing_1_joint,-0.8476944,0.51783466,0.10988536,-0.072193235,0.15000473,0.018849446,0.9858659
1783532938.0711,65,right_handRing_2_joint,-0.89474666,0.51707,0.12460282,-0.072193235,0.15000473,0.018849446,0.9858659
1783532938.0711,65,right_handRing_3_joint,-0.9241549,0.51659256,0.13380133,-0.072193235,0.15000473,0.018849446,0.9858659
1783532938.0711,65,right_handRingEnd_joint,-0.94376063,0.5162733,0.1399339,-0.072193235,0.15000473,0.018849446,0.9858659
1783532938.0711,65,right_handThumbStart_joint,-0.76665646,0.51316315,0.114242435,0.53462154,0.46033552,-0.25328818,0.6619037
1783532938.0711,65,right_handThumb_1_joint,-0.7907081,0.5047367,0.16150546,0.53462154,0.46033552,-0.25328818,0.6619037
1783532938.0711,65,right_handThumb_2_joint,-0.80789787,0.4987149,0.19528916,0.53462154,0.46033552,-0.25328818,0.6619037
1783532938.0711,65,right_handThumbEnd_joint,-0.8193578,0.49469957,0.21781129,0.53462154,0.46033552,-0.25328818,0.6619037
1783532938.0711,65,camera,0.11028276,0.07294153,-0.019270599,-0.07379788,-0.076858185,-0.69973487,0.7064119
1783532938.1036,66,root,-0.0009588102,0.013566547,-2.6961905e-05,0.08268576,-0.0009557267,-0.013846474,0.99647903
1783532938.1036,66,hips_joint,-0.0009588102,0.013566547,-2.6961905e-05,0.08268576,-0.0009557267,-0.013846474,0.99647903
1783532938.1036,66,left_upLeg_joint,0.09885308,-0.014009026,-0.00323724,-0.5577934,0.47100553,-0.45099038,0.51344717
1783532938.1036,66,left_leg_joint,0.16181731,-0.43029547,0.0049515027,-0.43451607,0.5769842,-0.3233708,0.61132354
1783532938.1036,66,left_foot_joint,0.21899948,-0.84040177,-0.1891425,0.6978721,-0.18624789,0.631556,-0.28182155
1783532938.1036,66,left_toes_joint,0.23880544,-0.9321944,-0.073417306,0.7205232,-0.050600603,0.6735234,-0.15701061
1783532938.1036,66,left_toesEnd_joint,0.24412036,-0.94944733,-0.01550571,0.7205232,-0.050600406,0.6735234,-0.15701084
1783532938.1036,66,right_upLeg_joint,-0.102149315,-0.008423745,-0.0031585344,0.52779657,0.41969535,0.42973313,0.6005131
1783532938.1036,66,right_leg_joint,-0.21936925,-0.41231447,0.018082153,0.6226627,0.27749297,0.54338497,0.48991993
1783532938.1036,66,right_foot_joint,-0.33619225,-0.8138298,-0.16703211,0.3190401,0.60243165,0.1256313,0.72076786
1783532938.1036,66,right_toes_joint,-0.37234524,-0.8981075,-0.049555738,0.19907528,0.6519812,-0.013257458,0.73151475
1783532938.1036,66,right_toesEnd_joint,-0.38141325,-0.91267747,0.008625908,0.19907577,0.6519812,-0.013257903,0.73151463
1783532938.1036,66,spine_1_joint,-0.00095882994,0.013566547,-2.6961898e-05,0.5322954,0.46285543,0.52839357,0.47246867
1783532938.1036,66,spine_2_joint,-0.00020314797,0.070661895,0.0071759834,0.5150563,0.47991386,0.5164146,0.48756108
1783532938.1036,66,spine_3_joint,0.00014201537,0.12809578,0.010858823,0.49963635,0.49060127,0.509104,0.5004866
1783532938.1036,66,spine_4_joint,0.00015510454,0.18114169,0.011795501,0.4910661,0.4935381,0.5092469,0.5059069
1783532938.1036,66,spine_5_joint,-0.00024967775,0.2516034,0.011627414,0.49899468,0.47949216,0.52725744,0.49304277
1783532938.1036,66,spine_6_joint,-0.00175449,0.3452683,0.017185716,0.4878539,0.48444024,0.53314674,0.49302185
1783532938.1036,66,spine_7_joint,-0.0058426727,0.45215002,0.022464618,0.47426695,0.49388555,0.5322104,0.4978955
1783532938.1036,66,left_shoulder_1_joint,0.07745848,0.56904054,0.024237126,-0.74636924,-0.035426106,0.047692593,0.66287494
1783532938.1036,66,left_arm_joint,0.22148432,0.5858823,0.02072309,-0.6776031,0.18383026,-0.0744933,0.7081745
1783532938.1036,66,left_forearm_joint,0.46654144,0.49155378,-0.021678885,-0.70488954,-0.007129392,-0.22476079,0.6727277
1783532938.1036,66,left_hand_joint,0.7074101,0.4132114,0.06580148,0.9678077,-0.12957098,0.18379238,-0.113049336
1783532938.1036,66,left_handIndexStart_joint,0.7231407,0.40313202,0.089113675,0.95383835,-0.13718592,0.24587542,-0.1044889
1783532938.1036,66,left_handIndex_1_joint,0.7907181,0.37798765,0.124480985,0.95383835,-0.13718592,0.24587542,-0.1044889
1783532938.1036,66,left_handIndex_2_joint,0.83000726,0.36336887,0.14504337,0.95383835,-0.13718592,0.24587542,-0.1044889
1783532938.1036,66,left_handIndex_3_joint,0.8520092,0.35518232,0.15655832,0.95383835,-0.13718592,0.24587542,-0.1044889
1783532938.1036,66,left_handIndexEnd_joint,0.86772484,0.34933484,0.16478328,0.95383835,-0.13718592,0.24587542,-0.1044889
1783532938.1036,66,left_handMidStart_joint,0.7296571,0.40475428,0.07823798,0.968302,-0.12949678,0.18100293,-0.11340157
1783532938.1036,66,left_handMid_1_joint,0.7981418,0.38257042,0.10265096,0.968302,-0.12949678,0.18100293,-0.11340157
1783532938.1036,66,left_handMid_2_joint,0.8462661,0.36698171,0.11980604,0.968302,-0.12949678,0.18100293,-0.11340157
1783532938.1036,66,left_handMid_3_joint,0.8740301,0.35798827,0.1297032,0.968302,-0.12949678,0.18100293,-0.11340157
1783532938.1036,66,left_handMidEnd_joint,0.8925395,0.35199264,0.1363013,0.968302,-0.12949678,0.18100293,-0.11340157
1783532938.1036,66,left_handPinkyStart_joint,0.73888654,0.40689215,0.05217559,0.97723836,-0.15113088,0.07433987,-0.12898944
1783532938.1036,66,left_handPinky_1_joint,0.7987852,0.38691717,0.058926225,0.97723836,-0.15113088,0.07433987,-0.12898944
1783532938.1036,66,left_handPinky_2_joint,0.83578146,0.3745797,0.06309573,0.97723836,-0.15113088,0.07433987,-0.12898944
1783532938.1036,66,left_handPinky_3_joint,0.8551604,0.3681172,0.06527977,0.97723836,-0.15113088,0.07433987,-0.12898944
1783532938.1036,66,left_handPinkyEnd_joint,0.8727777,0.36224222,0.06726525,0.97723836,-0.15113088,0.07433987,-0.12898944
1783532938.1036,66,left_handRingStart_joint,0.73437405,0.40550074,0.06626744,0.9741459,-0.14040686,0.12796333,-0.12227537
1783532938.1036,66,left_handRing_1_joint,0.79918385,0.3842067,0.081283644,0.9741459,-0.14040686,0.12796333,-0.12227537
1783532938.1036,66,left_handRing_2_joint,0.8449319,0.36917564,0.091883324,0.9741459,-0.14040686,0.12796333,-0.12227537
1783532938.1036,66,left_handRing_3_joint,0.8735244,0.3597812,0.09850812,0.9741459,-0.14040686,0.12796333,-0.12227537
1783532938.1036,66,left_handRingEnd_joint,0.8925862,0.35351828,0.10292465,0.9741459,-0.14040686,0.12796333,-0.12227537
1783532938.1036,66,left_handThumbStart_joint,0.7185806,0.39257634,0.0876873,-0.5591664,-0.084858425,-0.54561377,0.61841565
1783532938.1036,66,left_handThumb_1_joint,0.73953575,0.36143556,0.1260852,-0.5591664,-0.084858425,-0.54561377,0.61841565
1783532938.1036,66,left_handThumb_2_joint,0.7545123,0.3391772,0.15353271,-0.5591664,-0.08485845,-0.54561377,0.61841565
1783532938.1036,66,left_handThumbEnd_joint,0.76449674,0.3243383,0.17183106,-0.5591664,-0.08485845,-0.54561377,0.61841565
1783532938.1036,66,neck_1_joint,-0.012703339,0.5860703,0.01752749,0.5384405,0.42217964,0.5980829,0.41730422
1783532938.1036,66,neck_2_joint,-0.014859668,0.6146844,0.026278773,0.5394878,0.41991654,0.60171115,0.41299707
1783532938.1036,66,neck_3_joint,-0.017930562,0.65268797,0.038374092,0.5295425,0.43095133,0.59700185,0.42125306
1783532938.1036,66,neck_4_joint,-0.021300973,0.6910637,0.04914195,0.51617277,0.44579703,0.5882238,0.43453762
1783532938.1036,66,head_joint,-0.025443768,0.7359705,0.059857324,0.45541674,0.506711,0.53598386,0.4985582
1783532938.1036,66,jaw_joint,-0.023606574,0.7111245,0.065270185,0.45541674,0.506711,0.53598386,0.4985582
1783532938.1036,66,chin_joint,-0.02649397,0.6623895,0.16585125,0.45541674,0.506711,0.53598386,0.4985582
1783532938.1036,66,left_eye_joint,-0.0025545144,0.7722462,0.14798573,0.45981854,0.50271994,0.5403115,0.49386477
1783532938.1036,66,left_eyeLowerLid_joint,-0.0025545144,0.7722462,0.14798573,0.45981854,0.50271994,0.5403115,0.49386477
1783532938.1036,66,left_eyeUpperLid_joint,-0.0025545144,0.7722462,0.14798573,0.45981854,0.50271994,0.5403115,0.49386477
1783532938.1036,66,left_eyeball_joint,-0.0025545144,0.7722462,0.14798573,0.45981854,0.50271994,0.5403115,0.49386477
1783532938.1036,66,nose_joint,-0.03346373,0.73714024,0.16955829,0.45982125,0.50271755,0.5403141,0.49386197
1783532938.1036,66,right_eye_joint,-0.066765614,0.76648885,0.14335278,0.45981854,0.50271994,0.5403115,0.49386477
1783532938.1036,66,right_eyeLowerLid_joint,-0.066765614,0.76648885,0.14335278,0.45981854,0.50271994,0.5403115,0.49386477
1783532938.1036,66,right_eyeUpperLid_joint,-0.066765614,0.76648885,0.14335278,0.45981854,0.50271994,0.5403115,0.49386477
1783532938.1036,66,right_eyeball_joint,-0.066765614,0.76648885,0.14335278,0.45981854,0.50271994,0.5403115,0.49386477
1783532938.1036,66,right_shoulder_1_joint,-0.10066998,0.5594903,0.013102874,0.6137469,-0.027199805,0.06607521,0.7862627
1783532938.1036,66,right_arm_joint,-0.244238,0.54926187,-0.004865719,0.5984407,0.13502982,0.20372656,0.7629751
1783532938.1036,66,right_forearm_joint,-0.4784452,0.42358583,-0.014916741,0.54227906,0.2443225,-0.025286973,0.80349267
1783532938.1036,66,right_hand_joint,-0.7140809,0.36346766,0.097643755,-0.05047059,0.21034269,0.12684184,0.9680495
1783532938.1036,66,right_handIndexStart_joint,-0.7293857,0.3603026,0.12176151,-0.059025798,0.27616727,0.123707026,0.9512856
1783532938.1036,66,right_handIndex_1_joint,-0.79498756,0.3440188,0.1651316,-0.059025798,0.27616727,0.123707026,0.9512856
1783532938.1036,66,right_handIndex_2_joint,-0.8331281,0.3345508,0.19034688,-0.059025798,0.27616727,0.123707026,0.9512856
1783532938.1036,66,right_handIndex_3_joint,-0.8544874,0.32924944,0.20446752,-0.059025798,0.27616727,0.123707026,0.9512856
1783532938.1036,66,right_handIndexEnd_joint,-0.86974376,0.32546282,0.21455364,-0.059025798,0.27616727,0.123707026,0.9512856
1783532938.1036,66,right_handMidStart_joint,-0.7360639,0.35795078,0.1111199,-0.050660416,0.21134125,0.12708081,0.9677907
1783532938.1036,66,right_handMid_1_joint,-0.8028338,0.3408805,0.14319415,-0.050660416,0.21134125,0.12708081,0.9677907
1783532938.1036,66,right_handMid_2_joint,-0.8497527,0.3288858,0.16573262,-0.050660416,0.21134125,0.12708081,0.9677907
1783532938.1036,66,right_handMid_3_joint,-0.8768214,0.3219655,0.1787357,-0.050660416,0.21134125,0.12708081,0.9677907
1783532938.1036,66,right_handMidEnd_joint,-0.894867,0.31735232,0.18740423,-0.050660405,0.21134125,0.12708081,0.9677907
1783532938.1036,66,right_handPinkyStart_joint,-0.7455856,0.35103384,0.08601018,-0.03327193,0.11025015,0.16596125,0.9793849
1783532938.1036,66,right_handPinky_1_joint,-0.80404454,0.33085692,0.100424685,-0.03327193,0.11025015,0.16596125,0.9793849
1783532938.1036,66,right_handPinky_2_joint,-0.8401525,0.318395,0.10932802,-0.03327193,0.11025015,0.16596125,0.9793849
1783532938.1036,66,right_handPinky_3_joint,-0.85906553,0.3118667,0.11399152,-0.03327192,0.11025015,0.16596125,0.9793849
1783532938.1036,66,right_handPinkyEnd_joint,-0.87625927,0.3059323,0.11823096,-0.03327193,0.11025015,0.16596125,0.9793849
1783532938.1036,66,right_handRingStart_joint,-0.7408996,0.35452354,0.09967557,-0.041134022,0.1611438,0.14659844,0.9751152
1783532938.1036,66,right_handRing_1_joint,-0.80412084,0.33547926,0.12246998,-0.041134022,0.1611438,0.14659844,0.9751152
1783532938.1036,66,right_handRing_2_joint,-0.8487471,0.32203612,0.13855998,-0.041134022,0.1611438,0.14659844,0.9751152
1783532938.1036,66,right_handRing_3_joint,-0.87663907,0.31363454,0.1486164,-0.041134022,0.1611438,0.14659844,0.9751152
1783532938.1036,66,right_handRingEnd_joint,-0.8952338,0.30803242,0.15532081,-0.041134022,0.1611438,0.14659844,0.9751152
1783532938.1036,66,right_handThumbStart_joint,-0.7241726,0.35013366,0.12368014,0.50100714,0.54800946,-0.16070215,0.650271
1783532938.1036,66,right_handThumb_1_joint,-0.7428462,0.33186924,0.17059483,0.50100714,0.54800946,-0.16070215,0.650271
1783532938.1036,66,right_handThumb_2_joint,-0.7561921,0.3188157,0.20412959,0.50100714,0.54800946,-0.16070217,0.650271
1783532938.1036,66,right_handThumbEnd_joint,-0.76508933,0.31011266,0.2264857,0.50100714,0.54800946,-0.16070217,0.650271
1783532938.1036,66,camera,0.110350095,0.0727109,-0.018259708,-0.07337189,-0.076551385,-0.6999112,0.70631486
1783532938.1375,67,root,-0.0007893569,0.01339786,-0.0009829556,0.06943998,-8.65339e-05,-0.0145859625,0.9974795
1783532938.1375,67,hips_joint,-0.0007893569,0.01339786,-0.0009829556,0.06943998,-8.65339e-05,-0.0145859625,0.9974795
1783532938.1375,67,left_upLeg_joint,0.09897922,-0.014388609,-0.0036804436,0.55603206,-0.47387385,0.47874787,-0.48690084
1783532938.1375,67,left_leg_joint,0.13792603,-0.43261912,0.026192086,-0.423294,0.5865923,-0.34770218,0.59651893
1783532938.1375,67,left_foot_joint,0.16994907,-0.8494193,-0.15923049,0.6949632,-0.20073193,0.6415801,-0.25516245
1783532938.1375,67,left_toes_joint,0.18428048,-0.9397947,-0.041598108,0.72041225,-0.06537346,0.6783129,-0.1289348
1783532938.1375,67,left_toesEnd_joint,0.18860206,-0.9561189,0.016664304,0.72041225,-0.06537325,0.6783129,-0.12893501
1783532938.1375,67,right_upLeg_joint,-0.10201507,-0.008530444,-0.0033066808,0.5123381,0.4382545,0.4313978,0.5994487
1783532938.1375,67,right_leg_joint,-0.20461777,-0.41542038,0.031803682,0.61856276,0.28707558,0.55184007,0.48004222
1783532938.1375,67,right_foot_joint,-0.30802318,-0.8201194,-0.15435608,0.30990312,0.6074468,0.13837866,0.71820605
1783532938.1375,67,right_toes_joint,-0.3413645,-0.90585256,-0.03710147,0.18915336,0.6551736,-0.00025559007,0.73141545
1783532938.1375,67,right_toesEnd_joint,-0.34994757,-0.9208648,0.021041283,0.18915386,0.6551736,-0.0002560332,0.73141533
1783532938.1375,67,spine_1_joint,-0.0007893766,0.01339786,-0.0009829556,0.52760607,0.47001636,0.5218197,0.47793385
1783532938.1375,67,spine_2_joint,-7.9359115e-06,0.070649005,0.0048504346,0.5117187,0.48620299,0.5104846,0.4910766
1783532938.1375,67,spine_3_joint,0.00033878192,0.12814273,0.0074358964,0.49864995,0.4952389,0.5043198,0.5017452
1783532938.1375,67,spine_4_joint,0.0003812252,0.18119597,0.0077537224,0.4940359,0.4951805,0.50643647,0.5042292
1783532938.1375,67,spine_5_joint,0.00014785632,0.2516585,0.007603041,0.5077246,0.47604758,0.52702326,0.48768976
1783532938.1375,67,spine_6_joint,-0.00068695203,0.34522027,0.0147995055,0.5035908,0.47479603,0.5350009,0.4844991
1783532938.1375,67,spine_7_joint,-0.0032086289,0.4518881,0.023959193,0.49810207,0.47766218,0.5346393,0.48774406
1783532938.1375,67,left_shoulder_1_joint,0.08313794,0.5663782,0.030432323,-0.714288,0.014695553,0.0006815199,0.69969726
1783532938.1375,67,left_arm_joint,0.22812492,0.5634714,0.027308173,-0.60967934,0.26780158,-0.15138847,0.73051697
1783532938.1375,67,left_forearm_joint,0.44376746,0.4177827,-0.027663326,-0.6594086,0.097859874,-0.29667234,0.68380505
1783532938.1375,67,left_hand_joint,0.65943474,0.27447453,0.041318268,0.9381516,-0.25669658,0.17803913,-0.1492672
1783532938.1375,67,left_handIndexStart_joint,0.672416,0.2581117,0.062678225,0.92454344,-0.26636845,0.23818867,-0.1324144
1783532938.1375,67,left_handIndex_1_joint,0.7322175,0.21348971,0.09238425,0.92454344,-0.26636845,0.23818867,-0.1324144
1783532938.1375,67,left_handIndex_2_joint,0.7669858,0.18754673,0.109655194,0.92454344,-0.26636845,0.23818867,-0.1324144
1783532938.1375,67,left_handIndex_3_joint,0.786456,0.17301865,0.119326934,0.92454344,-0.26636845,0.23818867,-0.1324144
1783532938.1375,67,left_handIndexEnd_joint,0.8003633,0.16264145,0.1262353,0.92454344,-0.26636845,0.23818867,-0.1324144
1783532938.1375,67,left_handMidStart_joint,0.67908263,0.25951165,0.051862877,0.93860084,-0.25651127,0.17531723,-0.14998135
1783532938.1375,67,left_handMid_1_joint,0.7404214,0.21891119,0.07103094,0.93860084,-0.25651127,0.17531723,-0.14998135
1783532938.1375,67,left_handMid_2_joint,0.7835244,0.19038114,0.08450039,0.93860084,-0.25651127,0.17531723,-0.14998135
1783532938.1375,67,left_handMid_3_joint,0.80839145,0.17392151,0.09227122,0.93860084,-0.25651127,0.17531723,-0.14998135
1783532938.1375,67,left_handMidEnd_joint,0.82496953,0.16294841,0.09745178,0.93860084,-0.25651127,0.17531723,-0.14998135
1783532938.1375,67,left_handPinkyStart_joint,0.6884393,0.26268578,0.025951881,0.94284904,-0.27249968,0.07005851,-0.17852624
1783532938.1375,67,left_handPinky_1_joint,0.74188656,0.22846702,0.028162524,0.94284904,-0.27249968,0.07005851,-0.17852624
1783532938.1375,67,left_handPinky_2_joint,0.7748981,0.2073319,0.029527921,0.94284904,-0.27249968,0.07005851,-0.17852624
1783532938.1375,67,left_handPinky_3_joint,0.7921899,0.19626112,0.030243129,0.94284904,-0.27249968,0.07005851,-0.17852624
1783532938.1375,67,left_handPinkyEnd_joint,0.80790967,0.18619677,0.030893318,0.94284904,-0.27249968,0.07005851,-0.17852624
1783532938.1375,67,left_handRingStart_joint,0.6837882,0.26062998,0.039916832,0.9420122,-0.26479098,0.12308695,-0.1653739
1783532938.1375,67,left_handRing_1_joint,0.74172795,0.22293928,0.049997788,0.9420122,-0.26479098,0.12308695,-0.1653739
1783532938.1375,67,left_handRing_2_joint,0.7826266,0.19633408,0.057113755,0.9420122,-0.26479098,0.12308695,-0.1653739
1783532938.1375,67,left_handRing_3_joint,0.8081883,0.17970583,0.061561234,0.9420122,-0.26479098,0.12308695,-0.1653739
1783532938.1375,67,left_handRingEnd_joint,0.8252294,0.16862032,0.06452622,0.9420122,-0.26479098,0.12308695,-0.1653739
1783532938.1375,67,left_handThumbStart_joint,0.6654667,0.2491952,0.060137056,-0.5308574,0.022947406,-0.6143687,0.58327985
1783532938.1375,67,left_handThumb_1_joint,0.6785734,0.20940217,0.09372265,-0.5308574,0.022947406,-0.6143687,0.58327985
1783532938.1375,67,left_handThumb_2_joint,0.6879403,0.18095952,0.1177305,-0.5308574,0.022947406,-0.6143687,0.58327985
1783532938.1375,67,left_handThumbEnd_joint,0.69418484,0.16199775,0.13373573,-0.5308574,0.02294738,-0.6143687,0.58327985
1783532938.1375,67,neck_1_joint,-0.006644965,0.5860119,0.026220063,0.5571386,0.40697157,0.5942765,0.4132871
1783532938.1375,67,neck_2_joint,-0.007772387,0.61435264,0.03599396,0.5559292,0.40807572,0.5939716,0.41426417
1783532938.1375,67,neck_3_joint,-0.009318632,0.6521864,0.048886366,0.5446511,0.4217604,0.58649737,0.4260214
1783532938.1375,67,neck_4_joint,-0.011067508,0.6905522,0.06006695,0.5306912,0.43823156,0.5760596,0.44099337
1783532938.1375,67,head_joint,-0.013272999,0.73553914,0.07101747,0.47081077,0.50097275,0.5232334,0.5035774
1783532938.1375,67,jaw_joint,-0.012311906,0.7106172,0.07630635,0.47081077,0.50097275,0.5232334,0.5035774
1783532938.1375,67,chin_joint,-0.015362252,0.6615948,0.1767429,0.47081077,0.50097275,0.5232334,0.5035774
1783532938.1375,67,left_eye_joint,0.01252633,0.7705143,0.15886727,0.47516203,0.49684757,0.52760535,0.498995
1783532938.1375,67,left_eyeLowerLid_joint,0.01252633,0.7705143,0.15886727,0.47516203,0.49684757,0.52760535,0.498995
1783532938.1375,67,left_eyeUpperLid_joint,0.01252633,0.7705143,0.15886727,0.47516203,0.49684757,0.52760535,0.498995
1783532938.1375,67,left_eyeball_joint,0.01252633,0.7705143,0.15886727,0.47516203,0.49684757,0.52760535,0.498995
1783532938.1375,67,nose_joint,-0.01935053,0.73654324,0.18084484,0.47516468,0.49684513,0.527608,0.4989922
1783532938.1375,67,right_eye_joint,-0.05193058,0.7672779,0.15532997,0.47516203,0.49684757,0.52760535,0.498995
1783532938.1375,67,right_eyeLowerLid_joint,-0.05193058,0.7672779,0.15532997,0.47516203,0.49684757,0.52760535,0.498995
1783532938.1375,67,right_eyeUpperLid_joint,-0.05193058,0.7672779,0.15532997,0.47516203,0.49684757,0.52760535,0.498995
1783532938.1375,67,right_eyeball_joint,-0.05193058,0.7672779,0.15532997,0.47516203,0.49684757,0.52760535,0.498995
1783532938.1375,67,right_shoulder_1_joint,-0.09533677,0.5619344,0.021948503,0.66221446,0.008392605,0.09031672,0.74380416
1783532938.1375,67,right_arm_joint,-0.23799914,0.5408339,0.0064089247,0.6440527,0.19295602,0.28536263,0.6830318
1783532938.1375,67,right_forearm_joint,-0.4408592,0.37103614,-0.021250129,0.57905126,0.32213736,0.091143325,0.74338436
1783532938.1375,67,right_hand_joint,-0.6487618,0.23475242,0.078807555,0.015070976,0.20241892,0.26665738,0.94217485
1783532938.1375,67,right_handIndexStart_joint,-0.6616205,0.22358686,0.10195716,-0.0032160482,0.26643303,0.2676664,0.9259362
1783532938.1375,67,right_handIndex_1_joint,-0.7190211,0.18391584,0.14172049,-0.0032160482,0.26643303,0.2676664,0.9259362
1783532938.1375,67,right_handIndex_2_joint,-0.75239325,0.16085069,0.16483869,-0.0032160482,0.26643303,0.2676664,0.9259362
1783532938.1375,67,right_handIndex_3_joint,-0.77108246,0.14793472,0.17778508,-0.0032160482,0.26643303,0.2676664,0.9259362
1783532938.1375,67,right_handIndexEnd_joint,-0.7844316,0.13870917,0.18703246,-0.0032160482,0.26643303,0.2676664,0.9259362
1783532938.1375,67,right_handMidStart_joint,-0.6680337,0.22159128,0.091082364,0.014737602,0.20335588,0.26695588,0.94189376
1783532938.1375,67,right_handMid_1_joint,-0.7269277,0.18290825,0.119604126,0.014737602,0.20335588,0.26695588,0.94189376
1783532938.1375,67,right_handMid_2_joint,-0.76831245,0.15572633,0.13964638,0.014737602,0.20335588,0.26695588,0.94189376
1783532938.1375,67,right_handMid_3_joint,-0.79218817,0.14004414,0.15120928,0.014737602,0.20335588,0.26695588,0.94189376
1783532938.1375,67,right_handMidEnd_joint,-0.8081053,0.1295898,0.15891775,0.014737611,0.20335588,0.26695588,0.94189376
1783532938.1375,67,right_handPinkyStart_joint,-0.676793,0.21713924,0.06515051,0.04615755,0.10223859,0.2972256,0.9481951
1783532938.1375,67,right_handPinky_1_joint,-0.7277464,0.1807474,0.075719886,0.04615755,0.10223859,0.2972256,0.9481951
1783532938.1375,67,right_handPinky_2_joint,-0.7592186,0.15827009,0.082248345,0.04615755,0.10223859,0.2972256,0.9481951
1783532938.1375,67,right_handPinky_3_joint,-0.77570325,0.14649585,0.08566775,0.046157558,0.10223859,0.2972256,0.9481951
1783532938.1375,67,right_handPinkyEnd_joint,-0.7906895,0.13579243,0.08877627,0.04615755,0.10223859,0.2972256,0.9481951
1783532938.1375,67,right_handRingStart_joint,-0.67243886,0.21917686,0.07921357,0.0313683,0.1532582,0.28237984,0.94646174
1783532938.1375,67,right_handRing_1_joint,-0.7278693,0.18116835,0.09824041,0.0313683,0.1532582,0.28237984,0.94646174
1783532938.1375,67,right_handRing_2_joint,-0.7669961,0.15433884,0.11167095,0.0313683,0.1532582,0.28237984,0.94646174
1783532938.1375,67,right_handRing_3_joint,-0.7914509,0.13757057,0.12006526,0.0313683,0.1532582,0.28237984,0.94646174
1783532938.1375,67,right_handRingEnd_joint,-0.807754,0.1263907,0.12566142,0.0313683,0.1532582,0.28237984,0.94646174
1783532938.1375,67,right_handThumbStart_joint,-0.6539873,0.21486917,0.101935044,0.48429027,0.6274433,-0.033147607,0.6088344
1783532938.1375,67,right_handThumb_1_joint,-0.6652886,0.18440188,0.14468203,0.48429027,0.6274433,-0.033147607,0.6088344
1783532938.1375,67,right_handThumb_2_joint,-0.6733653,0.16262615,0.17523809,0.48429027,0.6274433,-0.033147607,0.6088344
1783532938.1375,67,right_handThumbEnd_joint,-0.6787496,0.1481084,0.19560824,0.48429027,0.6274433,-0.03314763,0.6088344
1783532938.1375,67,camera,0.11053409,0.07296147,-0.017754506,-0.072816774,-0.07650701,-0.69989955,0.7063886
1783532938.1700,68,root,0.00073081517,0.014412895,0.0009588888,0.057043955,0.0041552573,-0.012816226,0.99828076
1783532938.1700,68,hips_joint,0.00073081517,0.014412895,0.0009588888,0.057043955,0.0041552573,-0.012816226,0.99828076
1783532938.1700,68,left_upLeg_joint,0.100589864,-0.013029047,-0.001912283,0.5574671,-0.47520375,0.49562228,-0.4666587
1783532938.1700,68,left_leg_joint,0.124626234,-0.43092704,0.04401732,-0.40186277,0.60473186,-0.34930792,0.592275
1783532938.1700,68,left_foot_joint,0.13586074,-0.84241664,-0.1551798,0.6892787,-0.22822793,0.64022696,-0.2508313
1783532938.1700,68,left_toes_joint,0.14719357,-0.9371715,-0.040709037,0.7200422,-0.09344845,0.67616343,-0.12493866
1783532938.1700,68,left_toesEnd_joint,0.15132737,-0.9555839,0.016941294,0.7200423,-0.09344826,0.6761634,-0.12493887
1783532938.1700,68,right_upLeg_joint,-0.100417,-0.00797439,5.096845e-05,0.49386424,0.46440753,0.43550867,0.5922466
1783532938.1700,68,right_leg_joint,-0.18013655,-0.4183573,0.050549854,0.62624615,0.28160524,0.57711035,0.4421062
1783532938.1700,68,right_foot_joint,-0.2602942,-0.8130116,-0.16613455,0.31932497,0.60787857,0.18166624,0.7039265
1783532938.1700,68,right_toes_joint,-0.28934973,-0.90898526,-0.055883452,0.19832261,0.65738344,0.04495387,0.7255992
1783532938.1700,68,right_toesEnd_joint,-0.29733574,-0.92875946,0.00090404507,0.19832307,0.6573834,0.044953413,0.72559917
1783532938.1700,68,spine_1_joint,0.0007307954,0.014412895,0.000958889,0.52249175,0.48022372,0.51597494,0.47974727
1783532938.1700,68,spine_2_joint,0.0010939545,0.07178741,0.005471801,0.5068954,0.49596703,0.50615066,0.49080083
1783532938.1700,68,spine_3_joint,0.0008439822,0.12931986,0.0069848057,0.4957577,0.50313085,0.50223863,0.49883872
1783532938.1700,68,spine_4_joint,0.00027266456,0.18237056,0.0067733875,0.4947603,0.49983552,0.5070627,0.49826083
1783532938.1700,68,spine_5_joint,-0.00070529507,0.2528268,0.0068076607,0.51380676,0.47553638,0.53039044,0.47807288
1783532938.1700,68,spine_6_joint,-0.0021103339,0.34622282,0.01583476,0.5154552,0.4685315,0.54016685,0.4722329
1783532938.1700,68,spine_7_joint,-0.004546428,0.45249695,0.028802905,0.5152386,0.46675122,0.5395381,0.47494376
1783532938.1700,68,left_shoulder_1_joint,0.08292673,0.56583786,0.039190114,-0.688388,0.057225466,-0.040472146,0.7219483
1783532938.1700,68,left_arm_joint,0.22655132,0.5459335,0.03528732,-0.54723,0.34351456,-0.24184678,0.72391117
1783532938.1700,68,left_forearm_joint,0.3986487,0.352797,-0.026596136,-0.6181814,0.18410425,-0.38836458,0.6581266
1783532938.1700,68,left_hand_joint,0.56761926,0.15481903,0.037135705,0.88977236,-0.3807562,0.19936442,-0.15357082
1783532938.1700,68,left_handIndexStart_joint,0.5752746,0.13454412,0.057698507,0.87481457,-0.39041975,0.25633293,-0.12870753
1783532938.1700,68,left_handIndex_1_joint,0.6205481,0.074385606,0.085645586,0.87481457,-0.39041975,0.25633293,-0.12870753
1783532938.1700,68,left_handIndex_2_joint,0.64687,0.03940973,0.10189389,0.87481457,-0.39041975,0.25633293,-0.12870753
1783532938.1700,68,left_handIndex_3_joint,0.66161025,0.019823236,0.11099294,0.87481457,-0.39041975,0.25633293,-0.12870753
1783532938.1700,68,left_handIndexEnd_joint,0.672139,0.005832884,0.11749225,0.87481457,-0.39041975,0.25633293,-0.12870753
1783532938.1700,68,left_handMidStart_joint,0.58239245,0.13472141,0.04708341,0.8902525,-0.38054758,0.1967712,-0.15464607
1783532938.1700,68,left_handMid_1_joint,0.6305045,0.07859001,0.0647684,0.8902525,-0.38054758,0.1967712,-0.15464607
1783532938.1700,68,left_handMid_2_joint,0.66431296,0.039146326,0.07719569,0.8902525,-0.38054758,0.1967712,-0.15464607
1783532938.1700,68,left_handMid_3_joint,0.6838178,0.016390353,0.08436528,0.8902525,-0.38054758,0.1967712,-0.15464607
1783532938.1700,68,left_handMidEnd_joint,0.69682103,0.0012197053,0.08914501,0.8902525,-0.38054758,0.1967712,-0.15464607
1783532938.1700,68,left_handPinkyStart_joint,0.59301305,0.13669726,0.021543192,0.8927479,-0.3936943,0.095818266,-0.19704102
1783532938.1700,68,left_handPinky_1_joint,0.63566357,0.089661814,0.022555104,0.8927479,-0.3936943,0.095818266,-0.19704102
1783532938.1700,68,left_handPinky_2_joint,0.6620065,0.060610514,0.023180105,0.8927479,-0.3936943,0.095818266,-0.19704102
1783532938.1700,68,left_handPinky_3_joint,0.6758052,0.045393165,0.023507487,0.8927479,-0.3936943,0.095818266,-0.19704102
1783532938.1700,68,left_handPinkyEnd_joint,0.6883494,0.03155921,0.023805108,0.8927479,-0.3936943,0.095818266,-0.19704102
1783532938.1700,68,left_handRingStart_joint,0.58757764,0.1351976,0.035294067,0.8927026,-0.38757136,0.14684363,-0.17694017
1783532938.1700,68,left_handRing_1_joint,0.6334317,0.08323248,0.044027008,0.8927026,-0.38757136,0.14684363,-0.17694017
1783532938.1700,68,left_handRing_2_joint,0.66579926,0.046551216,0.050191436,0.8927026,-0.38757136,0.14684363,-0.17694017
1783532938.1700,68,left_handRing_3_joint,0.68602896,0.023625433,0.054044202,0.8927026,-0.38757136,0.14684363,-0.17694017
1783532938.1700,68,left_handRingEnd_joint,0.69951546,0.008341577,0.056612715,0.8927026,-0.38757136,0.14684363,-0.17694017
1783532938.1700,68,left_handThumbStart_joint,0.5663282,0.12789299,0.05453967,-0.4998721,0.102986254,-0.69062537,0.51240504
1783532938.1700,68,left_handThumb_1_joint,0.5676651,0.08435915,0.08594477,-0.4998721,0.102986254,-0.69062537,0.51240504
1783532938.1700,68,left_handThumb_2_joint,0.5686193,0.05324294,0.10839408,-0.4998721,0.102986254,-0.69062537,0.51240504
1783532938.1700,68,left_handThumbEnd_joint,0.5692554,0.032498796,0.12336027,-0.49987203,0.102986224,-0.69062537,0.51240504
1783532938.1700,68,neck_1_joint,-0.0067260317,0.58640003,0.03724764,0.57219005,0.39532176,0.5948567,0.40306956
1783532938.1700,68,neck_2_joint,-0.007334061,0.61435807,0.04810937,0.5705241,0.3976862,0.5924057,0.4066989
1783532938.1700,68,neck_3_joint,-0.008061972,0.65178376,0.06220883,0.559088,0.41256,0.58355623,0.42033026
1783532938.1700,68,neck_4_joint,-0.008921471,0.6898592,0.07443665,0.545172,0.42985263,0.5725346,0.4361411
1783532938.1700,68,head_joint,-0.010070758,0.7345963,0.08651485,0.48620984,0.49434355,0.52040476,0.4984014
1783532938.1700,68,jaw_joint,-0.009501083,0.70953786,0.09117849,0.48620984,0.49434355,0.52040476,0.4984014
1783532938.1700,68,chin_joint,-0.011784594,0.65812117,0.19043131,0.48620984,0.49434355,0.52040476,0.4984014
1783532938.1700,68,left_eye_joint,0.017893342,0.76690197,0.17472377,0.4905026,0.49008435,0.52473164,0.49384388
1783532938.1700,68,left_eyeLowerLid_joint,0.017893342,0.76690197,0.17472377,0.4905026,0.49008435,0.52473164,0.49384388
1783532938.1700,68,left_eyeUpperLid_joint,0.017893342,0.76690197,0.17472377,0.4905026,0.49008435,0.52473164,0.49384388
1783532938.1700,68,left_eyeball_joint,0.017893342,0.76690197,0.17472377,0.4905026,0.49008435,0.52473164,0.49384388
1783532938.1700,68,nose_joint,-0.014254251,0.73300767,0.19642383,0.4905052,0.4900818,0.52473426,0.4938411
1783532938.1700,68,right_eye_joint,-0.046665028,0.76497185,0.17223859,0.4905026,0.49008435,0.52473164,0.49384388
1783532938.1700,68,right_eyeLowerLid_joint,-0.046665028,0.76497185,0.17223859,0.4905026,0.49008435,0.52473164,0.49384388
1783532938.1700,68,right_eyeUpperLid_joint,-0.046665028,0.76497185,0.17223859,0.4905026,0.49008435,0.52473164,0.49384388
1783532938.1700,68,right_eyeball_joint,-0.046665028,0.76497185,0.17223859,0.4905026,0.49008435,0.52473164,0.49384388
1783532938.1700,68,right_shoulder_1_joint,-0.09568722,0.56329215,0.033230193,0.6940853,0.04757676,0.1148784,0.7090735
1783532938.1700,68,right_arm_joint,-0.23625131,0.5300818,0.019885676,0.66078645,0.25766322,0.34642473,0.6139716
1783532938.1700,68,right_forearm_joint,-0.40307745,0.3263604,-0.017732622,0.5838626,0.390678,0.17316529,0.690282
1783532938.1700,68,right_hand_joint,-0.5731769,0.14004833,0.07261277,0.050871342,0.20779589,0.37341183,0.90266097
1783532938.1700,68,right_handIndexStart_joint,-0.5822394,0.1241024,0.09473784,0.02519653,0.26905626,0.3765985,0.88608557
1783532938.1700,68,right_handIndex_1_joint,-0.6281418,0.069414556,0.13150671,0.02519653,0.26905626,0.3765985,0.88608557
1783532938.1700,68,right_handIndex_2_joint,-0.6548289,0.03761877,0.15288389,0.02519653,0.26905626,0.3765985,0.88608557
1783532938.1700,68,right_handIndex_3_joint,-0.66977453,0.019813448,0.16485538,0.02519653,0.26905626,0.3765985,0.88608557
1783532938.1700,68,right_handIndexEnd_joint,-0.6804497,0.007095563,0.17340642,0.02519653,0.26905626,0.3765985,0.88608557
1783532938.1700,68,right_handMidStart_joint,-0.58867776,0.12195271,0.08390734,0.050433904,0.20866936,0.37373713,0.90234935
1783532938.1700,68,right_handMid_1_joint,-0.63683784,0.06908148,0.10966796,0.050433904,0.20866936,0.37373713,0.90234935
1783532938.1700,68,right_handMid_2_joint,-0.67068,0.031929508,0.12777002,0.050433904,0.20866936,0.37373713,0.90234935
1783532938.1700,68,right_handMid_3_joint,-0.6902042,0.010495379,0.13821353,0.050433904,0.20866936,0.37373713,0.90234935
1783532938.1700,68,right_handMidEnd_joint,-0.70322037,-0.0037935697,0.14517581,0.05043391,0.20866936,0.37373713,0.90234935
1783532938.1700,68,right_handPinkyStart_joint,-0.59770644,0.118488416,0.05791721,0.09312025,0.11002224,0.39827502,0.9058703
1783532938.1700,68,right_handPinky_1_joint,-0.63952446,0.07136703,0.06586472,0.09312025,0.11002224,0.39827502,0.9058703
1783532938.1700,68,right_handPinky_2_joint,-0.66535413,0.04226241,0.0707738,0.09312025,0.11002224,0.39827502,0.9058703
1783532938.1700,68,right_handPinky_3_joint,-0.6788832,0.027016917,0.0733449,0.09312025,0.11002224,0.39827502,0.9058703
1783532938.1700,68,right_handPinkyEnd_joint,-0.69118255,0.013157768,0.07568228,0.09312025,0.11002224,0.39827502,0.9058703
1783532938.1700,68,right_handRingStart_joint,-0.5931204,0.119918086,0.0719815,0.07272661,0.15991318,0.38644618,0.90542716
1783532938.1700,68,right_handRing_1_joint,-0.63853604,0.0694118,0.08828272,0.07272661,0.15991318,0.38644618,0.90542716
1783532938.1700,68,right_handRing_2_joint,-0.6705937,0.033760455,0.09978928,0.07272661,0.15991318,0.38644618,0.90542716
1783532938.1700,68,right_handRing_3_joint,-0.6906304,0.011478377,0.10698113,0.07272661,0.15991318,0.38644618,0.90542716
1783532938.1700,68,right_handRingEnd_joint,-0.7039878,-0.003377291,0.11177553,0.07272661,0.15991318,0.38644618,0.90542716
1783532938.1700,68,right_handThumbStart_joint,-0.5729994,0.11722032,0.0935025,0.44809693,0.6879035,0.054403964,0.56836474
1783532938.1700,68,right_handThumb_1_joint,-0.57556015,0.08079417,0.13287076,0.44809693,0.6879035,0.054403964,0.56836474
1783532938.1700,68,right_handThumb_2_joint,-0.5773895,0.054759216,0.1610119,0.44809693,0.6879035,0.05440394,0.56836474
1783532938.1700,68,right_handThumbEnd_joint,-0.57860875,0.0374021,0.17977206,0.44809693,0.6879035,0.05440394,0.56836474
1783532938.1700,68,camera,0.11079734,0.073230855,-0.01736836,-0.07257955,-0.07642624,-0.70012313,0.70620024
1783532938.2043,69,root,0.0020679873,0.016111594,0.0026885595,0.034227706,0.0056909197,-0.012379431,0.99932116
1783532938.2043,69,hips_joint,0.0020679873,0.016111594,0.0026885595,0.034227706,0.0056909197,-0.012379431,0.99932116
1783532938.2043,69,left_upLeg_joint,0.10195299,-0.0113147795,0.000710655,0.564929,-0.46584916,0.5252657,-0.43351543
1783532938.2043,69,left_leg_joint,0.107916236,-0.4247369,0.08053879,-0.36891663,0.6269935,-0.353438,0.58809966
1783532938.2043,69,left_foot_joint,0.09141729,-0.8264031,-0.13745522,0.6770717,-0.26606983,0.64090335,-0.24499738
1783532938.2043,69,left_toes_joint,0.09691651,-0.9269006,-0.027543955,0.71522886,-0.13291812,0.6757217,-0.11908229
1783532938.2043,69,left_toesEnd_joint,0.10003882,-0.9481965,0.029169364,0.715229,-0.13291793,0.67572165,-0.11908249
1783532938.2043,69,right_upLeg_joint,-0.09905222,-0.0064132703,0.0031689822,0.46733418,0.4944233,0.4356979,0.58933157
1783532938.2043,69,right_leg_joint,-0.15439478,-0.4172582,0.07708156,0.63537526,0.26938975,0.6066545,0.3945853
1783532938.2043,69,right_foot_joint,-0.20872125,-0.7927443,-0.1782382,0.33404458,0.6038922,0.23422913,0.6847371
1783532938.2043,69,right_toes_joint,-0.2327007,-0.9006768,-0.07830809,0.21353097,0.6562592,0.10020106,0.7167202
1783532938.2043,69,right_toesEnd_joint,-0.23989296,-0.92639023,-0.023840627,0.21353148,0.6562593,0.10020063,0.71672004
1783532938.2043,69,spine_1_joint,0.0020679676,0.016111594,0.00268856,0.5128986,0.49335322,0.5048063,0.488578
1783532938.2043,69,spine_2_joint,0.0022720871,0.07362733,0.0047458396,0.4988935,0.50818884,0.49678954,0.4960342
1783532938.2043,69,spine_3_joint,0.0016901456,0.1311752,0.0042584795,0.49080452,0.5133188,0.49632797,0.49927324
1783532938.2043,69,spine_4_joint,0.0006462918,0.18420208,0.0029123502,0.4942511,0.50693434,0.50560755,0.49304685
1783532938.2043,69,spine_5_joint,-0.0011341323,0.25464228,0.0026829035,0.5188946,0.47822952,0.5335682,0.46620905
1783532938.2043,69,spine_6_joint,-0.0036463104,0.34784225,0.013348258,0.5253157,0.46717867,0.5471,0.45438954
1783532938.2043,69,spine_7_joint,-0.0074106823,0.45353815,0.030156152,0.5276568,0.46407342,0.5481937,0.45354012
1783532938.2043,69,left_shoulder_1_joint,0.078393765,0.567812,0.043746557,-0.6593699,0.07415406,-0.06960047,0.74490863
1783532938.2043,69,left_arm_joint,0.22044301,0.53858715,0.041035417,-0.47768387,0.38835377,-0.314724,0.72246027
1783532938.2043,69,left_forearm_joint,0.35350552,0.31894308,-0.02824426,-0.54867977,0.26250452,-0.47178954,0.63832355
1783532938.2043,69,left_hand_joint,0.46525234,0.08035024,0.02068634,0.8223481,-0.49357593,0.21880783,-0.17958261
1783532938.2043,69,left_handIndexStart_joint,0.46653628,0.05703573,0.039322026,0.8062101,-0.5046462,0.27135646,-0.14738989
1783532938.2043,69,left_handIndex_1_joint,0.4941146,-0.014737157,0.0625142,0.8062101,-0.5046462,0.27135646,-0.14738989
1783532938.2043,69,left_handIndex_2_joint,0.51014847,-0.056465577,0.075998016,0.8062101,-0.5046462,0.27135646,-0.14738989
1783532938.2043,69,left_handIndex_3_joint,0.5191275,-0.07983349,0.08354896,0.8062101,-0.5046462,0.27135646,-0.14738989
1783532938.2043,69,left_handIndexEnd_joint,0.52554107,-0.096524864,0.08894249,0.8062101,-0.5046462,0.27135646,-0.14738989
1783532938.2043,69,left_handMidStart_joint,0.4740895,0.05640434,0.029029965,0.8228579,-0.49327767,0.21639289,-0.18098769
1783532938.2043,69,left_handMid_1_joint,0.5059931,-0.011258292,0.042527683,0.8228579,-0.49327767,0.21639289,-0.18098769
1783532938.2043,69,left_handMid_2_joint,0.5284119,-0.058805007,0.05201257,0.8228579,-0.49327767,0.21639289,-0.18098769
1783532938.2043,69,left_handMid_3_joint,0.54134583,-0.0862358,0.05748462,0.8228579,-0.49327767,0.21639289,-0.18098769
1783532938.2043,69,left_handMidEnd_joint,0.5499684,-0.104522996,0.061132655,0.8228579,-0.49327767,0.21639289,-0.18098769
1783532938.2043,69,left_handPinkyStart_joint,0.48634082,0.057991046,0.0042027617,0.82399654,-0.5007191,0.121035434,-0.23592556
1783532938.2043,69,left_handPinky_1_joint,0.51613957,0.0019642783,0.0018659569,0.82399654,-0.5007191,0.121035434,-0.23592556
1783532938.2043,69,left_handPinky_2_joint,0.5345447,-0.032640487,0.00042263625,0.82399654,-0.5007191,0.121035434,-0.23592556
1783532938.2043,69,left_handPinky_3_joint,0.54418546,-0.050766792,-0.0003333885,0.82399654,-0.5007191,0.121035434,-0.23592556
1783532938.2043,69,left_handPinkyEnd_joint,0.55294985,-0.06724525,-0.0010206841,0.82399654,-0.5007191,0.121035434,-0.23592556
1783532938.2043,69,left_handRingStart_joint,0.47991243,0.0566463,0.017534928,0.8244967,-0.49759462,0.16939999,-0.20954415
1783532938.2043,69,left_handRing_1_joint,0.5111645,-0.00562798,0.022480654,0.8244967,-0.49759462,0.16939999,-0.20954415
1783532938.2043,69,left_handRing_2_joint,0.5332247,-0.049586296,0.025971755,0.8244967,-0.49759462,0.16939999,-0.20954415
1783532938.2043,69,left_handRing_3_joint,0.5470123,-0.07706024,0.028153693,0.8244967,-0.49759462,0.16939999,-0.20954415
1783532938.2043,69,left_handRingEnd_joint,0.55620414,-0.0953762,0.029608319,0.8244967,-0.49759462,0.16939999,-0.20954415
1783532938.2043,69,left_handThumbStart_joint,0.45644078,0.053122044,0.035196953,0.44153303,-0.18556117,0.75441384,-0.4488606
1783532938.2043,69,left_handThumb_1_joint,0.44531944,0.007955808,0.062022142,0.44153303,-0.18556117,0.75441384,-0.4488606
1783532938.2043,69,left_handThumb_2_joint,0.43736896,-0.02432704,0.08119785,0.441533,-0.18556117,0.75441384,-0.4488606
1783532938.2043,69,left_handThumbEnd_joint,0.43206862,-0.04584894,0.09398165,0.441533,-0.18556115,0.75441384,-0.4488606
1783532938.2043,69,neck_1_joint,-0.011606554,0.5868727,0.04466186,0.5839729,0.3924894,0.5977363,0.38423946
1783532938.2043,69,neck_2_joint,-0.012286757,0.61440533,0.056556977,0.5820613,0.39613646,0.5928793,0.39086518
1783532938.2043,69,neck_3_joint,-0.012961167,0.6513902,0.07177748,0.570385,0.41214776,0.5826215,0.40663055
1783532938.2043,69,neck_4_joint,-0.0137062585,0.68914974,0.08495562,0.55630773,0.430227,0.57093656,0.42362598
1783532938.2043,69,head_joint,-0.014702147,0.73361176,0.09802282,0.49723664,0.4959558,0.5203807,0.48578656
1783532938.2043,69,jaw_joint,-0.013925604,0.7084613,0.102128,0.49723664,0.4959558,0.5203807,0.48578656
1783532938.2043,69,chin_joint,-0.013486126,0.65491307,0.20027293,0.49723664,0.4959558,0.5203807,0.48578656
1783532938.2043,69,left_eye_joint,0.015399286,0.7641258,0.18616618,0.5015431,0.49160045,0.5245976,0.48122975
1783532938.2043,69,left_eyeLowerLid_joint,0.015399286,0.7641258,0.18616618,0.5015431,0.49160045,0.5245976,0.48122975
1783532938.2043,69,left_eyeUpperLid_joint,0.015399286,0.7641258,0.18616618,0.5015431,0.49160045,0.5245976,0.48122975
1783532938.2043,69,left_eyeball_joint,0.015399286,0.7641258,0.18616618,0.5015431,0.49160045,0.5245976,0.48122975
1783532938.2043,69,nose_joint,-0.01606322,0.72964287,0.20794284,0.5015457,0.49159774,0.5246001,0.48122692
1783532938.2043,69,right_eye_joint,-0.04919444,0.76198834,0.18528925,0.5015431,0.49160045,0.5245976,0.48122975
1783532938.2043,69,right_eyeLowerLid_joint,-0.04919444,0.76198834,0.18528925,0.5015431,0.49160045,0.5245976,0.48122975
1783532938.2043,69,right_eyeUpperLid_joint,-0.04919444,0.76198834,0.18528925,0.5015431,0.49160045,0.5245976,0.48122975
1783532938.2043,69,right_eyeball_joint,-0.04919444,0.76198834,0.18528925,0.5015431,0.49160045,0.5245976,0.48122975
1783532938.2043,69,right_shoulder_1_joint,-0.10024258,0.5624181,0.041525096,0.7181814,0.10064525,0.12665951,0.6767895
1783532938.2043,69,right_arm_joint,-0.23769927,0.51658154,0.034896694,0.6703966,0.33435842,0.37806612,0.54391146
1783532938.2043,69,right_forearm_joint,-0.36817634,0.2879469,-0.00318861,0.5822434,0.46652833,0.23701699,0.622228
1783532938.2043,69,right_hand_joint,-0.48939255,0.06332773,0.07842748,0.09053396,0.22994573,0.47005394,0.8473361
1783532938.2043,69,right_handIndexStart_joint,-0.49307272,0.043904852,0.099287204,0.05816708,0.28732902,0.4756988,0.82931894
1783532938.2043,69,right_handIndex_1_joint,-0.52377564,-0.022145467,0.13311662,0.05816708,0.28732902,0.4756988,0.82931894
1783532938.2043,69,right_handIndex_2_joint,-0.5416258,-0.060547255,0.15278472,0.05816708,0.28732902,0.4756988,0.82931894
1783532938.2043,69,right_handIndex_3_joint,-0.5516227,-0.082052134,0.16379923,0.05816708,0.28732902,0.4756988,0.82931894
1783532938.2043,69,right_handIndexEnd_joint,-0.5587632,-0.09741253,0.17166671,0.05816708,0.28732902,0.4756988,0.82931894
1783532938.2043,69,right_handMidStart_joint,-0.49993712,0.041488636,0.088779315,0.090009384,0.2307395,0.4704076,0.84697986
1783532938.2043,69,right_handMid_1_joint,-0.53421646,-0.022242017,0.11205375,0.090009384,0.2307395,0.4704076,0.84697986
1783532938.2043,69,right_handMid_2_joint,-0.5583048,-0.06702494,0.12840885,0.090009384,0.2307395,0.4704076,0.84697986
1783532938.2043,69,right_handMid_3_joint,-0.5722017,-0.09286152,0.13784446,0.090009384,0.2307395,0.4704076,0.84697986
1783532938.2043,69,right_handMidEnd_joint,-0.5814665,-0.110085435,0.14413486,0.09000939,0.2307395,0.4704076,0.84697986
1783532938.2043,69,right_handPinkyStart_joint,-0.51047254,0.03865347,0.06328475,0.14352158,0.13601598,0.48838177,0.8499324
1783532938.2043,69,right_handPinky_1_joint,-0.5413317,-0.016542898,0.06906468,0.14352158,0.13601598,0.48838177,0.8499324
1783532938.2043,69,right_handPinky_2_joint,-0.5603926,-0.050635222,0.072635,0.14352158,0.13601598,0.48838177,0.8499324
1783532938.2043,69,right_handPinky_3_joint,-0.5703761,-0.06849312,0.07450476,0.14352159,0.136016,0.48838177,0.8499324
1783532938.2043,69,right_handPinkyEnd_joint,-0.5794523,-0.08472725,0.076204635,0.14352158,0.13601598,0.48838177,0.8499324
1783532938.2043,69,right_handRingStart_joint,-0.5049768,0.03969276,0.07705417,0.11773565,0.18406908,0.47995368,0.8496482
1783532938.2043,69,right_handRing_1_joint,-0.53791374,-0.020304184,0.091008626,0.11773565,0.18406908,0.47995368,0.8496482
1783532938.2043,69,right_handRing_2_joint,-0.5611629,-0.0626547,0.10085863,0.11773565,0.18406908,0.47995368,0.8496482
1783532938.2043,69,right_handRing_3_joint,-0.5756942,-0.08912391,0.107015185,0.11773565,0.18406908,0.47995368,0.8496482
1783532938.2043,69,right_handRingEnd_joint,-0.5853812,-0.10677089,0.111119255,0.11773565,0.18406908,0.47995368,0.8496482
1783532938.2043,69,right_handThumbStart_joint,-0.48281783,0.039198447,0.09665057,0.40644288,0.74886566,0.12743463,0.5077069
1783532938.2043,69,right_handThumb_1_joint,-0.47454584,-0.0004390025,0.13191716,0.40644285,0.74886566,0.12743463,0.5077069
1783532938.2043,69,right_handThumb_2_joint,-0.46863243,-0.028769305,0.15712662,0.40644285,0.74886566,0.12743461,0.5077069
1783532938.2043,69,right_handThumbEnd_joint,-0.46468985,-0.047656525,0.17393227,0.40644282,0.74886566,0.12743461,0.5077069
1783532938.2043,69,camera,0.11126332,0.07283914,-0.016981246,-0.07242528,-0.075940564,-0.70041525,0.7059789
1783532938.2375,70,root,0.0007378311,0.01795032,0.0019107134,0.009300338,-0.0030432527,-0.0143165905,0.9998496
1783532938.2375,70,hips_joint,0.0007378311,0.01795032,0.0019107134,0.009300338,-0.0030432527,-0.0143165905,0.9998496
1783532938.2375,70,left_upLeg_joint,0.10051497,-0.009915357,0.002987267,0.564748,-0.4460719,0.5674404,-0.4001138
1783532938.2375,70,left_leg_joint,0.08285506,-0.41329542,0.12256421,-0.33231696,0.632466,-0.36704504,0.5956762
1783532938.2375,70,left_foot_joint,0.05108565,-0.8054991,-0.11045157,0.6516349,-0.29294834,0.6562872,-0.24257039
1783532938.2375,70,left_toes_joint,0.046158187,-0.9098485,-0.004162388,0.6953475,-0.16413064,0.69036686,-0.11378352
1783532938.2375,70,left_toesEnd_joint,0.04572846,-0.9332246,0.05181114,0.6953476,-0.16413043,0.6903667,-0.11378372
1783532938.2375,70,right_upLeg_joint,-0.10047873,-0.0041425335,0.0018177065,0.4387879,0.50472265,0.43367606,0.6038587
1783532938.2375,70,right_leg_joint,-0.14863504,-0.4112093,0.098239094,0.6254326,0.25278798,0.6422042,0.36401373
1783532938.2375,70,right_foot_joint,-0.17028476,-0.76962173,-0.1849591,0.3364558,0.58469176,0.28106725,0.68259376
1783532938.2375,70,right_toes_joint,-0.19387254,-0.88544255,-0.09418677,0.21953766,0.6378639,0.14659642,0.72349316
1783532938.2375,70,right_toesEnd_joint,-0.20256378,-0.9152989,-0.042103417,0.21953815,0.63786393,0.14659598,0.72349304
1783532938.2375,70,spine_1_joint,0.0007378114,0.01795032,0.0019107133,0.49896622,0.5011793,0.49658716,0.50324273
1783532938.2375,70,spine_2_joint,0.0009934104,0.075500354,0.0014002608,0.48818052,0.514673,0.4907885,0.5058835
1783532938.2375,70,spine_3_joint,0.00033021098,0.13299972,-0.0009906208,0.4849418,0.5171457,0.49414402,0.5032032
1783532938.2375,70,spine_4_joint,-0.00090255606,0.18599455,-0.0031762708,0.49443838,0.50699383,0.50788194,0.49045292
1783532938.2375,70,spine_5_joint,-0.0030164658,0.25642577,-0.003052665,0.5255768,0.47326958,0.5396429,0.45669514
1783532938.2375,70,spine_6_joint,-0.0058632884,0.3492894,0.01015822,0.5374384,0.4579527,0.5548744,0.4399474
1783532938.2375,70,spine_7_joint,-0.0096269455,0.45414543,0.031590346,0.5426054,0.45413214,0.55432713,0.43825224
1783532938.2375,70,left_shoulder_1_joint,0.07664499,0.5675224,0.049152184,-0.63117945,0.09082436,-0.101839274,0.7635393
1783532938.2375,70,left_arm_joint,0.216293,0.5283344,0.047681637,-0.41270983,0.42243835,-0.37706968,0.7134668
1783532938.2375,70,left_forearm_joint,0.31170994,0.29247296,-0.029866904,-0.47726896,0.3283044,-0.52813464,0.62088996
1783532938.2375,70,left_hand_joint,0.37242663,0.032754574,-0.0040230867,0.7548253,-0.5800353,0.22420755,-0.20863567
1783532938.2375,70,left_handIndexStart_joint,0.3682796,0.007900672,0.012026494,0.7384304,-0.5927628,0.27235904,-0.17080234
1783532938.2375,70,left_handIndex_1_joint,0.3802383,-0.06987746,0.028068189,0.7384304,-0.5927628,0.27235904,-0.17080234
1783532938.2375,70,left_handIndex_2_joint,0.387191,-0.11509731,0.037394755,0.7384304,-0.5927628,0.27235904,-0.17080234
1783532938.2375,70,left_handIndex_3_joint,0.39108452,-0.14042042,0.04261763,0.7384304,-0.5927628,0.27235904,-0.17080234
1783532938.2375,70,left_handIndexEnd_joint,0.39386562,-0.15850836,0.046348255,0.7384304,-0.5927628,0.27235904,-0.17080234
1783532938.2375,70,left_handMidStart_joint,0.37603194,0.0068166493,0.0019219159,0.75533146,-0.5796379,0.22197212,-0.21029213
1783532938.2375,70,left_handMid_1_joint,0.39347708,-0.066841416,0.008880198,0.75533146,-0.5796379,0.22197212,-0.21029213
1783532938.2375,70,left_handMid_2_joint,0.40573585,-0.118601136,0.013769803,0.75533146,-0.5796379,0.22197212,-0.21029213
1783532938.2375,70,left_handMid_3_joint,0.4128082,-0.1484625,0.016590727,0.75533146,-0.5796379,0.22197212,-0.21029213
1783532938.2375,70,left_handMidEnd_joint,0.41752312,-0.1683701,0.018471345,0.75533146,-0.5796379,0.22197212,-0.21029213
1783532938.2375,70,left_handPinkyStart_joint,0.3894907,0.008419421,-0.022270946,0.7545732,-0.5811693,0.1323027,-0.27451333
1783532938.2375,70,left_handPinky_1_joint,0.40787283,-0.051888283,-0.02985385,0.7545732,-0.5811693,0.1323027,-0.27451333
1783532938.2375,70,left_handPinky_2_joint,0.41922653,-0.08913716,-0.03453741,0.7545732,-0.5811693,0.1323027,-0.27451333
1783532938.2375,70,left_handPinky_3_joint,0.42517367,-0.10864848,-0.036990702,0.7545732,-0.5811693,0.1323027,-0.27451333
1783532938.2375,70,left_handPinkyEnd_joint,0.4305802,-0.12638603,-0.03922097,0.7545732,-0.5811693,0.1323027,-0.27451333
1783532938.2375,70,left_handRingStart_joint,0.38231486,0.0070484877,-0.00932852,0.7558866,-0.5811183,0.17791468,-0.243482
1783532938.2375,70,left_handRing_1_joint,0.4005668,-0.06036918,-0.010307627,0.7558866,-0.5811183,0.17791468,-0.243482
1783532938.2375,70,left_handRing_2_joint,0.4134505,-0.10795812,-0.010998759,0.7558866,-0.5811183,0.17791468,-0.243482
1783532938.2375,70,left_handRing_3_joint,0.42150283,-0.13770121,-0.011430717,0.7558866,-0.5811183,0.17791468,-0.243482
1783532938.2375,70,left_handRingEnd_joint,0.42687103,-0.15752994,-0.0117186885,0.7558866,-0.5811183,0.17791468,-0.243482
1783532938.2375,70,left_handThumbStart_joint,0.35781637,0.0065047215,0.007249032,0.38324228,-0.25943437,0.79226077,-0.39767087
1783532938.2375,70,left_handThumb_1_joint,0.3368781,-0.03800942,0.028774394,0.38324228,-0.25943437,0.79226077,-0.39767087
1783532938.2375,70,left_handThumb_2_joint,0.32191077,-0.06982612,0.044161968,0.38324228,-0.25943437,0.79226077,-0.39767087
1783532938.2375,70,left_handThumbEnd_joint,0.31193256,-0.09103725,0.05442034,0.38324228,-0.25943434,0.79226077,-0.39767087
1783532938.2375,70,neck_1_joint,-0.013285516,0.5866724,0.052309863,0.5947745,0.38432574,0.60116595,0.37031952
1783532938.2375,70,neck_2_joint,-0.013831922,0.6137451,0.065223955,0.5905614,0.3910472,0.5956997,0.37876278
1783532938.2375,70,neck_3_joint,-0.014454003,0.65027034,0.08151861,0.57727975,0.4093544,0.5851603,0.3959351
1783532938.2375,70,neck_4_joint,-0.015252691,0.68771017,0.09557649,0.5623041,0.42875373,0.573375,0.4137942
1783532938.2375,70,head_joint,-0.016383072,0.73189765,0.109533414,0.5033524,0.4951392,0.52401036,0.4763264
1783532938.2375,70,jaw_joint,-0.015399292,0.7066767,0.11312989,0.5033524,0.4951392,0.52401036,0.4763264
1783532938.2375,70,chin_joint,-0.013498414,0.6512037,0.21018212,0.5033524,0.4951392,0.52401036,0.4763264
1783532938.2375,70,left_eye_joint,0.014526759,0.7608621,0.19791947,0.50765157,0.49073055,0.52814454,0.4717383
1783532938.2375,70,left_eyeLowerLid_joint,0.014526759,0.7608621,0.19791947,0.50765157,0.49073055,0.52814454,0.4717383
1783532938.2375,70,left_eyeUpperLid_joint,0.014526759,0.7608621,0.19791947,0.50765157,0.49073055,0.52814454,0.4717383
1783532938.2375,70,left_eyeball_joint,0.014526759,0.7608621,0.19791947,0.50765157,0.49073055,0.52814454,0.4717383
1783532938.2375,70,nose_joint,-0.016464572,0.7257485,0.21936138,0.50765413,0.4907278,0.5281471,0.47173542
1783532938.2375,70,right_eye_joint,-0.050057773,0.7583158,0.19772899,0.50765157,0.49073055,0.52814454,0.4717383
1783532938.2375,70,right_eyeLowerLid_joint,-0.050057773,0.7583158,0.19772899,0.50765157,0.49073055,0.52814454,0.4717383
1783532938.2375,70,right_eyeUpperLid_joint,-0.050057773,0.7583158,0.19772899,0.50765157,0.49073055,0.52814454,0.4717383
1783532938.2375,70,right_eyeball_joint,-0.050057773,0.7583158,0.19772899,0.50765157,0.49073055,0.52814454,0.4717383
1783532938.2375,70,right_shoulder_1_joint,-0.10201683,0.5625392,0.049386796,0.74020714,0.13895051,0.1225273,0.64635384
1783532938.2375,70,right_arm_joint,-0.2371098,0.50972736,0.04913024,0.6780414,0.4018019,0.39154103,0.47487968
1783532938.2375,70,right_forearm_joint,-0.335658,0.26588574,0.009406049,0.57156324,0.54665655,0.28158012,0.5433183
1783532938.2375,70,right_hand_joint,-0.40097815,0.016439132,0.082330324,0.12949365,0.2671202,0.553866,0.7778886
1783532938.2375,70,right_handIndexStart_joint,-0.39829603,-0.0047424673,0.10156742,0.09132603,0.31962565,0.56194425,0.7574416
1783532938.2375,70,right_handIndex_1_joint,-0.41147614,-0.077797584,0.13221014,0.09132603,0.31962565,0.56194425,0.7574416
1783532938.2375,70,right_handIndex_2_joint,-0.4191385,-0.12027182,0.15002543,0.09132603,0.31962565,0.56194425,0.7574416
1783532938.2375,70,right_handIndex_3_joint,-0.4234302,-0.14405747,0.16000246,0.09132603,0.31962565,0.56194425,0.7574416
1783532938.2375,70,right_handIndexEnd_joint,-0.4264956,-0.16104694,0.16712889,0.09132603,0.31962565,0.56194425,0.7574416
1783532938.2375,70,right_handMidStart_joint,-0.4058217,-0.0077359127,0.09167919,0.12890106,0.26782143,0.5542453,0.7774757
1783532938.2375,70,right_handMid_1_joint,-0.42423022,-0.07849652,0.11247418,0.12890106,0.26782143,0.5542453,0.7774757
1783532938.2375,70,right_handMid_2_joint,-0.43716612,-0.12821946,0.12708704,0.12890106,0.26782143,0.5542453,0.7774757
1783532938.2375,70,right_handMid_3_joint,-0.44462898,-0.156906,0.1355175,0.12890106,0.26782143,0.5542453,0.7774757
1783532938.2375,70,right_handMidEnd_joint,-0.4496044,-0.17602992,0.14113782,0.12890106,0.26782143,0.5542453,0.7774757
1783532938.2375,70,right_handPinkyStart_joint,-0.41869557,-0.010819409,0.06731196,0.19247533,0.17847735,0.56536955,0.7819568
1783532938.2375,70,right_handPinky_1_joint,-0.43755567,-0.07132879,0.07121619,0.19247533,0.17847735,0.56536955,0.7819568
1783532938.2375,70,right_handPinky_2_joint,-0.44920525,-0.10870286,0.07362803,0.19247533,0.17847735,0.56536955,0.7819568
1783532938.2375,70,right_handPinky_3_joint,-0.45530665,-0.12827958,0.07489089,0.19247536,0.17847735,0.56536955,0.7819568
1783532938.2375,70,right_handPinkyEnd_joint,-0.46085376,-0.14607635,0.07603909,0.19247533,0.17847735,0.56536955,0.7819568
1783532938.2375,70,right_handRingStart_joint,-0.41183844,-0.009673655,0.08044766,0.16166492,0.22397716,0.56045115,0.78076464
1783532938.2375,70,right_handRing_1_joint,-0.4308003,-0.07586316,0.092220254,0.16166492,0.22397716,0.56045115,0.78076464
1783532938.2375,70,right_handRing_2_joint,-0.44418478,-0.122584805,0.10053011,0.16166492,0.22397716,0.56045115,0.78076464
1783532938.2375,70,right_handRing_3_joint,-0.45255065,-0.15178613,0.10572411,0.16166492,0.22397716,0.56045115,0.78076464
1783532938.2375,70,right_handRingEnd_joint,-0.4581272,-0.17125435,0.10918635,0.16166492,0.22397716,0.56045115,0.78076464
1783532938.2375,70,right_handThumbStart_joint,-0.38773993,-0.0071118497,0.097417764,0.35828725,0.80751026,0.18340884,0.43118307
1783532938.2375,70,right_handThumb_1_joint,-0.3677971,-0.04667777,0.12775098,0.35828725,0.80751026,0.18340884,0.43118307
1783532938.2375,70,right_handThumb_2_joint,-0.3535418,-0.07495694,0.14943421,0.35828725,0.80751026,0.1834088,0.43118307
1783532938.2375,70,right_handThumbEnd_joint,-0.34403792,-0.09380996,0.16388896,0.35828725,0.80751026,0.1834088,0.43118307
1783532938.2375,70,camera,0.11141277,0.07298156,-0.016715577,-0.072233245,-0.07620615,-0.70036346,0.7060212
1783532938.2700,71,root,-0.00033995273,0.019926466,0.0004298964,0.004307659,-0.009493879,-0.0038535823,0.9999383
1783532938.2700,71,hips_joint,-0.00033995273,0.019926466,0.0004298964,0.004307659,-0.009493879,-0.0038535823,0.9999383
1783532938.2700,71,left_upLeg_joint,0.099970244,-0.0058415662,0.0030766386,0.57320684,-0.43067008,0.57715803,-0.3909551
1783532938.2700,71,left_leg_joint,0.0843153,-0.40378693,0.13989928,-0.30733615,0.6462006,-0.35354435,0.60247475
1783532938.2700,71,left_foot_joint,0.045381315,-0.7802438,-0.11679849,0.6404396,-0.31916574,0.64985186,-0.25624794
1783532938.2700,71,left_toes_joint,0.03817587,-0.8908044,-0.017124424,0.6893243,-0.19199468,0.68664056,-0.12843288
1783532938.2700,71,left_toesEnd_joint,0.037164778,-0.91755974,0.03730713,0.6893244,-0.19199447,0.68664044,-0.12843308
1783532938.2700,71,right_upLeg_joint,-0.101067506,-0.004270705,-0.0007339736,0.42475957,0.50390726,0.45630008,0.59786874
1783532938.2700,71,right_leg_joint,-0.1329591,-0.41428664,0.08976112,0.6054777,0.26125714,0.6697887,0.34135702
1783532938.2700,71,right_foot_joint,-0.117526546,-0.76807964,-0.19958597,0.3155243,0.5790528,0.31675407,0.68176913
1783532938.2700,71,right_toes_joint,-0.13671131,-0.8869052,-0.11170589,0.20005439,0.6283599,0.18179274,0.7294474
1783532938.2700,71,right_toesEnd_joint,-0.14546032,-0.9182438,-0.060510557,0.2000549,0.62836,0.18179227,0.7294473
1783532938.2700,71,spine_1_joint,-0.00033997252,0.019926466,0.00042989603,0.49018022,0.50457454,0.5007521,0.5043564
1783532938.2700,71,spine_2_joint,-0.00095556927,0.077466674,-0.00060911954,0.48265103,0.5159727,0.49358767,0.5071409
1783532938.2700,71,spine_3_joint,-0.0020901032,0.13494508,-0.0033072387,0.4834352,0.51582235,0.49565712,0.5045218
1783532938.2700,71,spine_4_joint,-0.0033367127,0.18793948,-0.0054957876,0.4970672,0.50284165,0.50769514,0.4922605
1783532938.2700,71,spine_5_joint,-0.0048322887,0.25838518,-0.0050382135,0.531611,0.46623424,0.536942,0.46011877
1783532938.2700,71,spine_6_joint,-0.00589451,0.35119247,0.008817279,0.5461382,0.44898078,0.5483418,0.4466219
1783532938.2700,71,spine_7_joint,-0.0063743894,0.4560173,0.030722115,0.5522115,0.44559127,0.54211104,0.4501414
1783532938.2700,71,left_shoulder_1_joint,0.084666915,0.56578404,0.047103584,-0.6246363,0.10366097,-0.118337125,0.76490563
1783532938.2700,71,left_arm_joint,0.22253692,0.5207411,0.045544818,-0.38604778,0.44039685,-0.41767442,0.69467
1783532938.2700,71,left_forearm_joint,0.2925439,0.27594844,-0.031425416,-0.46036294,0.34107065,-0.5763204,0.58274573
1783532938.2700,71,left_hand_joint,0.3201587,0.011802387,0.0042462465,0.7183675,-0.61922985,0.2550074,-0.18834697
1783532938.2700,71,left_handIndexStart_joint,0.31263956,-0.01177875,0.0209764,0.7000342,-0.63054484,0.3007481,-0.14804356
1783532938.2700,71,left_handIndex_1_joint,0.31456122,-0.089828834,0.039798927,0.7000342,-0.63054484,0.3007481,-0.14804356
1783532938.2700,71,left_handIndex_2_joint,0.31567848,-0.13520679,0.050742254,0.7000342,-0.63054484,0.3007481,-0.14804356
1783532938.2700,71,left_handIndex_3_joint,0.31630415,-0.16061844,0.056870516,0.7000342,-0.63054484,0.3007481,-0.14804356
1783532938.2700,71,left_handIndexEnd_joint,0.31675106,-0.17876962,0.061247848,0.7000342,-0.63054484,0.3007481,-0.14804356
1783532938.2700,71,left_handMidStart_joint,0.3204074,-0.014158449,0.011108571,0.7189506,-0.618883,0.252878,-0.19012481
1783532938.2700,71,left_handMid_1_joint,0.32847056,-0.08911286,0.02086004,0.7189506,-0.618883,0.252878,-0.19012481
1783532938.2700,71,left_handMid_2_joint,0.33413658,-0.14178354,0.027712423,0.7189506,-0.618883,0.252878,-0.19012481
1783532938.2700,71,left_handMid_3_joint,0.3374054,-0.17217045,0.03166572,0.7189506,-0.618883,0.252878,-0.19012481
1783532938.2700,71,left_handMidEnd_joint,0.33958465,-0.1924284,0.03430125,0.7189506,-0.618883,0.252878,-0.19012481
1783532938.2700,71,left_handPinkyStart_joint,0.33446217,-0.0150658,-0.012779598,0.72020656,-0.6211326,0.16737789,-0.25977382
1783532938.2700,71,left_handPinky_1_joint,0.34540713,-0.07740181,-0.01796223,0.72020656,-0.6211326,0.16737789,-0.25977382
1783532938.2700,71,left_handPinky_2_joint,0.35216728,-0.11590345,-0.021163268,0.72020656,-0.6211326,0.16737789,-0.25977382
1783532938.2700,71,left_handPinky_3_joint,0.3557083,-0.13607098,-0.02284,0.72020656,-0.6211326,0.16737789,-0.25977382
1783532938.2700,71,left_handPinkyEnd_joint,0.3589274,-0.1544051,-0.024364304,0.72020656,-0.6211326,0.16737789,-0.25977382
1783532938.2700,71,left_handRingStart_joint,0.32690382,-0.015092666,1.6908049e-05,0.72047603,-0.6207532,0.21099289,-0.22597085
1783532938.2700,71,left_handRing_1_joint,0.3367037,-0.08423391,0.0016574801,0.72047603,-0.6207532,0.21099289,-0.22597085
1783532938.2700,71,left_handRing_2_joint,0.3436212,-0.13303949,0.0028155313,0.72047603,-0.6207532,0.21099289,-0.22597085
1783532938.2700,71,left_handRing_3_joint,0.34794468,-0.16354297,0.0035393133,0.72047603,-0.6207532,0.21099289,-0.22597085
1783532938.2700,71,left_handRingEnd_joint,0.35082698,-0.18387863,0.0040218346,0.72047603,-0.6207532,0.21099289,-0.22597085
1783532938.2700,71,left_handThumbStart_joint,0.3021858,-0.012045564,0.015986336,0.36400637,-0.26467246,0.82387906,-0.3444879
1783532938.2700,71,left_handThumb_1_joint,0.2754648,-0.052873548,0.038399115,0.36400637,-0.26467246,0.82387906,-0.3444879
1783532938.2700,71,left_handThumb_2_joint,0.25636426,-0.08205528,0.05442093,0.36400637,-0.26467246,0.82387906,-0.3444879
1783532938.2700,71,left_handThumbEnd_joint,0.24363056,-0.10150977,0.06510213,0.36400637,-0.26467243,0.82387906,-0.3444879
1783532938.2700,71,neck_1_joint,-0.004363672,0.58870304,0.050636023,0.6036438,0.3717333,0.59615093,0.37687308
1783532938.2700,71,neck_2_joint,-0.0039785546,0.6156471,0.06382202,0.5998491,0.37634262,0.59514415,0.37993607
1783532938.2700,71,neck_3_joint,-0.0036449688,0.65179634,0.08094287,0.5872452,0.39350483,0.5876482,0.39365873
1783532938.2700,71,neck_4_joint,-0.003659088,0.68878967,0.09615783,0.57297283,0.4124991,0.57745695,0.40998897
1783532938.2700,71,head_joint,-0.0039618984,0.7324719,0.111661926,0.51585144,0.4802417,0.52858186,0.47314605
1783532938.2700,71,jaw_joint,-0.0034839862,0.70712537,0.114368856,0.51585144,0.4802417,0.52858186,0.47314605
1783532938.2700,71,chin_joint,-0.0029535335,0.6482421,0.20940831,0.51585144,0.4802417,0.52858186,0.47314605
1783532938.2700,71,left_eye_joint,0.027254993,0.7576903,0.20108226,0.5200201,0.47572452,0.5326882,0.46851808
1783532938.2700,71,left_eyeLowerLid_joint,0.027254993,0.7576903,0.20108226,0.5200201,0.47572452,0.5326882,0.46851808
1783532938.2700,71,left_eyeUpperLid_joint,0.027254993,0.7576903,0.20108226,0.5200201,0.47572452,0.5326882,0.46851808
1783532938.2700,71,left_eyeball_joint,0.027254993,0.7576903,0.20108226,0.5200201,0.47572452,0.5326882,0.46851808
1783532938.2700,71,nose_joint,-0.0044817906,0.7224616,0.22120434,0.52002263,0.47572178,0.53269064,0.46851528
1783532938.2700,71,right_eye_joint,-0.03736629,0.7564268,0.20066012,0.5200201,0.47572452,0.5326882,0.46851808
1783532938.2700,71,right_eyeLowerLid_joint,-0.03736629,0.7564268,0.20066012,0.5200201,0.47572452,0.5326882,0.46851808
1783532938.2700,71,right_eyeUpperLid_joint,-0.03736629,0.7564268,0.20066012,0.5200201,0.47572452,0.5326882,0.46851808
1783532938.2700,71,right_eyeball_joint,-0.03736629,0.7564268,0.20066012,0.5200201,0.47572452,0.5326882,0.46851808
1783532938.2700,71,right_shoulder_1_joint,-0.094042726,0.5682908,0.048350763,0.7268155,0.13563584,0.08292041,0.6681818
1783532938.2700,71,right_arm_joint,-0.2317603,0.5236191,0.057158608,0.6529377,0.47673902,0.33728397,0.4823199
1783532938.2700,71,right_forearm_joint,-0.31632227,0.27148598,0.062326822,0.45714545,0.68496686,0.18783708,0.5353095
1783532938.2700,71,right_hand_joint,-0.3139308,0.049777582,0.2128194,0.042935204,0.43399566,0.56223655,0.70263416
1783532938.2700,71,right_handIndexStart_joint,-0.30358887,0.036224745,0.23595561,0.0045090453,0.48100716,0.5643403,0.6709189
1783532938.2700,71,right_handIndex_1_joint,-0.29558215,-0.024938883,0.28738177,0.0045090453,0.48100716,0.5643403,0.6709189
1783532938.2700,71,right_handIndex_2_joint,-0.29092658,-0.06049945,0.3172804,0.0045090453,0.48100716,0.5643403,0.6709189
1783532938.2700,71,right_handIndex_3_joint,-0.28832012,-0.080413416,0.3340243,0.0045090453,0.48100716,0.5643403,0.6709189
1783532938.2700,71,right_handIndexEnd_joint,-0.28645834,-0.09463741,0.3459841,0.0045090453,0.48100716,0.5643403,0.6709189
1783532938.2700,71,right_handMidStart_joint,-0.31187984,0.029220333,0.229205,0.042388886,0.4346418,0.56252587,0.7020361
1783532938.2700,71,right_handMid_1_joint,-0.3110667,-0.033619888,0.27196965,0.042388886,0.4346418,0.56252587,0.7020361
1783532938.2700,71,right_handMid_2_joint,-0.3104956,-0.07777718,0.3020205,0.042388886,0.4346418,0.56252587,0.7020361
1783532938.2700,71,right_handMid_3_joint,-0.31016588,-0.10325273,0.31935748,0.042388886,0.4346418,0.56252587,0.7020361
1783532938.2700,71,right_handMidEnd_joint,-0.3099464,-0.12023606,0.33091545,0.042388897,0.4346418,0.56252587,0.7020361
1783532938.2700,71,right_handPinkyStart_joint,-0.32776254,0.016854333,0.21013072,0.11341981,0.3551361,0.5806273,0.72380006
1783532938.2700,71,right_handPinky_1_joint,-0.33242992,-0.041634545,0.23441246,0.11341981,0.3551361,0.5806273,0.72380006
1783532938.2700,71,right_handPinky_2_joint,-0.33531314,-0.07776059,0.24941067,0.11341981,0.3551361,0.5806273,0.72380006
1783532938.2700,71,right_handPinky_3_joint,-0.3368228,-0.09668364,0.25726622,0.11341981,0.3551361,0.5806273,0.72380006
1783532938.2700,71,right_handPinkyEnd_joint,-0.3381956,-0.113886185,0.2644078,0.11341981,0.3551361,0.5806273,0.72380006
1783532938.2700,71,right_handRingStart_joint,-0.3191709,0.023022901,0.2205716,0.07869411,0.39599138,0.57208365,0.713946
1783532938.2700,71,right_handRing_1_joint,-0.3213939,-0.038390074,0.25377858,0.07869411,0.39599138,0.57208365,0.713946
1783532938.2700,71,right_handRing_2_joint,-0.3229629,-0.08174009,0.2772184,0.07869411,0.39599138,0.57208365,0.713946
1783532938.2700,71,right_handRing_3_joint,-0.32394394,-0.1088341,0.29186887,0.07869411,0.39599138,0.57208365,0.713946
1783532938.2700,71,right_handRingEnd_joint,-0.3245972,-0.12689742,0.30163544,0.07869411,0.39599138,0.57208365,0.713946
1783532938.2700,71,right_handThumbStart_joint,-0.29363412,0.034327462,0.23033704,0.23067692,0.89482456,0.06422995,0.3767653
1783532938.2700,71,right_handThumb_1_joint,-0.260898,0.009558279,0.26495093,0.23067692,0.89482456,0.064229935,0.3767653
1783532938.2700,71,right_handThumb_2_joint,-0.23749839,-0.0081439875,0.2896932,0.23067693,0.89482456,0.06422992,0.3767653
1783532938.2700,71,right_handThumbEnd_joint,-0.22189845,-0.019945906,0.30618736,0.23067693,0.89482456,0.0642299,0.3767653
1783532938.2700,71,camera,0.1115819,0.07313348,-0.016479382,-0.072077855,-0.07655719,-0.7003304,0.70603186
1783532938.3039,72,root,-0.000419055,0.020815458,0.0012584612,-0.019685803,-0.009922749,-0.005653677,0.999741
1783532938.3039,72,hips_joint,-0.000419055,0.020815458,0.0012584612,-0.019685803,-0.009922749,-0.005653677,0.999741
1783532938.3039,72,left_upLeg_joint,0.09978379,-0.0052014827,0.005213432,0.5775972,-0.40922353,0.5995049,-0.37351227
1783532938.3039,72,left_leg_joint,0.077153824,-0.39285758,0.16811408,-0.2836512,0.64321685,-0.34487748,0.6219916
1783532938.3039,72,left_foot_joint,0.047274902,-0.75592256,-0.10832836,0.61995465,-0.3314231,0.65506494,-0.27695656
1783532938.3039,72,left_toes_joint,0.035664912,-0.8712409,-0.01464077,0.6715338,-0.2079125,0.69568413,-0.14777799
1783532938.3039,72,left_toesEnd_joint,0.032364883,-0.9006523,0.03830958,0.6715339,-0.20791228,0.69568413,-0.1477782
1783532938.3039,72,right_upLeg_joint,-0.101243705,-0.0030021714,0.0011794805,0.39422885,0.52527636,0.4351502,0.61588365
1783532938.3039,72,right_leg_joint,-0.13049202,-0.4031089,0.12915842,0.59859854,0.2641342,0.6823619,0.32602945
1783532938.3039,72,right_foot_joint,-0.098127745,-0.75119287,-0.16566277,0.3083348,0.57707524,0.33610412,0.6774568
1783532938.3039,72,right_toes_joint,-0.11422857,-0.8720958,-0.080025844,0.19337,0.6250555,0.20160936,0.7288808
1783532938.3039,72,right_toesEnd_joint,-0.122558296,-0.9045872,-0.02948337,0.19337052,0.6250556,0.20160894,0.7288807
1783532938.3039,72,spine_1_joint,-0.0004190748,0.020815458,0.0012584607,0.4802227,0.5146396,0.49173835,0.51256776
1783532938.3039,72,spine_2_joint,-0.0011857287,0.07827518,-0.001923493,0.47551325,0.52380157,0.48979422,0.5095299
1783532938.3039,72,spine_3_joint,-0.0028278797,0.13567144,-0.0058358125,0.48035187,0.5204116,0.4978856,0.5005438
1783532938.3039,72,spine_4_joint,-0.00481404,0.18864013,-0.0080989525,0.49851036,0.5036149,0.5156042,0.48167658
1783532938.3039,72,spine_5_joint,-0.0075610415,0.25902626,-0.0062848744,0.5369579,0.46313912,0.5485937,0.44297147
1783532938.3039,72,spine_6_joint,-0.010451867,0.35121003,0.011038079,0.5533473,0.44432497,0.5615079,0.42554837
1783532938.3039,72,spine_7_joint,-0.0131609505,0.45486867,0.03779316,0.55756897,0.44421795,0.554168,0.4297506
1783532938.3039,72,left_shoulder_1_joint,0.07510066,0.56630886,0.057707813,-0.6171149,0.098448396,-0.124414116,0.7707129
1783532938.3039,72,left_arm_joint,0.21284835,0.5208672,0.05796958,-0.372884,0.4375516,-0.451706,0.68225217
1783532938.3039,72,left_forearm_joint,0.26844501,0.2701307,-0.011232939,-0.44827312,0.33722886,-0.6082712,0.5615465
1783532938.3039,72,left_hand_joint,0.27717173,0.0060496903,0.03341192,0.6959542,-0.6353901,0.28283638,-0.17869225
1783532938.3039,72,left_handIndexStart_joint,0.26755658,-0.016425269,0.050585404,0.67585933,-0.6460359,0.3270752,-0.13738245
1783532938.3039,72,left_handIndex_1_joint,0.26364696,-0.09377457,0.07183603,0.67585933,-0.6460359,0.3270752,-0.13738245
1783532938.3039,72,left_handIndex_2_joint,0.26137394,-0.1387451,0.08419105,0.67585933,-0.6460359,0.3270752,-0.13738245
1783532938.3039,72,left_handIndex_3_joint,0.26010105,-0.1639286,0.09110986,0.67585933,-0.6460359,0.3270752,-0.13738245
1783532938.3039,72,left_handIndexEnd_joint,0.25919184,-0.1819168,0.096051864,0.67585933,-0.6460359,0.3270752,-0.13738245
1783532938.3039,72,left_handMidStart_joint,0.2754625,-0.019632667,0.041067805,0.69661194,-0.63506705,0.28077203,-0.1805243
1783532938.3039,72,left_handMid_1_joint,0.2781773,-0.09459571,0.053373717,0.69661194,-0.63506705,0.28077203,-0.1805243
1783532938.3039,72,left_handMid_2_joint,0.280085,-0.14727244,0.062021118,0.69661194,-0.63506705,0.28077203,-0.1805243
1783532938.3039,72,left_handMid_3_joint,0.2811856,-0.17766286,0.06701,0.69661194,-0.63506705,0.28077203,-0.1805243
1783532938.3039,72,left_handMidEnd_joint,0.28191933,-0.19792314,0.07033592,0.69661194,-0.63506705,0.28077203,-0.1805243
1783532938.3039,72,left_handPinkyStart_joint,0.29018924,-0.022244314,0.017716017,0.7003211,-0.6375473,0.19770999,-0.25297207
1783532938.3039,72,left_handPinky_1_joint,0.2971038,-0.08530153,0.014817668,0.7003211,-0.6375473,0.19770999,-0.25297207
1783532938.3039,72,left_handPinky_2_joint,0.30137455,-0.12424864,0.013027512,0.7003211,-0.6375473,0.19770999,-0.25297207
1783532938.3039,72,left_handPinky_3_joint,0.30361164,-0.1446495,0.01208981,0.7003211,-0.6375473,0.19770999,-0.25297207
1783532938.3039,72,left_handPinkyEnd_joint,0.30564532,-0.16319574,0.011237354,0.7003211,-0.6375473,0.19770999,-0.25297207
1783532938.3039,72,left_handRingStart_joint,0.28223675,-0.021354895,0.030239832,0.6993402,-0.63705087,0.24016592,-0.21773838
1783532938.3039,72,left_handRing_1_joint,0.28733402,-0.09090026,0.03432576,0.6993402,-0.63705087,0.24016592,-0.21773838
1783532938.3039,72,left_handRing_2_joint,0.2909321,-0.1399911,0.03720995,0.6993402,-0.63705087,0.24016592,-0.21773838
1783532938.3039,72,left_handRing_3_joint,0.2931809,-0.17067286,0.039012566,0.6993402,-0.63705087,0.24016592,-0.21773838
1783532938.3039,72,left_handRingEnd_joint,0.2946801,-0.19112739,0.040214315,0.6993402,-0.63705087,0.24016592,-0.21773838
1783532938.3039,72,left_handThumbStart_joint,0.25727502,-0.01616683,0.045249224,0.34662986,-0.2577523,0.8449031,-0.3155163
1783532938.3039,72,left_handThumb_1_joint,0.22717442,-0.054392472,0.06796525,0.34662986,-0.2577523,0.8449031,-0.3155163
1783532938.3039,72,left_handThumb_2_joint,0.20565823,-0.08171399,0.08420375,0.34662986,-0.2577523,0.8449031,-0.3155163
1783532938.3039,72,left_handThumbEnd_joint,0.1913141,-0.09992834,0.095029406,0.34662986,-0.25775227,0.8449031,-0.3155163
1783532938.3039,72,neck_1_joint,-0.01446593,0.5866718,0.06293914,0.60524994,0.37429118,0.60429925,0.35833126
1783532938.3039,72,neck_2_joint,-0.014782212,0.6132566,0.07683705,0.59844214,0.38271105,0.602352,0.36410373
1783532938.3039,72,neck_3_joint,-0.015525873,0.6491245,0.094527155,0.5834562,0.40244436,0.59441507,0.3798531
1783532938.3039,72,neck_4_joint,-0.01674913,0.68597245,0.11004278,0.56764865,0.42271504,0.58410364,0.3973791
1783532938.3039,72,head_joint,-0.018549735,0.72955793,0.12571664,0.5093102,0.4896653,0.53664804,0.4613458
1783532938.3039,72,jaw_joint,-0.017143458,0.70423543,0.12832333,0.5093102,0.4896653,0.53664804,0.4613458
1783532938.3039,72,chin_joint,-0.014004883,0.64506066,0.22313102,0.5093102,0.4896653,0.53664804,0.4613458
1783532938.3039,72,left_eye_joint,0.0121905105,0.7555583,0.21507812,0.5135613,0.48520488,0.54065114,0.456648
1783532938.3039,72,left_eyeLowerLid_joint,0.0121905105,0.7555583,0.21507812,0.5135613,0.48520488,0.54065114,0.456648
1783532938.3039,72,left_eyeUpperLid_joint,0.0121905105,0.7555583,0.21507812,0.5135613,0.48520488,0.54065114,0.456648
1783532938.3039,72,left_eyeball_joint,0.0121905105,0.7555583,0.21507812,0.5135613,0.48520488,0.54065114,0.456648
1783532938.3039,72,nose_joint,-0.018151265,0.7191326,0.23522078,0.51356393,0.4852022,0.5406535,0.45664516
1783532938.3039,72,right_eye_joint,-0.052344326,0.7519633,0.2149707,0.5135613,0.48520488,0.54065114,0.456648
1783532938.3039,72,right_eyeLowerLid_joint,-0.052344326,0.7519633,0.2149707,0.5135613,0.48520488,0.54065114,0.456648
1783532938.3039,72,right_eyeUpperLid_joint,-0.052344326,0.7519633,0.2149707,0.5135613,0.48520488,0.54065114,0.456648
1783532938.3039,72,right_eyeball_joint,-0.052344326,0.7519633,0.2149707,0.5135613,0.48520488,0.54065114,0.456648
1783532938.3039,72,right_shoulder_1_joint,-0.103591345,0.56396514,0.06064348,0.7530166,0.16052973,0.08418961,0.63254154
1783532938.3039,72,right_arm_joint,-0.23910858,0.5134489,0.07170945,0.66969794,0.49946773,0.36039564,0.4149122
1783532938.3039,72,right_forearm_joint,-0.30328935,0.2559612,0.05355805,0.479075,0.7018825,0.24361956,0.4674379
1783532938.3039,72,right_hand_joint,-0.27542597,0.014717217,0.16684236,0.10129522,0.41393453,0.6169667,0.6616268
1783532938.3039,72,right_handIndexStart_joint,-0.26255137,-0.001384077,0.18686517,0.05897606,0.45814216,0.62291145,0.63135517
1783532938.3039,72,right_handIndex_1_joint,-0.24682444,-0.068892576,0.22742394,0.05897606,0.45814216,0.62291145,0.63135517
1783532938.3039,72,right_handIndex_2_joint,-0.23768039,-0.10814194,0.25100428,0.05897606,0.45814216,0.62291145,0.63135517
1783532938.3039,72,right_handIndex_3_joint,-0.23256034,-0.13012177,0.26420993,0.05897606,0.45814216,0.62291145,0.63135517
1783532938.3039,72,right_handIndexEnd_joint,-0.22890316,-0.14582138,0.27364248,0.05897606,0.45814216,0.62291145,0.63135517
1783532938.3039,72,right_handMidStart_joint,-0.27084324,-0.007883894,0.1796284,0.10069177,0.4145157,0.6173026,0.66104156
1783532938.3039,72,right_handMid_1_joint,-0.262803,-0.07626769,0.21183683,0.10069177,0.4145157,0.6173026,0.66104156
1783532938.3039,72,right_handMid_2_joint,-0.25715348,-0.124320485,0.23446992,0.10069177,0.4145157,0.6173026,0.66104156
1783532938.3039,72,right_handMid_3_joint,-0.25389388,-0.15204343,0.24752739,0.10069177,0.4145157,0.6173026,0.66104156
1783532938.3039,72,right_handMidEnd_joint,-0.2517211,-0.17052504,0.2562324,0.10069178,0.4145157,0.6173026,0.66104156
1783532938.3039,72,right_handPinkyStart_joint,-0.2872477,-0.01836176,0.1598771,0.1765412,0.33719143,0.627484,0.6792639
1783532938.3039,72,right_handPinky_1_joint,-0.28630358,-0.08005334,0.17489693,0.1765412,0.33719143,0.627484,0.6792639
1783532938.3039,72,right_handPinky_2_joint,-0.2857208,-0.11815765,0.1841745,0.1765412,0.33719143,0.627484,0.6792639
1783532938.3039,72,right_handPinky_3_joint,-0.28541496,-0.13811678,0.18903351,0.1765412,0.33719143,0.627484,0.6792639
1783532938.3039,72,right_handPinkyEnd_joint,-0.28513736,-0.15626128,0.193451,0.1765412,0.33719143,0.627484,0.6792639
1783532938.3039,72,right_handRingStart_joint,-0.27833092,-0.013225689,0.17060052,0.13946126,0.37697485,0.6229933,0.6710592
1783532938.3039,72,right_handRing_1_joint,-0.2741078,-0.07897504,0.19380373,0.13946126,0.37697485,0.6229933,0.6710592
1783532938.3039,72,right_handRing_2_joint,-0.27112666,-0.12538595,0.21018213,0.13946126,0.37697485,0.6229933,0.6710592
1783532938.3039,72,right_handRing_3_joint,-0.26926374,-0.15439312,0.22041915,0.13946126,0.37697485,0.6229933,0.6710592
1783532938.3039,72,right_handRingEnd_joint,-0.26802108,-0.17373177,0.2272433,0.13946126,0.37697485,0.6229933,0.6710592
1783532938.3039,72,right_handThumbStart_joint,-0.25293446,-0.0016435324,0.1804066,0.22959746,0.9070507,0.13900043,0.32438147
1783532938.3039,72,right_handThumb_1_joint,-0.21620049,-0.028853688,0.2085759,0.22959746,0.9070507,0.13900042,0.32438147
1783532938.3039,72,right_handThumb_2_joint,-0.18994337,-0.04830085,0.22871202,0.22959748,0.9070507,0.1390004,0.32438147
1783532938.3039,72,right_handThumbEnd_joint,-0.17243844,-0.061265912,0.24213535,0.2295975,0.9070507,0.13900037,0.32438147
1783532938.3039,72,camera,0.11120558,0.0731125,-0.016196433,-0.07211283,-0.07655148,-0.7004113,0.7059487
1783532938.3371,73,root,-0.00065421814,0.02164447,-0.0007325047,-0.032364372,-0.011398755,-0.004288291,0.9994019
1783532938.3371,73,hips_joint,-0.00065421814,0.02164447,-0.0007325047,-0.032364372,-0.011398755,-0.004288291,0.9994019
1783532938.3371,73,left_upLeg_joint,0.09960185,-0.004006245,0.0041556405,0.57522315,-0.39852673,0.6127642,-0.36717126
1783532938.3371,73,left_leg_joint,0.07071135,-0.3865606,0.17777433,-0.26918063,0.63819563,-0.3418212,0.6351426
1783532938.3371,73,left_foot_joint,0.04863673,-0.7422492,-0.10880479,0.6054667,-0.33639416,0.66076916,-0.2891938
1783532938.3371,73,left_toes_joint,0.033800058,-0.85991454,-0.018553933,0.65825075,-0.21553941,0.7036042,-0.15871236
1783532938.3371,73,left_toesEnd_joint,0.02876367,-0.8906753,0.033485163,0.6582508,-0.2155392,0.7036042,-0.15871257
1783532938.3371,73,right_upLeg_joint,-0.101418465,-0.0024262785,-0.0004813703,0.3691865,0.5421092,0.42630866,0.6229605
1783532938.3371,73,right_leg_joint,-0.121949695,-0.39464328,0.15138608,0.5841715,0.28720486,0.6863582,0.3242983
1783532938.3371,73,right_foot_joint,-0.072949,-0.7516733,-0.13014166,0.2827503,0.58633983,0.34031764,0.6785585
1783532938.3371,73,right_toes_joint,-0.08498764,-0.86991894,-0.040233478,0.16649331,0.62930304,0.20553766,0.73076123
1783532938.3371,73,right_toesEnd_joint,-0.09247695,-0.90085226,0.011406188,0.16649383,0.6293031,0.20553723,0.7307611
1783532938.3371,73,spine_1_joint,-0.00065423787,0.02164447,-0.00073250517,0.47369143,0.5198936,0.48910892,0.51584864
1783532938.3371,73,spine_2_joint,-0.0017496663,0.07903334,-0.0049338387,0.4713537,0.52712613,0.4906714,0.5091223
1783532938.3371,73,spine_3_joint,-0.0038929635,0.13638759,-0.009203337,0.47918382,0.5212357,0.50249857,0.49617693
1783532938.3371,73,spine_4_joint,-0.006459878,0.18934585,-0.01109588,0.5002382,0.5017921,0.5232686,0.4734517
1783532938.3371,73,spine_5_joint,-0.010070951,0.25964418,-0.007910435,0.5405967,0.45910975,0.55748194,0.43149456
1783532938.3371,73,spine_6_joint,-0.014107282,0.35125843,0.012009861,0.55755144,0.43984112,0.5700602,0.41316754
1783532938.3371,73,spine_7_joint,-0.018035896,0.45402882,0.041861143,0.5599628,0.4426135,0.5605517,0.4199009
1783532938.3371,73,left_shoulder_1_joint,0.06889065,0.5661339,0.06381173,-0.6094441,0.09006299,-0.11998028,0.7785059
1783532938.3371,73,left_arm_joint,0.20741126,0.52311397,0.06468397,-0.36340195,0.4395883,-0.46041852,0.68023235
1783532938.3371,73,left_forearm_joint,0.25783,0.27152333,-0.0053796195,-0.44474113,0.335668,-0.6113245,0.5619742
1783532938.3371,73,left_hand_joint,0.26512384,0.007393665,0.039234422,0.69339085,-0.6359811,0.28621432,-0.18115944
1783532938.3371,73,left_handIndexStart_joint,0.25526586,-0.015050113,0.056310732,0.6730828,-0.6467838,0.3302789,-0.13980842
1783532938.3371,73,left_handIndex_1_joint,0.2508627,-0.09239154,0.077493325,0.6730828,-0.6467838,0.3302789,-0.13980842
1783532938.3371,73,left_handIndex_2_joint,0.2483027,-0.1373575,0.089808784,0.6730828,-0.6467838,0.3302789,-0.13980842
1783532938.3371,73,left_handIndex_3_joint,0.24686912,-0.16253842,0.096705444,0.6730828,-0.6467838,0.3302789,-0.13980842
1783532938.3371,73,left_handIndexEnd_joint,0.24584512,-0.1805248,0.10163163,0.6730828,-0.6467838,0.3302789,-0.13980842
1783532938.3371,73,left_handMidStart_joint,0.2632453,-0.018284708,0.046863962,0.69405824,-0.6356505,0.2841566,-0.18299416
1783532938.3371,73,left_handMid_1_joint,0.26555672,-0.09326235,0.059163302,0.69405824,-0.6356505,0.2841566,-0.18299416
1783532938.3371,73,left_handMid_2_joint,0.26718092,-0.14594935,0.06780609,0.69405824,-0.6356505,0.2841566,-0.18299416
1783532938.3371,73,left_handMid_3_joint,0.26811796,-0.17634569,0.07279231,0.69405824,-0.6356505,0.2841566,-0.18299416
1783532938.3371,73,left_handMidEnd_joint,0.26874265,-0.19660991,0.07611645,0.69405824,-0.6356505,0.2841566,-0.18299416
1783532938.3371,73,left_handPinkyStart_joint,0.2781731,-0.02094493,0.023645708,0.6981252,-0.63779306,0.2012529,-0.2556146
1783532938.3371,73,left_handPinky_1_joint,0.28486836,-0.08402751,0.020784402,0.6981252,-0.63779306,0.2012529,-0.2556146
1783532938.3371,73,left_handPinky_2_joint,0.28900364,-0.12299027,0.019017125,0.6981252,-0.63779306,0.2012529,-0.2556146
1783532938.3371,73,left_handPinky_3_joint,0.29116976,-0.14339934,0.018091409,0.6981252,-0.63779306,0.2012529,-0.2556146
1783532938.3371,73,left_handPinkyEnd_joint,0.29313895,-0.16195305,0.017249847,0.6981252,-0.63779306,0.2012529,-0.2556146
1783532938.3371,73,left_handRingStart_joint,0.27011082,-0.020029241,0.036097202,0.69695956,-0.6374629,0.24363536,-0.22029631
1783532938.3371,73,left_handRing_1_joint,0.27490023,-0.08959544,0.040200736,0.69695956,-0.6374629,0.24363536,-0.22029631
1783532938.3371,73,left_handRing_2_joint,0.278281,-0.13870099,0.04309735,0.69695956,-0.6374629,0.24363536,-0.22029631
1783532938.3371,73,left_handRing_3_joint,0.280394,-0.16939197,0.044907738,0.69695956,-0.6374629,0.24363536,-0.22029631
1783532938.3371,73,left_handRingEnd_joint,0.28180265,-0.18985261,0.046114657,0.69695956,-0.6374629,0.24363536,-0.22029631
1783532938.3371,73,left_handThumbStart_joint,0.24503423,-0.014749651,0.050881576,0.3422282,-0.25715742,0.84702915,-0.315106
1783532938.3371,73,left_handThumb_1_joint,0.21458022,-0.05286631,0.07330785,0.3422282,-0.25715742,0.84702915,-0.315106
1783532938.3371,73,left_handThumb_2_joint,0.19281143,-0.08010993,0.08933923,0.3422282,-0.25715742,0.84702915,-0.315106
1783532938.3371,73,left_handThumbEnd_joint,0.17829889,-0.09827234,0.10002681,0.3422282,-0.2571574,0.84702915,-0.315106
1783532938.3371,73,neck_1_joint,-0.02090634,0.5852629,0.06970831,0.60528207,0.37551343,0.60804516,0.35057756
1783532938.3371,73,neck_2_joint,-0.0215501,0.6116904,0.083891846,0.59657675,0.38654268,0.60497636,0.35872692
1783532938.3371,73,neck_3_joint,-0.022783028,0.6475003,0.10167198,0.58004636,0.4080491,0.5962699,0.37617132
1783532938.3371,73,neck_4_joint,-0.024546381,0.6843793,0.1170614,0.5632989,0.4291156,0.5855609,0.39455462
1783532938.3371,73,head_joint,-0.027007377,0.7280328,0.1324535,0.50422156,0.4954837,0.5384037,0.45867035
1783532938.3371,73,jaw_joint,-0.025209406,0.70275253,0.13522337,0.50422156,0.4954837,0.5384037,0.45867035
1783532938.3371,73,chin_joint,-0.021094402,0.64425063,0.23041058,0.50422156,0.4954837,0.5384037,0.45867035
1783532938.3371,73,left_eye_joint,0.0033902526,0.75508386,0.22162014,0.5085237,0.4910674,0.5423833,0.45395732
1783532938.3371,73,left_eyeLowerLid_joint,0.0033902526,0.75508386,0.22162014,0.5085237,0.4910674,0.5423833,0.45395732
1783532938.3371,73,left_eyeUpperLid_joint,0.0033902526,0.75508386,0.22162014,0.5085237,0.4910674,0.5423833,0.45395732
1783532938.3371,73,left_eyeball_joint,0.0033902526,0.75508386,0.22162014,0.5085237,0.4910674,0.5423833,0.45395732
1783532938.3371,73,nose_joint,-0.026372962,0.71832687,0.24202266,0.5085262,0.49106473,0.54238576,0.45395446
1783532938.3371,73,right_eye_joint,-0.06108163,0.7504949,0.22158694,0.5085237,0.4910674,0.5423833,0.45395732
1783532938.3371,73,right_eyeLowerLid_joint,-0.06108163,0.7504949,0.22158694,0.5085237,0.4910674,0.5423833,0.45395732
1783532938.3371,73,right_eyeUpperLid_joint,-0.06108163,0.7504949,0.22158694,0.5085237,0.4910674,0.5423833,0.45395732
1783532938.3371,73,right_eyeball_joint,-0.06108163,0.7504949,0.22158694,0.5085237,0.4910674,0.5423833,0.45395732
1783532938.3371,73,right_shoulder_1_joint,-0.10974852,0.5614941,0.06719506,0.76452863,0.16571227,0.077204585,0.61812204
1783532938.3371,73,right_arm_joint,-0.2451023,0.51089704,0.07978687,0.67261547,0.51318645,0.36596945,0.38767865
1783532938.3371,73,right_forearm_joint,-0.29973906,0.25179714,0.054674964,0.49667236,0.70030004,0.26394975,0.4395762
1783532938.3371,73,right_hand_joint,-0.2675345,0.0032030486,0.14939655,0.13211669,0.40043575,0.63225085,0.64996594
1783532938.3371,73,right_handIndexStart_joint,-0.25403863,-0.014209327,0.16785166,0.08867143,0.44385558,0.6402619,0.6206406
1783532938.3371,73,right_handIndex_1_joint,-0.23686127,-0.084357135,0.20297956,0.08867143,0.44385558,0.6402619,0.6206406
1783532938.3371,73,right_handIndex_2_joint,-0.22687396,-0.12514095,0.2234024,0.08867143,0.44385558,0.6402619,0.6206406
1783532938.3371,73,right_handIndex_3_joint,-0.22128166,-0.14798014,0.23483986,0.08867143,0.44385558,0.6402619,0.6206406
1783532938.3371,73,right_handIndexEnd_joint,-0.21728714,-0.16429356,0.2430094,0.08867143,0.44385558,0.6402619,0.6206406
1783532938.3371,73,right_handMidStart_joint,-0.26248726,-0.020229353,0.16038485,0.13149513,0.40099457,0.63261366,0.64939415
1783532938.3371,73,right_handMid_1_joint,-0.2532139,-0.09070257,0.18732738,0.13149513,0.40099457,0.63261366,0.64939415
1783532938.3371,73,right_handMid_2_joint,-0.24669787,-0.14022364,0.20626017,0.13149513,0.40099457,0.63261366,0.64939415
1783532938.3371,73,right_handMid_3_joint,-0.24293838,-0.16879365,0.21718284,0.13149513,0.40099457,0.63261366,0.64939415
1783532938.3371,73,right_handMidEnd_joint,-0.24043235,-0.18783998,0.2244647,0.13149513,0.40099457,0.63261366,0.64939415
1783532938.3371,73,right_handPinkyStart_joint,-0.2793611,-0.029371321,0.14036725,0.20832983,0.32384434,0.63903046,0.6658558
1783532938.3371,73,right_handPinky_1_joint,-0.27768028,-0.09197897,0.15084542,0.20832983,0.32384434,0.63903046,0.6658558
1783532938.3371,73,right_handPinky_2_joint,-0.27664244,-0.13064913,0.1573178,0.20832983,0.32384434,0.63903046,0.6658558
1783532938.3371,73,right_handPinky_3_joint,-0.2760983,-0.15090461,0.16070743,0.20832983,0.32384434,0.63903046,0.6658558
1783532938.3371,73,right_handPinkyEnd_joint,-0.275604,-0.16931854,0.16378915,0.20832983,0.32384434,0.63903046,0.6658558
1783532938.3371,73,right_handRingStart_joint,-0.2701865,-0.024958998,0.1511949,0.17079388,0.36353296,0.63645387,0.65848327
1783532938.3371,73,right_handRing_1_joint,-0.26498562,-0.09218146,0.1694511,0.17079388,0.36353296,0.63645387,0.65848327
1783532938.3371,73,right_handRing_2_joint,-0.26131427,-0.13963221,0.18233752,0.17079388,0.36353296,0.63645387,0.65848327
1783532938.3371,73,right_handRing_3_joint,-0.25902,-0.16928932,0.19039203,0.17079388,0.36353296,0.63645387,0.65848327
1783532938.3371,73,right_handRingEnd_joint,-0.25748974,-0.1890612,0.19576113,0.17079388,0.36353296,0.63645387,0.65848327
1783532938.3371,73,right_handThumbStart_joint,-0.24459793,-0.013930576,0.1611389,0.24014875,0.9063991,0.16972078,0.30325648
1783532938.3371,73,right_handThumb_1_joint,-0.2069724,-0.04283676,0.18627924,0.24014874,0.9063991,0.16972077,0.30325648
1783532938.3371,73,right_handThumb_2_joint,-0.18007798,-0.0634963,0.20425043,0.24014874,0.9063991,0.16972075,0.30325648
1783532938.3371,73,right_handThumbEnd_joint,-0.16214822,-0.07726956,0.21623045,0.24014875,0.9063991,0.16972072,0.30325648
1783532938.3371,73,camera,0.11132857,0.073158756,-0.015977714,-0.072212175,-0.07668412,-0.7004644,0.7058715
1783532938.3704,74,root,-0.00054680096,0.020821162,-0.002912036,-0.029375194,-0.010351651,-0.0040471302,0.99950665
1783532938.3704,74,hips_joint,-0.00054680096,0.020821162,-0.002912036,-0.029375194,-0.010351651,-0.0040471302,0.99950665
1783532938.3704,74,left_upLeg_joint,0.09973148,-0.004809265,0.0016135594,0.56753194,-0.4061255,0.6094472,-0.3762233
1783532938.3704,74,left_leg_joint,0.069105834,-0.39203456,0.1642317,-0.2695496,0.63494885,-0.3453015,0.6363569
1783532938.3704,74,left_foot_joint,0.04862484,-0.7495433,-0.12019319,0.6037548,-0.33361062,0.6642576,-0.28800356
1783532938.3704,74,left_toes_joint,0.03296629,-0.8666011,-0.029293412,0.65604234,-0.21313083,0.7068039,-0.15688251
1783532938.3704,74,left_toesEnd_joint,0.027507653,-0.8970172,0.02290553,0.6560424,-0.21313061,0.7068039,-0.15688272
1783532938.3704,74,right_upLeg_joint,-0.101298794,-0.0032999848,-0.0025950037,0.36511725,0.54817617,0.43176144,0.6162584
1783532938.3704,74,right_leg_joint,-0.11231877,-0.39594844,0.1491456,0.57390445,0.3110309,0.6817282,0.33036348
1783532938.3704,74,right_foot_joint,-0.05607499,-0.7651962,-0.11471432,0.25997484,0.5987643,0.3329325,0.68047786
1783532938.3704,74,right_toes_joint,-0.06520681,-0.8791211,-0.019068193,0.14177577,0.63718545,0.19792269,0.731246
1783532938.3704,74,right_toesEnd_joint,-0.071857706,-0.90763944,0.03405511,0.14177626,0.63718563,0.19792226,0.7312459
1783532938.3704,74,spine_1_joint,-0.00054682075,0.020821162,-0.0029120361,0.474241,0.51974976,0.4892877,0.51531833
1783532938.3704,74,spine_2_joint,-0.0016452055,0.07821583,-0.007032389,0.47165588,0.52688426,0.49043247,0.50932264
1783532938.3704,74,spine_3_joint,-0.003732193,0.13557261,-0.011295754,0.47955728,0.52048403,0.5024495,0.4966545
1783532938.3704,74,spine_4_joint,-0.0062107877,0.18853617,-0.0131576825,0.5006893,0.5005372,0.5233973,0.47416025
1783532938.3704,74,spine_5_joint,-0.009663227,0.25883898,-0.009896133,0.5408315,0.4577056,0.5576384,0.43248865
1783532938.3704,74,spine_6_joint,-0.013492086,0.35044715,0.010092856,0.55756944,0.43818864,0.5706098,0.41413936
1783532938.3704,74,spine_7_joint,-0.017246673,0.45318836,0.040066775,0.5593325,0.44109952,0.56174505,0.42073843
1783532938.3704,74,left_shoulder_1_joint,0.069710225,0.5651715,0.06251411,-0.6023244,0.08220696,-0.104944766,0.7870413
1783532938.3704,74,left_arm_joint,0.20960453,0.5268461,0.06208201,-0.3581928,0.44739604,-0.44940302,0.685253
1783532938.3704,74,left_forearm_joint,0.26167068,0.27777174,-0.01537672,-0.44883788,0.33698642,-0.5974725,0.5727228
1783532938.3704,74,left_hand_joint,0.27746314,0.0133181,0.024909167,0.70313144,-0.6286977,0.27435812,-0.187278
1783532938.3704,74,left_handIndexStart_joint,0.26849002,-0.009679906,0.041734092,0.6835738,-0.6399162,0.31907386,-0.14637733
1783532938.3704,74,left_handIndex_1_joint,0.26667488,-0.087442204,0.061721995,0.6835738,-0.6399162,0.31907386,-0.14637733
1783532938.3704,74,left_handIndex_2_joint,0.26561958,-0.13265285,0.07334287,0.6835738,-0.6399162,0.31907386,-0.14637733
1783532938.3704,74,left_handIndex_3_joint,0.2650286,-0.1579708,0.079850554,0.6835738,-0.6399162,0.31907386,-0.14637733
1783532938.3704,74,left_handIndexEnd_joint,0.26460648,-0.17605506,0.0844989,0.6835738,-0.6399162,0.31907386,-0.14637733
1783532938.3704,74,left_handMidStart_joint,0.27645114,-0.01252202,0.032146666,0.70376724,-0.62835145,0.27227172,-0.18908846
1783532938.3704,74,left_handMid_1_joint,0.28117055,-0.08757858,0.043214727,0.70376724,-0.62835145,0.27227172,-0.18908846
1783532938.3704,74,left_handMid_2_joint,0.2844869,-0.14032102,0.050992277,0.70376724,-0.62835145,0.27227172,-0.18908846
1783532938.3704,74,left_handMid_3_joint,0.28640017,-0.17074935,0.05547933,0.70376724,-0.62835145,0.27227172,-0.18908846
1783532938.3704,74,left_handMidEnd_joint,0.28767568,-0.1910349,0.058470696,0.70376724,-0.62835145,0.27227172,-0.18908846
1783532938.3704,74,left_handPinkyStart_joint,0.2911766,-0.014362979,0.008720746,0.7068091,-0.63019526,0.18824118,-0.26046142
1783532938.3704,74,left_handPinky_1_joint,0.29973903,-0.07716041,0.004772112,0.7068091,-0.63019526,0.18824118,-0.26046142
1783532938.3704,74,left_handPinky_2_joint,0.30502757,-0.11594705,0.0023332494,0.7068091,-0.63019526,0.18824118,-0.26046142
1783532938.3704,74,left_handPinky_3_joint,0.30779776,-0.13626386,0.0010557504,0.7068091,-0.63019526,0.18824118,-0.26046142
1783532938.3704,74,left_handPinkyEnd_joint,0.31031615,-0.15473369,-0.000105612795,0.7068091,-0.63019526,0.18824118,-0.26046142
1783532938.3704,74,left_handRingStart_joint,0.28323826,-0.013888072,0.02127606,0.70616466,-0.63001436,0.23116098,-0.2257834
1783532938.3704,74,left_handRing_1_joint,0.290174,-0.0833325,0.024208557,0.70616466,-0.63001436,0.23116098,-0.2257834
1783532938.3704,74,left_handRing_2_joint,0.29506987,-0.1323521,0.026278555,0.70616466,-0.63001436,0.23116098,-0.2257834
1783532938.3704,74,left_handRing_3_joint,0.29812977,-0.16298935,0.027572302,0.70616466,-0.63001436,0.23116098,-0.2257834
1783532938.3704,74,left_handRingEnd_joint,0.30016968,-0.18341419,0.0284348,0.70616466,-0.63001436,0.23116098,-0.2257834
1783532938.3704,74,left_handThumbStart_joint,0.25819042,-0.009605226,0.036426973,0.348478,-0.2604798,0.8380946,-0.32910615
1783532938.3704,74,left_handThumb_1_joint,0.22916865,-0.04897649,0.05858328,0.348478,-0.2604798,0.8380946,-0.32910615
1783532938.3704,74,left_handThumb_2_joint,0.20842357,-0.07711692,0.07442172,0.348478,-0.2604798,0.8380946,-0.32910615
1783532938.3704,74,left_handThumbEnd_joint,0.19459352,-0.095877215,0.084980674,0.348478,-0.26047978,0.8380946,-0.32910615
1783532938.3704,74,neck_1_joint,-0.020089405,0.5843896,0.06807115,0.60323507,0.37624928,0.6077808,0.3537603
1783532938.3704,74,neck_2_joint,-0.020747067,0.6109081,0.082083106,0.5933992,0.3890795,0.60333407,0.36398116
1783532938.3704,74,neck_3_joint,-0.021978661,0.6469466,0.09939514,0.5759285,0.41178885,0.59346193,0.38280442
1783532938.3704,74,neck_4_joint,-0.023720028,0.6840939,0.11412769,0.55875087,0.4331791,0.58213073,0.4015929
1783532938.3704,74,head_joint,-0.026137143,0.7280411,0.12866737,0.49924362,0.49902603,0.53413194,0.46522206
1783532938.3704,74,jaw_joint,-0.02441449,0.70281446,0.13193022,0.49924362,0.49902603,0.53413194,0.46522206
1783532938.3704,74,chin_joint,-0.02085297,0.64614373,0.2282408,0.49924362,0.49902603,0.53413194,0.46522206
1783532938.3704,74,left_eye_joint,0.003947148,0.7567276,0.21742816,0.50357676,0.49465305,0.53816897,0.46054608
1783532938.3704,74,left_eyeLowerLid_joint,0.003947148,0.7567276,0.21742816,0.50357676,0.49465305,0.53816897,0.46054608
1783532938.3704,74,left_eyeUpperLid_joint,0.003947148,0.7567276,0.21742816,0.50357676,0.49465305,0.53816897,0.46054608
1783532938.3704,74,left_eyeball_joint,0.003947148,0.7567276,0.21742816,0.50357676,0.49465305,0.53816897,0.46054608
1783532938.3704,74,nose_joint,-0.025995098,0.7204421,0.23840445,0.50357944,0.49465036,0.53817135,0.46054322
1783532938.3704,74,right_eye_joint,-0.060535286,0.7522954,0.21720468,0.50357676,0.49465305,0.53816897,0.46054608
1783532938.3704,74,right_eyeLowerLid_joint,-0.060535286,0.7522954,0.21720468,0.50357676,0.49465305,0.53816897,0.46054608
1783532938.3704,74,right_eyeUpperLid_joint,-0.060535286,0.7522954,0.21720468,0.50357676,0.49465305,0.53816897,0.46054608
1783532938.3704,74,right_eyeball_joint,-0.060535286,0.7522954,0.21720468,0.50357676,0.49465305,0.53816897,0.46054608
1783532938.3704,74,right_shoulder_1_joint,-0.108946085,0.5607198,0.065167025,0.77501,0.14633256,0.07103931,0.6106552
1783532938.3704,74,right_arm_joint,-0.24631932,0.51523536,0.07511815,0.6813982,0.4971611,0.37710884,0.38251308
1783532938.3704,74,right_forearm_joint,-0.30516595,0.25828567,0.03958739,0.5270754,0.6707235,0.27753112,0.4419255
1783532938.3704,74,right_hand_joint,-0.29075253,0.0030865096,0.120048285,0.15498376,0.36864132,0.62529767,0.6701392
1783532938.3704,74,right_handIndexStart_joint,-0.278865,-0.016172687,0.13775957,0.11193908,0.4135043,0.63489985,0.642951
1783532938.3704,74,right_handIndex_1_joint,-0.26696554,-0.08917424,0.1690472,0.11193908,0.4135043,0.63489985,0.642951
1783532938.3704,74,right_handIndex_2_joint,-0.26004675,-0.1316172,0.18723734,0.11193908,0.4135043,0.63489985,0.642951
1783532938.3704,74,right_handIndex_3_joint,-0.25617287,-0.15538552,0.19742444,0.11193908,0.4135043,0.63489985,0.642951
1783532938.3704,74,right_handIndexEnd_joint,-0.25340578,-0.17236261,0.2047009,0.11193908,0.4135043,0.63489985,0.642951
1783532938.3704,74,right_handMidStart_joint,-0.28744555,-0.02121297,0.12973812,0.1543582,0.36921558,0.6256858,0.6696049
1783532938.3704,74,right_handMid_1_joint,-0.28321865,-0.093572795,0.15264133,0.1543582,0.36921558,0.6256858,0.6696049
1783532938.3704,74,right_handMid_2_joint,-0.28024873,-0.14441957,0.1687357,0.1543582,0.36921558,0.6256858,0.6696049
1783532938.3704,74,right_handMid_3_joint,-0.2785351,-0.17375444,0.17802079,0.1543582,0.36921558,0.6256858,0.6696049
1783532938.3704,74,right_handMidEnd_joint,-0.27739295,-0.19331063,0.18421097,0.1543582,0.36921558,0.6256858,0.6696049
1783532938.3704,74,right_handPinkyStart_joint,-0.30426314,-0.02811175,0.108795814,0.22915336,0.28937915,0.630342,0.68294764
1783532938.3704,74,right_handPinky_1_joint,-0.30666715,-0.09120635,0.11555046,0.22915336,0.28937915,0.630342,0.68294764
1783532938.3704,74,right_handPinky_2_joint,-0.30815235,-0.13017729,0.11972298,0.22915336,0.28937915,0.630342,0.68294764
1783532938.3704,74,right_handPinky_3_joint,-0.30892977,-0.15059032,0.12190795,0.22915336,0.28937915,0.630342,0.68294764
1783532938.3704,74,right_handPinkyEnd_joint,-0.3096369,-0.16914746,0.12389452,0.22915336,0.28937915,0.630342,0.68294764
1783532938.3704,74,right_handRingStart_joint,-0.29515123,-0.024913795,0.12009298,0.19268732,0.3303526,0.6286634,0.67714196
1783532938.3704,74,right_handRing_1_joint,-0.29454365,-0.093277045,0.13442105,0.19268732,0.3303526,0.6286634,0.67714196
1783532938.3704,74,right_handRing_2_joint,-0.29411456,-0.14153303,0.1445347,0.19268732,0.3303526,0.6286634,0.67714196
1783532938.3704,74,right_handRing_3_joint,-0.29384676,-0.17169341,0.15085621,0.19268732,0.3303526,0.6286634,0.67714196
1783532938.3704,74,right_handRingEnd_joint,-0.2936675,-0.19180083,0.15506993,0.19268732,0.3303526,0.6286634,0.67714196
1783532938.3704,74,right_handThumbStart_joint,-0.26923713,-0.016089808,0.13131267,0.27435595,0.88907856,0.19022563,0.3131813
1783532938.3704,74,right_handThumb_1_joint,-0.23415886,-0.04868579,0.15560871,0.27435595,0.88907856,0.19022562,0.3131813
1783532938.3704,74,right_handThumb_2_joint,-0.20908508,-0.07198284,0.17297657,0.27435595,0.88907856,0.19022562,0.3131813
1783532938.3704,74,right_handThumbEnd_joint,-0.19236907,-0.0875144,0.18455437,0.27435595,0.88907856,0.19022559,0.3131813
1783532938.3704,74,camera,0.11148449,0.073162064,-0.015748719,-0.07227056,-0.076704755,-0.7005807,0.7057478
1783532938.4041,75,root,-0.00041368025,0.020134982,-0.0037514158,-0.026582925,-0.008956961,-0.0052986555,0.9995924
1783532938.4041,75,hips_joint,-0.00041368025,0.020134982,-0.0037514158,-0.026582925,-0.008956961,-0.0052986555,0.9995924
1783532938.4041,75,left_upLeg_joint,0.09981115,-0.005772891,0.00035920768,0.5604942,-0.4132433,0.60476017,-0.38644713
1783532938.4041,75,left_leg_joint,0.06906667,-0.39767322,0.15133898,-0.2758326,0.6285865,-0.35031602,0.6372394
1783532938.4041,75,left_foot_joint,0.05274782,-0.760427,-0.12664089,0.6047773,-0.32472754,0.66874933,-0.28560585
1783532938.4041,75,left_toes_joint,0.03704773,-0.8758929,-0.033734348,0.6553627,-0.20421496,0.71075976,-0.1536769
1783532938.4041,75,left_toesEnd_joint,0.031360216,-0.9053813,0.018969955,0.6553628,-0.20421475,0.71075976,-0.1536771
1783532938.4041,75,right_upLeg_joint,-0.10122524,-0.0037338303,-0.0032978605,0.3654,0.55217,0.43527508,0.6100218
1783532938.4041,75,right_leg_joint,-0.10597847,-0.39727926,0.14643127,0.5674439,0.33007663,0.6739434,0.3389055
1783532938.4041,75,right_foot_joint,-0.04821949,-0.77748686,-0.101026654,0.24314381,0.6097732,0.32153648,0.6824015
1783532938.4041,75,right_toes_joint,-0.05560873,-0.88707876,-0.00030189514,0.12316327,0.6448047,0.1863686,0.7309748
1783532938.4041,75,right_toesEnd_joint,-0.061613273,-0.913241,0.054095697,0.12316375,0.64480484,0.18636812,0.7309748
1783532938.4041,75,spine_1_joint,-0.00041370004,0.020134982,-0.0037514162,0.47568777,0.5193573,0.48682255,0.5167133
1783532938.4041,75,spine_2_joint,-0.0011881646,0.077526666,-0.00798538,0.4728921,0.5266777,0.4863687,0.5122781
1783532938.4041,75,spine_3_joint,-0.0027932033,0.1348744,-0.012567219,0.48084515,0.5202703,0.4974621,0.50063765
1783532938.4041,75,spine_4_joint,-0.0047190436,0.1878456,-0.01482357,0.5021031,0.50014865,0.5181257,0.4788417
1783532938.4041,75,spine_5_joint,-0.007343212,0.25820842,-0.012134839,0.5421771,0.45725513,0.55264795,0.437655
1783532938.4041,75,spine_6_joint,-0.010055176,0.35002163,0.0070813,0.55898017,0.43740118,0.5666647,0.4184644
1783532938.4041,75,spine_7_joint,-0.012702099,0.4529801,0.036421195,0.5604652,0.44000816,0.5597854,0.42297977
1783532938.4041,75,left_shoulder_1_joint,0.07498113,0.5644514,0.058589052,-0.59431386,0.08072572,-0.08507251,0.7956363
1783532938.4041,75,left_arm_joint,0.21604088,0.53089756,0.054623812,-0.3571411,0.461073,-0.42633864,0.69144577
1783532938.4041,75,left_forearm_joint,0.2722422,0.28647825,-0.033973034,-0.46109805,0.33972448,-0.5727813,0.5864278
1783532938.4041,75,left_hand_joint,0.30252758,0.022505473,0.00080120325,0.7211706,-0.61602503,0.25299117,-0.190845
1783532938.4041,75,left_handIndexStart_joint,0.29524794,-0.0012071251,0.017451223,0.70296377,-0.62750965,0.29891592,-0.15074208
1783532938.4041,75,left_handIndex_1_joint,0.2979594,-0.0792972,0.03600857,0.70296377,-0.62750965,0.29891592,-0.15074208
1783532938.4041,75,left_handIndex_2_joint,0.2995358,-0.12469841,0.046797726,0.70296377,-0.62750965,0.29891592,-0.15074208
1783532938.4041,75,left_handIndex_3_joint,0.30041862,-0.15012309,0.052839655,0.70296377,-0.62750965,0.29891592,-0.15074208
1783532938.4041,75,left_handIndexEnd_joint,0.30104917,-0.16828357,0.05715532,0.70296377,-0.62750965,0.29891592,-0.15074208
1783532938.4041,75,left_handMidStart_joint,0.303039,-0.0034746574,0.007575321,0.7217489,-0.61567163,0.25085342,-0.192613
1783532938.4041,75,left_handMid_1_joint,0.31185994,-0.07837637,0.017072134,0.7217489,-0.61567163,0.25085342,-0.192613
1783532938.4041,75,left_handMid_2_joint,0.3180584,-0.13101,0.02374557,0.7217489,-0.61567163,0.25085342,-0.192613
1783532938.4041,75,left_handMid_3_joint,0.32163444,-0.16137555,0.02759563,0.7217489,-0.61567163,0.25085342,-0.192613
1783532938.4041,75,left_handMidEnd_joint,0.32401848,-0.18161926,0.030162336,0.7217489,-0.61567163,0.25085342,-0.192613
1783532938.4041,75,left_handPinkyStart_joint,0.3171012,-0.0041587614,-0.016315864,0.7228969,-0.61777043,0.16499867,-0.26183096
1783532938.4041,75,left_handPinky_1_joint,0.32867566,-0.066362925,-0.021710226,0.7228969,-0.61777043,0.16499867,-0.26183096
1783532938.4041,75,left_handPinky_2_joint,0.33582455,-0.10478314,-0.025042035,0.7228969,-0.61777043,0.16499867,-0.26183096
1783532938.4041,75,left_handPinky_3_joint,0.3395692,-0.124908015,-0.026787268,0.7228969,-0.61777043,0.16499867,-0.26183096
1783532938.4041,75,left_handPinkyEnd_joint,0.34297344,-0.14320336,-0.028373847,0.7228969,-0.61777043,0.16499867,-0.26183096
1783532938.4041,75,left_handRingStart_joint,0.3095441,-0.0043054842,-0.0035194866,0.7232223,-0.6174633,0.20878452,-0.22824939
1783532938.4041,75,left_handRing_1_joint,0.32004252,-0.073349245,-0.0021137872,0.7232223,-0.6174633,0.20878452,-0.22824939
1783532938.4041,75,left_handRing_2_joint,0.3274532,-0.12208602,-0.00112153,0.7232223,-0.6174633,0.20878452,-0.22824939
1783532938.4041,75,left_handRing_3_joint,0.33208483,-0.1525465,-0.0005013687,0.7232223,-0.6174633,0.20878452,-0.22824939
1783532938.4041,75,left_handRingEnd_joint,0.3351726,-0.17285348,-8.79275e-05,0.7232223,-0.6174633,0.20878452,-0.22824939
1783532938.4041,75,left_handThumbStart_joint,0.28479725,-0.0015626573,0.012460366,0.36476442,-0.26423183,0.82167196,-0.34926197
1783532938.4041,75,left_handThumb_1_joint,0.25849137,-0.042734522,0.034734573,0.36476442,-0.26423183,0.82167196,-0.34926197
1783532938.4041,75,left_handThumb_2_joint,0.23968749,-0.07216206,0.050657343,0.36476442,-0.26423183,0.82167196,-0.34926197
1783532938.4041,75,left_handThumbEnd_joint,0.2271516,-0.09178043,0.061272513,0.36476442,-0.2642318,0.82167196,-0.34926197
1783532938.4041,75,neck_1_joint,-0.01469072,0.5842541,0.064157024,0.6040227,0.37604454,0.604496,0.3582344
1783532938.4041,75,neck_2_joint,-0.015100216,0.61087555,0.07798205,0.59393793,0.38977098,0.5986202,0.37009522
1783532938.4041,75,neck_3_joint,-0.01592162,0.6471192,0.09488533,0.5762587,0.41305363,0.58770776,0.3897592
1783532938.4041,75,neck_4_joint,-0.017202718,0.68448645,0.10909974,0.55899596,0.43460646,0.57595086,0.40855998
1783532938.4041,75,head_joint,-0.019071877,0.7286664,0.12300079,0.49935642,0.50052106,0.5271699,0.47139537
1783532938.4041,75,jaw_joint,-0.017636076,0.7034716,0.12662822,0.49935642,0.50052106,0.5271699,0.47139537
1783532938.4041,75,chin_joint,-0.0145065505,0.64817417,0.22374877,0.49935642,0.50052106,0.5271699,0.47139537
1783532938.4041,75,left_eye_joint,0.011557056,0.7582907,0.21126588,0.5037026,0.49614698,0.5312611,0.46677983
1783532938.4041,75,left_eyeLowerLid_joint,0.011557056,0.7582907,0.21126588,0.5037026,0.49614698,0.5312611,0.46677983
1783532938.4041,75,left_eyeUpperLid_joint,0.011557056,0.7582907,0.21126588,0.5037026,0.49614698,0.5312611,0.46677983
1783532938.4041,75,left_eyeball_joint,0.011557056,0.7582907,0.21126588,0.5037026,0.49614698,0.5312611,0.46677983
1783532938.4041,75,nose_joint,-0.01875663,0.7226681,0.23283665,0.5037052,0.49614435,0.5312635,0.4667771
1783532938.4041,75,right_eye_joint,-0.052973084,0.75461096,0.21125013,0.5037026,0.49614698,0.5312611,0.46677983
1783532938.4041,75,right_eyeLowerLid_joint,-0.052973084,0.75461096,0.21125013,0.5037026,0.49614698,0.5312611,0.46677983
1783532938.4041,75,right_eyeUpperLid_joint,-0.052973084,0.75461096,0.21125013,0.5037026,0.49614698,0.5312611,0.46677983
1783532938.4041,75,right_eyeball_joint,-0.052973084,0.75461096,0.21125013,0.5037026,0.49614698,0.5312611,0.46677983
1783532938.4041,75,right_shoulder_1_joint,-0.1036984,0.56114644,0.061351594,0.78306454,0.12498392,0.067965336,0.60545003
1783532938.4041,75,right_arm_joint,-0.24287593,0.520817,0.06786439,0.68836963,0.47649115,0.38814887,0.38528422
1783532938.4041,75,right_forearm_joint,-0.30793428,0.26677403,0.023388686,0.55113536,0.63924336,0.28415993,0.45483044
1783532938.4041,75,right_hand_joint,-0.31362653,0.008689174,0.09527812,0.16643259,0.3395108,0.61164653,0.6949253
1783532938.4041,75,right_handIndexStart_joint,-0.30375254,-0.011895955,0.112733096,0.12427511,0.38613442,0.62207663,0.6696839
1783532938.4041,75,right_handIndex_1_joint,-0.29795736,-0.086517334,0.14185017,0.12427511,0.38613442,0.62207663,0.6696839
1783532938.4041,75,right_handIndex_2_joint,-0.2945876,-0.12990208,0.15877835,0.12427511,0.38613442,0.62207663,0.6696839
1783532938.4041,75,right_handIndex_3_joint,-0.2927012,-0.15419778,0.16825874,0.12427511,0.38613442,0.62207663,0.6696839
1783532938.4041,75,right_handIndexEnd_joint,-0.29135373,-0.17155156,0.17503043,0.12427511,0.38613442,0.62207663,0.6696839
1783532938.4041,75,right_handMidStart_joint,-0.3123206,-0.016081741,0.10422185,0.16581012,0.34010914,0.6120499,0.69442624
1783532938.4041,75,right_handMid_1_joint,-0.31379846,-0.08927214,0.124699816,0.16581012,0.34010914,0.6120499,0.69442624
1783532938.4041,75,right_handMid_2_joint,-0.31483728,-0.14070255,0.13908999,0.16581012,0.34010914,0.6120499,0.69442624
1783532938.4041,75,right_handMid_3_joint,-0.31543636,-0.17037414,0.1473919,0.16581012,0.34010914,0.6120499,0.69442624
1783532938.4041,75,right_handMidEnd_joint,-0.31583604,-0.19015482,0.15292661,0.16581012,0.34010914,0.6120499,0.69442624
1783532938.4041,75,right_handPinkyStart_joint,-0.3287087,-0.021143364,0.08243162,0.23801035,0.25750908,0.61634785,0.70509243
1783532938.4041,75,right_handPinky_1_joint,-0.335542,-0.08411976,0.086860195,0.23801035,0.25750908,0.61634785,0.70509243
1783532938.4041,75,right_handPinky_2_joint,-0.339763,-0.12301767,0.08959598,0.23801035,0.25750908,0.61634785,0.70509243
1783532938.4041,75,right_handPinky_3_joint,-0.34197342,-0.14339246,0.091028415,0.23801035,0.25750908,0.61634785,0.70509243
1783532938.4041,75,right_handPinkyEnd_joint,-0.34398326,-0.16191483,0.09233084,0.23801035,0.25750908,0.61634785,0.70509243
1783532938.4041,75,right_handRingStart_joint,-0.3198632,-0.018937657,0.094169214,0.2028783,0.2998045,0.6148549,0.7006505
1783532938.4041,75,right_handRing_1_joint,-0.32434374,-0.08761845,0.10608844,0.2028783,0.2998045,0.6148549,0.7006505
1783532938.4041,75,right_handRing_2_joint,-0.32750627,-0.1360986,0.11450175,0.2028783,0.2998045,0.6148549,0.7006505
1783532938.4041,75,right_handRing_3_joint,-0.32948324,-0.16639908,0.1197605,0.2028783,0.2998045,0.6148549,0.7006505
1783532938.4041,75,right_handRingEnd_joint,-0.33080053,-0.18659993,0.12326575,0.2028783,0.2998045,0.6148549,0.7006505
1783532938.4041,75,right_handThumbStart_joint,-0.29389086,-0.012251058,0.10665969,0.30543205,0.86982125,0.20004626,0.33181873
1783532938.4041,75,right_handThumb_1_joint,-0.26203865,-0.047913093,0.13109192,0.30543205,0.86982125,0.20004624,0.33181873
1783532938.4041,75,right_handThumb_2_joint,-0.23927072,-0.07340179,0.14855719,0.30543205,0.86982125,0.20004623,0.33181873
1783532938.4041,75,right_handThumbEnd_joint,-0.22409193,-0.09039443,0.16019993,0.30543205,0.86982125,0.20004618,0.33181873
1783532938.4041,75,camera,0.11152795,0.072233304,-0.015690017,-0.0723596,-0.07670211,-0.7006258,0.70569426
1783532938.4371,76,root,-8.2645245e-05,0.01898032,-0.0043338565,-0.028514704,-0.0045349514,-0.006559589,0.9995616
1783532938.4371,76,hips_joint,-8.2645245e-05,0.01898032,-0.0043338565,-0.028514704,-0.0045349514,-0.006559589,0.9995616
1783532938.4371,76,left_upLeg_joint,0.10010222,-0.0071931025,-0.0010055699,0.5626212,-0.41794923,0.59842163,-0.38815913
1783532938.4371,76,left_leg_joint,0.07248641,-0.4008635,0.14591981,-0.28641015,0.6294162,-0.35608375,0.6284975
1783532938.4371,76,left_foot_joint,0.051486615,-0.77043027,-0.122611195,0.61361575,-0.3188577,0.6678987,-0.27516735
1783532938.4371,76,left_toes_joint,0.037251405,-0.8835275,-0.026606701,0.6629283,-0.19677626,0.7079461,-0.1435888
1783532938.4371,76,left_toesEnd_joint,0.032410033,-0.91168624,0.026903208,0.66292834,-0.19677605,0.7079461,-0.143589
1783532938.4371,76,right_upLeg_joint,-0.10095213,-0.0046034814,-0.0029035467,0.36312926,0.5621708,0.4307318,0.6054513
1783532938.4371,76,right_leg_joint,-0.09963336,-0.3961593,0.15202144,0.5660919,0.34892818,0.6615137,0.3466824
1783532938.4371,76,right_foot_joint,-0.045348957,-0.78657156,-0.079842344,0.23045401,0.6237796,0.3069559,0.68085825
1783532938.4371,76,right_toes_joint,-0.050319795,-0.89171225,0.025662078,0.10804876,0.65615207,0.17234479,0.7266961
1783532938.4371,76,right_toesEnd_joint,-0.055143673,-0.91550773,0.081250936,0.10804925,0.6561522,0.17234433,0.726696
1783532938.4371,76,spine_1_joint,-8.266502e-05,0.01898032,-0.0043338565,0.47686505,0.5213139,0.48194125,0.5182318
1783532938.4371,76,spine_2_joint,-0.0005471807,0.076343685,-0.008977281,0.47412747,0.5274281,0.48145434,0.5149997
1783532938.4371,76,spine_3_joint,-0.001695767,0.13366829,-0.013967646,0.48255083,0.5194095,0.49325222,0.50404453
1783532938.4371,76,spine_4_joint,-0.0030840784,0.18664424,-0.01649157,0.50429535,0.49749336,0.51508147,0.48257428
1783532938.4371,76,spine_5_joint,-0.0048913434,0.25703797,-0.013941627,0.5441954,0.45303747,0.551053,0.44153056
1783532938.4371,76,spine_6_joint,-0.006555448,0.34886292,0.0053378106,0.56009185,0.43259528,0.56632996,0.42240852
1783532938.4371,76,spine_7_joint,-0.0082319025,0.4517961,0.034837518,0.5596305,0.43598115,0.5605498,0.42722154
1783532938.4371,76,left_shoulder_1_joint,0.08012586,0.56257993,0.057760417,-0.59242326,0.074618585,-0.07436413,0.7987094
1783532938.4371,76,left_arm_joint,0.22195613,0.5325253,0.053251248,-0.36746326,0.45537806,-0.4088724,0.7003035
1783532938.4371,76,left_forearm_joint,0.28869438,0.2911855,-0.036469832,-0.48274037,0.31678897,-0.55411917,0.59963185
1783532938.4371,76,left_hand_joint,0.33832064,0.031150168,0.005086474,0.7464014,-0.5864767,0.2518899,-0.18836544
1783532938.4371,76,left_handIndexStart_joint,0.33287483,0.007429194,0.02241164,0.7282302,-0.5978776,0.29945078,-0.15017505
1783532938.4371,76,left_handIndex_1_joint,0.34136716,-0.06972716,0.04301656,0.7282302,-0.5978776,0.29945078,-0.15017505
1783532938.4371,76,left_handIndex_2_joint,0.34630454,-0.114585504,0.054996166,0.7282302,-0.5978776,0.29945078,-0.15017505
1783532938.4371,76,left_handIndex_3_joint,0.34906948,-0.13970616,0.061704744,0.7282302,-0.5978776,0.29945078,-0.15017505
1783532938.4371,76,left_handIndexEnd_joint,0.35104442,-0.1576495,0.06649659,0.7282302,-0.5978776,0.29945078,-0.15017505
1783532938.4371,76,left_handMidStart_joint,0.3407595,0.0054684756,0.012544355,0.7469835,-0.5861366,0.24968292,-0.1900476
1783532938.4371,76,left_handMid_1_joint,0.35506588,-0.06830942,0.023964094,0.7469835,-0.5861366,0.24968292,-0.1900476
1783532938.4371,76,left_handMid_2_joint,0.36511898,-0.120153345,0.031988777,0.7469835,-0.5861366,0.24968292,-0.1900476
1783532938.4371,76,left_handMid_3_joint,0.37091884,-0.1500633,0.0366184,0.7469835,-0.5861366,0.24968292,-0.1900476
1783532938.4371,76,left_handMidEnd_joint,0.37478542,-0.17000328,0.03970482,0.7469835,-0.5861366,0.24968292,-0.1900476
1783532938.4371,76,left_handPinkyStart_joint,0.3547109,0.0051640603,-0.011419513,0.74887145,-0.5895547,0.16139595,-0.25606307
1783532938.4371,76,left_handPinky_1_joint,0.3707611,-0.056156434,-0.015242089,0.74887145,-0.5895547,0.16139595,-0.25606307
1783532938.4371,76,left_handPinky_2_joint,0.38067442,-0.09403086,-0.01760309,0.74887145,-0.5895547,0.16139595,-0.25606307
1783532938.4371,76,left_handPinky_3_joint,0.38586715,-0.11386984,-0.018839806,0.74887145,-0.5895547,0.16139595,-0.25606307
1783532938.4371,76,left_handPinkyEnd_joint,0.3905878,-0.13190527,-0.019964093,0.74887145,-0.5895547,0.16139595,-0.25606307
1783532938.4371,76,left_handRingStart_joint,0.34725058,0.0048136828,0.0014296012,0.74886966,-0.5885462,0.20636702,-0.22409889
1783532938.4371,76,left_handRing_1_joint,0.36276126,-0.06322043,0.0045937966,0.74886966,-0.5885462,0.20636702,-0.22409889
1783532938.4371,76,left_handRing_2_joint,0.37370998,-0.11124451,0.0068273465,0.74886966,-0.5885462,0.20636702,-0.22409889
1783532938.4371,76,left_handRing_3_joint,0.38055292,-0.14125955,0.008223316,0.74886966,-0.5885462,0.20636702,-0.22409889
1783532938.4371,76,left_handRingEnd_joint,0.38511488,-0.16126959,0.009153961,0.74886966,-0.5885462,0.20636702,-0.22409889
1783532938.4371,76,left_handThumbStart_joint,0.32245228,0.006179857,0.01750635,0.38131416,-0.24080111,0.8107459,-0.37323657
1783532938.4371,76,left_handThumb_1_joint,0.29933274,-0.03617971,0.041052397,0.38131416,-0.24080111,0.8107459,-0.37323657
1783532938.4371,76,left_handThumb_2_joint,0.28280634,-0.06645622,0.057884224,0.38131413,-0.24080111,0.8107459,-0.37323657
1783532938.4371,76,left_handThumbEnd_joint,0.27178875,-0.08664057,0.06910544,0.38131416,-0.24080108,0.8107459,-0.37323657
1783532938.4371,76,neck_1_joint,-0.009433246,0.5830904,0.06252239,0.6028865,0.37238455,0.6048637,0.36331457
1783532938.4371,76,neck_2_joint,-0.009705067,0.6097461,0.07628468,0.59293425,0.38629904,0.59825855,0.37588397
1783532938.4371,76,neck_3_joint,-0.010276284,0.64606017,0.09304663,0.5754308,0.40955427,0.58705527,0.3956149
1783532938.4371,76,neck_4_joint,-0.011265773,0.6834936,0.10710934,0.558294,0.4311036,0.57508934,0.41440305
1783532938.4371,76,head_joint,-0.012767567,0.7277445,0.12082837,0.4990798,0.4969991,0.525614,0.47711766
1783532938.4371,76,jaw_joint,-0.011631033,0.7025499,0.12456205,0.4990798,0.4969991,0.525614,0.47711766
1783532938.4371,76,chin_joint,-0.009850719,0.64759755,0.22191231,0.4990798,0.4969991,0.525614,0.47711766
1783532938.4371,76,left_eye_joint,0.01749182,0.7573791,0.20921735,0.50339526,0.49262765,0.5297552,0.4725155
1783532938.4371,76,left_eyeLowerLid_joint,0.01749182,0.7573791,0.20921735,0.50339526,0.49262765,0.5297552,0.4725155
1783532938.4371,76,left_eyeUpperLid_joint,0.01749182,0.7573791,0.20921735,0.50339526,0.49262765,0.5297552,0.4725155
1783532938.4371,76,left_eyeball_joint,0.01749182,0.7573791,0.20921735,0.50339526,0.49262765,0.5297552,0.4725155
1783532938.4371,76,nose_joint,-0.013369838,0.7221673,0.23068525,0.5033978,0.49262488,0.5297576,0.47251266
1783532938.4371,76,right_eye_joint,-0.047072105,0.7543917,0.20871173,0.50339526,0.49262765,0.5297552,0.4725155
1783532938.4371,76,right_eyeLowerLid_joint,-0.047072105,0.7543917,0.20871173,0.50339526,0.49262765,0.5297552,0.4725155
1783532938.4371,76,right_eyeUpperLid_joint,-0.047072105,0.7543917,0.20871173,0.50339526,0.49262765,0.5297552,0.4725155
1783532938.4371,76,right_eyeball_joint,-0.047072105,0.7543917,0.20871173,0.50339526,0.49262765,0.5297552,0.4725155
1783532938.4371,76,right_shoulder_1_joint,-0.09859172,0.560684,0.058927726,0.7865321,0.10399666,0.06956908,0.6047412
1783532938.4371,76,right_arm_joint,-0.23909938,0.5247501,0.06129863,0.6931832,0.4518977,0.3925854,0.4014503
1783532938.4371,76,right_forearm_joint,-0.31446126,0.27427045,0.013038602,0.57026434,0.6046921,0.27614906,0.4825847
1783532938.4371,76,right_hand_joint,-0.3455936,0.018037071,0.08503547,0.16500664,0.31673804,0.58445525,0.7286028
1783532938.4371,76,right_handIndexStart_joint,-0.33834887,-0.0032143448,0.10297457,0.12469689,0.36572585,0.5948695,0.7048586
1783532938.4371,76,right_handIndex_1_joint,-0.3403364,-0.07788748,0.13246547,0.12469689,0.36572585,0.5948695,0.7048586
1783532938.4371,76,right_handIndex_2_joint,-0.34149146,-0.12130237,0.14961103,0.12469689,0.36572585,0.5948695,0.7048586
1783532938.4371,76,right_handIndex_3_joint,-0.342139,-0.14561488,0.1592131,0.12469689,0.36572585,0.5948695,0.7048586
1783532938.4371,76,right_handIndexEnd_joint,-0.34260148,-0.16298066,0.1660717,0.12469689,0.36572585,0.5948695,0.7048586
1783532938.4371,76,right_handMidStart_joint,-0.3468343,-0.0067024613,0.094074875,0.16440198,0.31737486,0.5848636,0.7281346
1783532938.4371,76,right_handMid_1_joint,-0.35553163,-0.07937892,0.11458969,0.16440198,0.31737486,0.5848636,0.7281346
1783532938.4371,76,right_handMid_2_joint,-0.36164355,-0.13044815,0.12900572,0.16440198,0.31737486,0.5848636,0.7281346
1783532938.4371,76,right_handMid_3_joint,-0.36516944,-0.15991138,0.13732256,0.16440198,0.31737486,0.5848636,0.7281346
1783532938.4371,76,right_handMidEnd_joint,-0.36752027,-0.17955314,0.14286722,0.16440201,0.31737486,0.5848636,0.7281346
1783532938.4371,76,right_handPinkyStart_joint,-0.36255336,-0.010472489,0.071542606,0.23285876,0.2315399,0.5905614,0.73715925
1783532938.4371,76,right_handPinky_1_joint,-0.3749521,-0.07260835,0.07575451,0.23285876,0.2315399,0.5905614,0.73715925
1783532938.4371,76,right_handPinky_2_joint,-0.3826107,-0.11098708,0.07835644,0.23285876,0.2315399,0.5905614,0.73715925
1783532938.4371,76,right_handPinky_3_joint,-0.38662168,-0.13108996,0.07971878,0.23285879,0.2315399,0.5905614,0.73715925
1783532938.4371,76,right_handPinkyEnd_joint,-0.39026845,-0.14936511,0.08095748,0.23285876,0.2315399,0.5905614,0.73715925
1783532938.4371,76,right_handRingStart_joint,-0.3541129,-0.008962128,0.08368168,0.1996227,0.2753904,0.5883505,0.73359036
1783532938.4371,76,right_handRing_1_joint,-0.3650104,-0.07693884,0.09549725,0.1996227,0.2753904,0.5883505,0.73359036
1783532938.4371,76,right_handRing_2_joint,-0.3727025,-0.12492201,0.10383741,0.1996227,0.2753904,0.5883505,0.73359036
1783532938.4371,76,right_handRing_3_joint,-0.37751052,-0.15491185,0.10905042,0.1996227,0.2753904,0.5883505,0.73359036
1783532938.4371,76,right_handRingEnd_joint,-0.38071516,-0.17490564,0.11252521,0.1996227,0.2753904,0.5883505,0.73359036
1783532938.4371,76,right_handThumbStart_joint,-0.3282793,-0.0044457293,0.09737524,0.3369431,0.8482544,0.19116317,0.3610966
1783532938.4371,76,right_handThumb_1_joint,-0.3007796,-0.042555295,0.123350464,0.3369431,0.8482544,0.19116314,0.3610966
1783532938.4371,76,right_handThumb_2_joint,-0.28112274,-0.06979348,0.14191866,0.3369431,0.8482544,0.19116314,0.3610966
1783532938.4371,76,right_handThumbEnd_joint,-0.26801795,-0.08795247,0.1542967,0.3369431,0.8482544,0.19116312,0.3610966
1783532938.4371,76,camera,0.1115426,0.07204065,-0.015673582,-0.0727118,-0.076971576,-0.7005616,0.70569247
1783532938.4706,77,root,2.0028765e-05,0.018409532,-0.004738447,-0.031772587,-0.0029124909,-0.00603726,0.9994727
1783532938.4706,77,hips_joint,2.0028765e-05,0.018409532,-0.004738447,-0.031772587,-0.0029124909,-0.00603726,0.9994727
1783532938.4706,77,left_upLeg_joint,0.10023972,-0.007650499,-0.0015725589,0.56836617,-0.41484088,0.5968504,-0.3855343
1783532938.4706,77,left_leg_joint,0.07638572,-0.4000221,0.14942932,-0.29781199,0.6279245,-0.36224502,0.62112606
1783532938.4706,77,left_foot_joint,0.05305336,-0.7768457,-0.108619146,0.62167144,-0.31065196,0.6682031,-0.26556486
1783532938.4706,77,left_toes_joint,0.040236607,-0.88730055,-0.009392414,0.6692828,-0.18719253,0.70642495,-0.1341027
1783532938.4706,77,left_toesEnd_joint,0.0361027,-0.9139933,0.04492214,0.66928285,-0.1871923,0.7064249,-0.13410291
1783532938.4706,77,right_upLeg_joint,-0.10082216,-0.0052562715,-0.0028201793,0.36178595,0.568852,0.430785,0.5999522
1783532938.4706,77,right_leg_joint,-0.09310072,-0.3962439,0.15334818,0.566143,0.36050785,0.65469116,0.34770054
1783532938.4706,77,right_foot_joint,-0.039515782,-0.7911148,-0.071006395,0.22335318,0.63292676,0.30095732,0.6774524
1783532938.4706,77,right_toes_joint,-0.042147208,-0.89402133,0.036760844,0.09934293,0.66378754,0.16710046,0.722215
1783532938.4706,77,right_toesEnd_joint,-0.04596435,-0.91666263,0.092907235,0.09934341,0.6637876,0.16709998,0.72221494
1783532938.4706,77,spine_1_joint,2.0008987e-05,0.018409532,-0.004738447,0.4759048,0.52341485,0.4786261,0.52006596
1783532938.4706,77,spine_2_joint,-0.0003306094,0.07573366,-0.009852571,0.47404978,0.5283354,0.47816953,0.51719666
1783532938.4706,77,spine_3_joint,-0.001226634,0.13302927,-0.015213867,0.48391387,0.51863265,0.49073383,0.5059918
1783532938.4706,77,spine_4_joint,-0.0022664538,0.18600717,-0.017861374,0.50710875,0.49481133,0.51369524,0.48385924
1783532938.4706,77,spine_5_joint,-0.0034977044,0.25640586,-0.01511347,0.5477086,0.44863468,0.5508142,0.44197986
1783532938.4706,77,spine_6_joint,-0.004368419,0.34809962,0.0048309704,0.5630581,0.42799443,0.5666497,0.42272264
1783532938.4706,77,spine_7_joint,-0.0052768122,0.45081452,0.035114944,0.56053305,0.43330863,0.5609764,0.4281961
1783532938.4706,77,left_shoulder_1_joint,0.083518825,0.56112844,0.05860505,-0.5908415,0.0713031,-0.0704512,0.8005367
1783532938.4706,77,left_arm_joint,0.22565381,0.5325456,0.054121483,-0.3747055,0.44775286,-0.39840266,0.7073816
1783532938.4706,77,left_forearm_joint,0.30055174,0.29337162,-0.03495658,-0.49589586,0.29825273,-0.54323775,0.6082974
1783532938.4706,77,left_hand_joint,0.36268768,0.037003174,0.012186355,0.76212287,-0.56512433,0.25435498,-0.18736897
1783532938.4706,77,left_handIndexStart_joint,0.35835233,0.013413119,0.029996976,0.743772,-0.57651484,0.30292848,-0.15056096
1783532938.4706,77,left_handIndex_1_joint,0.37053788,-0.06278629,0.05224446,0.743772,-0.57651484,0.30292848,-0.15056096
1783532938.4706,77,left_handIndex_2_joint,0.3776225,-0.10708827,0.06517904,0.743772,-0.57651484,0.30292848,-0.15056096
1783532938.4706,77,left_handIndex_3_joint,0.3815899,-0.13189737,0.07242241,0.743772,-0.57651484,0.30292848,-0.15056096
1783532938.4706,77,left_handIndexEnd_joint,0.38442373,-0.14961818,0.07759624,0.743772,-0.57651484,0.30292848,-0.15056096
1783532938.4706,77,left_handMidStart_joint,0.3663544,0.011633622,0.02019001,0.76271707,-0.5647912,0.25210482,-0.18899001
1783532938.4706,77,left_handMid_1_joint,0.3842109,-0.061100613,0.033195358,0.76271707,-0.5647912,0.25210482,-0.18899001
1783532938.4706,77,left_handMid_2_joint,0.39675876,-0.11221117,0.04233425,0.76271707,-0.5647912,0.25210482,-0.18899001
1783532938.4706,77,left_handMid_3_joint,0.40399787,-0.14169802,0.047606688,0.76271707,-0.5647912,0.25210482,-0.18899001
1783532938.4706,77,left_handMidEnd_joint,0.40882397,-0.16135593,0.051121645,0.76271707,-0.5647912,0.25210482,-0.18899001
1783532938.4706,77,left_handPinkyStart_joint,0.38037944,0.01150887,-0.0037324834,0.7654993,-0.56900454,0.16227406,-0.25280872
1783532938.4706,77,left_handPinky_1_joint,0.3994173,-0.049020227,-0.006225371,0.7654993,-0.56900454,0.16227406,-0.25280872
1783532938.4706,77,left_handPinky_2_joint,0.41117594,-0.08640585,-0.0077650943,0.7654993,-0.56900454,0.16227406,-0.25280872
1783532938.4706,77,left_handPinky_3_joint,0.41733524,-0.105988786,-0.008571616,0.7654993,-0.56900454,0.16227406,-0.25280872
1783532938.4706,77,left_handPinkyEnd_joint,0.4229346,-0.12379146,-0.009304819,0.7654993,-0.56900454,0.16227406,-0.25280872
1783532938.4706,77,left_handRingStart_joint,0.3729047,0.011063876,0.009105336,0.76507705,-0.5675651,0.20799984,-0.22195376
1783532938.4706,77,left_handRing_1_joint,0.3917096,-0.056049064,0.013738264,0.76507705,-0.5675651,0.20799984,-0.22195376
1783532938.4706,77,left_handRing_2_joint,0.40498364,-0.10342291,0.017008567,0.76507705,-0.5675651,0.20799984,-0.22195376
1783532938.4706,77,left_handRing_3_joint,0.4132799,-0.13303156,0.019052507,0.76507705,-0.5675651,0.20799984,-0.22195376
1783532938.4706,77,left_handRingEnd_joint,0.41881076,-0.15277065,0.020415135,0.76507705,-0.5675651,0.20799984,-0.22195376
1783532938.4706,77,left_handThumbStart_joint,0.3480187,0.011552991,0.025097074,0.38992643,-0.22236717,0.8043731,-0.38922307
1783532938.4706,77,left_handThumb_1_joint,0.32692158,-0.031382866,0.04948327,0.38992643,-0.22236717,0.8043731,-0.38922307
1783532938.4706,77,left_handThumb_2_joint,0.31184065,-0.062071316,0.066915594,0.38992643,-0.22236714,0.8043731,-0.38922307
1783532938.4706,77,left_handThumbEnd_joint,0.30178672,-0.08253029,0.07853714,0.38992643,-0.22236712,0.8043731,-0.38922307
1783532938.4706,77,neck_1_joint,-0.0059591183,0.5820281,0.06319749,0.60321504,0.3702362,0.6048147,0.3650423
1783532938.4706,77,neck_2_joint,-0.006131655,0.608675,0.07697838,0.5930663,0.38462564,0.59773016,0.3782248
1783532938.4706,77,neck_3_joint,-0.0065491116,0.64500976,0.09369987,0.57561296,0.40792918,0.5863956,0.39799953
1783532938.4706,77,neck_4_joint,-0.007370392,0.6824654,0.10771436,0.5585358,0.42949548,0.5743469,0.41676942
1783532938.4706,77,head_joint,-0.008666764,0.72674054,0.121375665,0.4995153,0.49544743,0.5245966,0.47938985
1783532938.4706,77,jaw_joint,-0.0076733073,0.7015449,0.12514281,0.4995153,0.49544743,0.5245966,0.47938985
1783532938.4706,77,chin_joint,-0.006406885,0.6467045,0.22256418,0.4995153,0.49544743,0.5245966,0.47938985
1783532938.4706,77,left_eye_joint,0.021550473,0.7563226,0.20979667,0.5038172,0.49107218,0.5287575,0.47479656
1783532938.4706,77,left_eyeLowerLid_joint,0.021550473,0.7563226,0.20979667,0.5038172,0.49107218,0.5287575,0.47479656
1783532938.4706,77,left_eyeUpperLid_joint,0.021550473,0.7563226,0.20979667,0.5038172,0.49107218,0.5287575,0.47479656
1783532938.4706,77,left_eyeball_joint,0.021550473,0.7563226,0.20979667,0.5038172,0.49107218,0.5287575,0.47479656
1783532938.4706,77,nose_joint,-0.009547368,0.7213028,0.23123764,0.5038198,0.4910695,0.52876,0.4747937
1783532938.4706,77,right_eye_joint,-0.04302718,0.7536794,0.20914821,0.5038172,0.49107218,0.5287575,0.47479656
1783532938.4706,77,right_eyeLowerLid_joint,-0.04302718,0.7536794,0.20914821,0.5038172,0.49107218,0.5287575,0.47479656
1783532938.4706,77,right_eyeUpperLid_joint,-0.04302718,0.7536794,0.20914821,0.5038172,0.49107218,0.5287575,0.47479656
1783532938.4706,77,right_eyeball_joint,-0.04302718,0.7536794,0.20914821,0.5038172,0.49107218,0.5287575,0.47479656
1783532938.4706,77,right_shoulder_1_joint,-0.095207915,0.5600351,0.05930332,0.7878346,0.09670181,0.070008315,0.60420567
1783532938.4706,77,right_arm_joint,-0.2361225,0.52566296,0.060252767,0.6960094,0.43990785,0.39027002,0.411997
1783532938.4706,77,right_forearm_joint,-0.3181368,0.27724805,0.012167373,0.58183897,0.58411664,0.2659363,0.4995491
1783532938.4706,77,right_hand_joint,-0.36534554,0.023903217,0.08562503,0.16404118,0.30645195,0.5639163,0.74911696
1783532938.4706,77,right_handIndexStart_joint,-0.35971645,0.002452743,0.10390372,0.12513162,0.356872,0.57432413,0.7260416
1783532938.4706,77,right_handIndex_1_joint,-0.36658996,-0.07169604,0.13397786,0.12513162,0.356872,0.57432413,0.7260416
1783532938.4706,77,right_handIndex_2_joint,-0.3705857,-0.11480611,0.15146251,0.12513162,0.356872,0.57432413,0.7260416
1783532938.4706,77,right_handIndex_3_joint,-0.37282404,-0.13894786,0.16125448,0.12513162,0.356872,0.57432413,0.7260416
1783532938.4706,77,right_handIndexEnd_joint,-0.3744228,-0.1561917,0.16824871,0.12513162,0.356872,0.57432413,0.7260416
1783532938.4706,77,right_handMidStart_joint,-0.36818776,-0.0006368184,0.09484472,0.16345243,0.30711266,0.5643281,0.74866486
1783532938.4706,77,right_handMid_1_joint,-0.38144726,-0.07250059,0.11577682,0.16345243,0.30711266,0.5643281,0.74866486
1783532938.4706,77,right_handMid_2_joint,-0.39076495,-0.12299873,0.13048607,0.16345243,0.30711266,0.5643281,0.74866486
1783532938.4706,77,right_handMid_3_joint,-0.39614037,-0.1521325,0.1389721,0.16345243,0.30711266,0.5643281,0.74866486
1783532938.4706,77,right_handMidEnd_joint,-0.3997242,-0.1715546,0.14462952,0.16345243,0.30711266,0.5643281,0.74866486
1783532938.4706,77,right_handPinkyStart_joint,-0.3835945,-0.0037321805,0.07199616,0.22933865,0.21930328,0.570925,0.75720185
1783532938.4706,77,right_handPinky_1_joint,-0.39959043,-0.06502303,0.07645664,0.22933865,0.21930328,0.570925,0.75720185
1783532938.4706,77,right_handPinky_2_joint,-0.40947086,-0.1028798,0.0792121,0.22933865,0.21930328,0.570925,0.75720185
1783532938.4706,77,right_handPinky_3_joint,-0.41464564,-0.12270932,0.080654874,0.22933865,0.21930328,0.570925,0.75720185
1783532938.4706,77,right_handPinkyEnd_joint,-0.41935036,-0.14073592,0.08196668,0.22933865,0.21930328,0.570925,0.75720185
1783532938.4706,77,right_handRingStart_joint,-0.3753518,-0.002582848,0.08430944,0.19740243,0.26410484,0.5682444,0.7539094
1783532938.4706,77,right_handRing_1_joint,-0.3903486,-0.06971536,0.096455075,0.19740243,0.26410484,0.5682444,0.7539094
1783532938.4706,77,right_handRing_2_joint,-0.40093434,-0.11710264,0.10502823,0.19740243,0.26410484,0.5682444,0.7539094
1783532938.4706,77,right_handRing_3_joint,-0.40755087,-0.14672,0.110386856,0.19740243,0.26410484,0.5682444,0.7539094
1783532938.4706,77,right_handRingEnd_joint,-0.41196123,-0.16646555,0.113958746,0.19740243,0.26410484,0.5682444,0.7539094
1783532938.4706,77,right_handThumbStart_joint,-0.3496119,0.00059899804,0.09854392,0.3570382,0.8351442,0.1807128,0.3773605
1783532938.4706,77,right_handThumb_1_joint,-0.32489982,-0.03874879,0.12545757,0.3570382,0.8351442,0.1807128,0.3773605
1783532938.4706,77,right_handThumb_2_joint,-0.30723536,-0.06687206,0.14469653,0.3570382,0.8351442,0.18071276,0.3773605
1783532938.4706,77,right_handThumbEnd_joint,-0.29545885,-0.085621126,0.15752174,0.3570382,0.8351442,0.18071276,0.3773605
1783532938.4706,77,camera,0.11155736,0.07193604,-0.015721314,-0.07320299,-0.077076174,-0.7006728,0.7055198
1783532938.5040,78,root,-0.00020478714,0.018265203,-0.004978036,-0.035404187,-0.004007002,-0.0051380056,0.99935186
1783532938.5040,78,hips_joint,-0.00020478714,0.018265203,-0.004978036,-0.035404187,-0.004007002,-0.0051380056,0.99935186
1783532938.5040,78,left_upLeg_joint,0.10005575,-0.007585417,-0.0014137878,0.57559377,-0.40513283,0.59972644,-0.38064092
1783532938.5040,78,left_leg_joint,0.08000765,-0.39623824,0.15943724,-0.30853024,0.6229779,-0.36753035,0.61776125
1783532938.5040,78,left_foot_joint,0.058806896,-0.77969307,-0.08884136,0.6270585,-0.30014816,0.67028874,-0.25965667
1783532938.5040,78,left_toes_joint,0.04707037,-0.8876682,0.013208102,0.6725813,-0.17585807,0.707353,-0.12790631
1783532938.5040,78,left_toesEnd_joint,0.043276533,-0.9129944,0.06819768,0.6725814,-0.17585784,0.70735294,-0.12790652
1783532938.5040,78,right_upLeg_joint,-0.101007126,-0.005572728,-0.0030971984,0.36458465,0.56874657,0.4337902,0.5961807
1783532938.5040,78,right_leg_joint,-0.09119851,-0.39800933,0.14927323,0.5685983,0.3614248,0.65274215,0.3464041
1783532938.5040,78,right_foot_joint,-0.03933873,-0.7927729,-0.07567494,0.22472051,0.6351627,0.3002225,0.6752299
1783532938.5040,78,right_toes_joint,-0.041256685,-0.89573985,0.032049607,0.10026169,0.6662422,0.1668002,0.7198935
1783532938.5040,78,right_toesEnd_joint,-0.044689916,-0.9184117,0.08820845,0.10026218,0.66624236,0.16679975,0.7198934
1783532938.5040,78,spine_1_joint,-0.00020480691,0.018265203,-0.004978036,0.4734076,0.52502674,0.47644478,0.5227166
1783532938.5040,78,spine_2_joint,-0.0005101496,0.075541504,-0.010605279,0.47275242,0.52915233,0.47578728,0.5197396
1783532938.5040,78,spine_3_joint,-0.0012440449,0.13280012,-0.016371138,0.48454905,0.51803654,0.48891947,0.50774807
1783532938.5040,78,spine_4_joint,-0.0020296818,0.18577603,-0.01914339,0.5097184,0.4925373,0.5127602,0.4844287
1783532938.5040,78,spine_5_joint,-0.0028093962,0.2561715,-0.016158152,0.55162805,0.44473532,0.5506666,0.44122928
1783532938.5040,78,spine_6_joint,-0.0029957157,0.34769717,0.004561287,0.566971,0.42407033,0.56661135,0.42149717
1783532938.5040,78,spine_7_joint,-0.0031784396,0.4501356,0.0357802,0.56306493,0.43134463,0.56056154,0.4273998
1783532938.5040,78,left_shoulder_1_joint,0.08609663,0.55999,0.059604257,-0.5889562,0.06886169,-0.068182856,0.8023341
1783532938.5040,78,left_arm_joint,0.22842212,0.53235453,0.055225678,-0.38048825,0.43807024,-0.38859197,0.7157651
1783532938.5040,78,left_forearm_joint,0.31199017,0.29572177,-0.0329226,-0.5037229,0.28163067,-0.53511655,0.6169262
1783532938.5040,78,left_hand_joint,0.38398552,0.042762525,0.01842327,0.7735668,-0.54696196,0.25787255,-0.18954973
1783532938.5040,78,left_handIndexStart_joint,0.38044345,0.019268004,0.036533073,0.7549755,-0.55853826,0.307178,-0.15391219
1783532938.5040,78,left_handIndex_1_joint,0.3954899,-0.056057043,0.059975088,0.7549755,-0.55853826,0.307178,-0.15391219
1783532938.5040,78,left_handIndex_2_joint,0.40423787,-0.09985067,0.07360416,0.7549755,-0.55853826,0.307178,-0.15391219
1783532938.5040,78,left_handIndex_3_joint,0.40913668,-0.12437511,0.081236444,0.7549755,-0.55853826,0.307178,-0.15391219
1783532938.5040,78,left_handIndexEnd_joint,0.41263586,-0.14189257,0.08668808,0.7549755,-0.55853826,0.307178,-0.15391219
1783532938.5040,78,left_handMidStart_joint,0.38859966,0.017676637,0.026821218,0.77417547,-0.5466257,0.25559044,-0.1911192
1783532938.5040,78,left_handMid_1_joint,0.40925655,-0.05408633,0.041020975,0.77417547,-0.5466257,0.25559044,-0.1911192
1783532938.5040,78,left_handMid_2_joint,0.4237722,-0.10451436,0.050999183,0.77417547,-0.5466257,0.25559044,-0.1911192
1783532938.5040,78,left_handMid_3_joint,0.4321466,-0.13360745,0.05675584,0.77417547,-0.5466257,0.25559044,-0.1911192
1783532938.5040,78,left_handMidEnd_joint,0.4377295,-0.15300284,0.060593612,0.77417547,-0.5466257,0.25559044,-0.1911192
1783532938.5040,78,left_handPinkyStart_joint,0.4028353,0.01778462,0.0030233741,0.7778904,-0.55113757,0.16453382,-0.25310653
1783532938.5040,78,left_handPinky_1_joint,0.42432112,-0.041953545,0.0015619254,0.7778904,-0.55113757,0.16453382,-0.25310653
1783532938.5040,78,left_handPinky_2_joint,0.43759176,-0.07885065,0.0006592663,0.7778904,-0.55113757,0.16453382,-0.25310653
1783532938.5040,78,left_handPinky_3_joint,0.44454306,-0.0981777,0.0001864447,0.7778904,-0.55113757,0.16453382,-0.25310653
1783532938.5040,78,left_handPinkyEnd_joint,0.4508624,-0.11574774,-0.00024339299,0.7778904,-0.55113757,0.16453382,-0.25310653
1783532938.5040,78,left_handRingStart_joint,0.39526817,0.017217295,0.015802093,0.777019,-0.54951864,0.21086,-0.22317947
1783532938.5040,78,left_handRing_1_joint,0.41672197,-0.04900836,0.02155799,0.777019,-0.54951864,0.21086,-0.22317947
1783532938.5040,78,left_handRing_2_joint,0.43186584,-0.09575588,0.025620976,0.777019,-0.54951864,0.21086,-0.22317947
1783532938.5040,78,left_handRing_3_joint,0.44133076,-0.12497308,0.028160345,0.777019,-0.54951864,0.21086,-0.22317947
1783532938.5040,78,left_handRingEnd_joint,0.4476407,-0.14445122,0.029853255,0.777019,-0.54951864,0.21086,-0.22317947
1783532938.5040,78,left_handThumbStart_joint,0.3702383,0.016922869,0.031572495,0.39354193,-0.20701808,0.79961103,-0.40359727
1783532938.5040,78,left_handThumb_1_joint,0.35066932,-0.026485886,0.056391805,0.39354193,-0.20701808,0.79961103,-0.40359727
1783532938.5040,78,left_handThumb_2_joint,0.33668068,-0.057512384,0.07413368,0.39354193,-0.20701803,0.79961103,-0.40359727
1783532938.5040,78,left_handThumbEnd_joint,0.32735488,-0.07819671,0.08596159,0.39354193,-0.20701803,0.79961103,-0.40359727
1783532938.5040,78,neck_1_joint,-0.0032890849,0.5812114,0.06450695,0.60516965,0.3684887,0.60420597,0.36458328
1783532938.5040,78,neck_2_joint,-0.0033400112,0.6078083,0.078385085,0.5949562,0.38306376,0.5970906,0.37785202
1783532938.5040,78,neck_3_joint,-0.0036004118,0.6440897,0.0952252,0.577562,0.40643585,0.58577937,0.39761138
1783532938.5040,78,neck_4_joint,-0.0042666155,0.68150204,0.10936282,0.56053865,0.42807016,0.5737524,0.41636592
1783532938.5040,78,head_joint,-0.0053858235,0.72573674,0.123170376,0.50167745,0.49426773,0.5240672,0.47892877
1783532938.5040,78,jaw_joint,-0.004468754,0.7005258,0.12685366,0.50167745,0.49426773,0.5240672,0.47892877
1783532938.5040,78,chin_joint,-0.0031796389,0.6453651,0.22409374,0.50167745,0.49426773,0.5240672,0.47892877
1783532938.5040,78,left_eye_joint,0.025117468,0.7549302,0.21162233,0.5059689,0.48987368,0.5282242,0.47434
1783532938.5040,78,left_eyeLowerLid_joint,0.025117468,0.7549302,0.21162233,0.5059689,0.48987368,0.5282242,0.47434
1783532938.5040,78,left_eyeUpperLid_joint,0.025117468,0.7549302,0.21162233,0.5059689,0.48987368,0.5282242,0.47434
1783532938.5040,78,left_eyeball_joint,0.025117468,0.7549302,0.21162233,0.5059689,0.48987368,0.5282242,0.47434
1783532938.5040,78,nose_joint,-0.0060519683,0.7199449,0.23301576,0.5059716,0.489871,0.5282266,0.47433728
1783532938.5040,78,right_eye_joint,-0.0394699,0.7525049,0.21110277,0.5059689,0.48987368,0.5282242,0.47434
1783532938.5040,78,right_eyeLowerLid_joint,-0.0394699,0.7525049,0.21110277,0.5059689,0.48987368,0.5282242,0.47434
1783532938.5040,78,right_eyeUpperLid_joint,-0.0394699,0.7525049,0.21110277,0.5059689,0.48987368,0.5282242,0.47434
1783532938.5040,78,right_eyeball_joint,-0.0394699,0.7525049,0.21110277,0.5059689,0.48987368,0.5282242,0.47434
1783532938.5040,78,right_shoulder_1_joint,-0.092630915,0.55958176,0.060712423,0.7886567,0.09538937,0.067052364,0.60367674
1783532938.5040,78,right_arm_joint,-0.23373619,0.5260152,0.062076773,0.69961643,0.43454388,0.382791,0.41854453
1783532938.5040,78,right_forearm_joint,-0.3213214,0.27905843,0.01636394,0.58928204,0.57404935,0.25372213,0.50876266
1783532938.5040,78,right_hand_joint,-0.37818077,0.028580207,0.09275756,0.16444053,0.30576244,0.54810303,0.7609547
1783532938.5040,78,right_handIndexStart_joint,-0.3734048,0.007159247,0.11131161,0.12661132,0.35699654,0.5585825,0.7379085
1783532938.5040,78,right_handIndex_1_joint,-0.3831285,-0.066305846,0.14226435,0.12661132,0.35699654,0.5585825,0.7379085
1783532938.5040,78,right_handIndex_2_joint,-0.38878134,-0.10901844,0.16025983,0.12661132,0.35699654,0.5585825,0.7379085
1783532938.5040,78,right_handIndex_3_joint,-0.3919477,-0.13293757,0.17033787,0.12661132,0.35699654,0.5585825,0.7379085
1783532938.5040,78,right_handIndexEnd_joint,-0.3942093,-0.1500224,0.17753643,0.12661132,0.35699654,0.5585825,0.7379085
1783532938.5040,78,right_handMidStart_joint,-0.38196412,0.004278734,0.10226645,0.16386652,0.30643725,0.54851836,0.76050764
1783532938.5040,78,right_handMid_1_joint,-0.3979614,-0.066775665,0.124031745,0.16386652,0.30643725,0.54851836,0.76050764
1783532938.5040,78,right_handMid_2_joint,-0.40920293,-0.11670505,0.13932647,0.16386652,0.30643725,0.54851836,0.76050764
1783532938.5040,78,right_handMid_3_joint,-0.41568828,-0.1455107,0.14815027,0.16386652,0.30643725,0.54851836,0.76050764
1783532938.5040,78,right_handMidEnd_joint,-0.420012,-0.16471405,0.15403287,0.16386652,0.30643725,0.54851836,0.76050764
1783532938.5040,78,right_handPinkyStart_joint,-0.3974208,0.0014835572,0.079412945,0.228032,0.21743809,0.5555768,0.7694523
1783532938.5040,78,right_handPinky_1_joint,-0.41571602,-0.05910528,0.08457158,0.228032,0.21743809,0.5555768,0.7694523
1783532938.5040,78,right_handPinky_2_joint,-0.4270166,-0.09652843,0.087758265,0.228032,0.21743809,0.5555768,0.7694523
1783532938.5040,78,right_handPinky_3_joint,-0.4329353,-0.116130844,0.08942691,0.228032,0.21743809,0.5555768,0.7694523
1783532938.5040,78,right_handPinkyEnd_joint,-0.43831626,-0.13395098,0.09094406,0.228032,0.21743809,0.5555768,0.7694523
1783532938.5040,78,right_handRingStart_joint,-0.3891706,0.0024737786,0.09173502,0.19696596,0.26281786,0.55264276,0.76597476
1783532938.5040,78,right_handRing_1_joint,-0.40670523,-0.063895516,0.10465206,0.19696596,0.26281786,0.55264276,0.76597476
1783532938.5040,78,right_handRing_2_joint,-0.4190823,-0.110744074,0.11376973,0.19696596,0.26281786,0.55264276,0.76597476
1783532938.5040,78,right_handRing_3_joint,-0.4268185,-0.14002472,0.119468674,0.19696596,0.26281786,0.55264276,0.76597476
1783532938.5040,78,right_handRingEnd_joint,-0.4319753,-0.1595458,0.12326746,0.19696596,0.26281786,0.55264276,0.76597476
1783532938.5040,78,right_handThumbStart_joint,-0.363364,0.00486248,0.10600383,0.37009192,0.82888645,0.16897811,0.38396084
1783532938.5040,78,right_handThumb_1_joint,-0.34021094,-0.03505155,0.1334645,0.37009192,0.82888645,0.16897808,0.38396084
1783532938.5040,78,right_handThumb_2_joint,-0.3236608,-0.06357957,0.15309444,0.37009192,0.82888645,0.16897808,0.38396084
1783532938.5040,78,right_handThumbEnd_joint,-0.31262717,-0.08259848,0.16618033,0.37009192,0.82888645,0.16897804,0.38396084
1783532938.5040,78,camera,0.11155423,0.0721585,-0.015981667,-0.073804624,-0.07725464,-0.70060617,0.7055037
1783532938.5370,79,root,-0.0005972649,0.018602844,-0.004631052,-0.037079517,-0.0042993054,-0.0047198376,0.99929196
1783532938.5370,79,hips_joint,-0.0005972649,0.018602844,-0.004631052,-0.037079517,-0.0042993054,-0.0047198376,0.99929196
1783532938.5370,79,left_upLeg_joint,0.09968305,-0.0071510947,-0.00092619745,0.5839858,-0.3959865,0.59946436,-0.377886
1783532938.5370,79,left_leg_joint,0.08607064,-0.392694,0.16788557,-0.31524366,0.6217154,-0.36463058,0.61736226
1783532938.5370,79,left_foot_joint,0.068249024,-0.7778385,-0.07803224,0.6315647,-0.29501423,0.66775995,-0.26113093
1783532938.5370,79,left_toes_joint,0.058431767,-0.885348,0.024709186,0.6760328,-0.16996308,0.7051495,-0.12983313
1783532938.5370,79,left_toesEnd_joint,0.05526286,-0.91039497,0.07986598,0.67603284,-0.16996287,0.7051494,-0.12983334
1783532938.5370,79,right_upLeg_joint,-0.101380505,-0.005313636,-0.0027242238,0.37307885,0.56359035,0.4374528,0.5931384
1783532938.5370,79,right_leg_joint,-0.093801655,-0.40091693,0.14135928,0.57903576,0.34678704,0.65688264,0.33609745
1783532938.5370,79,right_foot_joint,-0.046463862,-0.78649837,-0.099919595,0.24196398,0.63007647,0.30983788,0.6696698
1783532938.5370,79,right_toes_joint,-0.04855154,-0.8937848,0.0035005664,0.11815661,0.6645163,0.1772951,0.7162566
1783532938.5370,79,right_toesEnd_joint,-0.05182529,-0.9187167,0.058702916,0.1181571,0.66451645,0.17729464,0.71625656
1783532938.5370,79,spine_1_joint,-0.0005972847,0.018602844,-0.004631052,0.47135806,0.5269422,0.47477543,0.52415806
1783532938.5370,79,spine_2_joint,-0.0009517893,0.075837545,-0.010663945,0.4710558,0.5310473,0.47371188,0.52124095
1783532938.5370,79,spine_3_joint,-0.0016901001,0.13305326,-0.016840385,0.484126,0.5191139,0.48735726,0.5085526
1783532938.5370,79,spine_4_joint,-0.0024324688,0.18601869,-0.019817194,0.51104516,0.49222863,0.5120401,0.48410612
1783532938.5370,79,spine_5_joint,-0.0030657991,0.25641185,-0.016744485,0.55450624,0.44275895,0.5506257,0.43965757
1783532938.5370,79,spine_6_joint,-0.0029132876,0.3478028,0.004561639,0.5703735,0.4215445,0.5666153,0.41942993
1783532938.5370,79,spine_7_joint,-0.0026378091,0.44998556,0.036606867,0.5660205,0.42985684,0.5597468,0.42606065
1783532938.5370,79,left_shoulder_1_joint,0.08711067,0.55941427,0.06061077,-0.5862453,0.06754562,-0.06566021,0.80463845
1783532938.5370,79,left_arm_joint,0.22958617,0.53260005,0.056010712,-0.38507518,0.4299348,-0.37607467,0.72487336
1783532938.5370,79,left_forearm_joint,0.32200262,0.29950887,-0.03273899,-0.5077965,0.27068347,-0.5215611,0.62995857
1783532938.5370,79,left_hand_joint,0.40491506,0.049753092,0.017814932,0.7846631,-0.53006124,0.25363493,-0.19750641
1783532938.5370,79,left_handIndexStart_joint,0.40236032,0.026051756,0.035821162,0.7663329,-0.5421933,0.30366266,-0.16294123
1783532938.5370,79,left_handIndex_1_joint,0.4206415,-0.048633795,0.0590086,0.7663329,-0.5421933,0.30366266,-0.16294123
1783532938.5370,79,left_handIndex_2_joint,0.4312701,-0.092055626,0.072489664,0.7663329,-0.5421933,0.30366266,-0.16294123
1783532938.5370,79,left_handIndex_3_joint,0.4372221,-0.11637185,0.08003906,0.7663329,-0.5421933,0.30366266,-0.16294123
1783532938.5370,79,left_handIndexEnd_joint,0.44147354,-0.13374059,0.08543149,0.7663329,-0.5421933,0.30366266,-0.16294123
1783532938.5370,79,left_handMidStart_joint,0.41060522,0.024860315,0.02612693,0.7852644,-0.5297047,0.25132033,-0.19902603
1783532938.5370,79,left_handMid_1_joint,0.43436003,-0.045982122,0.0401027,0.7852644,-0.5297047,0.25132033,-0.19902603
1783532938.5370,79,left_handMid_2_joint,0.4510526,-0.0957633,0.049923513,0.7852644,-0.5297047,0.25132033,-0.19902603
1783532938.5370,79,left_handMid_3_joint,0.46068293,-0.1244832,0.055589363,0.7852644,-0.5297047,0.25132033,-0.19902603
1783532938.5370,79,left_handMidEnd_joint,0.46710315,-0.1436298,0.059366602,0.7852644,-0.5297047,0.25132033,-0.19902603
1783532938.5370,79,left_handPinkyStart_joint,0.4248876,0.025691457,0.002371359,0.7890818,-0.53386295,0.15891863,-0.25900897
1783532938.5370,79,left_handPinky_1_joint,0.4489845,-0.0330375,0.0007361424,0.7890818,-0.53386295,0.15891863,-0.25900897
1783532938.5370,79,left_handPinky_2_joint,0.4638679,-0.06931127,-0.00027384495,0.7890818,-0.53386295,0.15891863,-0.25900897
1783532938.5370,79,left_handPinky_3_joint,0.47166395,-0.088311814,-0.00080288545,0.7890818,-0.53386295,0.15891863,-0.25900897
1783532938.5370,79,left_handPinkyEnd_joint,0.47875127,-0.10558504,-0.0012838315,0.7890818,-0.53386295,0.15891863,-0.25900897
1783532938.5370,79,left_handRingStart_joint,0.41731772,0.024739696,0.015125584,0.7881696,-0.53239924,0.20589386,-0.23010433
1783532938.5370,79,left_handRing_1_joint,0.44164824,-0.040501308,0.020681849,0.7881696,-0.53239924,0.20589386,-0.23010433
1783532938.5370,79,left_handRing_2_joint,0.45882273,-0.08655378,0.024603914,0.7881696,-0.53239924,0.20589386,-0.23010433
1783532938.5370,79,left_handRing_3_joint,0.4695568,-0.115336575,0.027055208,0.7881696,-0.53239924,0.20589386,-0.23010433
1783532938.5370,79,left_handRingEnd_joint,0.47671282,-0.1345251,0.028689403,0.7881696,-0.53239924,0.20589386,-0.23010433
1783532938.5370,79,left_handThumbStart_joint,0.39228186,0.023280343,0.030821556,0.3960557,-0.19934696,0.79067755,-0.42217317
1783532938.5370,79,left_handThumb_1_joint,0.37457344,-0.02104806,0.05541157,0.3960557,-0.19934696,0.79067755,-0.42217317
1783532938.5370,79,left_handThumb_2_joint,0.36191458,-0.05273196,0.07298955,0.3960557,-0.19934691,0.79067755,-0.42217317
1783532938.5370,79,left_handThumbEnd_joint,0.35347536,-0.073854566,0.0847082,0.3960557,-0.19934689,0.79067755,-0.42217317
1783532938.5370,79,neck_1_joint,-0.0021808657,0.5809155,0.06598787,0.60730493,0.36753428,0.6031333,0.36377156
1783532938.5370,79,neck_2_joint,-0.0021119413,0.607472,0.07994311,0.5968116,0.3825487,0.59594846,0.37725112
1783532938.5370,79,neck_3_joint,-0.0022317704,0.64372253,0.09685128,0.5793856,0.40606225,0.5846231,0.39704198
1783532938.5370,79,neck_4_joint,-0.0027654322,0.6811134,0.11105115,0.5623789,0.42775875,0.5726242,0.41575786
1783532938.5370,79,head_joint,-0.003738509,0.72532815,0.124933526,0.5035493,0.49417362,0.52303165,0.47819358
1783532938.5370,79,jaw_joint,-0.0028627212,0.7001093,0.12857307,0.5035493,0.49417362,0.52303165,0.47819358
1783532938.5370,79,chin_joint,-0.0013396939,0.6447894,0.22571938,0.5035493,0.49417362,0.52303165,0.47819358
1783532938.5370,79,left_eye_joint,0.027149402,0.75431305,0.21332057,0.50784,0.4897632,0.5271822,0.47361386
1783532938.5370,79,left_eyeLowerLid_joint,0.027149402,0.75431305,0.21332057,0.50784,0.4897632,0.5271822,0.47361386
1783532938.5370,79,left_eyeUpperLid_joint,0.027149402,0.75431305,0.21332057,0.50784,0.4897632,0.5271822,0.47361386
1783532938.5370,79,left_eyeball_joint,0.027149402,0.75431305,0.21332057,0.50784,0.4897632,0.5271822,0.47361386
1783532938.5370,79,nose_joint,-0.004017848,0.7193609,0.23477125,0.50784254,0.48976058,0.5271847,0.47361112
1783532938.5370,79,right_eye_joint,-0.03744457,0.7520283,0.2130322,0.50784,0.4897632,0.5271822,0.47361386
1783532938.5370,79,right_eyeLowerLid_joint,-0.03744457,0.7520283,0.2130322,0.50784,0.4897632,0.5271822,0.47361386
1783532938.5370,79,right_eyeUpperLid_joint,-0.03744457,0.7520283,0.2130322,0.50784,0.4897632,0.5271822,0.47361386
1783532938.5370,79,right_eyeball_joint,-0.03744457,0.7520283,0.2130322,0.50784,0.4897632,0.5271822,0.47361386
1783532938.5370,79,right_shoulder_1_joint,-0.09161119,0.5596099,0.062453814,0.7902869,0.09501979,0.06294057,0.6020436
1783532938.5370,79,right_arm_joint,-0.23289192,0.5268329,0.064619385,0.7039767,0.43068263,0.37644354,0.4209749
1783532938.5370,79,right_forearm_joint,-0.3248181,0.28124076,0.020092849,0.5957803,0.56782097,0.24545208,0.51222944
1783532938.5370,79,right_hand_joint,-0.3877016,0.03255102,0.09760023,0.16754387,0.30576527,0.5377499,0.7676341
1783532938.5370,79,right_handIndexStart_joint,-0.3834105,0.011087618,0.11622357,0.13041568,0.35745612,0.54847026,0.7445787
1783532938.5370,79,right_handIndex_1_joint,-0.3948796,-0.061994337,0.14748426,0.13041568,0.35745612,0.54847026,0.7445787
1783532938.5370,79,right_handIndex_2_joint,-0.40154722,-0.104484186,0.16565877,0.13041568,0.35745612,0.54847026,0.7445787
1783532938.5370,79,right_handIndex_3_joint,-0.4052818,-0.12827855,0.17583705,0.13041568,0.35745612,0.54847026,0.7445787
1783532938.5370,79,right_handIndexEnd_joint,-0.4079493,-0.14527427,0.18310724,0.13041568,0.35745612,0.54847026,0.7445787
1783532938.5370,79,right_handMidStart_joint,-0.39206412,0.0083876895,0.10721252,0.16697973,0.3064473,0.5381702,0.7671902
1783532938.5370,79,right_handMid_1_joint,-0.40977013,-0.062162306,0.1292934,0.16697973,0.3064473,0.5381702,0.7671902
1783532938.5370,79,right_handMid_2_joint,-0.42221236,-0.11173724,0.14480989,0.16697973,0.3064473,0.5381702,0.7671902
1783532938.5370,79,right_handMid_3_joint,-0.4293904,-0.1403384,0.15376163,0.16697973,0.3064473,0.5381702,0.7671902
1783532938.5370,79,right_handMidEnd_joint,-0.43417594,-0.15940541,0.15972953,0.16697975,0.3064473,0.5381702,0.7671902
1783532938.5370,79,right_handPinkyStart_joint,-0.40764916,0.005893252,0.0844114,0.23002127,0.21667972,0.5451983,0.77646583
1783532938.5370,79,right_handPinky_1_joint,-0.4274371,-0.05419979,0.08985176,0.23002127,0.21667972,0.5451983,0.77646583
1783532938.5370,79,right_handPinky_2_joint,-0.43965968,-0.0913167,0.09321245,0.23002127,0.21667972,0.5451983,0.77646583
1783532938.5370,79,right_handPinky_3_joint,-0.4460613,-0.11075872,0.094972245,0.23002128,0.21667972,0.5451983,0.77646583
1783532938.5370,79,right_handPinkyEnd_joint,-0.45188132,-0.12843303,0.09657226,0.23002127,0.21667972,0.5451983,0.77646583
1783532938.5370,79,right_handRingStart_joint,-0.39934266,0.0067235753,0.09670744,0.19952701,0.26243344,0.5422639,0.772831
1783532938.5370,79,right_handRing_1_joint,-0.41849303,-0.059137803,0.109926276,0.19952701,0.26243344,0.5422639,0.772831
1783532938.5370,79,right_handRing_2_joint,-0.43201065,-0.10562783,0.11925698,0.19952701,0.26243344,0.5422639,0.772831
1783532938.5370,79,right_handRing_3_joint,-0.44045967,-0.13468438,0.12508908,0.19952701,0.26243344,0.5422639,0.772831
1783532938.5370,79,right_handRingEnd_joint,-0.4460917,-0.1540561,0.12897663,0.19952701,0.26243344,0.5422639,0.772831
1783532938.5370,79,right_handThumbStart_joint,-0.37344497,0.008520746,0.11089778,0.3799123,0.8250431,0.16208692,0.38561463
1783532938.5370,79,right_handThumb_1_joint,-0.35121962,-0.03185525,0.13844946,0.3799123,0.8250431,0.16208692,0.38561463
1783532938.5370,79,right_handThumb_2_joint,-0.33533257,-0.06071349,0.15814444,0.3799123,0.8250431,0.16208687,0.38561463
1783532938.5370,79,right_handThumbEnd_joint,-0.32474098,-0.07995255,0.17127368,0.3799123,0.8250431,0.16208687,0.38561463
1783532938.5370,79,camera,0.11142303,0.072158836,-0.01612821,-0.07416441,-0.07746372,-0.70063496,0.7054145
1783532938.5701,80,root,-0.0007883311,0.018656861,-0.0046759746,-0.037772804,-0.00476928,-0.0036308474,0.99926835
1783532938.5701,80,hips_joint,-0.0007883311,0.018656861,-0.0046759746,-0.037772804,-0.00476928,-0.0036308474,0.99926835
1783532938.5701,80,left_upLeg_joint,0.099545315,-0.006870613,-0.00084971485,0.5897647,-0.38832793,0.5993982,-0.37696233
1783532938.5701,80,left_leg_joint,0.09105864,-0.39004946,0.17358617,-0.32024384,0.6195464,-0.3616053,0.6187469
1783532938.5701,80,left_foot_joint,0.07770892,-0.77615166,-0.07111,0.6341634,-0.29022327,0.66623235,-0.26408646
1783532938.5701,80,left_toes_joint,0.06933482,-0.8834521,0.031977117,0.67767626,-0.16476642,0.7042097,-0.13302465
1783532938.5701,80,left_toesEnd_joint,0.06653763,-0.9083635,0.0872153,0.6776763,-0.1647662,0.7042096,-0.13302486
1783532938.5701,80,right_upLeg_joint,-0.1015202,-0.0054791663,-0.0028213465,0.38041234,0.55973786,0.44067338,0.5897345
1783532938.5701,80,right_leg_joint,-0.09520413,-0.40367457,0.13399954,0.5872752,0.33708638,0.6575334,0.330349
1783532938.5701,80,right_foot_joint,-0.053151596,-0.78340185,-0.117333315,0.25443238,0.6275211,0.31389517,0.6655459
1783532938.5701,80,right_toes_joint,-0.055442847,-0.8932601,-0.016653718,0.13088335,0.6643705,0.18206048,0.7129765
1783532938.5701,80,right_toesEnd_joint,-0.05853235,-0.91955733,0.037922166,0.13088384,0.6643706,0.18206002,0.7129764
1783532938.5701,80,spine_1_joint,-0.0007883508,0.018656861,-0.004675975,0.4692185,0.5287445,0.47455326,0.5244641
1783532938.5701,80,spine_2_joint,-0.0013375767,0.07586244,-0.01096516,0.46909404,0.532907,0.47326997,0.5215136
1783532938.5701,80,spine_3_joint,-0.002255469,0.13304698,-0.017400736,0.48304757,0.5204458,0.4872603,0.5083094
1783532938.5701,80,spine_4_joint,-0.0031347375,0.18600348,-0.02049672,0.5113615,0.4924775,0.5124723,0.48306054
1783532938.5701,80,spine_5_joint,-0.0038652665,0.25639084,-0.017314445,0.5561342,0.44167885,0.55125016,0.4379014
1783532938.5701,80,spine_6_joint,-0.003661714,0.34767142,0.004459157,0.57253253,0.41999403,0.5667888,0.41780618
1783532938.5701,80,spine_7_joint,-0.003147636,0.44967356,0.0370718,0.5680246,0.42902187,0.558566,0.42578456
1783532938.5701,80,left_shoulder_1_joint,0.08704295,0.55875295,0.061008196,-0.5857943,0.066368856,-0.065003395,0.8051179
1783532938.5701,80,left_arm_joint,0.22958907,0.5322918,0.056553386,-0.39070785,0.4215918,-0.3676983,0.73103076
1783532938.5701,80,left_forearm_joint,0.32909903,0.30167204,-0.03097422,-0.5117739,0.26157302,-0.50941503,0.6404402
1783532938.5701,80,left_hand_joint,0.4213215,0.055077188,0.018966584,0.79414773,-0.5154756,0.24941745,-0.20348358
1783532938.5701,80,left_handIndexStart_joint,0.41964948,0.031247651,0.036907077,0.7760792,-0.52802974,0.30006436,-0.16984543
1783532938.5701,80,left_handIndex_1_joint,0.44071433,-0.042759705,0.059906453,0.7760792,-0.52802974,0.30006436,-0.16984543
1783532938.5701,80,left_handIndex_2_joint,0.45296133,-0.08578724,0.07327818,0.7760792,-0.52802974,0.30006436,-0.16984543
1783532938.5701,80,left_handIndex_3_joint,0.45981967,-0.10988266,0.08076635,0.7760792,-0.52802974,0.30006436,-0.16984543
1783532938.5701,80,left_handIndexEnd_joint,0.46471846,-0.12709367,0.08611505,0.7760792,-0.52802974,0.30006436,-0.16984543
1783532938.5701,80,left_handMidStart_joint,0.42793941,0.030393697,0.02721561,0.79474086,-0.51510423,0.24707536,-0.20496012
1783532938.5701,80,left_handMid_1_joint,0.454335,-0.039542258,0.04101764,0.79474086,-0.51510423,0.24707536,-0.20496012
1783532938.5701,80,left_handMid_2_joint,0.47288328,-0.088686444,0.050716367,0.79474086,-0.51510423,0.24707536,-0.20496012
1783532938.5701,80,left_handMid_3_joint,0.4835842,-0.11703886,0.056311782,0.79474086,-0.51510423,0.24707536,-0.20496012
1783532938.5701,80,left_handMidEnd_joint,0.49071816,-0.13594046,0.06004206,0.79474086,-0.51510423,0.24707536,-0.20496012
1783532938.5701,80,left_handPinkyStart_joint,0.442195,0.031826332,0.00347265,0.79858565,-0.5190447,0.15355682,-0.26319978
1783532938.5701,80,left_handPinky_1_joint,0.4684862,-0.025949458,0.0016966267,0.79858565,-0.5190447,0.15355682,-0.26319978
1783532938.5701,80,left_handPinky_2_joint,0.48472488,-0.06163451,0.00059967086,0.79858565,-0.5190447,0.15355682,-0.26319978
1783532938.5701,80,left_handPinky_3_joint,0.49323085,-0.08032668,2.507504e-05,0.79858565,-0.5190447,0.15355682,-0.26319978
1783532938.5701,80,left_handPinkyEnd_joint,0.50096357,-0.097319566,-0.0004972846,0.79858565,-0.5190447,0.15355682,-0.26319978
1783532938.5701,80,left_handRingStart_joint,0.4346584,0.030555693,0.016218811,0.7976695,-0.51767164,0.20106936,-0.23518269
1783532938.5701,80,left_handRing_1_joint,0.46142375,-0.033738263,0.02161687,0.7976695,-0.51767164,0.20106936,-0.23518269
1783532938.5701,80,left_handRing_2_joint,0.4803169,-0.07912224,0.025427265,0.7976695,-0.51767164,0.20106936,-0.23518269
1783532938.5701,80,left_handRing_3_joint,0.49212515,-0.10748722,0.027808761,0.7976695,-0.51767164,0.20106936,-0.23518269
1783532938.5701,80,left_handRingEnd_joint,0.49999732,-0.1263972,0.029396424,0.7976695,-0.51767164,0.20106936,-0.23518269
1783532938.5701,80,left_handThumbStart_joint,0.40968558,0.0281125,0.03189278,0.39890167,-0.19278581,0.78245354,-0.43758187
1783532938.5701,80,left_handThumb_1_joint,0.39364287,-0.016917614,0.056350593,0.39890167,-0.19278581,0.78245354,-0.43758187
1783532938.5701,80,left_handThumb_2_joint,0.38217464,-0.04910313,0.07383408,0.39890167,-0.19278581,0.78245354,-0.43758187
1783532938.5701,80,left_handThumbEnd_joint,0.37452915,-0.07056015,0.08548973,0.39890167,-0.19278577,0.78245354,-0.43758187
1783532938.5701,80,neck_1_joint,-0.0021585326,0.5805438,0.066704474,0.6086988,0.36709097,0.6019886,0.36378565
1783532938.5701,80,neck_2_joint,-0.001987291,0.60709035,0.08067771,0.5978483,0.382571,0.5948004,0.3773984
1783532938.5701,80,neck_3_joint,-0.0019991307,0.6433461,0.0975752,0.58030844,0.4062659,0.58343303,0.39723542
1783532938.5701,80,neck_4_joint,-0.002434817,0.6807477,0.11175023,0.5632988,0.4279956,0.57143176,0.41590852
1783532938.5701,80,head_joint,-0.0032991986,0.72497356,0.12560408,0.5044424,0.49451944,0.52183604,0.47820002
1783532938.5701,80,jaw_joint,-0.0024569326,0.6997559,0.12925906,0.5044424,0.49451944,0.52183604,0.47820002
1783532938.5701,80,chin_joint,-0.0007877689,0.64450103,0.22643985,0.5044424,0.49451944,0.52183604,0.47820002
1783532938.5701,80,left_eye_joint,0.027855152,0.7539677,0.2138945,0.5087361,0.49010125,0.52598673,0.47363073
1783532938.5701,80,left_eyeLowerLid_joint,0.027855152,0.7539677,0.2138945,0.5087361,0.49010125,0.52598673,0.47363073
1783532938.5701,80,left_eyeUpperLid_joint,0.027855152,0.7539677,0.2138945,0.5087361,0.49010125,0.52598673,0.47363073
1783532938.5701,80,left_eyeball_joint,0.027855152,0.7539677,0.2138945,0.5087361,0.49010125,0.52598673,0.47363073
1783532938.5701,80,nose_joint,-0.003317978,0.7190831,0.23544624,0.50873864,0.4900986,0.5259892,0.47362795
1783532938.5701,80,right_eye_joint,-0.036743052,0.75179166,0.21376674,0.5087361,0.49010125,0.52598673,0.47363073
1783532938.5701,80,right_eyeLowerLid_joint,-0.036743052,0.75179166,0.21376674,0.5087361,0.49010125,0.52598673,0.47363073
1783532938.5701,80,right_eyeUpperLid_joint,-0.036743052,0.75179166,0.21376674,0.5087361,0.49010125,0.52598673,0.47363073
1783532938.5701,80,right_eyeball_joint,-0.036743052,0.75179166,0.21376674,0.5087361,0.49010125,0.52598673,0.47363073
1783532938.5701,80,right_shoulder_1_joint,-0.09167065,0.55954593,0.06340728,0.79097426,0.09495022,0.057721555,0.60167456
1783532938.5701,80,right_arm_joint,-0.23313789,0.5276836,0.06673554,0.70757115,0.42975262,0.36896896,0.4225136
1783532938.5701,80,right_forearm_joint,-0.32845372,0.28298992,0.0244462,0.59882957,0.5676511,0.237222,0.5127389
1783532938.5701,80,right_hand_joint,-0.39356947,0.03562126,0.10430213,0.16967264,0.31058258,0.5310748,0.7698761
1783532938.5701,80,right_handIndexStart_joint,-0.3893459,0.014231271,0.1230251,0.13299932,0.3624152,0.5419587,0.7464899
1783532938.5701,80,right_handIndex_1_joint,-0.40138206,-0.058492575,0.15490161,0.13299932,0.3624152,0.5419587,0.7464899
1783532938.5701,80,right_handIndex_2_joint,-0.40837935,-0.10077423,0.17343418,0.13299932,0.3624152,0.5419587,0.7464899
1783532938.5701,80,right_handIndex_3_joint,-0.41229856,-0.12445201,0.18381298,0.13299932,0.3624152,0.5419587,0.7464899
1783532938.5701,80,right_handIndexEnd_joint,-0.41509792,-0.14136444,0.19122636,0.13299932,0.3624152,0.5419587,0.7464899
1783532938.5701,80,right_handMidStart_joint,-0.39812708,0.011578557,0.114124075,0.16911645,0.31126717,0.5314986,0.7694294
1783532938.5701,80,right_handMid_1_joint,-0.41646537,-0.058597688,0.1368698,0.16911645,0.31126717,0.5314986,0.7694294
1783532938.5701,80,right_handMid_2_joint,-0.42935193,-0.107909985,0.15285347,0.16911645,0.31126717,0.5314986,0.7694294
1783532938.5701,80,right_handMid_3_joint,-0.43678626,-0.13635963,0.16207476,0.16911645,0.31126717,0.5314986,0.7694294
1783532938.5701,80,right_handMidEnd_joint,-0.4417427,-0.15532562,0.16822232,0.16911647,0.31126717,0.5314986,0.7694294
1783532938.5701,80,right_handPinkyStart_joint,-0.41398227,0.009125013,0.09150553,0.23160714,0.22118652,0.5384394,0.7794342
1783532938.5701,80,right_handPinky_1_joint,-0.43444976,-0.05068071,0.09756269,0.23160714,0.22118652,0.5384394,0.7794342
1783532938.5701,80,right_handPinky_2_joint,-0.4470921,-0.08762014,0.10130437,0.23160714,0.22118652,0.5384394,0.7794342
1783532938.5701,80,right_handPinky_3_joint,-0.45371357,-0.10696922,0.10326372,0.23160714,0.22118652,0.5384394,0.7794342
1783532938.5701,80,right_handPinkyEnd_joint,-0.45973346,-0.12455903,0.10504513,0.23160714,0.22118652,0.5384394,0.7794342
1783532938.5701,80,right_handRingStart_joint,-0.4055364,0.009934551,0.10370764,0.20139334,0.26709765,0.5355341,0.7754371
1783532938.5701,80,right_handRing_1_joint,-0.42535508,-0.05559486,0.11757527,0.20139334,0.26709765,0.5355341,0.7754371
1783532938.5701,80,right_handRing_2_joint,-0.4393444,-0.10185056,0.12736394,0.20139334,0.26709765,0.5355341,0.7754371
1783532938.5701,80,right_handRing_3_joint,-0.44808823,-0.13076065,0.13348228,0.20139334,0.26709765,0.5355341,0.7754371
1783532938.5701,80,right_handRingEnd_joint,-0.45391685,-0.15003474,0.13756064,0.20139334,0.26709765,0.5355341,0.7754371
1783532938.5701,80,right_handThumbStart_joint,-0.37946972,0.01150568,0.11761247,0.38454527,0.8252469,0.15491296,0.38352928
1783532938.5701,80,right_handThumb_1_joint,-0.3574525,-0.028957453,0.14520344,0.38454527,0.8252469,0.15491296,0.38352928
1783532938.5701,80,right_handThumb_2_joint,-0.34171417,-0.05787797,0.16492647,0.38454533,0.8252469,0.15491293,0.38352928
1783532938.5701,80,right_handThumbEnd_joint,-0.33122176,-0.077158555,0.17807442,0.38454527,0.8252469,0.15491293,0.38352928
1783532938.5701,80,camera,0.111330464,0.07216887,-0.016186662,-0.07435796,-0.077183,-0.7007983,0.7052627
1783532938.6046,81,root,-0.00084007834,0.01903328,-0.004312973,-0.03983271,-0.005224971,-0.0033557967,0.99918705
1783532938.6046,81,hips_joint,-0.00084007834,0.01903328,-0.004312973,-0.03983271,-0.005224971,-0.0033557967,0.99918705
1783532938.6046,81,left_upLeg_joint,0.09950451,-0.006421417,-0.0002935907,0.5938852,-0.38133624,0.60093254,-0.37518403
1783532938.6046,81,left_leg_joint,0.09399883,-0.3870379,0.17978069,-0.32110158,0.6181655,-0.3575751,0.62201697
1783532938.6046,81,left_foot_joint,0.08486313,-0.7720093,-0.06688282,0.633987,-0.28860727,0.6650764,-0.26914605
1783532938.6046,81,left_toes_joint,0.077226534,-0.8799012,0.035642795,0.6771968,-0.16321315,0.7040336,-0.13821164
1783532938.6046,81,left_toesEnd_joint,0.074521236,-0.90511566,0.090747915,0.67719686,-0.16321293,0.70403355,-0.13821183
1783532938.6046,81,right_upLeg_joint,-0.10155995,-0.005151864,-0.0024468,0.38336754,0.55803496,0.44167283,0.5886863
1783532938.6046,81,right_leg_joint,-0.09610436,-0.404297,0.13161623,0.59383404,0.32753244,0.6604515,0.3223159
1783532938.6046,81,right_foot_joint,-0.05634179,-0.7768866,-0.13053899,0.26548734,0.6240449,0.32114616,0.66102165
1783532938.6046,81,right_toes_joint,-0.058557328,-0.8895428,-0.03299861,0.1423968,0.6630526,0.19003753,0.70990855
1783532938.6046,81,right_toesEnd_joint,-0.06149896,-0.91736454,0.02082438,0.14239727,0.6630527,0.19003707,0.7099085
1783532938.6046,81,spine_1_joint,-0.0008400981,0.01903328,-0.0043129735,0.46729675,0.5303705,0.4735686,0.52542746
1783532938.6046,81,spine_2_joint,-0.0014800755,0.07620242,-0.010917072,0.46750608,0.53452915,0.4724307,0.52204025
1783532938.6046,81,spine_3_joint,-0.0025059192,0.13335513,-0.017614098,0.48243397,0.52150184,0.48713684,0.5079284
1783532938.6046,81,spine_4_joint,-0.0034891574,0.18630542,-0.020784011,0.5120952,0.4925226,0.5131769,0.48148695
1783532938.6046,81,spine_5_joint,-0.004328181,0.25668177,-0.017391682,0.557981,0.44063407,0.5523429,0.4352201
1783532938.6046,81,spine_6_joint,-0.004176566,0.34781432,0.0049941647,0.57463306,0.41890624,0.5676282,0.41486496
1783532938.6046,81,spine_7_joint,-0.0036687057,0.4495842,0.038324762,0.5694216,0.4292854,0.5584802,0.42376113
1783532938.6046,81,left_shoulder_1_joint,0.08646801,0.55870503,0.062275283,-0.5861404,0.06444583,-0.0642635,0.80508184
1783532938.6046,81,left_arm_joint,0.22911488,0.53273773,0.058151014,-0.39609495,0.41379845,-0.36298123,0.7349317
1783532938.6046,81,left_forearm_joint,0.33392182,0.3036331,-0.027144775,-0.5155198,0.2532546,-0.5017862,0.64677083
1783532938.6046,81,left_hand_joint,0.4325739,0.059727438,0.02370688,0.8009491,-0.50424105,0.24833097,-0.20628516
1783532938.6046,81,left_handIndexStart_joint,0.43149585,0.035911556,0.041710913,0.7829433,-0.5170037,0.29941866,-0.17336608
1783532938.6046,81,left_handIndex_1_joint,0.45447358,-0.037443064,0.064968355,0.7829433,-0.5170037,0.29941866,-0.17336608
1783532938.6046,81,left_handIndex_2_joint,0.46783274,-0.080091104,0.07849012,0.7829433,-0.5170037,0.29941866,-0.17336608
1783532938.6046,81,left_handIndex_3_joint,0.47531387,-0.10397401,0.08606231,0.7829433,-0.5170037,0.29941866,-0.17336608
1783532938.6046,81,left_handIndexEnd_joint,0.48065752,-0.121033214,0.091471024,0.7829433,-0.5170037,0.29941866,-0.17336608
1783532938.6046,81,left_handMidStart_joint,0.4398286,0.03525237,0.032041036,0.8015421,-0.5038634,0.24596956,-0.20772903
1783532938.6046,81,left_handMid_1_joint,0.46804845,-0.0339155,0.04610195,0.8015421,-0.5038634,0.24596956,-0.20772903
1783532938.6046,81,left_handMid_2_joint,0.48787865,-0.08251995,0.055982593,0.8015421,-0.5038634,0.24596956,-0.20772903
1783532938.6046,81,left_handMid_3_joint,0.4993191,-0.110560976,0.061682966,0.8015421,-0.5038634,0.24596956,-0.20772903
1783532938.6046,81,left_handMidEnd_joint,0.5069461,-0.129255,0.06548321,0.8015421,-0.5038634,0.24596956,-0.20772903
1783532938.6046,81,left_handPinkyStart_joint,0.45409733,0.036999274,0.008327024,0.8056302,-0.507815,0.15169215,-0.2647143
1783532938.6046,81,left_handPinky_1_joint,0.4819253,-0.02005876,0.006775288,0.8056302,-0.507815,0.15169215,-0.2647143
1783532938.6046,81,left_handPinky_2_joint,0.49911317,-0.05530048,0.005816863,0.8056302,-0.507815,0.15169215,-0.2647143
1783532938.6046,81,left_handPinky_3_joint,0.50811636,-0.073760435,0.005314831,0.8056302,-0.507815,0.15169215,-0.2647143
1783532938.6046,81,left_handPinkyEnd_joint,0.5163011,-0.0905422,0.0048584384,0.8056302,-0.507815,0.15169215,-0.2647143
1783532938.6046,81,left_handRingStart_joint,0.44656706,0.03556321,0.021059336,0.8046009,-0.50642055,0.19957137,-0.23733364
1783532938.6046,81,left_handRing_1_joint,0.4750259,-0.027978102,0.026701199,0.8046009,-0.50642055,0.19957137,-0.23733364
1783532938.6046,81,left_handRing_2_joint,0.49511448,-0.07283079,0.03068369,0.8046009,-0.50642055,0.19957137,-0.23733364
1783532938.6046,81,left_handRing_3_joint,0.5076698,-0.100863725,0.03317275,0.8046009,-0.50642055,0.19957137,-0.23733364
1783532938.6046,81,left_handRingEnd_joint,0.5160401,-0.119552344,0.03483212,0.8046009,-0.50642055,0.19957137,-0.23733364
1783532938.6046,81,left_handThumbStart_joint,0.42163107,0.032497644,0.036682576,0.4011356,-0.1858352,0.7772791,-0.4476529
1783532938.6046,81,left_handThumb_1_joint,0.4067378,-0.012876758,0.061230846,0.4011356,-0.1858352,0.7772791,-0.4476529
1783532938.6046,81,left_handThumb_2_joint,0.3960911,-0.0453084,0.07877898,0.4011356,-0.1858352,0.7772791,-0.4476529
1783532938.6046,81,left_handThumbEnd_joint,0.38899332,-0.06692949,0.090477735,0.40113556,-0.18583515,0.7772791,-0.4476529
1783532938.6046,81,neck_1_joint,-0.0027401608,0.5803626,0.0683622,0.6100769,0.3672665,0.601657,0.3618437
1783532938.6046,81,neck_2_joint,-0.0025527019,0.6068686,0.08241204,0.59919137,0.38282496,0.59448683,0.37550044
1783532938.6046,81,neck_3_joint,-0.0025502604,0.64307785,0.09940888,0.5816136,0.40660325,0.5831645,0.39537188
1783532938.6046,81,neck_4_joint,-0.002982828,0.68044204,0.11368223,0.56459236,0.42837113,0.5712343,0.41403532
1783532938.6046,81,head_joint,-0.003854038,0.7246308,0.12765363,0.50568414,0.4950337,0.5218714,0.4763147
1783532938.6046,81,jaw_joint,-0.0029660743,0.69940484,0.1312402,0.50568414,0.4950337,0.5218714,0.4763147
1783532938.6046,81,chin_joint,-0.0008741277,0.643901,0.2282709,0.50568414,0.4950337,0.5218714,0.4763147
1783532938.6046,81,left_eye_joint,0.027582208,0.7534369,0.21590568,0.50998235,0.49060473,0.5260056,0.47174522
1783532938.6046,81,left_eyeLowerLid_joint,0.027582208,0.7534369,0.21590568,0.50998235,0.49060473,0.5260056,0.47174522
1783532938.6046,81,left_eyeUpperLid_joint,0.027582208,0.7534369,0.21590568,0.50998235,0.49060473,0.5260056,0.47174522
1783532938.6046,81,left_eyeball_joint,0.027582208,0.7534369,0.21590568,0.50998235,0.49060473,0.5260056,0.47174522
1783532938.6046,81,nose_joint,-0.0034677957,0.71845627,0.23747955,0.50998485,0.49060196,0.52600807,0.47174242
1783532938.6046,81,right_eye_joint,-0.037013207,0.75117743,0.21600586,0.50998235,0.49060473,0.5260056,0.47174522
1783532938.6046,81,right_eyeLowerLid_joint,-0.037013207,0.75117743,0.21600586,0.50998235,0.49060473,0.5260056,0.47174522
1783532938.6046,81,right_eyeUpperLid_joint,-0.037013207,0.75117743,0.21600586,0.50998235,0.49060473,0.5260056,0.47174522
1783532938.6046,81,right_eyeball_joint,-0.037013207,0.75117743,0.21600586,0.50998235,0.49060473,0.5260056,0.47174522
1783532938.6046,81,right_shoulder_1_joint,-0.09223667,0.55925936,0.06532326,0.79091644,0.09953675,0.054174304,0.6013394
1783532938.6046,81,right_arm_joint,-0.2335603,0.5269707,0.07025727,0.7087597,0.43523178,0.36148545,0.42138046
1783532938.6046,81,right_forearm_joint,-0.32926285,0.28183934,0.031525373,0.5967125,0.5751995,0.23113017,0.5095676
1783532938.6046,81,right_hand_joint,-0.3912844,0.034767684,0.11469532,0.1698903,0.32027712,0.53075236,0.76606923
1783532938.6046,81,right_handIndexStart_joint,-0.38658705,0.013574162,0.13352852,0.13324493,0.3718262,0.5416507,0.7420282
1783532938.6046,81,right_handIndex_1_joint,-0.39756694,-0.058940295,0.16625217,0.13324493,0.3718262,0.5416507,0.7420282
1783532938.6046,81,right_handIndex_2_joint,-0.40395015,-0.101100214,0.18527725,0.13324493,0.3718262,0.5416507,0.7420282
1783532938.6046,81,right_handIndex_3_joint,-0.40752548,-0.124709815,0.19593187,0.13324493,0.3718262,0.5416507,0.7420282
1783532938.6046,81,right_handIndexEnd_joint,-0.41007918,-0.14157355,0.20354226,0.13324493,0.3718262,0.5416507,0.7420282
1783532938.6046,81,right_handMidStart_joint,-0.39550534,0.010783977,0.124807686,0.16933756,0.3209578,0.5311765,0.7656126
1783532938.6046,81,right_handMid_1_joint,-0.41296422,-0.0593063,0.14849117,0.16933756,0.3209578,0.5311765,0.7656126
1783532938.6046,81,right_handMid_2_joint,-0.42523283,-0.108558185,0.16513382,0.16933756,0.3209578,0.5311765,0.7656126
1783532938.6046,81,right_handMid_3_joint,-0.4323107,-0.13697298,0.17473526,0.16933756,0.3209578,0.5311765,0.7656126
1783532938.6046,81,right_handMidEnd_joint,-0.43702945,-0.15591574,0.18113628,0.16933759,0.32095778,0.5311765,0.7656126
1783532938.6046,81,right_handPinkyStart_joint,-0.41173914,0.008023615,0.10249517,0.23214352,0.23121037,0.5379989,0.77666503
1783532938.6046,81,right_handPinky_1_joint,-0.43169093,-0.0518599,0.10943958,0.23214352,0.23121037,0.5379989,0.77666503
1783532938.6046,81,right_handPinky_2_joint,-0.4440147,-0.088847384,0.113729276,0.23214352,0.23121037,0.5379989,0.77666503
1783532938.6046,81,right_handPinky_3_joint,-0.45046934,-0.108221635,0.11597567,0.23214354,0.23121038,0.537999,0.776665
1783532938.6046,81,right_handPinkyEnd_joint,-0.45633754,-0.12583433,0.118018046,0.23214352,0.23121037,0.5379989,0.77666503
1783532938.6046,81,right_handRingStart_joint,-0.4030855,0.008997994,0.11453862,0.20176965,0.27696964,0.5351433,0.77213913
1783532938.6046,81,right_handRing_1_joint,-0.42221227,-0.05653482,0.12933093,0.20176965,0.27696964,0.5351433,0.77213913
1783532938.6046,81,right_handRing_2_joint,-0.43571323,-0.102792926,0.13977231,0.20176965,0.27696964,0.5351433,0.77213913
1783532938.6046,81,right_handRing_3_joint,-0.44415182,-0.13170452,0.1462986,0.20176965,0.27696964,0.5351433,0.77213913
1783532938.6046,81,right_handRingEnd_joint,-0.44977695,-0.15097961,0.15064894,0.20176965,0.27696964,0.5351433,0.77213913
1783532938.6046,81,right_handThumbStart_joint,-0.37678936,0.0108658215,0.12796654,0.38142395,0.83055896,0.1491393,0.37741935
1783532938.6046,81,right_handThumb_1_joint,-0.3540161,-0.029202633,0.15551978,0.38142395,0.83055896,0.14913929,0.37741935
1783532938.6046,81,right_handThumb_2_joint,-0.33773735,-0.05784102,0.17521583,0.38142392,0.83055896,0.14913927,0.37741935
1783532938.6046,81,right_handThumbEnd_joint,-0.3268847,-0.07693353,0.18834578,0.38142395,0.83055896,0.14913926,0.37741935
1783532938.6046,81,camera,0.11125079,0.07213726,-0.016139485,-0.074714,-0.0772367,-0.70063347,0.70538294
1783532938.6382,82,root,-0.0009323786,0.01952037,-0.0040700366,-0.04256025,-0.005648384,-0.0043390268,0.9990685
1783532938.6382,82,hips_joint,-0.0009323786,0.01952037,-0.0040700366,-0.04256025,-0.005648384,-0.0043390268,0.9990685
1783532938.6382,82,left_upLeg_joint,0.09935839,-0.0061084484,0.00017964511,0.5974432,-0.37570783,0.60422856,-0.36988235
1783532938.6382,82,left_leg_joint,0.094095856,-0.38337916,0.18716916,-0.31974313,0.61901784,-0.35703024,0.62218213
1783532938.6382,82,left_foot_joint,0.08435186,-0.76757574,-0.060676325,0.6334433,-0.29011595,0.66474926,-0.26961213
1783532938.6382,82,left_toes_joint,0.076584674,-0.87577176,0.04151842,0.6769489,-0.16479751,0.70380086,-0.13873121
1783532938.6382,82,left_toesEnd_joint,0.07385608,-0.9011519,0.096546285,0.67694896,-0.1647973,0.7038008,-0.13873142
1783532938.6382,82,right_upLeg_joint,-0.10170117,-0.004456987,-0.002163972,0.38607407,0.5551415,0.44101626,0.5901435
1783532938.6382,82,right_leg_joint,-0.09944623,-0.40414906,0.13035256,0.5993545,0.31587425,0.6646282,0.3150668
1783532938.6382,82,right_foot_joint,-0.06148221,-0.7688263,-0.142958,0.27702257,0.6182718,0.32890448,0.65789086
1783532938.6382,82,right_toes_joint,-0.06433222,-0.8843731,-0.04887681,0.15481713,0.6595706,0.19824865,0.708305
1783532938.6382,82,right_toesEnd_joint,-0.067445785,-0.9137972,0.0040773866,0.15481764,0.6595707,0.19824822,0.7083048
1783532938.6382,82,spine_1_joint,-0.00093239837,0.01952037,-0.004070037,0.4659506,0.5314581,0.47200567,0.526928
1783532938.6382,82,spine_2_joint,-0.0015352017,0.07665266,-0.010988905,0.46652228,0.5355602,0.4714553,0.52274483
1783532938.6382,82,spine_3_joint,-0.002582069,0.13377982,-0.017897198,0.4823972,0.5219532,0.4871276,0.5075082
1783532938.6382,82,spine_4_joint,-0.0036143404,0.18672898,-0.021070536,0.5132348,0.4920351,0.51411164,0.4797718
1783532938.6382,82,spine_5_joint,-0.004521375,0.25708932,-0.01737613,0.56005514,0.4391346,0.5536928,0.43234622
1783532938.6382,82,spine_6_joint,-0.004401241,0.3480432,0.005724908,0.5769991,0.41726583,0.5687388,0.4117007
1783532938.6382,82,spine_7_joint,-0.003867889,0.4495301,0.039907005,0.5712777,0.42881128,0.55872643,0.42141166
1783532938.6382,82,left_shoulder_1_joint,0.08627455,0.55859387,0.06409469,-0.58611155,0.06314386,-0.06510258,0.8051385
1783532938.6382,82,left_arm_joint,0.2289381,0.5326515,0.060415596,-0.3983108,0.4081006,-0.3638704,0.73647875
1783532938.6382,82,left_forearm_joint,0.33589244,0.30361924,-0.022372097,-0.51608235,0.24854636,-0.5025538,0.64755213
1783532938.6382,82,left_hand_joint,0.43539757,0.06046291,0.030371113,0.8018686,-0.5009428,0.2517775,-0.20657052
1783532938.6382,82,left_handIndexStart_joint,0.43431544,0.036732655,0.048487622,0.7836401,-0.51373166,0.30291748,-0.17386597
1783532938.6382,82,left_handIndex_1_joint,0.4574964,-0.03638973,0.072268836,0.7836401,-0.51373166,0.30291748,-0.17386597
1783532938.6382,82,left_handIndex_2_joint,0.47097373,-0.07890275,0.086095124,0.7836401,-0.51373166,0.30291748,-0.17386597
1783532938.6382,82,left_handIndex_3_joint,0.47852102,-0.10271004,0.09383784,0.7836401,-0.51373166,0.30291748,-0.17386597
1783532938.6382,82,left_handIndexEnd_joint,0.48391196,-0.119715236,0.09936836,0.7836401,-0.51373166,0.30291748,-0.17386597
1783532938.6382,82,left_handMidStart_joint,0.4427162,0.036066175,0.038877245,0.8024722,-0.5005648,0.24941362,-0.20800576
1783532938.6382,82,left_handMid_1_joint,0.47118038,-0.032889772,0.05347623,0.8024722,-0.5005648,0.24941362,-0.20800576
1783532938.6382,82,left_handMid_2_joint,0.49118224,-0.081345305,0.06373497,0.8024722,-0.5005648,0.24941362,-0.20800576
1783532938.6382,82,left_handMid_3_joint,0.5027218,-0.10930042,0.069653474,0.8024722,-0.5005648,0.24941362,-0.20800576
1783532938.6382,82,left_handMidEnd_joint,0.5104148,-0.12793717,0.073599145,0.8024722,-0.5005648,0.24941362,-0.20800576
1783532938.6382,82,left_handPinkyStart_joint,0.45713535,0.03776459,0.015250845,0.80703,-0.5045525,0.15502055,-0.26476103
1783532938.6382,82,left_handPinky_1_joint,0.48525319,-0.019162152,0.014173912,0.80703,-0.5045525,0.15502055,-0.26476103
1783532938.6382,82,left_handPinky_2_joint,0.5026201,-0.054322787,0.013508747,0.80703,-0.5045525,0.15502055,-0.26476103
1783532938.6382,82,left_handPinky_3_joint,0.511717,-0.07274026,0.013160327,0.80703,-0.5045525,0.15502055,-0.26476103
1783532938.6382,82,left_handPinkyEnd_joint,0.519987,-0.08948341,0.012843583,0.80703,-0.5045525,0.15502055,-0.26476103
1783532938.6382,82,left_handRingStart_joint,0.44952673,0.03635522,0.027939511,0.8057676,-0.50313187,0.2029597,-0.23749657
1783532938.6382,82,left_handRing_1_joint,0.47825885,-0.027015392,0.03409291,0.8057676,-0.50313187,0.2029597,-0.23749657
1783532938.6382,82,left_handRing_2_joint,0.49854034,-0.071747586,0.038436487,0.8057676,-0.50313187,0.2029597,-0.23749657
1783532938.6382,82,left_handRing_3_joint,0.5112163,-0.099705204,0.041151218,0.8057676,-0.50313187,0.2029597,-0.23749657
1783532938.6382,82,left_handRingEnd_joint,0.5196669,-0.11834363,0.04296104,0.8057676,-0.50313187,0.2029597,-0.23749657
1783532938.6382,82,left_handThumbStart_joint,0.42450163,0.03324479,0.043410614,0.4001073,-0.18138437,0.7779807,-0.4491774
1783532938.6382,82,left_handThumb_1_joint,0.4096667,-0.012078953,0.06808749,0.4001073,-0.18138437,0.7779807,-0.4491774
1783532938.6382,82,left_handThumb_2_joint,0.39906168,-0.04447438,0.085727535,0.4001073,-0.18138437,0.7779807,-0.4491774
1783532938.6382,82,left_handThumbEnd_joint,0.39199167,-0.066071324,0.09748756,0.40010726,-0.18138431,0.7779807,-0.4491774
1783532938.6382,82,neck_1_joint,-0.002927261,0.58015764,0.07059344,0.6118496,0.36662617,0.60165125,0.35950136
1783532938.6382,82,neck_2_joint,-0.0027111988,0.6065945,0.08477249,0.6009501,0.38226122,0.5945303,0.37318808
1783532938.6382,82,neck_3_joint,-0.002678383,0.64272183,0.10194271,0.58336586,0.40612733,0.583287,0.39309227
1783532938.6382,82,neck_4_joint,-0.003091424,0.68001837,0.116392635,0.56636006,0.427948,0.57144374,0.41176343
1783532938.6382,82,head_joint,-0.0039493735,0.72414047,0.13057415,0.5074888,0.49480838,0.5223612,0.47408718
1783532938.6382,82,jaw_joint,-0.003029893,0.6988987,0.13403927,0.5074888,0.49480838,0.5223612,0.47408718
1783532938.6382,82,chin_joint,-0.00056724367,0.642942,0.23080078,0.5074888,0.49480838,0.5223612,0.47408718
1783532938.6382,82,left_eye_joint,0.027762892,0.752557,0.21885376,0.51178485,0.49036366,0.526476,0.46951354
1783532938.6382,82,left_eyeLowerLid_joint,0.027762892,0.752557,0.21885376,0.51178485,0.49036366,0.526476,0.46951354
1783532938.6382,82,left_eyeUpperLid_joint,0.027762892,0.752557,0.21885376,0.51178485,0.49036366,0.526476,0.46951354
1783532938.6382,82,left_eyeball_joint,0.027762892,0.752557,0.21885376,0.51178485,0.49036366,0.526476,0.46951354
1783532938.6382,82,nose_joint,-0.003187089,0.7174511,0.24036792,0.5117874,0.49036092,0.52647847,0.4695107
1783532938.6382,82,right_eye_joint,-0.036830053,0.75024635,0.21916145,0.51178485,0.49036366,0.526476,0.46951354
1783532938.6382,82,right_eyeLowerLid_joint,-0.036830053,0.75024635,0.21916145,0.51178485,0.49036366,0.526476,0.46951354
1783532938.6382,82,right_eyeUpperLid_joint,-0.036830053,0.75024635,0.21916145,0.51178485,0.49036366,0.526476,0.46951354
1783532938.6382,82,right_eyeball_joint,-0.036830053,0.75024635,0.21916145,0.51178485,0.49036366,0.526476,0.46951354
1783532938.6382,82,right_shoulder_1_joint,-0.09241899,0.5590064,0.06775407,0.7912467,0.1042928,0.050061136,0.6004546
1783532938.6382,82,right_arm_joint,-0.23358577,0.5263469,0.07442992,0.70988995,0.44261876,0.3537431,0.41834307
1783532938.6382,82,right_forearm_joint,-0.32878453,0.28047138,0.039345205,0.5927378,0.586851,0.22586715,0.5032415
1783532938.6382,82,right_hand_joint,-0.38483858,0.033126716,0.12587176,0.17052317,0.33274984,0.5335612,0.758625
1783532938.6382,82,right_handIndexStart_joint,-0.37935817,0.012164593,0.14475226,0.13369249,0.38375896,0.54449326,0.73374546
1783532938.6382,82,right_handIndex_1_joint,-0.38839394,-0.060247242,0.17828761,0.13369249,0.38375896,0.54449326,0.73374546
1783532938.6382,82,right_handIndex_2_joint,-0.39364684,-0.102347486,0.19778459,0.13369249,0.38375896,0.54449326,0.73374546
1783532938.6382,82,right_handIndex_3_joint,-0.3965892,-0.1259237,0.20870349,0.13369249,0.38375896,0.54449326,0.73374546
1783532938.6382,82,right_handIndexEnd_joint,-0.39869076,-0.14276357,0.21650267,0.13369249,0.38375896,0.54449326,0.73374546
1783532938.6382,82,right_handMidStart_joint,-0.38843298,0.009161775,0.13626677,0.16997185,0.3334223,0.5339855,0.75815475
1783532938.6382,82,right_handMid_1_joint,-0.40419695,-0.061003074,0.16089924,0.16997185,0.3334223,0.5339855,0.75815475
1783532938.6382,82,right_handMid_2_joint,-0.41527453,-0.11030736,0.17820872,0.16997185,0.3334223,0.5339855,0.75815475
1783532938.6382,82,right_handMid_3_joint,-0.42166525,-0.13875239,0.18819489,0.16997185,0.3334223,0.5339855,0.75815475
1783532938.6382,82,right_handMidEnd_joint,-0.42592594,-0.15771529,0.19485238,0.16997188,0.3334223,0.5339855,0.75815475
1783532938.6382,82,right_handPinkyStart_joint,-0.40514073,0.00596164,0.1143666,0.23352721,0.24434586,0.5405112,0.7704594
1783532938.6382,82,right_handPinky_1_joint,-0.42395508,-0.054173898,0.122245036,0.23352721,0.24434586,0.5405112,0.7704594
1783532938.6382,82,right_handPinky_2_joint,-0.4355763,-0.09131704,0.12711164,0.23352721,0.24434586,0.5405112,0.7704594
1783532938.6382,82,right_handPinky_3_joint,-0.44166294,-0.11077282,0.12966022,0.23352723,0.24434586,0.5405112,0.7704594
1783532938.6382,82,right_handPinkyEnd_joint,-0.4471966,-0.12845963,0.1319773,0.23352721,0.24434586,0.5405112,0.7704594
1783532938.6382,82,right_handRingStart_joint,-0.39622292,0.007171738,0.12619404,0.202774,0.28979185,0.53779626,0.76529646
1783532938.6382,82,right_handRing_1_joint,-0.41393676,-0.05853525,0.14194225,0.202774,0.28979185,0.53779626,0.76529646
1783532938.6382,82,right_handRing_2_joint,-0.4264404,-0.104916304,0.15305835,0.202774,0.28979185,0.53779626,0.76529646
1783532938.6382,82,right_handRing_3_joint,-0.43425563,-0.13390474,0.16000634,0.202774,0.28979185,0.53779626,0.76529646
1783532938.6382,82,right_handRingEnd_joint,-0.43946517,-0.15323104,0.1646378,0.202774,0.28979185,0.53779626,0.76529646
1783532938.6382,82,right_handThumbStart_joint,-0.36965165,0.0095676705,0.13898124,0.37498257,0.8385715,0.1443516,0.36789766
1783532938.6382,82,right_handThumb_1_joint,-0.34559304,-0.029907279,0.16629778,0.37498257,0.8385715,0.1443516,0.36789766
1783532938.6382,82,right_handThumb_2_joint,-0.32839555,-0.058121417,0.1858246,0.3749825,0.83857155,0.14435156,0.36789757
1783532938.6382,82,right_handThumbEnd_joint,-0.31693038,-0.0769311,0.19884172,0.3749825,0.83857155,0.14435153,0.36789757
1783532938.6382,82,camera,0.11102425,0.07205241,-0.016444188,-0.07510139,-0.077933565,-0.7003956,0.70550126
1783532938.6703,83,root,-0.0009876237,0.019809928,-0.004068579,-0.04484184,-0.006991622,-0.004845367,0.99895793
1783532938.6703,83,hips_joint,-0.0009876237,0.019809928,-0.004068579,-0.04484184,-0.006991622,-0.004845367,0.99895793
1783532938.6703,83,left_upLeg_joint,0.099267386,-0.00589123,0.00057009485,0.5988263,-0.37051404,0.60966396,-0.36391813
1783532938.6703,83,left_leg_joint,0.09171215,-0.37961093,0.19448373,-0.31559446,0.6195833,-0.35831967,0.6229958
1783532938.6703,83,left_foot_joint,0.08048393,-0.76262236,-0.05512718,0.63052624,-0.29311958,0.666266,-0.2694575
1783532938.6703,83,left_toes_joint,0.071592815,-0.87122184,0.046546772,0.6746539,-0.16829957,0.7052609,-0.13829188
1783532938.6703,83,left_toesEnd_joint,0.068473116,-0.89682966,0.10144821,0.67465395,-0.16829935,0.7052608,-0.13829207
1783532938.6703,83,right_upLeg_joint,-0.10178348,-0.0040659476,-0.0023260391,0.38849488,0.5509408,0.44113454,0.5923986
1783532938.6703,83,right_leg_joint,-0.10335364,-0.40441203,0.12821119,0.60211617,0.30598882,0.6686802,0.3109557
1783532938.6703,83,right_foot_joint,-0.06607089,-0.76309663,-0.15300868,0.2852927,0.61219305,0.33462945,0.65715337
1783532938.6703,83,right_toes_joint,-0.07001806,-0.8806997,-0.061551664,0.16408956,0.65516955,0.20400964,0.7086659
1783532938.6703,83,right_toesEnd_joint,-0.07355246,-0.9112821,-0.009284668,0.16409004,0.6551696,0.20400919,0.70866585
1783532938.6703,83,spine_1_joint,-0.0009876435,0.019809928,-0.0040685795,0.46433696,0.53225034,0.4714658,0.5280351
1783532938.6703,83,spine_2_joint,-0.0016288226,0.076913185,-0.011219852,0.4652882,0.5365951,0.47145322,0.52278554
1783532938.6703,83,spine_3_joint,-0.0028031725,0.13402177,-0.018260013,0.48205808,0.5227484,0.48794594,0.5062243
1783532938.6703,83,spine_4_joint,-0.004008264,0.18697043,-0.021380624,0.51397526,0.49232364,0.5155685,0.4771123
1783532938.6703,83,spine_5_joint,-0.0051672594,0.25730926,-0.017361974,0.5617052,0.43891943,0.5551181,0.4285803
1783532938.6703,83,spine_6_joint,-0.0053059617,0.34809595,0.0063874624,0.57908356,0.41718757,0.56954616,0.4077183
1783532938.6703,83,spine_7_joint,-0.004951405,0.44934,0.041284643,0.57314336,0.42992595,0.5583221,0.4182669
1783532938.6703,83,left_shoulder_1_joint,0.08502936,0.558574,0.06530545,-0.5862929,0.06406817,-0.06494179,0.80494636
1783532938.6703,83,left_arm_joint,0.22766487,0.53251225,0.06139011,-0.3993598,0.4067039,-0.366563,0.7353472
1783532938.6703,83,left_forearm_joint,0.33417836,0.30271474,-0.01983046,-0.5167511,0.2475801,-0.5069076,0.6439856
1783532938.6703,83,left_hand_joint,0.43158492,0.05919489,0.03510722,0.8002563,-0.5027913,0.25583607,-0.2033197
1783532938.6703,83,left_handIndexStart_joint,0.430256,0.03561402,0.053401493,0.78176767,-0.5153655,0.3068652,-0.17050497
1783532938.6703,83,left_handIndex_1_joint,0.45278025,-0.037503596,0.0778199,0.78176767,-0.5153655,0.3068652,-0.17050497
1783532938.6703,83,left_handIndex_2_joint,0.46587577,-0.080013834,0.092016645,0.78176767,-0.5153655,0.3068652,-0.17050497
1783532938.6703,83,left_handIndex_3_joint,0.47320926,-0.10381958,0.09996683,0.78176767,-0.5153655,0.3068652,-0.17050497
1783532938.6703,83,left_handIndexEnd_joint,0.47844744,-0.120823674,0.10564553,0.78176767,-0.5153655,0.3068652,-0.17050497
1783532938.6703,83,left_handMidStart_joint,0.4386826,0.034807418,0.043824542,0.80087084,-0.50242245,0.25347745,-0.20476136
1783532938.6703,83,left_handMid_1_joint,0.4665528,-0.03425632,0.05904668,0.80087084,-0.50242245,0.25347745,-0.20476136
1783532938.6703,83,left_handMid_2_joint,0.4861373,-0.082787596,0.069743305,0.80087084,-0.50242245,0.25347745,-0.20476136
1783532938.6703,83,left_handMid_3_joint,0.49743605,-0.11078641,0.07591444,0.80087084,-0.50242245,0.25347745,-0.20476136
1783532938.6703,83,left_handMidEnd_joint,0.5049686,-0.12945229,0.080028534,0.80087084,-0.50242245,0.25347745,-0.20476136
1783532938.6703,83,left_handPinkyStart_joint,0.4531919,0.03621028,0.020233966,0.80578655,-0.5066969,0.15933272,-0.26187724
1783532938.6703,83,left_handPinky_1_joint,0.48086214,-0.020942874,0.019687323,0.80578655,-0.5066969,0.15933272,-0.26187724
1783532938.6703,83,left_handPinky_2_joint,0.4979526,-0.056243353,0.01934969,0.80578655,-0.5066969,0.15933272,-0.26187724
1783532938.6703,83,left_handPinky_3_joint,0.5069047,-0.07473408,0.019172834,0.80578655,-0.5066969,0.15933272,-0.26187724
1783532938.6703,83,left_handPinkyEnd_joint,0.5150431,-0.09154382,0.019012058,0.80578655,-0.5066969,0.15933272,-0.26187724
1783532938.6703,83,left_handRingStart_joint,0.44553095,0.034958597,0.03290766,0.8043459,-0.50513214,0.20715596,-0.23442656
1783532938.6703,83,left_handRing_1_joint,0.4737409,-0.028587248,0.039642554,0.8043459,-0.50513214,0.20715596,-0.23442656
1783532938.6703,83,left_handRing_2_joint,0.49365383,-0.07344314,0.044396598,0.8043459,-0.50513214,0.20715596,-0.23442656
1783532938.6703,83,left_handRing_3_joint,0.5060994,-0.10147806,0.04736788,0.8043459,-0.50513214,0.20715596,-0.23442656
1783532938.6703,83,left_handRingEnd_joint,0.5143964,-0.120168015,0.04934873,0.8043459,-0.50513214,0.20715596,-0.23442656
1783532938.6703,83,left_handThumbStart_joint,0.42043155,0.03216463,0.048318733,0.39982665,-0.17923085,0.78109753,-0.44486186
1783532938.6703,83,left_handThumb_1_joint,0.40515816,-0.012849545,0.073292956,0.39982665,-0.17923085,0.78109753,-0.44486186
1783532938.6703,83,left_handThumb_2_joint,0.39423972,-0.04502368,0.09114553,0.39982665,-0.17923081,0.78109753,-0.44486186
1783532938.6703,83,left_handThumbEnd_joint,0.38696077,-0.066473104,0.103047244,0.3998266,-0.17923078,0.78109753,-0.44486186
1783532938.6703,83,neck_1_joint,-0.0041913358,0.57985944,0.072432384,0.6138605,0.36748806,0.60092753,0.3563907
1783532938.6703,83,neck_2_joint,-0.003961012,0.6062445,0.08670736,0.6029334,0.38317472,0.59388596,0.3700656
1783532938.6703,83,neck_3_joint,-0.0039228695,0.64230895,0.104009286,0.5853172,0.40709832,0.5827689,0.3899436
1783532938.6703,83,neck_4_joint,-0.0043507353,0.67955124,0.11859802,0.5682783,0.42897445,0.57104445,0.40859473
1783532938.6703,83,head_joint,-0.0052443,0.7236187,0.1329461,0.50927514,0.49603456,0.52235466,0.4708874
1783532938.6703,83,jaw_joint,-0.0042325896,0.6983671,0.13631298,0.50927514,0.49603456,0.52235466,0.4708874
1783532938.6703,83,chin_joint,-0.0010125798,0.64206517,0.23285179,0.50927514,0.49603456,0.52235466,0.4708874
1783532938.6703,83,left_eye_joint,0.026935544,0.7518027,0.22113103,0.5135818,0.49157417,0.5264415,0.4663139
1783532938.6703,83,left_eyeLowerLid_joint,0.026935544,0.7518027,0.22113103,0.5135818,0.49157417,0.5264415,0.4663139
1783532938.6703,83,left_eyeUpperLid_joint,0.026935544,0.7518027,0.22113103,0.5135818,0.49157417,0.5264415,0.4663139
1783532938.6703,83,left_eyeball_joint,0.026935544,0.7518027,0.22113103,0.5135818,0.49157417,0.5264415,0.4663139
1783532938.6703,83,nose_joint,-0.0037818043,0.7165313,0.24270786,0.5135844,0.49157143,0.52644396,0.46631107
1783532938.6703,83,right_eye_joint,-0.03764754,0.7493084,0.22183053,0.5135818,0.49157417,0.5264415,0.4663139
1783532938.6703,83,right_eyeLowerLid_joint,-0.03764754,0.7493084,0.22183053,0.5135818,0.49157417,0.5264415,0.4663139
1783532938.6703,83,right_eyeUpperLid_joint,-0.03764754,0.7493084,0.22183053,0.5135818,0.49157417,0.5264415,0.4663139
1783532938.6703,83,right_eyeball_joint,-0.03764754,0.7493084,0.22183053,0.5135818,0.49157417,0.5264415,0.4663139
1783532938.6703,83,right_shoulder_1_joint,-0.09363857,0.55846286,0.0700702,0.7905942,0.1108236,0.04568404,0.60049313
1783532938.6703,83,right_arm_joint,-0.23451936,0.5250872,0.07889827,0.7095441,0.45309758,0.34485704,0.41511878
1783532938.6703,83,right_forearm_joint,-0.32802734,0.27790686,0.048787612,0.5856434,0.6022538,0.21900034,0.496338
1783532938.6703,83,right_hand_joint,-0.3759025,0.0306213,0.14025424,0.16901198,0.34918365,0.53734684,0.748842
1783532938.6703,83,right_handIndexStart_joint,-0.36940807,0.010060393,0.159254,0.13193685,0.39948466,0.5481624,0.7228574
1783532938.6703,83,right_handIndex_1_joint,-0.37582153,-0.062050264,0.19401985,0.13193685,0.39948466,0.5481624,0.7228574
1783532938.6703,83,right_handIndex_2_joint,-0.37954986,-0.1039754,0.2142322,0.13193685,0.39948466,0.5481624,0.7228574
1783532938.6703,83,right_handIndex_3_joint,-0.3816384,-0.12745355,0.22555175,0.13193685,0.39948466,0.5481624,0.7228574
1783532938.6703,83,right_handIndexEnd_joint,-0.38313013,-0.14422338,0.2336371,0.13193685,0.39948466,0.5481624,0.7228574
1783532938.6703,83,right_handMidStart_joint,-0.3786486,0.0067323325,0.15107416,0.16846246,0.34984595,0.5377689,0.7483536
1783532938.6703,83,right_handMid_1_joint,-0.39209005,-0.06341141,0.17710401,0.16846246,0.34984595,0.5377689,0.7483536
1783532938.6703,83,right_handMid_2_joint,-0.4015356,-0.11270086,0.19539544,0.16846246,0.34984595,0.5377689,0.7483536
1783532938.6703,83,right_handMid_3_joint,-0.40698478,-0.14113732,0.2059481,0.16846246,0.34984595,0.5377689,0.7483536
1783532938.6703,83,right_handMidEnd_joint,-0.41061774,-0.16009453,0.21298328,0.16846246,0.34984595,0.5377689,0.7483536
1783532938.6703,83,right_handPinkyStart_joint,-0.39589304,0.0028428196,0.12970816,0.23302805,0.2617321,0.5441491,0.76229674
1783532938.6703,83,right_handPinky_1_joint,-0.41308883,-0.057583626,0.13894309,0.23302805,0.2617321,0.5441491,0.76229674
1783532938.6703,83,right_handPinky_2_joint,-0.42371032,-0.094906464,0.14464758,0.23302805,0.2617321,0.5441491,0.76229674
1783532938.6703,83,right_handPinky_3_joint,-0.42927334,-0.114456356,0.14763501,0.23302807,0.2617321,0.5441491,0.76229674
1783532938.6703,83,right_handPinkyEnd_joint,-0.43433094,-0.13222873,0.15035108,0.23302805,0.2617321,0.5441491,0.76229674
1783532938.6703,83,right_handRingStart_joint,-0.38667342,0.004423027,0.14125721,0.20176008,0.30672622,0.54149693,0.75630236
1783532938.6703,83,right_handRing_1_joint,-0.40241808,-0.0614355,0.1584024,0.20176008,0.30672622,0.54149693,0.75630236
1783532938.6703,83,right_handRing_2_joint,-0.41353166,-0.107923515,0.1705046,0.20176008,0.30672622,0.54149693,0.75630236
1783532938.6703,83,right_handRing_3_joint,-0.42047814,-0.13697882,0.17806894,0.20176008,0.30672622,0.54149693,0.75630236
1783532938.6703,83,right_handRingEnd_joint,-0.4251085,-0.15634969,0.18311128,0.20176008,0.30672622,0.54149693,0.75630236
1783532938.6703,83,right_handThumbStart_joint,-0.35981208,0.0076011634,0.15324278,0.36484334,0.84894353,0.13730659,0.35683528
1783532938.6703,83,right_handThumb_1_joint,-0.3340869,-0.030925674,0.18039386,0.36484334,0.84894353,0.13730657,0.35683528
1783532938.6703,83,right_handThumb_2_joint,-0.31569815,-0.058462076,0.19980235,0.36484334,0.84894353,0.13730656,0.35683528
1783532938.6703,83,right_handThumbEnd_joint,-0.30343884,-0.07681994,0.2127406,0.3648433,0.84894353,0.13730654,0.35683528
1783532938.6703,83,camera,0.110851645,0.071990974,-0.016817994,-0.07554811,-0.0781899,-0.70021796,0.70560163
1783532938.7041,84,root,-0.0009839348,0.02008823,-0.004023233,-0.046226624,-0.007303129,-0.005523482,0.99888897
1783532938.7041,84,hips_joint,-0.0009839348,0.02008823,-0.004023233,-0.046226624,-0.007303129,-0.005523482,0.99888897
1783532938.7041,84,left_upLeg_joint,0.09923322,-0.005734913,0.0007539403,0.59980434,-0.3678266,0.61315954,-0.35912895
1783532938.7041,84,left_leg_joint,0.089749195,-0.37700048,0.19924282,-0.3119385,0.6211824,-0.3598024,0.6223896
1783532938.7041,84,left_foot_joint,0.075732395,-0.7590417,-0.051709976,0.6286342,-0.2966329,0.6670595,-0.2680658
1783532938.7041,84,left_toes_joint,0.0659084,-0.8679212,0.04957778,0.67346215,-0.17210783,0.7057761,-0.13677509
1783532938.7041,84,left_toesEnd_joint,0.062543236,-0.89369464,0.10438713,0.67346215,-0.1721076,0.70577604,-0.1367753
1783532938.7041,84,right_upLeg_joint,-0.10181301,-0.0036470436,-0.0022824546,0.39011946,0.5474281,0.4416934,0.59416866
1783532938.7041,84,right_leg_joint,-0.106217265,-0.40453,0.12653114,0.6035677,0.2971554,0.67398906,0.305194
1783532938.7041,84,right_foot_joint,-0.06728794,-0.75670254,-0.16258533,0.29188284,0.6061345,0.34236187,0.6558916
1783532938.7041,84,right_toes_joint,-0.07187494,-0.87636685,-0.07387299,0.17170851,0.6504698,0.21184103,0.7088926
1783532938.7041,84,right_toesEnd_joint,-0.07575868,-0.9081361,-0.022343883,0.17170902,0.65046996,0.2118406,0.70889246
1783532938.7041,84,spine_1_joint,-0.0009839545,0.02008823,-0.0040232334,0.46389228,0.5327985,0.47059888,0.52864575
1783532938.7041,84,spine_2_joint,-0.0015983307,0.0771739,-0.011315699,0.46526012,0.5372211,0.47080588,0.5227506
1783532938.7041,84,spine_3_joint,-0.0027798521,0.13427344,-0.018427558,0.48280108,0.52305996,0.48767382,0.50545555
1783532938.7041,84,spine_4_joint,-0.0039913524,0.18722486,-0.021497708,0.5155339,0.49213368,0.5154914,0.47570723
1783532938.7041,84,spine_5_joint,-0.005113445,0.25755146,-0.017261144,0.56391215,0.43820003,0.5547985,0.42682755
1783532938.7041,84,spine_6_joint,-0.005065361,0.34823334,0.006885761,0.5816581,0.416404,0.56855994,0.40622708
1783532938.7041,84,spine_7_joint,-0.004327885,0.4493394,0.042174518,0.5755385,0.43011004,0.5560929,0.41775677
1783532938.7041,84,left_shoulder_1_joint,0.08613424,0.5582787,0.06572091,-0.587158,0.06530295,-0.06847536,0.80392253
1783532938.7041,84,left_arm_joint,0.22858664,0.5311857,0.06215481,-0.3973039,0.40529323,-0.37561744,0.73266476
1783532938.7041,84,left_forearm_joint,0.33213452,0.2991251,-0.016422743,-0.513199,0.24885133,-0.5203351,0.6355708
1783532938.7041,84,left_hand_joint,0.4218103,0.053439178,0.041926727,0.79235554,-0.5118876,0.26579478,-0.19873673
1783532938.7041,84,left_handIndexStart_joint,0.41958836,0.0300841,0.06042279,0.7732342,-0.5241425,0.31629458,-0.16535008
1783532938.7041,84,left_handIndex_1_joint,0.4397033,-0.043413576,0.0857853,0.7732342,-0.5241425,0.31629458,-0.16535008
1783532938.7041,84,left_handIndex_2_joint,0.45139802,-0.08614479,0.100530945,0.7732342,-0.5241425,0.31629458,-0.16535008
1783532938.7041,84,left_handIndex_3_joint,0.45794708,-0.11007427,0.108788505,0.7732342,-0.5241425,0.31629458,-0.16535008
1783532938.7041,84,left_handIndexEnd_joint,0.46262497,-0.12716675,0.114686765,0.7732342,-0.5241425,0.31629458,-0.16535008
1783532938.7041,84,left_handMidStart_joint,0.42809793,0.028942442,0.050953973,0.79299587,-0.5115304,0.2634591,-0.20020717
1783532938.7041,84,left_handMid_1_joint,0.4537797,-0.040746145,0.067146644,0.79299587,-0.5115304,0.2634591,-0.20020717
1783532938.7041,84,left_handMid_2_joint,0.47182634,-0.08971651,0.078525275,0.79299587,-0.5115304,0.2634591,-0.20020717
1783532938.7041,84,left_handMid_3_joint,0.48223788,-0.117968634,0.08508987,0.79299587,-0.5115304,0.2634591,-0.20020717
1783532938.7041,84,left_handMidEnd_joint,0.48917893,-0.13680339,0.08946627,0.79299587,-0.5115304,0.2634591,-0.20020717
1783532938.7041,84,left_handPinkyStart_joint,0.44291294,0.029698571,0.027524408,0.7986695,-0.51598835,0.17020123,-0.25867742
1783532938.7041,84,left_handPinky_1_joint,0.4689215,-0.028231358,0.027836828,0.7986695,-0.51598835,0.17020123,-0.25867742
1783532938.7041,84,left_handPinky_2_joint,0.48498562,-0.06401161,0.028029794,0.7986695,-0.51598835,0.17020123,-0.25867742
1783532938.7041,84,left_handPinky_3_joint,0.49340016,-0.08275364,0.028130872,0.7986695,-0.51598835,0.17020123,-0.25867742
1783532938.7041,84,left_handPinkyEnd_joint,0.5010497,-0.09979186,0.02822276,0.7986695,-0.51598835,0.17020123,-0.25867742
1783532938.7041,84,left_handRingStart_joint,0.43507332,0.028790707,0.040117815,0.7968424,-0.51433647,0.2176056,-0.23053707
1783532938.7041,84,left_handRing_1_joint,0.46135223,-0.03547425,0.047776856,0.7968424,-0.51433647,0.2176056,-0.23053707
1783532938.7041,84,left_handRing_2_joint,0.47990206,-0.08083774,0.053183235,0.7968424,-0.51433647,0.2176056,-0.23053707
1783532938.7041,84,left_handRing_3_joint,0.49149573,-0.10918993,0.056562223,0.7968424,-0.51433647,0.2176056,-0.23053707
1783532938.7041,84,left_handRingEnd_joint,0.49922484,-0.12809138,0.058814883,0.7968424,-0.51433647,0.2176056,-0.23053707
1783532938.7041,84,left_handThumbStart_joint,0.40972745,0.026870603,0.055256706,0.39473325,-0.17868413,0.7906051,-0.4326668
1783532938.7041,84,left_handThumb_1_joint,0.39287034,-0.01744124,0.08046688,0.39473325,-0.17868413,0.7906051,-0.4326668
1783532938.7041,84,left_handThumb_2_joint,0.3808199,-0.049113307,0.09848808,0.39473325,-0.17868409,0.7906051,-0.4326668
1783532938.7041,84,left_handThumbEnd_joint,0.37278628,-0.070228025,0.11050221,0.39473325,-0.17868404,0.7906051,-0.4326668
1783532938.7041,84,neck_1_joint,-0.0029759752,0.57984096,0.073376864,0.61647046,0.3671688,0.5986832,0.35599038
1783532938.7041,84,neck_2_joint,-0.0025700557,0.6062094,0.087678574,0.6055926,0.38287562,0.5916655,0.36958793
1783532938.7041,84,neck_3_joint,-0.002303015,0.64225256,0.10502274,0.5879793,0.4069174,0.58057356,0.3894
1783532938.7041,84,neck_4_joint,-0.002514826,0.67947936,0.11965566,0.5709538,0.42888528,0.5688805,0.40797505
1783532938.7041,84,head_joint,-0.003170129,0.72353315,0.1340584,0.5119567,0.49626055,0.5202979,0.4700162
1783532938.7041,84,jaw_joint,-0.0022257506,0.69827443,0.13739075,0.5119567,0.49626055,0.5202979,0.4700162
1783532938.7041,84,chin_joint,0.0013758099,0.64185125,0.2338451,0.5119567,0.49626055,0.5202979,0.4700162
1783532938.7041,84,left_eye_joint,0.029633125,0.7515048,0.22208105,0.5162652,0.49177676,0.5243772,0.46546072
1783532938.7041,84,left_eyeLowerLid_joint,0.029633125,0.7515048,0.22208105,0.5162652,0.49177676,0.5243772,0.46546072
1783532938.7041,84,left_eyeUpperLid_joint,0.029633125,0.7515048,0.22208105,0.5162652,0.49177676,0.5243772,0.46546072
1783532938.7041,84,left_eyeball_joint,0.029633125,0.7515048,0.22208105,0.5162652,0.49177676,0.5243772,0.46546072
1783532938.7041,84,nose_joint,-0.0010766998,0.7163151,0.2438013,0.5162679,0.49177408,0.5243797,0.46545798
1783532938.7041,84,right_eye_joint,-0.034952816,0.7492328,0.22316362,0.5162652,0.49177676,0.5243772,0.46546072
1783532938.7041,84,right_eyeLowerLid_joint,-0.034952816,0.7492328,0.22316362,0.5162652,0.49177676,0.5243772,0.46546072
1783532938.7041,84,right_eyeUpperLid_joint,-0.034952816,0.7492328,0.22316362,0.5162652,0.49177676,0.5243772,0.46546072
1783532938.7041,84,right_eyeball_joint,-0.034952816,0.7492328,0.22316362,0.5162652,0.49177676,0.5243772,0.46546072
1783532938.7041,84,right_shoulder_1_joint,-0.09250225,0.5587266,0.07152572,0.7894284,0.11622656,0.038457505,0.60151017
1783532938.7041,84,right_arm_joint,-0.23320356,0.5253986,0.08299969,0.7097591,0.46597517,0.33268195,0.41040364
1783532938.7041,84,right_forearm_joint,-0.32480362,0.2768273,0.059121583,0.57497776,0.62498665,0.2105573,0.48420763
1783532938.7041,84,right_hand_joint,-0.35967064,0.029593848,0.15642574,0.16779435,0.3724198,0.54428476,0.732736
1783532938.7041,84,right_handIndexStart_joint,-0.35163155,0.009611581,0.17545204,0.13026308,0.421563,0.5549935,0.70519334
1783532938.7041,84,right_handIndex_1_joint,-0.35392296,-0.06207211,0.21158965,0.13026308,0.421563,0.5549935,0.70519334
1783532938.7041,84,right_handIndex_2_joint,-0.35525474,-0.103749,0.23259956,0.13026308,0.421563,0.5549935,0.70519334
1783532938.7041,84,right_handIndex_3_joint,-0.3560012,-0.12708813,0.24436577,0.13026308,0.421563,0.5549935,0.70519334
1783532938.7041,84,right_handIndexEnd_joint,-0.3565343,-0.14375867,0.25277013,0.13026308,0.421563,0.5549935,0.70519334
1783532938.7041,84,right_handMidStart_joint,-0.36107954,0.005811889,0.16772735,0.16724594,0.37306494,0.5447039,0.73222154
1783532938.7041,84,right_handMid_1_joint,-0.37082782,-0.06431062,0.19540705,0.16724594,0.37306494,0.5447039,0.73222154
1783532938.7041,84,right_handMid_2_joint,-0.37767813,-0.113585144,0.21485782,0.16724594,0.37306494,0.5447039,0.73222154
1783532938.7041,84,right_handMid_3_joint,-0.38163006,-0.142013,0.22607933,0.16724594,0.37306494,0.5447039,0.73222154
1783532938.7041,84,right_handMidEnd_joint,-0.38426486,-0.16096446,0.2335604,0.16724597,0.37306494,0.5447039,0.73222154
1783532938.7041,84,right_handPinkyStart_joint,-0.37905315,0.00093499897,0.14718056,0.23340811,0.28651196,0.55069363,0.74844325
1783532938.7041,84,right_handPinky_1_joint,-0.39361355,-0.059903335,0.15809014,0.23340811,0.28651196,0.55069363,0.74844325
1783532938.7041,84,right_handPinky_2_joint,-0.40260723,-0.09748058,0.164829,0.23340811,0.28651196,0.55069363,0.74844325
1783532938.7041,84,right_handPinky_3_joint,-0.4073176,-0.117163725,0.16835822,0.23340812,0.28651196,0.55069363,0.74844325
1783532938.7041,84,right_handPinkyEnd_joint,-0.4116001,-0.13505726,0.17156683,0.23340811,0.28651196,0.55069363,0.74844325
1783532938.7041,84,right_handRingStart_joint,-0.36942005,0.0030456756,0.15829937,0.20132773,0.33076888,0.54822516,0.7412878
1783532938.7041,84,right_handRing_1_joint,-0.38199916,-0.06303149,0.17713448,0.20132773,0.33076888,0.54822516,0.7412878
1783532938.7041,84,right_handRing_2_joint,-0.3908783,-0.10967384,0.19042957,0.20132773,0.33076888,0.54822516,0.7412878
1783532938.7041,84,right_handRing_3_joint,-0.39642817,-0.13882561,0.19873948,0.20132773,0.33076888,0.54822516,0.7412878
1783532938.7041,84,right_handRingEnd_joint,-0.40012747,-0.15826078,0.20427887,0.20132773,0.33076888,0.54822516,0.7412878
1783532938.7041,84,right_handThumbStart_joint,-0.34221312,0.007396326,0.1690762,0.34920102,0.8639211,0.1290035,0.33919996
1783532938.7041,84,right_handThumb_1_joint,-0.31397033,-0.02970366,0.1957072,0.34920102,0.8639211,0.12900348,0.33919996
1783532938.7041,84,right_handThumb_2_joint,-0.29378206,-0.05622012,0.2147439,0.34920096,0.8639211,0.12900347,0.33919996
1783532938.7041,84,right_handThumbEnd_joint,-0.2803231,-0.07389803,0.22743426,0.34920096,0.8639211,0.12900345,0.33919996
1783532938.7041,84,camera,0.1105102,0.07111649,-0.017134279,-0.07594956,-0.07826498,-0.699916,0.70584977
1783532938.7372,85,root,-0.000845006,0.020406682,-0.003942765,-0.04901849,-0.007323378,-0.0051413877,0.9987578
1783532938.7372,85,hips_joint,-0.000845006,0.020406682,-0.003942765,-0.04901849,-0.007323378,-0.0051413877,0.9987578
1783532938.7372,85,left_upLeg_joint,0.099390894,-0.0053168703,0.00097623793,0.6013514,-0.36351025,0.616138,-0.35582384
1783532938.7372,85,left_leg_joint,0.08948176,-0.37406147,0.20408988,-0.3100705,0.62078613,-0.35948384,0.62390083
1783532938.7372,85,left_foot_joint,0.07612479,-0.75524455,-0.048200436,0.6269193,-0.29747292,0.66774064,-0.26945198
1783532938.7372,85,left_toes_joint,0.06588102,-0.86445975,0.052683618,0.6719376,-0.17325765,0.70670766,-0.138007
1783532938.7372,85,left_toesEnd_joint,0.062308025,-0.89041615,0.1073934,0.6719376,-0.17325744,0.7067076,-0.13800721
1783532938.7372,85,right_upLeg_joint,-0.101656854,-0.003391361,-0.0020666008,0.3861628,0.548959,0.44058523,0.59615993
1783532938.7372,85,right_leg_joint,-0.10547067,-0.40313247,0.13026588,0.60170454,0.29658234,0.6776982,0.30118996
1783532938.7372,85,right_foot_joint,-0.062267132,-0.75303686,-0.16098939,0.29076958,0.6045343,0.34775087,0.655027
1783532938.7372,85,right_toes_joint,-0.066323034,-0.87332535,-0.07309914,0.17091872,0.6486876,0.21729623,0.7090651
1783532938.7372,85,right_toesEnd_joint,-0.07020364,-0.90546894,-0.021802539,0.1709192,0.6486878,0.21729578,0.70906496
1783532938.7372,85,spine_1_joint,-0.00084502576,0.020406682,-0.003942765,0.46342286,0.5337123,0.46956465,0.52905524
1783532938.7372,85,spine_2_joint,-0.0014596736,0.077471524,-0.011396584,0.46604472,0.53748494,0.47019556,0.52232987
1783532938.7372,85,spine_3_joint,-0.0026077353,0.13457423,-0.01848851,0.48490596,0.5224639,0.48760104,0.5041259
1783532938.7372,85,spine_4_joint,-0.003745569,0.18753912,-0.021347804,0.5187332,0.49064,0.5157245,0.4735151
1783532938.7372,85,spine_5_joint,-0.004695457,0.2578363,-0.016609946,0.5676459,0.43601874,0.55484676,0.4240413
1783532938.7372,85,spine_6_joint,-0.004297346,0.3483018,0.008332325,0.58543676,0.41438904,0.5681664,0.4034014
1783532938.7372,85,spine_7_joint,-0.003102306,0.4491083,0.04445588,0.57862604,0.42958164,0.554861,0.41566914
1783532938.7372,85,left_shoulder_1_joint,0.08772027,0.5577629,0.06793042,-0.5883048,0.06420805,-0.07161209,0.80289876
1783532938.7372,85,left_arm_joint,0.23008633,0.5301248,0.065196864,-0.3959694,0.4008442,-0.38688418,0.7299677
1783532938.7372,85,left_forearm_joint,0.33097214,0.29545298,-0.008964925,-0.50992304,0.24564971,-0.53793633,0.6247073
1783532938.7372,85,left_hand_joint,0.41151366,0.048215464,0.055801887,0.78320116,-0.5199233,0.28177848,-0.19203258
1783532938.7372,85,left_handIndexStart_joint,0.4081743,0.025306055,0.074683376,0.763061,-0.5317238,0.33165678,-0.15815063
1783532938.7372,85,left_handIndex_1_joint,0.42540473,-0.04828883,0.10182544,0.763061,-0.5317238,0.33165678,-0.15815063
1783532938.7372,85,left_handIndex_2_joint,0.4354224,-0.09107655,0.1176057,0.763061,-0.5317238,0.33165678,-0.15815063
1783532938.7372,85,left_handIndex_3_joint,0.4410323,-0.11503768,0.12644266,0.763061,-0.5317238,0.33165678,-0.15815063
1783532938.7372,85,left_handIndexEnd_joint,0.44503936,-0.13215277,0.13275476,0.763061,-0.5317238,0.33165678,-0.15815063
1783532938.7372,85,left_handMidStart_joint,0.41682884,0.023710718,0.06541352,0.78388464,-0.5195839,0.2794699,-0.19353037
1783532938.7372,85,left_handMid_1_joint,0.43992656,-0.046432734,0.08343162,0.78388464,-0.5195839,0.2794699,-0.19353037
1783532938.7372,85,left_handMid_2_joint,0.45615742,-0.09572272,0.09609298,0.78388464,-0.5195839,0.2794699,-0.19353037
1783532938.7372,85,left_handMid_3_joint,0.46552134,-0.12415925,0.10339761,0.78388464,-0.5195839,0.2794699,-0.19353037
1783532938.7372,85,left_handMidEnd_joint,0.47176397,-0.14311694,0.10826736,0.78388464,-0.5195839,0.2794699,-0.19353037
1783532938.7372,85,left_handPinkyStart_joint,0.43212214,0.02354042,0.04228156,0.79098237,-0.52443254,0.18726878,-0.25347152
1783532938.7372,85,left_handPinky_1_joint,0.45624006,-0.035170928,0.044211697,0.79098237,-0.52443254,0.18726878,-0.25347152
1783532938.7372,85,left_handPinky_2_joint,0.47113645,-0.07143381,0.045403842,0.79098237,-0.52443254,0.18726878,-0.25347152
1783532938.7372,85,left_handPinky_3_joint,0.47893932,-0.09042866,0.046028297,0.79098237,-0.52443254,0.18726878,-0.25347152
1783532938.7372,85,left_handPinkyEnd_joint,0.4860328,-0.107696705,0.046595987,0.79098237,-0.52443254,0.18726878,-0.25347152
1783532938.7372,85,left_handRingStart_joint,0.42400917,0.023126934,0.054726932,0.7884365,-0.52258295,0.23417783,-0.22457923
1783532938.7372,85,left_handRing_1_joint,0.44804755,-0.04178117,0.06412518,0.7884365,-0.52258295,0.23417783,-0.22457923
1783532938.7372,85,left_handRing_2_joint,0.46501583,-0.087598644,0.07075924,0.7884365,-0.52258295,0.23417783,-0.22457923
1783532938.7372,85,left_handRing_3_joint,0.47562099,-0.11623456,0.07490552,0.7884365,-0.52258295,0.23417783,-0.22457923
1783532938.7372,85,left_handRingEnd_joint,0.4826911,-0.13532518,0.07766972,0.7884365,-0.52258295,0.23417783,-0.22457923
1783532938.7372,85,left_handThumbStart_joint,0.39831942,0.022308387,0.06937798,0.38795027,-0.17306638,0.8030346,-0.41794506
1783532938.7372,85,left_handThumb_1_joint,0.37954724,-0.02094727,0.09506481,0.38795027,-0.17306638,0.8030346,-0.41794506
1783532938.7372,85,left_handThumb_2_joint,0.36612797,-0.051864326,0.11342667,0.38795027,-0.17306633,0.80303466,-0.41794506
1783532938.7372,85,left_handThumbEnd_joint,0.35718176,-0.0724757,0.12566791,0.38795027,-0.1730663,0.80303466,-0.41794506
1783532938.7372,85,neck_1_joint,-0.0012978304,0.5794648,0.0762368,0.62017435,0.3655191,0.59717923,0.35377455
1783532938.7372,85,neck_2_joint,-0.00071146607,0.6057419,0.090699434,0.60971504,0.380891,0.59019417,0.36720604
1783532938.7372,85,neck_3_joint,-0.00018404126,0.64165854,0.10829822,0.5922135,0.4050404,0.5792083,0.38696668
1783532938.7372,85,neck_4_joint,-0.0001472342,0.6787789,0.12320044,0.5752569,0.42714858,0.5676184,0.40550283
1783532938.7372,85,head_joint,-0.0005287802,0.7227295,0.13792486,0.516445,0.49503168,0.5193669,0.46742463
1783532938.7372,85,jaw_joint,0.0003400552,0.69744384,0.14106816,0.516445,0.49503168,0.5193669,0.46742463
1783532938.7372,85,chin_joint,0.0043982444,0.64031017,0.23708518,0.516445,0.49503168,0.5193669,0.46742463
1783532938.7372,85,left_eye_joint,0.033001456,0.749936,0.2259134,0.5207426,0.49050876,0.52342373,0.46287736
1783532938.7372,85,left_eyeLowerLid_joint,0.033001456,0.749936,0.2259134,0.5207426,0.49050876,0.52342373,0.46287736
1783532938.7372,85,left_eyeUpperLid_joint,0.033001456,0.749936,0.2259134,0.5207426,0.49050876,0.52342373,0.46287736
1783532938.7372,85,left_eyeball_joint,0.033001456,0.749936,0.2259134,0.5207426,0.49050876,0.52342373,0.46287736
1783532938.7372,85,nose_joint,0.002307407,0.71470886,0.24759535,0.5207452,0.490506,0.5234261,0.46287456
1783532938.7372,85,right_eye_joint,-0.031583693,0.74790585,0.22743516,0.5207426,0.49050876,0.52342373,0.46287736
1783532938.7372,85,right_eyeLowerLid_joint,-0.031583693,0.74790585,0.22743516,0.5207426,0.49050876,0.52342373,0.46287736
1783532938.7372,85,right_eyeUpperLid_joint,-0.031583693,0.74790585,0.22743516,0.5207426,0.49050876,0.52342373,0.46287736
1783532938.7372,85,right_eyeball_joint,-0.031583693,0.74790585,0.22743516,0.5207426,0.49050876,0.52342373,0.46287736
1783532938.7372,85,right_shoulder_1_joint,-0.09087564,0.5585343,0.074846685,0.7892638,0.12317196,0.030909693,0.6007796
1783532938.7372,85,right_arm_joint,-0.23124649,0.52494526,0.08923653,0.7110813,0.4796237,0.31956348,0.40274513
1783532938.7372,85,right_forearm_joint,-0.32053283,0.27504933,0.071112506,0.5654284,0.648764,0.2032114,0.46701297
1783532938.7372,85,right_hand_joint,-0.34079695,0.02758808,0.17191221,0.1705158,0.39583036,0.55272776,0.7132564
1783532938.7372,85,right_handIndexStart_joint,-0.33105487,0.008120223,0.19067425,0.13241659,0.4435818,0.5635939,0.68415123
1783532938.7372,85,right_handIndex_1_joint,-0.32874137,-0.06324692,0.22743179,0.13241659,0.4435818,0.5635939,0.68415123
1783532938.7372,85,right_handIndex_2_joint,-0.3273959,-0.104739755,0.24880211,0.13241659,0.4435818,0.5635939,0.68415123
1783532938.7372,85,right_handIndex_3_joint,-0.32664305,-0.12797584,0.26077017,0.13241659,0.4435818,0.5635939,0.68415123
1783532938.7372,85,right_handIndexEnd_joint,-0.32610524,-0.14457278,0.2693187,0.13241659,0.4435818,0.5635939,0.68415123
1783532938.7372,85,right_handMidStart_joint,-0.34071037,0.003879106,0.18345219,0.16996746,0.39645362,0.55314714,0.7127158
1783532938.7372,85,right_handMid_1_joint,-0.34631318,-0.06630169,0.2121163,0.16996746,0.39645362,0.55314714,0.7127158
1783532938.7372,85,right_handMid_2_joint,-0.35025045,-0.11561719,0.23225883,0.16996746,0.39645362,0.55314714,0.7127158
1783532938.7372,85,right_handMid_3_joint,-0.3525218,-0.14406867,0.24387942,0.16996746,0.39645362,0.55314714,0.7127158
1783532938.7372,85,right_handMidEnd_joint,-0.35403624,-0.1630359,0.25162655,0.16996747,0.39645362,0.55314714,0.7127158
1783532938.7372,85,right_handPinkyStart_joint,-0.35945705,-0.0018957972,0.16385071,0.23787807,0.31167072,0.5582096,0.7312164
1783532938.7372,85,right_handPinky_1_joint,-0.37104765,-0.063149996,0.17593016,0.23787807,0.31167072,0.5582096,0.7312164
1783532938.7372,85,right_handPinky_2_joint,-0.378207,-0.10098411,0.18339159,0.23787807,0.31167072,0.5582096,0.7312164
1783532938.7372,85,right_handPinky_3_joint,-0.38195658,-0.12080179,0.18729928,0.23787807,0.31167072,0.5582096,0.7312164
1783532938.7372,85,right_handPinkyEnd_joint,-0.38536564,-0.13881764,0.19085197,0.23787807,0.31167072,0.5582096,0.7312164
1783532938.7372,85,right_handRingStart_joint,-0.3493845,0.00069761276,0.17446658,0.20491236,0.3550875,0.55619454,0.72289103
1783532938.7372,85,right_handRing_1_joint,-0.3584039,-0.06563722,0.19440487,0.20491236,0.3550875,0.55619454,0.72289103
1783532938.7372,85,right_handRing_2_joint,-0.36477032,-0.11246145,0.20847863,0.20491236,0.3550875,0.55619454,0.72289103
1783532938.7372,85,right_handRing_3_joint,-0.36874974,-0.1417269,0.21727525,0.20491236,0.3550875,0.55619454,0.72289103
1783532938.7372,85,right_handRingEnd_joint,-0.37140206,-0.16123782,0.22313908,0.20491236,0.3550875,0.55619454,0.72289103
1783532938.7372,85,right_handThumbStart_joint,-0.32187817,0.006214342,0.18386097,0.33368987,0.8792275,0.12333097,0.31685886
1783532938.7372,85,right_handThumb_1_joint,-0.29092366,-0.029492592,0.2093583,0.33368987,0.8792275,0.12333097,0.31685886
1783532938.7372,85,right_handThumb_2_joint,-0.26879713,-0.055013288,0.22758463,0.33368987,0.8792275,0.12333096,0.31685886
1783532938.7372,85,right_handThumbEnd_joint,-0.25404602,-0.072027355,0.23973474,0.33368987,0.8792275,0.123330936,0.31685886
1783532938.7372,85,camera,0.11047709,0.071042806,-0.017461067,-0.0761945,-0.07850329,-0.69978637,0.7059254
1783532938.7701,86,root,-0.00089182664,0.020639129,-0.003956622,-0.051557325,-0.0077377106,-0.0044551115,0.99863017
1783532938.7701,86,hips_joint,-0.00089182664,0.020639129,-0.003956622,-0.051557325,-0.0077377106,-0.0044551115,0.99863017
1783532938.7701,86,left_upLeg_joint,0.09937558,-0.004921181,0.0011669057,0.603237,-0.35801953,0.61974424,-0.3519154
1783532938.7701,86,left_leg_joint,0.08904935,-0.3704942,0.20991513,-0.3066332,0.62093246,-0.35771906,0.62646353
1783532938.7701,86,left_foot_joint,0.07668393,-0.7495981,-0.045539208,0.62430376,-0.2997079,0.6679317,-0.27255785
1783532938.7701,86,left_toes_joint,0.06596626,-0.8596309,0.054402873,0.669793,-0.17594783,0.7074839,-0.14102031
1783532938.7701,86,left_toesEnd_joint,0.062146105,-0.88603246,0.108882494,0.669793,-0.17594764,0.7074838,-0.14102052
1783532938.7701,86,right_upLeg_joint,-0.101672314,-0.0032876204,-0.002033001,0.38393262,0.5498384,0.4396019,0.5975147
1783532938.7701,86,right_leg_joint,-0.10540141,-0.40228984,0.13251388,0.6015852,0.29534283,0.6795427,0.2984794
1783532938.7701,86,right_foot_joint,-0.06057906,-0.75030327,-0.16075599,0.29144007,0.6034851,0.3508747,0.65403056
1783532938.7701,86,right_toes_joint,-0.06436237,-0.871127,-0.073590666,0.17177589,0.6477844,0.22055218,0.7086788
1783532938.7701,86,right_toesEnd_joint,-0.068212114,-0.903589,-0.022492575,0.17177638,0.64778453,0.22055171,0.7086787
1783532938.7701,86,spine_1_joint,-0.0008918464,0.020639129,-0.003956622,0.46285075,0.53414977,0.4691643,0.52946985
1783532938.7701,86,spine_2_joint,-0.0015169799,0.077690125,-0.0115148295,0.46685264,0.53692913,0.4704247,0.5219736
1783532938.7701,86,spine_3_joint,-0.0026211059,0.13480745,-0.018495282,0.48707813,0.5207613,0.48846522,0.5029558
1783532938.7701,86,spine_4_joint,-0.0036599576,0.18779033,-0.021041805,0.5219244,0.48780322,0.51695895,0.4715894
1783532938.7701,86,spine_5_joint,-0.004398559,0.25804365,-0.015659377,0.57117933,0.4323547,0.5559343,0.4216167
1783532938.7701,86,spine_6_joint,-0.0036296593,0.34823334,0.010254168,0.58880144,0.41089374,0.56877446,0.4012166
1783532938.7701,86,spine_7_joint,-0.0019644296,0.44867733,0.047355674,0.581125,0.4276151,0.5545688,0.4145993
1783532938.7701,86,left_shoulder_1_joint,0.08929198,0.55689114,0.07118105,-0.588798,0.062880464,-0.07927421,0.80192184
1783532938.7701,86,left_arm_joint,0.23137161,0.5277084,0.07009355,-0.39138913,0.39574343,-0.40207127,0.72700787
1783532938.7701,86,left_forearm_joint,0.3280448,0.28981084,0.0007550192,-0.50170934,0.24500895,-0.55783856,0.6140641
1783532938.7701,86,left_hand_joint,0.39706686,0.04034559,0.070117325,0.77023625,-0.531389,0.29805866,-0.1884757
1783532938.7701,86,left_handIndexStart_joint,0.39235663,0.01780572,0.08915075,0.7490641,-0.542929,0.3470665,-0.1538706
1783532938.7701,86,left_handIndex_1_joint,0.40597296,-0.05609475,0.117489815,0.7490641,-0.542929,0.3470665,-0.1538706
1783532938.7701,86,left_handIndex_2_joint,0.41388947,-0.09906013,0.133966,0.7490641,-0.542929,0.3470665,-0.1538706
1783532938.7701,86,left_handIndex_3_joint,0.41832268,-0.123120755,0.14319266,0.7490641,-0.542929,0.3470665,-0.1538706
1783532938.7701,86,left_handIndexEnd_joint,0.42148924,-0.1403069,0.14978315,0.7490641,-0.542929,0.3470665,-0.1538706
1783532938.7701,86,left_handMidStart_joint,0.40116507,0.015762415,0.0801168,0.77096295,-0.5310576,0.29578713,-0.19001096
1783532938.7701,86,left_handMid_1_joint,0.4210031,-0.055026956,0.09944498,0.77096295,-0.5310576,0.29578713,-0.19001096
1783532938.7701,86,left_handMid_2_joint,0.43494335,-0.10477084,0.11302694,0.77096295,-0.5310576,0.29578713,-0.19001096
1783532938.7701,86,left_handMid_3_joint,0.4429858,-0.13346924,0.12086269,0.77096295,-0.5310576,0.29578713,-0.19001096
1783532938.7701,86,left_handMidEnd_joint,0.44834742,-0.1526015,0.12608652,0.77096295,-0.5310576,0.29578713,-0.19001096
1783532938.7701,86,left_handPinkyStart_joint,0.41700113,0.014720306,0.057376184,0.7794329,-0.535815,0.20491682,-0.25178552
1783532938.7701,86,left_handPinky_1_joint,0.43870735,-0.044872794,0.060526926,0.7794329,-0.535815,0.20491682,-0.25178552
1783532938.7701,86,left_handPinky_2_joint,0.45211414,-0.0816803,0.062472977,0.7794329,-0.535815,0.20491682,-0.25178552
1783532938.7701,86,left_handPinky_3_joint,0.45913672,-0.10096041,0.063492335,0.7794329,-0.535815,0.20491682,-0.25178552
1783532938.7701,86,left_handPinkyEnd_joint,0.4655209,-0.1184878,0.06441902,0.7794329,-0.535815,0.20491682,-0.25178552
1783532938.7701,86,left_handRingStart_joint,0.4085759,0.014771745,0.06961921,0.77618515,-0.5340129,0.25119716,-0.22196174
1783532938.7701,86,left_handRing_1_joint,0.42977306,-0.05092345,0.08029881,0.77618515,-0.5340129,0.25119716,-0.22196174
1783532938.7701,86,left_handRing_2_joint,0.44473574,-0.09729654,0.08783736,0.77618515,-0.5340129,0.25119716,-0.22196174
1783532938.7701,86,left_handRing_3_joint,0.45408744,-0.12627971,0.09254895,0.77618515,-0.5340129,0.25119716,-0.22196174
1783532938.7701,86,left_handRingEnd_joint,0.4603219,-0.14560184,0.09569001,0.77618515,-0.5340129,0.25119716,-0.22196174
1783532938.7701,86,left_handThumbStart_joint,0.382523,0.015139103,0.08363341,0.37679443,-0.17111355,0.8168482,-0.40187734
1783532938.7701,86,left_handThumb_1_joint,0.3614199,-0.027040787,0.10930011,0.37679443,-0.17111355,0.8168482,-0.40187734
1783532938.7701,86,left_handThumb_2_joint,0.34633458,-0.057188842,0.12764753,0.37679443,-0.17111355,0.8168482,-0.40187734
1783532938.7701,86,left_handThumbEnd_joint,0.3362777,-0.077287555,0.13987914,0.37679443,-0.17111352,0.8168482,-0.40187734
1783532938.7701,86,neck_1_joint,0.00037012695,0.5788581,0.07981515,0.6226329,0.3630391,0.59685266,0.35255888
1783532938.7701,86,neck_2_joint,0.0010882937,0.605046,0.0944328,0.61234754,0.37831664,0.5899433,0.3658879
1783532938.7701,86,neck_3_joint,0.0017957699,0.64084715,0.11225911,0.5949409,0.40255895,0.5790194,0.3856531
1783532938.7701,86,neck_4_joint,0.0020104013,0.6778711,0.12739784,0.57807064,0.42475948,0.56748676,0.40419346
1783532938.7701,86,head_joint,0.00183205,0.7217277,0.14240344,0.5195242,0.49298534,0.5194098,0.46612585
1783532938.7701,86,jaw_joint,0.0026131785,0.6964194,0.14538305,0.5195242,0.49298534,0.5194098,0.46612585
1783532938.7701,86,chin_joint,0.0066967737,0.6386582,0.2410228,0.5195242,0.49298534,0.5194098,0.46612585
1783532938.7701,86,left_eye_joint,0.035686076,0.7482447,0.23047845,0.5238039,0.48843566,0.5234552,0.46157816
1783532938.7701,86,left_eyeLowerLid_joint,0.035686076,0.7482447,0.23047845,0.5238039,0.48843566,0.5234552,0.46157816
1783532938.7701,86,left_eyeUpperLid_joint,0.035686076,0.7482447,0.23047845,0.5238039,0.48843566,0.5234552,0.46157816
1783532938.7701,86,left_eyeball_joint,0.035686076,0.7482447,0.23047845,0.5238039,0.48843566,0.5234552,0.46157816
1783532938.7701,86,nose_joint,0.004913683,0.7129955,0.25201297,0.5238065,0.48843288,0.52345765,0.46157545
1783532938.7701,86,right_eye_joint,-0.028902268,0.7464481,0.23215118,0.5238039,0.48843566,0.5234552,0.46157816
1783532938.7701,86,right_eyeLowerLid_joint,-0.028902268,0.7464481,0.23215118,0.5238039,0.48843566,0.5234552,0.46157816
1783532938.7701,86,right_eyeUpperLid_joint,-0.028902268,0.7464481,0.23215118,0.5238039,0.48843566,0.5234552,0.46157816
1783532938.7701,86,right_eyeball_joint,-0.028902268,0.7464481,0.23215118,0.5238039,0.48843566,0.5234552,0.46157816
1783532938.7701,86,right_shoulder_1_joint,-0.08928317,0.5582463,0.07853074,0.7883054,0.13148646,0.02479929,0.600559
1783532938.7701,86,right_arm_joint,-0.22913852,0.52385664,0.09576722,0.70902324,0.497568,0.3073839,0.393989
1783532938.7701,86,right_forearm_joint,-0.31315878,0.27175885,0.084113844,0.552385,0.67492515,0.19802158,0.44736382
1783532938.7701,86,right_hand_joint,-0.3159797,0.024472198,0.18731093,0.17192402,0.4198469,0.5643271,0.6897142
1783532938.7701,86,right_handIndexStart_joint,-0.30434912,0.0056713484,0.2056733,0.13304462,0.46592724,0.5752509,0.6590125
1783532938.7701,86,right_handIndex_1_joint,-0.29663894,-0.06517628,0.24269909,0.13304462,0.46592724,0.5752509,0.6590125
1783532938.7701,86,right_handIndex_2_joint,-0.29215586,-0.10636705,0.26422533,0.13304462,0.46592724,0.5752509,0.6590125
1783532938.7701,86,right_handIndex_3_joint,-0.2896459,-0.129434,0.27628073,0.13304462,0.46592724,0.5752509,0.6590125
1783532938.7701,86,right_handIndexEnd_joint,-0.28785303,-0.14591013,0.28489166,0.13304462,0.46592724,0.5752509,0.6590125
1783532938.7701,86,right_handMidStart_joint,-0.31413233,0.0008963465,0.19897544,0.17137317,0.42044404,0.5647444,0.68914574
1783532938.7701,86,right_handMid_1_joint,-0.31478465,-0.069227144,0.22831206,0.17137317,0.42044404,0.5647444,0.68914574
1783532938.7701,86,right_handMid_2_joint,-0.3152433,-0.118502386,0.24892719,0.17137317,0.42044404,0.5647444,0.68914574
1783532938.7701,86,right_handMid_3_joint,-0.31550768,-0.14693062,0.26082042,0.17137317,0.42044404,0.5647444,0.68914574
1783532938.7701,86,right_handMidEnd_joint,-0.3156842,-0.16588238,0.26874933,0.17137317,0.42044404,0.5647444,0.68914574
1783532938.7701,86,right_handPinkyStart_joint,-0.33353004,-0.0059660813,0.18038402,0.24140534,0.33788636,0.5688589,0.7098984
1783532938.7701,86,right_handPinky_1_joint,-0.34143367,-0.06761246,0.19340664,0.24140534,0.33788636,0.5688589,0.7098984
1783532938.7701,86,right_handPinky_2_joint,-0.3463157,-0.10568882,0.20145065,0.24140534,0.33788636,0.5688589,0.7098984
1783532938.7701,86,right_handPinky_3_joint,-0.34887248,-0.12563336,0.20566347,0.24140537,0.33788636,0.5688589,0.7098984
1783532938.7701,86,right_handPinkyEnd_joint,-0.35119715,-0.14376456,0.20949356,0.24140534,0.33788636,0.5688589,0.7098984
1783532938.7701,86,right_handRingStart_joint,-0.32307807,-0.0027869844,0.1904602,0.20736241,0.38023967,0.5673117,0.7004114
1783532938.7701,86,right_handRing_1_joint,-0.32776877,-0.06931309,0.21123205,0.20736241,0.38023967,0.5673117,0.7004114
1783532938.7701,86,right_handRing_2_joint,-0.33107966,-0.116272315,0.2258942,0.20736241,0.38023967,0.5673117,0.7004114
1783532938.7701,86,right_handRing_3_joint,-0.33314934,-0.14562215,0.23505858,0.20736241,0.38023967,0.5673117,0.7004114
1783532938.7701,86,right_handRingEnd_joint,-0.3345285,-0.16518933,0.24116755,0.20736241,0.38023967,0.5673117,0.7004114
1783532938.7701,86,right_handThumbStart_joint,-0.2954431,0.0041630315,0.1984157,0.31360573,0.895406,0.11947107,0.2926196
1783532938.7701,86,right_handThumb_1_joint,-0.26150584,-0.02975013,0.22252882,0.31360573,0.895406,0.11947106,0.2926196
1783532938.7701,86,right_handThumb_2_joint,-0.23724735,-0.053988617,0.23976566,0.31360573,0.895406,0.11947104,0.2926196
1783532938.7701,86,right_handThumbEnd_joint,-0.22107494,-0.07014789,0.2512561,0.31360573,0.895406,0.11947103,0.2926196
1783532938.7701,86,camera,0.11055966,0.071166,-0.017743815,-0.07630303,-0.07840968,-0.6997928,0.7059178
1783532938.8053,87,root,-0.0009997477,0.021076946,-0.0036702591,-0.05516513,-0.007840814,-0.0042308257,0.9984376
1783532938.8053,87,hips_joint,-0.0009997477,0.021076946,-0.0036702591,-0.05516513,-0.007840814,-0.0042308257,0.9984376
1783532938.8053,87,left_upLeg_joint,0.099277094,-0.004405384,0.0016531938,0.60403955,-0.35380208,0.6229985,-0.34904665
1783532938.8053,87,left_leg_joint,0.08807325,-0.3675341,0.21458061,-0.29826406,0.6230991,-0.35152665,0.63183486
1783532938.8053,87,left_foot_joint,0.077259384,-0.74065506,-0.049603652,0.61905164,-0.30657464,0.66636944,-0.28060484
1783532938.8053,87,left_toes_joint,0.06592216,-0.85295707,0.047711354,0.66593754,-0.18368563,0.70747507,-0.14921758
1783532938.8053,87,left_toesEnd_joint,0.061765928,-0.8806049,0.101544276,0.66593754,-0.18368542,0.70747507,-0.14921778
1783532938.8053,87,right_upLeg_joint,-0.101770945,-0.0028757404,-0.001589036,0.37916717,0.5527995,0.43576068,0.6006311
1783532938.8053,87,right_leg_joint,-0.10558213,-0.39982748,0.13888973,0.602562,0.29214996,0.6825677,0.29269236
1783532938.8053,87,right_foot_joint,-0.058706902,-0.74355817,-0.15907228,0.29417795,0.6015739,0.35682467,0.6513405
1783532938.8053,87,right_toes_joint,-0.06192153,-0.8655807,-0.07356994,0.1748264,0.6464268,0.22690423,0.7071652
1783532938.8053,87,right_toesEnd_joint,-0.065639585,-0.89875805,-0.022923617,0.17482689,0.64642704,0.2269038,0.707165
1783532938.8053,87,spine_1_joint,-0.0009997673,0.021076946,-0.0036702594,0.46135998,0.5352328,0.4681221,0.5305986
1783532938.8053,87,spine_2_joint,-0.0016457769,0.07809111,-0.01149987,0.4663134,0.5369509,0.47051263,0.52235407
1783532938.8053,87,spine_3_joint,-0.002762105,0.13520214,-0.01852963,0.4876989,0.5194544,0.48969844,0.5025064
1783532938.8053,87,spine_4_joint,-0.0037847061,0.18819416,-0.020885643,0.52350545,0.48509023,0.5190711,0.47031355
1783532938.8053,87,spine_5_joint,-0.0044592875,0.25840476,-0.014964557,0.5731079,0.42849842,0.5583184,0.4197824
1783532938.8053,87,spine_6_joint,-0.0035674116,0.34832725,0.011857821,0.5906588,0.4067145,0.5709139,0.39970374
1783532938.8053,87,spine_7_joint,-0.001694996,0.44839808,0.049944747,0.58241504,0.42426,0.55590034,0.41445255
1783532938.8053,87,left_shoulder_1_joint,0.08989743,0.5561222,0.07468233,-0.5882715,0.06288162,-0.08843188,0.8013503
1783532938.8053,87,left_arm_joint,0.23153149,0.5248331,0.0751557,-0.38553578,0.39371493,-0.4170867,0.72276497
1783532938.8053,87,left_forearm_joint,0.3225133,0.28371808,0.009317941,-0.49306393,0.2483984,-0.57270235,0.60596865
1783532938.8053,87,left_hand_joint,0.38163298,0.032085437,0.07998563,0.7584598,-0.5430413,0.30788964,-0.18721327
1783532938.8053,87,left_handIndexStart_joint,0.37582672,0.009748396,0.09895525,0.73667,-0.554469,0.35611597,-0.15186435
1783532938.8053,87,left_handIndex_1_joint,0.38638687,-0.064545594,0.12756763,0.73667,-0.554469,0.35611597,-0.15186435
1783532938.8053,87,left_handIndex_2_joint,0.39252648,-0.10773978,0.14420274,0.73667,-0.554469,0.35611597,-0.15186435
1783532938.8053,87,left_handIndex_3_joint,0.39596465,-0.13192853,0.1535184,0.73667,-0.554469,0.35611597,-0.15186435
1783532938.8053,87,left_handIndexEnd_joint,0.39842048,-0.14920619,0.16017242,0.73667,-0.554469,0.35611597,-0.15186435
1783532938.8053,87,left_handMidStart_joint,0.38470545,0.0073871515,0.09006886,0.7592116,-0.54271114,0.30565107,-0.1887848
1783532938.8053,87,left_handMid_1_joint,0.40173918,-0.06402652,0.10977165,0.7592116,-0.54271114,0.30565107,-0.1887848
1783532938.8053,87,left_handMid_2_joint,0.41370884,-0.11420909,0.12361685,0.7592116,-0.54271114,0.30565107,-0.1887848
1783532938.8053,87,left_handMid_3_joint,0.4206144,-0.14316058,0.13160446,0.7592116,-0.54271114,0.30565107,-0.1887848
1783532938.8053,87,left_handMidEnd_joint,0.42521808,-0.16246156,0.13692954,0.7592116,-0.54271114,0.30565107,-0.1887848
1783532938.8053,87,left_handPinkyStart_joint,0.4008665,0.0057634185,0.06759252,0.76837444,-0.5471539,0.21594843,-0.25216946
1783532938.8053,87,left_handPinky_1_joint,0.4204235,-0.054546945,0.07114272,0.76837444,-0.5471539,0.21594843,-0.25216946
1783532938.8053,87,left_handPinky_2_joint,0.4325028,-0.09179746,0.07333549,0.76837444,-0.5471539,0.21594843,-0.25216946
1783532938.8053,87,left_handPinky_3_joint,0.4388301,-0.11130964,0.07448409,0.76837444,-0.5471539,0.21594843,-0.25216946
1783532938.8053,87,left_handPinkyEnd_joint,0.44458216,-0.12904797,0.075528264,0.76837444,-0.5471539,0.21594843,-0.25216946
1783532938.8053,87,left_handRingStart_joint,0.39224842,0.0061247894,0.07969528,0.7647636,-0.54551715,0.2616718,-0.22152992
1783532938.8053,87,left_handRing_1_joint,0.41096008,-0.06025645,0.09076936,0.7647636,-0.54551715,0.2616718,-0.22152992
1783532938.8053,87,left_handRing_2_joint,0.42416832,-0.1071138,0.09858635,0.7647636,-0.54551715,0.2616718,-0.22152992
1783532938.8053,87,left_handRing_3_joint,0.43242347,-0.13639964,0.103471965,0.7647636,-0.54551715,0.2616718,-0.22152992
1783532938.8053,87,left_handRingEnd_joint,0.4379269,-0.15592353,0.106729046,0.7647636,-0.54551715,0.2616718,-0.22152992
1783532938.8053,87,left_handThumbStart_joint,0.3659978,0.0074195573,0.09327886,0.36722797,-0.17394827,0.8268951,-0.38875443
1783532938.8053,87,left_handThumb_1_joint,0.3430161,-0.033964656,0.11862542,0.36722797,-0.17394827,0.8268951,-0.38875443
1783532938.8053,87,left_handThumb_2_joint,0.32658798,-0.06354394,0.136744,0.36722797,-0.17394823,0.8268951,-0.38875443
1783532938.8053,87,left_handThumbEnd_joint,0.31563592,-0.083263464,0.14882302,0.36722797,-0.1739482,0.8268951,-0.38875443
1783532938.8053,87,neck_1_joint,0.0010343817,0.5783689,0.083204746,0.623575,0.35948893,0.5982688,0.35213128
1783532938.8053,87,neck_2_joint,0.00180491,0.60445917,0.097993426,0.6133629,0.37478608,0.5913959,0.36547536
1783532938.8053,87,neck_3_joint,0.0025878146,0.6401408,0.11605465,0.59607935,0.39906633,0.58049124,0.3853122
1783532938.8053,87,neck_4_joint,0.0028898933,0.6770644,0.13143493,0.5793254,0.42130768,0.5689742,0.40391865
1783532938.8053,87,head_joint,0.0028235177,0.7208229,0.14672552,0.52117056,0.48970494,0.52092654,0.4660534
1783532938.8053,87,jaw_joint,0.0035066917,0.69549304,0.1495423,0.52117056,0.48970494,0.52092654,0.4660534
1783532938.8053,87,chin_joint,0.007112267,0.6370965,0.24481475,0.52117056,0.48970494,0.52092654,0.4660534
1783532938.8053,87,left_eye_joint,0.03651864,0.7466456,0.23506732,0.5254215,0.48514113,0.5249714,0.46149263
1783532938.8053,87,left_eyeLowerLid_joint,0.03651864,0.7466456,0.23506732,0.5254215,0.48514113,0.5249714,0.46149263
1783532938.8053,87,left_eyeUpperLid_joint,0.03651864,0.7466456,0.23506732,0.5254215,0.48514113,0.5249714,0.46149263
1783532938.8053,87,left_eyeball_joint,0.03651864,0.7466456,0.23506732,0.5254215,0.48514113,0.5249714,0.46149263
1783532938.8053,87,nose_joint,0.005560348,0.71136653,0.25628412,0.52542406,0.48513836,0.52497387,0.46148983
1783532938.8053,87,right_eye_joint,-0.028080177,0.74506766,0.23654483,0.5254215,0.48514113,0.5249714,0.46149263
1783532938.8053,87,right_eyeLowerLid_joint,-0.028080177,0.74506766,0.23654483,0.5254215,0.48514113,0.5249714,0.46149263
1783532938.8053,87,right_eyeUpperLid_joint,-0.028080177,0.74506766,0.23654483,0.5254215,0.48514113,0.5249714,0.46149263
1783532938.8053,87,right_eyeball_joint,-0.028080177,0.74506766,0.23654483,0.5254215,0.48514113,0.5249714,0.46149263
1783532938.8053,87,right_shoulder_1_joint,-0.08869117,0.55810124,0.081546895,0.7877707,0.13564011,0.022100842,0.60044223
1783532938.8053,87,right_arm_joint,-0.22826137,0.52325356,0.10012296,0.7067112,0.5090849,0.2993559,0.389587
1783532938.8053,87,right_forearm_joint,-0.30870542,0.2698216,0.093087465,0.54350173,0.6908312,0.19372696,0.43569264
1783532938.8053,87,right_hand_joint,-0.30078533,0.023356475,0.19797073,0.17185348,0.4351347,0.5704699,0.6750471
1783532938.8053,87,right_handIndexStart_joint,-0.2880223,0.0050562513,0.21608502,0.13256463,0.48017377,0.5813672,0.64332896
1783532938.8053,87,right_handIndex_1_joint,-0.27701092,-0.06524169,0.25332332,0.13256463,0.48017377,0.5813672,0.64332896
1783532938.8053,87,right_handIndex_2_joint,-0.2706085,-0.10611286,0.27497312,0.13256463,0.48017377,0.5813672,0.64332896
1783532938.8053,87,right_handIndex_3_joint,-0.26702374,-0.12900086,0.28709772,0.13256463,0.48017377,0.5813672,0.64332896
1783532938.8053,87,right_handIndexEnd_joint,-0.26446313,-0.14534916,0.2957581,0.13256463,0.48017377,0.5813672,0.64332896
1783532938.8053,87,right_handMidStart_joint,-0.29785913,-6.317615e-05,0.20972878,0.17130223,0.43571585,0.57088494,0.6744612
1783532938.8053,87,right_handMid_1_joint,-0.29546347,-0.06994871,0.23953888,0.17130223,0.43571585,0.57088494,0.6744612
1783532938.8053,87,right_handMid_2_joint,-0.29378033,-0.119056754,0.26048672,0.17130223,0.43571585,0.57088494,0.6744612
1783532938.8053,87,right_handMid_3_joint,-0.29280907,-0.14738853,0.2725719,0.17130223,0.43571585,0.57088494,0.6744612
1783532938.8053,87,right_handMidEnd_joint,-0.2921618,-0.16627598,0.28062874,0.17130223,0.43571585,0.57088494,0.6744612
1783532938.8053,87,right_handPinkyStart_joint,-0.31760767,-0.00765027,0.19180012,0.24255994,0.35457936,0.5745155,0.69668525
1783532938.8053,87,right_handPinky_1_joint,-0.3232219,-0.06940633,0.20547506,0.24255994,0.35457936,0.5745155,0.69668525
1783532938.8053,87,right_handPinky_2_joint,-0.32668984,-0.107550435,0.213922,0.24255994,0.35457936,0.5745155,0.69668525
1783532938.8053,87,right_handPinky_3_joint,-0.3285059,-0.12753046,0.21834587,0.24255994,0.35457936,0.5745155,0.69668525
1783532938.8053,87,right_handPinkyEnd_joint,-0.3301572,-0.14569391,0.22236782,0.24255994,0.35457936,0.5745155,0.69668525
1783532938.8053,87,right_handRingStart_joint,-0.30694905,-0.0040800045,0.20152262,0.20789248,0.39625233,0.57320464,0.68644124
1783532938.8053,87,right_handRing_1_joint,-0.3089638,-0.07055724,0.22287479,0.20789248,0.39625233,0.57320464,0.68644124
1783532938.8053,87,right_handRing_2_joint,-0.31038582,-0.11748197,0.23794658,0.20789248,0.39625233,0.57320464,0.68644124
1783532938.8053,87,right_handRing_3_joint,-0.31127492,-0.14681026,0.247367,0.20789248,0.39625233,0.57320464,0.68644124
1783532938.8053,87,right_handRingEnd_joint,-0.31186703,-0.16636305,0.25364664,0.20789248,0.39625233,0.57320464,0.68644124
1783532938.8053,87,right_handThumbStart_joint,-0.27930447,0.003762531,0.2085623,0.30076292,0.90493995,0.11578604,0.27788323
1783532938.8053,87,right_handThumb_1_joint,-0.24361698,-0.028924624,0.23182675,0.30076292,0.90493995,0.11578602,0.27788323
1783532938.8053,87,right_handThumb_2_joint,-0.21810743,-0.05228675,0.24845695,0.30076292,0.90493995,0.115786016,0.27788323
1783532938.8053,87,right_handThumbEnd_joint,-0.20110103,-0.06786179,0.259543,0.30076292,0.90493995,0.11578599,0.27788323
1783532938.8053,87,camera,0.110852316,0.07097382,-0.018002363,-0.07649164,-0.07818565,-0.6996805,0.70603335
1783532938.8375,88,root,-0.0009605783,0.021112334,-0.0040039523,-0.056260422,-0.009018106,-0.004778006,0.998364
1783532938.8375,88,hips_joint,-0.0009605783,0.021112334,-0.0040039523,-0.056260422,-0.009018106,-0.004778006,0.998364
1783532938.8375,88,left_upLeg_joint,0.099278085,-0.004456284,0.0016165074,0.6006569,-0.35474646,0.6246369,-0.35099143
1783532938.8375,88,left_leg_joint,0.08578913,-0.3685596,0.21273923,-0.2925099,0.6226165,-0.34942725,0.63615036
1783532938.8375,88,left_foot_joint,0.07687097,-0.73843807,-0.056035306,0.6142243,-0.30974326,0.6673781,-0.28529665
1783532938.8375,88,left_toes_joint,0.06455067,-0.8518968,0.039807394,0.6617984,-0.18771173,0.70935476,-0.15363319
1783532938.8375,88,left_toesEnd_joint,0.059889916,-0.8801897,0.09326254,0.6617985,-0.18771152,0.70935476,-0.1536334
1783532938.8375,88,right_upLeg_joint,-0.101759985,-0.002737162,-0.0021124303,0.3720235,0.5545966,0.43101963,0.6068304
1783532938.8375,88,right_leg_joint,-0.10735607,-0.3967783,0.14627801,0.595187,0.29886675,0.68315095,0.29955962
1783532938.8375,88,right_foot_joint,-0.056121558,-0.7466417,-0.14372216,0.28423014,0.6023133,0.35304892,0.65710616
1783532938.8375,88,right_toes_joint,-0.059869755,-0.86681676,-0.05566328,0.16491878,0.6452674,0.22210419,0.7121107
1783532938.8375,88,right_toesEnd_joint,-0.06403099,-0.89891547,-0.004360504,0.16491929,0.6452676,0.22210373,0.71211064
1783532938.8375,88,spine_1_joint,-0.00096059806,0.021112334,-0.0040039527,0.46119216,0.534198,0.46911296,0.53091174
1783532938.8375,88,spine_2_joint,-0.0015861368,0.07813866,-0.011746055,0.46677834,0.53524417,0.47283158,0.52159566
1783532938.8375,88,spine_3_joint,-0.0027436446,0.1352849,-0.01847669,0.48858866,0.51716715,0.49304044,0.5007299
1783532938.8375,88,spine_4_joint,-0.0038631677,0.18829264,-0.020393759,0.5243607,0.48257884,0.5228915,0.46770513
1783532938.8375,88,spine_5_joint,-0.004755659,0.25843927,-0.013783767,0.5734387,0.42626283,0.5620536,0.41660976
1783532938.8375,88,spine_6_joint,-0.004291582,0.34810236,0.013903739,0.5901944,0.40540007,0.5744115,0.39670238
1783532938.8375,88,spine_7_joint,-0.0030494689,0.44789177,0.05274724,0.5806557,0.424544,0.55909586,0.41232675
1783532938.8375,88,left_shoulder_1_joint,0.08771345,0.55615354,0.07818527,-0.5893296,0.0585798,-0.09375781,0.80029273
1783532938.8375,88,left_arm_joint,0.22921757,0.5243712,0.08061436,-0.3806055,0.38971344,-0.43278033,0.7183063
1783532938.8375,88,left_forearm_joint,0.31477186,0.2800914,0.019323105,-0.4842707,0.24907921,-0.59087247,0.59524035
1783532938.8375,88,left_hand_joint,0.36237907,0.026949082,0.09321874,0.7449807,-0.55451995,0.32199118,-0.18393731
1783532938.8375,88,left_handIndexStart_joint,0.3552869,0.0050210524,0.112228364,0.7223009,-0.56570494,0.36931816,-0.14786254
1783532938.8375,88,left_handIndex_1_joint,0.36228704,-0.06938145,0.14164005,0.7223009,-0.56570494,0.36931816,-0.14786254
1783532938.8375,88,left_handIndex_2_joint,0.3663569,-0.11263872,0.15873986,0.7223009,-0.56570494,0.36931816,-0.14786254
1783532938.8375,88,left_handIndex_3_joint,0.36863604,-0.13686278,0.16831577,0.7223009,-0.56570494,0.36931816,-0.14786254
1783532938.8375,88,left_handIndexEnd_joint,0.370264,-0.1541657,0.1751557,0.7223009,-0.56570494,0.36931816,-0.14786254
1783532938.8375,88,left_handMidStart_joint,0.3642561,0.0022368263,0.10355789,0.7457697,-0.5541967,0.31979102,-0.18554579
1783532938.8375,88,left_handMid_1_joint,0.37803,-0.069618344,0.124182485,0.7457697,-0.5541967,0.31979102,-0.18554579
1783532938.8375,88,left_handMid_2_joint,0.38770893,-0.12011117,0.13867545,0.7457697,-0.5541967,0.31979102,-0.18554579
1783532938.8375,88,left_handMid_3_joint,0.3932929,-0.14924164,0.14703676,0.7457697,-0.5541967,0.31979102,-0.18554579
1783532938.8375,88,left_handMidEnd_joint,0.39701557,-0.16866195,0.15261099,0.7457697,-0.5541967,0.31979102,-0.18554579
1783532938.8375,88,left_handPinkyStart_joint,0.38082382,-0.00021312952,0.0814556,0.75608104,-0.55849296,0.23147708,-0.2506898
1783532938.8375,88,left_handPinky_1_joint,0.39790618,-0.06121189,0.08590157,0.75608104,-0.55849296,0.23147708,-0.2506898
1783532938.8375,88,left_handPinky_2_joint,0.40845707,-0.09888759,0.08864762,0.75608104,-0.55849296,0.23147708,-0.2506898
1783532938.8375,88,left_handPinky_3_joint,0.4139837,-0.11862248,0.09008603,0.75608104,-0.55849296,0.23147708,-0.2506898
1783532938.8375,88,left_handPinkyEnd_joint,0.41900793,-0.13656329,0.09139367,0.75608104,-0.55849296,0.23147708,-0.2506898
1783532938.8375,88,left_handRingStart_joint,0.37196648,0.0005902505,0.09336278,0.7518789,-0.5569334,0.2765395,-0.2191556
1783532938.8375,88,left_handRing_1_joint,0.38780198,-0.06637661,0.10535896,0.7518789,-0.5569334,0.2765395,-0.2191556
1783532938.8375,88,left_handRing_2_joint,0.39897993,-0.113647334,0.113826856,0.7518789,-0.5569334,0.2765395,-0.2191556
1783532938.8375,88,left_handRing_3_joint,0.40596616,-0.14319153,0.11911929,0.7518789,-0.5569334,0.2765395,-0.2191556
1783532938.8375,88,left_handRingEnd_joint,0.41062367,-0.16288766,0.122647576,0.7518789,-0.5569334,0.2765395,-0.2191556
1783532938.8375,88,left_handThumbStart_joint,0.34549916,0.0030310724,0.10635539,0.3562699,-0.17350583,0.8390472,-0.3727831
1783532938.8375,88,left_handThumb_1_joint,0.3203598,-0.037199795,0.13150991,0.3562699,-0.17350583,0.8390472,-0.3727831
1783532938.8375,88,left_handThumb_2_joint,0.30238947,-0.065954626,0.14949118,0.3562699,-0.17350583,0.8390472,-0.3727831
1783532938.8375,88,left_handThumbEnd_joint,0.29040927,-0.08512452,0.16147868,0.3562699,-0.1735058,0.8390472,-0.3727831
1783532938.8375,88,neck_1_joint,-0.0013300704,0.5777635,0.08645883,0.6219399,0.35980973,0.6013004,0.3495221
1783532938.8375,88,neck_2_joint,-0.00079158065,0.60380036,0.10135151,0.6117557,0.37499058,0.59453446,0.36285788
1783532938.8375,88,neck_3_joint,-0.00031870604,0.6394111,0.119562835,0.5944502,0.399198,0.58371675,0.38281202
1783532938.8375,88,neck_4_joint,-0.0003254342,0.6762717,0.13509664,0.5776798,0.42137176,0.5722789,0.4015329
1783532938.8375,88,head_joint,-0.0007471108,0.7199647,0.15056765,0.51950765,0.48955587,0.52448046,0.46407652
1783532938.8375,88,jaw_joint,9.9415774e-05,0.6946286,0.15328218,0.51950765,0.48955587,0.52448046,0.46407652
1783532938.8375,88,chin_joint,0.0037596892,0.6358623,0.24832492,0.51950765,0.48955587,0.52448046,0.46407652
1783532938.8375,88,left_eye_joint,0.03244977,0.74564964,0.23913799,0.52375746,0.4850065,0.5285078,0.4594848
1783532938.8375,88,left_eyeLowerLid_joint,0.03244977,0.74564964,0.23913799,0.52375746,0.4850065,0.5285078,0.4594848
1783532938.8375,88,left_eyeUpperLid_joint,0.03244977,0.74564964,0.23913799,0.52375746,0.4850065,0.5285078,0.4594848
1783532938.8375,88,left_eyeball_joint,0.03244977,0.74564964,0.23913799,0.52375746,0.4850065,0.5285078,0.4594848
1783532938.8375,88,nose_joint,0.0016572573,0.7100717,0.2600955,0.52375996,0.48500377,0.5285103,0.45948198
1783532938.8375,88,right_eye_joint,-0.03214165,0.7436238,0.24037296,0.52375746,0.4850065,0.5285078,0.4594848
1783532938.8375,88,right_eyeLowerLid_joint,-0.03214165,0.7436238,0.24037296,0.52375746,0.4850065,0.5285078,0.4594848
1783532938.8375,88,right_eyeUpperLid_joint,-0.03214165,0.7436238,0.24037296,0.52375746,0.4850065,0.5285078,0.4594848
1783532938.8375,88,right_eyeball_joint,-0.03214165,0.7436238,0.24037296,0.52375746,0.4850065,0.5285078,0.4594848
1783532938.8375,88,right_shoulder_1_joint,-0.09090826,0.5568893,0.08440452,0.78571415,0.14434883,0.022939539,0.60107434
1783532938.8375,88,right_arm_joint,-0.22976013,0.5199872,0.10434602,0.6999908,0.52592736,0.29407725,0.38331702
1783532938.8375,88,right_forearm_joint,-0.30259717,0.26417845,0.10208278,0.5280383,0.7111601,0.19191496,0.42260572
1783532938.8375,88,right_hand_joint,-0.27977675,0.01945465,0.2088433,0.16737981,0.4524605,0.581257,0.6552893
1783532938.8375,88,right_handIndexStart_joint,-0.26560128,0.0019603919,0.22670183,0.12737568,0.49610722,0.59181255,0.6224237
1783532938.8375,88,right_handIndex_1_joint,-0.25012308,-0.06735546,0.26419157,0.12737568,0.49610722,0.59181255,0.6224237
1783532938.8375,88,right_handIndex_2_joint,-0.24112372,-0.107655644,0.28598753,0.12737568,0.49610722,0.59181255,0.6224237
1783532938.8375,88,right_handIndex_3_joint,-0.23608461,-0.1302239,0.298194,0.12737568,0.49610722,0.59181255,0.6224237
1783532938.8375,88,right_handIndexEnd_joint,-0.23248522,-0.14634381,0.30691284,0.12737568,0.49610722,0.59181255,0.6224237
1783532938.8375,88,right_handMidStart_joint,-0.27538168,-0.0036792634,0.22070922,0.16682455,0.45302123,0.5816639,0.65468204
1783532938.8375,88,right_handMid_1_joint,-0.26875904,-0.07306328,0.25104678,0.16682455,0.45302123,0.5816639,0.65468204
1783532938.8375,88,right_handMid_2_joint,-0.26410562,-0.1218189,0.27236527,0.16682455,0.45302123,0.5816639,0.65468204
1783532938.8375,88,right_handMid_3_joint,-0.26142073,-0.14994736,0.28466427,0.16682455,0.45302123,0.5816639,0.65468204
1783532938.8375,88,right_handMidEnd_joint,-0.25963107,-0.16869926,0.29286373,0.16682455,0.45302123,0.5816639,0.65468204
1783532938.8375,88,right_handPinkyStart_joint,-0.2953066,-0.012367453,0.20348951,0.23990834,0.37396178,0.5850735,0.67844373
1783532938.8375,88,right_handPinky_1_joint,-0.29757255,-0.07417339,0.21788484,0.23990834,0.37396178,0.5850735,0.67844373
1783532938.8375,88,right_handPinky_2_joint,-0.2989724,-0.112348326,0.22677675,0.23990834,0.37396178,0.5850735,0.67844373
1783532938.8375,88,right_handPinky_3_joint,-0.29970524,-0.13234448,0.23143367,0.23990834,0.37396178,0.5850735,0.67844373
1783532938.8375,88,right_handPinkyEnd_joint,-0.30037177,-0.1505226,0.2356675,0.23990834,0.37396178,0.5850735,0.67844373
1783532938.8375,88,right_handRingStart_joint,-0.28452662,-0.008201828,0.21283399,0.20430535,0.4146345,0.58387274,0.6674057
1783532938.8375,88,right_handRing_1_joint,-0.2827345,-0.074475504,0.2348291,0.20430535,0.4146345,0.58387274,0.6674057
1783532938.8375,88,right_handRing_2_joint,-0.28146937,-0.12125654,0.2503547,0.20430535,0.4146345,0.58387274,0.6674057
1783532938.8375,88,right_handRing_3_joint,-0.28067896,-0.15049502,0.26005876,0.20430535,0.4146345,0.58387274,0.6674057
1783532938.8375,88,right_handRingEnd_joint,-0.2801514,-0.16998792,0.2665275,0.20430535,0.4146345,0.58387274,0.6674057
1783532938.8375,88,right_handThumbStart_joint,-0.2570738,0.0009979724,0.2189159,0.27989483,0.9165991,0.11312694,0.26212108
1783532938.8375,88,right_handThumb_1_joint,-0.21917084,-0.02974083,0.24131621,0.27989483,0.9165991,0.11312694,0.26212108
1783532938.8375,88,right_handThumb_2_joint,-0.19207779,-0.051710267,0.2573287,0.27989483,0.9165991,0.113126926,0.26212108
1783532938.8375,88,right_handThumbEnd_joint,-0.17401572,-0.06635684,0.26800293,0.27989483,0.9165991,0.113126904,0.2621211
1783532938.8375,88,camera,0.11109555,0.07125792,-0.018064454,-0.07607397,-0.07740807,-0.6998517,0.7059946
1783532938.8702,89,root,-0.0007791168,0.021265848,-0.004151346,-0.056308996,-0.0105273,-0.005832143,0.99834085
1783532938.8702,89,hips_joint,-0.0007791168,0.021265848,-0.004151346,-0.056308996,-0.0105273,-0.005832143,0.99834085
1783532938.8702,89,left_upLeg_joint,0.09939175,-0.004496231,0.0017853945,0.59557444,-0.3565578,0.62873113,-0.35050628
1783532938.8702,89,left_leg_joint,0.08049588,-0.36894307,0.21189827,-0.28663284,0.6213258,-0.35272974,0.63826126
1783532938.8702,89,left_foot_joint,0.07092534,-0.7377389,-0.058337323,0.60880184,-0.31235155,0.67127955,-0.2849218
1783532938.8702,89,left_toes_joint,0.056564722,-0.8514271,0.0369478,0.6569685,-0.19130044,0.71311456,-0.15252563
1783532938.8702,89,left_toesEnd_joint,0.05109012,-0.8798703,0.09024576,0.65696853,-0.19130024,0.7131145,-0.15252583
1783532938.8702,89,right_upLeg_joint,-0.10162994,-0.002388277,-0.0025733537,0.36822918,0.55423594,0.42828205,0.6113955
1783532938.8702,89,right_leg_joint,-0.10954407,-0.39479282,0.14998986,0.58818525,0.3057434,0.681957,0.30902117
1783532938.8702,89,right_foot_joint,-0.055997543,-0.7520158,-0.13046329,0.2744775,0.60340875,0.34627432,0.663818
1783532938.8702,89,right_toes_joint,-0.060764197,-0.8698955,-0.03940216,0.15513529,0.64449453,0.21418019,0.71741694
1783532938.8702,89,right_toesEnd_joint,-0.065465786,-0.9006671,0.012661491,0.1551358,0.6444947,0.21417975,0.71741676
1783532938.8702,89,spine_1_joint,-0.00077913655,0.021265848,-0.004151346,0.46173784,0.53231156,0.4703364,0.5312498
1783532938.8702,89,spine_2_joint,-0.0013053787,0.07831852,-0.01170439,0.46780822,0.53297865,0.47495398,0.5210646
1783532938.8702,89,spine_3_joint,-0.0024158466,0.13550459,-0.018096091,0.4896621,0.51480436,0.49569646,0.4994924
1783532938.8702,89,spine_4_joint,-0.0035552967,0.18852448,-0.019625869,0.52503115,0.4804911,0.52565706,0.46599957
1783532938.8702,89,spine_5_joint,-0.0045725764,0.25861982,-0.012508594,0.5732837,0.42507663,0.56452996,0.4146832
1783532938.8702,89,spine_6_joint,-0.0044432674,0.34812948,0.0156746,0.5890254,0.40565488,0.5766057,0.3949931
1783532938.8702,89,spine_7_joint,-0.0037865865,0.4478232,0.054777343,0.57797694,0.42661622,0.56131923,0.4109285
1783532938.8702,89,left_shoulder_1_joint,0.08603036,0.55684024,0.08034723,-0.5921307,0.053950105,-0.09955383,0.79784703
1783532938.8702,89,left_arm_joint,0.2273606,0.52453065,0.08496125,-0.37395835,0.38605735,-0.45421833,0.71049356
1783532938.8702,89,left_forearm_joint,0.30430812,0.2760522,0.029405974,-0.47239575,0.2508899,-0.61738586,0.5768291
1783532938.8702,89,left_hand_joint,0.33426133,0.021670494,0.10815162,0.7244167,-0.5719223,0.3420759,-0.17638011
1783532938.8702,89,left_handIndexStart_joint,0.3253133,0.00051336526,0.1272517,0.7004712,-0.5825717,0.38803545,-0.13920966
1783532938.8702,89,left_handIndex_1_joint,0.32692572,-0.07370851,0.15788344,0.7004712,-0.5825717,0.38803545,-0.13920966
1783532938.8702,89,left_handIndex_2_joint,0.3278632,-0.11686077,0.17569257,0.7004712,-0.5825717,0.38803545,-0.13920966
1783532938.8702,89,left_handIndex_3_joint,0.32838815,-0.14102603,0.1856657,0.7004712,-0.5825717,0.38803545,-0.13920966
1783532938.8702,89,left_handIndexEnd_joint,0.32876316,-0.15828694,0.19278936,0.7004712,-0.5825717,0.38803545,-0.13920966
1783532938.8702,89,left_handMidStart_joint,0.334334,-0.0029456425,0.11888281,0.7252581,-0.57161665,0.33993492,-0.17804432
1783532938.8702,89,left_handMid_1_joint,0.3431059,-0.075173914,0.14089178,0.7252581,-0.57161665,0.33993492,-0.17804432
1783532938.8702,89,left_handMid_2_joint,0.34927,-0.12592892,0.15635753,0.7252581,-0.57161665,0.33993492,-0.17804432
1783532938.8702,89,left_handMid_3_joint,0.35282615,-0.15521066,0.16528009,0.7252581,-0.57161665,0.33993492,-0.17804432
1783532938.8702,89,left_handMidEnd_joint,0.35519695,-0.1747318,0.17122847,0.7252581,-0.57161665,0.33993492,-0.17804432
1783532938.8702,89,left_handPinkyStart_joint,0.35133138,-0.0067424127,0.097303286,0.73716664,-0.5759521,0.25383797,-0.24582776
1783532938.8702,89,left_handPinky_1_joint,0.36452007,-0.06858932,0.10308646,0.73716664,-0.5759521,0.25383797,-0.24582776
1783532938.8702,89,left_handPinky_2_joint,0.372666,-0.10678888,0.10665843,0.73716664,-0.5759521,0.25383797,-0.24582776
1783532938.8702,89,left_handPinky_3_joint,0.37693295,-0.12679817,0.10852946,0.73716664,-0.5759521,0.25383797,-0.24582776
1783532938.8702,89,left_handPinkyEnd_joint,0.38081196,-0.14498843,0.11023039,0.73716664,-0.5759521,0.25383797,-0.24582776
1783532938.8702,89,left_handRingStart_joint,0.3422108,-0.0052165887,0.108937964,0.73214227,-0.5743802,0.29784086,-0.21294688
1783532938.8702,89,left_handRing_1_joint,0.35357958,-0.07282618,0.12231445,0.73214227,-0.5743802,0.29784086,-0.21294688
1783532938.8702,89,left_handRing_2_joint,0.3616046,-0.120550595,0.13175668,0.73214227,-0.5743802,0.29784086,-0.21294688
1783532938.8702,89,left_handRing_3_joint,0.36662024,-0.15037835,0.13765807,0.73214227,-0.5743802,0.29784086,-0.21294688
1783532938.8702,89,left_handRingEnd_joint,0.36996403,-0.17026351,0.14159232,0.73214227,-0.5743802,0.29784086,-0.21294688
1783532938.8702,89,left_handThumbStart_joint,0.3155899,-0.000969882,0.12112731,0.3416111,-0.17278334,0.85625494,-0.34680796
1783532938.8702,89,left_handThumb_1_joint,0.28734443,-0.039201576,0.14610325,0.3416111,-0.17278334,0.85625494,-0.34680796
1783532938.8702,89,left_handThumb_2_joint,0.267154,-0.066527344,0.1639568,0.34161115,-0.17278333,0.85625494,-0.34680796
1783532938.8702,89,left_handThumbEnd_joint,0.2536937,-0.08474453,0.17585918,0.34161115,-0.1727833,0.85625494,-0.34680796
1783532938.8702,89,neck_1_joint,-0.0032067047,0.57773834,0.08836024,0.62015384,0.36139527,0.6032995,0.34760997
1783532938.8702,89,neck_2_joint,-0.0028813134,0.60376835,0.10327108,0.61017853,0.37624583,0.59655935,0.36088568
1783532938.8702,89,neck_3_joint,-0.0026768195,0.6393577,0.12152917,0.5928501,0.4003487,0.5858049,0.38089716
1783532938.8702,89,neck_4_joint,-0.0029525172,0.676196,0.13711339,0.576032,0.42245767,0.5744268,0.399688
1783532938.8702,89,head_joint,-0.0036873184,0.7198639,0.15264335,0.51772875,0.49042517,0.5268216,0.4624924
1783532938.8702,89,jaw_joint,-0.002681862,0.6945302,0.15532483,0.51772875,0.49042517,0.5268216,0.4624924
1783532938.8702,89,chin_joint,0.0011751592,0.63565755,0.250294,0.51772875,0.49042517,0.5268216,0.4624924
1783532938.8702,89,left_eye_joint,0.029170841,0.74564093,0.24131319,0.5219861,0.48589122,0.53083515,0.45788026
1783532938.8702,89,left_eyeLowerLid_joint,0.029170841,0.74564093,0.24131319,0.5219861,0.48589122,0.53083515,0.45788026
1783532938.8702,89,left_eyeUpperLid_joint,0.029170841,0.74564093,0.24131319,0.5219861,0.48589122,0.53083515,0.45788026
1783532938.8702,89,left_eyeball_joint,0.029170841,0.74564093,0.24131319,0.5219861,0.48589122,0.53083515,0.45788026
1783532938.8702,89,nose_joint,-0.0014309633,0.7098354,0.262162,0.5219887,0.48588845,0.53083754,0.45787743
1783532938.8702,89,right_eye_joint,-0.035408366,0.743195,0.24241972,0.5219861,0.48589122,0.53083515,0.45788026
1783532938.8702,89,right_eyeLowerLid_joint,-0.035408366,0.743195,0.24241972,0.5219861,0.48589122,0.53083515,0.45788026
1783532938.8702,89,right_eyeUpperLid_joint,-0.035408366,0.743195,0.24241972,0.5219861,0.48589122,0.53083515,0.45788026
1783532938.8702,89,right_eyeball_joint,-0.035408366,0.743195,0.24241972,0.5219861,0.48589122,0.53083515,0.45788026
1783532938.8702,89,right_shoulder_1_joint,-0.09260755,0.5561391,0.08608756,0.7820862,0.15358087,0.023988035,0.6034724
1783532938.8702,89,right_arm_joint,-0.23064724,0.5170949,0.10753196,0.6915024,0.5426026,0.28898814,0.37933224
1783532938.8702,89,right_forearm_joint,-0.2955841,0.25917715,0.1107188,0.51268345,0.72841614,0.18846773,0.4135769
1783532938.8702,89,right_hand_joint,-0.26015294,0.017257119,0.22038944,0.16055046,0.46831638,0.5888888,0.63883764
1783532938.8702,89,right_handIndexStart_joint,-0.24483603,0.0006285178,0.2381321,0.12005135,0.5108022,0.5989503,0.60491925
1783532938.8702,89,right_handIndex_1_joint,-0.22561601,-0.06741666,0.2762134,0.12005135,0.5108022,0.5989503,0.60491925
1783532938.8702,89,right_handIndex_2_joint,-0.21444114,-0.10697807,0.2983533,0.12005135,0.5108022,0.5989503,0.60491925
1783532938.8702,89,right_handIndex_3_joint,-0.20818372,-0.12913263,0.3107524,0.12005135,0.5108022,0.5989503,0.60491925
1783532938.8702,89,right_handIndexEnd_joint,-0.20371412,-0.14495704,0.3196088,0.12005135,0.5108022,0.5989503,0.60491925
1783532938.8702,89,right_handMidStart_joint,-0.25452423,-0.0054938626,0.23247269,0.15999366,0.46886113,0.58928627,0.6382111
1783532938.8702,89,right_handMid_1_joint,-0.24432465,-0.07407573,0.2636314,0.15999366,0.46886113,0.58928627,0.6382111
1783532938.8702,89,right_handMid_2_joint,-0.23715772,-0.1222677,0.28552693,0.15999366,0.46886113,0.58928627,0.6382111
1783532938.8702,89,right_handMid_3_joint,-0.23302272,-0.15007097,0.29815885,0.15999366,0.46886113,0.58928627,0.6382111
1783532938.8702,89,right_handMidEnd_joint,-0.23026633,-0.16860609,0.30658022,0.15999366,0.46886113,0.58928627,0.6382111
1783532938.8702,89,right_handPinkyStart_joint,-0.2745001,-0.015245655,0.21589342,0.23452511,0.39163515,0.59284896,0.6634382
1783532938.8702,89,right_handPinky_1_joint,-0.27388448,-0.076862484,0.23123361,0.23452511,0.39163515,0.59284896,0.6634382
1783532938.8702,89,right_handPinky_2_joint,-0.27350447,-0.114920616,0.24070911,0.23452511,0.39163515,0.59284896,0.6634382
1783532938.8702,89,right_handPinky_3_joint,-0.273305,-0.13485557,0.2456717,0.23452511,0.39163515,0.59284896,0.6634382
1783532938.8702,89,right_handPinkyEnd_joint,-0.273124,-0.15297809,0.25018343,0.23452511,0.39163515,0.59284896,0.6634382
1783532938.8702,89,right_handRingStart_joint,-0.26367003,-0.010503654,0.22489913,0.19817479,0.43142414,0.59156805,0.6516498
1783532938.8702,89,right_handRing_1_joint,-0.2586298,-0.076302424,0.24779704,0.19817479,0.43142414,0.59156805,0.6516498
1783532938.8702,89,right_handRing_2_joint,-0.25507185,-0.122748226,0.26395994,0.19817479,0.43142414,0.59156805,0.6516498
1783532938.8702,89,right_handRing_3_joint,-0.25284842,-0.1517772,0.2740623,0.19817479,0.43142414,0.59156805,0.6516498
1783532938.8702,89,right_handRingEnd_joint,-0.2513655,-0.1711304,0.2807966,0.19817479,0.43142414,0.59156805,0.6516498
1783532938.8702,89,right_handThumbStart_joint,-0.2364726,-0.00010886311,0.23014623,0.26065508,0.9261418,0.108031,0.25029936
1783532938.8702,89,right_handThumb_1_joint,-0.19680214,-0.028940381,0.25201586,0.26065508,0.9261418,0.10803099,0.25029936
1783532938.8702,89,right_handThumb_2_joint,-0.16844575,-0.04954648,0.26764897,0.26065508,0.9261418,0.108030975,0.25029936
1783532938.8702,89,right_handThumbEnd_joint,-0.14954147,-0.06328417,0.27807027,0.26065508,0.92614186,0.10803095,0.25029936
1783532938.8702,89,camera,0.11140255,0.071603194,-0.018204886,-0.07578979,-0.07669921,-0.7000795,0.7058766
1783532938.9060,90,root,-0.0005838219,0.022180168,-0.0035922627,-0.061928146,-0.009992176,-0.0064982823,0.9980095
1783532938.9060,90,hips_joint,-0.0005838219,0.022180168,-0.0035922627,-0.061928146,-0.009992176,-0.0064982823,0.9980095
1783532938.9060,90,left_upLeg_joint,0.09955437,-0.0036656498,0.002529068,0.59665143,-0.35054016,0.63587326,-0.34175143
1783532938.9060,90,left_leg_joint,0.07663532,-0.36283174,0.22116224,-0.28276852,0.6201164,-0.3557004,0.6395116
1783532938.9060,90,left_foot_joint,0.06651329,-0.73125976,-0.049554862,0.6050139,-0.31378245,0.6743891,-0.2840741
1783532938.9060,90,left_toes_joint,0.05063839,-0.844947,0.045490876,0.6535205,-0.19342345,0.716007,-0.15110399
1783532938.9060,90,left_toesEnd_joint,0.044563197,-0.8734085,0.09871394,0.65352064,-0.19342326,0.71600693,-0.15110421
1783532938.9060,90,right_upLeg_joint,-0.10146844,-0.0013015746,-0.001643324,0.3623838,0.5585237,0.41956958,0.6170014
1783532938.9060,90,right_leg_joint,-0.11158536,-0.38978103,0.16053201,0.5876783,0.30818197,0.6797747,0.3123531
1783532938.9060,90,right_foot_joint,-0.0593876,-0.74962795,-0.11680355,0.27257463,0.60501593,0.34250152,0.6650952
1783532938.9060,90,right_toes_joint,-0.06434992,-0.8666799,-0.02469121,0.15296231,0.6457119,0.21023375,0.7179558
1783532938.9060,90,right_toesEnd_joint,-0.069064155,-0.8969744,0.027650317,0.15296279,0.64571196,0.21023327,0.71795577
1783532938.9060,90,spine_1_joint,-0.0005838417,0.022180168,-0.003592263,0.46119362,0.5332909,0.46861804,0.53225774
1783532938.9060,90,spine_2_joint,-0.0010445045,0.07920079,-0.011387748,0.46885446,0.53258353,0.47514644,0.52035165
1783532938.9060,90,spine_3_joint,-0.0021275925,0.1364023,-0.017644448,0.49167913,0.5134413,0.4973977,0.49721706
1783532938.9060,90,spine_4_joint,-0.0032975934,0.18943135,-0.018783165,0.5273261,0.4786101,0.52826816,0.4623765
1783532938.9060,90,spine_5_joint,-0.0044488073,0.25944635,-0.010933693,0.5750731,0.42342666,0.56733537,0.41003793
1783532938.9060,90,spine_6_joint,-0.0046513486,0.34863868,0.018237589,0.58966166,0.4053964,0.579466,0.39009196
1783532938.9060,90,spine_7_joint,-0.004655411,0.44798294,0.05822516,0.5765518,0.4288582,0.5642127,0.40661114
1783532938.9060,90,left_shoulder_1_joint,0.08396886,0.55788714,0.084155984,-0.59270155,0.04629162,-0.10549543,0.7971402
1783532938.9060,90,left_arm_joint,0.22516838,0.5255318,0.091590196,-0.36118484,0.38097095,-0.47773913,0.7043947
1783532938.9060,90,left_forearm_joint,0.29253024,0.27331406,0.04062624,-0.44944975,0.25661072,-0.6477365,0.5590914
1783532938.9060,90,left_hand_joint,0.30034873,0.017414493,0.11976119,0.6954165,-0.5947567,0.36287206,-0.17602327
1783532938.9060,90,left_handIndexStart_joint,0.28907958,-0.0030248235,0.13840906,0.67017436,-0.60531956,0.40691286,-0.13739194
1783532938.9060,90,left_handIndex_1_joint,0.28394133,-0.0771637,0.16885263,0.67017436,-0.60531956,0.40691286,-0.13739194
1783532938.9060,90,left_handIndex_2_joint,0.28095397,-0.1202677,0.18655239,0.67017436,-0.60531956,0.40691286,-0.13739194
1783532938.9060,90,left_handIndex_3_joint,0.27928105,-0.14440593,0.19646426,0.67017436,-0.60531956,0.40691286,-0.13739194
1783532938.9060,90,left_handIndexEnd_joint,0.27808613,-0.16164753,0.20354415,0.67017436,-0.60531956,0.40691286,-0.13739194
1783532938.9060,90,left_handMidStart_joint,0.2981604,-0.007140019,0.13041033,0.6963117,-0.5944462,0.36081213,-0.17775932
1783532938.9060,90,left_handMid_1_joint,0.30066103,-0.079818994,0.1525412,0.6963117,-0.5944462,0.36081213,-0.17775932
1783532938.9060,90,left_handMid_2_joint,0.30241823,-0.1308907,0.16809262,0.6963117,-0.5944462,0.36081213,-0.17775932
1783532938.9060,90,left_handMid_3_joint,0.303432,-0.16035515,0.17706461,0.6963117,-0.5944462,0.36081213,-0.17775932
1783532938.9060,90,left_handMidEnd_joint,0.30410784,-0.17999811,0.18304592,0.6963117,-0.5944462,0.36081213,-0.17775932
1783532938.9060,90,left_handPinkyStart_joint,0.315713,-0.012180559,0.109541684,0.70978373,-0.5977441,0.27753866,-0.24875958
1783532938.9060,90,left_handPinky_1_joint,0.3240538,-0.0748322,0.115675636,0.70978373,-0.5977441,0.27753866,-0.24875958
1783532938.9060,90,left_handPinky_2_joint,0.32920545,-0.1135288,0.11946426,0.70978373,-0.5977441,0.27753866,-0.24875958
1783532938.9060,90,left_handPinky_3_joint,0.331904,-0.13379845,0.12144878,0.70978373,-0.5977441,0.27753866,-0.24875958
1783532938.9060,90,left_handPinkyEnd_joint,0.33435717,-0.15222539,0.12325288,0.70978373,-0.5977441,0.27753866,-0.24875958
1783532938.9060,90,left_handRingStart_joint,0.30625448,-0.009985945,0.12079329,0.70393413,-0.59670466,0.32018518,-0.21424726
1783532938.9060,90,left_handRing_1_joint,0.31204167,-0.078250356,0.13442089,0.70393413,-0.59670466,0.32018518,-0.21424726
1783532938.9060,90,left_handRing_2_joint,0.31612676,-0.126437,0.14404038,0.70393413,-0.59670466,0.32018518,-0.21424726
1783532938.9060,90,left_handRing_3_joint,0.31867993,-0.15655364,0.15005255,0.70393413,-0.59670466,0.32018518,-0.21424726
1783532938.9060,90,left_handRingEnd_joint,0.32038206,-0.1766314,0.15406066,0.70393413,-0.59670466,0.32018518,-0.21424726
1783532938.9060,90,left_handThumbStart_joint,0.27953604,-0.0037863397,0.13188271,0.31688672,-0.17870474,0.8752456,-0.31873593
1783532938.9060,90,left_handThumb_1_joint,0.2475357,-0.03982956,0.15554966,0.31688672,-0.17870474,0.8752456,-0.31873593
1783532938.9060,90,left_handThumb_2_joint,0.22466141,-0.06559098,0.17246753,0.31688672,-0.17870471,0.8752456,-0.31873593
1783532938.9060,90,left_handThumbEnd_joint,0.20941186,-0.08276525,0.1837461,0.31688672,-0.17870468,0.8752456,-0.31873593
1783532938.9060,90,neck_1_joint,-0.0054884264,0.5777691,0.09229783,0.62012106,0.36253142,0.6054568,0.34269917
1783532938.9060,90,neck_2_joint,-0.00536885,0.60370725,0.10737087,0.61093664,0.37650856,0.5986408,0.35584658
1783532938.9060,90,neck_3_joint,-0.0053792116,0.63915104,0.12591106,0.59370106,0.40049177,0.5880745,0.37589064
1783532938.9060,90,neck_4_joint,-0.005877235,0.67585695,0.141799,0.5768684,0.42261058,0.57687473,0.39476407
1783532938.9060,90,head_joint,-0.006882789,0.7193893,0.15769008,0.51852614,0.49064252,0.5298432,0.45789367
1783532938.9060,90,jaw_joint,-0.0056916047,0.6940422,0.16016026,0.51852614,0.49064252,0.5298432,0.45789367
1783532938.9060,90,chin_joint,-0.0011853933,0.63441926,0.25463137,0.51852614,0.49064252,0.5298432,0.45789367
1783532938.9060,90,left_eye_joint,0.02600958,0.74466854,0.24649043,0.5227854,0.48610166,0.53381646,0.45325536
1783532938.9060,90,left_eyeLowerLid_joint,0.02600958,0.74466854,0.24649043,0.5227854,0.48610166,0.53381646,0.45325536
1783532938.9060,90,left_eyeUpperLid_joint,0.02600958,0.74466854,0.24649043,0.5227854,0.48610166,0.53381646,0.45325536
1783532938.9060,90,left_eyeball_joint,0.02600958,0.74466854,0.24649043,0.5227854,0.48610166,0.53381646,0.45325536
1783532938.9060,90,nose_joint,-0.004286984,0.7084766,0.26711664,0.5227879,0.4860988,0.5338189,0.45325252
1783532938.9060,90,right_eye_joint,-0.03854779,0.74175566,0.24773136,0.5227854,0.48610166,0.53381646,0.45325536
1783532938.9060,90,right_eyeLowerLid_joint,-0.03854779,0.74175566,0.24773136,0.5227854,0.48610166,0.53381646,0.45325536
1783532938.9060,90,right_eyeUpperLid_joint,-0.03854779,0.74175566,0.24773136,0.5227854,0.48610166,0.53381646,0.45325536
1783532938.9060,90,right_eyeball_joint,-0.03854779,0.74175566,0.24773136,0.5227854,0.48610166,0.53381646,0.45325536
1783532938.9060,90,right_shoulder_1_joint,-0.09464688,0.5551934,0.08999372,0.7766505,0.16495144,0.021385971,0.6075752
1783532938.9060,90,right_arm_joint,-0.23167011,0.51425964,0.11424914,0.68267345,0.5589799,0.2768278,0.38061085
1783532938.9060,90,right_forearm_joint,-0.29066992,0.25520828,0.12689455,0.5003317,0.7415906,0.17509604,0.4111604
1783532938.9060,90,right_hand_joint,-0.24746488,0.017768115,0.2433581,0.1521402,0.48688513,0.5861382,0.6294744
1783532938.9060,90,right_handIndexStart_joint,-0.23138417,0.0020484745,0.26125288,0.11186175,0.52869165,0.5956267,0.5943069
1783532938.9060,90,right_handIndex_1_joint,-0.20981497,-0.064307995,0.30101877,0.11186175,0.52869165,0.5956267,0.5943069
1783532938.9060,90,right_handIndex_2_joint,-0.1972743,-0.1028876,0.32413808,0.11186175,0.52869165,0.5956267,0.5943069
1783532938.9060,90,right_handIndex_3_joint,-0.19025202,-0.124492325,0.33708563,0.11186175,0.52869165,0.5956267,0.5943069
1783532938.9060,90,right_handIndexEnd_joint,-0.18523608,-0.139924,0.3463338,0.11186175,0.52869165,0.5956267,0.5943069
1783532938.9060,90,right_handMidStart_joint,-0.24106532,-0.004456022,0.2560241,0.15159245,0.4874228,0.5865265,0.6288284
1783532938.9060,90,right_handMid_1_joint,-0.22866046,-0.071762405,0.28910482,0.15159245,0.4874228,0.5865265,0.6288284
1783532938.9060,90,right_handMid_2_joint,-0.21994387,-0.119058095,0.3123509,0.15159245,0.4874228,0.5865265,0.6288284
1783532938.9060,90,right_handMid_3_joint,-0.21491483,-0.14634426,0.32576197,0.15159245,0.4874228,0.5865265,0.6288284
1783532938.9060,90,right_handMidEnd_joint,-0.21156244,-0.16453466,0.3347028,0.15159245,0.4874228,0.5865265,0.6288284
1783532938.9060,90,right_handPinkyStart_joint,-0.26120266,-0.015157063,0.24024495,0.22656523,0.4113658,0.5907257,0.65611684
1783532938.9060,90,right_handPinky_1_joint,-0.25889397,-0.076217555,0.2575255,0.22656523,0.4113658,0.5907257,0.65611684
1783532938.9060,90,right_handPinky_2_joint,-0.25746822,-0.11393204,0.2681995,0.22656523,0.4113658,0.5907257,0.65611684
1783532938.9060,90,right_handPinky_3_joint,-0.25672102,-0.13368702,0.27378988,0.22656523,0.4113658,0.5907257,0.65611684
1783532938.9060,90,right_handPinkyEnd_joint,-0.2560421,-0.15164591,0.27887228,0.22656523,0.4113658,0.5907257,0.65611684
1783532938.9060,90,right_handRingStart_joint,-0.25027284,-0.009899456,0.24883427,0.18997408,0.45059764,0.5891058,0.643293
1783532938.9060,90,right_handRing_1_joint,-0.24327615,-0.0748009,0.27369472,0.18997408,0.45059764,0.5891058,0.643293
1783532938.9060,90,right_handRing_2_joint,-0.2383372,-0.120613314,0.2912429,0.18997408,0.45059764,0.5891058,0.643293
1783532938.9060,90,right_handRing_3_joint,-0.23525062,-0.14924641,0.3022111,0.18997408,0.45059764,0.5891058,0.643293
1783532938.9060,90,right_handRingEnd_joint,-0.23319228,-0.1683357,0.3095226,0.18997408,0.45059764,0.5891058,0.643293
1783532938.9060,90,right_handThumbStart_joint,-0.22319359,0.0012280631,0.25309774,0.24794024,0.9333643,0.09271259,0.2424071
1783532938.9060,90,right_handThumb_1_joint,-0.18241103,-0.026040865,0.27492592,0.24794024,0.9333643,0.09271258,0.2424071
1783532938.9060,90,right_handThumb_2_joint,-0.15325978,-0.045530003,0.2905293,0.24794024,0.9333643,0.092712566,0.2424071
1783532938.9060,90,right_handThumbEnd_joint,-0.1338256,-0.05852308,0.30093083,0.24794024,0.9333643,0.092712544,0.2424071
1783532938.9060,90,camera,0.11164345,0.07164379,-0.018606676,-0.07552149,-0.076755084,-0.7000219,0.70595634
