timestamp,frame,joint,pos_x,pos_y,pos_z,rot_x,rot_y,rot_z,rot_w
1783532916.5992,0,root,-0.00014802028,0.020217735,-0.0034443995,-0.043061286,-0.002441497,-0.0028058223,0.99906546
1783532916.5992,0,hips_joint,-0.00014802028,0.020217735,-0.0034443995,-0.043061286,-0.002441497,-0.0028058223,0.99906546
1783532916.5992,0,left_upLeg_joint,0.100239456,-0.0051277517,0.00017405242,0.6242008,-0.3791629,0.5589658,-0.3926395
1783532916.5992,0,left_leg_joint,0.13712178,-0.38929462,0.1686418,-0.27234146,0.6799437,-0.28531432,0.6181441
1783532916.5992,0,left_foot_joint,0.09712785,-0.71996593,-0.14470495,0.6337005,-0.36730933,0.60580343,-0.3106593
1783532916.5992,0,left_toes_joint,0.09655731,-0.8454396,-0.0642904,0.6918323,-0.24054292,0.65370345,-0.19020668
1783532916.5992,0,left_toesEnd_joint,0.098354526,-0.8807141,-0.014973659,0.6918323,-0.2405427,0.65370345,-0.19020689
1783532916.5992,0,right_upLeg_joint,-0.10083495,-0.004037912,-0.0008554095,0.37832558,0.5671353,0.42689767,0.5941258
1783532916.5992,0,right_leg_joint,-0.09756377,-0.3983434,0.14690058,0.605262,0.3225186,0.65260506,0.32209653
1783532916.5992,0,right_foot_joint,-0.07020522,-0.7691368,-0.119356975,0.27757546,0.62714535,0.31510463,0.65601027
1783532916.5992,0,right_toes_joint,-0.0724102,-0.882637,-0.022799758,0.15367818,0.668388,0.1850554,0.7038429
1783532916.5992,0,right_toesEnd_joint,-0.074716724,-0.9109004,0.030823678,0.15367864,0.6683881,0.18505493,0.70384276
1783532916.5992,0,spine_1_joint,-0.00014804007,0.020217735,-0.0034443995,0.46412748,0.53027576,0.4714646,0.53020227
1783532916.5992,0,spine_2_joint,-0.0005475962,0.07732021,-0.010619374,0.46533138,0.5277218,0.47484827,0.52867335
1783532916.5992,0,spine_3_joint,-0.0010047018,0.13448231,-0.01729904,0.4838168,0.50544614,0.49633053,0.51390815
1783532916.5992,0,spine_4_joint,-0.0011977922,0.1874953,-0.01938087,0.51564014,0.46721953,0.5293047,0.48544616
1783532916.5992,0,spine_5_joint,-0.000974456,0.25767782,-0.013103291,0.558755,0.40913278,0.5741253,0.4367877
1783532916.5992,0,spine_6_joint,-0.00043448567,0.34749103,0.014091923,0.5686765,0.38715252,0.59340733,0.41783726
1783532916.5992,0,spine_7_joint,-0.0009031403,0.4474936,0.052400578,0.5520387,0.4051033,0.58551586,0.43395406
1783532916.5992,0,left_shoulder_1_joint,0.087062396,0.5558294,0.08603138,-0.60226053,0.012097629,-0.14705528,0.784545
1783532916.5992,0,left_arm_joint,0.22579624,0.52024657,0.10897084,-0.35311878,0.30236116,-0.5287896,0.7101174
1783532916.5992,0,left_forearm_joint,0.29439914,0.26369095,0.09408283,-0.41024897,0.17902137,-0.71515214,0.53684723
1783532916.5992,0,left_hand_joint,0.2710905,0.018567428,0.19981495,0.65072244,-0.57336295,0.46340716,-0.18185009
1783532916.5992,0,left_handIndexStart_joint,0.25531033,0.0009361267,0.21805301,0.6190899,-0.5843269,0.5043475,-0.14465095
1783532916.5992,0,left_handIndex_1_joint,0.23992218,-0.0688867,0.25462854,0.6190899,-0.5843269,0.5043475,-0.14465095
1783532916.5992,0,left_handIndex_2_joint,0.23097557,-0.109481364,0.2758934,0.6190899,-0.5843269,0.5043475,-0.14465095
1783532916.5992,0,left_handIndex_3_joint,0.22596546,-0.13221437,0.28780168,0.6190899,-0.5843269,0.5043475,-0.14465095
1783532916.5992,0,left_handIndexEnd_joint,0.2223868,-0.14845224,0.29630762,0.6190899,-0.5843269,0.5043475,-0.14465095
1783532916.5992,0,left_handMidStart_joint,0.26541328,-0.0044707824,0.21238983,0.6519094,-0.57303137,0.46147382,-0.18355264
1783532916.5992,0,left_handMid_1_joint,0.25913098,-0.07414133,0.24213561,0.6519094,-0.57303137,0.46147382,-0.18355264
1783532916.5992,0,left_handMid_2_joint,0.2547164,-0.12309902,0.26303807,0.6519094,-0.57303137,0.46147382,-0.18355264
1783532916.5992,0,left_handMid_3_joint,0.25216952,-0.15134384,0.27509716,0.6519094,-0.57303137,0.46147382,-0.18355264
1783532916.5992,0,left_handMidEnd_joint,0.2504716,-0.17017372,0.28313655,0.6519094,-0.57303137,0.46147382,-0.18355264
1783532916.5992,0,left_handPinkyStart_joint,0.28611687,-0.012656004,0.19585603,0.6769316,-0.5746803,0.38210344,-0.25593632
1783532916.5992,0,left_handPinky_1_joint,0.28913185,-0.07448264,0.21002653,0.6769316,-0.5746803,0.38210344,-0.25593632
1783532916.5992,0,left_handPinky_2_joint,0.29099408,-0.11266968,0.2187789,0.6769316,-0.5746803,0.38210344,-0.25593632
1783532916.5992,0,left_handPinky_3_joint,0.2919695,-0.13267241,0.22336347,0.6769316,-0.5746803,0.38210344,-0.25593632
1783532916.5992,0,left_handPinkyEnd_joint,0.29285628,-0.15085672,0.22753125,0.6769316,-0.5746803,0.38210344,-0.25593632
1783532916.5992,0,left_handRingStart_joint,0.27492556,-0.008762106,0.2048266,0.6652454,-0.5743372,0.42293563,-0.22070606
1783532916.5992,0,left_handRing_1_joint,0.27370492,-0.07517965,0.22642417,0.6652454,-0.5743372,0.42293563,-0.22070606
1783532916.5992,0,left_handRing_2_joint,0.27284324,-0.12206262,0.24166952,0.6652454,-0.5743372,0.42293563,-0.22070606
1783532916.5992,0,left_handRing_3_joint,0.2723047,-0.15136448,0.25119784,0.6652454,-0.5743372,0.42293563,-0.22070606
1783532916.5992,0,left_handRingEnd_joint,0.2719457,-0.17089905,0.2575501,0.6652454,-0.5743372,0.42293563,-0.22070606
1783532916.5992,0,left_handThumbStart_joint,0.24708933,-0.00015605568,0.20996137,0.2460327,-0.107770965,0.9179587,-0.29189965
1783532916.5992,0,left_handThumb_1_joint,0.20904586,-0.031782005,0.23083618,0.2460327,-0.107770965,0.9179587,-0.29189965
1783532916.5992,0,left_handThumb_2_joint,0.18185195,-0.05438587,0.2457579,0.24603271,-0.10777095,0.9179587,-0.29189965
1783532916.5992,0,left_handThumbEnd_joint,0.16372271,-0.06945512,0.2557057,0.2460327,-0.10777092,0.9179587,-0.29189965
1783532916.5992,0,neck_1_joint,-0.0023444474,0.57751733,0.08553455,0.59253776,0.34196466,0.6304448,0.3667408
1783532916.5992,0,neck_2_joint,-0.0032084761,0.6035475,0.10042355,0.5831577,0.35597163,0.6233499,0.38032404
1783532916.5992,0,neck_3_joint,-0.004430953,0.6391205,0.118673705,0.56638384,0.37970993,0.61069393,0.4025954
1783532916.5992,0,neck_4_joint,-0.0058010924,0.6759944,0.13411511,0.5505164,0.4010528,0.5973608,0.42337805
1783532916.5992,0,head_joint,-0.00744259,0.71973395,0.14937186,0.49477795,0.46629035,0.546598,0.48887548
1783532916.5992,0,jaw_joint,-0.006997865,0.69440174,0.1522151,0.49477795,0.46629035,0.546598,0.48887548
1783532916.5992,0,chin_joint,-0.0126799,0.635894,0.24731803,0.49477795,0.46629035,0.546598,0.48887548
1783532916.5992,0,left_eye_joint,0.017361555,0.74550015,0.24062599,0.4988258,0.46195754,0.55084085,0.48408988
1783532916.5992,0,left_eyeLowerLid_joint,0.017361555,0.74550015,0.24062599,0.4988258,0.46195754,0.55084085,0.48408988
1783532916.5992,0,left_eyeUpperLid_joint,0.017361555,0.74550015,0.24062599,0.4988258,0.46195754,0.55084085,0.48408988
1783532916.5992,0,left_eyeball_joint,0.017361555,0.74550015,0.24062599,0.4988258,0.46195754,0.55084085,0.48408988
1783532916.5992,0,nose_joint,-0.015474406,0.71014756,0.25865862,0.49882817,0.46195486,0.5508434,0.48408687
1783532916.5992,0,right_eye_joint,-0.047066916,0.7438211,0.23574367,0.4988258,0.46195754,0.55084085,0.48408988
1783532916.5992,0,right_eyeLowerLid_joint,-0.047066916,0.7438211,0.23574367,0.4988258,0.46195754,0.55084085,0.48408988
1783532916.5992,0,right_eyeUpperLid_joint,-0.047066916,0.7438211,0.23574367,0.4988258,0.46195754,0.55084085,0.48408988
1783532916.5992,0,right_eyeball_joint,-0.047066916,0.7438211,0.23574367,0.4988258,0.46195754,0.55084085,0.48408988
1783532916.5992,0,right_shoulder_1_joint,-0.091319986,0.55667454,0.07489819,0.79404217,0.12949382,0.07542292,0.5891011
1783532916.5992,0,right_arm_joint,-0.22985435,0.513956,0.07965464,0.6950915,0.5189426,0.33632624,0.36664903
1783532916.5992,0,right_forearm_joint,-0.2924054,0.25646773,0.056509726,0.5339996,0.7044997,0.25038984,0.39475304
1783532916.5992,0,right_hand_joint,-0.2607768,0.001871643,0.13389717,0.18890277,0.41195035,0.6239489,0.63663256
1783532916.5992,0,right_handIndexStart_joint,-0.24622081,-0.017021472,0.14993133,0.1459014,0.45439604,0.6358619,0.6065617
1783532916.5992,0,right_handIndex_1_joint,-0.2284246,-0.08961981,0.17930005,0.1459014,0.45439604,0.6358619,0.6065617
1783532916.5992,0,right_handIndex_2_joint,-0.21807753,-0.13182834,0.19637449,0.1459014,0.45439604,0.6358619,0.6065617
1783532916.5992,0,right_handIndex_3_joint,-0.2122837,-0.1554654,0.20593686,0.1459014,0.45439604,0.6358619,0.6065617
1783532916.5992,0,right_handIndexEnd_joint,-0.20814523,-0.17234871,0.2127671,0.1459014,0.45439604,0.6358619,0.6065617
1783532916.5992,0,right_handMidStart_joint,-0.25559238,-0.022313055,0.14303595,0.18829452,0.41248083,0.62436813,0.63605803
1783532916.5992,0,right_handMid_1_joint,-0.24647422,-0.094497815,0.16504943,0.18829452,0.41248083,0.62436813,0.63605803
1783532916.5992,0,right_handMid_2_joint,-0.24006718,-0.14522158,0.18051866,0.18829452,0.41248083,0.62436813,0.63605803
1783532916.5992,0,right_handMid_3_joint,-0.23637061,-0.17448547,0.18944307,0.18829452,0.41248083,0.62436813,0.63605803
1783532916.5992,0,right_handMidEnd_joint,-0.23390651,-0.19399436,0.19539282,0.18829452,0.41248083,0.62436813,0.63605803
1783532916.5992,0,right_handPinkyStart_joint,-0.27469936,-0.029711332,0.1243492,0.2643696,0.33471254,0.6244806,0.65429413
1783532916.5992,0,right_handPinky_1_joint,-0.27444434,-0.092841364,0.13119541,0.2643696,0.33471254,0.6244806,0.65429413
1783532916.5992,0,right_handPinky_2_joint,-0.27428713,-0.1318342,0.13542454,0.2643696,0.33471254,0.6244806,0.65429413
1783532916.5992,0,right_handPinky_3_joint,-0.2742043,-0.15225868,0.13763909,0.2643696,0.33471254,0.6244806,0.65429413
1783532916.5992,0,right_handPinkyEnd_joint,-0.2741294,-0.17082624,0.1396526,0.2643696,0.33471254,0.6244806,0.65429413
1783532916.5992,0,right_handRingStart_joint,-0.26433793,-0.026242582,0.13442335,0.2272877,0.37471715,0.62502664,0.645964
1783532916.5992,0,right_handRing_1_joint,-0.25999737,-0.09454494,0.1483928,0.2272877,0.37471715,0.62502664,0.645964
1783532916.5992,0,right_handRing_2_joint,-0.25693333,-0.14275795,0.1582533,0.2272877,0.37471715,0.62502664,0.645964
1783532916.5992,0,right_handRing_3_joint,-0.25501862,-0.1728915,0.1644166,0.2272877,0.37471715,0.62502664,0.645964
1783532916.5992,0,right_handRingEnd_joint,-0.25374147,-0.19298099,0.1685248,0.2272877,0.37471715,0.62502664,0.645964
1783532916.5992,0,right_handThumbStart_joint,-0.23748316,-0.016671373,0.14232895,0.27316508,0.9107448,0.17737465,0.25389662
1783532916.5992,0,right_handThumb_1_joint,-0.19872451,-0.04822776,0.16195671,0.27316508,0.9107448,0.17737463,0.25389662
1783532916.5992,0,right_handThumb_2_joint,-0.17101996,-0.070781715,0.17598768,0.27316508,0.9107448,0.17737462,0.25389662
1783532916.5992,0,right_handThumbEnd_joint,-0.15255018,-0.085817866,0.18534088,0.27316505,0.91074485,0.17737457,0.2538966
1783532916.5992,0,camera,0.10808608,0.06701533,-0.03759364,-0.08328918,-0.073611364,-0.697686,0.7077277
1783532916.6318,1,root,-0.00016443465,0.02031965,-0.003499657,-0.042649414,-0.0027321826,-0.0030528656,0.9990818
1783532916.6318,1,hips_joint,-0.00016443465,0.02031965,-0.003499657,-0.042649414,-0.0027321826,-0.0030528656,0.9990818
1783532916.6318,1,left_upLeg_joint,0.10020901,-0.0050756596,0.0001585549,0.62307394,-0.38029832,0.5591291,-0.393099
1783532916.6318,1,left_leg_joint,0.13621132,-0.38974887,0.16765894,-0.27057862,0.68040216,-0.2849753,0.6185707
1783532916.6318,1,left_foot_joint,0.09582398,-0.71935683,-0.14675647,0.63259524,-0.36875743,0.60579985,-0.3112044
1783532916.6318,1,left_toes_joint,0.09493713,-0.84508055,-0.06673617,0.69102156,-0.24217418,0.6538031,-0.1907426
1783532916.6318,1,left_toesEnd_joint,0.09662304,-0.8805129,-0.017528763,0.69102156,-0.24217395,0.65380305,-0.19074284
1783532916.6318,1,right_upLeg_joint,-0.1008642,-0.0038911246,-0.0009914862,0.37847385,0.5668116,0.42693743,0.5943121
1783532916.6318,1,right_leg_joint,-0.097873785,-0.39825112,0.14662555,0.6049338,0.3227594,0.6523914,0.32290393
1783532916.6318,1,right_foot_joint,-0.070628144,-0.7694998,-0.11900861,0.27716866,0.6271326,0.31443855,0.656514
1783532916.6318,1,right_toes_joint,-0.0729629,-0.88283986,-0.022266483,0.15328114,0.66829836,0.18430588,0.7042113
1783532916.6318,1,right_toesEnd_joint,-0.075317554,-0.9110137,0.031402018,0.15328161,0.6682985,0.18430541,0.7042112
1783532916.6318,1,spine_1_joint,-0.00016445442,0.02031965,-0.003499657,0.46424326,0.52979517,0.47177708,0.5303035
1783532916.6318,1,spine_2_joint,-0.0005393009,0.07742808,-0.010628493,0.46533057,0.5272521,0.47524005,0.528791
1783532916.6318,1,spine_3_joint,-0.0009821968,0.13459525,-0.01726578,0.48363978,0.50503045,0.496804,0.5140261
1783532916.6318,1,spine_4_joint,-0.0011806039,0.18760943,-0.019316291,0.5152713,0.4668921,0.5298617,0.48554495
1783532916.6318,1,spine_5_joint,-0.0009970026,0.25778946,-0.0130098695,0.5582103,0.40892246,0.5747697,0.43683356
1783532916.6318,1,spine_6_joint,-0.0005643968,0.34759644,0.014207816,0.5680072,0.38700208,0.5941401,0.4178456
1783532916.6318,1,spine_7_joint,-0.0011954335,0.4475917,0.052533217,0.5512502,0.40495583,0.58635753,0.4339576
1783532916.6318,1,left_shoulder_1_joint,0.086572886,0.55602753,0.08635631,-0.60208976,0.010588885,-0.14710182,0.78468925
1783532916.6318,1,left_arm_joint,0.22531268,0.5206921,0.109639555,-0.3523615,0.3013927,-0.52909863,0.71067506
1783532916.6318,1,left_forearm_joint,0.29405272,0.2641661,0.09487287,-0.40910232,0.178322,-0.7158378,0.5370415
1783532916.6318,1,left_hand_joint,0.27035224,0.019034157,0.20049845,0.6499235,-0.5732171,0.46437553,-0.1826954
1783532916.6318,1,left_handIndexStart_joint,0.2545118,0.0014048743,0.21868618,0.6182302,-0.58423555,0.5052618,-0.1455045
1783532916.6318,1,left_handIndex_1_joint,0.23899253,-0.068418704,0.25520486,0.6182302,-0.58423555,0.5052618,-0.1455045
1783532916.6318,1,left_handIndex_2_joint,0.22996971,-0.1090138,0.27643666,0.6182302,-0.58423555,0.5052618,-0.1455045
1783532916.6318,1,left_handIndex_3_joint,0.22491693,-0.13174707,0.28832644,0.6182302,-0.58423555,0.5052618,-0.1455045
1783532916.6318,1,left_handIndexEnd_joint,0.22130781,-0.1479851,0.29681915,0.6182302,-0.58423555,0.5052618,-0.1455045
1783532916.6318,1,left_handMidStart_joint,0.26463023,-0.004004197,0.21305276,0.6511133,-0.57288295,0.46244437,-0.1843978
1783532916.6318,1,left_handMid_1_joint,0.25823748,-0.0736772,0.24276932,0.6511133,-0.57288295,0.46244437,-0.1843978
1783532916.6318,1,left_handMid_2_joint,0.25374526,-0.1226366,0.26365122,0.6511133,-0.57288295,0.46244437,-0.1843978
1783532916.6318,1,left_handMid_3_joint,0.2511536,-0.15088241,0.27569845,0.6511133,-0.57288295,0.46244437,-0.1843978
1783532916.6318,1,left_handMidEnd_joint,0.24942583,-0.16971296,0.28372997,0.6511133,-0.57288295,0.46244437,-0.1843978
1783532916.6318,1,left_handPinkyStart_joint,0.2853813,-0.012193143,0.19658042,0.6762499,-0.5744205,0.3831224,-0.25679743
1783532916.6318,1,left_handPinky_1_joint,0.28833517,-0.07402272,0.210751,0.6762499,-0.5744205,0.3831224,-0.25679743
1783532916.6318,1,left_handPinky_2_joint,0.29015964,-0.11221158,0.2195034,0.6762499,-0.5744205,0.3831224,-0.25679743
1783532916.6318,1,left_handPinky_3_joint,0.2911153,-0.13221526,0.224088,0.6762499,-0.5744205,0.3831224,-0.25679743
1783532916.6318,1,left_handPinkyEnd_joint,0.2919841,-0.15040043,0.2282558,0.6762499,-0.5744205,0.3831224,-0.25679743
1783532916.6318,1,left_handRingStart_joint,0.27416405,-0.0082972385,0.2055177,0.6645047,-0.57413185,0.4239318,-0.22155982
1783532916.6318,1,left_handRing_1_joint,0.2728585,-0.07471756,0.22710182,0.6645047,-0.57413185,0.4239318,-0.22155982
1783532916.6318,1,left_handRing_2_joint,0.27193692,-0.1216025,0.24233767,0.6645047,-0.57413185,0.4239318,-0.22155982
1783532916.6318,1,left_handRing_3_joint,0.27136093,-0.15090558,0.2518601,0.6645047,-0.57413185,0.4239318,-0.22155982
1783532916.6318,1,left_handRingEnd_joint,0.27097696,-0.17044097,0.25820836,0.6645047,-0.57413185,0.4239318,-0.22155982
1783532916.6318,1,left_handThumbStart_joint,0.24631496,0.0003162849,0.21056956,0.24460794,-0.10743247,0.9183649,-0.2919447
1783532916.6318,1,left_handThumb_1_joint,0.20819923,-0.031301454,0.23132469,0.24460794,-0.10743247,0.9183649,-0.2919447
1783532916.6318,1,left_handThumb_2_joint,0.18095365,-0.05389945,0.24616085,0.24460794,-0.107432455,0.9183649,-0.2919447
1783532916.6318,1,left_handThumbEnd_joint,0.16278996,-0.06896479,0.2560516,0.2446079,-0.10743242,0.9183649,-0.2919447
1783532916.6318,1,neck_1_joint,-0.002858823,0.57760805,0.08568573,0.5917372,0.34190464,0.63128084,0.3666515
1783532916.6318,1,neck_2_joint,-0.0037836842,0.60363466,0.10057729,0.5823568,0.35589308,0.62418604,0.38025364
1783532916.6318,1,neck_3_joint,-0.005085135,0.63920313,0.11883084,0.5655831,0.3796003,0.61152875,0.40255755
1783532916.6318,1,neck_4_joint,-0.0065302425,0.67607284,0.13427559,0.5497179,0.4009141,0.5981942,0.42337063
1783532916.6318,1,head_joint,-0.008254604,0.7198078,0.14953627,0.4939959,0.46605733,0.5474211,0.48896784
1783532916.6318,1,jaw_joint,-0.0077850465,0.6944757,0.1523762,0.4939959,0.46605733,0.5474211,0.48896784
1783532916.6318,1,chin_joint,-0.013585308,0.63594514,0.24745806,0.4939959,0.46605733,0.5474211,0.48896784
1783532916.6318,1,left_eye_joint,0.0163375,0.74558854,0.2408437,0.49804175,0.4617313,0.5516647,0.48417503
1783532916.6318,1,left_eyeLowerLid_joint,0.0163375,0.74558854,0.2408437,0.49804175,0.4617313,0.5516647,0.48417503
1783532916.6318,1,left_eyeUpperLid_joint,0.0163375,0.74558854,0.2408437,0.49804175,0.4617313,0.5516647,0.48417503
1783532916.6318,1,left_eyeball_joint,0.0163375,0.74558854,0.2408437,0.49804175,0.4617313,0.5516647,0.48417503
1783532916.6318,1,nose_joint,-0.016491625,0.7101934,0.25880533,0.4980442,0.46172872,0.5516672,0.48417214
1783532916.6318,1,right_eye_joint,-0.048079107,0.7438328,0.23583335,0.49804175,0.4617313,0.5516647,0.48417503
1783532916.6318,1,right_eyeLowerLid_joint,-0.048079107,0.7438328,0.23583335,0.49804175,0.4617313,0.5516647,0.48417503
1783532916.6318,1,right_eyeUpperLid_joint,-0.048079107,0.7438328,0.23583335,0.49804175,0.4617313,0.5516647,0.48417503
1783532916.6318,1,right_eyeball_joint,-0.048079107,0.7438328,0.23583335,0.49804175,0.4617313,0.5516647,0.48417503
1783532916.6318,1,right_shoulder_1_joint,-0.091788,0.55666006,0.074869476,0.79398537,0.12943904,0.07668732,0.58902663
1783532916.6318,1,right_arm_joint,-0.2302707,0.5137419,0.07932378,0.69432014,0.51916474,0.33755195,0.36666998
1783532916.6318,1,right_forearm_joint,-0.2922597,0.25614166,0.055913277,0.5331403,0.7045545,0.25152496,0.39509526
1783532916.6318,1,right_hand_joint,-0.26028436,0.0015680694,0.1332325,0.18801057,0.41131097,0.6248884,0.6363887
1783532916.6318,1,right_handIndexStart_joint,-0.24572413,-0.017304493,0.14928699,0.1449466,0.45374194,0.6367381,0.6063615
1783532916.6318,1,right_handIndex_1_joint,-0.22784427,-0.0898828,0.1786545,0.1449466,0.45374194,0.6367381,0.6063615
1783532916.6318,1,right_handIndex_2_joint,-0.21744858,-0.13207969,0.19572824,0.1449466,0.45374194,0.6367381,0.6063615
1783532916.6318,1,right_handIndex_3_joint,-0.21162751,-0.15571022,0.20529024,0.1449466,0.45374194,0.6367381,0.6063615
1783532916.6318,1,right_handIndexEnd_joint,-0.2074696,-0.17258888,0.21212019,0.1449466,0.45374194,0.6367381,0.6063615
1783532916.6318,1,right_handMidStart_joint,-0.25507075,-0.022611093,0.14236933,0.18740118,0.4118412,0.62530655,0.6358145
1783532916.6318,1,right_handMid_1_joint,-0.24585442,-0.0947892,0.16436379,0.18740118,0.4118412,0.62530655,0.6358145
1783532916.6318,1,right_handMid_2_joint,-0.23937842,-0.14550829,0.17981961,0.18740118,0.4118412,0.62530655,0.6358145
1783532916.6318,1,right_handMid_3_joint,-0.23564205,-0.17476948,0.18873632,0.18740118,0.4118412,0.62530655,0.6358145
1783532916.6318,1,right_handMidEnd_joint,-0.2331514,-0.19427657,0.19468091,0.18740118,0.4118412,0.62530655,0.6358145
1783532916.6318,1,right_handPinkyStart_joint,-0.27412403,-0.030037535,0.12363895,0.26355842,0.3341299,0.62549585,0.6539494
1783532916.6318,1,right_handPinky_1_joint,-0.2737573,-0.09317056,0.13045248,0.26355842,0.3341299,0.62549585,0.6539494
1783532916.6318,1,right_handPinky_2_joint,-0.2735311,-0.13216525,0.1346614,0.26355842,0.3341299,0.62549585,0.6539494
1783532916.6318,1,right_handPinky_3_joint,-0.27341217,-0.1525907,0.13686538,0.26355842,0.3341299,0.62549585,0.6539494
1783532916.6318,1,right_handPinkyEnd_joint,-0.27330437,-0.17115915,0.13886927,0.26355842,0.3341299,0.62549585,0.6539494
1783532916.6318,1,right_handRingStart_joint,-0.26379052,-0.02655348,0.13373646,0.22643395,0.37410602,0.6260057,0.64567024
1783532916.6318,1,right_handRing_1_joint,-0.2593428,-0.09485447,0.14767899,0.22643395,0.37410602,0.6260057,0.64567024
1783532916.6318,1,right_handRing_2_joint,-0.25620311,-0.1430665,0.15752049,0.22643395,0.37410602,0.6260057,0.64567024
1783532916.6318,1,right_handRing_3_joint,-0.2542411,-0.17319945,0.16367191,0.22643395,0.37410602,0.6260057,0.64567024
1783532916.6318,1,right_handRingEnd_joint,-0.25293243,-0.19328853,0.16777217,0.22643395,0.37410602,0.6260057,0.64567024
1783532916.6318,1,right_handThumbStart_joint,-0.2369714,-0.016932944,0.141703,0.2721392,0.9107051,0.17815244,0.2545953
1783532916.6318,1,right_handThumb_1_joint,-0.19819082,-0.04842241,0.16139482,0.27213922,0.9107051,0.17815244,0.2545953
1783532916.6318,1,right_handThumb_2_joint,-0.1704706,-0.07092854,0.17547159,0.27213922,0.9107051,0.17815241,0.2545953
1783532916.6318,1,right_handThumbEnd_joint,-0.15199037,-0.085932806,0.1848553,0.27213922,0.9107051,0.1781524,0.2545953
1783532916.6318,1,camera,0.10804803,0.06702484,-0.038603123,-0.0838453,-0.07683504,-0.69663274,0.7083566
1783532916.6651,2,root,-0.00029843496,0.020281013,-0.0033690827,-0.043628477,-0.0023690942,-0.003321764,0.99903953
1783532916.6651,2,hips_joint,-0.00029843496,0.020281013,-0.0033690827,-0.043628477,-0.0023690942,-0.003321764,0.99903953
1783532916.6651,2,left_upLeg_joint,0.100063,-0.0051647592,0.0002677655,0.62345713,-0.38049296,0.5596349,-0.39158046
1783532916.6651,2,left_leg_joint,0.13546404,-0.38951465,0.16863638,-0.27041984,0.6811223,-0.2862245,0.6172692
1783532916.6651,2,left_foot_joint,0.09352725,-0.71956795,-0.14510812,0.6329144,-0.36942217,0.60598063,-0.30940944
1783532916.6651,2,left_toes_joint,0.0924288,-0.8451448,-0.0648601,0.69146097,-0.24276644,0.65364045,-0.18894593
1783532916.6651,2,left_toesEnd_joint,0.09410567,-0.8804935,-0.01559226,0.691461,-0.24276619,0.65364033,-0.18894611
1783532916.6651,2,right_upLeg_joint,-0.10101026,-0.0038669466,-0.0007422796,0.3773367,0.5677676,0.4257385,0.594982
1783532916.6651,2,right_leg_joint,-0.097967125,-0.3976281,0.14846346,0.6052018,0.32223228,0.6529844,0.32172728
1783532916.6651,2,right_foot_joint,-0.07032446,-0.76813656,-0.11816127,0.27770472,0.62688285,0.31563097,0.65595347
1783532916.6651,2,right_toes_joint,-0.07252861,-0.8817368,-0.021721678,0.15385482,0.6681548,0.18558292,0.7038869
1783532916.6651,2,right_toesEnd_joint,-0.07484923,-0.9100563,0.031871606,0.15385528,0.6681549,0.18558247,0.7038868
1783532916.6651,2,spine_1_joint,-0.00029845475,0.020281013,-0.0033690827,0.4639183,0.5304409,0.47112107,0.5305253
1783532916.6651,2,spine_2_joint,-0.0006809211,0.077376105,-0.010603554,0.46495128,0.5279653,0.47476956,0.52883524
1783532916.6651,2,spine_3_joint,-0.0011590171,0.13453221,-0.017332857,0.4832964,0.50574756,0.4965298,0.5139084
1783532916.6651,2,spine_4_joint,-0.0014054608,0.18754363,-0.019448321,0.5150433,0.46755248,0.5297558,0.48526675
1783532916.6651,2,spine_5_joint,-0.0012931942,0.25772843,-0.013193483,0.5581859,0.40941504,0.574777,0.43639332
1783532916.6651,2,spine_6_joint,-0.0009372544,0.3475383,0.014015808,0.56821597,0.38724634,0.5941818,0.41727555
1783532916.6651,2,spine_7_joint,-0.0016186165,0.44751135,0.052398156,0.5517548,0.40492108,0.586359,0.4333461
1783532916.6651,2,left_shoulder_1_joint,0.08615599,0.555932,0.086253785,-0.6011657,0.011193784,-0.14596371,0.7856012
1783532916.6651,2,left_arm_joint,0.22498873,0.5207143,0.10915845,-0.3525115,0.30278707,-0.52620286,0.71215624
1783532916.6651,2,left_forearm_joint,0.29490626,0.26458293,0.09312522,-0.41015828,0.17969646,-0.7121571,0.5406589
1783532916.6651,2,left_hand_joint,0.2737589,0.018726634,0.19760285,0.6529439,-0.5720997,0.4606089,-0.18494879
1783532916.6651,2,left_handIndexStart_joint,0.2581528,0.0008727038,0.21577403,0.6214885,-0.58326757,0.5016968,-0.147823
1783532916.6651,2,left_handIndex_1_joint,0.24339162,-0.069263525,0.2520067,0.6214885,-0.58326757,0.5016968,-0.147823
1783532916.6651,2,left_handIndex_2_joint,0.23480953,-0.11004041,0.2730722,0.6214885,-0.58326757,0.5016968,-0.147823
1783532916.6651,2,left_handIndex_3_joint,0.23000357,-0.13287547,0.2848689,0.6214885,-0.58326757,0.5016968,-0.147823
1783532916.6651,2,left_handIndexEnd_joint,0.22657071,-0.14918622,0.2932951,0.6214885,-0.58326757,0.5016968,-0.147823
1783532916.6651,2,left_handMidStart_joint,0.26828942,-0.0044225003,0.2100656,0.6541234,-0.5717597,0.45866862,-0.18664691
1783532916.6651,2,left_handMid_1_joint,0.26262087,-0.07429695,0.23945428,0.6541234,-0.5717597,0.45866862,-0.18664691
1783532916.6651,2,left_handMid_2_joint,0.25863755,-0.12339792,0.2601058,0.6541234,-0.5717597,0.45866862,-0.18664691
1783532916.6651,2,left_handMid_3_joint,0.2563395,-0.1517254,0.2720201,0.6541234,-0.5717597,0.45866862,-0.18664691
1783532916.6651,2,left_handMidEnd_joint,0.25480744,-0.17061038,0.279963,0.6541234,-0.5717597,0.45866862,-0.18664691
1783532916.6651,2,left_handPinkyStart_joint,0.28903016,-0.012353038,0.19345443,0.6788945,-0.5731598,0.37898123,-0.25877348
1783532916.6651,2,left_handPinky_1_joint,0.2925686,-0.0742269,0.20729388,0.6788945,-0.5731598,0.37898123,-0.25877348
1783532916.6651,2,left_handPinky_2_joint,0.2947541,-0.112443104,0.21584179,0.6788945,-0.5731598,0.37898123,-0.25877348
1783532916.6651,2,left_handPinky_3_joint,0.29589888,-0.13246112,0.22031924,0.6788945,-0.5731598,0.37898123,-0.25877348
1783532916.6651,2,left_handPinkyEnd_joint,0.2969396,-0.15065931,0.22438969,0.6788945,-0.5731598,0.37898123,-0.25877348
1783532916.6651,2,left_handRingStart_joint,0.2778231,-0.008596961,0.20246403,0.6673342,-0.57294166,0.41996613,-0.22367816
1783532916.6651,2,left_handRing_1_joint,0.27717578,-0.07513481,0.2237133,0.6673342,-0.57294166,0.41996613,-0.22367816
1783532916.6651,2,left_handRing_2_joint,0.27671885,-0.12210271,0.23871279,0.6673342,-0.57294166,0.41996613,-0.22367816
1783532916.6651,2,left_handRing_3_joint,0.2764333,-0.15145764,0.24808745,0.6673342,-0.57294166,0.41996613,-0.22367816
1783532916.6651,2,left_handRingEnd_joint,0.2762429,-0.1710276,0.25433725,0.6673342,-0.57294166,0.41996613,-0.22367816
1783532916.6651,2,left_handThumbStart_joint,0.24992709,-0.00024336933,0.20769046,0.2464718,-0.109437466,0.91627705,-0.29616168
1783532916.6651,2,left_handThumb_1_joint,0.21217601,-0.032285165,0.2284617,0.2464718,-0.109437466,0.91627705,-0.29616168
1783532916.6651,2,left_handThumb_2_joint,0.1851911,-0.05518628,0.2433094,0.2464718,-0.10943745,0.91627705,-0.29616168
1783532916.6651,2,left_handThumbEnd_joint,0.16720115,-0.070453696,0.25320786,0.2464718,-0.10943741,0.91627705,-0.29616168
1783532916.6651,2,neck_1_joint,-0.003282206,0.57748884,0.08570246,0.5922351,0.34181398,0.6312155,0.36604372
1783532916.6651,2,neck_2_joint,-0.004198396,0.60349804,0.10062501,0.58285695,0.35581234,0.6241356,0.37964487
1783532916.6651,2,neck_3_joint,-0.00549021,0.63904506,0.11892096,0.5660862,0.37953633,0.6115039,0.4019477
1783532916.6651,2,neck_4_joint,-0.0069289994,0.67589647,0.13440977,0.55022305,0.40086666,0.5981928,0.4227605
1783532916.6651,2,head_joint,-0.008649094,0.7196133,0.14972273,0.49450338,0.4660662,0.54749554,0.4883624
1783532916.6651,2,jaw_joint,-0.008169685,0.69427806,0.15253292,0.49450338,0.4660662,0.54749554,0.4883624
1783532916.6651,2,chin_joint,-0.013853764,0.6356363,0.24755318,0.49450338,0.4660662,0.54749554,0.4883624
1783532916.6651,2,left_eye_joint,0.016032366,0.74529535,0.24103382,0.4985492,0.46173579,0.5517339,0.48356897
1783532916.6651,2,left_eyeLowerLid_joint,0.016032366,0.74529535,0.24103382,0.4985492,0.46173579,0.5517339,0.48356897
1783532916.6651,2,left_eyeUpperLid_joint,0.016032366,0.74529535,0.24103382,0.4985492,0.46173579,0.5517339,0.48356897
1783532916.6651,2,left_eyeball_joint,0.016032366,0.74529535,0.24103382,0.4985492,0.46173579,0.5517339,0.48356897
1783532916.6651,2,nose_joint,-0.0167682,0.7098706,0.25898924,0.4985517,0.46173322,0.5517364,0.4835661
1783532916.6651,2,right_eye_joint,-0.048389,0.7435279,0.2360894,0.4985492,0.46173579,0.5517339,0.48356897
1783532916.6651,2,right_eyeLowerLid_joint,-0.048389,0.7435279,0.2360894,0.4985492,0.46173579,0.5517339,0.48356897
1783532916.6651,2,right_eyeUpperLid_joint,-0.048389,0.7435279,0.2360894,0.4985492,0.46173579,0.5517339,0.48356897
1783532916.6651,2,right_eyeball_joint,-0.048389,0.7435279,0.2360894,0.4985492,0.46173579,0.5517339,0.48356897
1783532916.6651,2,right_shoulder_1_joint,-0.09221704,0.5565292,0.074955836,0.7944427,0.12882474,0.0758903,0.5886474
1783532916.6651,2,right_arm_joint,-0.23078105,0.51388,0.0794645,0.6955106,0.5178032,0.33698508,0.3668596
1783532916.6651,2,right_forearm_joint,-0.29372445,0.25653127,0.055836637,0.53497666,0.7031976,0.25087687,0.39544177
1783532916.6651,2,right_hand_joint,-0.26294738,0.0017439651,0.13293742,0.18926862,0.41061732,0.6235541,0.6377707
1783532916.6651,2,right_handIndexStart_joint,-0.24847558,-0.017210774,0.14897501,0.14629245,0.45314392,0.6354937,0.60778874
1783532916.6651,2,right_handIndex_1_joint,-0.23093708,-0.0898976,0.17827976,0.14629245,0.45314392,0.6354937,0.60778874
1783532916.6651,2,right_handIndex_2_joint,-0.22073981,-0.1321576,0.195317,0.14629245,0.45314392,0.6354937,0.60778874
1783532916.6651,2,right_handIndex_3_joint,-0.2150299,-0.15582344,0.20485854,0.14629245,0.45314392,0.6354937,0.60778874
1783532916.6651,2,right_handIndexEnd_joint,-0.21095139,-0.17272735,0.2116739,0.14629245,0.45314392,0.6354937,0.60778874
1783532916.6651,2,right_handMidStart_joint,-0.25784752,-0.022467298,0.14205337,0.18866023,0.41114885,0.62397385,0.6371977
1783532916.6651,2,right_handMid_1_joint,-0.24897094,-0.09470676,0.16398588,0.18866023,0.41114885,0.62397385,0.6371977
1783532916.6651,2,right_handMid_2_joint,-0.24273369,-0.14546898,0.1793982,0.18866023,0.41114885,0.62397385,0.6371977
1783532916.6651,2,right_handMid_3_joint,-0.23913506,-0.17475505,0.18828978,0.18866023,0.41114885,0.62397385,0.6371977
1783532916.6651,2,right_handMidEnd_joint,-0.23673624,-0.19427873,0.19421762,0.18866023,0.41114885,0.62397385,0.6371977
1783532916.6651,2,right_handPinkyStart_joint,-0.2769366,-0.029787766,0.12331774,0.26464155,0.33325836,0.6240852,0.65530276
1783532916.6651,2,right_handPinky_1_joint,-0.27686763,-0.092927575,0.13007753,0.26464155,0.33325836,0.6240852,0.65530276
1783532916.6651,2,right_handPinky_2_joint,-0.27682534,-0.13192646,0.13425326,0.26464155,0.33325836,0.6240852,0.65530276
1783532916.6651,2,right_handPinky_3_joint,-0.27680272,-0.15235409,0.13643986,0.26464155,0.33325836,0.6240852,0.65530276
1783532916.6651,2,right_handPinkyEnd_joint,-0.27678248,-0.17092453,0.13842794,0.26464155,0.33325836,0.6240852,0.65530276
1783532916.6651,2,right_handRingStart_joint,-0.26658624,-0.026361126,0.13341764,0.22760804,0.37332162,0.6246327,0.6470395
1783532916.6651,2,right_handRing_1_joint,-0.26246032,-0.094694175,0.14730181,0.22760804,0.37332162,0.6246327,0.6470395
1783532916.6651,2,right_handRing_2_joint,-0.25954777,-0.14292884,0.1571021,0.22760804,0.37332162,0.6246327,0.6470395
1783532916.6651,2,right_handRing_3_joint,-0.25772774,-0.17307591,0.16322778,0.22760804,0.37332162,0.6246327,0.6470395
1783532916.6651,2,right_handRingEnd_joint,-0.2565137,-0.19317445,0.16731088,0.22760804,0.37332162,0.6246327,0.6470395
1783532916.6651,2,right_handThumbStart_joint,-0.23972158,-0.016874103,0.14139086,0.27440128,0.9099911,0.177931,0.2548745
1783532916.6651,2,right_handThumb_1_joint,-0.20108908,-0.04856304,0.16105369,0.27440128,0.9099911,0.17793098,0.2548745
1783532916.6651,2,right_handThumb_2_joint,-0.17347471,-0.07121174,0.17510974,0.27440128,0.9099911,0.17793097,0.2548745
1783532916.6651,2,right_handThumbEnd_joint,-0.15506506,-0.086311065,0.18447965,0.27440128,0.9099911,0.17793092,0.2548745
1783532916.6651,2,camera,0.10833389,0.067181654,-0.0390032,-0.084245905,-0.07750229,-0.69671154,0.7081589
1783532916.6986,3,root,-0.00013073742,0.020239055,-0.0033159193,-0.04427083,-0.0019271666,-0.0030160095,0.9990132
1783532916.6986,3,hips_joint,-0.00013073742,0.020239055,-0.0033159193,-0.04427083,-0.0019271666,-0.0030160095,0.9990132
1783532916.6986,3,left_upLeg_joint,0.100248456,-0.0051449607,0.00026184766,0.6245352,-0.3796767,0.55981845,-0.3903903
1783532916.6986,3,left_leg_joint,0.135999,-0.38891035,0.16988485,-0.27060977,0.6816764,-0.2862801,0.6165479
1783532916.6986,3,left_foot_joint,0.09334229,-0.71906173,-0.14365926,0.6334058,-0.3697413,0.6055795,-0.30880725
1783532916.6986,3,left_toes_joint,0.09231838,-0.84460723,-0.06336128,0.6920039,-0.24298665,0.6531324,-0.18843065
1783532916.6986,3,left_toesEnd_joint,0.09406279,-0.87993795,-0.014082904,0.6920039,-0.24298647,0.65313244,-0.18843088
1783532916.6986,3,right_upLeg_joint,-0.100826345,-0.003962767,-0.00056604267,0.3767958,0.5685919,0.42587915,0.5944368
1783532916.6986,3,right_leg_joint,-0.09689355,-0.39760172,0.14894097,0.60603106,0.321253,0.65411663,0.31883255
1783532916.6986,3,right_foot_joint,-0.06847363,-0.7664131,-0.11994533,0.2789614,0.6266234,0.31830743,0.65437293
1783532916.6986,3,right_toes_joint,-0.07026901,-0.88059986,-0.024192447,0.1551379,0.6681382,0.18851045,0.7028423
1783532916.6986,3,right_toesEnd_joint,-0.07245947,-0.90924907,0.029230747,0.15513836,0.6681383,0.18850997,0.7028422
1783532916.6986,3,spine_1_joint,-0.00013075721,0.020239055,-0.0033159193,0.46380624,0.5311936,0.47057018,0.53035945
1783532916.6986,3,spine_2_joint,-0.00054545293,0.077324845,-0.010621703,0.4650262,0.5287881,0.4741444,0.5285084
1783532916.6986,3,spine_3_joint,-0.0010553254,0.13447365,-0.017410574,0.48360294,0.5066255,0.49587974,0.51338327
1783532916.6986,3,spine_4_joint,-0.0013275946,0.18748347,-0.0195629,0.51563245,0.46847132,0.5290948,0.48447606
1783532916.6986,3,spine_5_joint,-0.0012385692,0.25766966,-0.013322751,0.5590722,0.41032368,0.57407224,0.43533218
1783532916.6986,3,spine_6_joint,-0.00086849584,0.3474707,0.013915527,0.56928396,0.38821942,0.59348,0.41591266
1783532916.6986,3,spine_7_joint,-0.0015299453,0.44741446,0.052374534,0.5528289,0.40617207,0.58571815,0.43167013
1783532916.6986,3,left_shoulder_1_joint,0.08618486,0.55597687,0.08592951,-0.60087705,0.012553307,-0.14315744,0.78631765
1783532916.6986,3,left_arm_joint,0.2252436,0.52113295,0.10802034,-0.35428232,0.3047825,-0.5224965,0.71315455
1783532916.6986,3,left_forearm_joint,0.29658386,0.26546693,0.09086646,-0.41313297,0.18083417,-0.7080147,0.54344803
1783532916.6986,3,left_hand_joint,0.27836955,0.01921419,0.19496231,0.65699816,-0.57051533,0.45661598,-0.18538608
1783532916.6986,3,left_handIndexStart_joint,0.26306075,0.0011878002,0.2132159,0.6257932,-0.5817171,0.4979742,-0.1483592
1783532916.6986,3,left_handIndex_1_joint,0.24918744,-0.06915036,0.24940798,0.6257932,-0.5817171,0.4979742,-0.1483592
1783532916.6986,3,left_handIndex_2_joint,0.24112158,-0.11004463,0.27044988,0.6257932,-0.5817171,0.4979742,-0.1483592
1783532916.6986,3,left_handIndex_3_joint,0.23660469,-0.13294543,0.28223336,0.6257932,-0.5817171,0.4979742,-0.1483592
1783532916.6986,3,left_handIndexEnd_joint,0.23337835,-0.14930314,0.2906501,0.6257932,-0.5817171,0.4979742,-0.1483592
1783532916.6986,3,left_handMidStart_joint,0.27319714,-0.0040078065,0.20741634,0.65816665,-0.5701748,0.4546642,-0.18707846
1783532916.6986,3,left_handMid_1_joint,0.26835978,-0.073991336,0.23669383,0.65816665,-0.5701748,0.4546642,-0.18707846
1783532916.6986,3,left_handMid_2_joint,0.26496053,-0.123168945,0.2572672,0.65816665,-0.5701748,0.4546642,-0.18707846
1783532916.6986,3,left_handMid_3_joint,0.26299945,-0.15154064,0.26913646,0.65816665,-0.5701748,0.4546642,-0.18707846
1783532916.6986,3,left_handMidEnd_joint,0.26169205,-0.17045511,0.27704927,0.65816665,-0.5701748,0.4546642,-0.18707846
1783532916.6986,3,left_handPinkyStart_joint,0.29387373,-0.011724088,0.19062527,0.6825515,-0.5716652,0.37456954,-0.2588831
1783532916.6986,3,left_handPinky_1_joint,0.2980517,-0.073594816,0.20429946,0.6825515,-0.5716652,0.37456954,-0.2588831
1783532916.6986,3,left_handPinky_2_joint,0.3006322,-0.11180909,0.2127453,0.6825515,-0.5716652,0.37456954,-0.2588831
1783532916.6986,3,left_handPinky_3_joint,0.30198392,-0.13182609,0.2171693,0.6825515,-0.5716652,0.37456954,-0.2588831
1783532916.6986,3,left_handPinkyEnd_joint,0.30321273,-0.15002336,0.22119111,0.6825515,-0.5716652,0.37456954,-0.2588831
1783532916.6986,3,left_handRingStart_joint,0.28270617,-0.008083832,0.1997309,0.6711898,-0.5714034,0.4157501,-0.22395265
1783532916.6986,3,left_handRing_1_joint,0.28279698,-0.07467025,0.22083722,0.6711898,-0.5714034,0.4157501,-0.22395265
1783532916.6986,3,left_handRing_2_joint,0.28286108,-0.12167243,0.23573582,0.6711898,-0.5714034,0.4157501,-0.22395265
1783532916.6986,3,left_handRing_3_joint,0.28290117,-0.1510488,0.24504744,0.6711898,-0.5714034,0.4157501,-0.22395265
1783532916.6986,3,left_handRingEnd_joint,0.2829279,-0.17063303,0.25125515,0.6711898,-0.5714034,0.4157501,-0.22395265
1783532916.6986,3,left_handThumbStart_joint,0.2547815,1.8416642e-05,0.20519474,0.25021678,-0.11054057,0.91390103,-0.29992932
1783532916.6986,3,left_handThumb_1_joint,0.21747139,-0.032391228,0.2261908,0.25021678,-0.11054057,0.91390103,-0.29992932
1783532916.6986,3,left_handThumb_2_joint,0.19080165,-0.055555284,0.24119923,0.25021678,-0.11054055,0.91390103,-0.29992932
1783532916.6986,3,left_handThumbEnd_joint,0.17302182,-0.07099799,0.25120482,0.25021678,-0.11054052,0.91390103,-0.29992932
1783532916.6986,3,neck_1_joint,-0.0032961022,0.5773622,0.08578963,0.5934418,0.34293783,0.6303956,0.36444792
1783532916.6986,3,neck_2_joint,-0.0041964017,0.6033578,0.100736834,0.5840401,0.35695997,0.6233549,0.37802866
1783532916.6986,3,neck_3_joint,-0.0054757465,0.6388878,0.11906669,0.56722754,0.38072196,0.6107911,0.40029785
1783532916.6986,3,neck_4_joint,-0.0069169435,0.67572415,0.13459112,0.55132294,0.4020881,0.5975435,0.42108268
1783532916.6986,3,head_joint,-0.008653394,0.7194255,0.14994642,0.49545515,0.46739882,0.54705805,0.48661155
1783532916.6986,3,jaw_joint,-0.00811298,0.69408906,0.15273425,0.49545515,0.46739882,0.54705805,0.48661155
1783532916.6986,3,chin_joint,-0.013265496,0.6353614,0.24773182,0.49545515,0.46739882,0.54705805,0.48661155
1783532916.6986,3,left_eye_joint,0.016381105,0.74508274,0.24116834,0.4995126,0.46306002,0.55128115,0.48182198
1783532916.6986,3,left_eyeLowerLid_joint,0.016381105,0.74508274,0.24116834,0.4995126,0.46306002,0.55128115,0.48182198
1783532916.6986,3,left_eyeUpperLid_joint,0.016381105,0.74508274,0.24116834,0.4995126,0.46306002,0.55128115,0.48182198
1783532916.6986,3,left_eyeball_joint,0.016381105,0.74508274,0.24116834,0.4995126,0.46306002,0.55128115,0.48182198
1783532916.6986,3,nose_joint,-0.01627194,0.70958084,0.25923985,0.49951503,0.46305743,0.5512837,0.4818191
1783532916.6986,3,right_eye_joint,-0.048057947,0.7431954,0.2365065,0.4995126,0.46306002,0.55128115,0.48182198
1783532916.6986,3,right_eyeLowerLid_joint,-0.048057947,0.7431954,0.2365065,0.4995126,0.46306002,0.55128115,0.48182198
1783532916.6986,3,right_eyeUpperLid_joint,-0.048057947,0.7431954,0.2365065,0.4995126,0.46306002,0.55128115,0.48182198
1783532916.6986,3,right_eyeball_joint,-0.048057947,0.7431954,0.2365065,0.4995126,0.46306002,0.55128115,0.48182198
1783532916.6986,3,right_shoulder_1_joint,-0.09223711,0.5562401,0.07541838,0.79455817,0.13116127,0.07522363,0.58806115
1783532916.6986,3,right_arm_joint,-0.2306541,0.5131746,0.08045488,0.69577825,0.5188788,0.3360854,0.36565626
1783532916.6986,3,right_forearm_joint,-0.29332653,0.2557448,0.056989755,0.53600365,0.70320547,0.2501838,0.39447495
1783532916.6986,3,right_hand_joint,-0.26272967,0.0008447075,0.13378881,0.19067064,0.41104054,0.62300533,0.6376167
1783532916.6986,3,right_handIndexStart_joint,-0.24824432,-0.018145634,0.14977197,0.1477291,0.45355484,0.63504225,0.6076066
1783532916.6986,3,right_handIndex_1_joint,-0.2307381,-0.09088413,0.17896764,0.1477291,0.45355484,0.63504225,0.6076066
1783532916.6986,3,right_handIndex_2_joint,-0.22055961,-0.13317415,0.19594145,0.1477291,0.45355484,0.63504225,0.6076066
1783532916.6986,3,right_handIndex_3_joint,-0.2148602,-0.15685683,0.20544748,0.1477291,0.45355484,0.63504225,0.6076066
1783532916.6986,3,right_handIndexEnd_joint,-0.21078917,-0.17377275,0.21223746,0.1477291,0.45355484,0.63504225,0.6076066
1783532916.6986,3,right_handMidStart_joint,-0.25764224,-0.023382092,0.14287038,0.190063,0.41157168,0.62342656,0.63704354
1783532916.6986,3,right_handMid_1_joint,-0.24881658,-0.09565384,0.16471696,0.190063,0.41157168,0.62342656,0.63704354
1783532916.6986,3,right_handMid_2_joint,-0.24261509,-0.14643873,0.1800689,0.190063,0.41157168,0.62342656,0.63704354
1783532916.6986,3,right_handMid_3_joint,-0.23903708,-0.17573787,0.18892564,0.190063,0.41157168,0.62342656,0.63704354
1783532916.6986,3,right_handMidEnd_joint,-0.23665203,-0.19527029,0.19483028,0.190063,0.41157168,0.62342656,0.63704354
1783532916.6986,3,right_handPinkyStart_joint,-0.27679136,-0.03065765,0.124178566,0.26599383,0.33364806,0.6233909,0.6552178
1783532916.6986,3,right_handPinky_1_joint,-0.27679938,-0.093803346,0.13088346,0.26599383,0.33364806,0.6233909,0.6552178
1783532916.6986,3,right_handPinky_2_joint,-0.27680463,-0.13280585,0.1350253,0.26599383,0.33364806,0.6233909,0.6552178
1783532916.6986,3,right_handPinky_3_joint,-0.27680692,-0.1532354,0.13719413,0.26599383,0.33364806,0.6233909,0.6552178
1783532916.6986,3,right_handPinkyEnd_joint,-0.27680936,-0.17180757,0.13916607,0.26599383,0.33364806,0.6233909,0.6552178
1783532916.6986,3,right_handRingStart_joint,-0.26640943,-0.027255308,0.13425425,0.22898749,0.37372792,0.6240103,0.64691854
1783532916.6986,3,right_handRing_1_joint,-0.26234967,-0.0956065,0.14806835,0.22898749,0.37372792,0.6240103,0.64691854
1783532916.6986,3,right_handRing_2_joint,-0.2594838,-0.14385396,0.1578192,0.22898749,0.37372792,0.6240103,0.64691854
1783532916.6986,3,right_handRing_3_joint,-0.25769293,-0.17400905,0.16391397,0.22898749,0.37372792,0.6240103,0.64691854
1783532916.6986,3,right_handRingEnd_joint,-0.2564984,-0.19411293,0.16797647,0.22898749,0.37372792,0.6240103,0.64691854
1783532916.6986,3,right_handThumbStart_joint,-0.23950975,-0.017815476,0.14216517,0.27542695,0.91004133,0.17777486,0.25369507
1783532916.6986,3,right_handThumb_1_joint,-0.20087345,-0.049579337,0.16169912,0.27542695,0.91004133,0.17777485,0.25369507
1783532916.6986,3,right_handThumb_2_joint,-0.17325632,-0.0722816,0.17566305,0.27542695,0.91004133,0.17777483,0.25369507
1783532916.6986,3,right_handThumbEnd_joint,-0.15484484,-0.08741663,0.18497154,0.27542692,0.91004133,0.1777748,0.2536951
1783532916.6986,3,camera,0.10878341,0.067469165,-0.039225243,-0.08499614,-0.074801736,-0.69845587,0.70663977
1783532916.7319,4,root,-0.00017933415,0.020186955,-0.0037260132,-0.04261516,-0.001956411,-0.003305711,0.9990842
1783532916.7319,4,hips_joint,-0.00017933415,0.020186955,-0.0037260132,-0.04261516,-0.001956411,-0.003305711,0.9990842
1783532916.7319,4,left_upLeg_joint,0.10018506,-0.0052659535,-0.00022310198,0.6224336,-0.3825144,0.55857325,-0.3927533
1783532916.7319,4,left_leg_joint,0.13528691,-0.39054912,0.16606203,-0.2700737,0.68161845,-0.28591174,0.6170181
1783532916.7319,4,left_foot_joint,0.09289548,-0.720267,-0.14797387,0.63294786,-0.3700262,0.60557956,-0.3094047
1783532916.7319,4,left_toes_joint,0.09180877,-0.8459236,-0.06785064,0.69160825,-0.24335317,0.6532457,-0.18901728
1783532916.7319,4,left_toesEnd_joint,0.09351362,-0.88132244,-0.018619819,0.6916083,-0.24335296,0.6532456,-0.18901749
1783532916.7319,4,right_upLeg_joint,-0.100888975,-0.003966491,-0.0010657381,0.37795964,0.56823665,0.42630884,0.593729
1783532916.7319,4,right_leg_joint,-0.0969878,-0.39801073,0.14737046,0.6060593,0.32254016,0.65252775,0.3207299
1783532916.7319,4,right_foot_joint,-0.069708824,-0.76821285,-0.1197169,0.27818984,0.627654,0.3158866,0.65488666
1783532916.7319,4,right_toes_joint,-0.07157652,-0.88191724,-0.023392962,0.15418498,0.6690039,0.1860361,0.7028879
1783532916.7319,4,right_toesEnd_joint,-0.07373896,-0.9102955,0.030175833,0.15418546,0.669004,0.18603563,0.7028878
1783532916.7319,4,spine_1_joint,-0.00017935393,0.020186955,-0.0037260132,0.46448582,0.53025454,0.47142893,0.52994156
1783532916.7319,4,spine_2_joint,-0.0005724394,0.07729384,-0.010866243,0.46533525,0.5278863,0.475033,0.52834
1783532916.7319,4,spine_3_joint,-0.0010697091,0.13445799,-0.017525557,0.48347774,0.5057929,0.49673122,0.513499
1783532916.7319,4,spine_4_joint,-0.0013422263,0.18747087,-0.019601647,0.5150453,0.46776912,0.5298866,0.48491362
1783532916.7319,4,spine_5_joint,-0.0012781584,0.25765416,-0.013328685,0.5580459,0.40981266,0.57483196,0.43612748
1783532916.7319,4,spine_6_joint,-0.0009948885,0.34747076,0.013859193,0.5679505,0.38775977,0.5941809,0.41716215
1783532916.7319,4,spine_7_joint,-0.0017608893,0.4474702,0.052171376,0.5513607,0.4055439,0.5862462,0.4334184
1783532916.7319,4,left_shoulder_1_joint,0.08592917,0.5560051,0.08587957,-0.60161555,0.011078415,-0.14564283,0.78531814
1783532916.7319,4,left_arm_joint,0.2247898,0.5208912,0.10877449,-0.3533515,0.3028686,-0.5256494,0.7121139
1783532916.7319,4,left_forearm_joint,0.2949907,0.26483068,0.0928483,-0.4116418,0.17907833,-0.71121716,0.54097384
1783532916.7319,4,left_hand_joint,0.27467924,0.019120198,0.19783367,0.65431815,-0.5710404,0.46023032,-0.18430752
1783532916.7319,4,left_handIndexStart_joint,0.25915614,0.0012616491,0.2160713,0.6228849,-0.58216983,0.5014083,-0.14725122
1783532916.7319,4,left_handIndex_1_joint,0.24464695,-0.06884268,0.25246716,0.6228849,-0.58216983,0.5014083,-0.14725122
1783532916.7319,4,left_handIndex_2_joint,0.23621137,-0.109601,0.27362752,0.6228849,-0.58216983,0.5014083,-0.14725122
1783532916.7319,4,left_handIndex_3_joint,0.23148744,-0.13242567,0.28547734,0.6228849,-0.58216983,0.5014083,-0.14725122
1783532916.7319,4,left_handIndexEnd_joint,0.2281132,-0.148729,0.29394147,0.6228849,-0.58216983,0.5014083,-0.14725122
1783532916.7319,4,left_handMidStart_joint,0.269294,-0.0040189503,0.21035154,0.6554968,-0.5707025,0.45828632,-0.18600243
1783532916.7319,4,left_handMid_1_joint,0.26386234,-0.073851675,0.2398838,0.6554968,-0.5707025,0.45828632,-0.18600243
1783532916.7319,4,left_handMid_2_joint,0.26004553,-0.122923315,0.2606362,0.6554968,-0.5707025,0.45828632,-0.18600243
1783532916.7319,4,left_handMid_3_joint,0.2578435,-0.15123388,0.27260876,0.6554968,-0.5707025,0.45828632,-0.18600243
1783532916.7319,4,left_handMidEnd_joint,0.2563755,-0.17010759,0.28059044,0.6554968,-0.5707025,0.45828632,-0.18600243
1783532916.7319,4,left_handPinkyStart_joint,0.29001963,-0.011928947,0.19371171,0.680254,-0.5722226,0.37848398,-0.25800422
1783532916.7319,4,left_handPinky_1_joint,0.29374224,-0.073767476,0.20766035,0.680254,-0.5722226,0.37848398,-0.25800422
1783532916.7319,4,left_handPinky_2_joint,0.2960415,-0.11196187,0.21627569,0.680254,-0.5722226,0.37848398,-0.25800422
1783532916.7319,4,left_handPinky_3_joint,0.29724586,-0.13196845,0.22078848,0.680254,-0.5722226,0.37848398,-0.25800422
1783532916.7319,4,left_handPinkyEnd_joint,0.29834074,-0.15015624,0.224891,0.680254,-0.5722226,0.37848398,-0.25800422
1783532916.7319,4,left_handRingStart_joint,0.27882212,-0.008183901,0.20273778,0.6687034,-0.57194334,0.4195247,-0.22297144
1783532916.7319,4,left_handRing_1_joint,0.27838627,-0.07468286,0.22411382,0.6687034,-0.57194334,0.4195247,-0.22297144
1783532916.7319,4,left_handRing_2_joint,0.2780786,-0.1216233,0.2392028,0.6687034,-0.57194334,0.4195247,-0.22297144
1783532916.7319,4,left_handRing_3_joint,0.2778863,-0.15096109,0.2486334,0.6687034,-0.57194334,0.4195247,-0.22297144
1783532916.7319,4,left_handRingEnd_joint,0.2777581,-0.17051959,0.25492045,0.6687034,-0.57194334,0.4195247,-0.22297144
1783532916.7319,4,left_handThumbStart_joint,0.25091627,0.000109707114,0.20800717,0.24785133,-0.10857466,0.9157488,-0.29696113
1783532916.7319,4,left_handThumb_1_joint,0.21328935,-0.031987153,0.22891822,0.24785133,-0.10857466,0.9157488,-0.29696113
1783532916.7319,4,left_handThumb_2_joint,0.18639316,-0.054927625,0.24386585,0.24785131,-0.108574644,0.9157488,-0.29696113
1783532916.7319,4,left_handThumbEnd_joint,0.16846237,-0.07022128,0.2538309,0.24785131,-0.108574614,0.9157488,-0.29696113
1783532916.7319,4,neck_1_joint,-0.0035268557,0.57748765,0.08531435,0.5919121,0.34247646,0.63111126,0.36612725
1783532916.7319,4,neck_2_joint,-0.0044623553,0.6035146,0.10020469,0.5825195,0.35646766,0.62402886,0.3797246
1783532916.7319,4,neck_3_joint,-0.0057808626,0.63908327,0.118456654,0.565724,0.38017836,0.6113929,0.4020204
1783532916.7319,4,neck_4_joint,-0.0072478186,0.67595273,0.13389987,0.5498382,0.40149546,0.59807825,0.42282736
1783532916.7319,4,head_joint,-0.009001768,0.71968716,0.14915875,0.4940473,0.4666454,0.54737145,0.48841095
1783532916.7319,4,jaw_joint,-0.008501071,0.69435585,0.15200035,0.4940473,0.4666454,0.54737145,0.48841095
1783532916.7319,4,chin_joint,-0.014123228,0.6358275,0.2470943,0.4940473,0.4666454,0.54737145,0.48841095
1783532916.7319,4,left_eye_joint,0.015671575,0.745503,0.24043433,0.4980982,0.4623189,0.5516102,0.4836186
1783532916.7319,4,left_eyeLowerLid_joint,0.015671575,0.745503,0.24043433,0.4980982,0.4623189,0.5516102,0.4836186
1783532916.7319,4,left_eyeUpperLid_joint,0.015671575,0.745503,0.24043433,0.4980982,0.4623189,0.5516102,0.4836186
1783532916.7319,4,left_eyeball_joint,0.015671575,0.745503,0.24043433,0.4980982,0.4623189,0.5516102,0.4836186
1783532916.7319,4,nose_joint,-0.017097222,0.71007353,0.2584385,0.4981006,0.46231622,0.5516128,0.48361564
1783532916.7319,4,right_eye_joint,-0.04874906,0.7436763,0.23550142,0.4980982,0.4623189,0.5516102,0.4836186
1783532916.7319,4,right_eyeLowerLid_joint,-0.04874906,0.7436763,0.23550142,0.4980982,0.4623189,0.5516102,0.4836186
1783532916.7319,4,right_eyeUpperLid_joint,-0.04874906,0.7436763,0.23550142,0.4980982,0.4623189,0.5516102,0.4836186
1783532916.7319,4,right_eyeball_joint,-0.04874906,0.7436763,0.23550142,0.4980982,0.4623189,0.5516102,0.4836186
1783532916.7319,4,right_shoulder_1_joint,-0.09244597,0.55644137,0.074606635,0.79392207,0.1295728,0.07645271,0.58911294
1783532916.7319,4,right_arm_joint,-0.23092903,0.51353294,0.07914248,0.69452155,0.5187868,0.3373142,0.36704168
1783532916.7319,4,right_forearm_joint,-0.293212,0.25599635,0.0558125,0.53412384,0.70352316,0.25100887,0.39593157
1783532916.7319,4,right_hand_joint,-0.26215395,0.0013433838,0.13324384,0.18829274,0.41079792,0.6238556,0.6376486
1783532916.7319,4,right_handIndexStart_joint,-0.24767157,-0.017572112,0.1493182,0.14529836,0.45331627,0.6357276,0.6076543
1783532916.7319,4,right_handIndex_1_joint,-0.23006023,-0.090199694,0.178726,0.14529836,0.45331627,0.6357276,0.6076543
1783532916.7319,4,right_handIndex_2_joint,-0.21982063,-0.13242523,0.19582315,0.14529836,0.45331627,0.6357276,0.6076543
1783532916.7319,4,right_handIndex_3_joint,-0.21408698,-0.15607181,0.20539825,0.14529836,0.45331627,0.6357276,0.6076543
1783532916.7319,4,right_handIndexEnd_joint,-0.20999153,-0.17296194,0.21223757,0.14529836,0.45331627,0.6357276,0.6076543
1783532916.7319,4,right_handMidStart_joint,-0.25702918,-0.022849953,0.14239338,0.18768412,0.41132957,0.6242743,0.6370752
1783532916.7319,4,right_handMid_1_joint,-0.248073,-0.09505105,0.16441979,0.18768412,0.41132957,0.6242743,0.6370752
1783532916.7319,4,right_handMid_2_joint,-0.2417798,-0.1457863,0.17989807,0.18768412,0.41132957,0.6242743,0.6370752
1783532916.7319,4,right_handMid_3_joint,-0.23814887,-0.17505682,0.18882771,0.18768412,0.41132957,0.6242743,0.6370752
1783532916.7319,4,right_handMidEnd_joint,-0.23572855,-0.19457014,0.19478092,0.18768412,0.41132957,0.6242743,0.6370752
1783532916.7319,4,right_handPinkyStart_joint,-0.2760892,-0.030219292,0.123647325,0.2637095,0.33348358,0.6244822,0.6551859
1783532916.7319,4,right_handPinky_1_joint,-0.2759382,-0.09335096,0.13048148,0.2637095,0.33348358,0.6244822,0.6551859
1783532916.7319,4,right_handPinky_2_joint,-0.27584526,-0.13234481,0.13470316,0.2637095,0.33348358,0.6244822,0.6551859
1783532916.7319,4,right_handPinky_3_joint,-0.27579612,-0.15276982,0.1369138,0.2637095,0.33348358,0.6244822,0.6551859
1783532916.7319,4,right_handPinkyEnd_joint,-0.27575177,-0.17133787,0.13892378,0.2637095,0.33348358,0.6244822,0.6551859
1783532916.7319,4,right_handRingStart_joint,-0.26575378,-0.02676622,0.13375352,0.22665235,0.3735252,0.6249817,0.6469205
1783532916.7319,4,right_handRing_1_joint,-0.26154566,-0.09507704,0.14772221,0.22665235,0.3735252,0.6249817,0.6469205
1783532916.7319,4,right_handRing_2_joint,-0.25857514,-0.143296,0.15758218,0.22665235,0.3735252,0.6249817,0.6469205
1783532916.7319,4,right_handRing_3_joint,-0.2567188,-0.17343327,0.16374516,0.22665235,0.3735252,0.6249817,0.6469205
1783532916.7319,4,right_handRingEnd_joint,-0.25548065,-0.19352527,0.16785315,0.22665235,0.3735252,0.6249817,0.6469205
1783532916.7319,4,right_handThumbStart_joint,-0.23891048,-0.017232034,0.14174241,0.2735223,0.9101608,0.17771223,0.25536588
1783532916.7319,4,right_handThumb_1_joint,-0.20025317,-0.04884345,0.16148113,0.2735223,0.9101608,0.17771222,0.25536585
1783532916.7319,4,right_handThumb_2_joint,-0.17262106,-0.07143674,0.17559142,0.2735223,0.9101608,0.1777122,0.25536585
1783532916.7319,4,right_handThumbEnd_joint,-0.15419957,-0.08649912,0.1849975,0.2735223,0.9101608,0.17771217,0.25536588
1783532916.7319,4,camera,0.10923271,0.06785973,-0.038931493,-0.08477947,-0.0719782,-0.6998983,0.70553094
1783532916.7652,5,root,-8.292357e-05,0.020367574,-0.0034573697,-0.04216496,-0.0019423887,-0.0028685052,0.9991047
1783532916.7652,5,hips_joint,-8.292357e-05,0.020367574,-0.0034573697,-0.04216496,-0.0019423887,-0.0028685052,0.9991047
1783532916.7652,5,left_upLeg_joint,0.1003039,-0.005000713,1.6417504e-05,0.6216897,-0.383874,0.55749243,-0.39413816
1783532916.7652,5,left_leg_joint,0.13554408,-0.39104885,0.16448821,-0.26810938,0.6828124,-0.2837391,0.617557
1783532916.7652,5,left_foot_joint,0.0927944,-0.71874875,-0.15160447,0.6321381,-0.3721775,0.6042015,-0.31116864
1783532916.7652,5,left_toes_joint,0.091728665,-0.84491193,-0.07228117,0.69122094,-0.24561898,0.6522269,-0.19101042
1783532916.7652,5,left_toesEnd_joint,0.09346044,-0.88062376,-0.023277815,0.69122094,-0.24561879,0.6522269,-0.19101064
1783532916.7652,5,right_upLeg_joint,-0.10077123,-0.0038763022,-0.0008125841,0.37686127,0.56920844,0.4261214,0.59363127
1783532916.7652,5,right_leg_joint,-0.09607378,-0.39757448,0.14851658,0.6049907,0.3249432,0.6517808,0.32183883
1783532916.7652,5,right_foot_joint,-0.068262726,-0.76923305,-0.11648526,0.2758667,0.62888676,0.31461477,0.65529895
1783532916.7652,5,right_toes_joint,-0.06990774,-0.88239455,-0.01952009,0.15167029,0.669774,0.18470919,0.7030517
1783532916.7652,5,right_toesEnd_joint,-0.07200479,-0.9104734,0.034208857,0.15167078,0.6697742,0.18470874,0.70305157
1783532916.7652,5,spine_1_joint,-8.2943356e-05,0.020367574,-0.0034573697,0.46454188,0.53004825,0.4720547,0.5295414
1783532916.7652,5,spine_2_joint,-0.0005188202,0.07748328,-0.010524091,0.46535462,0.52753645,0.47576687,0.5280116
1783532916.7652,5,spine_3_joint,-0.0010539269,0.13465653,-0.017101819,0.48336783,0.505355,0.49749795,0.51329094
1783532916.7652,5,spine_4_joint,-0.0013603616,0.18767186,-0.019109353,0.5147556,0.46729097,0.5306552,0.48484153
1783532916.7652,5,spine_5_joint,-0.0013478398,0.2578487,-0.012764825,0.55752516,0.4094007,0.5755591,0.43622082
1783532916.7652,5,spine_6_joint,-0.0011591077,0.3476515,0.014469372,0.56721056,0.38742465,0.59485453,0.41751957
1783532916.7652,5,spine_7_joint,-0.0020424293,0.44765458,0.05276945,0.55041933,0.4052448,0.5868291,0.43410468
1783532916.7652,5,left_shoulder_1_joint,0.08554652,0.55622655,0.086620845,-0.6021912,0.0092374375,-0.14685893,0.78467375
1783532916.7652,5,left_arm_joint,0.2243148,0.5211828,0.11017367,-0.35242584,0.30116373,-0.5284246,0.7112411
1783532916.7652,5,left_forearm_joint,0.2935073,0.26478502,0.095294654,-0.4100262,0.17763904,-0.7142602,0.5386607
1783532916.7652,5,left_hand_joint,0.27114612,0.019549064,0.20097047,0.6516359,-0.5717223,0.4635268,-0.1834324
1783532916.7652,5,left_handIndexStart_joint,0.25541598,0.0018439412,0.2191802,0.6199947,-0.5827925,0.504525,-0.14633596
1783532916.7652,5,left_handIndex_1_joint,0.24028666,-0.06805168,0.2557246,0.6199947,-0.5827925,0.504525,-0.14633596
1783532916.7652,5,left_handIndex_2_joint,0.23149057,-0.10868867,0.27697134,0.6199947,-0.5827925,0.504525,-0.14633596
1783532916.7652,5,left_handIndex_3_joint,0.22656475,-0.1314454,0.28886953,0.6199947,-0.5827925,0.504525,-0.14633596
1783532916.7652,5,left_handIndexEnd_joint,0.2230463,-0.14770018,0.29736823,0.6199947,-0.5827925,0.504525,-0.14633596
1783532916.7652,5,left_handMidStart_joint,0.26555344,-0.0035159634,0.21353406,0.6528236,-0.5713864,0.4615906,-0.18513022
1783532916.7652,5,left_handMid_1_joint,0.25954092,-0.07321687,0.24326444,0.6528236,-0.5713864,0.4615906,-0.18513022
1783532916.7652,5,left_handMid_2_joint,0.2553159,-0.12219589,0.26415607,0.6528236,-0.5713864,0.4615906,-0.18513022
1783532916.7652,5,left_handMid_3_joint,0.2528784,-0.15045302,0.27620894,0.6528236,-0.5713864,0.4615906,-0.18513022
1783532916.7652,5,left_handMidEnd_joint,0.2512534,-0.1692911,0.28424418,0.6528236,-0.5713864,0.4615906,-0.18513022
1783532916.7652,5,left_handPinkyStart_joint,0.28632292,-0.011604533,0.19703539,0.6779153,-0.57291293,0.38207522,-0.2573332
1783532916.7652,5,left_handPinky_1_joint,0.28959823,-0.07341765,0.211207,0.6779153,-0.57291293,0.38207522,-0.2573332
1783532916.7652,5,left_handPinky_2_joint,0.2916212,-0.111596346,0.21996005,0.6779153,-0.57291293,0.38207522,-0.2573332
1783532916.7652,5,left_handPinky_3_joint,0.2926809,-0.1315947,0.224545,0.6779153,-0.57291293,0.38207522,-0.2573332
1783532916.7652,5,left_handPinkyEnd_joint,0.29364422,-0.14977503,0.22871312,0.6779153,-0.57291293,0.38207522,-0.2573332
1783532916.7652,5,left_handRingStart_joint,0.27509838,-0.00776288,0.20598693,0.66619444,-0.5726283,0.4229784,-0.22219639
1783532916.7652,5,left_handRing_1_joint,0.27414647,-0.07418692,0.22757803,0.66619444,-0.5726283,0.4229784,-0.22219639
1783532916.7652,5,left_handRing_2_joint,0.2734745,-0.12107448,0.24281879,0.66619444,-0.5726283,0.4229784,-0.22219639
1783532916.7652,5,left_handRing_3_joint,0.27305457,-0.15037921,0.25234425,0.66619444,-0.5726283,0.4229784,-0.22219639
1783532916.7652,5,left_handRingEnd_joint,0.27277458,-0.16991569,0.2586946,0.66619444,-0.5726283,0.4229784,-0.22219639
1783532916.7652,5,left_handThumbStart_joint,0.247214,0.0007145059,0.21107437,0.24548045,-0.10698482,0.9174915,-0.29411384
1783532916.7652,5,left_handThumb_1_joint,0.20928077,-0.031087836,0.23188162,0.24548045,-0.10698482,0.9174915,-0.29411384
1783532916.7652,5,left_handThumb_2_joint,0.18216565,-0.053817786,0.24675505,0.24548045,-0.1069848,0.9174915,-0.29411384
1783532916.7652,5,left_handThumbEnd_joint,0.16408892,-0.06897109,0.25667065,0.24548045,-0.10698478,0.9174915,-0.29411384
1783532916.7652,5,neck_1_joint,-0.003910582,0.5776965,0.085810296,0.5909426,0.34228328,0.63176525,0.36674505
1783532916.7652,5,neck_2_joint,-0.0048876903,0.6037345,0.10067868,0.58155274,0.35625362,0.6246665,0.38035715
1783532916.7652,5,neck_3_joint,-0.0062576816,0.6393166,0.118900515,0.5647637,0.37993,0.61200154,0.40267795
1783532916.7652,5,neck_4_joint,-0.007769098,0.6761974,0.13431226,0.54888576,0.40121433,0.59866005,0.4235071
1783532916.7652,5,head_joint,-0.009567956,0.719943,0.14953378,0.4931309,0.46625733,0.5478619,0.4891564
1783532916.7652,5,jaw_joint,-0.009071173,0.6946139,0.15239567,0.4931309,0.46625733,0.5478619,0.4891564
1783532916.7652,5,chin_joint,-0.014929185,0.6361561,0.24751869,0.4931309,0.46625733,0.5478619,0.4891564
1783532916.7652,5,left_eye_joint,0.014867978,0.74583054,0.24085288,0.49717852,0.46193886,0.5521071,0.48435974
1783532916.7652,5,left_eyeLowerLid_joint,0.014867978,0.74583054,0.24085288,0.49717852,0.46193886,0.5521071,0.48435974
1783532916.7652,5,left_eyeUpperLid_joint,0.014867978,0.74583054,0.24085288,0.49717852,0.46193886,0.5521071,0.48435974
1783532916.7652,5,left_eyeball_joint,0.014867978,0.74583054,0.24085288,0.49717852,0.46193886,0.5521071,0.48435974
1783532916.7652,5,nose_joint,-0.017942114,0.71041024,0.25879955,0.49718094,0.4619362,0.55210966,0.48435682
1783532916.7652,5,right_eye_joint,-0.049539525,0.74399143,0.23575626,0.49717852,0.46193886,0.5521071,0.48435974
1783532916.7652,5,right_eyeLowerLid_joint,-0.049539525,0.74399143,0.23575626,0.49717852,0.46193886,0.5521071,0.48435974
1783532916.7652,5,right_eyeUpperLid_joint,-0.049539525,0.74399143,0.23575626,0.49717852,0.46193886,0.5521071,0.48435974
1783532916.7652,5,right_eyeball_joint,-0.049539525,0.74399143,0.23575626,0.49717852,0.46193886,0.5521071,0.48435974
1783532916.7652,5,right_shoulder_1_joint,-0.09279913,0.55663025,0.07489054,0.7934345,0.12911111,0.07716378,0.58977765
1783532916.7652,5,right_arm_joint,-0.23128517,0.51371,0.07921951,0.69353414,0.519307,0.33767644,0.36783883
1783532916.7652,5,right_forearm_joint,-0.2931508,0.2560401,0.056254886,0.5324708,0.70435816,0.25112486,0.396599
1783532916.7652,5,right_hand_joint,-0.2614316,0.0016576576,0.1343046,0.18657093,0.41139472,0.6244506,0.637187
1783532916.7652,5,right_handIndexStart_joint,-0.24691291,-0.01717802,0.15043981,0.1435403,0.45388106,0.63620305,0.6071523
1783532916.7652,5,right_handIndex_1_joint,-0.22912212,-0.089685746,0.1800347,0.1435403,0.45388106,0.63620305,0.6071523
1783532916.7652,5,right_handIndex_2_joint,-0.2187782,-0.1318416,0.19724059,0.1435403,0.45388106,0.63620305,0.6071523
1783532916.7652,5,right_handIndex_3_joint,-0.21298613,-0.15544914,0.20687662,0.1435403,0.45388106,0.63620305,0.6071523
1783532916.7652,5,right_handIndexEnd_joint,-0.20884891,-0.17231138,0.21375944,0.1435403,0.45388106,0.63620305,0.6071523
1783532916.7652,5,right_handMidStart_joint,-0.2562462,-0.022499425,0.14351554,0.18596196,0.41192633,0.6248675,0.6366126
1783532916.7652,5,right_handMid_1_joint,-0.2471027,-0.0946232,0.16571745,0.18596196,0.41192633,0.6248675,0.6366126
1783532916.7652,5,right_handMid_2_joint,-0.24067783,-0.14530413,0.18131904,0.18596196,0.41192633,0.6248675,0.6366126
1783532916.7652,5,right_handMid_3_joint,-0.23697095,-0.1745433,0.19031984,0.18596196,0.41192633,0.6248675,0.6366126
1783532916.7652,5,right_handMidEnd_joint,-0.23449998,-0.19403572,0.19632049,0.18596196,0.41192633,0.6248675,0.6366126
1783532916.7652,5,right_handPinkyStart_joint,-0.27526107,-0.029968092,0.12476293,0.26208213,0.33418265,0.6252378,0.65476155
1783532916.7652,5,right_handPinky_1_joint,-0.27493086,-0.09308329,0.13174117,0.26208213,0.33418265,0.6252378,0.65476155
1783532916.7652,5,right_handPinky_2_joint,-0.2747272,-0.13206697,0.13605182,0.26208213,0.33418265,0.6252378,0.65476155
1783532916.7652,5,right_handPinky_3_joint,-0.27462006,-0.15248665,0.13830909,0.26208213,0.33418265,0.6252378,0.65476155
1783532916.7652,5,right_handPinkyEnd_joint,-0.27452302,-0.17104983,0.14036143,0.26208213,0.33418265,0.6252378,0.65476155
1783532916.7652,5,right_handRingStart_joint,-0.26494846,-0.02646129,0.13487393,0.22497465,0.3741747,0.6256565,0.64647794
1783532916.7652,5,right_handRing_1_joint,-0.26055458,-0.094727285,0.14900346,0.22497465,0.3741747,0.6256565,0.64647794
1783532916.7652,5,right_handRing_2_joint,-0.25745293,-0.14291462,0.15897696,0.22497465,0.3741747,0.6256565,0.64647794
1783532916.7652,5,right_handRing_3_joint,-0.25551465,-0.1730321,0.16521089,0.22497465,0.3741747,0.6256565,0.64647794
1783532916.7652,5,right_handRingEnd_joint,-0.25422183,-0.19311091,0.16936617,0.22497465,0.3741747,0.6256565,0.64647794
1783532916.7652,5,right_handThumbStart_joint,-0.23814353,-0.01682912,0.14287403,0.27176782,0.91061074,0.17722352,0.2559731
1783532916.7652,5,right_handThumb_1_joint,-0.19941688,-0.04828034,0.16273223,0.27176782,0.91061074,0.17722349,0.2559731
1783532916.7652,5,right_handThumb_2_joint,-0.17173518,-0.07075911,0.17692792,0.2717678,0.91061074,0.17722347,0.2559731
1783532916.7652,5,right_handThumbEnd_joint,-0.15328066,-0.08574516,0.18639094,0.2717678,0.9106108,0.17722344,0.25597307
1783532916.7652,5,camera,0.10925498,0.068247534,-0.039261412,-0.084719114,-0.07629673,-0.69937193,0.70560634
1783532916.7985,6,root,-0.00016665075,0.020378746,-0.0031643864,-0.04419652,-0.0022672487,-0.0027053414,0.9990166
1783532916.7985,6,hips_joint,-0.00016665075,0.020378746,-0.0031643864,-0.04419652,-0.0022672487,-0.0027053414,0.9990166
1783532916.7985,6,left_upLeg_joint,0.10022671,-0.004940429,0.0004751852,0.62358814,-0.38055253,0.55915695,-0.39199623
1783532916.7985,6,left_leg_joint,0.13603988,-0.38940173,0.16850157,-0.26888132,0.68206114,-0.28411233,0.6178799
1783532916.7985,6,left_foot_joint,0.09403416,-0.71769375,-0.14707614,0.63228244,-0.3711101,0.6046945,-0.3111927
1783532916.7985,6,left_toes_joint,0.09302726,-0.8437219,-0.067537576,0.6911603,-0.24454352,0.65271556,-0.19094059
1783532916.7985,6,left_toesEnd_joint,0.094745636,-0.8793475,-0.018471055,0.6911603,-0.24454333,0.65271556,-0.19094081
1783532916.7985,6,right_upLeg_joint,-0.10084825,-0.0038890338,-0.00048372804,0.37481982,0.57019234,0.42500395,0.59477925
1783532916.7985,6,right_leg_joint,-0.09600763,-0.39677143,0.15097398,0.60543054,0.3231206,0.65359676,0.31915268
1783532916.7985,6,right_foot_joint,-0.06710878,-0.76648027,-0.116625905,0.27733687,0.62772316,0.31770086,0.6543043
1783532916.7985,6,right_toes_joint,-0.068607986,-0.8803297,-0.02046709,0.15333436,0.66891015,0.18792783,0.70265996
1783532916.7985,6,right_toesEnd_joint,-0.070699826,-0.90879333,0.03305922,0.15333484,0.6689103,0.18792738,0.70265985
1783532916.7985,6,spine_1_joint,-0.00016667052,0.020378746,-0.0031643864,0.46365163,0.5307195,0.47136796,0.5302602
1783532916.7985,6,spine_2_joint,-0.00060995267,0.07747311,-0.0104009565,0.46490476,0.5280143,0.475261,0.5283856
1783532916.7985,6,spine_3_joint,-0.0011477391,0.13463433,-0.017082158,0.48337352,0.5056231,0.49719304,0.5133173
1783532916.7985,6,spine_4_joint,-0.0014507357,0.18764849,-0.019121045,0.5151985,0.467322,0.53050935,0.4845001
1783532916.7985,6,spine_5_joint,-0.0014207093,0.2578214,-0.012733619,0.55834574,0.40914485,0.5754544,0.43554878
1783532916.7985,6,spine_6_joint,-0.0011693684,0.34757844,0.014650576,0.5682473,0.38710415,0.59467775,0.416658
1783532916.7985,6,spine_7_joint,-0.0019532982,0.44750154,0.053160846,0.5515369,0.40512714,0.58652425,0.43320724
1783532916.7985,6,left_shoulder_1_joint,0.08573935,0.55598927,0.08701379,-0.6020495,0.010319949,-0.14686598,0.7847677
1783532916.7985,6,left_arm_joint,0.22450088,0.52075124,0.110315114,-0.3528969,0.30186138,-0.52854973,0.71061856
1783532916.7985,6,left_forearm_joint,0.29339927,0.2642748,0.095428,-0.41085562,0.17809224,-0.7140169,0.5382012
1783532916.7985,6,left_hand_joint,0.27113783,0.01910614,0.20128082,0.6520218,-0.57193774,0.46305972,-0.18256621
1783532916.7985,6,left_handIndexStart_joint,0.25543645,0.0014182066,0.21953203,0.6204099,-0.58295166,0.5040844,-0.14545739
1783532916.7985,6,left_handIndex_1_joint,0.24034871,-0.06845064,0.2561447,0.6204099,-0.58295166,0.5040844,-0.14545739
1783532916.7985,6,left_handIndex_2_joint,0.23157679,-0.10907206,0.27743113,0.6204099,-0.58295166,0.5040844,-0.14545739
1783532916.7985,6,left_handIndex_3_joint,0.2266645,-0.13182007,0.28935152,0.6204099,-0.58295166,0.5040844,-0.14545739
1783532916.7985,6,left_handIndexEnd_joint,0.22315572,-0.14806864,0.29786608,0.6204099,-0.58295166,0.5040844,-0.14545739
1783532916.7985,6,left_handMidStart_joint,0.26555988,-0.003949506,0.21386816,0.65320814,-0.57160455,0.4611227,-0.18426453
1783532916.7985,6,left_handMid_1_joint,0.2595751,-0.07363162,0.24364814,0.65320814,-0.57160455,0.4611227,-0.18426453
1783532916.7985,6,left_handMid_2_joint,0.2553696,-0.122597426,0.26457462,0.65320814,-0.57160455,0.4611227,-0.18426453
1783532916.7985,6,left_handMid_3_joint,0.25294334,-0.15084693,0.27664757,0.65320814,-0.57160455,0.4611227,-0.18426453
1783532916.7985,6,left_handMidEnd_joint,0.25132582,-0.16967992,0.28469622,0.65320814,-0.57160455,0.4611227,-0.18426453
1783532916.7985,6,left_handPinkyStart_joint,0.28629193,-0.012056715,0.19733158,0.67823786,-0.57323164,0.38159928,-0.25647795
1783532916.7985,6,left_handPinky_1_joint,0.289567,-0.07386376,0.21152969,0.67823786,-0.57323164,0.38159928,-0.25647795
1783532916.7985,6,left_handPinky_2_joint,0.29158986,-0.1120387,0.22029912,0.67823786,-0.57323164,0.38159928,-0.25647795
1783532916.7985,6,left_handPinky_3_joint,0.29264945,-0.1320351,0.22489263,0.67823786,-0.57323164,0.38159928,-0.25647795
1783532916.7985,6,left_handPinkyEnd_joint,0.2936127,-0.15021364,0.22906855,0.67823786,-0.57323164,0.38159928,-0.25647795
1783532916.7985,6,left_handRingStart_joint,0.27508745,-0.0082049705,0.2063039,0.6665494,-0.5728976,0.42250597,-0.22133495
1783532916.7985,6,left_handRing_1_joint,0.27414823,-0.07461696,0.22793254,0.6665494,-0.5728976,0.42250597,-0.22133495
1783532916.7985,6,left_handRing_2_joint,0.27348524,-0.121496014,0.24319984,0.6665494,-0.5728976,0.42250597,-0.22133495
1783532916.7985,6,left_handRing_3_joint,0.2730709,-0.15079542,0.25274187,0.6665494,-0.5728976,0.42250597,-0.22133495
1783532916.7985,6,left_handRingEnd_joint,0.27279466,-0.17032836,0.25910327,0.6665494,-0.5728976,0.42250597,-0.22133495
1783532916.7985,6,left_handThumbStart_joint,0.24721749,0.00028829454,0.21144353,0.246468,-0.10709581,0.91733915,-0.2937227
1783532916.7985,6,left_handThumb_1_joint,0.20931171,-0.031484988,0.23234504,0.246468,-0.10709581,0.91733915,-0.2937227
1783532916.7985,6,left_handThumb_2_joint,0.18221623,-0.054194167,0.24728586,0.246468,-0.10709579,0.91733915,-0.2937227
1783532916.7985,6,left_handThumbEnd_joint,0.16415256,-0.06933362,0.2572464,0.24646798,-0.10709575,0.91733915,-0.2937227
1783532916.7985,6,neck_1_joint,-0.0037140197,0.57748264,0.086446226,0.59204113,0.34204254,0.6313643,0.36588734
1783532916.7985,6,neck_2_joint,-0.004650859,0.60349333,0.1013649,0.5826576,0.35603607,0.62428755,0.37949133
1783532916.7985,6,neck_3_joint,-0.005970587,0.639042,0.11965557,0.56587774,0.3797515,0.6116608,0.40179914
1783532916.7985,6,neck_4_joint,-0.007437796,0.6758947,0.13513887,0.55000645,0.40107372,0.59835446,0.4226171
1783532916.7985,6,head_joint,-0.009191164,0.7196125,0.15044531,0.49426267,0.46624509,0.5476717,0.4882378
1783532916.7985,6,jaw_joint,-0.008694192,0.694278,0.1532592,0.49426267,0.46624509,0.5476717,0.4882378
1783532916.7985,6,chin_joint,-0.014350621,0.63564587,0.24828704,0.49426267,0.46624509,0.5476717,0.4882378
1783532916.7985,6,left_eye_joint,0.015458657,0.74532515,0.24175633,0.49831012,0.46191671,0.5519089,0.48344278
1783532916.7985,6,left_eyeLowerLid_joint,0.015458657,0.74532515,0.24175633,0.49831012,0.46191671,0.5519089,0.48344278
1783532916.7985,6,left_eyeUpperLid_joint,0.015458657,0.74532515,0.24175633,0.49831012,0.46191671,0.5519089,0.48344278
1783532916.7985,6,left_eyeball_joint,0.015458657,0.74532515,0.24175633,0.49831012,0.46191671,0.5519089,0.48344278
1783532916.7985,6,nose_joint,-0.017319398,0.70987976,0.259712,0.49831256,0.46191415,0.5519114,0.4834399
1783532916.7985,6,right_eye_joint,-0.048960704,0.74351126,0.23680271,0.49831012,0.46191671,0.5519089,0.48344278
1783532916.7985,6,right_eyeLowerLid_joint,-0.048960704,0.74351126,0.23680271,0.49831012,0.46191671,0.5519089,0.48344278
1783532916.7985,6,right_eyeUpperLid_joint,-0.048960704,0.74351126,0.23680271,0.49831012,0.46191671,0.5519089,0.48344278
1783532916.7985,6,right_eyeball_joint,-0.048960704,0.74351126,0.23680271,0.49831012,0.46191671,0.5519089,0.48344278
1783532916.7985,6,right_shoulder_1_joint,-0.09263239,0.5564583,0.075689584,0.79355323,0.13065144,0.07623391,0.5893999
1783532916.7985,6,right_arm_joint,-0.23104371,0.5133465,0.0804792,0.69351834,0.52080345,0.33645362,0.36687234
1783532916.7985,6,right_forearm_joint,-0.29251987,0.2555411,0.057993602,0.5318469,0.70596063,0.25015473,0.3951978
1783532916.7985,6,right_hand_joint,-0.25985003,0.001331501,0.13621432,0.18691586,0.41325846,0.6246402,0.6356923
1783532916.7985,6,right_handIndexStart_joint,-0.24522005,-0.017448522,0.15231383,0.14387272,0.4556378,0.6364152,0.6055334
1783532916.7985,6,right_handIndex_1_joint,-0.22712925,-0.08987628,0.18192267,0.14387272,0.4556378,0.6364152,0.6055334
1783532916.7985,6,right_handIndex_2_joint,-0.21661091,-0.13198563,0.1991367,0.14387272,0.4556378,0.6364152,0.6055334
1783532916.7985,6,right_handIndex_3_joint,-0.21072116,-0.15556714,0.20877726,0.14387272,0.4556378,0.6364152,0.6055334
1783532916.7985,6,right_handIndexEnd_joint,-0.2065142,-0.17241079,0.21566336,0.14387272,0.4556378,0.6364152,0.6055334
1783532916.7985,6,right_handMidStart_joint,-0.25456727,-0.022801572,0.14543286,0.18630739,0.41378847,0.6250574,0.635116
1783532916.7985,6,right_handMid_1_joint,-0.24515392,-0.09487588,0.16768265,0.18630739,0.41378847,0.6250574,0.635116
1783532916.7985,6,right_handMid_2_joint,-0.23853946,-0.14552203,0.18331788,0.18630739,0.41378847,0.6250574,0.635116
1783532916.7985,6,right_handMid_3_joint,-0.2347232,-0.17474113,0.1923381,0.18630739,0.41378847,0.6250574,0.635116
1783532916.7985,6,right_handMidEnd_joint,-0.23217931,-0.19422017,0.1983517,0.18630739,0.41378847,0.6250574,0.635116
1783532916.7985,6,right_handPinkyStart_joint,-0.2736374,-0.030340198,0.12676457,0.26251537,0.33617705,0.62534523,0.6534632
1783532916.7985,6,right_handPinky_1_joint,-0.27312034,-0.09344609,0.13381523,0.26251537,0.33617705,0.62534523,0.6534632
1783532916.7985,6,right_handPinky_2_joint,-0.27280125,-0.13242401,0.13817061,0.26251537,0.33617705,0.62534523,0.6534632
1783532916.7985,6,right_handPinky_3_joint,-0.27263367,-0.15284069,0.14045133,0.26251537,0.33617705,0.62534523,0.6534632
1783532916.7985,6,right_handPinkyEnd_joint,-0.27248168,-0.17140116,0.14252496,0.26251537,0.33617705,0.62534523,0.6534632
1783532916.7985,6,right_handRingStart_joint,-0.26329365,-0.026795523,0.13683046,0.2253633,0.37610608,0.6258036,0.64507806
1783532916.7985,6,right_handRing_1_joint,-0.25867164,-0.09503353,0.15102227,0.2253633,0.37610608,0.6258036,0.64507806
1783532916.7985,6,right_handRing_2_joint,-0.25540894,-0.14320111,0.16103972,0.2253633,0.37610608,0.6258036,0.64507806
1783532916.7985,6,right_handRing_3_joint,-0.25337002,-0.17330627,0.16730113,0.2253633,0.37610608,0.6258036,0.64507806
1783532916.7985,6,right_handRingEnd_joint,-0.25201008,-0.19337684,0.17147473,0.2253633,0.37610608,0.6258036,0.64507806
1783532916.7985,6,right_handThumbStart_joint,-0.23648162,-0.017086467,0.14471292,0.2708207,0.911562,0.17647207,0.25410342
1783532916.7985,6,right_handThumb_1_joint,-0.19759734,-0.04841665,0.16445413,0.2708207,0.9115621,0.17647205,0.25410342
1783532916.7985,6,right_handThumb_2_joint,-0.16980301,-0.07080892,0.17856619,0.2708207,0.9115621,0.17647204,0.25410342
1783532916.7985,6,right_handThumbEnd_joint,-0.15127337,-0.08573728,0.18797344,0.2708207,0.9115621,0.17647201,0.25410342
1783532916.7985,6,camera,0.109103695,0.06874308,-0.039131463,-0.08287495,-0.078973375,-0.6982344,0.7066567
1783532916.8319,7,root,-0.00016442394,0.020337773,-0.0032526834,-0.04454003,-0.0026895937,-0.0027764656,0.99900013
1783532916.8319,7,hips_joint,-0.00016442394,0.020337773,-0.0032526834,-0.04454003,-0.0026895937,-0.0027764656,0.99900013
1783532916.8319,7,left_upLeg_joint,0.10022311,-0.004989538,0.0004895225,0.6242036,-0.37918267,0.5602983,-0.39071232
1783532916.8319,7,left_leg_joint,0.1358367,-0.3886989,0.17026806,-0.26813504,0.6822149,-0.28427422,0.6179599
1783532916.8319,7,left_foot_joint,0.093554944,-0.7166754,-0.14560068,0.6317898,-0.37169132,0.6048712,-0.31115577
1783532916.8319,7,left_toes_joint,0.092355624,-0.84276825,-0.06616744,0.6907868,-0.24520761,0.65288216,-0.19087088
1783532916.8319,7,left_toesEnd_joint,0.09400814,-0.8784368,-0.017129846,0.6907868,-0.24520744,0.65288216,-0.19087109
1783532916.8319,7,right_upLeg_joint,-0.10085086,-0.003917465,-0.000640707,0.3752259,0.5695332,0.4251055,0.5950821
1783532916.8319,7,right_leg_joint,-0.096570194,-0.3969459,0.15045463,0.60598993,0.32153174,0.65414184,0.31857833
1783532916.8319,7,right_foot_joint,-0.06795619,-0.765755,-0.11841451,0.27875715,0.6268175,0.3184841,0.6541883
1783532916.8319,7,right_toes_joint,-0.06964555,-0.87993664,-0.02265357,0.15490054,0.6682901,0.18871887,0.70269454
1783532916.8319,7,right_toesEnd_joint,-0.07180184,-0.9085839,0.030772109,0.15490103,0.6682902,0.18871841,0.7026944
1783532916.8319,7,spine_1_joint,-0.00016444371,0.020337773,-0.0032526834,0.46336684,0.53061634,0.47143134,0.5305562
1783532916.8319,7,spine_2_joint,-0.0006019799,0.07742917,-0.010513114,0.46468115,0.5278894,0.47541082,0.5285723
1783532916.8319,7,spine_3_joint,-0.0011409872,0.13458943,-0.017202288,0.4832147,0.5054673,0.49743903,0.51338166
1783532916.8319,7,spine_4_joint,-0.0014532391,0.18760389,-0.019231906,0.5150954,0.4671345,0.5308361,0.4844328
1783532916.8319,7,spine_5_joint,-0.0014472691,0.25777382,-0.012811222,0.5582728,0.40894976,0.57580274,0.43536493
1783532916.8319,7,spine_6_joint,-0.0012414376,0.34751305,0.014631519,0.5682146,0.3869296,0.59499615,0.41640994
1783532916.8319,7,spine_7_joint,-0.0020776954,0.44740853,0.053212307,0.5514709,0.4050451,0.58681244,0.4329772
1783532916.8319,7,left_shoulder_1_joint,0.08555313,0.55592066,0.08714689,-0.6019866,0.010105999,-0.14725281,0.7847461
1783532916.8319,7,left_arm_joint,0.22428292,0.52063304,0.11056186,-0.35269555,0.3015641,-0.5290729,0.71045536
1783532916.8319,7,left_forearm_joint,0.29298243,0.2640929,0.09585487,-0.41058198,0.17785455,-0.7144665,0.53789186
1783532916.8319,7,left_hand_joint,0.27042216,0.018991394,0.20179993,0.6516171,-0.57201856,0.4635619,-0.1824839
1783532916.8319,7,left_handIndexStart_joint,0.2546896,0.0013248515,0.22004502,0.61997354,-0.5830267,0.5045594,-0.14537029
1783532916.8319,7,left_handIndex_1_joint,0.23951088,-0.06851466,0.25667605,0.61997354,-0.5830267,0.5045594,-0.14537029
1783532916.8319,7,left_handIndex_2_joint,0.23068602,-0.10911903,0.27797315,0.61997354,-0.5830267,0.5045594,-0.14537029
1783532916.8319,7,left_handIndex_3_joint,0.22574411,-0.13185748,0.28989953,0.61997354,-0.5830267,0.5045594,-0.14537029
1783532916.8319,7,left_handIndexEnd_joint,0.22221416,-0.14809923,0.29841837,0.61997354,-0.5830267,0.5045594,-0.14537029
1783532916.8319,7,left_handMidStart_joint,0.26481372,-0.004053838,0.21439277,0.65280485,-0.5716855,0.46162596,-0.18418255
1783532916.8319,7,left_handMid_1_joint,0.25874427,-0.07371728,0.24419929,0.65280485,-0.5716855,0.46162596,-0.18418255
1783532916.8319,7,left_handMid_2_joint,0.25447926,-0.12266996,0.2651444,0.65280485,-0.5716855,0.46162596,-0.18418255
1783532916.8319,7,left_handMid_3_joint,0.25201866,-0.1509119,0.27722815,0.65280485,-0.5716855,0.46162596,-0.18418255
1783532916.8319,7,left_handMidEnd_joint,0.25037825,-0.16973986,0.28528395,0.65280485,-0.5716855,0.46162596,-0.18418255
1783532916.8319,7,left_handPinkyStart_joint,0.285554,-0.012185805,0.19787872,0.6778865,-0.5733084,0.38214415,-0.2564238
1783532916.8319,7,left_handPinky_1_joint,0.288765,-0.073989,0.21210815,0.6778865,-0.5733084,0.38214415,-0.2564238
1783532916.8319,7,left_handPinky_2_joint,0.29074833,-0.11216157,0.22089693,0.6778865,-0.5733084,0.38214415,-0.2564238
1783532916.8319,7,left_handPinky_3_joint,0.29178718,-0.13215671,0.22550055,0.6778865,-0.5733084,0.38214415,-0.2564238
1783532916.8319,7,left_handPinkyEnd_joint,0.2927316,-0.15033413,0.22968568,0.6778865,-0.5733084,0.38214415,-0.2564238
1783532916.8319,7,left_handRingStart_joint,0.2743446,-0.008320663,0.2068391,0.66617143,-0.5729761,0.42303097,-0.22126645
1783532916.8319,7,left_handRing_1_joint,0.2733308,-0.074721895,0.22849737,0.66617143,-0.5729761,0.42303097,-0.22126645
1783532916.8319,7,left_handRing_2_joint,0.27261516,-0.121593356,0.24378555,0.66617143,-0.5729761,0.42303097,-0.22126645
1783532916.8319,7,left_handRing_3_joint,0.27216792,-0.15088803,0.25334066,0.66617143,-0.5729761,0.42303097,-0.22126645
1783532916.8319,7,left_handRingEnd_joint,0.27186975,-0.1704178,0.25971073,0.66617143,-0.5729761,0.42303097,-0.22126645
1783532916.8319,7,left_handThumbStart_joint,0.24647702,0.00019802927,0.21194959,0.24607548,-0.10685412,0.9175968,-0.2933348
1783532916.8319,7,left_handThumb_1_joint,0.20852603,-0.031534262,0.23283131,0.24607548,-0.10685412,0.9175968,-0.2933348
1783532916.8319,7,left_handThumb_2_joint,0.18139823,-0.054214135,0.24775799,0.24607547,-0.106854096,0.9175968,-0.2933348
1783532916.8319,7,left_handThumbEnd_joint,0.16331305,-0.06933405,0.2577091,0.24607547,-0.10685407,0.9175968,-0.2933348
1783532916.8319,7,neck_1_joint,-0.0039104,0.5773711,0.08656559,0.59196633,0.34196788,0.6316254,0.36562693
1783532916.8319,7,neck_2_joint,-0.004863958,0.60337347,0.10149769,0.58258414,0.35595912,0.6245542,0.37923712
1783532916.8319,7,neck_3_joint,-0.006205949,0.6389119,0.119806685,0.5658061,0.37967074,0.6119368,0.40155572
1783532916.8319,7,neck_4_joint,-0.007695269,0.6757556,0.13530897,0.549937,0.4009897,0.59863883,0.42238402
1783532916.8319,7,head_joint,-0.009474005,0.7194645,0.15063791,0.49420175,0.4661517,0.5479813,0.48804063
1783532916.8319,7,jaw_joint,-0.008965598,0.6941288,0.15343863,0.49420175,0.4661517,0.5479813,0.48804063
1783532916.8319,7,chin_joint,-0.01462033,0.635444,0.24843399,0.49420175,0.4661517,0.5479813,0.48804063
1783532916.8319,7,left_eye_joint,0.015137851,0.74514097,0.24196933,0.49824843,0.46182388,0.5522168,0.48324296
1783532916.8319,7,left_eyeLowerLid_joint,0.015137851,0.74514097,0.24196933,0.49824843,0.46182388,0.5522168,0.48324296
1783532916.8319,7,left_eyeUpperLid_joint,0.015137851,0.74514097,0.24196933,0.49824843,0.46182388,0.5522168,0.48324296
1783532916.8319,7,left_eyeball_joint,0.015137851,0.74514097,0.24196933,0.49824843,0.46182388,0.5522168,0.48324296
1783532916.8319,7,nose_joint,-0.017628117,0.7096703,0.25989717,0.49825087,0.46182126,0.55221933,0.48324
1783532916.8319,7,right_eye_joint,-0.04927922,0.74329865,0.23699668,0.49824843,0.46182388,0.5522168,0.48324296
1783532916.8319,7,right_eyeLowerLid_joint,-0.04927922,0.74329865,0.23699668,0.49824843,0.46182388,0.5522168,0.48324296
1783532916.8319,7,right_eyeUpperLid_joint,-0.04927922,0.74329865,0.23699668,0.49824843,0.46182388,0.5522168,0.48324296
1783532916.8319,7,right_eyeball_joint,-0.04927922,0.74329865,0.23699668,0.49824843,0.46182388,0.5522168,0.48324296
1783532916.8319,7,right_shoulder_1_joint,-0.09281557,0.55630964,0.07577295,0.79351133,0.13129798,0.07653768,0.5892725
1783532916.8319,7,right_arm_joint,-0.23116432,0.5130014,0.08059925,0.6932453,0.5213524,0.33654326,0.36652508
1783532916.8319,7,right_forearm_joint,-0.2923039,0.2551138,0.058140352,0.531524,0.70634526,0.2503848,0.39479804
1783532916.8319,7,right_hand_joint,-0.25928128,0.0009217262,0.1362689,0.18689856,0.4134269,0.62505525,0.63517904
1783532916.8319,7,right_handIndexStart_joint,-0.24462049,-0.017844899,0.15235597,0.14382719,0.45577067,0.6368277,0.60500956
1783532916.8319,7,right_handIndex_1_joint,-0.22642581,-0.09025895,0.1819345,0.14382719,0.45577067,0.6368277,0.60500956
1783532916.8319,7,right_handIndex_2_joint,-0.21584707,-0.13236034,0.19913091,0.14382719,0.45577067,0.6368277,0.60500956
1783532916.8319,7,right_handIndex_3_joint,-0.2099235,-0.15593739,0.20876162,0.14382719,0.45577067,0.6368277,0.60500956
1783532916.8319,7,right_handIndexEnd_joint,-0.20569238,-0.17277786,0.21564063,0.14382719,0.45577067,0.6368277,0.60500956
1783532916.8319,7,right_handMidStart_joint,-0.25396422,-0.023207512,0.1454777,0.18628974,0.4139563,0.6254721,0.6346024
1783532916.8319,7,right_handMid_1_joint,-0.2444508,-0.0952767,0.16770127,0.18628974,0.4139563,0.6254721,0.6346024
1783532916.8319,7,right_handMid_2_joint,-0.23776603,-0.14591925,0.18331814,0.18628974,0.4139563,0.6254721,0.6346024
1783532916.8319,7,right_handMid_3_joint,-0.23390922,-0.17513628,0.19232772,0.18628974,0.4139563,0.6254721,0.6346024
1783532916.8319,7,right_handMidEnd_joint,-0.2313383,-0.19461393,0.19833425,0.18628974,0.4139563,0.6254721,0.6346024
1783532916.8319,7,right_handPinkyStart_joint,-0.27303353,-0.03076426,0.1268159,0.2625489,0.3363967,0.62574226,0.6529559
1783532916.8319,7,right_handPinky_1_joint,-0.2724346,-0.093871556,0.13384722,0.2625489,0.3363967,0.62574226,0.6529559
1783532916.8319,7,right_handPinky_2_joint,-0.27206495,-0.13285033,0.13819066,0.2625489,0.3363967,0.62574226,0.6529559
1783532916.8319,7,right_handPinky_3_joint,-0.27187088,-0.15326746,0.1404651,0.2625489,0.3363967,0.62574226,0.6529559
1783532916.8319,7,right_handPinkyEnd_joint,-0.27169478,-0.17182833,0.14253305,0.2625489,0.3363967,0.62574226,0.6529559
1783532916.8319,7,right_handRingStart_joint,-0.2626896,-0.027209736,0.1368781,0.22537084,0.37630057,0.62621003,0.64456683
1783532916.8319,7,right_handRing_1_joint,-0.25797603,-0.09544618,0.1510471,0.22537084,0.37630057,0.62621003,0.64456683
1783532916.8319,7,right_handRing_2_joint,-0.25464866,-0.14361265,0.16104844,0.22537084,0.37630057,0.62621003,0.64456683
1783532916.8319,7,right_handRing_3_joint,-0.25256935,-0.17371711,0.1672998,0.22537084,0.37630057,0.62621003,0.64456683
1783532916.8319,7,right_handRingEnd_joint,-0.2511825,-0.19378723,0.1714667,0.22537084,0.37630057,0.62621003,0.64456683
1783532916.8319,7,right_handThumbStart_joint,-0.23588604,-0.017469658,0.14475115,0.2703315,0.9117624,0.1767057,0.2537417
1783532916.8319,7,right_handThumb_1_joint,-0.1969537,-0.04875728,0.16446489,0.2703315,0.9117624,0.17670569,0.2537417
1783532916.8319,7,right_handThumb_2_joint,-0.16912498,-0.07111912,0.17855732,0.2703315,0.9117624,0.17670567,0.25374168
1783532916.8319,7,right_handThumbEnd_joint,-0.15057243,-0.0860272,0.18795149,0.2703315,0.9117624,0.17670566,0.2537417
1783532916.8319,7,camera,0.1088667,0.06887704,-0.039673135,-0.08218716,-0.07725041,-0.6982958,0.7068668
1783532916.8653,8,root,-8.27688e-05,0.020354316,-0.0034600375,-0.04426222,-0.0026084445,-0.0024886664,0.9990134
1783532916.8653,8,hips_joint,-8.27688e-05,0.020354316,-0.0034600375,-0.04426222,-0.0026084445,-0.0024886664,0.9990134
1783532916.8653,8,left_upLeg_joint,0.10031986,-0.004917905,0.00024941922,0.62455463,-0.37880662,0.5600911,-0.39081314
1783532916.8653,8,left_leg_joint,0.13636898,-0.388521,0.17017618,-0.2693479,0.68177164,-0.28462955,0.6177582
1783532916.8653,8,left_foot_joint,0.09445541,-0.7172934,-0.14491339,0.63247114,-0.3705944,0.60502666,-0.31077796
1783532916.8653,8,left_toes_joint,0.09344276,-0.8432012,-0.06518456,0.6912479,-0.24400143,0.6529631,-0.19047046
1783532916.8653,8,left_toesEnd_joint,0.09515406,-0.87875247,-0.016063876,0.6912479,-0.24400125,0.6529631,-0.19047067
1783532916.8653,8,right_upLeg_joint,-0.10075489,-0.0039596986,-0.0008427861,0.37541166,0.5696134,0.42575052,0.59442675
1783532916.8653,8,right_leg_joint,-0.09593509,-0.39719084,0.14970788,0.6057662,0.32239082,0.65388376,0.31866524
1783532916.8653,8,right_foot_joint,-0.067123905,-0.76638687,-0.118608415,0.27805117,0.62735575,0.3182273,0.65409756
1783532916.8653,8,right_toes_joint,-0.06866077,-0.8804226,-0.022671193,0.15410537,0.66868466,0.18848392,0.7025568
1783532916.8653,8,right_toesEnd_joint,-0.0707638,-0.90898955,0.030799551,0.15410584,0.66868484,0.18848348,0.7025566
1783532916.8653,8,spine_1_joint,-8.2788574e-05,0.020354316,-0.0034600375,0.46356228,0.5305096,0.47168666,0.5302655
1783532916.8653,8,spine_2_joint,-0.0005349971,0.07745175,-0.010671966,0.46496743,0.5276664,0.4756572,0.5283215
1783532916.8653,8,spine_3_joint,-0.0010738756,0.13461874,-0.017303484,0.48355395,0.50515294,0.49764174,0.51317525
1783532916.8653,8,spine_4_joint,-0.0013738205,0.18763539,-0.01927661,0.5154393,0.46678048,0.5309444,0.48428947
1783532916.8653,8,spine_5_joint,-0.0013374616,0.25779912,-0.012788722,0.55855244,0.40860653,0.57580775,0.43532196
1783532916.8653,8,spine_6_joint,-0.0010801125,0.34751922,0.014716008,0.56839716,0.386694,0.59491026,0.416502
1783532916.8653,8,spine_7_joint,-0.0018555737,0.44740507,0.053322915,0.5515359,0.40496448,0.5866372,0.4332073
1783532916.8653,8,left_shoulder_1_joint,0.08583682,0.55587614,0.08722978,-0.60250694,0.009625639,-0.14800355,0.7842115
1783532916.8653,8,left_arm_joint,0.22450508,0.520523,0.11090905,-0.35259327,0.30068472,-0.5308141,0.7095797
1783532916.8653,8,left_forearm_joint,0.29250458,0.26375338,0.09697226,-0.41002876,0.17708966,-0.7162008,0.53625774
1783532916.8653,8,left_hand_joint,0.26876014,0.019000035,0.20346214,0.6501917,-0.5724514,0.46540722,-0.18151185
1783532916.8653,8,left_handIndexStart_joint,0.25291637,0.0014378213,0.22171172,0.61843157,-0.5833951,0.50630933,-0.1443735
1783532916.8653,8,left_handIndex_1_joint,0.23738448,-0.06825368,0.25847644,0.61843157,-0.5833951,0.50630933,-0.1443735
1783532916.8653,8,left_handIndex_2_joint,0.22835433,-0.10877199,0.27985123,0.61843157,-0.5833951,0.50630933,-0.1443735
1783532916.8653,8,left_handIndex_3_joint,0.22329743,-0.13146225,0.29182115,0.61843157,-0.5833951,0.50630933,-0.1443735
1783532916.8653,8,left_handIndexEnd_joint,0.21968538,-0.14766957,0.30037108,0.61843157,-0.5833951,0.50630933,-0.1443735
1783532916.8653,8,left_handMidStart_joint,0.26303396,-0.00399286,0.21609762,0.65138453,-0.5721208,0.46347556,-0.18321234
1783532916.8653,8,left_handMid_1_joint,0.2566287,-0.07355939,0.24605983,0.65138453,-0.5721208,0.46347556,-0.18321234
1783532916.8653,8,left_handMid_2_joint,0.25212768,-0.12244398,0.26711437,0.65138453,-0.5721208,0.46347556,-0.18321234
1783532916.8653,8,left_handMid_3_joint,0.24953096,-0.15064663,0.2792612,0.65138453,-0.5721208,0.46347556,-0.18321234
1783532916.8653,8,left_handMidEnd_joint,0.24779981,-0.16944839,0.2873591,0.65138453,-0.5721208,0.46347556,-0.18321234
1783532916.8653,8,left_handPinkyStart_joint,0.28378382,-0.012243499,0.19965461,0.67664945,-0.5738,0.38416293,-0.25557435
1783532916.8653,8,left_handPinky_1_joint,0.2867268,-0.074023165,0.21404341,0.67664945,-0.5738,0.38416293,-0.25557435
1783532916.8653,8,left_handPinky_2_joint,0.2885445,-0.112181194,0.2229306,0.67664945,-0.5738,0.38416293,-0.25557435
1783532916.8653,8,left_handPinky_3_joint,0.28949663,-0.13216873,0.22758579,0.67664945,-0.5738,0.38416293,-0.25557435
1783532916.8653,8,left_handPinkyEnd_joint,0.2903622,-0.15033922,0.23181777,0.67664945,-0.5738,0.38416293,-0.25557435
1783532916.8653,8,left_handRingStart_joint,0.27256715,-0.008314125,0.20857792,0.66484165,-0.5734385,0.42496854,-0.220354
1783532916.8653,8,left_handRing_1_joint,0.27124977,-0.07465759,0.23039636,0.66484165,-0.5734385,0.42496854,-0.220354
1783532916.8653,8,left_handRing_2_joint,0.27031985,-0.121488266,0.2457976,0.66484165,-0.5734385,0.42496854,-0.220354
1783532916.8653,8,left_handRing_3_joint,0.26973864,-0.15075743,0.2554234,0.66484165,-0.5734385,0.42496854,-0.220354
1783532916.8653,8,left_handRingEnd_joint,0.26935118,-0.1702702,0.26184058,0.66484165,-0.5734385,0.42496854,-0.220354
1783532916.8653,8,left_handThumbStart_joint,0.24471946,0.0003220117,0.21359889,0.24510662,-0.10583029,0.9185801,-0.29143357
1783532916.8653,8,left_handThumb_1_joint,0.20659794,-0.031215638,0.23446491,0.24510662,-0.10583029,0.9185801,-0.29143357
1783532916.8653,8,left_handThumb_2_joint,0.17934826,-0.053756382,0.24938034,0.24510662,-0.105830275,0.9185801,-0.29143357
1783532916.8653,8,left_handThumbEnd_joint,0.1611818,-0.06878355,0.25932395,0.2451066,-0.105830245,0.9185801,-0.29143357
1783532916.8653,8,neck_1_joint,-0.0036146354,0.5773769,0.086644396,0.5920221,0.3418809,0.6314766,0.36587504
1783532916.8653,8,neck_2_joint,-0.004553342,0.6033834,0.101570144,0.582642,0.355874,0.6243999,0.37948197
1783532916.8653,8,neck_3_joint,-0.0058750627,0.6389271,0.11987045,0.56586796,0.37958896,0.6117734,0.40179476
1783532916.8653,8,neck_4_joint,-0.007343416,0.6757754,0.13536373,0.5500023,0.40091094,0.59846705,0.42261726
1783532916.8653,8,head_joint,-0.009097323,0.71948904,0.15068199,0.49427706,0.46608293,0.5477835,0.48825237
1783532916.8653,8,jaw_joint,-0.008603148,0.6941537,0.1534889,0.49427706,0.46608293,0.5477835,0.48825237
1783532916.8653,8,chin_joint,-0.014289641,0.63549536,0.24849872,0.49427706,0.46608293,0.5477835,0.48825237
1783532916.8653,8,left_eye_joint,0.015530226,0.745174,0.24200681,0.4983231,0.46175444,0.55202085,0.48345646
1783532916.8653,8,left_eyeLowerLid_joint,0.015530226,0.745174,0.24200681,0.4983231,0.46175444,0.55202085,0.48345646
1783532916.8653,8,left_eyeUpperLid_joint,0.015530226,0.745174,0.24200681,0.4983231,0.46175444,0.55202085,0.48345646
1783532916.8653,8,left_eyeball_joint,0.015530226,0.745174,0.24200681,0.4983231,0.46175444,0.55202085,0.48345646
1783532916.8653,8,nose_joint,-0.017255478,0.7097262,0.25994375,0.4983256,0.46175185,0.55202335,0.48345357
1783532916.8653,8,right_eye_joint,-0.048887968,0.7433668,0.2370355,0.4983231,0.46175444,0.55202085,0.48345646
1783532916.8653,8,right_eyeLowerLid_joint,-0.048887968,0.7433668,0.2370355,0.4983231,0.46175444,0.55202085,0.48345646
1783532916.8653,8,right_eyeUpperLid_joint,-0.048887968,0.7433668,0.2370355,0.4983231,0.46175444,0.55202085,0.48345646
1783532916.8653,8,right_eyeball_joint,-0.048887968,0.7433668,0.2370355,0.4983231,0.46175444,0.55202085,0.48345646
1783532916.8653,8,right_shoulder_1_joint,-0.0925318,0.5563628,0.075858094,0.7933843,0.13164014,0.076140136,0.58941907
1783532916.8653,8,right_arm_joint,-0.23087204,0.51304543,0.08084281,0.6930837,0.52205354,0.33610636,0.36623454
1783532916.8653,8,right_forearm_joint,-0.29177892,0.25508136,0.058629893,0.5310056,0.7071829,0.25015756,0.39414018
1783532916.8653,8,right_hand_joint,-0.25818264,0.0009833908,0.13682058,0.1868805,0.41423285,0.6253781,0.63434154
1783532916.8653,8,right_handIndexStart_joint,-0.24346332,-0.017749954,0.152893,0.14378767,0.4565173,0.6371481,0.60411865
1783532916.8653,8,right_handIndex_1_joint,-0.22509374,-0.090118304,0.18247543,0.14378767,0.4565173,0.6371481,0.60411865
1783532916.8653,8,right_handIndex_2_joint,-0.2144133,-0.13219312,0.19967408,0.14378767,0.4565173,0.6371481,0.60411865
1783532916.8653,8,right_handIndex_3_joint,-0.20843278,-0.15575528,0.20930605,0.14378767,0.4565173,0.6371481,0.60411865
1783532916.8653,8,right_handIndexEnd_joint,-0.20416097,-0.1725851,0.21618599,0.14378767,0.4565173,0.6371481,0.60411865
1783532916.8653,8,right_handMidStart_joint,-0.2528083,-0.023132231,0.14603184,0.18627162,0.41476122,0.62579477,0.633764
1783532916.8653,8,right_handMid_1_joint,-0.24313216,-0.09517442,0.16827282,0.18627162,0.41476122,0.62579477,0.633764
1783532916.8653,8,right_handMid_2_joint,-0.23633304,-0.145798,0.18390188,0.18627162,0.41476122,0.62579477,0.633764
1783532916.8653,8,right_handMid_3_joint,-0.23241025,-0.17500408,0.19291851,0.18627162,0.41476122,0.62579477,0.633764
1783532916.8653,8,right_handMidEnd_joint,-0.22979534,-0.19447444,0.19892973,0.18627162,0.41476122,0.62579477,0.633764
1783532916.8653,8,right_handPinkyStart_joint,-0.27189356,-0.030731203,0.1274035,0.2625956,0.3372838,0.6260386,0.6521954
1783532916.8653,8,right_handPinky_1_joint,-0.27117163,-0.09383418,0.13446221,0.2625956,0.3372838,0.6260386,0.6521954
1783532916.8653,8,right_handPinky_2_joint,-0.270726,-0.13281031,0.13882256,0.2625956,0.3372838,0.6260386,0.6521954
1783532916.8653,8,right_handPinky_3_joint,-0.27049214,-0.15322603,0.14110588,0.2625956,0.3372838,0.6260386,0.6521954
1783532916.8653,8,right_handPinkyEnd_joint,-0.27027988,-0.17178564,0.14318188,0.2625956,0.3372838,0.6260386,0.6521954
1783532916.8653,8,right_handRingStart_joint,-0.2615401,-0.027153803,0.1374478,0.2253844,0.37714815,0.6265192,0.64376616
1783532916.8653,8,right_handRing_1_joint,-0.2566832,-0.095375404,0.15164003,0.2253844,0.37714815,0.6265192,0.64376616
1783532916.8653,8,right_handRing_2_joint,-0.25325468,-0.1435314,0.16165777,0.2253844,0.37714815,0.6265192,0.64376616
1783532916.8653,8,right_handRing_3_joint,-0.25111216,-0.1736293,0.16791937,0.2253844,0.37714815,0.6265192,0.64376616
1783532916.8653,8,right_handRingEnd_joint,-0.24968317,-0.19369504,0.17209308,0.2253844,0.37714815,0.6265192,0.64376616
1783532916.8653,8,right_handThumbStart_joint,-0.23474151,-0.017362665,0.14527427,0.26960504,0.91224086,0.17651257,0.25292888
1783532916.8653,8,right_handThumb_1_joint,-0.19572274,-0.04857234,0.1649408,0.26960504,0.91224086,0.17651255,0.25292888
1783532916.8653,8,right_handThumb_2_joint,-0.16783227,-0.07087845,0.1789995,0.26960504,0.91224086,0.17651254,0.25292885
1783532916.8653,8,right_handThumbEnd_joint,-0.14923856,-0.085749395,0.18837115,0.26960504,0.91224086,0.17651251,0.25292888
1783532916.8653,8,camera,0.1090723,0.06904538,-0.039973877,-0.08251753,-0.07665611,-0.69838923,0.70680064
1783532916.8986,9,root,-0.00013322731,0.02042052,-0.0033328931,-0.044917993,-0.0025259273,-0.0026180218,0.9989841
1783532916.8986,9,hips_joint,-0.00013322731,0.02042052,-0.0033328931,-0.044917993,-0.0025259273,-0.0026180218,0.9989841
1783532916.8986,9,left_upLeg_joint,0.10026317,-0.0048738644,0.00039401412,0.6253499,-0.37767604,0.56059015,-0.3899196
1783532916.8986,9,left_leg_joint,0.13656177,-0.3878775,0.17161508,-0.27090976,0.6810371,-0.2857708,0.6173587
1783532916.8986,9,left_foot_joint,0.09496853,-0.7179821,-0.14212121,0.63324755,-0.369053,0.6056786,-0.3097597
1783532916.8986,9,left_toes_joint,0.094060406,-0.84356123,-0.06187452,0.69171804,-0.24234082,0.65341026,-0.18934703
1783532916.8986,9,left_toesEnd_joint,0.09579881,-0.8789084,-0.01260766,0.69171804,-0.24234065,0.6534102,-0.18934724
1783532916.8986,9,right_upLeg_joint,-0.10081148,-0.0038629149,-0.0006680083,0.37494752,0.57010543,0.4251067,0.5947088
1783532916.8986,9,right_leg_joint,-0.095980816,-0.3968054,0.15063415,0.60641354,0.3215945,0.6541403,0.31771117
1783532916.8986,9,right_foot_joint,-0.06733172,-0.7652545,-0.118724324,0.2790519,0.62712806,0.3190177,0.6535047
1783532916.8986,9,right_toes_joint,-0.0688036,-0.8795562,-0.02310296,0.1551311,0.66865087,0.18937239,0.7021245
1783532916.8986,9,right_toesEnd_joint,-0.0708714,-0.90827155,0.03028966,0.1551316,0.668651,0.18937191,0.70212436
1783532916.8986,9,spine_1_joint,-0.00013324709,0.02042052,-0.0033328931,0.46348032,0.5306478,0.47141564,0.5304396
1783532916.8986,9,spine_2_joint,-0.0005729386,0.07751325,-0.010582797,0.46502382,0.5276689,0.47554815,0.52836794
1783532916.8986,9,spine_3_joint,-0.0011001726,0.13467969,-0.017220045,0.4837233,0.5050353,0.4976562,0.51311785
1783532916.8986,9,spine_4_joint,-0.001389012,0.18769714,-0.019174013,0.5156809,0.46654436,0.5310257,0.4841715
1783532916.8986,9,spine_5_joint,-0.00133378,0.25785643,-0.012638238,0.5587897,0.40830812,0.5758802,0.43520236
1783532916.8986,9,spine_6_joint,-0.0010463997,0.34755605,0.014933179,0.5686091,0.3863774,0.59495735,0.41644025
1783532916.8986,9,spine_7_joint,-0.0017815682,0.44741678,0.053606037,0.55170435,0.4046958,0.58662325,0.43326348
1783532916.8986,9,left_shoulder_1_joint,0.085963964,0.55583,0.08756069,-0.6026143,0.009528012,-0.14887929,0.7839646
1783532916.8986,9,left_arm_joint,0.22455734,0.52030504,0.11142055,-0.35214165,0.30031964,-0.53225785,0.70887685
1783532916.8986,9,left_forearm_joint,0.2918571,0.26333004,0.09787677,-0.40929812,0.17694466,-0.71761316,0.5349743
1783532916.8986,9,left_hand_joint,0.2670549,0.018765582,0.2045594,0.6488358,-0.57318556,0.46662247,-0.18092658
1783532916.8986,9,left_handIndexStart_joint,0.25111514,0.0012766981,0.22279583,0.61699957,-0.5840891,0.50743455,-0.14374281
1783532916.8986,9,left_handIndex_1_joint,0.23526989,-0.06832408,0.25959867,0.61699957,-0.5840891,0.50743455,-0.14374281
1783532916.8986,9,left_handIndex_2_joint,0.22605753,-0.10878965,0.28099567,0.61699957,-0.5840891,0.50743455,-0.14374281
1783532916.8986,9,left_handIndex_3_joint,0.2208986,-0.13145037,0.292978,0.61699957,-0.5840891,0.50743455,-0.14374281
1783532916.8986,9,left_handIndexEnd_joint,0.21721366,-0.1476366,0.3015368,0.61699957,-0.5840891,0.50743455,-0.14374281
1783532916.8986,9,left_handMidStart_joint,0.26122436,-0.0041947793,0.21720631,0.6500319,-0.57285625,0.4646947,-0.1826295
1783532916.8986,9,left_handMid_1_joint,0.25451905,-0.073709115,0.24722399,0.6500319,-0.57285625,0.4646947,-0.1826295
1783532916.8986,9,left_handMid_2_joint,0.2498072,-0.12255704,0.26831746,0.6500319,-0.57285625,0.4646947,-0.1826295
1783532916.8986,9,left_handMid_3_joint,0.24708883,-0.15073852,0.2804868,0.6500319,-0.57285625,0.4646947,-0.1826295
1783532916.8986,9,left_handMidEnd_joint,0.24527659,-0.16952617,0.28859967,0.6500319,-0.57285625,0.4646947,-0.1826295
1783532916.8986,9,left_handPinkyStart_joint,0.28197655,-0.012533943,0.20081097,0.6754047,-0.57454944,0.38553348,-0.25511912
1783532916.8986,9,left_handPinky_1_joint,0.28467625,-0.07430939,0.21526548,0.6754047,-0.57454944,0.38553348,-0.25511912
1783532916.8986,9,left_handPinky_2_joint,0.28634372,-0.1124648,0.22419326,0.6754047,-0.57454944,0.38553348,-0.25511912
1783532916.8986,9,left_handPinky_3_joint,0.28721714,-0.13245097,0.22886972,0.6754047,-0.57454944,0.38553348,-0.25511912
1783532916.8986,9,left_handPinkyEnd_joint,0.2880112,-0.15062022,0.23312105,0.6754047,-0.57454944,0.38553348,-0.25511912
1783532916.8986,9,left_handRingStart_joint,0.2707567,-0.008556678,0.209709,0.6635415,-0.57418096,0.4262661,-0.21983306
1783532916.8986,9,left_handRing_1_joint,0.26916596,-0.07487373,0.23158948,0.6635415,-0.57418096,0.4262661,-0.21983306
1783532916.8986,9,left_handRing_2_joint,0.2680431,-0.121685766,0.24703452,0.6635415,-0.57418096,0.4262661,-0.21983306
1783532916.8986,9,left_handRing_3_joint,0.26734132,-0.1509433,0.25668767,0.6635415,-0.57418096,0.4262661,-0.21983306
1783532916.8986,9,left_handRingEnd_joint,0.26687345,-0.1704483,0.2631231,0.6635415,-0.57418096,0.4262661,-0.21983306
1783532916.8986,9,left_handThumbStart_joint,0.24292986,0.00018156886,0.21466845,0.2441884,-0.105531804,0.91937244,-0.28980985
1783532916.8986,9,left_handThumb_1_joint,0.20465872,-0.031202307,0.23549241,0.2441884,-0.105531804,0.91937244,-0.28980985
1783532916.8986,9,left_handThumb_2_joint,0.17730209,-0.05363313,0.25037777,0.2441884,-0.10553179,0.91937244,-0.28980985
1783532916.8986,9,left_handThumbEnd_joint,0.15906434,-0.06858702,0.26030135,0.2441884,-0.10553176,0.91937244,-0.28980985
1783532916.8986,9,neck_1_joint,-0.0034765145,0.5773766,0.086977854,0.5921599,0.34159535,0.6314689,0.36593273
1783532916.8986,9,neck_2_joint,-0.0044029374,0.6033779,0.10191363,0.5827863,0.3555918,0.62439114,0.37954018
1783532916.8986,9,neck_3_joint,-0.0057077263,0.63891506,0.12022766,0.5660231,0.37931275,0.61176294,0.40185377
1783532916.8986,9,neck_4_joint,-0.0071582985,0.6757582,0.13573514,0.5501672,0.40064067,0.59845495,0.42267662
1783532916.8986,9,head_joint,-0.008890901,0.71946675,0.15107025,0.49447307,0.46583453,0.5477654,0.48831186
1783532916.8986,9,jaw_joint,-0.008409841,0.69413006,0.15386736,0.49447307,0.46583453,0.5477654,0.48831186
1783532916.8986,9,chin_joint,-0.014132521,0.63543767,0.24885406,0.49447307,0.46583453,0.5477654,0.48831186
1783532916.8986,9,left_eye_joint,0.015743766,0.74510366,0.24240668,0.49851692,0.46150443,0.55200326,0.483516
1783532916.8986,9,left_eyeLowerLid_joint,0.015743766,0.74510366,0.24240668,0.49851692,0.46150443,0.55200326,0.483516
1783532916.8986,9,left_eyeUpperLid_joint,0.015743766,0.74510366,0.24240668,0.49851692,0.46150443,0.55200326,0.483516
1783532916.8986,9,left_eyeball_joint,0.015743766,0.74510366,0.24240668,0.49851692,0.46150443,0.55200326,0.483516
1783532916.8986,9,nose_joint,-0.017061211,0.70966566,0.26032776,0.49851936,0.46150175,0.55200577,0.48351312
1783532916.8986,9,right_eye_joint,-0.04867503,0.74333125,0.23743045,0.49851692,0.46150443,0.55200326,0.483516
1783532916.8986,9,right_eyeLowerLid_joint,-0.04867503,0.74333125,0.23743045,0.49851692,0.46150443,0.55200326,0.483516
1783532916.8986,9,right_eyeUpperLid_joint,-0.04867503,0.74333125,0.23743045,0.49851692,0.46150443,0.55200326,0.483516
1783532916.8986,9,right_eyeball_joint,-0.04867503,0.74333125,0.23743045,0.49851692,0.46150443,0.55200326,0.483516
1783532916.8986,9,right_shoulder_1_joint,-0.09240376,0.5564121,0.07617764,0.7932988,0.13197593,0.07596285,0.5894821
1783532916.8986,9,right_arm_joint,-0.23072617,0.51304966,0.081264876,0.6928584,0.52264446,0.33576137,0.36613458
1783532916.8986,9,right_forearm_joint,-0.2914279,0.2550154,0.059306733,0.5304675,0.70785666,0.24983387,0.3938612
1783532916.8986,9,right_hand_joint,-0.25740737,0.001035595,0.1376981,0.18661863,0.4149658,0.62552506,0.6337947
1783532916.8986,9,right_handIndexStart_joint,-0.24264646,-0.01766286,0.15377304,0.14351687,0.45721135,0.6372767,0.6035227
1783532916.8986,9,right_handIndex_1_joint,-0.22414872,-0.08997883,0.18340379,0.14351687,0.45721135,0.6372767,0.6035227
1783532916.8986,9,right_handIndex_2_joint,-0.21339378,-0.13202319,0.20063056,0.14351687,0.45721135,0.6372767,0.6035227
1783532916.8986,9,right_handIndex_3_joint,-0.20737155,-0.1555683,0.21027826,0.14351687,0.45721135,0.6372767,0.6035227
1783532916.8986,9,right_handIndexEnd_joint,-0.20306996,-0.17238596,0.21716943,0.14351687,0.45721135,0.6372767,0.6035227
1783532916.8986,9,right_handMidStart_joint,-0.25199097,-0.023064187,0.14692621,0.1860099,0.41549376,0.6259415,0.6332164
1783532916.8986,9,right_handMid_1_joint,-0.24219446,-0.09507261,0.16922392,0.1860099,0.41549376,0.6259415,0.6332164
1783532916.8986,9,right_handMid_2_joint,-0.23531073,-0.14567247,0.18489285,0.1860099,0.41549376,0.6259415,0.6332164
1783532916.8986,9,right_handMid_3_joint,-0.23133914,-0.17486487,0.19393247,0.1860099,0.41549376,0.6259415,0.6332164
1783532916.8986,9,right_handMidEnd_joint,-0.22869171,-0.19432613,0.19995902,0.1860099,0.41549376,0.6259415,0.6332164
1783532916.8986,9,right_handPinkyStart_joint,-0.2710845,-0.030706326,0.12832399,0.2623782,0.33807757,0.62619543,0.65172154
1783532916.8986,9,right_handPinky_1_joint,-0.27026954,-0.093801744,0.13544016,0.2623782,0.33807757,0.62619543,0.65172154
1783532916.8986,9,right_handPinky_2_joint,-0.26976648,-0.1327732,0.13983601,0.2623782,0.33807757,0.62619543,0.65172154
1783532916.8986,9,right_handPinky_3_joint,-0.26950252,-0.15318649,0.1421379,0.2623782,0.33807757,0.62619543,0.65172154
1783532916.8986,9,right_handPinkyEnd_joint,-0.2692629,-0.17174387,0.14423081,0.2623782,0.33807757,0.62619543,0.65172154
1783532916.8986,9,right_handRingStart_joint,-0.2607259,-0.027105564,0.13835463,0.225144,0.3779126,0.6266704,0.6432549
1783532916.8986,9,right_handRing_1_joint,-0.2557619,-0.09530738,0.1526049,0.225144,0.3779126,0.6266704,0.6432549
1783532916.8986,9,right_handRing_2_joint,-0.2522578,-0.14344941,0.16266361,0.225144,0.3779126,0.6266704,0.6432549
1783532916.8986,9,right_handRing_3_joint,-0.25006798,-0.17353858,0.1689508,0.225144,0.3779126,0.6266704,0.6432549
1783532916.8986,9,right_handRingEnd_joint,-0.24860747,-0.19359851,0.17314158,0.225144,0.3779126,0.6266704,0.6432549
1783532916.8986,9,right_handThumbStart_joint,-0.2339328,-0.017270735,0.14614521,0.26895568,0.91263205,0.1761289,0.25247678
1783532916.8986,9,right_handThumb_1_joint,-0.19485189,-0.04840911,0.16580147,0.26895568,0.91263205,0.17612888,0.25247678
1783532916.8986,9,right_handThumb_2_joint,-0.166917,-0.07066427,0.17985278,0.26895568,0.91263205,0.17612885,0.25247678
1783532916.8986,9,right_handThumbEnd_joint,-0.14829366,-0.08550124,0.18921955,0.26895568,0.91263205,0.17612883,0.25247678
1783532916.8986,9,camera,0.108343534,0.06911592,-0.040541075,-0.08250796,-0.078023516,-0.69785583,0.70717883
1783532916.9319,10,root,-0.00012026764,0.02038616,-0.0035755797,-0.045167584,-0.0028707616,-0.0028427069,0.9989713
1783532916.9319,10,hips_joint,-0.00012026764,0.02038616,-0.0035755797,-0.045167584,-0.0028707616,-0.0028427069,0.9989713
1783532916.9319,10,left_upLeg_joint,0.10026285,-0.0049484274,0.00023506432,0.62504387,-0.37654603,0.5615554,-0.390114
1783532916.9319,10,left_leg_joint,0.1363669,-0.38766888,0.17212917,-0.27315447,0.67844677,-0.28736264,0.61848176
1783532916.9319,10,left_foot_joint,0.097160086,-0.71971846,-0.13985696,0.6334172,-0.36562952,0.60762435,-0.30966213
1783532916.9319,10,left_toes_joint,0.096298024,-0.8448319,-0.058885556,0.6912358,-0.23894724,0.65530235,-0.1888825
1783532916.9319,10,left_toesEnd_joint,0.09793419,-0.87988675,-0.009406828,0.6912358,-0.23894705,0.6553023,-0.18888272
1783532916.9319,10,right_upLeg_joint,-0.10081056,-0.003853743,-0.00096982747,0.37467283,0.57010406,0.4246302,0.5952233
1783532916.9319,10,right_leg_joint,-0.09632214,-0.39660934,0.15082735,0.60576415,0.32272828,0.65324056,0.31964505
1783532916.9319,10,right_foot_joint,-0.0680808,-0.7663896,-0.116743825,0.2778415,0.6276202,0.31711674,0.6544723
1783532916.9319,10,right_toes_joint,-0.06972906,-0.88022697,-0.02057309,0.15384935,0.6689046,0.1873225,0.7027142
1783532916.9319,10,right_toesEnd_joint,-0.07184935,-0.90868187,0.032956704,0.15384983,0.6689047,0.18732204,0.7027141
1783532916.9319,10,spine_1_joint,-0.00012028743,0.02038616,-0.0035755797,0.46360874,0.53037614,0.47129008,0.5307109
1783532916.9319,10,spine_2_joint,-0.00051315356,0.077479266,-0.010825196,0.4654005,0.5273567,0.47537363,0.528505
1783532916.9319,10,spine_3_joint,-0.0009833627,0.13464876,-0.017440505,0.4842477,0.5047368,0.49741787,0.5131479
1783532916.9319,10,spine_4_joint,-0.0012150673,0.18766758,-0.019364376,0.51629317,0.46628883,0.5307084,0.4841128
1783532916.9319,10,spine_5_joint,-0.0010789112,0.25782263,-0.012784575,0.5594426,0.4081008,0.57548505,0.43508062
1783532916.9319,10,spine_6_joint,-0.00067392393,0.3475048,0.014842091,0.56929207,0.38628283,0.59452313,0.4162147
1783532916.9319,10,spine_7_joint,-0.0012820439,0.44734266,0.053576015,0.5523778,0.40478188,0.5862204,0.43286982
1783532916.9319,10,left_shoulder_1_joint,0.08655529,0.55570614,0.0874518,-0.60268307,0.009509234,-0.14771022,0.78413296
1783532916.9319,10,left_arm_joint,0.22524935,0.52044296,0.11111404,-0.3525861,0.30062366,-0.5315471,0.70906
1783532916.9319,10,left_forearm_joint,0.29285407,0.26355618,0.09741889,-0.40970987,0.17720158,-0.7170277,0.53535855
1783532916.9319,10,left_hand_joint,0.26845312,0.018916378,0.20402122,0.649396,-0.5730385,0.46600026,-0.18098554
1783532916.9319,10,left_handIndexStart_joint,0.2525549,0.0014015698,0.22226901,0.6175988,-0.5839466,0.5068499,-0.14381075
1783532916.9319,10,left_handIndex_1_joint,0.23683164,-0.068233326,0.2590596,0.6175988,-0.5839466,0.5068499,-0.14381075
1783532916.9319,10,left_handIndex_2_joint,0.22769019,-0.10871872,0.2804495,0.6175988,-0.5839466,0.5068499,-0.14381075
1783532916.9319,10,left_handIndex_3_joint,0.22257099,-0.13139056,0.29242784,0.6175988,-0.5839466,0.5068499,-0.14381075
1783532916.9319,10,left_handIndexEnd_joint,0.2189144,-0.1475847,0.3009838,0.6175988,-0.5839466,0.5068499,-0.14381075
1783532916.9319,10,left_handMidStart_joint,0.26266342,-0.004056139,0.21666482,0.65059036,-0.57270926,0.46407095,-0.18268786
1783532916.9319,10,left_handMid_1_joint,0.25607178,-0.07359138,0.24665923,0.65059036,-0.57270926,0.46407095,-0.18268786
1783532916.9319,10,left_handMid_2_joint,0.2514398,-0.12245397,0.2677364,0.65059036,-0.57270926,0.46407095,-0.18268786
1783532916.9319,10,left_handMid_3_joint,0.24876752,-0.15064393,0.2798963,0.65059036,-0.57270926,0.46407095,-0.18268786
1783532916.9319,10,left_handMidEnd_joint,0.246986,-0.16943726,0.28800288,0.65059036,-0.57270926,0.46407095,-0.18268786
1783532916.9319,10,left_handPinkyStart_joint,0.28340504,-0.012364826,0.20024064,0.6758999,-0.5744143,0.38485372,-0.25513813
1783532916.9319,10,left_handPinky_1_joint,0.286191,-0.0741437,0.21466404,0.6758999,-0.5744143,0.38485372,-0.25513813
1783532916.9319,10,left_handPinky_2_joint,0.28791168,-0.112301245,0.22357261,0.6758999,-0.5744143,0.38485372,-0.25513813
1783532916.9319,10,left_handPinky_3_joint,0.28881302,-0.13228853,0.228239,0.6758999,-0.5744143,0.38485372,-0.25513813
1783532916.9319,10,left_handPinkyEnd_joint,0.28963244,-0.15045878,0.23248117,0.6758999,-0.5744143,0.38485372,-0.25513813
1783532916.9319,10,left_handRingStart_joint,0.27219152,-0.008404052,0.20915402,0.66406906,-0.57404035,0.42561322,-0.21987224
1783532916.9319,10,left_handRing_1_joint,0.27070108,-0.07473265,0.23100652,0.66406906,-0.57404035,0.42561322,-0.21987224
1783532916.9319,10,left_handRing_2_joint,0.269649,-0.121552825,0.2464318,0.66406906,-0.57404035,0.42561322,-0.21987224
1783532916.9319,10,left_handRing_3_joint,0.26899144,-0.15081544,0.2560726,0.66406906,-0.57404035,0.42561322,-0.21987224
1783532916.9319,10,left_handRingEnd_joint,0.26855308,-0.17032385,0.2624998,0.66406906,-0.57404035,0.42561322,-0.21987224
1783532916.9319,10,left_handThumbStart_joint,0.24436101,0.00030097843,0.21415107,0.24473777,-0.105777904,0.91903937,-0.2903125
1783532916.9319,10,left_handThumb_1_joint,0.20615005,-0.031134835,0.23500715,0.24473777,-0.105777904,0.91903937,-0.2903125
1783532916.9319,10,left_handThumb_2_joint,0.17883644,-0.05360278,0.24991547,0.24473777,-0.105777904,0.91903937,-0.2903125
1783532916.9319,10,left_handThumbEnd_joint,0.16062737,-0.06858142,0.25985432,0.24473773,-0.10577787,0.91903937,-0.2903125
1783532916.9319,10,neck_1_joint,-0.0028787141,0.57728326,0.08702728,0.59283936,0.3416066,0.63102573,0.36558604
1783532916.9319,10,neck_2_joint,-0.0037720257,0.60327595,0.10197989,0.58346635,0.35561776,0.62395746,0.3791836
1783532916.9319,10,neck_3_joint,-0.0050349766,0.6388028,0.120317,0.5667033,0.3793634,0.6113462,0.40148067
1783532916.9319,10,neck_4_joint,-0.0064478354,0.67563725,0.13584858,0.5508465,0.40071487,0.5980539,0.4222886
1783532916.9319,10,head_joint,-0.008140683,0.71933734,0.1512123,0.4951416,0.46598664,0.54741776,0.4878786
1783532916.9319,10,jaw_joint,-0.0076636365,0.69399893,0.15399367,0.4951416,0.46598664,0.54741776,0.4878786
1783532916.9319,10,chin_joint,-0.013251481,0.6352524,0.24895486,0.4951416,0.46598664,0.54741776,0.4878786
1783532916.9319,10,left_eye_joint,0.016651334,0.744912,0.24252357,0.4991867,0.4616506,0.55165184,0.48308578
1783532916.9319,10,left_eyeLowerLid_joint,0.016651334,0.744912,0.24252357,0.4991867,0.4616506,0.55165184,0.48308578
1783532916.9319,10,left_eyeUpperLid_joint,0.016651334,0.744912,0.24252357,0.4991867,0.4616506,0.55165184,0.48308578
1783532916.9319,10,left_eyeball_joint,0.016651334,0.744912,0.24252357,0.4991867,0.4616506,0.55165184,0.48308578
1783532916.9319,10,nose_joint,-0.016136386,0.70947444,0.2604771,0.4991892,0.46164802,0.5516544,0.48308295
1783532916.9319,10,right_eye_joint,-0.04777605,0.7431642,0.23765121,0.4991867,0.4616506,0.55165184,0.48308578
1783532916.9319,10,right_eyeLowerLid_joint,-0.04777605,0.7431642,0.23765121,0.4991867,0.4616506,0.55165184,0.48308578
1783532916.9319,10,right_eyeUpperLid_joint,-0.04777605,0.7431642,0.23765121,0.4991867,0.4616506,0.55165184,0.48308578
1783532916.9319,10,right_eyeball_joint,-0.04777605,0.7431642,0.23765121,0.4991867,0.4616506,0.55165184,0.48308578
1783532916.9319,10,right_shoulder_1_joint,-0.09183046,0.5563551,0.07635946,0.79359716,0.13205378,0.07494677,0.589193
1783532916.9319,10,right_arm_joint,-0.23019138,0.51314336,0.081676275,0.69367546,0.5223535,0.33504358,0.36566
1783532916.9319,10,right_forearm_joint,-0.29131106,0.25521374,0.059648518,0.5314047,0.70769423,0.2493187,0.39321557
1783532916.9319,10,right_hand_joint,-0.25755158,0.0011196708,0.13778195,0.18775567,0.4151462,0.625016,0.63384306
1783532916.9319,10,right_handIndexStart_joint,-0.24279135,-0.01761458,0.1538158,0.14468618,0.45739388,0.6368466,0.60355914
1783532916.9319,10,right_handIndex_1_joint,-0.22435482,-0.08998269,0.18335724,0.14468618,0.45739388,0.6368466,0.60355914
1783532916.9319,10,right_handIndex_2_joint,-0.21363546,-0.13205735,0.20053206,0.14468618,0.45739388,0.6368466,0.60355914
1783532916.9319,10,right_handIndex_3_joint,-0.20763315,-0.15561944,0.21015069,0.14468618,0.45739388,0.6368466,0.60355914
1783532916.9319,10,right_handIndexEnd_joint,-0.20334578,-0.17244922,0.2170211,0.14468618,0.45739388,0.6368466,0.60355914
1783532916.9319,10,right_handMidStart_joint,-0.25215673,-0.022995804,0.14698164,0.1871475,0.41567388,0.6254335,0.63326484
1783532916.9319,10,right_handMid_1_joint,-0.2424341,-0.09503692,0.16920596,0.1871475,0.41567388,0.6254335,0.63326484
1783532916.9319,10,right_handMid_2_joint,-0.2356023,-0.14565973,0.18482332,0.1871475,0.41567388,0.6254335,0.63326484
1783532916.9319,10,right_handMid_3_joint,-0.23166066,-0.17486538,0.19383319,0.1871475,0.41567388,0.6254335,0.63326484
1783532916.9319,10,right_handMidEnd_joint,-0.2290332,-0.19433546,0.1998399,0.1871475,0.41567388,0.6254335,0.63326484
1783532916.9319,10,right_handPinkyStart_joint,-0.27129576,-0.030593287,0.12840794,0.26346186,0.33821392,0.62557405,0.6518103
1783532916.9319,10,right_handPinky_1_joint,-0.2705679,-0.09369541,0.13547383,0.26346186,0.33821392,0.62557405,0.6518103
1783532916.9319,10,right_handPinky_2_joint,-0.27011862,-0.13267101,0.13983862,0.26346186,0.33821392,0.62557405,0.6518103
1783532916.9319,10,right_handPinky_3_joint,-0.26988283,-0.15308645,0.14212425,0.26346186,0.33821392,0.62557405,0.6518103
1783532916.9319,10,right_handPinkyEnd_joint,-0.26966882,-0.1716458,0.14420237,0.26346186,0.33821392,0.62557405,0.6518103
1783532916.9319,10,right_handRingStart_joint,-0.26091343,-0.027016703,0.13842268,0.22625637,0.37807056,0.62610465,0.64332265
1783532916.9319,10,right_handRing_1_joint,-0.25603175,-0.09523733,0.15261123,0.22625637,0.37807056,0.62610465,0.64332265
1783532916.9319,10,right_handRing_2_joint,-0.25258574,-0.14339264,0.16262637,0.22625637,0.37807056,0.62610465,0.64332265
1783532916.9319,10,right_handRing_3_joint,-0.25043228,-0.17349012,0.16888635,0.22625637,0.37807056,0.62610465,0.64332265
1783532916.9319,10,right_handRingEnd_joint,-0.24899599,-0.19355558,0.17305899,0.22625637,0.37807056,0.62610465,0.64332265
1783532916.9319,10,right_handThumbStart_joint,-0.23409083,-0.017230317,0.14617261,0.26993397,0.9125777,0.17604049,0.25168988
1783532916.9319,10,right_handThumb_1_joint,-0.19502394,-0.048445728,0.16573432,0.26993397,0.9125777,0.17604046,0.25168988
1783532916.9319,10,right_handThumb_2_joint,-0.16709906,-0.07075595,0.17971808,0.26993397,0.9125777,0.17604046,0.25168988
1783532916.9319,10,right_handThumbEnd_joint,-0.1484824,-0.08562963,0.18903978,0.26993397,0.9125777,0.17604043,0.25168988
1783532916.9319,10,camera,0.10833723,0.06917953,-0.040969063,-0.082504265,-0.078514874,-0.69761467,0.70736283
1783532916.9655,11,root,-0.00020504983,0.020377366,-0.0036136042,-0.045064628,-0.002956465,-0.0028554606,0.9989756
1783532916.9655,11,hips_joint,-0.00020504983,0.020377366,-0.0036136042,-0.045064628,-0.002956465,-0.0028554606,0.9989756
1783532916.9655,11,left_upLeg_joint,0.10017698,-0.004959724,0.00020918905,0.6247417,-0.3765687,0.5614932,-0.39066488
1783532916.9655,11,left_leg_joint,0.13632539,-0.38783634,0.17174552,-0.27273503,0.6782036,-0.28660315,0.61928517
1783532916.9655,11,left_foot_joint,0.09781885,-0.71934605,-0.1409011,0.63293713,-0.36569682,0.6075218,-0.31076285
1783532916.9655,11,left_toes_joint,0.09697922,-0.8446098,-0.060162198,0.6907772,-0.2391043,0.6554102,-0.1899827
1783532916.9655,11,left_toesEnd_joint,0.0985891,-0.8797545,-0.010746403,0.6907772,-0.2391041,0.65541023,-0.18998289
1783532916.9655,11,right_upLeg_joint,-0.100896195,-0.003861346,-0.0010302514,0.37498385,0.56978947,0.42451146,0.5954134
1783532916.9655,11,right_leg_joint,-0.09679471,-0.39667532,0.15062675,0.60581493,0.32259274,0.6529407,0.32029802
1783532916.9655,11,right_foot_joint,-0.06899163,-0.7666977,-0.1166556,0.27796504,0.6275447,0.316478,0.65480137
1783532916.9655,11,right_toes_joint,-0.070788756,-0.8804583,-0.020396795,0.15398498,0.66885394,0.18663296,0.70291626
1783532916.9655,11,right_toesEnd_joint,-0.07294855,-0.90886897,0.03315488,0.15398544,0.66885406,0.1866325,0.70291615
1783532916.9655,11,spine_1_joint,-0.0002050696,0.020377366,-0.0036136042,0.4636077,0.5303507,0.47131118,0.53071815
1783532916.9655,11,spine_2_joint,-0.00059712515,0.07747074,-0.010861036,0.46537742,0.52740264,0.47535023,0.52850014
1783532916.9655,11,spine_3_joint,-0.0010703717,0.1346396,-0.017481353,0.48419648,0.5048629,0.49736035,0.5131275
1783532916.9655,11,spine_4_joint,-0.0013095246,0.18765797,-0.019416656,0.51620615,0.46651304,0.5306316,0.48407304
1783532916.9655,11,spine_5_joint,-0.0011914026,0.25781536,-0.012861654,0.5593539,0.4084171,0.57539654,0.43501407
1783532916.9655,11,spine_6_joint,-0.0008155213,0.34750977,0.014725475,0.56920755,0.3866556,0.5944376,0.41610527
1783532916.9655,11,spine_7_joint,-0.001463152,0.44736487,0.053414144,0.55233663,0.40513027,0.58618045,0.4326496
1783532916.9655,11,left_shoulder_1_joint,0.086320736,0.55579257,0.08722285,-0.6027121,0.009335038,-0.14685115,0.7842739
1783532916.9655,11,left_arm_joint,0.22508915,0.52074915,0.110775374,-0.3529813,0.30069703,-0.5305843,0.7095531
1783532916.9655,11,left_forearm_joint,0.29321444,0.26400942,0.09690462,-0.41010308,0.17718409,-0.7162241,0.5361382
1783532916.9655,11,left_hand_joint,0.2694341,0.019267444,0.20341243,0.6501792,-0.57254094,0.465369,-0.18137145
1783532916.9655,11,left_handIndexStart_joint,0.2535902,0.0017100942,0.22166656,0.6184215,-0.5834754,0.50627047,-0.1442276
1783532916.9655,11,left_handIndex_1_joint,0.2380496,-0.067975655,0.25843838,0.6184215,-0.5834754,0.50627047,-0.1442276
1783532916.9655,11,left_handIndex_2_joint,0.22901435,-0.10849064,0.27981737,0.6184215,-0.5834754,0.50627047,-0.1442276
1783532916.9655,11,left_handIndex_3_joint,0.22395462,-0.13117902,0.2917896,0.6184215,-0.5834754,0.50627047,-0.1442276
1783532916.9655,11,left_handIndexEnd_joint,0.22034052,-0.14738502,0.3003412,0.6184215,-0.5834754,0.50627047,-0.1442276
1783532916.9655,11,left_handMidStart_joint,0.26370513,-0.003723378,0.21605042,0.6513719,-0.57221067,0.46343735,-0.18307215
1783532916.9655,11,left_handMid_1_joint,0.2572896,-0.07328677,0.24601763,0.6513719,-0.57221067,0.46343735,-0.18307215
1783532916.9655,11,left_handMid_2_joint,0.25278136,-0.12216917,0.2670757,0.6513719,-0.57221067,0.46343735,-0.18307215
1783532916.9655,11,left_handMid_3_joint,0.25018045,-0.15037055,0.27922457,0.6513719,-0.57221067,0.46343735,-0.18307215
1783532916.9655,11,left_handMidEnd_joint,0.24844654,-0.16917147,0.2873238,0.6513719,-0.57221067,0.46343735,-0.18307215
1783532916.9655,11,left_handPinkyStart_joint,0.28444916,-0.01197999,0.19960304,0.67662925,-0.5739034,0.3841309,-0.25544313
1783532916.9655,11,left_handPinky_1_joint,0.2873802,-0.07375962,0.2139943,0.67662925,-0.5739034,0.3841309,-0.25544313
1783532916.9655,11,left_handPinky_2_joint,0.2891905,-0.11191764,0.22288302,0.67662925,-0.5739034,0.3841309,-0.25544313
1783532916.9655,11,left_handPinky_3_joint,0.29013878,-0.13190517,0.227539,0.67662925,-0.5739034,0.3841309,-0.25544313
1783532916.9655,11,left_handPinkyEnd_joint,0.29100084,-0.15007564,0.23177171,0.67662925,-0.5739034,0.3841309,-0.25544313
1783532916.9655,11,left_handRingStart_joint,0.2732355,-0.008047385,0.2085287,0.6648254,-0.5735353,0.4249335,-0.2202181
1783532916.9655,11,left_handRing_1_joint,0.27190676,-0.0743894,0.23035084,0.6648254,-0.5735353,0.4249335,-0.2202181
1783532916.9655,11,left_handRing_2_joint,0.27096882,-0.12121906,0.24575467,0.6648254,-0.5735353,0.4249335,-0.2202181
1783532916.9655,11,left_handRing_3_joint,0.27038258,-0.15048759,0.25538206,0.6648254,-0.5735353,0.4249335,-0.2202181
1783532916.9655,11,left_handRingEnd_joint,0.2699918,-0.16999994,0.26180035,0.6648254,-0.5735353,0.4249335,-0.2202181
1783532916.9655,11,left_handThumbStart_joint,0.24539116,0.0005959046,0.2135557,0.24520712,-0.105870925,0.9185904,-0.29130125
1783532916.9655,11,left_handThumb_1_joint,0.20726669,-0.030931229,0.23443212,0.24520712,-0.105870925,0.9185904,-0.29130125
1783532916.9655,11,left_handThumb_2_joint,0.1800149,-0.053464457,0.24935499,0.24520712,-0.10587092,0.9185904,-0.29130125
1783532916.9655,11,left_handThumbEnd_joint,0.16184704,-0.068486616,0.25930357,0.24520712,-0.105870895,0.9185904,-0.29130125
1783532916.9655,11,neck_1_joint,-0.0031272185,0.5773122,0.08683585,0.59283704,0.34195727,0.630962,0.36537135
1783532916.9655,11,neck_2_joint,-0.0040300833,0.6033078,0.10178283,0.5834563,0.3559679,0.62389874,0.3789668
1783532916.9655,11,neck_3_joint,-0.005307096,0.63883805,0.12011223,0.56668,0.37971196,0.6112958,0.40126035
1783532916.9655,11,neck_4_joint,-0.006736196,0.6756752,0.13563588,0.5508107,0.40106168,0.59801155,0.4220656
1783532916.9655,11,head_joint,-0.008449777,0.71937776,0.15099022,0.49506515,0.4663252,0.54740214,0.4876497
1783532916.9655,11,jaw_joint,-0.007955156,0.6940403,0.15377726,0.49506515,0.4663252,0.54740214,0.4876497
1783532916.9655,11,chin_joint,-0.01346016,0.6353124,0.24875477,0.49506515,0.4663252,0.54740214,0.4876497
1783532916.9655,11,left_eye_joint,0.016369244,0.74498963,0.24228372,0.49911332,0.4619899,0.5516342,0.48285723
1783532916.9655,11,left_eyeLowerLid_joint,0.016369244,0.74498963,0.24228372,0.49911332,0.4619899,0.5516342,0.48285723
1783532916.9655,11,left_eyeUpperLid_joint,0.016369244,0.74498963,0.24228372,0.49911332,0.4619899,0.5516342,0.48285723
1783532916.9655,11,left_eyeball_joint,0.016369244,0.74498963,0.24228372,0.49911332,0.4619899,0.5516342,0.48285723
1783532916.9655,11,nose_joint,-0.016387189,0.7095352,0.2602611,0.49911577,0.46198726,0.55163676,0.4828543
1783532916.9655,11,right_eye_joint,-0.0480593,0.74319935,0.23744239,0.49911332,0.4619899,0.5516342,0.48285723
1783532916.9655,11,right_eyeLowerLid_joint,-0.0480593,0.74319935,0.23744239,0.49911332,0.4619899,0.5516342,0.48285723
1783532916.9655,11,right_eyeUpperLid_joint,-0.0480593,0.74319935,0.23744239,0.49911332,0.4619899,0.5516342,0.48285723
1783532916.9655,11,right_eyeball_joint,-0.0480593,0.74319935,0.23744239,0.49911332,0.4619899,0.5516342,0.48285723
1783532916.9655,11,right_shoulder_1_joint,-0.09207059,0.5563245,0.076215215,0.79364127,0.13210902,0.07482521,0.5891361
1783532916.9655,11,right_arm_joint,-0.23043254,0.5131203,0.08156631,0.69383013,0.52227587,0.33498684,0.36552855
1783532916.9655,11,right_forearm_joint,-0.2916155,0.2552108,0.05948035,0.53161013,0.7076201,0.24931864,0.39307055
1783532916.9655,11,right_hand_joint,-0.2579123,0.0010792923,0.13751571,0.18800698,0.4150868,0.62497115,0.6338511
1783532916.9655,11,right_handIndexStart_joint,-0.2431537,-0.017664991,0.15353929,0.14493994,0.45733503,0.63681906,0.60357124
1783532916.9655,11,right_handIndex_1_joint,-0.2247314,-0.09004895,0.18305057,0.14493994,0.45733503,0.63681906,0.60357124
1783532916.9655,11,right_handIndex_2_joint,-0.21402033,-0.13213283,0.20020787,0.14493994,0.45733503,0.63681906,0.60357124
1783532916.9655,11,right_handIndex_3_joint,-0.20802265,-0.15570009,0.20981668,0.14493994,0.45733503,0.63681906,0.60357124
1783532916.9655,11,right_handIndexEnd_joint,-0.20373857,-0.17253354,0.21668006,0.14493994,0.45733503,0.63681906,0.60357124
1783532916.9655,11,right_handMidStart_joint,-0.25252238,-0.023041014,0.14670555,0.18739887,0.41561452,0.625389,0.6332729
1783532916.9655,11,right_handMid_1_joint,-0.24281567,-0.09509279,0.16890201,0.18739887,0.41561452,0.625389,0.6332729
1783532916.9655,11,right_handMid_2_joint,-0.2359951,-0.1457231,0.1844998,0.18739887,0.41561452,0.625389,0.6332729
1783532916.9655,11,right_handMid_3_joint,-0.23205993,-0.17493309,0.19349837,0.18739887,0.41561452,0.625389,0.6332729
1783532916.9655,11,right_handMidEnd_joint,-0.22943676,-0.19440605,0.19949757,0.18739887,0.41561452,0.625389,0.6332729
1783532916.9655,11,right_handPinkyStart_joint,-0.27166826,-0.03062625,0.12813394,0.26370496,0.33814546,0.6255036,0.6518146
1783532916.9655,11,right_handPinky_1_joint,-0.27095744,-0.09373104,0.13517737,0.26370496,0.33814546,0.6255036,0.6518146
1783532916.9655,11,right_handPinky_2_joint,-0.2705187,-0.13270828,0.1395283,0.26370496,0.33814546,0.6255036,0.6518146
1783532916.9655,11,right_handPinky_3_joint,-0.27028844,-0.15312459,0.14180666,0.26370496,0.33814546,0.6255036,0.6518146
1783532916.9655,11,right_handPinkyEnd_joint,-0.27007943,-0.17168471,0.14387818,0.26370496,0.33814546,0.6255036,0.6518146
1783532916.9655,11,right_handRingStart_joint,-0.26128238,-0.027056288,0.13814735,0.22650401,0.37800655,0.6260473,0.64332855
1783532916.9655,11,right_handRing_1_joint,-0.2564175,-0.095283315,0.1523106,0.22650401,0.37800655,0.6260473,0.64332855
1783532916.9655,11,right_handRing_2_joint,-0.25298336,-0.14344315,0.16230789,0.22650401,0.37800655,0.6260473,0.64332855
1783532916.9655,11,right_handRing_3_joint,-0.25083733,-0.17354347,0.1685567,0.22650401,0.37800655,0.6260473,0.64332855
1783532916.9655,11,right_handRingEnd_joint,-0.24940597,-0.19361082,0.1727219,0.22650401,0.37800655,0.6260473,0.64332855
1783532916.9655,11,right_handThumbStart_joint,-0.23445497,-0.017280625,0.14589405,0.27013588,0.9125376,0.1761303,0.25155464
1783532916.9655,11,right_handThumb_1_joint,-0.19539253,-0.048514526,0.165435,0.27013588,0.9125376,0.17613026,0.25155464
1783532916.9655,11,right_handThumb_2_joint,-0.16747086,-0.07083797,0.17940392,0.27013588,0.9125376,0.17613026,0.25155464
1783532916.9655,11,right_handThumbEnd_joint,-0.14885633,-0.08572045,0.18871574,0.27013588,0.9125376,0.17613024,0.25155464
1783532916.9655,11,camera,0.10863331,0.069227725,-0.041340336,-0.083045684,-0.077747546,-0.69814134,0.7068645
1783532916.9985,12,root,-0.00023589453,0.020542087,-0.0032047124,-0.04543271,-0.002892716,-0.002854773,0.9989592
1783532916.9985,12,hips_joint,-0.00023589453,0.020542087,-0.0032047124,-0.04543271,-0.002892716,-0.002854773,0.9989592
1783532916.9985,12,left_upLeg_joint,0.100146465,-0.0047928523,0.00062374916,0.62491786,-0.37621966,0.56185156,-0.39020416
1783532916.9985,12,left_leg_joint,0.1361772,-0.38744152,0.1726928,-0.2709299,0.67895436,-0.28523323,0.619887
1783532916.9985,12,left_foot_joint,0.097455196,-0.71739864,-0.14156541,0.63197917,-0.36740103,0.6068146,-0.31208143
1783532916.9985,12,left_toes_joint,0.096499145,-0.84305197,-0.06143543,0.69015956,-0.2409592,0.65496576,-0.19141138
1783532916.9985,12,left_toesEnd_joint,0.09807165,-0.87843734,-0.01219048,0.69015956,-0.24095899,0.65496576,-0.1914116
1783532916.9985,12,right_upLeg_joint,-0.10092686,-0.0036940407,-0.00059047487,0.37470013,0.5702151,0.42420802,0.5954008
1783532916.9985,12,right_leg_joint,-0.09663365,-0.39634952,0.15147111,0.6075306,0.3199011,0.6542398,0.31708062
1783532916.9985,12,right_foot_joint,-0.06885911,-0.7638379,-0.11928754,0.28097558,0.6264839,0.31948474,0.65306973
1783532916.9985,12,right_toes_joint,-0.070482776,-0.8784947,-0.024094915,0.15714201,0.66838294,0.18991339,0.7017859
1783532916.9985,12,right_toesEnd_joint,-0.07256913,-0.9074064,0.029190911,0.15714249,0.668383,0.18991293,0.7017858
1783532916.9985,12,spine_1_joint,-0.00023591433,0.020542087,-0.0032047124,0.46339682,0.5305664,0.47115016,0.53082985
1783532916.9985,12,spine_2_joint,-0.0006368485,0.07763031,-0.010492173,0.46515006,0.5276085,0.47526813,0.528569
1783532916.9985,12,spine_3_joint,-0.0011260977,0.13479517,-0.017146034,0.48395702,0.5050608,0.4973633,0.51315635
1783532916.9985,12,spine_4_joint,-0.0013867512,0.18781254,-0.01910615,0.5159606,0.46670341,0.53070235,0.48407465
1783532916.9985,12,spine_5_joint,-0.001304244,0.25797245,-0.012577445,0.55910116,0.4086168,0.5755072,0.43500578
1783532916.9985,12,spine_6_joint,-0.0009829417,0.34767675,0.014978401,0.5689301,0.38687128,0.59453803,0.41614175
1783532916.9985,12,spine_7_joint,-0.0016919699,0.44754905,0.053621873,0.5520135,0.40536508,0.58622384,0.43278426
1783532916.9985,12,left_shoulder_1_joint,0.08603716,0.55603456,0.08738731,-0.6031747,0.009135129,-0.14726175,0.78384376
1783532916.9985,12,left_arm_joint,0.2247716,0.52094984,0.11107801,-0.35324976,0.30014634,-0.531532,0.7089436
1783532916.9985,12,left_forearm_joint,0.29253748,0.26408526,0.097766295,-0.41017416,0.17649668,-0.71718735,0.5350226
1783532916.9985,12,left_hand_joint,0.26814762,0.019639682,0.20481607,0.6495645,-0.5725715,0.46655184,-0.18043801
1783532916.9985,12,left_handIndexStart_joint,0.25224912,0.0021570371,0.22309448,0.6177316,-0.5834453,0.50741166,-0.14329484
1783532916.9985,12,left_handIndex_1_joint,0.23652835,-0.06741149,0.26001155,0.6177316,-0.5834453,0.50741166,-0.14329484
1783532916.9985,12,left_handIndex_2_joint,0.22738838,-0.107858315,0.28147498,0.6177316,-0.5834453,0.50741166,-0.14329484
1783532916.9985,12,left_handIndex_3_joint,0.22226998,-0.13050853,0.2934945,0.6177316,-0.5834453,0.50741166,-0.14329484
1783532916.9985,12,left_handIndexEnd_joint,0.218614,-0.14668727,0.30207986,0.6177316,-0.5834453,0.50741166,-0.14329484
1783532916.9985,12,left_handMidStart_joint,0.26235873,-0.003310063,0.21750133,0.65076053,-0.5722438,0.46462223,-0.18213916
1783532916.9985,12,left_handMid_1_joint,0.25577027,-0.07279062,0.24762297,0.65076053,-0.5722438,0.46462223,-0.18213916
1783532916.9985,12,left_handMid_2_joint,0.25114056,-0.1216148,0.2687895,0.65076053,-0.5722438,0.46462223,-0.18213916
1783532916.9985,12,left_handMid_3_joint,0.24846956,-0.14978258,0.281001,0.65076053,-0.5722438,0.46462223,-0.18213916
1783532916.9985,12,left_handMidEnd_joint,0.24668889,-0.16856112,0.28914198,0.65076053,-0.5722438,0.46462223,-0.18213916
1783532916.9985,12,left_handPinkyStart_joint,0.28310272,-0.01164709,0.20109455,0.6761407,-0.574017,0.38540462,-0.25456262
1783532916.9985,12,left_handPinky_1_joint,0.28589272,-0.0733991,0.21563186,0.6761407,-0.574017,0.38540462,-0.25456262
1783532916.9985,12,left_handPinky_2_joint,0.28761595,-0.11154004,0.22461078,0.6761407,-0.574017,0.38540462,-0.25456262
1783532916.9985,12,left_handPinky_3_joint,0.2885186,-0.13151863,0.22931403,0.6761407,-0.574017,0.38540462,-0.25456262
1783532916.9985,12,left_handPinkyEnd_joint,0.28933918,-0.14968099,0.23358972,0.6761407,-0.574017,0.38540462,-0.25456262
1783532916.9985,12,left_handRingStart_joint,0.27188796,-0.007670934,0.20999952,0.66427547,-0.57360786,0.42616478,-0.21930946
1783532916.9985,12,left_handRing_1_joint,0.2704012,-0.07395938,0.23197386,0.66427547,-0.57360786,0.42616478,-0.21930946
1783532916.9985,12,left_handRing_2_joint,0.26935175,-0.120751224,0.24748516,0.66427547,-0.57360786,0.42616478,-0.21930946
1783532916.9985,12,left_handRing_3_joint,0.26869583,-0.14999613,0.2571797,0.66427547,-0.57360786,0.42616478,-0.21930946
1783532916.9985,12,left_handRingEnd_joint,0.26825857,-0.16949272,0.26364276,0.66427547,-0.57360786,0.42616478,-0.21930946
1783532916.9985,12,left_handThumbStart_joint,0.24405615,0.0010407722,0.21497774,0.24496317,-0.10490692,0.91913575,-0.29013392
1783532916.9985,12,left_handThumb_1_joint,0.20584586,-0.03036007,0.23588777,0.24496317,-0.10490692,0.91913575,-0.29013392
1783532916.9985,12,left_handThumb_2_joint,0.17853273,-0.05280302,0.25083464,0.24496315,-0.1049069,0.91913575,-0.29013392
1783532916.9985,12,left_handThumbEnd_joint,0.16032398,-0.06776499,0.26079923,0.24496315,-0.10490687,0.91913575,-0.29013392
1783532916.9985,12,neck_1_joint,-0.0034193697,0.57751805,0.086956196,0.5925416,0.3422263,0.6310197,0.3654999
1783532916.9985,12,neck_2_joint,-0.0043376577,0.60352325,0.101885505,0.5831547,0.35623038,0.623953,0.37909597
1783532916.9985,12,neck_3_joint,-0.0056350552,0.6390653,0.120190755,0.5663683,0.37996316,0.6113438,0.40139043
1783532916.9985,12,neck_4_joint,-0.007084125,0.67591226,0.13568932,0.55049,0.40130192,0.5980539,0.42219663
1783532916.9985,12,head_joint,-0.00882037,0.7196244,0.15101388,0.4947179,0.46652645,0.5474265,0.48778322
1783532916.9985,12,jaw_joint,-0.008316499,0.6942889,0.15381803,0.4947179,0.46652645,0.5474265,0.48778322
1783532916.9985,12,chin_joint,-0.013829556,0.63562214,0.24883299,0.4947179,0.46652645,0.5474265,0.48778322
1783532916.9985,12,left_eye_joint,0.015957966,0.74530715,0.24229854,0.4987678,0.4621941,0.55165976,0.4829904
1783532916.9985,12,left_eyeLowerLid_joint,0.015957966,0.74530715,0.24229854,0.4987678,0.4621941,0.55165976,0.4829904
1783532916.9985,12,left_eyeUpperLid_joint,0.015957966,0.74530715,0.24229854,0.4987678,0.4621941,0.55165976,0.4829904
1783532916.9985,12,left_eyeball_joint,0.015957966,0.74530715,0.24229854,0.4987678,0.4621941,0.55165976,0.4829904
1783532916.9985,12,nose_joint,-0.016790235,0.7098517,0.26028872,0.49877012,0.46219143,0.5516624,0.48298743
1783532916.9985,12,right_eye_joint,-0.04846828,0.74348783,0.23743701,0.4987678,0.4621941,0.55165976,0.4829904
1783532916.9985,12,right_eyeLowerLid_joint,-0.04846828,0.74348783,0.23743701,0.4987678,0.4621941,0.55165976,0.4829904
1783532916.9985,12,right_eyeUpperLid_joint,-0.04846828,0.74348783,0.23743701,0.4987678,0.4621941,0.55165976,0.4829904
1783532916.9985,12,right_eyeball_joint,-0.04846828,0.74348783,0.23743701,0.4987678,0.4621941,0.55165976,0.4829904
1783532916.9985,12,right_shoulder_1_joint,-0.09235079,0.55648756,0.07632003,0.79323,0.13259973,0.07522455,0.58952945
1783532916.9985,12,right_arm_joint,-0.23065768,0.51310945,0.08168716,0.692947,0.52329683,0.33500093,0.36573133
1783532916.9985,12,right_forearm_joint,-0.29126775,0.25503004,0.060008325,0.5302215,0.70864433,0.24918263,0.3931877
1783532916.9985,12,right_hand_joint,-0.25682348,0.0011471367,0.13852817,0.18682745,0.41598672,0.62547886,0.63310885
1783532916.9985,12,right_handIndexStart_joint,-0.24200934,-0.017523646,0.15458629,0.1437291,0.45818272,0.6372447,0.6027686
1783532916.9985,12,right_handIndex_1_joint,-0.22337534,-0.089797325,0.18423471,0.1437291,0.45818272,0.6372447,0.6027686
1783532916.9985,12,right_handIndex_2_joint,-0.21254116,-0.1318171,0.20147176,0.1437291,0.45818272,0.6372447,0.6027686
1783532916.9985,12,right_handIndex_3_joint,-0.20647454,-0.15534845,0.21112521,0.1437291,0.45818272,0.6372447,0.6027686
1783532916.9985,12,right_handIndexEnd_joint,-0.20214124,-0.17215627,0.2180205,0.1437291,0.45818272,0.6372447,0.6027686
1783532916.9985,12,right_handMidStart_joint,-0.25136307,-0.02293982,0.14776377,0.18621916,0.4165139,0.6258955,0.63252944
1783532916.9985,12,right_handMid_1_joint,-0.24144626,-0.09492054,0.17009757,0.18621916,0.4165139,0.6258955,0.63252944
1783532916.9985,12,right_handMid_2_joint,-0.23447803,-0.14550093,0.18579186,0.18621916,0.4165139,0.6258955,0.63252944
1783532916.9985,12,right_handMid_3_joint,-0.23045766,-0.1746821,0.19484612,0.18621916,0.4165139,0.6258955,0.63252944
1783532916.9985,12,right_handMidEnd_joint,-0.2277777,-0.19413586,0.20088243,0.18621916,0.4165139,0.6258955,0.63252944
1783532916.9985,12,right_handPinkyStart_joint,-0.27048862,-0.030615972,0.12920856,0.2626193,0.33915618,0.6261077,0.6511477
1783532916.9985,12,right_handPinky_1_joint,-0.26959485,-0.093704835,0.13637304,0.2626193,0.33915618,0.6261077,0.6511477
1783532916.9985,12,right_handPinky_2_joint,-0.2690431,-0.13267224,0.14079875,0.2626193,0.33915618,0.6261077,0.6511477
1783532916.9985,12,right_handPinky_3_joint,-0.26875365,-0.15308338,0.14311627,0.2626193,0.33915618,0.6261077,0.6511477
1783532916.9985,12,right_handPinkyEnd_joint,-0.26849085,-0.17163883,0.14522338,0.2626193,0.33915618,0.6261077,0.6511477
1783532916.9985,12,right_handRingStart_joint,-0.2601122,-0.026996808,0.13921413,0.22536893,0.3789635,0.6266025,0.6426234
1783532916.9985,12,right_handRing_1_joint,-0.25504896,-0.09518221,0.15350784,0.22536893,0.3789635,0.6266025,0.6426234
1783532916.9985,12,right_handRing_2_joint,-0.2514748,-0.14331266,0.16359724,0.22536893,0.3789635,0.6266025,0.6426234
1783532916.9985,12,right_handRing_3_joint,-0.24924123,-0.1733946,0.1699036,0.22536893,0.3789635,0.6266025,0.6426234
1783532916.9985,12,right_handRingEnd_joint,-0.24775153,-0.1934497,0.17410716,0.22536893,0.3789635,0.6266025,0.6426234
1783532916.9985,12,right_handThumbStart_joint,-0.23331244,-0.017128825,0.1469395,0.26858398,0.91310716,0.17560518,0.25151733
1783532916.9985,12,right_handThumb_1_joint,-0.19415818,-0.048212193,0.16653669,0.26858398,0.91310716,0.17560515,0.25151733
1783532916.9985,12,right_handThumb_2_joint,-0.16617087,-0.07042803,0.1805458,0.268584,0.91310716,0.17560513,0.25151733
1783532916.9985,12,right_handThumbEnd_joint,-0.14751257,-0.08523878,0.18988441,0.268584,0.91310716,0.1756051,0.25151733
1783532916.9985,12,camera,0.108889505,0.0692462,-0.041636728,-0.08328407,-0.0777684,-0.69853354,0.7064465
1783532917.0319,13,root,-0.00026209673,0.020427391,-0.0033404354,-0.04588314,-0.0029864742,-0.0028005166,0.99893844
1783532917.0319,13,hips_joint,-0.00026209673,0.020427391,-0.0033404354,-0.04588314,-0.0029864742,-0.0028005166,0.99893844
1783532917.0319,13,left_upLeg_joint,0.10012245,-0.0048926114,0.00052895065,0.6256124,-0.3748952,0.56235534,-0.38963997
1783532917.0319,13,left_leg_joint,0.13651405,-0.38696182,0.17380552,-0.27301437,0.67770034,-0.2864702,0.6197744
1783532917.0319,13,left_foot_joint,0.09870128,-0.7185721,-0.13881928,0.6328467,-0.36512843,0.6077189,-0.31122997
1783532917.0319,13,left_toes_joint,0.09791409,-0.8438215,-0.058057737,0.6905806,-0.23856336,0.6556923,-0.19040398
1783532917.0319,13,left_toesEnd_joint,0.09951046,-0.8789552,-0.008633656,0.69058067,-0.23856315,0.6556923,-0.19040419
1783532917.0319,13,right_upLeg_joint,-0.10095077,-0.0038178754,-0.0007224348,0.37436295,0.57022405,0.4238473,0.595861
1783532917.0319,13,right_leg_joint,-0.09690654,-0.39629763,0.15179883,0.6074482,0.31957087,0.6544955,0.31704408
1783532917.0319,13,right_foot_joint,-0.06901905,-0.7636307,-0.11915906,0.2811143,0.6261731,0.31970865,0.65319866
1783532917.0319,13,right_toes_joint,-0.07071612,-0.8783433,-0.024034852,0.15733713,0.66810405,0.19010884,0.70195484
1783532917.0319,13,right_toesEnd_joint,-0.07283869,-0.90728587,0.029232698,0.1573376,0.6681042,0.19010836,0.7019548
1783532917.0319,13,spine_1_joint,-0.00026211652,0.020427391,-0.0033404354,0.46326104,0.53063464,0.4712051,0.5308313
1783532917.0319,13,spine_2_joint,-0.00067734625,0.077514395,-0.010636587,0.46518895,0.5275499,0.475521,0.52836555
1783532917.0319,13,spine_3_joint,-0.001187152,0.13468273,-0.01725886,0.4841258,0.50489134,0.49775633,0.5127821
1783532917.0319,13,spine_4_joint,-0.0014711609,0.18770206,-0.019160595,0.51623094,0.46641752,0.5311587,0.4835603
1783532917.0319,13,spine_5_joint,-0.0014193478,0.25785196,-0.012525147,0.55940324,0.40825886,0.5758958,0.4344383
1783532917.0319,13,spine_6_joint,-0.0011270371,0.34751135,0.015176564,0.56922746,0.38654852,0.5948047,0.41565308
1783532917.0319,13,spine_7_joint,-0.0018503418,0.44732946,0.05395927,0.5522863,0.40516138,0.58634245,0.43246537
1783532917.0319,13,left_shoulder_1_joint,0.08588468,0.55578643,0.087801024,-0.6031895,0.009120733,-0.14770107,0.7837496
1783532917.0319,13,left_arm_joint,0.22458161,0.5206083,0.11157276,-0.35315377,0.29990488,-0.53235257,0.70847726
1783532917.0319,13,left_forearm_joint,0.2919601,0.26362702,0.09855354,-0.41001183,0.17621438,-0.7179982,0.534151
1783532917.0319,13,left_hand_joint,0.26699978,0.019361686,0.20588244,0.6489104,-0.572834,0.46736932,-0.17983942
1783532917.0319,13,left_handIndexStart_joint,0.25105107,0.0019325435,0.22416814,0.6170258,-0.5836683,0.50818545,-0.14268109
1783532917.0319,13,left_handIndex_1_joint,0.23516221,-0.06755967,0.26115677,0.6170258,-0.5836683,0.50818545,-0.14268109
1783532917.0319,13,left_handIndex_2_joint,0.22592452,-0.10796212,0.28266183,0.6170258,-0.5836683,0.50818545,-0.14268109
1783532917.0319,13,left_handIndex_3_joint,0.22075142,-0.1305875,0.29470462,0.6170258,-0.5836683,0.50818545,-0.14268109
1783532917.0319,13,left_handIndexEnd_joint,0.21705633,-0.14674848,0.30330664,0.6170258,-0.5836683,0.50818545,-0.14268109
1783532917.0319,13,left_handMidStart_joint,0.26115498,-0.0035610842,0.2185908,0.65010864,-0.5725081,0.46544176,-0.18154158
1783532917.0319,13,left_handMid_1_joint,0.25440463,-0.07299145,0.24879205,0.65010864,-0.5725081,0.46544176,-0.18154158
1783532917.0319,13,left_handMid_2_joint,0.24966115,-0.121780366,0.27001455,0.65010864,-0.5725081,0.46544176,-0.18154158
1783532917.0319,13,left_handMid_3_joint,0.24692453,-0.14992781,0.28225833,0.65010864,-0.5725081,0.46544176,-0.18154158
1783532917.0319,13,left_handMidEnd_joint,0.24510011,-0.16869278,0.29042083,0.65010864,-0.5725081,0.46544176,-0.18154158
1783532917.0319,13,left_handPinkyStart_joint,0.28189734,-0.011958633,0.20221284,0.67556715,-0.57432234,0.38630706,-0.2540271
1783532917.0319,13,left_handPinky_1_joint,0.28455433,-0.073697925,0.21682869,0.67556715,-0.57432234,0.38630706,-0.2540271
1783532917.0319,13,left_handPinky_2_joint,0.28619543,-0.111831024,0.22585613,0.67556715,-0.57432234,0.38630706,-0.2540271
1783532917.0319,13,left_handPinky_3_joint,0.28705505,-0.13180551,0.23058479,0.67556715,-0.57432234,0.38630706,-0.2540271
1783532917.0319,13,left_handPinkyEnd_joint,0.28783652,-0.14996412,0.23488358,0.67556715,-0.57432234,0.38630706,-0.2540271
1783532917.0319,13,left_handRingStart_joint,0.2706824,-0.007949715,0.21110286,0.6636623,-0.5738922,0.4270273,-0.21874149
1783532917.0319,13,left_handRing_1_joint,0.26904726,-0.07420794,0.23315747,0.6636623,-0.5738922,0.4270273,-0.21874149
1783532917.0319,13,left_handRing_2_joint,0.26789302,-0.120978445,0.24872544,0.6636623,-0.5738922,0.4270273,-0.21874149
1783532917.0319,13,left_handRing_3_joint,0.26717162,-0.15021001,0.25845543,0.6636623,-0.5738922,0.4270273,-0.21874149
1783532917.0319,13,left_handRingEnd_joint,0.2666907,-0.16969772,0.26494208,0.6636623,-0.5738922,0.4270273,-0.21874149
1783532917.0319,13,left_handThumbStart_joint,0.24286318,0.00082220195,0.21604545,0.2446296,-0.10444897,0.9195907,-0.28913605
1783532917.0319,13,left_handThumb_1_joint,0.20457336,-0.030478481,0.23695996,0.2446296,-0.10444897,0.9195907,-0.28913605
1783532917.0319,13,left_handThumb_2_joint,0.17720337,-0.052849837,0.25191006,0.2446296,-0.10444896,0.9195907,-0.28913605
1783532917.0319,13,left_handThumbEnd_joint,0.15895672,-0.06776408,0.26187676,0.24462958,-0.104448915,0.9195907,-0.28913605
1783532917.0319,13,neck_1_joint,-0.003572544,0.5772675,0.087413974,0.5927903,0.34199348,0.6311026,0.36517033
1783532917.0319,13,neck_2_joint,-0.004487547,0.60325897,0.10236751,0.58340865,0.35600257,0.62404376,0.37876895
1783532917.0319,13,neck_3_joint,-0.0057810196,0.638784,0.120705895,0.5666305,0.37974396,0.6114482,0.40106803
1783532917.0319,13,neck_4_joint,-0.0072269714,0.6756166,0.13623886,0.5507597,0.40109137,0.5981706,0.4218789
1783532917.0319,13,head_joint,-0.008960355,0.71931446,0.15160422,0.49500987,0.46634722,0.547582,0.48748308
1783532917.0319,13,jaw_joint,-0.00845497,0.6939765,0.15438484,0.49500987,0.46634722,0.547582,0.48748308
1783532917.0319,13,chin_joint,-0.013940485,0.635222,0.24934708,0.49500987,0.46634722,0.547582,0.48748308
1783532917.0319,13,left_eye_joint,0.015841981,0.74491376,0.2429058,0.4990582,0.46201238,0.5518126,0.48268893
1783532917.0319,13,left_eyeLowerLid_joint,0.015841981,0.74491376,0.2429058,0.4990582,0.46201238,0.5518126,0.48268893
1783532917.0319,13,left_eyeUpperLid_joint,0.015841981,0.74491376,0.2429058,0.4990582,0.46201238,0.5518126,0.48268893
1783532917.0319,13,left_eyeball_joint,0.015841981,0.74491376,0.2429058,0.4990582,0.46201238,0.5518126,0.48268893
1783532917.0319,13,nose_joint,-0.016900262,0.70944065,0.2608721,0.49906063,0.46200976,0.55181515,0.482686
1783532917.0319,13,right_eye_joint,-0.0485855,0.743097,0.23806003,0.4990582,0.46201238,0.5518126,0.48268893
1783532917.0319,13,right_eyeLowerLid_joint,-0.0485855,0.743097,0.23806003,0.4990582,0.46201238,0.5518126,0.48268893
1783532917.0319,13,right_eyeUpperLid_joint,-0.0485855,0.743097,0.23806003,0.4990582,0.46201238,0.5518126,0.48268893
1783532917.0319,13,right_eyeball_joint,-0.0485855,0.743097,0.23806003,0.4990582,0.46201238,0.5518126,0.48268893
1783532917.0319,13,right_shoulder_1_joint,-0.092506155,0.5562442,0.07678251,0.7931507,0.13316296,0.07487747,0.58955306
1783532917.0319,13,right_arm_joint,-0.23078476,0.5127983,0.08232847,0.69268984,0.52418214,0.33428782,0.36560243
1783532917.0319,13,right_forearm_joint,-0.2911554,0.25462598,0.06109456,0.5294437,0.7097069,0.24845149,0.392781
1783532917.0319,13,right_hand_joint,-0.25609842,0.0009451675,0.13999492,0.18645108,0.4172753,0.62553436,0.6323161
1783532917.0319,13,right_handIndexStart_joint,-0.24122079,-0.017669996,0.15605888,0.14335066,0.45941412,0.6372737,0.60188943
1783532917.0319,13,right_handIndex_1_joint,-0.2223993,-0.08985701,0.1857997,0.14335066,0.45941412,0.6372737,0.60188943
1783532917.0319,13,right_handIndex_2_joint,-0.2114561,-0.1318264,0.20309047,0.14335066,0.45941412,0.6372737,0.60188943
1783532917.0319,13,right_handIndex_3_joint,-0.20532843,-0.15532954,0.21277402,0.14335066,0.45941412,0.6372737,0.60188943
1783532917.0319,13,right_handIndexEnd_joint,-0.20095153,-0.1721172,0.2196908,0.14335066,0.45941412,0.6372737,0.60188943
1783532917.0319,13,right_handMidStart_joint,-0.25057667,-0.023115426,0.14926268,0.18584315,0.41780177,0.6259505,0.6317353
1783532917.0319,13,right_handMid_1_joint,-0.24048598,-0.09503845,0.17170411,0.18584315,0.41780177,0.6259505,0.6317353
1783532917.0319,13,right_handMid_2_joint,-0.23339559,-0.1455783,0.18747404,0.18584315,0.41780177,0.6259505,0.6317353
1783532917.0319,13,right_handMid_3_joint,-0.22930475,-0.17473608,0.19657193,0.18584315,0.41780177,0.6259505,0.6317353
1783532917.0319,13,right_handMidEnd_joint,-0.22657782,-0.19417423,0.20263734,0.18584315,0.41780177,0.6259505,0.6317353
1783532917.0319,13,right_handPinkyStart_joint,-0.26972124,-0.030859465,0.13075538,0.2622989,0.34053198,0.6261788,0.65048975
1783532917.0319,13,right_handPinky_1_joint,-0.26869738,-0.0939339,0.13802828,0.2622989,0.34053198,0.6261788,0.65048975
1783532917.0319,13,right_handPinky_2_joint,-0.26806527,-0.1328924,0.14252093,0.2622989,0.34053198,0.6261788,0.65048975
1783532917.0319,13,right_handPinky_3_joint,-0.26773375,-0.15329888,0.14487354,0.2622989,0.34053198,0.6261788,0.65048975
1783532917.0319,13,right_handPinkyEnd_joint,-0.2674327,-0.1718501,0.14701255,0.2622989,0.34053198,0.6261788,0.65048975
1783532917.0319,13,right_handRingStart_joint,-0.2593336,-0.027203573,0.1407359,0.22501953,0.38029745,0.6266644,0.6418966
1783532917.0319,13,right_handRing_1_joint,-0.25411803,-0.095354326,0.15513939,0.22501953,0.38029745,0.6266644,0.6418966
1783532917.0319,13,right_handRing_2_joint,-0.2504363,-0.14346033,0.16530626,0.22501953,0.38029745,0.6266644,0.6418966
1783532917.0319,13,right_handRing_3_joint,-0.24813554,-0.17352699,0.17166106,0.22501953,0.38029745,0.6266644,0.6418966
1783532917.0319,13,right_handRingEnd_joint,-0.24660105,-0.19357191,0.17589693,0.22501953,0.38029745,0.6266644,0.6418966
1783532917.0319,13,right_handThumbStart_joint,-0.2325384,-0.017272413,0.14839578,0.26767433,0.91373485,0.17479952,0.25076675
1783532917.0319,13,right_handThumb_1_joint,-0.19329132,-0.048248775,0.16797659,0.26767433,0.91373485,0.17479952,0.25076678
1783532917.0319,13,right_handThumb_2_joint,-0.16523765,-0.07038812,0.181974,0.26767433,0.91373485,0.17479949,0.25076678
1783532917.0319,13,right_handThumbEnd_joint,-0.14653514,-0.08514789,0.19130479,0.26767433,0.91373485,0.17479947,0.25076675
1783532917.0319,13,camera,0.108477645,0.068660825,-0.04182265,-0.083258584,-0.07881445,-0.6986494,0.70621896
1783532917.0653,14,root,-0.00021234788,0.02054188,-0.003269081,-0.046816397,-0.0030411745,-0.0026329998,0.9988954
1783532917.0653,14,hips_joint,-0.00021234788,0.02054188,-0.003269081,-0.046816397,-0.0030411745,-0.0026329998,0.9988954
1783532917.0653,14,left_upLeg_joint,0.100180306,-0.0047373176,0.00065653917,0.6266169,-0.37315834,0.56380945,-0.38758656
1783532917.0653,14,left_leg_joint,0.13628714,-0.38570914,0.17639156,-0.2728101,0.67774594,-0.28726786,0.6194452
1783532917.0653,14,left_foot_joint,0.09799925,-0.7175699,-0.13590951,0.63271403,-0.3652903,0.60814387,-0.31047896
1783532917.0653,14,left_toes_joint,0.09702284,-0.8427388,-0.055025127,0.690481,-0.23874743,0.6559672,-0.18958603
1783532917.0653,14,left_toesEnd_joint,0.0985648,-0.8778262,-0.005566506,0.69048107,-0.23874722,0.6559671,-0.18958622
1783532917.0653,14,right_upLeg_joint,-0.100893155,-0.0037320731,-0.0006146753,0.37385967,0.57077974,0.4236235,0.5958043
1783532917.0653,14,right_leg_joint,-0.096474744,-0.3960125,0.15240827,0.60790664,0.3192838,0.65465194,0.31612998
1783532917.0653,14,right_foot_joint,-0.06856768,-0.76281804,-0.119261205,0.28165224,0.62622994,0.32039547,0.65257555
1783532917.0653,14,right_toes_joint,-0.07011248,-0.87771004,-0.024351148,0.15785453,0.6682619,0.1909013,0.7014733
1783532917.0653,14,right_toesEnd_joint,-0.07217283,-0.90675396,0.02886369,0.157855,0.668262,0.19090083,0.7014732
1783532917.0653,14,spine_1_joint,-0.00021236765,0.02054188,-0.003269081,0.46297184,0.53092104,0.47094196,0.5310308
1783532917.0653,14,spine_2_joint,-0.000634049,0.07762122,-0.010624628,0.4651827,0.5276696,0.47535497,0.52840084
1783532917.0653,14,spine_3_joint,-0.0011402355,0.13478743,-0.017265556,0.48437226,0.5048637,0.49764973,0.5126801
1783532917.0653,14,spine_4_joint,-0.00141003,0.18780737,-0.019152787,0.51668954,0.46624961,0.5310641,0.4833366
1783532917.0653,14,spine_5_joint,-0.001322125,0.25795215,-0.012463732,0.5600071,0.4079709,0.57574195,0.43413484
1783532917.0653,14,spine_6_joint,-0.0009520994,0.34758165,0.015333636,0.56990874,0.38625264,0.59457505,0.41532332
1783532917.0653,14,spine_7_joint,-0.0015673814,0.4473569,0.05422847,0.5529736,0.4049895,0.58600754,0.43220228
1783532917.0653,14,left_shoulder_1_joint,0.0862885,0.55572236,0.088049725,-0.6032002,0.009700538,-0.14808135,0.7836628
1783532917.0653,14,left_arm_joint,0.22494964,0.52036005,0.111756876,-0.3531089,0.3001653,-0.53310317,0.7078247
1783532917.0653,14,left_forearm_joint,0.29181957,0.26323918,0.09887199,-0.40999693,0.1764448,-0.7187033,0.5331372
1783532917.0653,14,left_hand_joint,0.26627275,0.019113272,0.20638002,0.6482884,-0.57344246,0.46779388,-0.17903873
1783532917.0653,14,left_handIndexStart_joint,0.2502823,0.0017359185,0.22467853,0.6163773,-0.5842233,0.50856936,-0.14184307
1783532917.0653,14,left_handIndex_1_joint,0.23422667,-0.06769078,0.26171818,0.6163773,-0.5842233,0.50856936,-0.14184307
1783532917.0653,14,left_handIndex_2_joint,0.22489202,-0.10805513,0.28325284,0.6163773,-0.5842233,0.50856936,-0.14184307
1783532917.0653,14,left_handIndex_3_joint,0.2196646,-0.13065918,0.29531226,0.6163773,-0.5842233,0.50856936,-0.14184307
1783532917.0653,14,left_handIndexEnd_joint,0.21593075,-0.14680491,0.30392614,0.6163773,-0.5842233,0.50856936,-0.14184307
1783532917.0653,14,left_handMidStart_joint,0.26037297,-0.003786063,0.21910518,0.6494876,-0.57311845,0.4658681,-0.18074271
1783532917.0653,14,left_handMid_1_joint,0.25345594,-0.073177844,0.24935737,0.6494876,-0.57311845,0.4658681,-0.18074271
1783532917.0653,14,left_handMid_2_joint,0.24859533,-0.12193964,0.27061564,0.6494876,-0.57311845,0.4658681,-0.18074271
1783532917.0653,14,left_handMid_3_joint,0.24579112,-0.15007144,0.28288004,0.6494876,-0.57311845,0.4658681,-0.18074271
1783532917.0653,14,left_handMidEnd_joint,0.24392165,-0.16882598,0.29105633,0.6494876,-0.57311845,0.4658681,-0.18074271
1783532917.0653,14,left_handPinkyStart_joint,0.281095,-0.012245443,0.20273334,0.6749704,-0.5749924,0.3868212,-0.25331396
1783532917.0653,14,left_handPinky_1_joint,0.28360367,-0.07398021,0.21739444,0.6749704,-0.5749924,0.3868212,-0.25331396
1783532917.0653,14,left_handPinky_2_joint,0.28515315,-0.11211052,0.22644983,0.6749704,-0.5749924,0.3868212,-0.25331396
1783532917.0653,14,left_handPinky_3_joint,0.2859648,-0.13208352,0.23119311,0.6749704,-0.5749924,0.3868212,-0.25331396
1783532917.0653,14,left_handPinkyEnd_joint,0.28670263,-0.15024081,0.23550521,0.6749704,-0.5749924,0.3868212,-0.25331396
1783532917.0653,14,left_handRingStart_joint,0.2698898,-0.008203063,0.21162046,0.6630532,-0.57453305,0.42749888,-0.2179838
1783532917.0653,14,left_handRing_1_joint,0.2680955,-0.07444097,0.23372366,0.6630532,-0.57453305,0.42749888,-0.2179838
1783532917.0653,14,left_handRing_2_joint,0.26682895,-0.12119714,0.24932592,0.6630532,-0.57453305,0.42749888,-0.2179838
1783532917.0653,14,left_handRing_3_joint,0.26603737,-0.15041974,0.25907734,0.6630532,-0.57453305,0.42749888,-0.2179838
1783532917.0653,14,left_handRingEnd_joint,0.26550964,-0.16990148,0.26557827,0.6630532,-0.57453305,0.42749888,-0.2179838
1783532917.0653,14,left_handThumbStart_joint,0.24209173,0.00063929916,0.2165567,0.2446117,-0.10440631,0.9199753,-0.28794098
1783532917.0653,14,left_handThumb_1_joint,0.20372687,-0.030553937,0.23749427,0.2446117,-0.10440631,0.9199753,-0.28794098
1783532917.0653,14,left_handThumb_2_joint,0.17630328,-0.05284849,0.25246084,0.2446117,-0.1044063,0.9199753,-0.28794098
1783532917.0653,14,left_handThumbEnd_joint,0.1580209,-0.067711525,0.26243854,0.2446117,-0.10440626,0.9199753,-0.28794098
1783532917.0653,14,neck_1_joint,-0.0031534755,0.57726884,0.087791175,0.59345496,0.34174684,0.63074136,0.3649462
1783532917.0653,14,neck_2_joint,-0.0040310086,0.6032487,0.10276702,0.58407944,0.35577068,0.62368906,0.37853733
1783532917.0653,14,neck_3_joint,-0.005275873,0.63875973,0.121135935,0.5673111,0.3795371,0.61110544,0.40082395
1783532917.0653,14,neck_4_joint,-0.0066757333,0.6755807,0.13670069,0.55144835,0.40090862,0.59783876,0.4216231
1783532917.0653,14,head_joint,-0.008358229,0.71926725,0.15210378,0.49571776,0.46624613,0.5472874,0.4871912
1783532917.0653,14,jaw_joint,-0.007867852,0.6939267,0.15486312,0.49571776,0.46624613,0.5472874,0.4871912
1783532917.0653,14,chin_joint,-0.013278395,0.63509876,0.24978417,0.49571776,0.46624613,0.5472874,0.4871912
1783532917.0653,14,left_eye_joint,0.016575962,0.7447741,0.24339533,0.49976507,0.461905,0.5515156,0.4823995
1783532917.0653,14,left_eyeLowerLid_joint,0.016575962,0.7447741,0.24339533,0.49976507,0.461905,0.5515156,0.4823995
1783532917.0653,14,left_eyeUpperLid_joint,0.016575962,0.7447741,0.24339533,0.49976507,0.461905,0.5515156,0.4823995
1783532917.0653,14,left_eyeball_joint,0.016575962,0.7447741,0.24339533,0.49976507,0.461905,0.5515156,0.4823995
1783532917.0653,14,nose_joint,-0.016169807,0.7093101,0.26137337,0.49976754,0.46190238,0.5515181,0.48239663
1783532917.0653,14,right_eye_joint,-0.047858782,0.743008,0.23862804,0.49976507,0.461905,0.5515156,0.4823995
1783532917.0653,14,right_eyeLowerLid_joint,-0.047858782,0.743008,0.23862804,0.49976507,0.461905,0.5515156,0.4823995
1783532917.0653,14,right_eyeUpperLid_joint,-0.047858782,0.743008,0.23862804,0.49976507,0.461905,0.5515156,0.4823995
1783532917.0653,14,right_eyeball_joint,-0.047858782,0.743008,0.23862804,0.49976507,0.461905,0.5515156,0.4823995
1783532917.0653,14,right_shoulder_1_joint,-0.09211554,0.5563189,0.07725293,0.7930728,0.13376385,0.074040234,0.5896277
1783532917.0653,14,right_arm_joint,-0.23038375,0.5128794,0.08309887,0.69260263,0.52514446,0.33308482,0.36548525
1783532917.0653,14,right_forearm_joint,-0.29064438,0.25463155,0.06247812,0.52873343,0.71095645,0.24721679,0.39225712
1783532917.0653,14,right_hand_joint,-0.254964,0.0011961365,0.14188637,0.18619911,0.4190163,0.62530035,0.6314702
1783532917.0653,14,right_handIndexStart_joint,-0.24001315,-0.017356664,0.15795453,0.1431165,0.4610934,0.6370228,0.6009263
1783532917.0653,14,right_handIndex_1_joint,-0.22099476,-0.08944219,0.18781611,0.1431165,0.4610934,0.6370228,0.6009263
1783532917.0653,14,right_handIndex_2_joint,-0.20993711,-0.13135257,0.2051771,0.1431165,0.4610934,0.6370228,0.6009263
1783532917.0653,14,right_handIndex_3_joint,-0.20374537,-0.15482266,0.21489996,0.1431165,0.4610934,0.6370228,0.6009263
1783532917.0653,14,right_handIndexEnd_joint,-0.19932266,-0.17158672,0.2218448,0.1431165,0.4610934,0.6370228,0.6009263
1783532917.0653,14,right_handMidStart_joint,-0.24937834,-0.022833383,0.1511964,0.18559204,0.41954198,0.62571615,0.63088775
1783532917.0653,14,right_handMid_1_joint,-0.23911074,-0.09468642,0.17378142,0.18559204,0.41954198,0.62571615,0.63088775
1783532917.0653,14,right_handMid_2_joint,-0.23189601,-0.14517708,0.18965225,0.18559204,0.41954198,0.62571615,0.63088775
1783532917.0653,14,right_handMid_3_joint,-0.22773345,-0.17430648,0.19880836,0.18559204,0.41954198,0.62571615,0.63088775
1783532917.0653,14,right_handMidEnd_joint,-0.2249587,-0.19372573,0.20491256,0.18559204,0.41954198,0.62571615,0.63088775
1783532917.0653,14,right_handPinkyStart_joint,-0.26855978,-0.030652404,0.13275895,0.26208836,0.34235984,0.62594914,0.6498362
1783532917.0653,14,right_handPinky_1_joint,-0.26741394,-0.09370766,0.14017883,0.26208836,0.34235984,0.62594914,0.6498362
1783532917.0653,14,right_handPinky_2_joint,-0.2667065,-0.1326543,0.14476228,0.26208836,0.34235984,0.62594914,0.6498362
1783532917.0653,14,right_handPinky_3_joint,-0.2663355,-0.15305458,0.14716244,0.26208836,0.34235984,0.62594914,0.6498362
1783532917.0653,14,right_handPinkyEnd_joint,-0.26599854,-0.17160015,0.14934467,0.26208836,0.34235984,0.62594914,0.6498362
1783532917.0653,14,right_handRingStart_joint,-0.25815144,-0.026955971,0.14270286,0.22478768,0.38208407,0.6264305,0.6411451
1783532917.0653,14,right_handRing_1_joint,-0.25278655,-0.09506378,0.1572541,0.22478768,0.38208407,0.6264305,0.6411451
1783532917.0653,14,right_handRing_2_joint,-0.24899943,-0.14313945,0.16752526,0.22478768,0.38208407,0.6264305,0.6411451
1783532917.0653,14,right_handRing_3_joint,-0.24663278,-0.17318715,0.17394525,0.22478768,0.38208407,0.6264305,0.6411451
1783532917.0653,14,right_handRingEnd_joint,-0.24505435,-0.19321942,0.17822456,0.22478768,0.38208407,0.6264305,0.6411451
1783532917.0653,14,right_handThumbStart_joint,-0.23135196,-0.016963255,0.15026726,0.2668692,0.9144939,0.17355812,0.24971843
1783532917.0653,14,right_handThumb_1_joint,-0.19200227,-0.047829397,0.16981624,0.2668692,0.9144939,0.1735581,0.24971843
1783532917.0653,14,right_handThumb_2_joint,-0.16387525,-0.069889955,0.18379089,0.26686916,0.9144939,0.17355809,0.24971843
1783532917.0653,14,right_handThumbEnd_joint,-0.14512385,-0.08459719,0.19310653,0.26686916,0.9144939,0.17355804,0.24971843
1783532917.0653,14,camera,0.10850701,0.06861,-0.0417877,-0.08286799,-0.07883515,-0.6988202,0.70609367
1783532917.0985,15,root,-0.00021146696,0.020462302,-0.0034111368,-0.047576893,-0.0034109775,-0.002814657,0.99885774
1783532917.0985,15,hips_joint,-0.00021146696,0.020462302,-0.0034111368,-0.047576893,-0.0034109775,-0.002814657,0.99885774
1783532917.0985,15,left_upLeg_joint,0.10016976,-0.004844265,0.0006285143,0.62723553,-0.3713068,0.56521976,-0.38630718
1783532917.0985,15,left_leg_joint,0.13609624,-0.38488388,0.17840672,-0.27415356,0.6764097,-0.28884217,0.6195804
1783532917.0985,15,left_foot_joint,0.09863377,-0.7181699,-0.13247323,0.63294756,-0.36340988,0.60946643,-0.30961454
1783532917.0985,15,left_toes_joint,0.09758573,-0.84297484,-0.05102933,0.69035393,-0.23685683,0.657102,-0.1884866
1783532917.0985,15,left_toesEnd_joint,0.09905599,-0.87783873,-0.0014106989,0.69035393,-0.23685664,0.657102,-0.18848681
1783532917.0985,15,right_upLeg_joint,-0.100902334,-0.003774097,-0.0007954922,0.37395826,0.57027465,0.42315406,0.5965591
1783532917.0985,15,right_leg_joint,-0.09730408,-0.39597633,0.15244924,0.6079534,0.31853488,0.65463305,0.31683397
1783532917.0985,15,right_foot_joint,-0.06985654,-0.7627951,-0.11924917,0.28215095,0.6256691,0.31994644,0.6531181
1783532917.0985,15,right_toes_joint,-0.07169632,-0.87769735,-0.024356889,0.15845048,0.6678057,0.19035754,0.7019209
1783532917.0985,15,right_toesEnd_joint,-0.07385575,-0.9067449,0.028852038,0.15845096,0.66780585,0.19035709,0.70192075
1783532917.0985,15,spine_1_joint,-0.00021148674,0.020462302,-0.0034111368,0.462706,0.53090924,0.47070992,0.53147954
1783532917.0985,15,spine_2_joint,-0.0006065845,0.0775349,-0.010820151,0.46513155,0.52757835,0.47521618,0.52866155
1783532917.0985,15,spine_3_joint,-0.001086502,0.13469893,-0.017481584,0.48449674,0.5047071,0.49759662,0.512768
1783532917.0985,15,spine_4_joint,-0.0013339185,0.18771924,-0.019361146,0.5169593,0.46602178,0.53107506,0.48325524
1783532917.0985,15,spine_5_joint,-0.001217742,0.25785998,-0.012630243,0.5603548,0.40769076,0.5757591,0.43392605
1783532917.0985,15,spine_6_joint,-0.00080842496,0.34746504,0.015245161,0.5702674,0.3859896,0.5945701,0.41508213
1783532917.0985,15,spine_7_joint,-0.0013787412,0.4472061,0.05422818,0.55333155,0.40479633,0.5859859,0.43195406
1783532917.0985,15,left_shoulder_1_joint,0.0865184,0.55552435,0.088093355,-0.60314846,0.009779181,-0.1481706,0.7836846
1783532917.0985,15,left_arm_joint,0.22517143,0.5201272,0.111795954,-0.35310173,0.30010182,-0.53338236,0.7076449
1783532917.0985,15,left_forearm_joint,0.2919033,0.26296526,0.09901409,-0.40996623,0.17636506,-0.7189708,0.5328264
1783532917.0985,15,left_hand_joint,0.26616544,0.018903103,0.2066212,0.6480769,-0.5735398,0.46805555,-0.17880899
1783532917.0985,15,left_handIndexStart_joint,0.25015882,0.0015444743,0.22492337,0.6161492,-0.5843056,0.508817,-0.14160766
1783532917.0985,15,left_handIndex_1_joint,0.23404731,-0.06785536,0.26198912,0.6161492,-0.5843056,0.508817,-0.14160766
1783532917.0985,15,left_handIndex_2_joint,0.22468016,-0.1082041,0.28353897,0.6161492,-0.5843056,0.508817,-0.14160766
1783532917.0985,15,left_handIndex_3_joint,0.21943454,-0.1307994,0.29560688,0.6161492,-0.5843056,0.508817,-0.14160766
1783532917.0985,15,left_handIndexEnd_joint,0.21568768,-0.14693889,0.30422682,0.6161492,-0.5843056,0.508817,-0.14160766
1783532917.0985,15,left_handMidStart_joint,0.26024705,-0.0039867447,0.21935484,0.64927685,-0.57321644,0.46613047,-0.18051334
1783532917.0985,15,left_handMid_1_joint,0.25327578,-0.073360786,0.24963526,0.64927685,-0.57321644,0.46613047,-0.18051334
1783532917.0985,15,left_handMid_2_joint,0.24837707,-0.12211011,0.27091342,0.64927685,-0.57321644,0.46613047,-0.18051334
1783532917.0985,15,left_handMid_3_joint,0.24555087,-0.15023473,0.28318927,0.64927685,-0.57321644,0.46613047,-0.18051334
1783532917.0985,15,left_handMidEnd_joint,0.24366675,-0.16898447,0.29137316,0.64927685,-0.57321644,0.46613047,-0.18051334
1783532917.0985,15,left_handPinkyStart_joint,0.2809673,-0.0124672195,0.20299158,0.67478395,-0.5751076,0.38711163,-0.25310612
1783532917.0985,15,left_handPinky_1_joint,0.28343064,-0.074197344,0.21767987,0.67478395,-0.5751076,0.38711163,-0.25310612
1783532917.0985,15,left_handPinky_2_joint,0.28495213,-0.11232478,0.22675207,0.67478395,-0.5751076,0.38711163,-0.25310612
1783532917.0985,15,left_handPinky_3_joint,0.28574908,-0.1322963,0.23150417,0.67478395,-0.5751076,0.38711163,-0.25310612
1783532917.0985,15,left_handPinkyEnd_joint,0.2864736,-0.15045221,0.23582426,0.67478395,-0.5751076,0.38711163,-0.25310612
1783532917.0985,15,left_handRingStart_joint,0.2697627,-0.008413417,0.21187428,0.6628545,-0.57463956,0.4277758,-0.21776468
1783532917.0985,15,left_handRing_1_joint,0.26791823,-0.07464058,0.2340056,0.6628545,-0.57463956,0.4277758,-0.21776468
1783532917.0985,15,left_handRing_2_joint,0.26661628,-0.12138916,0.2496277,0.6628545,-0.57463956,0.4277758,-0.21776468
1783532917.0985,15,left_handRing_3_joint,0.26580256,-0.15060702,0.25939152,0.6628545,-0.57463956,0.4277758,-0.21776468
1783532917.0985,15,left_handRingEnd_joint,0.26526007,-0.1700856,0.26590073,0.6628545,-0.57463956,0.4277758,-0.21776468
1783532917.0985,15,left_handThumbStart_joint,0.24196945,0.00044989944,0.21680005,0.24452856,-0.104256414,0.9201245,-0.28758907
1783532917.0985,15,left_handThumb_1_joint,0.20357847,-0.030708313,0.23774192,0.24452856,-0.104256414,0.9201245,-0.28758907
1783532917.0985,15,left_handThumb_2_joint,0.17613618,-0.052977826,0.25271156,0.24452856,-0.1042564,0.9201245,-0.28758907
1783532917.0985,15,left_handThumbEnd_joint,0.15784134,-0.06782418,0.2626913,0.24452853,-0.10425637,0.9201245,-0.28758907
1783532917.0985,15,neck_1_joint,-0.0029186963,0.57709175,0.08789459,0.5937896,0.34151515,0.6306928,0.36470217
1783532917.0985,15,neck_2_joint,-0.0037830542,0.60305995,0.10289143,0.58441937,0.35554606,0.6236467,0.3782929
1783532917.0985,15,neck_3_joint,-0.005010905,0.63855666,0.12128909,0.56765985,0.37932482,0.6110739,0.40057907
1783532917.0985,15,neck_4_joint,-0.006394796,0.6753655,0.13688369,0.55180454,0.40070832,0.5978172,0.42137787
1783532917.0985,15,head_joint,-0.008059816,0.7190403,0.15232222,0.4960954,0.46608794,0.5472975,0.48694655
1783532917.0985,15,jaw_joint,-0.0075739976,0.6936974,0.15506122,0.4960954,0.46608794,0.5472975,0.48694655
1783532917.0985,15,chin_joint,-0.0129528595,0.63479555,0.24993816,0.4960954,0.46608794,0.5472975,0.48694655
1783532917.0985,15,left_eye_joint,0.016923863,0.7444689,0.24362203,0.5001413,0.4617436,0.55152345,0.48215485
1783532917.0985,15,left_eyeLowerLid_joint,0.016923863,0.7444689,0.24362203,0.5001413,0.4617436,0.55152345,0.48215485
1783532917.0985,15,left_eyeUpperLid_joint,0.016923863,0.7444689,0.24362203,0.5001413,0.4617436,0.55152345,0.48215485
1783532917.0985,15,left_eyeball_joint,0.016923863,0.7444689,0.24362203,0.5001413,0.4617436,0.55152345,0.48215485
1783532917.0985,15,nose_joint,-0.015821535,0.7089983,0.26158756,0.5001439,0.46174094,0.551526,0.48215201
1783532917.0985,15,right_eye_joint,-0.04751354,0.7427216,0.2388841,0.5001413,0.4617436,0.55152345,0.48215485
1783532917.0985,15,right_eyeLowerLid_joint,-0.04751354,0.7427216,0.2388841,0.5001413,0.4617436,0.55152345,0.48215485
1783532917.0985,15,right_eyeUpperLid_joint,-0.04751354,0.7427216,0.2388841,0.5001413,0.4617436,0.55152345,0.48215485
1783532917.0985,15,right_eyeball_joint,-0.04751354,0.7427216,0.2388841,0.5001413,0.4617436,0.55152345,0.48215485
1783532917.0985,15,right_shoulder_1_joint,-0.0918906,0.5561707,0.07738224,0.7931537,0.13397399,0.07367378,0.5895167
1783532917.0985,15,right_arm_joint,-0.2301582,0.5127448,0.08334239,0.69286436,0.5251826,0.33249873,0.36546734
1783532917.0985,15,right_forearm_joint,-0.29060498,0.25452688,0.0628937,0.5289685,0.7110703,0.24664794,0.39209154
1783532917.0985,15,right_hand_joint,-0.2549884,0.0011111068,0.1423929,0.1864865,0.41944954,0.62491447,0.63147956
1783532917.0985,15,right_handIndexStart_joint,-0.24003159,-0.017442213,0.15845485,0.1434299,0.46152604,0.63665754,0.60090625
1783532917.0985,15,right_handIndex_1_joint,-0.22102378,-0.08952362,0.18833305,0.1434299,0.46152604,0.63665754,0.60090625
1783532917.0985,15,right_handIndex_2_joint,-0.20997228,-0.13143161,0.20570369,0.1434299,0.46152604,0.63665754,0.60090625
1783532917.0985,15,right_handIndex_3_joint,-0.20378396,-0.15490036,0.21543197,0.1434299,0.46152604,0.63665754,0.60090625
1783532917.0985,15,right_handIndexEnd_joint,-0.19936374,-0.17166345,0.2223807,0.1434299,0.46152604,0.63665754,0.60090625
1783532917.0985,15,right_handMidStart_joint,-0.24940696,-0.02291693,0.15170927,0.18587995,0.41997522,0.6253307,0.63089675
1783532917.0985,15,right_handMid_1_joint,-0.23915738,-0.094764456,0.17431994,0.18587995,0.41997522,0.6253307,0.63089675
1783532917.0985,15,right_handMid_2_joint,-0.23195532,-0.14525126,0.19020878,0.18587995,0.41997522,0.6253307,0.63089675
1783532917.0985,15,right_handMid_3_joint,-0.22780006,-0.17437842,0.19937529,0.18587995,0.41997522,0.6253307,0.63089675
1783532917.0985,15,right_handMidEnd_joint,-0.22503017,-0.19379619,0.2054864,0.18587995,0.41997522,0.6253307,0.63089675
1783532917.0985,15,right_handPinkyStart_joint,-0.26861215,-0.03073416,0.13329576,0.26234925,0.34278086,0.6255378,0.6499049
1783532917.0985,15,right_handPinky_1_joint,-0.26749507,-0.09378629,0.14074636,0.26234925,0.34278086,0.6255378,0.6499049
1783532917.0985,15,right_handPinky_2_joint,-0.26680535,-0.13273102,0.14534877,0.26234925,0.34278086,0.6255378,0.6499049
1783532917.0985,15,right_handPinky_3_joint,-0.26644364,-0.15313028,0.14775884,0.26234925,0.34278086,0.6255378,0.6499049
1783532917.0985,15,right_handPinkyEnd_joint,-0.26611516,-0.17167494,0.14995012,0.26234925,0.34278086,0.6255378,0.6499049
1783532917.0985,15,right_handRingStart_joint,-0.2581913,-0.027038729,0.14322697,0.22506249,0.38251144,0.62603104,0.6411838
1783532917.0985,15,right_handRing_1_joint,-0.25285062,-0.09514224,0.15780707,0.22506249,0.38251144,0.62603104,0.6411838
1783532917.0985,15,right_handRing_2_joint,-0.24908063,-0.1432149,0.1680986,0.22506249,0.38251144,0.62603104,0.6411838
1783532917.0985,15,right_handRing_3_joint,-0.24672465,-0.1732607,0.17453133,0.22506249,0.38251144,0.62603104,0.6411838
1783532917.0985,15,right_handRingEnd_joint,-0.24515337,-0.19329172,0.17881912,0.22506249,0.38251144,0.62603104,0.6411838
1783532917.0985,15,right_handThumbStart_joint,-0.23137818,-0.017057704,0.15075836,0.26716092,0.9145905,0.17311554,0.24935931
1783532917.0985,15,right_handThumb_1_joint,-0.19202602,-0.047936726,0.17028195,0.26716092,0.9145905,0.1731155,0.24935931
1783532917.0985,15,right_handThumb_2_joint,-0.16389723,-0.07000649,0.18423843,0.26716092,0.9145905,0.1731155,0.24935931
1783532917.0985,15,right_handThumbEnd_joint,-0.14514463,-0.08471986,0.19354196,0.26716092,0.9145905,0.17311548,0.24935931
1783532917.0985,15,camera,0.10884988,0.06874234,-0.041576266,-0.08248092,-0.078245826,-0.69920534,0.70582324
1783532917.1319,16,root,-0.00018846651,0.02066007,-0.0032376829,-0.049278058,-0.0030723752,-0.0026689488,0.99877685
1783532917.1319,16,hips_joint,-0.00018846651,0.02066007,-0.0032376829,-0.049278058,-0.0030723752,-0.0026689488,0.99877685
1783532917.1319,16,left_upLeg_joint,0.100201845,-0.0046079396,0.00081787613,0.62886417,-0.36856547,0.56680775,-0.3839512
1783532917.1319,16,left_leg_joint,0.13632268,-0.38309687,0.18183565,-0.2735346,0.6763878,-0.28836444,0.62010044
1783532917.1319,16,left_foot_joint,0.099139564,-0.7158609,-0.12963665,0.63244677,-0.3637744,0.6094112,-0.3103186
1783532917.1319,16,left_toes_joint,0.09803265,-0.840803,-0.04840412,0.68993133,-0.23730962,0.65718114,-0.18918836
1783532917.1319,16,left_toesEnd_joint,0.09946426,-0.8757505,0.0011568832,0.68993133,-0.23730943,0.65718114,-0.18918857
1783532917.1319,16,right_upLeg_joint,-0.10087147,-0.0035920094,-0.00046906827,0.37284938,0.5718288,0.42207783,0.5965281
1783532917.1319,16,right_leg_joint,-0.09654454,-0.3951979,0.1542747,0.60985076,0.31674024,0.65528774,0.31361723
1783532917.1319,16,right_foot_joint,-0.069355324,-0.7598303,-0.12037686,0.28475124,0.6254265,0.32244566,0.6509896
1783532917.1319,16,right_toes_joint,-0.070807055,-0.87547886,-0.026388692,0.16104966,0.66806036,0.19321491,0.7003046
1783532917.1319,16,right_toesEnd_joint,-0.07279226,-0.9049474,0.026595073,0.16105016,0.66806054,0.19321446,0.70030445
1783532917.1319,16,spine_1_joint,-0.00018848629,0.02066007,-0.0032376829,0.4623793,0.5316671,0.46968344,0.53191465
1783532917.1319,16,spine_2_joint,-0.00056515425,0.077713765,-0.010792025,0.46530512,0.52804166,0.47422984,0.52893215
1783532917.1319,16,spine_3_joint,-0.0009935733,0.13486789,-0.017541438,0.48516586,0.5048695,0.49668366,0.5128608
1783532917.1319,16,spine_4_joint,-0.0011620686,0.18788761,-0.019446494,0.5180692,0.4658298,0.53025335,0.48315465
1783532917.1319,16,spine_5_joint,-0.00089815824,0.25802383,-0.012672827,0.56177664,0.4071185,0.574991,0.4336438
1783532917.1319,16,spine_6_joint,-0.00023461074,0.34758353,0.0153432,0.5718655,0.38526106,0.59380305,0.41465855
1783532917.1319,16,spine_7_joint,-0.00048824042,0.44724405,0.054535046,0.55496734,0.4042092,0.5852165,0.43144858
1783532917.1319,16,left_shoulder_1_joint,0.087720685,0.5553132,0.088385545,-0.60258895,0.011131317,-0.1479946,0.78413033
1783532917.1319,16,left_arm_joint,0.22638065,0.51970214,0.11172448,-0.35306028,0.30144092,-0.5326708,0.7076325
1783532917.1319,16,left_forearm_joint,0.29308754,0.26256675,0.09829509,-0.4103201,0.17777608,-0.7180412,0.5333384
1783532917.1319,16,left_hand_joint,0.2677978,0.018229255,0.20538245,0.6486676,-0.57410717,0.46646392,-0.17900492
1783532917.1319,16,left_handIndexStart_joint,0.25185072,0.00081561203,0.22368437,0.6168412,-0.5848846,0.5072667,-0.14176553
1783532917.1319,16,left_handIndex_1_joint,0.23588347,-0.068684146,0.26062506,0.6168412,-0.5848846,0.5072667,-0.14176553
1783532917.1319,16,left_handIndex_2_joint,0.22660019,-0.10909098,0.2821022,0.6168412,-0.5848846,0.5072667,-0.14176553
1783532917.1319,16,left_handIndex_3_joint,0.22140153,-0.1317188,0.2941294,0.6168412,-0.5848846,0.5072667,-0.14176553
1783532917.1319,16,left_handIndexEnd_joint,0.21768822,-0.14788154,0.30272025,0.6168412,-0.5848846,0.5072667,-0.14176553
1783532917.1319,16,left_handMidStart_joint,0.26192832,-0.004695194,0.2180764,0.6498629,-0.57378334,0.46453708,-0.18071046
1783532917.1319,16,left_handMid_1_joint,0.25508362,-0.074146524,0.2482082,0.6498629,-0.57378334,0.46453708,-0.18071046
1783532917.1319,16,left_handMid_2_joint,0.25027382,-0.12295016,0.2693819,0.6498629,-0.57378334,0.46453708,-0.18071046
1783532917.1319,16,left_handMid_3_joint,0.24749893,-0.1511061,0.2815975,0.6498629,-0.57378334,0.46453708,-0.18071046
1783532917.1319,16,left_handMidEnd_joint,0.24564901,-0.16987674,0.28974122,0.6498629,-0.57378334,0.46453708,-0.18071046
1783532917.1319,16,left_handPinkyStart_joint,0.28261188,-0.013121934,0.20163918,0.67518103,-0.57566494,0.38545775,-0.2533038
1783532917.1319,16,left_handPinky_1_joint,0.28515604,-0.074885376,0.2161728,0.67518103,-0.57566494,0.38545775,-0.2533038
1783532917.1319,16,left_handPinky_2_joint,0.28672743,-0.113033384,0.22514947,0.67518103,-0.57566494,0.38545775,-0.2533038
1783532917.1319,16,left_handPinky_3_joint,0.28755054,-0.13301568,0.22985153,0.67518103,-0.57566494,0.38545775,-0.2533038
1783532917.1319,16,left_handPinkyEnd_joint,0.28829882,-0.1511814,0.23412612,0.67518103,-0.57566494,0.38545775,-0.2533038
1783532917.1319,16,left_handRingStart_joint,0.27142754,-0.009097269,0.2105606,0.6633466,-0.575204,0.42615023,-0.21796283
1783532917.1319,16,left_handRing_1_joint,0.26968634,-0.07537859,0.23253758,0.6633466,-0.575204,0.42615023,-0.21796283
1783532917.1319,16,left_handRing_2_joint,0.26845726,-0.122165404,0.24805076,0.6633466,-0.575204,0.42615023,-0.21796283
1783532917.1319,16,left_handRing_3_joint,0.26768908,-0.15140717,0.2577465,0.6633466,-0.575204,0.42615023,-0.21796283
1783532917.1319,16,left_handRingEnd_joint,0.26717696,-0.17090167,0.26421028,0.6633466,-0.575204,0.42615023,-0.21796283
1783532917.1319,16,left_handThumbStart_joint,0.24364108,-0.00026518226,0.21557969,0.24541274,-0.1056483,0.9195808,-0.28806633
1783532917.1319,16,left_handThumb_1_joint,0.20532615,-0.031500313,0.23654619,0.24541274,-0.1056483,0.9195808,-0.28806633
1783532917.1319,16,left_handThumb_2_joint,0.17793822,-0.053824816,0.25153342,0.2454127,-0.10564829,0.9195808,-0.28806633
1783532917.1319,16,left_handThumbEnd_joint,0.1596796,-0.06870782,0.26152492,0.2454127,-0.10564825,0.9195808,-0.28806633
1783532917.1319,16,neck_1_joint,-0.0016722652,0.5770637,0.08846973,0.5953883,0.34071895,0.6298514,0.36429462
1783532917.1319,16,neck_2_joint,-0.002440395,0.60300237,0.10352278,0.58606094,0.3547641,0.6228071,0.37787086
1783532917.1319,16,neck_3_joint,-0.0035400912,0.63846266,0.121998616,0.56933373,0.37860486,0.61025804,0.4001283
1783532917.1319,16,neck_4_joint,-0.0048006102,0.67524135,0.1376746,0.5535057,0.40004817,0.5970228,0.42090005
1783532917.1319,16,head_joint,-0.006327624,0.7188869,0.15320979,0.49786845,0.46563178,0.54657674,0.4863826
1783532917.1319,16,jaw_joint,-0.0058898875,0.6935373,0.15589397,0.49786845,0.46563178,0.54657674,0.4863826
1783532917.1319,16,chin_joint,-0.011138392,0.63444656,0.25066078,0.49786845,0.46563178,0.54657674,0.4863826
1783532917.1319,16,left_eye_joint,0.018961363,0.7440675,0.2444943,0.5019104,0.46127206,0.5507979,0.48159727
1783532917.1319,16,left_eyeLowerLid_joint,0.018961363,0.7440675,0.2444943,0.5019104,0.46127206,0.5507979,0.48159727
1783532917.1319,16,left_eyeUpperLid_joint,0.018961363,0.7440675,0.2444943,0.5019104,0.46127206,0.5507979,0.48159727
1783532917.1319,16,left_eyeball_joint,0.018961363,0.7440675,0.2444943,0.5019104,0.46127206,0.5507979,0.48159727
1783532917.1319,16,nose_joint,-0.013812482,0.70863074,0.2624746,0.5019129,0.46126944,0.5508004,0.4815944
1783532917.1319,16,right_eye_joint,-0.045492448,0.74247116,0.23992924,0.5019104,0.46127206,0.5507979,0.48159727
1783532917.1319,16,right_eyeLowerLid_joint,-0.045492448,0.74247116,0.23992924,0.5019104,0.46127206,0.5507979,0.48159727
1783532917.1319,16,right_eyeUpperLid_joint,-0.045492448,0.74247116,0.23992924,0.5019104,0.46127206,0.5507979,0.48159727
1783532917.1319,16,right_eyeball_joint,-0.045492448,0.74247116,0.23992924,0.5019104,0.46127206,0.5507979,0.48159727
1783532917.1319,16,right_shoulder_1_joint,-0.090714626,0.55634594,0.078152664,0.79362416,0.13424821,0.07219672,0.5890041
1783532917.1319,16,right_arm_joint,-0.2290234,0.51310194,0.08446976,0.6938957,0.5249634,0.33103168,0.36515802
1783532917.1319,16,right_forearm_joint,-0.2901105,0.2550165,0.06425116,0.5300236,0.71109736,0.24529402,0.391467
1783532917.1319,16,right_hand_joint,-0.2548302,0.001557579,0.14376317,0.18770494,0.42028597,0.6238495,0.63161564
1783532917.1319,16,right_handIndexStart_joint,-0.23986878,-0.017021807,0.15979068,0.14471896,0.46236926,0.63567877,0.6009856
1783532917.1319,16,right_handIndex_1_joint,-0.22093588,-0.08913199,0.1896471,0.14471896,0.46236926,0.63567877,0.6009856
1783532917.1319,16,right_handIndex_2_joint,-0.20992793,-0.13105671,0.20700505,0.14471896,0.46236926,0.63567877,0.6009856
1783532917.1319,16,right_handIndex_3_joint,-0.20376402,-0.15453483,0.21672624,0.14471896,0.46236926,0.63567877,0.6009856
1783532917.1319,16,right_handIndexEnd_joint,-0.1993612,-0.17130463,0.2236699,0.14471896,0.46236926,0.63567877,0.6009856
1783532917.1319,16,right_handMidStart_joint,-0.24927558,-0.022478657,0.15307443,0.1870997,0.42081162,0.6242673,0.63103235
1783532917.1319,16,right_handMid_1_joint,-0.23912114,-0.09433872,0.17568828,0.1870997,0.42081162,0.6242673,0.63103235
1783532917.1319,16,right_handMid_2_joint,-0.23198593,-0.14483432,0.19157936,0.1870997,0.42081162,0.6242673,0.63103235
1783532917.1319,16,right_handMid_3_joint,-0.22786924,-0.17396657,0.20074716,0.1870997,0.42081162,0.6242673,0.63103235
1783532917.1319,16,right_handMidEnd_joint,-0.22512506,-0.19338772,0.20685917,0.1870997,0.42081162,0.6242673,0.63103235
1783532917.1319,16,right_handPinkyStart_joint,-0.26855075,-0.030261364,0.1347195,0.26347905,0.34355953,0.6243611,0.6501685
1783532917.1319,16,right_handPinky_1_joint,-0.26755258,-0.09331251,0.1421955,0.26347905,0.34355953,0.6243611,0.6501685
1783532917.1319,16,right_handPinky_2_joint,-0.26693633,-0.13225661,0.14681359,0.26347905,0.34355953,0.6243611,0.6501685
1783532917.1319,16,right_handPinky_3_joint,-0.2666131,-0.15265557,0.14923188,0.26347905,0.34355953,0.6243611,0.6501685
1783532917.1319,16,right_handPinkyEnd_joint,-0.2663196,-0.17119993,0.15143062,0.26347905,0.34355953,0.6243611,0.6501685
1783532917.1319,16,right_handRingStart_joint,-0.2580933,-0.026584692,0.14461918,0.22623922,0.38331917,0.62490845,0.6413827
1783532917.1319,16,right_handRing_1_joint,-0.25286242,-0.09469343,0.15921484,0.22623922,0.38331917,0.62490845,0.6413827
1783532917.1319,16,right_handRing_2_joint,-0.24916992,-0.14276975,0.16951738,0.22623922,0.38331917,0.62490845,0.6413827
1783532917.1319,16,right_handRing_3_joint,-0.24686237,-0.17281787,0.17595696,0.22623922,0.38331917,0.62490845,0.6413827
1783532917.1319,16,right_handRingEnd_joint,-0.24532336,-0.19285043,0.18024935,0.22623922,0.38331917,0.62490845,0.6413827
1783532917.1319,16,right_handThumbStart_joint,-0.2312366,-0.016660001,0.15206927,0.2683697,0.91468775,0.17224939,0.24830286
1783532917.1319,16,right_handThumb_1_joint,-0.19189747,-0.047617815,0.17149417,0.26836967,0.91468775,0.17224936,0.24830286
1783532917.1319,16,right_handThumb_2_joint,-0.16377798,-0.0697439,0.18538013,0.2683697,0.91468775,0.17224936,0.24830286
1783532917.1319,16,right_handThumbEnd_joint,-0.14503159,-0.084494814,0.19463664,0.2683697,0.91468775,0.17224933,0.24830286
1783532917.1319,16,camera,0.10900603,0.0685106,-0.041159905,-0.08262588,-0.07758991,-0.6994864,0.7056001
1783532917.1654,17,root,-0.00022517185,0.020751428,-0.0032835428,-0.050499685,-0.0026270705,-0.0026111417,0.99871725
1783532917.1654,17,hips_joint,-0.00022517185,0.020751428,-0.0032835428,-0.050499685,-0.0026270705,-0.0026111417,0.99871725
1783532917.1654,17,left_upLeg_joint,0.10017038,-0.004500303,0.00074326276,0.63006735,-0.36711422,0.5671597,-0.38284758
1783532917.1654,17,left_leg_joint,0.13685416,-0.38217932,0.18333265,-0.27368048,0.67646545,-0.28769967,0.62025994
1783532917.1654,17,left_foot_joint,0.099925175,-0.714718,-0.12841028,0.63260955,-0.3637455,0.60898626,-0.31085405
1783532917.1654,17,left_toes_joint,0.09897883,-0.83973026,-0.047283705,0.69008565,-0.23725042,0.65686536,-0.18979466
1783532917.1654,17,left_toesEnd_joint,0.10046418,-0.87471825,0.002247076,0.69008565,-0.23725022,0.6568654,-0.18979488
1783532917.1654,17,right_upLeg_joint,-0.10090407,-0.003500123,-0.0003649029,0.3712809,0.5735521,0.42055196,0.5969295
1783532917.1654,17,right_leg_joint,-0.09599761,-0.39426517,0.1564731,0.6107859,0.316334,0.65541345,0.3119405
1783532917.1654,17,right_foot_joint,-0.06889289,-0.7579724,-0.11941076,0.28573793,0.62568337,0.32357863,0.64974713
1783532917.1654,17,right_toes_joint,-0.07003068,-0.87392676,-0.025795775,0.16196977,0.6684996,0.19456281,0.69929945
1783532917.1654,17,right_toesEnd_joint,-0.07188126,-0.90356934,0.027095731,0.16197024,0.6684997,0.19456235,0.69929934
1783532917.1654,17,spine_1_joint,-0.00022519163,0.020751428,-0.0032835428,0.46229872,0.53217465,0.46898806,0.5320904
1783532917.1654,17,spine_2_joint,-0.00058888964,0.07779412,-0.010921087,0.4655682,0.5282604,0.47368202,0.52897304
1783532917.1654,17,spine_3_joint,-0.0009841304,0.13494484,-0.017701298,0.48575082,0.5047922,0.4962868,0.5127673
1783532917.1654,17,spine_4_joint,-0.0011025196,0.1879654,-0.019586766,0.51892704,0.46544257,0.52997863,0.4829084
1783532917.1654,17,spine_5_joint,-0.0007469564,0.2580928,-0.01272655,0.5627779,0.40644917,0.5747535,0.43328795
1783532917.1654,17,spine_6_joint,7.0399714e-05,0.34759966,0.015453782,0.5729295,0.38450995,0.5935547,0.41424242
1783532917.1654,17,spine_7_joint,4.252866e-06,0.44717953,0.05485094,0.55596733,0.4036221,0.58495986,0.4310588
1783532917.1654,17,left_shoulder_1_joint,0.088388324,0.55508035,0.08878154,-0.6021355,0.011471063,-0.14776312,0.7845173
1783532917.1654,17,left_arm_joint,0.2270659,0.51944745,0.11198202,-0.35307643,0.3017646,-0.53194255,0.70803416
1783532917.1654,17,left_forearm_joint,0.29408133,0.26240906,0.098234095,-0.41050363,0.17805521,-0.7173639,0.53401524
1783532917.1654,17,left_hand_joint,0.26925942,0.0179261,0.20509869,0.6492215,-0.5739225,0.46575502,-0.17943503
1783532917.1654,17,left_handIndexStart_joint,0.2533551,0.00046975134,0.22339709,0.6174399,-0.5847285,0.50659484,-0.14220624
1783532917.1654,17,left_handIndex_1_joint,0.23752658,-0.06909133,0.2602821,0.6174399,-0.5847285,0.50659484,-0.14220624
1783532917.1654,17,left_handIndex_2_joint,0.22832397,-0.10953382,0.28172687,0.6174399,-0.5847285,0.50659484,-0.14220624
1783532917.1654,17,left_handIndex_3_joint,0.2231705,-0.1321816,0.29373592,0.6174399,-0.5847285,0.50659484,-0.14220624
1783532917.1654,17,left_handIndexEnd_joint,0.21948946,-0.1483586,0.30231383,0.6174399,-0.5847285,0.50659484,-0.14220624
1783532917.1654,17,left_handMidStart_joint,0.26343617,-0.0050200033,0.2177748,0.6504148,-0.5735975,0.46382645,-0.18113981
1783532917.1654,17,left_handMid_1_joint,0.25672418,-0.07451185,0.24784297,0.6504148,-0.5735975,0.46382645,-0.18113981
1783532917.1654,17,left_handMid_2_joint,0.25200766,-0.12334395,0.26897198,0.6504148,-0.5735975,0.46382645,-0.18113981
1783532917.1654,17,left_handMid_3_joint,0.2492866,-0.15151632,0.2811618,0.6504148,-0.5735975,0.46382645,-0.18113981
1783532917.1654,17,left_handMidEnd_joint,0.24747257,-0.1702979,0.2892883,0.6504148,-0.5735975,0.46382645,-0.18113981
1783532917.1654,17,left_handPinkyStart_joint,0.28411818,-0.013398609,0.20131099,0.6756635,-0.5754518,0.38467956,-0.25368443
1783532917.1654,17,left_handPinky_1_joint,0.28676957,-0.07517261,0.2157805,0.6756635,-0.5754518,0.38467956,-0.25368443
1783532917.1654,17,left_handPinky_2_joint,0.2884072,-0.11332714,0.22471756,0.6756635,-0.5754518,0.38467956,-0.25368443
1783532917.1654,17,left_handPinky_3_joint,0.289265,-0.13331284,0.22939888,0.6756635,-0.5754518,0.38467956,-0.25368443
1783532917.1654,17,left_handPinkyEnd_joint,0.29004484,-0.15148166,0.2336546,0.6756635,-0.5754518,0.38467956,-0.25368443
1783532917.1654,17,left_handRingStart_joint,0.2729355,-0.009400005,0.21024625,0.66386414,-0.5750049,0.42540446,-0.21836895
1783532917.1654,17,left_handRing_1_joint,0.27131504,-0.07570587,0.23215833,0.66386414,-0.5750049,0.42540446,-0.21836895
1783532917.1654,17,left_handRing_2_joint,0.27017117,-0.12251002,0.2476257,0.66386414,-0.5750049,0.42540446,-0.21836895
1783532917.1654,17,left_handRing_3_joint,0.26945624,-0.15176262,0.25729278,0.66386414,-0.5750049,0.42540446,-0.21836895
1783532917.1654,17,left_handRingEnd_joint,0.26897964,-0.17126434,0.2637375,0.66386414,-0.5750049,0.42540446,-0.21836895
1783532917.1654,17,left_handThumbStart_joint,0.24513997,-0.00061550736,0.21529855,0.24575227,-0.10604709,0.91919947,-0.28884658
1783532917.1654,17,left_handThumb_1_joint,0.20689128,-0.03193024,0.23626727,0.24575227,-0.10604709,0.91919947,-0.28884658
1783532917.1654,17,left_handThumb_2_joint,0.1795507,-0.05431164,0.2512561,0.24575229,-0.10604707,0.91919947,-0.28884658
1783532917.1654,17,left_handThumbEnd_joint,0.16132365,-0.06923258,0.26124868,0.24575226,-0.10604705,0.91919947,-0.28884658
1783532917.1654,17,neck_1_joint,-0.0009777074,0.57694,0.0890174,0.5963285,0.3400157,0.6295473,0.36393932
1783532917.1654,17,neck_2_joint,-0.0016941362,0.6028527,0.104117714,0.5870177,0.3540817,0.622513,0.37751052
1783532917.1654,17,neck_3_joint,-0.00272584,0.6382813,0.12265824,0.5703172,0.3779583,0.609982,0.39975983
1783532917.1654,17,neck_4_joint,-0.0039202836,0.67503345,0.1384015,0.55451274,0.3994366,0.596763,0.42052376
1783532917.1654,17,head_joint,-0.0053727967,0.7186531,0.15401654,0.49894297,0.4651419,0.54637015,0.48598266
1783532917.1654,17,jaw_joint,-0.004963401,0.69329816,0.15665488,0.49894297,0.4651419,0.54637015,0.48598266
1783532917.1654,17,chin_joint,-0.010165107,0.6340447,0.25132266,0.49894297,0.4651419,0.54637015,0.48598266
1783532917.1654,17,left_eye_joint,0.020064097,0.7436388,0.24531351,0.50298065,0.4607728,0.5505877,0.48119918
1783532917.1654,17,left_eyeLowerLid_joint,0.020064097,0.7436388,0.24531351,0.50298065,0.4607728,0.5505877,0.48119918
1783532917.1654,17,left_eyeUpperLid_joint,0.020064097,0.7436388,0.24531351,0.50298065,0.4607728,0.5505877,0.48119918
1783532917.1654,17,left_eyeball_joint,0.020064097,0.7436388,0.24531351,0.50298065,0.4607728,0.5505877,0.48119918
1783532917.1654,17,nose_joint,-0.012731182,0.7082109,0.26327232,0.5029831,0.4607702,0.5505902,0.48119625
1783532917.1654,17,right_eye_joint,-0.044397447,0.74213123,0.24082793,0.50298065,0.4607728,0.5505877,0.48119918
1783532917.1654,17,right_eyeLowerLid_joint,-0.044397447,0.74213123,0.24082793,0.50298065,0.4607728,0.5505877,0.48119918
1783532917.1654,17,right_eyeUpperLid_joint,-0.044397447,0.74213123,0.24082793,0.50298065,0.4607728,0.5505877,0.48119918
1783532917.1654,17,right_eyeball_joint,-0.044397447,0.74213123,0.24082793,0.50298065,0.4607728,0.5505877,0.48119918
1783532917.1654,17,right_shoulder_1_joint,-0.090058364,0.5563497,0.07877622,0.79391754,0.1341693,0.07131672,0.5887339
1783532917.1654,17,right_arm_joint,-0.22840992,0.51326835,0.085265845,0.69437385,0.52485615,0.3301548,0.36519697
1783532917.1654,17,right_forearm_joint,-0.28986534,0.2552525,0.065277025,0.5303629,0.7111937,0.24420705,0.3915122
1783532917.1654,17,right_hand_joint,-0.25479677,0.0018590164,0.14509085,0.1879487,0.4210171,0.6230395,0.63185585
1783532917.1654,17,right_handIndexStart_joint,-0.23983727,-0.016717074,0.16112399,0.14501801,0.46311507,0.6348875,0.60117567
1783532917.1654,17,right_handIndex_1_joint,-0.220955,-0.08880985,0.19105443,0.14501801,0.46311507,0.6348875,0.60117567
1783532917.1654,17,right_handIndex_2_joint,-0.2099765,-0.13072444,0.20845544,0.14501801,0.46311507,0.6348875,0.60117567
1783532917.1654,17,right_handIndex_3_joint,-0.20382905,-0.15419689,0.21820071,0.14501801,0.46311507,0.6348875,0.60117567
1783532917.1654,17,right_handIndexEnd_joint,-0.19943802,-0.17096263,0.22516158,0.14501801,0.46311507,0.6348875,0.60117567
1783532917.1654,17,right_handMidStart_joint,-0.24925984,-0.022171348,0.15442777,0.18734446,0.421543,0.62345743,0.631272
1783532917.1654,17,right_handMid_1_joint,-0.23916534,-0.09401294,0.17712697,0.18734446,0.421543,0.62345743,0.631272
1783532917.1654,17,right_handMid_2_joint,-0.23207223,-0.14449556,0.19307804,0.18734446,0.421543,0.62345743,0.631272
1783532917.1654,17,right_handMid_3_joint,-0.22797984,-0.17362033,0.20228045,0.18734446,0.421543,0.62345743,0.631272
1783532917.1654,17,right_handMidEnd_joint,-0.22525185,-0.1930365,0.20841551,0.18734446,0.421543,0.62345743,0.631272
1783532917.1654,17,right_handPinkyStart_joint,-0.26856917,-0.029955093,0.13610922,0.26366222,0.3442559,0.6235418,0.65051216
1783532917.1654,17,right_handPinky_1_joint,-0.26764002,-0.09299711,0.14367065,0.26366222,0.3442559,0.6235418,0.65051216
1783532917.1654,17,right_handPinky_2_joint,-0.2670664,-0.13193558,0.1483415,0.26366222,0.3442559,0.6235418,0.65051216
1783532917.1654,17,right_handPinky_3_joint,-0.2667655,-0.15233158,0.15078744,0.26366222,0.3442559,0.6235418,0.65051216
1783532917.1654,17,right_handPinkyEnd_joint,-0.2664923,-0.17087325,0.1530113,0.26366222,0.3442559,0.6235418,0.65051216
1783532917.1654,17,right_handRingStart_joint,-0.25809395,-0.026277937,0.14598991,0.22645375,0.38403338,0.62409204,0.64167464
1783532917.1654,17,right_handRing_1_joint,-0.25292894,-0.094373055,0.16067234,0.22645375,0.38403338,0.62409204,0.64167464
1783532917.1654,17,right_handRing_2_joint,-0.24928297,-0.14243977,0.17103611,0.22645375,0.38403338,0.62409204,0.64167464
1783532917.1654,17,right_handRing_3_joint,-0.24700451,-0.17248188,0.17751397,0.22645375,0.38403338,0.62409204,0.64167464
1783532917.1654,17,right_handRingEnd_joint,-0.24548487,-0.19251043,0.18183187,0.22645375,0.38403338,0.62409204,0.64167464
1783532917.1654,17,right_handThumbStart_joint,-0.23121496,-0.01637671,0.15339063,0.26888657,0.91480255,0.17128617,0.24798705
1783532917.1654,17,right_handThumb_1_joint,-0.19188881,-0.047357116,0.17280582,0.26888657,0.91480255,0.17128615,0.24798706
1783532917.1654,17,right_handThumb_2_joint,-0.16377859,-0.06949935,0.18668483,0.26888657,0.91480255,0.17128614,0.24798706
1783532917.1654,17,right_handThumbEnd_joint,-0.1450384,-0.08426104,0.19593671,0.26888657,0.91480255,0.1712861,0.24798703
1783532917.1654,17,camera,0.10917094,0.06865528,-0.040753648,-0.08198571,-0.07754186,-0.69952035,0.7056464
1783532917.1987,18,root,-0.00027004315,0.020835042,-0.003283084,-0.05179112,-0.0020776964,-0.0022841427,0.99865323
1783532917.1987,18,hips_joint,-0.00027004315,0.020835042,-0.003283084,-0.05179112,-0.0020776964,-0.0022841427,0.99865323
1783532917.1987,18,left_upLeg_joint,0.10014495,-0.00434705,0.000694766,0.63188726,-0.36574486,0.5667725,-0.3817308
1783532917.1987,18,left_leg_joint,0.13804378,-0.381202,0.18473291,-0.27383247,0.6775506,-0.2864565,0.61958355
1783532917.1987,18,left_foot_joint,0.100423776,-0.713224,-0.12747784,0.6333984,-0.36450604,0.60759044,-0.3110882
1783532917.1987,18,left_toes_joint,0.099818476,-0.8383784,-0.04656749,0.69100434,-0.23784766,0.65553933,-0.19028914
1783532917.1987,18,left_toesEnd_joint,0.101480536,-0.87345165,0.0028973196,0.69100434,-0.23784748,0.65553933,-0.19028935
1783532917.1987,18,right_upLeg_joint,-0.10093118,-0.0034681868,-0.00018725067,0.36944252,0.5753869,0.41890544,0.5974618
1783532917.1987,18,right_leg_joint,-0.09541342,-0.3932761,0.15899457,0.6113149,0.3164149,0.65553385,0.31056622
1783532917.1987,18,right_foot_joint,-0.068117544,-0.7563919,-0.1176483,0.2861044,0.62607324,0.32452092,0.6487396
1783532917.1987,18,right_toes_joint,-0.06892785,-0.87253284,-0.024261542,0.1622557,0.66895187,0.195679,0.6984887
1783532917.1987,18,right_toesEnd_joint,-0.070652194,-0.902283,0.028573817,0.16225617,0.6689519,0.19567852,0.6984886
1783532917.1987,18,spine_1_joint,-0.00027006294,0.020835042,-0.003283084,0.46199083,0.5329262,0.46843424,0.5320935
1783532917.1987,18,spine_2_joint,-0.00066614297,0.07786509,-0.01101292,0.46555638,0.52869314,0.47337332,0.52882755
1783532917.1987,18,spine_3_joint,-0.001080381,0.13501155,-0.017827816,0.48604736,0.5048772,0.49619785,0.5124888
1783532917.1987,18,spine_4_joint,-0.0011985078,0.18803287,-0.019691955,0.5194741,0.46517116,0.5300348,0.48252022
1783532917.1987,18,spine_5_joint,-0.0008158746,0.25815138,-0.012742824,0.5634729,0.40585378,0.5748438,0.4328231
1783532917.1987,18,spine_6_joint,7.295936e-05,0.3476045,0.015605578,0.57368374,0.38375068,0.5936271,0.41379908
1783532917.1987,18,spine_7_joint,0.00011345237,0.4471018,0.055210795,0.55667233,0.40294036,0.5849429,0.43080968
1783532917.1987,18,left_shoulder_1_joint,0.0886263,0.55485296,0.089280926,-0.6016709,0.011726975,-0.14802517,0.78482056
1783532917.1987,18,left_arm_joint,0.22727968,0.5191043,0.11244795,-0.3528977,0.30186865,-0.5316911,0.7082678
1783532917.1987,18,left_forearm_joint,0.29440397,0.26210374,0.09852553,-0.41035736,0.1782107,-0.7171916,0.5343073
1783532917.1987,18,left_hand_joint,0.26968494,0.017537594,0.20522353,0.6492804,-0.57394296,0.4655238,-0.17975637
1783532917.1987,18,left_handIndexStart_joint,0.25378788,6.206155e-05,0.22350995,0.6175137,-0.58476955,0.5063676,-0.14252542
1783532917.1987,18,left_handIndex_1_joint,0.2379886,-0.0695308,0.26034752,0.6175137,-0.58476955,0.5063676,-0.14252542
1783532917.1987,18,left_handIndex_2_joint,0.22880298,-0.10999177,0.2817647,0.6175137,-0.58476955,0.5063676,-0.14252542
1783532917.1987,18,left_handIndex_3_joint,0.22365904,-0.1326499,0.2937583,0.6175137,-0.58476955,0.5063676,-0.14252542
1783532917.1987,18,left_handIndexEnd_joint,0.2199848,-0.14883429,0.3023252,0.6175137,-0.58476955,0.5063676,-0.14252542
1783532917.1987,18,left_handMidStart_joint,0.2638713,-0.0054196,0.21788399,0.6504731,-0.5736171,0.4635951,-0.18146116
1783532917.1987,18,left_handMid_1_joint,0.25718856,-0.074934736,0.24790482,0.6504731,-0.5736171,0.4635951,-0.18146116
1783532917.1987,18,left_handMid_2_joint,0.25249258,-0.123783216,0.26900056,0.6504731,-0.5736171,0.4635951,-0.18146116
1783532917.1987,18,left_handMid_3_joint,0.24978335,-0.15196502,0.28117117,0.6504731,-0.5736171,0.4635951,-0.18146116
1783532917.1987,18,left_handMidEnd_joint,0.24797721,-0.1707529,0.2892849,0.6504731,-0.5736171,0.4635951,-0.18146116
1783532917.1987,18,left_handPinkyStart_joint,0.28455698,-0.013778243,0.20141464,0.67569774,-0.5754389,0.38443226,-0.2539976
1783532917.1987,18,left_handPinky_1_joint,0.28723443,-0.07556096,0.21584213,0.67569774,-0.5754389,0.38443226,-0.2539976
1783532917.1987,18,left_handPinky_2_joint,0.28888816,-0.11372087,0.22475322,0.67569774,-0.5754389,0.38443226,-0.2539976
1783532917.1987,18,left_handPinky_3_joint,0.2897544,-0.1337094,0.22942095,0.67569774,-0.5754389,0.38443226,-0.2539976
1783532917.1987,18,left_handPinkyEnd_joint,0.2905419,-0.15188079,0.23366432,0.67569774,-0.5754389,0.38443226,-0.2539976
1783532917.1987,18,left_handRingStart_joint,0.2733726,-0.009790454,0.21035253,0.66391015,-0.57500845,0.42516473,-0.21868673
1783532917.1987,18,left_handRing_1_joint,0.27178,-0.076111905,0.23221946,0.66391015,-0.57500845,0.42516473,-0.21868673
1783532917.1987,18,left_handRing_2_joint,0.27065584,-0.122927055,0.24765494,0.66391015,-0.57500845,0.42516473,-0.21868673
1783532917.1987,18,left_handRing_3_joint,0.26995325,-0.15218651,0.25730214,0.66391015,-0.57500845,0.42516473,-0.21868673
1783532917.1987,18,left_handRingEnd_joint,0.26948485,-0.17169282,0.26373357,0.66391015,-0.57500845,0.42516473,-0.21868673
1783532917.1987,18,left_handThumbStart_joint,0.24557328,-0.001021167,0.21541063,0.24567351,-0.10630692,0.91910297,-0.28912517
1783532917.1987,18,left_handThumb_1_joint,0.20733772,-0.03236636,0.2363578,0.24567351,-0.10630692,0.91910297,-0.28912517
1783532917.1987,18,left_handThumb_2_joint,0.18000652,-0.054769535,0.25133124,0.24567351,-0.1063069,0.91910297,-0.28912517
1783532917.1987,18,left_handThumbEnd_joint,0.1617857,-0.06970499,0.2613135,0.2456735,-0.10630687,0.91910297,-0.28912517
1783532917.1987,18,neck_1_joint,-0.0007166067,0.57680607,0.08959416,0.5969544,0.33926028,0.62950325,0.3636945
1783532917.1987,18,neck_2_joint,-0.0013989178,0.6026942,0.10473803,0.5876606,0.35334012,0.6224757,0.37726653
1783532917.1987,18,neck_3_joint,-0.002384936,0.6380929,0.12333812,0.5709885,0.37724105,0.60995674,0.39951777
1783532917.1987,18,neck_4_joint,-0.0035335794,0.67482,0.13914321,0.5552097,0.39874345,0.59674835,0.42028302
1783532917.1987,18,head_joint,-0.0049331347,0.71841496,0.1548317,0.49971744,0.46453488,0.5463886,0.4857467
1783532917.1987,18,jaw_joint,-0.0045491783,0.6930553,0.15742753,0.49971744,0.46453488,0.5463886,0.4857467
1783532917.1987,18,chin_joint,-0.009769934,0.6336494,0.25199866,0.49971744,0.46453488,0.5463886,0.4857467
1783532917.1987,18,left_eye_joint,0.020571658,0.7432216,0.24615856,0.5037497,0.46015897,0.5506042,0.480963
1783532917.1987,18,left_eyeLowerLid_joint,0.020571658,0.7432216,0.24615856,0.5037497,0.46015897,0.5506042,0.480963
1783532917.1987,18,left_eyeUpperLid_joint,0.020571658,0.7432216,0.24615856,0.5037497,0.46015897,0.5506042,0.480963
1783532917.1987,18,left_eyeball_joint,0.020571658,0.7432216,0.24615856,0.5037497,0.46015897,0.5506042,0.480963
1783532917.1987,18,nose_joint,-0.012252626,0.70779824,0.26407325,0.5037521,0.46015632,0.5506067,0.4809601
1783532917.1987,18,right_eye_joint,-0.043893475,0.74178916,0.24170004,0.5037497,0.46015897,0.5506042,0.480963
1783532917.1987,18,right_eyeLowerLid_joint,-0.043893475,0.74178916,0.24170004,0.5037497,0.46015897,0.5506042,0.480963
1783532917.1987,18,right_eyeUpperLid_joint,-0.043893475,0.74178916,0.24170004,0.5037497,0.46015897,0.5506042,0.480963
1783532917.1987,18,right_eyeball_joint,-0.043893475,0.74178916,0.24170004,0.5037497,0.46015897,0.5506042,0.480963
1783532917.1987,18,right_shoulder_1_joint,-0.08982349,0.5563263,0.07935941,0.7942175,0.13400494,0.070784844,0.5884308
1783532917.1987,18,right_arm_joint,-0.22820976,0.5133683,0.08592552,0.6945751,0.52490866,0.3297893,0.36506915
1783532917.1987,18,right_forearm_joint,-0.28976417,0.25537026,0.06601091,0.5301028,0.71160394,0.24358727,0.39150536
1783532917.1987,18,right_hand_joint,-0.25454476,0.0020903395,0.14611831,0.18774511,0.42171782,0.62279147,0.63169366
1783532917.1987,18,right_handIndexStart_joint,-0.23956546,-0.01646041,0.1621623,0.14483233,0.46380317,0.63462615,0.600966
1783532917.1987,18,right_handIndex_1_joint,-0.22063404,-0.08850878,0.1921686,0.14483233,0.46380317,0.63462615,0.600966
1783532917.1987,18,right_handIndex_2_joint,-0.20962696,-0.13039756,0.20961368,0.14483233,0.46380317,0.63462615,0.600966
1783532917.1987,18,right_handIndex_3_joint,-0.20346351,-0.15385553,0.21938366,0.14483233,0.46380317,0.63462615,0.600966
1783532917.1987,18,right_handIndexEnd_joint,-0.19906105,-0.17061096,0.22636217,0.14483233,0.46380317,0.63462615,0.600966
1783532917.1987,18,right_handMidStart_joint,-0.24899201,-0.02192628,0.15548119,0.18714133,0.4222436,0.6232093,0.6311092
1783532917.1987,18,right_handMid_1_joint,-0.2388547,-0.09373554,0.17826349,0.18714133,0.4222436,0.6232093,0.6311092
1783532917.1987,18,right_handMid_2_joint,-0.23173152,-0.14419544,0.19427295,0.18714133,0.4222436,0.6232093,0.6311092
1783532917.1987,18,right_handMid_3_joint,-0.22762176,-0.17330709,0.20350903,0.18714133,0.4222436,0.6232093,0.6311092
1783532917.1987,18,right_handMidEnd_joint,-0.22488222,-0.1927145,0.20966657,0.18714133,0.4222436,0.6232093,0.6311092
1783532917.1987,18,right_handPinkyStart_joint,-0.26831457,-0.029739672,0.13718924,0.2634593,0.34497717,0.6233132,0.6504313
1783532917.1987,18,right_handPinky_1_joint,-0.2673585,-0.092771664,0.14483042,0.2634593,0.34497717,0.6233132,0.6504313
1783532917.1987,18,right_handPinky_2_joint,-0.26676825,-0.13170394,0.14955056,0.2634593,0.34497717,0.6233132,0.6504313
1783532917.1987,18,right_handPinky_3_joint,-0.26645863,-0.1520967,0.1520223,0.2634593,0.34497717,0.6233132,0.6504313
1783532917.1987,18,right_handPinkyEnd_joint,-0.2661775,-0.17063543,0.15426962,0.2634593,0.34497717,0.6233132,0.6504313
1783532917.1987,18,right_handRingStart_joint,-0.25783205,-0.026046505,0.14705619,0.22625029,0.38474518,0.62385267,0.6415528
1783532917.1987,18,right_handRing_1_joint,-0.25263235,-0.09412113,0.16182119,0.22625029,0.38474518,0.62385267,0.6415528
1783532917.1987,18,right_handRing_2_joint,-0.24896187,-0.14217338,0.17224325,0.22625029,0.38474518,0.62385267,0.6415528
1783532917.1987,18,right_handRing_3_joint,-0.24666809,-0.17220646,0.17875755,0.22625029,0.38474518,0.62385267,0.6415528
1783532917.1987,18,right_handRingEnd_joint,-0.24513826,-0.19222899,0.18309972,0.22625029,0.38474518,0.62385267,0.6415528
1783532917.1987,18,right_handThumbStart_joint,-0.23094991,-0.016127147,0.15442108,0.2686539,0.91506207,0.1706257,0.24773714
1783532917.1987,18,right_handThumb_1_joint,-0.191597,-0.047070015,0.17384197,0.2686539,0.91506207,0.17062569,0.24773711
1783532917.1987,18,right_handThumb_2_joint,-0.16346768,-0.069185406,0.18772504,0.2686539,0.91506207,0.17062567,0.24773711
1783532917.1987,18,right_handThumbEnd_joint,-0.14471473,-0.0839292,0.19697963,0.2686539,0.91506207,0.17062563,0.24773712
1783532917.1987,18,camera,0.10931654,0.06889321,-0.04030876,-0.08122519,-0.077127665,-0.6994698,0.70582986
1783532917.2319,19,root,-0.00017257521,0.020735718,-0.0034770146,-0.051907264,-0.0017317953,-0.0019140141,0.99864864
1783532917.2319,19,hips_joint,-0.00017257521,0.020735718,-0.0034770146,-0.051907264,-0.0017317953,-0.0019140141,0.99864864
1783532917.2319,19,left_upLeg_joint,0.10026297,-0.004374864,0.0004333976,0.6325025,-0.3660614,0.56571746,-0.3819735
1783532917.2319,19,left_leg_joint,0.13897303,-0.3813644,0.18402667,-0.2730612,0.6789969,-0.28478828,0.6191096
1783532917.2319,19,left_foot_joint,0.10043025,-0.71220094,-0.12932801,0.633683,-0.36612022,0.6059849,-0.31174392
1783532917.2319,19,left_toes_joint,0.10005417,-0.83766073,-0.04889058,0.6915898,-0.23937862,0.6540872,-0.19123727
1783532917.2319,19,left_toesEnd_joint,0.101858325,-0.87292105,0.00043606758,0.69158983,-0.23937841,0.6540872,-0.19123746
1783532917.2319,19,right_upLeg_joint,-0.10081432,-0.0036375306,-0.00030207753,0.368331,0.57660294,0.41832346,0.5973836
1783532917.2319,19,right_leg_joint,-0.09452716,-0.39296362,0.16002634,0.6107626,0.31834027,0.654865,0.3110953
1783532917.2319,19,right_foot_joint,-0.06691513,-0.75712216,-0.115210816,0.28448233,0.62724835,0.32366803,0.6487437
1783532917.2319,19,right_toes_joint,-0.0674512,-0.87289566,-0.021366835,0.1604403,0.6697982,0.19484083,0.6983311
1783532917.2319,19,right_toesEnd_joint,-0.06907778,-0.9024402,0.031586852,0.16044076,0.66979825,0.19484034,0.698331
1783532917.2319,19,spine_1_joint,-0.00017259498,0.020735718,-0.0034770146,0.46204805,0.5330768,0.46852866,0.5318101
1783532917.2319,19,spine_2_joint,-0.00059731863,0.077767774,-0.011190587,0.46572244,0.52860713,0.4735887,0.52857476
1783532917.2319,19,spine_3_joint,-0.0010245409,0.13491905,-0.017964276,0.48623663,0.5046056,0.49649718,0.5122871
1783532917.2319,19,spine_4_joint,-0.0011450949,0.18794213,-0.019777443,0.51958853,0.46476972,0.5303934,0.48239017
1783532917.2319,19,spine_5_joint,-0.0007633295,0.25805363,-0.012757649,0.563433,0.40538514,0.5752509,0.43277362
1783532917.2319,19,spine_6_joint,0.00010851003,0.34748146,0.015671168,0.57345515,0.38328978,0.5940813,0.41389152
1783532917.2319,19,spine_7_joint,0.00010830022,0.44695503,0.055336162,0.55621,0.40255332,0.5854044,0.43114218
1783532917.2319,19,left_shoulder_1_joint,0.088569924,0.5546999,0.08955889,-0.6020484,0.010501118,-0.14874771,0.78441185
1783532917.2319,19,left_arm_joint,0.22716899,0.5190172,0.11314867,-0.35299957,0.30005553,-0.5327911,0.7081611
1783532917.2319,19,left_forearm_joint,0.29425102,0.26195657,0.10016177,-0.40982836,0.17610441,-0.7191241,0.5328126
1783532917.2319,19,left_hand_joint,0.2684444,0.017926274,0.20782511,0.6479583,-0.5734238,0.46833473,-0.17888108
1783532917.2319,19,left_handIndexStart_joint,0.25242653,0.00057328463,0.22612283,0.6160129,-0.5841943,0.5090879,-0.14168729
1783532917.2319,19,left_handIndex_1_joint,0.23629162,-0.06881543,0.2631993,0.6160129,-0.5841943,0.5090879,-0.14168729
1783532917.2319,19,left_handIndex_2_joint,0.22691086,-0.109157704,0.28475535,0.6160129,-0.5841943,0.5090879,-0.14168729
1783532917.2319,19,left_handIndex_3_joint,0.22165762,-0.13174938,0.29682675,0.6160129,-0.5841943,0.5090879,-0.14168729
1783532917.2319,19,left_handIndexEnd_joint,0.21790531,-0.14788629,0.3054492,0.6160129,-0.5841943,0.5090879,-0.14168729
1783532917.2319,19,left_handMidStart_joint,0.262518,-0.00495975,0.2205619,0.649159,-0.57310027,0.46640995,-0.18058519
1783532917.2319,19,left_handMid_1_joint,0.25552735,-0.07432483,0.25085852,0.649159,-0.57310027,0.46640995,-0.18058519
1783532917.2319,19,left_handMid_2_joint,0.25061503,-0.123067856,0.27214804,0.649159,-0.57310027,0.46640995,-0.18058519
1783532917.2319,19,left_handMid_3_joint,0.24778098,-0.15118882,0.28443044,0.649159,-0.57310027,0.46640995,-0.18058519
1783532917.2319,19,left_handMidEnd_joint,0.24589162,-0.16993614,0.29261872,0.649159,-0.57310027,0.46640995,-0.18058519
1783532917.2319,19,left_handPinkyStart_joint,0.28324786,-0.013445391,0.2042135,0.67470044,-0.57498145,0.38739964,-0.2531755
1783532917.2319,19,left_handPinky_1_joint,0.2857013,-0.075171284,0.21892136,0.67470044,-0.57498145,0.38739964,-0.2531755
1783532917.2319,19,left_handPinky_2_joint,0.28721666,-0.11329611,0.22800565,0.67470044,-0.57498145,0.38739964,-0.2531755
1783532917.2319,19,left_handPinky_3_joint,0.28801045,-0.13326624,0.23276408,0.67470044,-0.57498145,0.38739964,-0.2531755
1783532917.2319,19,left_handPinkyEnd_joint,0.28873205,-0.15142092,0.23708993,0.67470044,-0.57498145,0.38739964,-0.2531755
1783532917.2319,19,left_handRingStart_joint,0.272038,-0.009388785,0.21308832,0.66275364,-0.5745179,0.4280599,-0.21783529
1783532917.2319,19,left_handRing_1_joint,0.27017912,-0.07560945,0.23523796,0.66275364,-0.5745179,0.4280599,-0.21783529
1783532917.2319,19,left_handRing_2_joint,0.268867,-0.12235346,0.250873,0.66275364,-0.5745179,0.4280599,-0.21783529
1783532917.2319,19,left_handRing_3_joint,0.26804692,-0.15156844,0.26064488,0.66275364,-0.5745179,0.4280599,-0.21783529
1783532917.2319,19,left_handRingEnd_joint,0.2675002,-0.17104511,0.2671595,0.66275364,-0.5745179,0.4280599,-0.21783529
1783532917.2319,19,left_handThumbStart_joint,0.244242,-0.00052353024,0.21799493,0.24429508,-0.104037955,0.9202154,-0.2875762
1783532917.2319,19,left_handThumb_1_joint,0.20583794,-0.031674936,0.23892301,0.24429508,-0.104037955,0.9202154,-0.2875762
1783532917.2319,19,left_handThumb_2_joint,0.1783863,-0.05393959,0.2538828,0.2442951,-0.10403795,0.9202154,-0.2875762
1783532917.2319,19,left_handThumbEnd_joint,0.16008522,-0.068782695,0.26385596,0.24429508,-0.10403791,0.9202154,-0.2875762
1783532917.2319,19,neck_1_joint,-0.00077233213,0.5766574,0.08972543,0.5964516,0.33892655,0.6299981,0.3639742
1783532917.2319,19,neck_2_joint,-0.0014784613,0.6025448,0.10486959,0.5871644,0.35299557,0.6229629,0.37755802
1783532917.2319,19,neck_3_joint,-0.002493557,0.6379425,0.12347003,0.5705039,0.3768789,0.61043024,0.39982927
1783532917.2319,19,neck_4_joint,-0.003666586,0.6746688,0.13927528,0.55473703,0.3983648,0.597209,0.42061242
1783532917.2319,19,head_joint,-0.0050900015,0.718263,0.15496388,0.49929008,0.46410483,0.5468035,0.48613098
1783532917.2319,19,jaw_joint,-0.0047115837,0.6929031,0.15755892,0.49929008,0.46410483,0.5468035,0.48613098
1783532917.2319,19,chin_joint,-0.010091909,0.6334921,0.252118,0.49929008,0.46410483,0.5468035,0.48613098
1783532917.2319,19,left_eye_joint,0.020264681,0.7430632,0.2463343,0.50331867,0.45973274,0.55102235,0.4813437
1783532917.2319,19,left_eyeLowerLid_joint,0.020264681,0.7430632,0.2463343,0.50331867,0.45973274,0.55102235,0.4813437
1783532917.2319,19,left_eyeUpperLid_joint,0.020264681,0.7430632,0.2463343,0.50331867,0.45973274,0.55102235,0.4813437
1783532917.2319,19,left_eyeball_joint,0.020264681,0.7430632,0.2463343,0.50331867,0.45973274,0.55102235,0.4813437
1783532917.2319,19,nose_joint,-0.012590985,0.70764035,0.26419264,0.50332105,0.45973006,0.551025,0.4813407
1783532917.2319,19,right_eye_joint,-0.044193078,0.7416342,0.24176894,0.50331867,0.45973274,0.55102235,0.4813437
1783532917.2319,19,right_eyeLowerLid_joint,-0.044193078,0.7416342,0.24176894,0.50331867,0.45973274,0.55102235,0.4813437
1783532917.2319,19,right_eyeUpperLid_joint,-0.044193078,0.7416342,0.24176894,0.50331867,0.45973274,0.55102235,0.4813437
1783532917.2319,19,right_eyeball_joint,-0.044193078,0.7416342,0.24176894,0.50331867,0.45973274,0.55102235,0.4813437
1783532917.2319,19,right_shoulder_1_joint,-0.08986318,0.55618274,0.07934198,0.7940802,0.13368893,0.07143215,0.5886102
1783532917.2319,19,right_arm_joint,-0.2282473,0.5131886,0.08571482,0.6940386,0.5250006,0.33029482,0.3655002
1783532917.2319,19,right_forearm_joint,-0.28957286,0.25513253,0.06584591,0.529262,0.71182114,0.24382585,0.3920994
1783532917.2319,19,right_hand_joint,-0.25412548,0.0019839858,0.14626761,0.18671614,0.42174777,0.6231127,0.6316621
1783532917.2319,19,right_handIndexStart_joint,-0.2391431,-0.01652999,0.16235119,0.14378381,0.4638315,0.63487613,0.6009321
1783532917.2319,19,right_handIndex_1_joint,-0.2201565,-0.08852158,0.1924588,0.14378381,0.4638315,0.63487613,0.6009321
1783532917.2319,19,right_handIndex_2_joint,-0.20911735,-0.13037735,0.2099628,0.14378381,0.4638315,0.63487613,0.6009321
1783532917.2319,19,right_handIndex_3_joint,-0.20293593,-0.15381683,0.21976577,0.14378381,0.4638315,0.63487613,0.6009321
1783532917.2319,19,right_handIndexEnd_joint,-0.19852063,-0.17055903,0.22676784,0.14378381,0.4638315,0.63487613,0.6009321
1783532917.2319,19,right_handMidStart_joint,-0.24855348,-0.022015385,0.15566322,0.18611202,0.42227373,0.62352943,0.6310774
1783532917.2319,19,right_handMid_1_joint,-0.23835161,-0.09378711,0.17853487,0.18611202,0.42227373,0.62352943,0.6310774
1783532917.2319,19,right_handMid_2_joint,-0.23118305,-0.14422065,0.19460708,0.18611202,0.42227373,0.62352943,0.6310774
1783532917.2319,19,right_handMid_3_joint,-0.22704712,-0.1733171,0.20387939,0.18611202,0.42227373,0.62352943,0.6310774
1783532917.2319,19,right_handMidEnd_joint,-0.22429012,-0.19271438,0.21006104,0.18611202,0.42227373,0.62352943,0.6310774
1783532917.2319,19,right_handPinkyStart_joint,-0.2678412,-0.02987364,0.13735372,0.26247087,0.34504503,0.6237379,0.65038794
1783532917.2319,19,right_handPinky_1_joint,-0.2668119,-0.09289624,0.1450627,0.26247087,0.34504503,0.6237379,0.65038794
1783532917.2319,19,right_handPinky_2_joint,-0.26617643,-0.13182272,0.14982471,0.26247087,0.34504503,0.6237379,0.65038794
1783532917.2319,19,right_handPinky_3_joint,-0.26584312,-0.15221244,0.15231839,0.26247087,0.34504503,0.6237379,0.65038794
1783532917.2319,19,right_handPinkyEnd_joint,-0.26554045,-0.1707484,0.15458566,0.26247087,0.34504503,0.6237379,0.65038794
1783532917.2319,19,right_handRingStart_joint,-0.25737676,-0.026156196,0.14723077,0.22523992,0.38479468,0.6242257,0.6415161
1783532917.2319,19,right_handRing_1_joint,-0.25210673,-0.09420829,0.16207457,0.22523992,0.38479468,0.6242257,0.6415161
1783532917.2319,19,right_handRing_2_joint,-0.24838656,-0.14224464,0.17255224,0.22523992,0.38479468,0.6242257,0.6415161
1783532917.2319,19,right_handRing_3_joint,-0.24606176,-0.17226778,0.17910129,0.22523992,0.38479468,0.6242257,0.6415161
1783532917.2319,19,right_handRingEnd_joint,-0.24451123,-0.19228366,0.18346664,0.22523992,0.38479468,0.6242257,0.6415161
1783532917.2319,19,right_handThumbStart_joint,-0.23051766,-0.016193468,0.15462114,0.26780313,0.9151637,0.1704869,0.24837783
1783532917.2319,19,right_handThumb_1_joint,-0.19114985,-0.047063693,0.17412727,0.26780313,0.9151637,0.17048687,0.24837783
1783532917.2319,19,right_handThumb_2_joint,-0.16300987,-0.069127165,0.18807128,0.26780313,0.9151637,0.17048687,0.24837783
1783532917.2319,19,right_handThumbEnd_joint,-0.14424981,-0.08383635,0.1973665,0.26780316,0.91516364,0.17048685,0.24837786
1783532917.2319,19,camera,0.10951662,0.069509365,-0.040457226,-0.081177324,-0.076762974,-0.6993372,0.70600647
1783532917.2653,20,root,-0.00014826041,0.020781703,-0.0034451596,-0.052170552,-0.0014106756,-0.0018275533,0.99863553
1783532917.2653,20,hips_joint,-0.00014826041,0.020781703,-0.0034451596,-0.052170552,-0.0014106756,-0.0018275533,0.99863553
1783532917.2653,20,left_upLeg_joint,0.1002933,-0.004312937,0.00041304648,0.6332866,-0.36618257,0.56479776,-0.3819187
1783532917.2653,20,left_leg_joint,0.13980421,-0.38128692,0.18386728,-0.27184305,0.68071896,-0.28291443,0.6186131
1783532917.2653,20,left_foot_joint,0.10009265,-0.7106056,-0.13093658,0.63378626,-0.36822703,0.60420364,-0.31250852
1783532917.2653,20,left_toes_joint,0.099897936,-0.8364469,-0.051096715,0.69209045,-0.2414277,0.65248287,-0.1923256
1783532917.2653,20,left_toesEnd_joint,0.10183683,-0.87194276,-0.0019444608,0.69209045,-0.24142754,0.6524829,-0.19232585
1783532917.2653,20,right_upLeg_joint,-0.10078454,-0.0036037825,-0.0001918447,0.3675532,0.5776203,0.4177501,0.5972808
1783532917.2653,20,right_leg_joint,-0.09391202,-0.3925425,0.16104993,0.61128706,0.3183065,0.65496814,0.30988082
1783532917.2653,20,right_foot_joint,-0.06619607,-0.7561367,-0.11492222,0.284916,0.6275452,0.32449824,0.64785117
1783532917.2653,20,right_toes_joint,-0.06646077,-0.8720906,-0.021300124,0.16080987,0.670172,0.19582513,0.6976121
1783532917.2653,20,right_toesEnd_joint,-0.06797996,-0.9017387,0.03159883,0.16081034,0.67017204,0.19582465,0.69761205
1783532917.2653,20,spine_1_joint,-0.00014828019,0.020781703,-0.0034451596,0.46201438,0.53330624,0.46839577,0.5317261
1783532917.2653,20,spine_2_joint,-0.0005868464,0.07781123,-0.0111765005,0.4657052,0.5287073,0.4736176,0.52846354
1783532917.2653,20,spine_3_joint,-0.0010294371,0.13496254,-0.017948903,0.4862126,0.50459063,0.49666297,0.51216364
1783532917.2653,20,spine_4_joint,-0.0011658745,0.18798609,-0.019747352,0.51953477,0.46464682,0.5306801,0.4822507
1783532917.2653,20,spine_5_joint,-0.00081081677,0.25809425,-0.012693092,0.56330377,0.40519527,0.57561654,0.4326331
1783532917.2653,20,spine_6_joint,1.0687783e-05,0.34750637,0.015786413,0.5732168,0.3830851,0.5944974,0.41381308
1783532917.2653,20,spine_7_joint,-6.233506e-05,0.44696182,0.055496607,0.5558356,0.40236044,0.58584964,0.4311996
1783532917.2653,20,left_shoulder_1_joint,0.08831655,0.55473554,0.08984196,-0.60202247,0.00967914,-0.14929,0.7843392
1783532917.2653,20,left_arm_joint,0.22687355,0.5190762,0.11371257,-0.3524704,0.29907098,-0.5336248,0.7082131
1783532917.2653,20,left_forearm_joint,0.29379633,0.2619558,0.10109469,-0.40868765,0.17524587,-0.72076195,0.5317573
1783532917.2653,20,left_hand_joint,0.26688737,0.018161144,0.20902143,0.64641225,-0.57372385,0.47015953,-0.17872475
1783532917.2653,20,left_handIndexStart_joint,0.2507538,0.00088247895,0.22728777,0.614352,-0.58448297,0.51080906,-0.14151303
1783532917.2653,20,left_handIndex_1_joint,0.23428273,-0.068403736,0.26440805,0.614352,-0.58448297,0.51080906,-0.14151303
1783532917.2653,20,left_handIndex_2_joint,0.22470655,-0.10868642,0.2859896,0.614352,-0.58448297,0.51080906,-0.14151303
1783532917.2653,20,left_handIndex_3_joint,0.21934389,-0.13124472,0.29807526,0.614352,-0.58448297,0.51080906,-0.14151303
1783532917.2653,20,left_handIndexEnd_joint,0.21551341,-0.14735779,0.3067079,0.614352,-0.58448297,0.51080906,-0.14151303
1783532917.2653,20,left_handMidStart_joint,0.2608483,-0.004688537,0.22177055,0.6476181,-0.5734006,0.46823922,-0.18043022
1783532917.2653,20,left_handMid_1_joint,0.2535454,-0.07398811,0.25214326,0.6476181,-0.5734006,0.46823922,-0.18043022
1783532917.2653,20,left_handMid_2_joint,0.24841365,-0.122685105,0.27348626,0.6476181,-0.5734006,0.46823922,-0.18043022
1783532917.2653,20,left_handMid_3_joint,0.24545301,-0.15077953,0.2857995,0.6476181,-0.5734006,0.46823922,-0.18043022
1783532917.2653,20,left_handMidEnd_joint,0.24347925,-0.16950914,0.29400837,0.6476181,-0.5734006,0.46823922,-0.18043022
1783532917.2653,20,left_handPinkyStart_joint,0.28161043,-0.013259437,0.20550777,0.673349,-0.5752493,0.389383,-0.25312197
1783532917.2653,20,left_handPinky_1_joint,0.28382906,-0.074970685,0.22031406,0.673349,-0.5752493,0.389383,-0.25312197
1783532917.2653,20,left_handPinky_2_joint,0.28519943,-0.11308645,0.22945912,0.673349,-0.5752493,0.389383,-0.25312197
1783532917.2653,20,left_handPinky_3_joint,0.28591722,-0.13305186,0.2342494,0.673349,-0.5752493,0.389383,-0.25312197
1783532917.2653,20,left_handPinkyEnd_joint,0.28656977,-0.15120222,0.23860417,0.673349,-0.5752493,0.389383,-0.25312197
1783532917.2653,20,left_handRingStart_joint,0.27038145,-0.009156675,0.21433705,0.6613055,-0.5748006,0.42996934,-0.21772957
1783532917.2653,20,left_handRing_1_joint,0.2682483,-0.07533899,0.23657638,0.6613055,-0.5748006,0.42996934,-0.21772957
1783532917.2653,20,left_handRing_2_joint,0.26674253,-0.12205591,0.25227472,0.6613055,-0.5748006,0.42996934,-0.21772957
1783532917.2653,20,left_handRing_3_joint,0.26580143,-0.15125398,0.26208618,0.6613055,-0.5748006,0.42996934,-0.21772957
1783532917.2653,20,left_handRingEnd_joint,0.26517403,-0.17071937,0.26862717,0.6613055,-0.5748006,0.42996934,-0.21772957
1783532917.2653,20,left_handThumbStart_joint,0.24259472,-0.00020202994,0.21913265,0.24272801,-0.10322007,0.92114526,-0.28621778
1783532917.2653,20,left_handThumb_1_joint,0.20402497,-0.03120895,0.23997042,0.24272801,-0.10322007,0.92114526,-0.28621778
1783532917.2653,20,left_handThumb_2_joint,0.17645492,-0.053370316,0.25486562,0.24272801,-0.10322005,0.92114526,-0.28621778
1783532917.2653,20,left_handThumbEnd_joint,0.15807489,-0.06814457,0.26479575,0.24272801,-0.10322002,0.92114526,-0.28621778
1783532917.2653,20,neck_1_joint,-0.0010346347,0.576657,0.08991039,0.5960579,0.33877593,0.63044643,0.3639823
1783532917.2653,20,neck_2_joint,-0.0017685466,0.6025411,0.10505884,0.5867732,0.35283595,0.6234101,0.37757644
1783532917.2653,20,neck_3_joint,-0.0028192145,0.6379346,0.123665065,0.57011735,0.37670437,0.6108747,0.39986554
1783532917.2653,20,neck_4_joint,-0.004025145,0.6746573,0.1394762,0.5543558,0.3981765,0.5976507,0.42066523
1783532917.2653,20,head_joint,-0.00548409,0.7182477,0.15517174,0.49893087,0.46387273,0.54723316,0.48623702
1783532917.2653,20,jaw_joint,-0.0050984314,0.6928875,0.15776221,0.49893087,0.46387273,0.54723316,0.48623702
1783532917.2653,20,chin_joint,-0.010563152,0.6334557,0.2523033,0.49893087,0.46387273,0.54723316,0.48623702
1783532917.2653,20,left_eye_joint,0.019755902,0.7430401,0.246576,0.5029575,0.4595038,0.551453,0.48144597
1783532917.2653,20,left_eyeLowerLid_joint,0.019755902,0.7430401,0.246576,0.5029575,0.4595038,0.551453,0.48144597
1783532917.2653,20,left_eyeUpperLid_joint,0.019755902,0.7430401,0.246576,0.5029575,0.4595038,0.551453,0.48144597
1783532917.2653,20,left_eyeball_joint,0.019755902,0.7430401,0.246576,0.5029575,0.4595038,0.551453,0.48144597
1783532917.2653,20,nose_joint,-0.013105914,0.70760053,0.26438966,0.5029599,0.45950115,0.5514555,0.4814431
1783532917.2653,20,right_eye_joint,-0.04469598,0.741586,0.24193649,0.5029575,0.4595038,0.551453,0.48144597
1783532917.2653,20,right_eyeLowerLid_joint,-0.04469598,0.741586,0.24193649,0.5029575,0.4595038,0.551453,0.48144597
1783532917.2653,20,right_eyeUpperLid_joint,-0.04469598,0.741586,0.24193649,0.5029575,0.4595038,0.551453,0.48144597
1783532917.2653,20,right_eyeball_joint,-0.04469598,0.741586,0.24193649,0.5029575,0.4595038,0.551453,0.48144597
1783532917.2653,20,right_shoulder_1_joint,-0.09010523,0.55614847,0.07942078,0.79385877,0.13375965,0.072115354,0.588809
1783532917.2653,20,right_arm_joint,-0.22845538,0.51302576,0.085660644,0.69329906,0.52548087,0.3306218,0.36591744
1783532917.2653,20,right_forearm_joint,-0.28939757,0.25486216,0.0660111,0.52794814,0.7124799,0.24373096,0.39273238
1783532917.2653,20,right_hand_joint,-0.25347212,0.0019656944,0.14701149,0.18528584,0.42233092,0.62343335,0.631377
1783532917.2653,20,right_handIndexStart_joint,-0.2384643,-0.016480772,0.1631488,0.14233531,0.46439454,0.6350979,0.6006074
1783532917.2653,20,right_handIndex_1_joint,-0.21934849,-0.08836559,0.19342919,0.14233531,0.46439454,0.6350979,0.6006074
1783532917.2653,20,right_handIndex_2_joint,-0.2082342,-0.13015929,0.21103363,0.14233531,0.46439454,0.6350979,0.6006074
1783532917.2653,20,right_handIndex_3_joint,-0.20201074,-0.15356404,0.22089285,0.14233531,0.46439454,0.6350979,0.6006074
1783532917.2653,20,right_handIndexEnd_joint,-0.19756539,-0.17028141,0.2279351,0.14233531,0.46439454,0.6350979,0.6006074
1783532917.2653,20,right_handMidStart_joint,-0.24785645,-0.022001125,0.15646401,0.1846816,0.42285702,0.6238487,0.6307914
1783532917.2653,20,right_handMid_1_joint,-0.2375191,-0.093700916,0.17949985,0.1846816,0.42285702,0.6238487,0.6307914
1783532917.2653,20,right_handMid_2_joint,-0.23025535,-0.14408389,0.19568746,0.1846816,0.42285702,0.6238487,0.6307914
1783532917.2653,20,right_handMid_3_joint,-0.2260645,-0.17315117,0.20502633,0.1846816,0.42285702,0.6238487,0.6307914
1783532917.2653,20,right_handMidEnd_joint,-0.2232709,-0.192529,0.21125238,0.1846816,0.42285702,0.6238487,0.6307914
1783532917.2653,20,right_handPinkyStart_joint,-0.26711,-0.029940968,0.13815372,0.2611038,0.34570304,0.62419677,0.65014833
1783532917.2653,20,right_handPinky_1_joint,-0.26595023,-0.09294439,0.1459996,0.2611038,0.34570304,0.62419677,0.65014833
1783532917.2653,20,right_handPinky_2_joint,-0.26523417,-0.13185902,0.15084618,0.2611038,0.34570304,0.62419677,0.65014833
1783532917.2653,20,right_handPinky_3_joint,-0.26485866,-0.15224254,0.15338416,0.2611038,0.34570304,0.62419677,0.65014833
1783532917.2653,20,right_handPinkyEnd_joint,-0.26451764,-0.17077288,0.15569168,0.2611038,0.34570304,0.62419677,0.65014833
1783532917.2653,20,right_handRingStart_joint,-0.25666285,-0.026179377,0.14803238,0.22383876,0.38541663,0.6246148,0.64125425
1783532917.2653,20,right_handRing_1_joint,-0.25125802,-0.09418763,0.16302782,0.22383876,0.38541663,0.6246148,0.64125425
1783532917.2653,20,right_handRing_2_joint,-0.24744269,-0.14219303,0.17361253,0.22383876,0.38541663,0.6246148,0.64125425
1783532917.2653,20,right_handRing_3_joint,-0.2450584,-0.1721968,0.1802285,0.22383876,0.38541663,0.6246148,0.64125425
1783532917.2653,20,right_handRingEnd_joint,-0.24346823,-0.1921998,0.18463846,0.22383876,0.38541663,0.6246148,0.64125425
1783532917.2653,20,right_handThumbStart_joint,-0.22983244,-0.016142065,0.155426,0.26645634,0.91552395,0.1698949,0.24890324
1783532917.2653,20,right_handThumb_1_joint,-0.19041541,-0.04688404,0.17503501,0.26645634,0.91552395,0.16989489,0.24890324
1783532917.2653,20,right_handThumb_2_joint,-0.16224027,-0.06885584,0.18905255,0.26645637,0.91552395,0.16989487,0.24890326
1783532917.2653,20,right_handThumbEnd_joint,-0.14345679,-0.0835039,0.19839679,0.26645637,0.915524,0.16989483,0.24890326
1783532917.2653,20,camera,0.109769404,0.069736026,-0.040249042,-0.08121919,-0.07693342,-0.69898206,0.70633465
1783532917.2986,21,root,-0.00018597677,0.0209063,-0.0034290936,-0.052673012,-0.0015511549,-0.0018261285,0.99860895
1783532917.2986,21,hips_joint,-0.00018597677,0.0209063,-0.0034290936,-0.052673012,-0.0015511549,-0.0018261285,0.99860895
1783532917.2986,21,left_upLeg_joint,0.10025489,-0.0041828225,0.00048236578,0.6336503,-0.36535928,0.5650937,-0.3816663
1783532917.2986,21,left_leg_joint,0.13999145,-0.3808047,0.18461004,-0.27157295,0.680635,-0.28240278,0.6190582
1783532917.2986,21,left_foot_joint,0.1006491,-0.70975983,-0.13062042,0.63352174,-0.36832753,0.6040753,-0.31317455
1783532917.2986,21,left_toes_joint,0.10047857,-0.83569896,-0.050934885,0.69184977,-0.24157654,0.6524832,-0.19300388
1783532917.2986,21,left_toesEnd_joint,0.102408715,-0.87125397,-0.0018250083,0.6918497,-0.24157636,0.6524833,-0.19300412
1783532917.2986,21,right_upLeg_joint,-0.10082277,-0.0034775208,-0.0001792711,0.36697003,0.5782603,0.4177051,0.5970517
1783532917.2986,21,right_leg_joint,-0.09335897,-0.39222708,0.16149189,0.61180925,0.31801403,0.6552257,0.30860314
1783532917.2986,21,right_foot_joint,-0.06550466,-0.7551169,-0.115391694,0.2855074,0.6276369,0.32548884,0.64700425
1783532917.2986,21,right_toes_joint,-0.065543085,-0.8712984,-0.02205183,0.16137314,0.6703741,0.19695829,0.6969683
1783532917.2986,21,right_toesEnd_joint,-0.066975385,-0.9010768,0.0307763,0.16137363,0.6703742,0.19695786,0.6969682
1783532917.2986,21,spine_1_joint,-0.00018599656,0.0209063,-0.0034290936,0.46182063,0.5333867,0.46806785,0.53210235
1783532917.2986,21,spine_2_joint,-0.0005991044,0.07792842,-0.011216335,0.46568066,0.5286882,0.473189,0.5288883
1783532917.2986,21,spine_3_joint,-0.0009926382,0.13507427,-0.01803774,0.48635808,0.5044603,0.49616092,0.5126405
1783532917.2986,21,spine_4_joint,-0.0010622182,0.18809669,-0.019872878,0.51982033,0.464394,0.53013325,0.4827877
1783532917.2986,21,spine_5_joint,-0.00059228565,0.25820786,-0.012855305,0.56368387,0.40479898,0.5750735,0.433231
1783532917.2986,21,spine_6_joint,0.00040653555,0.34762758,0.015594637,0.573694,0.38255277,0.5939575,0.4144193
1783532917.2986,21,spine_7_joint,0.0005578646,0.4470862,0.055296782,0.55640775,0.40174794,0.58534276,0.43172142
1783532917.2986,21,left_shoulder_1_joint,0.089182325,0.5546585,0.08964086,-0.601857,0.010049044,-0.14928913,0.7844618
1783532917.2986,21,left_arm_joint,0.22773726,0.5189299,0.11341962,-0.3524977,0.29927102,-0.5330627,0.7085385
1783532917.2986,21,left_forearm_joint,0.29491532,0.26188713,0.100576915,-0.40875182,0.17541651,-0.72038966,0.5321565
1783532917.2986,21,left_hand_joint,0.26826194,0.018001061,0.20836069,0.6467037,-0.57363605,0.4697594,-0.17900503
1783532917.2986,21,left_handIndexStart_joint,0.2521511,0.0006970179,0.22662313,0.6146687,-0.58441365,0.5104285,-0.14179815
1783532917.2986,21,left_handIndex_1_joint,0.23575552,-0.06862681,0.26370662,0.6146687,-0.58441365,0.5104285,-0.14179815
1783532917.2986,21,left_handIndex_2_joint,0.2262232,-0.10893137,0.2852668,0.6146687,-0.58441365,0.5104285,-0.14179815
1783532917.2986,21,left_handIndex_3_joint,0.2208851,-0.13150191,0.2973405,0.6146687,-0.58441365,0.5104285,-0.14179815
1783532917.2986,21,left_handIndexEnd_joint,0.21707217,-0.14762375,0.3059646,0.6146687,-0.58441365,0.5104285,-0.14179815
1783532917.2986,21,left_handMidStart_joint,0.262248,-0.0048618647,0.22109795,0.64790845,-0.57331204,0.4678383,-0.18071018
1783532917.2986,21,left_handMid_1_joint,0.25501764,-0.074186936,0.25142986,0.64790845,-0.57331204,0.4678383,-0.18071018
1783532917.2986,21,left_handMid_2_joint,0.24993682,-0.12290185,0.27274418,0.64790845,-0.57331204,0.4678383,-0.18071018
1783532917.2986,21,left_handMid_3_joint,0.2470056,-0.1510066,0.2850409,0.64790845,-0.57331204,0.4678383,-0.18071018
1783532917.2986,21,left_handMidEnd_joint,0.24505143,-0.16974309,0.2932387,0.64790845,-0.57331204,0.4678383,-0.18071018
1783532917.2986,21,left_handPinkyStart_joint,0.28301027,-0.013404698,0.2048206,0.6735998,-0.5751406,0.3889447,-0.25337592
1783532917.2986,21,left_handPinky_1_joint,0.28528816,-0.07512342,0.21958674,0.6735998,-0.5751406,0.3889447,-0.25337592
1783532917.2986,21,left_handPinky_2_joint,0.28669506,-0.1132438,0.228707,0.6735998,-0.5751406,0.3889447,-0.25337592
1783532917.2986,21,left_handPinky_3_joint,0.28743204,-0.13321163,0.23348428,0.6735998,-0.5751406,0.3889447,-0.25337592
1783532917.2986,21,left_handPinkyEnd_joint,0.288102,-0.15136419,0.23782726,0.6735998,-0.5751406,0.3889447,-0.25337592
1783532917.2986,21,left_handRingStart_joint,0.27178168,-0.009317138,0.21365745,0.66157615,-0.5747022,0.429549,-0.21799718
1783532917.2986,21,left_handRing_1_joint,0.2697148,-0.07551537,0.23585568,0.66157615,-0.5747022,0.429549,-0.21799718
1783532917.2986,21,left_handRing_2_joint,0.26825583,-0.122243516,0.25152504,0.66157615,-0.5747022,0.429549,-0.21799718
1783532917.2986,21,left_handRing_3_joint,0.26734397,-0.1514486,0.2613184,0.66157615,-0.5747022,0.429549,-0.21799718
1783532917.2986,21,left_handRingEnd_joint,0.26673606,-0.17091867,0.26784727,0.66157615,-0.5747022,0.429549,-0.21799718
1783532917.2986,21,left_handThumbStart_joint,0.24398941,-0.00038929342,0.21847089,0.24288322,-0.10347138,0.9209368,-0.28666583
1783532917.2986,21,left_handThumb_1_joint,0.20545532,-0.03144239,0.23930587,0.24288322,-0.10347138,0.9209368,-0.28666583
1783532917.2986,21,left_handThumb_2_joint,0.17791075,-0.053636763,0.2541991,0.24288322,-0.10347137,0.9209368,-0.28666583
1783532917.2986,21,left_handThumbEnd_joint,0.1595477,-0.068433024,0.2641279,0.2428832,-0.103471346,0.9209368,-0.28666583
1783532917.2986,21,neck_1_joint,-0.00012066513,0.5767755,0.08973978,0.5965593,0.33810484,0.6300003,0.36455756
1783532917.2986,21,neck_2_joint,-0.00079358486,0.60265774,0.104894206,0.58729047,0.35217777,0.6229519,0.378143
1783532917.2986,21,neck_3_joint,-0.0017614546,0.6380494,0.12350863,0.57066137,0.37606898,0.6103972,0.40041682
1783532917.2986,21,neck_4_joint,-0.0028824701,0.67477113,0.13932829,0.55492383,0.39756277,0.5971551,0.42120072
1783532917.2986,21,head_joint,-0.004241499,0.7183612,0.15503396,0.49957103,0.46333468,0.54668105,0.4867141
1783532917.2986,21,jaw_joint,-0.0039106263,0.69299954,0.15761869,0.49957103,0.46333468,0.54668105,0.4867141
1783532917.2986,21,chin_joint,-0.009478492,0.6335587,0.2521481,0.49957103,0.46333468,0.54668105,0.4867141
1783532917.2986,21,left_eye_joint,0.02107879,0.74307775,0.24643657,0.5035929,0.45896018,0.55090505,0.48192787
1783532917.2986,21,left_eyeLowerLid_joint,0.02107879,0.74307775,0.24643657,0.5035929,0.45896018,0.55090505,0.48192787
1783532917.2986,21,left_eyeUpperLid_joint,0.02107879,0.74307775,0.24643657,0.5035929,0.45896018,0.55090505,0.48192787
1783532917.2986,21,left_eyeball_joint,0.02107879,0.74307775,0.24643657,0.5035929,0.45896018,0.55090505,0.48192787
1783532917.2986,21,nose_joint,-0.01185547,0.7077063,0.26425174,0.5035953,0.45895755,0.55090755,0.48192492
1783532917.2986,21,right_eye_joint,-0.043377455,0.74176586,0.24181513,0.5035929,0.45896018,0.55090505,0.48192787
1783532917.2986,21,right_eyeLowerLid_joint,-0.043377455,0.74176586,0.24181513,0.5035929,0.45896018,0.55090505,0.48192787
1783532917.2986,21,right_eyeUpperLid_joint,-0.043377455,0.74176586,0.24181513,0.5035929,0.45896018,0.55090505,0.48192787
1783532917.2986,21,right_eyeball_joint,-0.043377455,0.74176586,0.24181513,0.5035929,0.45896018,0.55090505,0.48192787
1783532917.2986,21,right_shoulder_1_joint,-0.08923899,0.55646443,0.079271086,0.7942032,0.13245511,0.071135186,0.5887592
1783532917.2986,21,right_arm_joint,-0.22773063,0.5137974,0.08550484,0.69411695,0.5244738,0.33022842,0.3661675
1783532917.2986,21,right_forearm_joint,-0.28937367,0.2558097,0.0657304,0.52868396,0.71199524,0.2432398,0.3929261
1783532917.2986,21,right_hand_joint,-0.25394636,0.0028476524,0.14674576,0.18575698,0.42223957,0.6227495,0.63197446
1783532917.2986,21,right_handIndexStart_joint,-0.23897262,-0.01562795,0.1628814,0.14285204,0.46434417,0.63444835,0.60121024
1783532917.2986,21,right_handIndex_1_joint,-0.21999682,-0.08754892,0.19316408,0.14285204,0.46434417,0.63444835,0.60121024
1783532917.2986,21,right_handIndex_2_joint,-0.20896396,-0.12936363,0.21076986,0.14285204,0.46434417,0.63444835,0.60121024
1783532917.2986,21,right_handIndex_3_joint,-0.20278607,-0.15278013,0.22062983,0.14285204,0.46434417,0.63444835,0.60121024
1783532917.2986,21,right_handIndexEnd_joint,-0.19837329,-0.16950592,0.2276726,0.14285204,0.46434417,0.63444835,0.60121024
1783532917.2986,21,right_handMidStart_joint,-0.2483775,-0.021129731,0.15619922,0.18515337,0.4227662,0.6231655,0.63138926
1783532917.2986,21,right_handMid_1_joint,-0.23818138,-0.09284841,0.17923927,0.18515337,0.4227662,0.6231655,0.63138926
1783532917.2986,21,right_handMid_2_joint,-0.23101686,-0.14324467,0.19542983,0.18515337,0.4227662,0.6231655,0.63138926
1783532917.2986,21,right_handMid_3_joint,-0.22688325,-0.1723196,0.2047704,0.18515337,0.4227662,0.6231655,0.63138926
1783532917.2986,21,right_handMidEnd_joint,-0.2241278,-0.19170253,0.2109976,0.18515337,0.4227662,0.6231655,0.63138926
1783532917.2986,21,right_handPinkyStart_joint,-0.26765123,-0.02903192,0.13789389,0.26149595,0.34553647,0.62348884,0.6507585
1783532917.2986,21,right_handPinky_1_joint,-0.26661828,-0.09203688,0.14574523,0.26149595,0.34553647,0.62348884,0.6507585
1783532917.2986,21,right_handPinky_2_joint,-0.26598057,-0.13095246,0.15059516,0.26149595,0.34553647,0.62348884,0.6507585
1783532917.2986,21,right_handPinky_3_joint,-0.2656461,-0.15133649,0.15313491,0.26149595,0.34553647,0.62348884,0.6507585
1783532917.2986,21,right_handPinkyEnd_joint,-0.26534235,-0.16986726,0.15544404,0.26149595,0.34553647,0.62348884,0.6507585
1783532917.2986,21,right_handRingStart_joint,-0.25719428,-0.025290765,0.14776988,0.22427191,0.38528705,0.62391824,0.6418587
1783532917.2986,21,right_handRing_1_joint,-0.25192487,-0.09330856,0.16277029,0.22427191,0.38528705,0.62391824,0.6418587
1783532917.2986,21,right_handRing_2_joint,-0.24820518,-0.1413207,0.17335851,0.22427191,0.38528705,0.62391824,0.6418587
1783532917.2986,21,right_handRing_3_joint,-0.24588065,-0.1713287,0.17997666,0.22427191,0.38528705,0.62391824,0.6418587
1783532917.2986,21,right_handRingEnd_joint,-0.24433033,-0.19133449,0.18438806,0.22427191,0.38528705,0.62391824,0.6418587
1783532917.2986,21,right_handThumbStart_joint,-0.23034179,-0.01530755,0.15515669,0.26739785,0.91528684,0.16957022,0.24898748
1783532917.2986,21,right_handThumb_1_joint,-0.19098324,-0.046128135,0.17475979,0.26739788,0.91528684,0.16957021,0.24898748
1783532917.2986,21,right_handThumb_2_joint,-0.16284987,-0.06815612,0.1887731,0.26739785,0.91528684,0.1695702,0.24898748
1783532917.2986,21,right_handThumbEnd_joint,-0.14409426,-0.08284164,0.1981145,0.26739785,0.91528684,0.16957016,0.2489875
1783532917.2986,21,camera,0.11007658,0.06976134,-0.039832532,-0.081378154,-0.07699046,-0.6988859,0.7064054
1783532917.3320,22,root,-0.00018208016,0.020888157,-0.0033858025,-0.053734493,-0.0014222561,-0.0021524408,0.99855196
1783532917.3320,22,hips_joint,-0.00018208016,0.020888157,-0.0033858025,-0.053734493,-0.0014222561,-0.0021524408,0.99855196
1783532917.3320,22,left_upLeg_joint,0.10024289,-0.004259791,0.00055624783,0.6345346,-0.3640911,0.5655283,-0.38076425
1783532917.3320,22,left_leg_joint,0.14034474,-0.3801861,0.1860212,-0.27179638,0.6804593,-0.2821625,0.61926275
1783532917.3320,22,left_foot_joint,0.10134522,-0.7091533,-0.1292391,0.6335892,-0.3680514,0.60401237,-0.3134838
1783532917.3320,22,left_toes_joint,0.10125797,-0.8350975,-0.049561452,0.6918638,-0.24129261,0.65248,-0.19331945
1783532917.3320,22,left_toesEnd_joint,0.103205256,-0.870654,-0.00045332432,0.6918638,-0.24129243,0.65248,-0.1933197
1783532917.3320,22,right_upLeg_joint,-0.10083441,-0.0034213709,-6.1432125e-05,0.36591977,0.5795031,0.41648498,0.5973437
1783532917.3320,22,right_leg_joint,-0.09301603,-0.39153138,0.16312262,0.6132151,0.31659493,0.6556441,0.30637574
1783532917.3320,22,right_foot_joint,-0.06548372,-0.7528166,-0.11588367,0.28748932,0.62738687,0.327192,0.6455087
1783532917.3320,22,right_toes_joint,-0.0652844,-0.86953,-0.023209905,0.16336653,0.67050415,0.19891398,0.6958227
1783532917.3320,22,right_toesEnd_joint,-0.066601634,-0.8996108,0.029449647,0.163367,0.6705043,0.19891351,0.6958226
1783532917.3320,22,spine_1_joint,-0.00018209993,0.020888157,-0.0033858025,0.46170613,0.5335809,0.46724415,0.53273076
1783532917.3320,22,spine_2_joint,-0.00053035317,0.0778969,-0.011273482,0.46582723,0.528636,0.47241768,0.5295004
1783532917.3320,22,spine_3_joint,-0.00083358824,0.1350352,-0.01816233,0.48675308,0.50413305,0.49553138,0.5131961
1783532917.3320,22,spine_4_joint,-0.0008018976,0.18805683,-0.02002111,0.5204071,0.4637667,0.52966225,0.4832753
1783532917.3320,22,spine_5_joint,-0.00017953455,0.2581648,-0.012983428,0.56433994,0.40390286,0.5747166,0.43368652
1783532917.3320,22,spine_6_joint,0.0010319274,0.34755918,0.015537726,0.57436424,0.3815152,0.5936757,0.41485098
1783532917.3320,22,spine_7_joint,0.0014240211,0.44697428,0.055347007,0.55701315,0.40075552,0.58517057,0.43209636
1783532917.3320,22,left_shoulder_1_joint,0.09027369,0.55431443,0.0898353,-0.60150313,0.01045239,-0.15002003,0.78458846
1783532917.3320,22,left_arm_joint,0.22876278,0.5183447,0.11363411,-0.3521466,0.2992335,-0.5334283,0.70845383
1783532917.3320,22,left_forearm_joint,0.2957454,0.26125106,0.100787915,-0.40842935,0.17518808,-0.721245,0.53132
1783532917.3320,22,left_hand_joint,0.26847407,0.0175247,0.20877811,0.64594275,-0.5739684,0.47058007,-0.178531
1783532917.3320,22,left_handIndexStart_joint,0.25230762,0.00027132986,0.22703934,0.61385614,-0.58471423,0.51119846,-0.14130415
1783532917.3320,22,left_handIndex_1_joint,0.23572923,-0.06898283,0.26417166,0.61385614,-0.58471423,0.51119846,-0.14130415
1783532917.3320,22,left_handIndex_2_joint,0.22609064,-0.10924688,0.28576025,0.61385614,-0.58471423,0.51119846,-0.14130415
1783532917.3320,22,left_handIndex_3_joint,0.220693,-0.13179475,0.29784983,0.61385614,-0.58471423,0.51119846,-0.14130415
1783532917.3320,22,left_handIndexEnd_joint,0.21683757,-0.14790037,0.30648527,0.61385614,-0.58471423,0.51119846,-0.14130415
1783532917.3320,22,left_handMidStart_joint,0.2623993,-0.005313518,0.2215308,0.64714974,-0.5736456,0.46866107,-0.18023731
1783532917.3320,22,left_handMid_1_joint,0.2549936,-0.07459419,0.25192177,0.64714974,-0.5736456,0.46866107,-0.18023731
1783532917.3320,22,left_handMid_2_joint,0.24978958,-0.12327791,0.2732776,0.64714974,-0.5736456,0.46866107,-0.18023731
1783532917.3320,22,left_handMid_3_joint,0.24678725,-0.15136467,0.28559828,0.64714974,-0.5736456,0.46866107,-0.18023731
1783532917.3320,22,left_handMidEnd_joint,0.24478573,-0.17008917,0.29381207,0.64714974,-0.5736456,0.46866107,-0.18023731
1783532917.3320,22,left_handPinkyStart_joint,0.28316215,-0.013914523,0.2052849,0.6729183,-0.5754982,0.389857,-0.25297213
1783532917.3320,22,left_handPinky_1_joint,0.2852975,-0.07562339,0.22011335,0.6729183,-0.5754982,0.389857,-0.25297213
1783532917.3320,22,left_handPinky_2_joint,0.28661638,-0.113737695,0.2292721,0.6729183,-0.5754982,0.389857,-0.25297213
1783532917.3320,22,left_handPinky_3_joint,0.28730726,-0.13370234,0.23406953,0.6729183,-0.5754982,0.389857,-0.25297213
1783532917.3320,22,left_handPinkyEnd_joint,0.28793532,-0.151852,0.23843084,0.6729183,-0.5754982,0.389857,-0.25297213
1783532917.3320,22,left_handRingStart_joint,0.2719321,-0.0097954655,0.21410526,0.66085535,-0.57504755,0.43041822,-0.21755755
1783532917.3320,22,left_handRing_1_joint,0.26970533,-0.07596773,0.23636529,0.66085535,-0.57504755,0.43041822,-0.21755755
1783532917.3320,22,left_handRing_2_joint,0.2681335,-0.12267757,0.25207826,0.66085535,-0.57504755,0.43041822,-0.21755755
1783532917.3320,22,left_handRing_3_joint,0.2671511,-0.15187122,0.26189888,0.66085535,-0.57504755,0.43041822,-0.21755755
1783532917.3320,22,left_handRingEnd_joint,0.26649618,-0.17133366,0.26844594,0.66085535,-0.57504755,0.43041822,-0.21755755
1783532917.3320,22,left_handThumbStart_joint,0.24415277,-0.0008062327,0.21887906,0.2424036,-0.10311305,0.9214142,-0.28566504
1783532917.3320,22,left_handThumb_1_joint,0.20553218,-0.031760342,0.23970115,0.2424036,-0.10311305,0.9214142,-0.28566504
1783532917.3320,22,left_handThumb_2_joint,0.1779258,-0.053883966,0.25458518,0.2424036,-0.10311303,0.9214142,-0.28566504
1783532917.3320,22,left_handThumbEnd_joint,0.15952154,-0.06863305,0.26450783,0.24240357,-0.10311301,0.9214142,-0.28566504
1783532917.3320,22,neck_1_joint,0.0010190815,0.5766258,0.089936234,0.59705156,0.33705214,0.6298705,0.36495027
1783532917.3320,22,neck_2_joint,0.00039861858,0.60249233,0.10511971,0.5878068,0.3511374,0.62281406,0.37853512
1783532917.3320,22,neck_3_joint,-0.0004969722,0.63786495,0.123773836,0.5712179,0.37505093,0.6102465,0.4008077
1783532917.3320,22,neck_4_joint,-0.0015420943,0.67457116,0.13963467,0.5555172,0.39656663,0.59699184,0.42158878
1783532917.3320,22,head_joint,-0.0028102333,0.71814626,0.15538922,0.5002795,0.46241874,0.5464765,0.4870868
1783532917.3320,22,jaw_joint,-0.002535277,0.69278115,0.15794536,0.5002795,0.46241874,0.5464765,0.4870868
1783532917.3320,22,chin_joint,-0.0082570985,0.6332459,0.25240615,0.5002795,0.46241874,0.5464765,0.4870868
1783532917.3320,22,left_eye_joint,0.022540156,0.74270445,0.24682617,0.5042933,0.45803818,0.5507037,0.48230237
1783532917.3320,22,left_eyeLowerLid_joint,0.022540156,0.74270445,0.24682617,0.5042933,0.45803818,0.5507037,0.48230237
1783532917.3320,22,left_eyeUpperLid_joint,0.022540156,0.74270445,0.24682617,0.5042933,0.45803818,0.5507037,0.48230237
1783532917.3320,22,left_eyeball_joint,0.022540156,0.74270445,0.24682617,0.5042933,0.45803818,0.5507037,0.48230237
1783532917.3320,22,nose_joint,-0.010475688,0.7073847,0.26459292,0.5042958,0.45803547,0.55070627,0.48229948
1783532917.3320,22,right_eye_joint,-0.04191759,0.7415382,0.24218673,0.5042933,0.45803818,0.5507037,0.48230237
1783532917.3320,22,right_eyeLowerLid_joint,-0.04191759,0.7415382,0.24218673,0.5042933,0.45803818,0.5507037,0.48230237
1783532917.3320,22,right_eyeUpperLid_joint,-0.04191759,0.7415382,0.24218673,0.5042933,0.45803818,0.5507037,0.48230237
1783532917.3320,22,right_eyeball_joint,-0.04191759,0.7415382,0.24218673,0.5042933,0.45803818,0.5507037,0.48230237
1783532917.3320,22,right_shoulder_1_joint,-0.08814053,0.55652076,0.07942175,0.7946869,0.13158314,0.07094602,0.5883244
1783532917.3320,22,right_arm_joint,-0.22670677,0.5140774,0.085523605,0.6946292,0.5236186,0.33059955,0.3660848
1783532917.3320,22,right_forearm_joint,-0.28869617,0.25620508,0.06533245,0.52929306,0.7112848,0.24334739,0.39332572
1783532917.3320,22,right_hand_joint,-0.25378275,0.0031373976,0.14624059,0.18600291,0.42160732,0.62240785,0.6326603
1783532917.3320,22,right_handIndexStart_joint,-0.23885624,-0.015373002,0.16238011,0.14312033,0.4637603,0.6341247,0.601938
1783532917.3320,22,right_handIndex_1_joint,-0.2200334,-0.08734343,0.19264072,0.14312033,0.4637603,0.6341247,0.601938
1783532917.3320,22,right_handIndex_2_joint,-0.20908946,-0.1291869,0.21023366,0.14312033,0.4637603,0.6341247,0.601938
1783532917.3320,22,right_handIndex_3_joint,-0.20296139,-0.15261951,0.22008644,0.14312033,0.4637603,0.6341247,0.601938
1783532917.3320,22,right_handIndexEnd_joint,-0.19858417,-0.1693568,0.22712408,0.14312033,0.4637603,0.6341247,0.601938
1783532917.3320,22,right_handMidStart_joint,-0.24826428,-0.020854812,0.15568598,0.18539938,0.4221346,0.6228242,0.63207585
1783532917.3320,22,right_handMid_1_joint,-0.23821391,-0.09260376,0.17869577,0.18539938,0.4221346,0.6228242,0.63207585
1783532917.3320,22,right_handMid_2_joint,-0.23115182,-0.14302127,0.19486506,0.18539938,0.4221346,0.6228242,0.63207585
1783532917.3320,22,right_handMid_3_joint,-0.22707732,-0.17210847,0.20419338,0.18539938,0.4221346,0.6228242,0.63207585
1783532917.3320,22,right_handMidEnd_joint,-0.22436129,-0.19149959,0.21041238,0.18539938,0.4221346,0.6228242,0.63207585
1783532917.3320,22,right_handPinkyStart_joint,-0.26753432,-0.02871352,0.13735805,0.2616804,0.3448297,0.62314546,0.65138775
1783532917.3320,22,right_handPinky_1_joint,-0.26661772,-0.091724515,0.14517535,0.2616804,0.3448297,0.62314546,0.65138775
1783532917.3320,22,right_handPinky_2_joint,-0.26605183,-0.13064383,0.15000425,0.2616804,0.3448297,0.62314546,0.65138775
1783532917.3320,22,right_handPinky_3_joint,-0.265755,-0.15102978,0.15253298,0.2616804,0.3448297,0.62314546,0.65138775
1783532917.3320,22,right_handPinkyEnd_joint,-0.2654855,-0.16956234,0.1548321,0.2616804,0.3448297,0.62314546,0.65138775
1783532917.3320,22,right_handRingStart_joint,-0.25708026,-0.024995923,0.14724602,0.22448805,0.3846165,0.623576,0.6425174
1783532917.3320,22,right_handRing_1_joint,-0.2519426,-0.09303103,0.16221356,0.22448805,0.3846165,0.623576,0.6425174
1783532917.3320,22,right_handRing_2_joint,-0.24831589,-0.14105538,0.1727786,0.22448805,0.3846165,0.623576,0.6425174
1783532917.3320,22,right_handRing_3_joint,-0.24604948,-0.17107101,0.17938226,0.22448805,0.3846165,0.623576,0.6425174
1783532917.3320,22,right_handRingEnd_joint,-0.24453788,-0.1910819,0.18378402,0.22448805,0.3846165,0.623576,0.6425174
1783532917.3320,22,right_handThumbStart_joint,-0.23021755,-0.015063244,0.15466373,0.26817772,0.91489047,0.16973527,0.24949215
1783532917.3320,22,right_handThumb_1_joint,-0.1909309,-0.04596268,0.17428686,0.26817772,0.91489047,0.16973525,0.24949215
1783532917.3320,22,right_handThumb_2_joint,-0.16284892,-0.06804704,0.18831447,0.26817772,0.91489047,0.16973524,0.24949217
1783532917.3320,22,right_handThumbEnd_joint,-0.14412756,-0.08277014,0.19766544,0.2681777,0.9148905,0.16973521,0.24949211
1783532917.3320,22,camera,0.10982174,0.06975876,-0.03936757,-0.08117975,-0.076509416,-0.6990671,0.7063012
1783532917.3654,23,root,-0.00012620511,0.020794947,-0.0036678603,-0.053730562,-0.0014896621,-0.0018761194,0.9985526
1783532917.3654,23,hips_joint,-0.00012620511,0.020794947,-0.0036678603,-0.053730562,-0.0014896621,-0.0018761194,0.9985526
1783532917.3654,23,left_upLeg_joint,0.10031238,-0.0042968774,0.00028455703,0.6350296,-0.3637065,0.56527334,-0.38068503
1783532917.3654,23,left_leg_joint,0.14089274,-0.38004985,0.18599655,-0.27261356,0.68048817,-0.2823355,0.6187928
1783532917.3654,23,left_foot_joint,0.101767994,-0.70950943,-0.12873356,0.63425034,-0.36757013,0.6038587,-0.31300712
1783532917.3654,23,left_toes_joint,0.10184157,-0.8353351,-0.04886875,0.6924216,-0.24069478,0.6522389,-0.19288053
1783532917.3654,23,left_toesEnd_joint,0.10386198,-0.87081724,0.00029011726,0.6924216,-0.24069457,0.6522389,-0.19288076
1783532917.3654,23,right_upLeg_joint,-0.10076528,-0.0035708738,-0.0003542179,0.365821,0.5796247,0.4169368,0.5969708
1783532917.3654,23,right_leg_joint,-0.092511006,-0.3917665,0.16260447,0.6121661,0.31870618,0.6549031,0.3078659
1783532917.3654,23,right_foot_joint,-0.06464014,-0.75461495,-0.11433191,0.2853615,0.6284019,0.32568967,0.64622486
1783532917.3654,23,right_toes_joint,-0.06435323,-0.8707973,-0.020993432,0.16108489,0.6710976,0.1973032,0.69624114
1783532917.3654,23,right_toesEnd_joint,-0.065651305,-0.90057814,0.031836808,0.16108537,0.67109764,0.19730274,0.696241
1783532917.3654,23,spine_1_joint,-0.00012622488,0.020794947,-0.0036678603,0.4616841,0.53353834,0.46741486,0.53264236
1783532917.3654,23,spine_2_joint,-0.0004876436,0.0778058,-0.01153961,0.46592286,0.52847666,0.47259182,0.5294199
1783532917.3654,23,spine_3_joint,-0.00079043995,0.13494761,-0.018399308,0.48690858,0.5038855,0.49571624,0.51311314
1783532917.3654,23,spine_4_joint,-0.000751716,0.18797047,-0.020222444,0.52057683,0.46345484,0.5298554,0.4831797
1783532917.3654,23,spine_5_joint,-0.00011738434,0.25807285,-0.013130419,0.5644672,0.4035689,0.57491297,0.4335713
1783532917.3654,23,spine_6_joint,0.0011021458,0.34744468,0.015461025,0.5744335,0.3812358,0.5938677,0.4147371
1783532917.3654,23,spine_7_joint,0.0014908252,0.4468332,0.055336665,0.5570361,0.4005326,0.58538437,0.43198365
1783532917.3654,23,left_shoulder_1_joint,0.09032431,0.5541578,0.0899148,-0.60127085,0.010029048,-0.14996855,0.7847819
1783532917.3654,23,left_arm_joint,0.22882041,0.5182659,0.113790296,-0.35179442,0.29890817,-0.5334632,0.7087397
1783532917.3654,23,left_forearm_joint,0.29588675,0.26119497,0.10092786,-0.4076512,0.1748873,-0.7222395,0.5306651
1783532917.3654,23,left_hand_joint,0.26790246,0.017577685,0.20898159,0.6449272,-0.57432675,0.4715553,-0.17847621
1783532917.3654,23,left_handIndexStart_joint,0.25166413,0.00036613582,0.22721843,0.61277944,-0.58506745,0.51210594,-0.14122693
1783532917.3654,23,left_handIndex_1_joint,0.23487014,-0.06883594,0.26435092,0.61277944,-0.58506745,0.51210594,-0.14122693
1783532917.3654,23,left_handIndex_2_joint,0.2251062,-0.109069705,0.2859396,0.61277944,-0.58506745,0.51210594,-0.14122693
1783532917.3654,23,left_handIndex_3_joint,0.2196384,-0.13160062,0.29802924,0.61277944,-0.58506745,0.51210594,-0.14122693
1783532917.3654,23,left_handIndexEnd_joint,0.21573281,-0.14769413,0.3066647,0.61277944,-0.58506745,0.51210594,-0.14122693
1783532917.3654,23,left_handMidStart_joint,0.26175556,-0.005241878,0.2217331,0.6461369,-0.57400376,0.46963918,-0.18018386
1783532917.3654,23,left_handMid_1_joint,0.25414783,-0.07449239,0.25214282,0.6461369,-0.57400376,0.46963918,-0.18018386
1783532917.3654,23,left_handMid_2_joint,0.24880186,-0.1231549,0.27351186,0.6461369,-0.57400376,0.46963918,-0.18018386
1783532917.3654,23,left_handMid_3_joint,0.24571763,-0.15122944,0.28584012,0.6461369,-0.57400376,0.46963918,-0.18018386
1783532917.3654,23,left_handMidEnd_joint,0.2436615,-0.16994579,0.29405898,0.6461369,-0.57400376,0.46963918,-0.18018386
1783532917.3654,23,left_handPinkyStart_joint,0.2825338,-0.013892965,0.2055335,0.6720012,-0.5758282,0.39093548,-0.25299406
1783532917.3654,23,left_handPinky_1_joint,0.28451392,-0.07559872,0.22039638,0.6720012,-0.5758282,0.39093548,-0.25299406
1783532917.3654,23,left_handPinky_2_joint,0.28573695,-0.11371109,0.2295764,0.6720012,-0.5758282,0.39093548,-0.25299406
1783532917.3654,23,left_handPinky_3_joint,0.2863776,-0.13367471,0.23438497,0.6720012,-0.5758282,0.39093548,-0.25299406
1783532917.3654,23,left_handPinkyEnd_joint,0.28695998,-0.15182346,0.2387564,0.6720012,-0.5758282,0.39093548,-0.25299406
1783532917.3654,23,left_handRingStart_joint,0.2712943,-0.009746802,0.21432906,0.6598889,-0.5753913,0.43144843,-0.21754086
1783532917.3654,23,left_handRing_1_joint,0.2688882,-0.075903445,0.23661685,0.6598889,-0.5753913,0.43144843,-0.21754086
1783532917.3654,23,left_handRing_2_joint,0.26718977,-0.12260225,0.2523494,0.6598889,-0.5753913,0.43144843,-0.21754086
1783532917.3654,23,left_handRing_3_joint,0.26612827,-0.15178901,0.26218224,0.6598889,-0.5753913,0.43144843,-0.21754086
1783532917.3654,23,left_handRingEnd_joint,0.26542062,-0.17124683,0.2687375,0.6598889,-0.5753913,0.43144843,-0.21754086
1783532917.3654,23,left_handThumbStart_joint,0.24352364,-0.0006989014,0.21904223,0.24143592,-0.10284366,0.9219736,-0.28477508
1783532917.3654,23,left_handThumb_1_joint,0.2047983,-0.03156436,0.23980115,0.24143592,-0.10284366,0.9219736,-0.28477508
1783532917.3654,23,left_handThumb_2_joint,0.177117,-0.05362461,0.25464,0.24143595,-0.10284365,0.9219735,-0.2847751
1783532917.3654,23,left_handThumbEnd_joint,0.15866283,-0.06833145,0.2645326,0.2414359,-0.10284362,0.9219736,-0.28477508
1783532917.3654,23,neck_1_joint,0.0010685668,0.5764647,0.09000064,0.5970499,0.336828,0.6300705,0.36481494
1783532917.3654,23,neck_2_joint,0.00044205054,0.60232246,0.10519886,0.5878096,0.35091287,0.62301713,0.3784048
1783532917.3654,23,neck_3_joint,-0.00046116486,0.6376842,0.12387313,0.57122856,0.37482613,0.6104543,0.40068626
1783532917.3654,23,neck_4_joint,-0.0015130962,0.67438114,0.13975483,0.55553544,0.39634204,0.59720385,0.42147562
1783532917.3654,23,head_joint,-0.0027883542,0.7179471,0.15553413,0.50032294,0.4621971,0.5467006,0.48700112
1783532917.3654,23,jaw_joint,-0.002512928,0.6925806,0.15807573,0.50032294,0.4621971,0.5467006,0.48700112
1783532917.3654,23,chin_joint,-0.008261386,0.6329905,0.2525003,0.50032294,0.4621971,0.5467006,0.48700112
1783532917.3654,23,left_eye_joint,0.022532139,0.74245375,0.2469932,0.5043349,0.4578161,0.55092704,0.48221478
1783532917.3654,23,left_eyeLowerLid_joint,0.022532139,0.74245375,0.2469932,0.5043349,0.4578161,0.55092704,0.48221478
1783532917.3654,23,left_eyeUpperLid_joint,0.022532139,0.74245375,0.2469932,0.5043349,0.4578161,0.55092704,0.48221478
1783532917.3654,23,left_eyeball_joint,0.022532139,0.74245375,0.2469932,0.5043349,0.4578161,0.55092704,0.48221478
1783532917.3654,23,nose_joint,-0.010487503,0.7071221,0.2647292,0.50433725,0.4578134,0.5509296,0.48221183
1783532917.3654,23,right_eye_joint,-0.04192409,0.741287,0.24233288,0.5043349,0.4578161,0.55092704,0.48221478
1783532917.3654,23,right_eyeLowerLid_joint,-0.04192409,0.741287,0.24233288,0.5043349,0.4578161,0.55092704,0.48221478
1783532917.3654,23,right_eyeUpperLid_joint,-0.04192409,0.741287,0.24233288,0.5043349,0.4578161,0.55092704,0.48221478
1783532917.3654,23,right_eyeball_joint,-0.04192409,0.741287,0.24233288,0.5043349,0.4578161,0.55092704,0.48221478
1783532917.3654,23,right_shoulder_1_joint,-0.08808678,0.55636126,0.07944659,0.7948276,0.13152298,0.07110753,0.58812827
1783532917.3654,23,right_arm_joint,-0.22665094,0.5139029,0.08549055,0.69449663,0.5237182,0.33101934,0.36581433
1783532917.3654,23,right_forearm_joint,-0.28843707,0.25599656,0.06511167,0.5291114,0.71134555,0.2438128,0.39317194
1783532917.3654,23,right_hand_joint,-0.25335583,0.00290287,0.14586568,0.1859504,0.42137566,0.622816,0.6324282
1783532917.3654,23,right_handIndexStart_joint,-0.23842028,-0.015606655,0.16199782,0.1430399,0.46351323,0.6345281,0.60172206
1783532917.3654,23,right_handIndex_1_joint,-0.21955204,-0.08758242,0.19221738,0.1430399,0.46351323,0.6345281,0.60172206
1783532917.3654,23,right_handIndex_2_joint,-0.20858169,-0.12942898,0.20978649,0.1430399,0.46351323,0.6345281,0.60172206
1783532917.3654,23,right_handIndex_3_joint,-0.20243883,-0.15286332,0.2196259,0.1430399,0.46351323,0.6345281,0.60172206
1783532917.3654,23,right_handIndexEnd_joint,-0.19805105,-0.16960186,0.22665401,0.1430399,0.46351323,0.6345281,0.60172206
1783532917.3654,23,right_handMidStart_joint,-0.24782203,-0.021091275,0.15529715,0.18534642,0.4219027,0.6232322,0.63184386
1783532917.3654,23,right_handMid_1_joint,-0.23772413,-0.0928475,0.17826329,0.18534642,0.4219027,0.6232322,0.63184386
1783532917.3654,23,right_handMid_2_joint,-0.23062864,-0.14327015,0.19440193,0.18534642,0.4219027,0.6232322,0.63184386
1783532917.3654,23,right_handMid_3_joint,-0.22653486,-0.1723603,0.20371254,0.18534642,0.4219027,0.6232322,0.63184386
1783532917.3654,23,right_handMidEnd_joint,-0.22380596,-0.19175339,0.20991974,0.18534642,0.4219027,0.6232322,0.63184386
1783532917.3654,23,right_handPinkyStart_joint,-0.2670803,-0.02895273,0.13695805,0.2616632,0.34462383,0.6235477,0.6511186
1783532917.3654,23,right_handPinky_1_joint,-0.26611802,-0.0919681,0.14473452,0.2616632,0.34462383,0.6235477,0.6511186
1783532917.3654,23,right_handPinky_2_joint,-0.26552394,-0.1308901,0.1495382,0.2616632,0.34462383,0.6235477,0.6511186
1783532917.3654,23,right_handPinky_3_joint,-0.26521233,-0.15127747,0.15205373,0.2616632,0.34462383,0.6235477,0.6511186
1783532917.3654,23,right_handPinkyEnd_joint,-0.26492938,-0.16981131,0.15434083,0.2616632,0.34462383,0.6235477,0.6511186
1783532917.3654,23,right_handRingStart_joint,-0.25663218,-0.025233604,0.14685172,0.22445269,0.38439766,0.6239819,0.6422665
1783532917.3654,23,right_handRing_1_joint,-0.2514473,-0.093274504,0.1617765,0.22445269,0.38439766,0.6239819,0.6422665
1783532917.3654,23,right_handRing_2_joint,-0.24778727,-0.14130296,0.17231134,0.22445269,0.38439766,0.6239819,0.6422665
1783532917.3654,23,right_handRing_3_joint,-0.24550003,-0.17132114,0.17889614,0.22445269,0.38439766,0.6239819,0.6422665
1783532917.3654,23,right_handRingEnd_joint,-0.24397455,-0.19133374,0.18328531,0.22445269,0.38439766,0.6239819,0.6422665
1783532917.3654,23,right_handThumbStart_joint,-0.2297794,-0.015285268,0.15428437,0.2678831,0.9148981,0.1701711,0.24948369
1783532917.3654,23,right_handThumb_1_joint,-0.19047534,-0.0461675,0.17389971,0.2678831,0.9148981,0.17017108,0.24948369
1783532917.3654,23,right_handThumb_2_joint,-0.16238093,-0.068239555,0.18792175,0.2678831,0.9148981,0.17017107,0.2494837
1783532917.3654,23,right_handThumbEnd_joint,-0.14365128,-0.08295446,0.197269,0.2678831,0.9148981,0.17017104,0.2494837
1783532917.3654,23,camera,0.10997776,0.069686234,-0.039000127,-0.080863774,-0.07617652,-0.6991211,0.70631987
1783532917.3987,24,root,-0.0001981775,0.020697124,-0.0039134184,-0.052919157,-0.0017471671,-0.0019377428,0.99859536
1783532917.3987,24,hips_joint,-0.0001981775,0.020697124,-0.0039134184,-0.052919157,-0.0017471671,-0.0019377428,0.99859536
1783532917.3987,24,left_upLeg_joint,0.10023602,-0.0044104527,5.0837993e-05,0.6342983,-0.36466703,0.56516975,-0.3811388
1783532917.3987,24,left_leg_joint,0.14032574,-0.3806353,0.18491201,-0.2722891,0.6807053,-0.28290582,0.6184362
1783532917.3987,24,left_foot_joint,0.10063573,-0.7101776,-0.12966076,0.63412887,-0.36794117,0.60408765,-0.31237462
1783532917.3987,24,left_toes_joint,0.100545496,-0.83596754,-0.049739785,0.6923727,-0.24108218,0.6523438,-0.19221617
1783532917.3987,24,left_toesEnd_joint,0.102526665,-0.8714307,-0.0005656099,0.6923727,-0.24108195,0.6523438,-0.19221638
1783532917.3987,24,right_upLeg_joint,-0.10084122,-0.0036646628,-0.0006920662,0.36714435,0.5786022,0.4183837,0.59613717
1783532917.3987,24,right_leg_joint,-0.09256637,-0.39262384,0.16043425,0.611299,0.32008016,0.65425694,0.30953223
1783532917.3987,24,right_foot_joint,-0.06466652,-0.756803,-0.11474676,0.28383163,0.6289487,0.32415327,0.6471382
1783532917.3987,24,right_toes_joint,-0.06447224,-0.8725373,-0.020853242,0.15947908,0.67134446,0.19562156,0.69684666
1783532917.3987,24,right_toesEnd_joint,-0.065810256,-0.9020645,0.032118157,0.15947956,0.6713446,0.1956211,0.69684654
1783532917.3987,24,spine_1_joint,-0.00019819729,0.020697124,-0.0039134184,0.4619091,0.5331234,0.46784815,0.5324824
1783532917.3987,24,spine_2_joint,-0.0005553006,0.07771768,-0.011714769,0.4660331,0.52817655,0.4729339,0.5293164
1783532917.3987,24,spine_3_joint,-0.0008588408,0.13486531,-0.018525533,0.48689076,0.50370723,0.49597248,0.513057
1783532917.3987,24,spine_4_joint,-0.0008280515,0.18788902,-0.02032365,0.5204212,0.46338144,0.5300675,0.48318505
1783532917.3987,24,spine_5_joint,-0.00021571628,0.25799072,-0.0132230325,0.5642153,0.40360886,0.5750668,0.43365762
1783532917.3987,24,spine_6_joint,0.00096435077,0.34736964,0.015347767,0.5741425,0.3813294,0.59399897,0.41486555
1783532917.3987,24,spine_7_joint,0.0013040971,0.44677415,0.05518382,0.5567621,0.40059468,0.5855311,0.43207985
1783532917.3987,24,left_shoulder_1_joint,0.09008756,0.554136,0.089774944,-0.601084,0.009722888,-0.14964238,0.7849909
1783532917.3987,24,left_arm_joint,0.22861375,0.5183631,0.11365456,-0.35129932,0.29902065,-0.53320706,0.7091303
1783532917.3987,24,left_forearm_joint,0.29578963,0.26133564,0.10049923,-0.40707275,0.17517315,-0.7222986,0.53093433
1783532917.3987,24,left_hand_joint,0.26770592,0.017589187,0.2082354,0.6446273,-0.5745905,0.47143045,-0.17903931
1783532917.3987,24,left_handIndexStart_joint,0.2514534,0.0003570783,0.22644018,0.6124881,-0.58536714,0.5119617,-0.14177182
1783532917.3987,24,left_handIndex_1_joint,0.23462684,-0.06888862,0.2634765,0.6124881,-0.58536714,0.5119617,-0.14177182
1783532917.3987,24,left_handIndex_2_joint,0.22484395,-0.109147735,0.28500924,0.6124881,-0.58536714,0.5119617,-0.14177182
1783532917.3987,24,left_handIndex_3_joint,0.21936554,-0.13169284,0.29706755,0.6124881,-0.58536714,0.5119617,-0.14177182
1783532917.3987,24,left_handIndexEnd_joint,0.21545237,-0.1477965,0.30568066,0.6124881,-0.58536714,0.5119617,-0.14177182
1783532917.3987,24,left_handMidStart_joint,0.26154792,-0.0052453135,0.22095478,0.6458366,-0.57426596,0.4695151,-0.18074772
1783532917.3987,24,left_handMid_1_joint,0.25391212,-0.0745322,0.2512745,0.6458366,-0.57426596,0.4695151,-0.18074772
1783532917.3987,24,left_handMid_2_joint,0.24854642,-0.123220295,0.27258024,0.6458366,-0.57426596,0.4695151,-0.18074772
1783532917.3987,24,left_handMid_3_joint,0.24545084,-0.15130958,0.28487203,0.6458366,-0.57426596,0.4695151,-0.18074772
1783532917.3987,24,left_handMidEnd_joint,0.2433871,-0.17003578,0.29306653,0.6458366,-0.57426596,0.4695151,-0.18074772
1783532917.3987,24,left_handPinkyStart_joint,0.28233615,-0.013878822,0.2047586,0.6716826,-0.5760191,0.39082304,-0.2535787
1783532917.3987,24,left_handPinky_1_joint,0.28429952,-0.07560296,0.21954717,0.6716826,-0.5760191,0.39082304,-0.2535787
1783532917.3987,24,left_handPinky_2_joint,0.28551218,-0.1137267,0.2286813,0.6716826,-0.5760191,0.39082304,-0.2535787
1783532917.3987,24,left_handPinky_3_joint,0.28614742,-0.13369627,0.23346582,0.6716826,-0.5760191,0.39082304,-0.2535787
1783532917.3987,24,left_handPinkyEnd_joint,0.2867249,-0.15185042,0.2378154,0.6716826,-0.5760191,0.39082304,-0.2535787
1783532917.3987,24,left_handRingStart_joint,0.27109116,-0.00974221,0.21355166,0.65957856,-0.57561827,0.4313302,-0.21811572
1783532917.3987,24,left_handRing_1_joint,0.26866284,-0.07592586,0.23575671,0.65957856,-0.57561827,0.4313302,-0.21811572
1783532917.3987,24,left_handRing_2_joint,0.26694873,-0.12264372,0.25143087,0.65957856,-0.57561827,0.4313302,-0.21811572
1783532917.3987,24,left_handRing_3_joint,0.26587743,-0.15184239,0.26122722,0.65957856,-0.57561827,0.4313302,-0.21811572
1783532917.3987,24,left_handRingEnd_joint,0.2651632,-0.17130814,0.2677581,0.65957856,-0.57561827,0.4313302,-0.21811572
1783532917.3987,24,left_handThumbStart_joint,0.24331832,-0.00069704175,0.21825716,0.24094476,-0.10332577,0.9220074,-0.2849073
1783532917.3987,24,left_handThumb_1_joint,0.2045756,-0.031583674,0.23895212,0.24094476,-0.10332577,0.9220074,-0.2849073
1783532917.3987,24,left_handThumb_2_joint,0.17688188,-0.053659067,0.25374526,0.24094476,-0.10332575,0.9220074,-0.2849073
1783532917.3987,24,left_handThumbEnd_joint,0.15841942,-0.068376,0.26360735,0.24094473,-0.103325725,0.9220074,-0.2849073
1783532917.3987,24,neck_1_joint,0.0008250856,0.57641584,0.08980878,0.5967841,0.33691984,0.6302267,0.36489415
1783532917.3987,24,neck_2_joint,0.00018304825,0.60227793,0.10499893,0.5875415,0.35099882,0.62317085,0.37848732
1783532917.3987,24,neck_3_joint,-0.00074031827,0.637645,0.123662144,0.5709567,0.37490195,0.61060375,0.40077415
1783532917.3987,24,neck_4_joint,-0.0018113947,0.6743464,0.13953231,0.55526066,0.39640835,0.5973492,0.4215687
1783532917.3987,24,head_joint,-0.0031078195,0.7179167,0.15529794,0.50004125,0.46223077,0.54683197,0.48711023
1783532917.3987,24,jaw_joint,-0.0028260206,0.69255096,0.15784726,0.50004125,0.46223077,0.54683197,0.48711023
1783532917.3987,24,chin_joint,-0.008604371,0.63298744,0.25228667,0.50004125,0.46223077,0.54683197,0.48711023
1783532917.3987,24,left_eye_joint,0.022158856,0.74245834,0.24676245,0.50405353,0.45785224,0.55105937,0.48232272
1783532917.3987,24,left_eyeLowerLid_joint,0.022158856,0.74245834,0.24676245,0.50405353,0.45785224,0.55105937,0.48232272
1783532917.3987,24,left_eyeUpperLid_joint,0.022158856,0.74245834,0.24676245,0.50405353,0.45785224,0.55105937,0.48232272
1783532917.3987,24,left_eyeball_joint,0.022158856,0.74245834,0.24676245,0.50405353,0.45785224,0.55105937,0.48232272
1783532917.3987,24,nose_joint,-0.010859094,0.7071221,0.26449224,0.50405586,0.45784962,0.5510619,0.48231977
1783532917.3987,24,right_eye_joint,-0.042294614,0.7412707,0.24206977,0.50405353,0.45785224,0.55105937,0.48232272
1783532917.3987,24,right_eyeLowerLid_joint,-0.042294614,0.7412707,0.24206977,0.50405353,0.45785224,0.55105937,0.48232272
1783532917.3987,24,right_eyeUpperLid_joint,-0.042294614,0.7412707,0.24206977,0.50405353,0.45785224,0.55105937,0.48232272
1783532917.3987,24,right_eyeball_joint,-0.042294614,0.7412707,0.24206977,0.50405353,0.45785224,0.55105937,0.48232272
1783532917.3987,24,right_shoulder_1_joint,-0.08831874,0.5562823,0.07921547,0.79503846,0.1310251,0.071348496,0.58792484
1783532917.3987,24,right_arm_joint,-0.22691087,0.5138938,0.08510683,0.69475865,0.52298373,0.33183524,0.365628
1783532917.3987,24,right_forearm_joint,-0.28881824,0.25605997,0.064185485,0.5296723,0.7105727,0.24469814,0.39326397
1783532917.3987,24,right_hand_joint,-0.25409418,0.0027732085,0.14448707,0.18634301,0.42022562,0.62305796,0.6328393
1783532917.3987,24,right_handIndexStart_joint,-0.2391991,-0.015782628,0.16060342,0.14341421,0.46239373,0.63479644,0.6022108
1783532917.3987,24,right_handIndex_1_joint,-0.22044261,-0.08783624,0.19070674,0.14341421,0.46239373,0.63479644,0.6022108
1783532917.3987,24,right_handIndex_2_joint,-0.20953724,-0.12972808,0.20820826,0.14341421,0.46239373,0.63479644,0.6022108
1783532917.3987,24,right_handIndex_3_joint,-0.20343076,-0.15318778,0.21800983,0.14341421,0.46239373,0.63479644,0.6022108
1783532917.3987,24,right_handIndexEnd_joint,-0.19906898,-0.16994442,0.2250109,0.14341421,0.46239373,0.63479644,0.6022108
1783532917.3987,24,right_handMidStart_joint,-0.24859674,-0.021244887,0.15387873,0.18573841,0.420753,0.6234746,0.6322561
1783532917.3987,24,right_handMid_1_joint,-0.23860018,-0.093056165,0.17671682,0.18573841,0.420753,0.6234746,0.6322561
1783532917.3987,24,right_handMid_2_joint,-0.23157589,-0.14351748,0.19276546,0.18573841,0.420753,0.6234746,0.6322561
1783532917.3987,24,right_handMid_3_joint,-0.2275232,-0.17262994,0.20202416,0.18573841,0.420753,0.6234746,0.6322561
1783532917.3987,24,right_handMidEnd_joint,-0.22482167,-0.1920379,0.20819677,0.18573841,0.420753,0.6234746,0.6322561
1783532917.3987,24,right_handPinkyStart_joint,-0.2678368,-0.029051423,0.13549712,0.2620367,0.34342358,0.6237577,0.6514012
1783532917.3987,24,right_handPinky_1_joint,-0.26694617,-0.09208294,0.14315009,0.2620367,0.34342358,0.6237577,0.6514012
1783532917.3987,24,right_handPinky_2_joint,-0.2663963,-0.13101491,0.14787751,0.2620367,0.34342358,0.6237577,0.6514012
1783532917.3987,24,right_handPinky_3_joint,-0.26610786,-0.15140752,0.15035307,0.2620367,0.34342358,0.6237577,0.6514012
1783532917.3987,24,right_handPinkyEnd_joint,-0.26584598,-0.16994612,0.15260386,0.2620367,0.34342358,0.6237577,0.6514012
1783532917.3987,24,right_handRingStart_joint,-0.25739902,-0.025361983,0.14541277,0.2248364,0.38322106,0.6242096,0.64261407
1783532917.3987,24,right_handRing_1_joint,-0.2523006,-0.09343727,0.16021,0.2248364,0.38322106,0.6242096,0.64261407
1783532917.3987,24,right_handRing_2_joint,-0.2487016,-0.14148998,0.17065479,0.2248364,0.38322106,0.6242096,0.64261407
1783532917.3987,24,right_handRing_3_joint,-0.24645251,-0.17152336,0.1771833,0.2248364,0.38322106,0.6242096,0.64261407
1783532917.3987,24,right_handRingEnd_joint,-0.24495248,-0.19154607,0.18153496,0.2248364,0.38322106,0.6242096,0.64261407
1783532917.3987,24,right_handThumbStart_joint,-0.23054713,-0.01545432,0.15290274,0.26845178,0.9144248,0.17114425,0.24994163
1783532917.3987,24,right_handThumb_1_joint,-0.1913004,-0.04641327,0.1725119,0.26845178,0.9144248,0.17114423,0.2499416
1783532917.3987,24,right_handThumb_2_joint,-0.16324697,-0.06854016,0.18652956,0.26845178,0.9144248,0.17114423,0.2499416
1783532917.3987,24,right_handThumbEnd_joint,-0.14454462,-0.08329163,0.19587387,0.26845178,0.9144248,0.1711442,0.24994162
1783532917.3987,24,camera,0.11009314,0.06999907,-0.03914405,-0.08122388,-0.077035576,-0.69910353,0.70620286
1783532917.4319,25,root,-0.0002923496,0.020687852,-0.0037913003,-0.05307744,-0.0017823119,-0.0022461019,0.99858624
1783532917.4319,25,hips_joint,-0.0002923496,0.020687852,-0.0037913003,-0.05307744,-0.0017823119,-0.0022461019,0.99858624
1783532917.4319,25,left_upLeg_joint,0.100126036,-0.004480002,0.00019117206,0.6341849,-0.3650197,0.56556696,-0.38040003
1783532917.4319,25,left_leg_joint,0.13962078,-0.38063404,0.18532442,-0.27166817,0.68123996,-0.2836584,0.61777544
1783532917.4319,25,left_foot_joint,0.09887489,-0.7101768,-0.12911268,0.6339698,-0.3687449,0.60427266,-0.31139034
1783532917.4319,25,left_toes_joint,0.09854157,-0.83594114,-0.049152054,0.6923688,-0.24190143,0.65233886,-0.19121467
1783532917.4319,25,left_toesEnd_joint,0.10047551,-0.8713936,3.168106e-05,0.6923688,-0.24190125,0.65233886,-0.1912149
1783532917.4319,25,right_upLeg_joint,-0.10095063,-0.0036112475,-0.000572547,0.36738726,0.57831556,0.41822755,0.59637517
1783532917.4319,25,right_leg_joint,-0.093065076,-0.39260557,0.1604885,0.6112856,0.31969494,0.65438765,0.30968004
1783532917.4319,25,right_foot_joint,-0.06523423,-0.756691,-0.114823416,0.28405872,0.6286374,0.324165,0.6473352
1783532917.4319,25,right_toes_joint,-0.06515442,-0.87246275,-0.02097598,0.1597611,0.6710818,0.19559571,0.6970423
1783532917.4319,25,right_toesEnd_joint,-0.06653644,-0.9020103,0.031982947,0.15976156,0.67108196,0.19559525,0.69704217
1783532917.4319,25,spine_1_joint,-0.0002923694,0.020687852,-0.0037913003,0.4619145,0.5331101,0.46766356,0.532653
1783532917.4319,25,spine_2_joint,-0.00062797696,0.07770591,-0.011611824,0.46602038,0.5282122,0.47280943,0.52940345
1783532917.4319,25,spine_3_joint,-0.0009222904,0.13485183,-0.01843742,0.48688093,0.5037762,0.49591213,0.5130571
1783532917.4319,25,spine_4_joint,-0.0008925071,0.18787529,-0.020242933,0.52043045,0.4634735,0.5300623,0.48309264
1783532917.4319,25,spine_5_joint,-0.00029147297,0.25797707,-0.013142245,0.56426173,0.40370768,0.5751009,0.4334607
1783532917.4319,25,spine_6_joint,0.0008664497,0.3473514,0.015444036,0.5742323,0.3814224,0.5940605,0.41456786
1783532917.4319,25,spine_7_joint,0.0011756882,0.44674206,0.055315036,0.55689096,0.40069026,0.58561814,0.43170768
1783532917.4319,25,left_shoulder_1_joint,0.08991895,0.5541328,0.0899195,-0.60074455,0.010123582,-0.14943705,0.78528494
1783532917.4319,25,left_arm_joint,0.22846065,0.51832515,0.11365648,-0.35100725,0.2997031,-0.53293777,0.70918953
1783532917.4319,25,left_forearm_joint,0.29557192,0.2613015,0.10010111,-0.40702033,0.17598066,-0.72181207,0.5313689
1783532917.4319,25,left_hand_joint,0.26771277,0.017354107,0.20744011,0.644847,-0.5749426,0.47055593,-0.17941794
1783532917.4319,25,left_handIndexStart_joint,0.25148702,8.2607265e-05,0.22563142,0.61276364,-0.58574307,0.511103,-0.14212637
1783532917.4319,25,left_handIndex_1_joint,0.23473087,-0.069235556,0.26256397,0.61276364,-0.58574307,0.511103,-0.14212637
1783532917.4319,25,left_handIndex_2_joint,0.22498891,-0.109536804,0.28403637,0.61276364,-0.58574307,0.511103,-0.14212637
1783532917.4319,25,left_handIndex_3_joint,0.21953341,-0.13210551,0.29606095,0.61276364,-0.58574307,0.511103,-0.14212637
1783532917.4319,25,left_handIndexEnd_joint,0.21563663,-0.14822601,0.3046499,0.61276364,-0.58574307,0.511103,-0.14212637
1783532917.4319,25,left_handMidStart_joint,0.26157853,-0.0055054566,0.22012588,0.64605373,-0.57461697,0.4686398,-0.18112707
1783532917.4319,25,left_handMid_1_joint,0.25400624,-0.07484877,0.25033233,0.64605373,-0.57461697,0.4686398,-0.18112707
1783532917.4319,25,left_handMid_2_joint,0.24868518,-0.12357651,0.2715585,0.64605373,-0.57461697,0.4686398,-0.18112707
1783532917.4319,25,left_handMid_3_joint,0.24561535,-0.15168867,0.28380436,0.64605373,-0.57461697,0.4686398,-0.18112707
1783532917.4319,25,left_handMidEnd_joint,0.24356878,-0.17043011,0.29196826,0.64605373,-0.57461697,0.4686398,-0.18112707
1783532917.4319,25,left_handPinkyStart_joint,0.28235415,-0.014100911,0.20389335,0.67179626,-0.57633257,0.3899159,-0.2539613
1783532917.4319,25,left_handPinky_1_joint,0.2843616,-0.07584984,0.21857207,0.67179626,-0.57633257,0.3899159,-0.2539613
1783532917.4319,25,left_handPinky_2_joint,0.2856015,-0.113988884,0.22763832,0.67179626,-0.57633257,0.3899159,-0.2539613
1783532917.4319,25,left_handPinky_3_joint,0.28625098,-0.13396648,0.2323873,0.67179626,-0.57633257,0.3899159,-0.2539613
1783532917.4319,25,left_handPinkyEnd_joint,0.2868414,-0.15212794,0.23670457,0.67179626,-0.57633257,0.3899159,-0.2539613
1783532917.4319,25,left_handRingStart_joint,0.27111626,-0.009984937,0.21270515,0.6597438,-0.5759519,0.43043795,-0.21849744
1783532917.4319,25,left_handRing_1_joint,0.26874167,-0.07620838,0.23479705,0.6597438,-0.5759519,0.43043795,-0.21849744
1783532917.4319,25,left_handRing_2_joint,0.2670655,-0.122954346,0.25039133,0.6597438,-0.5759519,0.43043795,-0.21849744
1783532917.4319,25,left_handRing_3_joint,0.26601788,-0.15217057,0.26013777,0.6597438,-0.5759519,0.43043795,-0.21849744
1783532917.4319,25,left_handRingEnd_joint,0.26531947,-0.17164806,0.2666354,0.6597438,-0.5759519,0.43043795,-0.21849744
1783532917.4319,25,left_handThumbStart_joint,0.24334405,-0.00096104265,0.21745493,0.24119282,-0.10422047,0.9217263,-0.28528062
1783532917.4319,25,left_handThumb_1_joint,0.20463702,-0.031901956,0.23813562,0.24119282,-0.10422047,0.9217263,-0.28528062
1783532917.4319,25,left_handThumb_2_joint,0.17696884,-0.05401614,0.25291857,0.24119282,-0.10422046,0.9217263,-0.28528062
1783532917.4319,25,left_handThumbEnd_joint,0.15852338,-0.068758935,0.26277384,0.24119282,-0.10422042,0.9217263,-0.28528062
1783532917.4319,25,neck_1_joint,0.00064497796,0.5763668,0.09000293,0.59692276,0.33700022,0.6302724,0.36451465
1783532917.4319,25,neck_2_joint,-3.7708878e-06,0.6022212,0.105205886,0.5876784,0.35108155,0.6232255,0.37810877
1783532917.4319,25,neck_3_joint,-0.0009372368,0.6375788,0.12388662,0.5710901,0.37498838,0.6106734,0.40039772
1783532917.4319,25,neck_4_joint,-0.0020203057,0.67427194,0.13977502,0.5553906,0.39649835,0.597433,0.42119473
1783532917.4319,25,head_joint,-0.0033323087,0.71783394,0.1555623,0.5001592,0.4623331,0.5469604,0.48674837
1783532917.4319,25,jaw_joint,-0.003036343,0.6924671,0.1580992,0.5001592,0.4623331,0.5469604,0.48674837
1783532917.4319,25,chin_joint,-0.008742987,0.6328549,0.25251237,0.5001592,0.4623331,0.5469604,0.48674837
1783532917.4319,25,left_eye_joint,0.021961486,0.74234426,0.24702774,0.5041723,0.45795354,0.5511847,0.48195967
1783532917.4319,25,left_eyeLowerLid_joint,0.021961486,0.74234426,0.24702774,0.5041723,0.45795354,0.5511847,0.48195967
1783532917.4319,25,left_eyeUpperLid_joint,0.021961486,0.74234426,0.24702774,0.5041723,0.45795354,0.5511847,0.48195967
1783532917.4319,25,left_eyeball_joint,0.021961486,0.74234426,0.24702774,0.5041723,0.45795354,0.5511847,0.48195967
1783532917.4319,25,nose_joint,-0.011030568,0.70698243,0.26475477,0.50417465,0.45795086,0.5511873,0.48195678
1783532917.4319,25,right_eye_joint,-0.042493425,0.74112576,0.24236247,0.5041723,0.45795354,0.5511847,0.48195967
1783532917.4319,25,right_eyeLowerLid_joint,-0.042493425,0.74112576,0.24236247,0.5041723,0.45795354,0.5511847,0.48195967
1783532917.4319,25,right_eyeUpperLid_joint,-0.042493425,0.74112576,0.24236247,0.5041723,0.45795354,0.5511847,0.48195967
1783532917.4319,25,right_eyeball_joint,-0.042493425,0.74112576,0.24236247,0.5041723,0.45795354,0.5511847,0.48195967
1783532917.4319,25,right_shoulder_1_joint,-0.088493094,0.5561924,0.079438634,0.795289,0.13152915,0.07175643,0.587424
1783532917.4319,25,right_arm_joint,-0.2270299,0.513619,0.085297555,0.6946541,0.5232031,0.33251148,0.36489832
1783532917.4319,25,right_forearm_joint,-0.28857625,0.25573075,0.063984305,0.53008294,0.71013856,0.24545166,0.39302582
1783532917.4319,25,right_hand_joint,-0.2539848,0.0022834968,0.14383584,0.1868143,0.4194256,0.62339854,0.63289607
1783532917.4319,25,right_handIndexStart_joint,-0.23910558,-0.01630725,0.15992662,0.14386055,0.46159914,0.6351684,0.60232216
1783532917.4319,25,right_handIndex_1_joint,-0.2203912,-0.088422984,0.18990724,0.14386055,0.46159914,0.6351684,0.60232216
1783532917.4319,25,right_handIndex_2_joint,-0.20951028,-0.13035093,0.20733741,0.14386055,0.46159914,0.6351684,0.60232216
1783532917.4319,25,right_handIndex_3_joint,-0.20341751,-0.15383086,0.21709903,0.14386055,0.46159914,0.6351684,0.60232216
1783532917.4319,25,right_handIndexEnd_joint,-0.1990655,-0.17060193,0.22407158,0.14386055,0.46159914,0.6351684,0.60232216
1783532917.4319,25,right_handMidStart_joint,-0.248501,-0.021753859,0.15318614,0.1862091,0.41995278,0.6238155,0.6323137
1783532917.4319,25,right_handMid_1_joint,-0.2385421,-0.093610816,0.17589673,0.1862091,0.41995278,0.6238155,0.6323137
1783532917.4319,25,right_handMid_2_joint,-0.23154429,-0.14410423,0.19185579,0.1862091,0.41995278,0.6238155,0.6323137
1783532917.4319,25,right_handMid_3_joint,-0.22750686,-0.17323522,0.20106281,0.1862091,0.41995278,0.6238155,0.6323137
1783532917.4319,25,right_handMidEnd_joint,-0.22481553,-0.19265552,0.20720094,0.1862091,0.41995278,0.6238155,0.6323137
1783532917.4319,25,right_handPinkyStart_joint,-0.26773265,-0.029519783,0.13477853,0.26251215,0.34260458,0.6240465,0.65136474
1783532917.4319,25,right_handPinky_1_joint,-0.2668676,-0.09256572,0.14231488,0.26251215,0.34260458,0.6240465,0.65136474
1783532917.4319,25,right_handPinky_2_joint,-0.26633358,-0.13150662,0.14697026,0.26251215,0.34260458,0.6240465,0.65136474
1783532917.4319,25,right_handPinky_3_joint,-0.2660534,-0.1519039,0.14940809,0.26251215,0.34260458,0.6240465,0.65136474
1783532917.4319,25,right_handPinkyEnd_joint,-0.26579905,-0.17044674,0.15162458,0.26251215,0.34260458,0.6240465,0.65136474
1783532917.4319,25,right_handRingStart_joint,-0.25729957,-0.025852267,0.14470729,0.22531022,0.38241053,0.6245256,0.64262414
1783532917.4319,25,right_handRing_1_joint,-0.25223273,-0.09395665,0.15938102,0.22531022,0.38241053,0.6245256,0.64262414
1783532917.4319,25,right_handRing_2_joint,-0.24865603,-0.14202991,0.16973865,0.22531022,0.38241053,0.6245256,0.64262414
1783532917.4319,25,right_handRing_3_joint,-0.24642088,-0.1720761,0.17621268,0.22531022,0.38241053,0.6245256,0.64262414
1783532917.4319,25,right_handRingEnd_joint,-0.24493013,-0.1921074,0.18052803,0.22531022,0.38241053,0.6245256,0.64262414
1783532917.4319,25,right_handThumbStart_joint,-0.23044887,-0.015967524,0.15223172,0.26878536,0.9141455,0.1720327,0.24999513
1783532917.4319,25,right_handThumb_1_joint,-0.1912242,-0.046976004,0.17180687,0.2687854,0.9141455,0.17203268,0.24999513
1783532917.4319,25,right_handThumb_2_joint,-0.16318657,-0.069138296,0.18580021,0.26878536,0.9141455,0.17203267,0.24999513
1783532917.4319,25,right_handThumbEnd_joint,-0.14449474,-0.08391336,0.1951283,0.26878536,0.9141455,0.17203264,0.24999513
1783532917.4319,25,camera,0.11021778,0.07014018,-0.039383337,-0.08208191,-0.07783398,-0.69906896,0.7060503
1783532917.4653,26,root,-0.00030269806,0.020721216,-0.0037729628,-0.052601468,-0.0019781045,-0.0026654676,0.99861014
1783532917.4653,26,hips_joint,-0.00030269806,0.020721216,-0.0037729628,-0.052601468,-0.0019781045,-0.0026654676,0.99861014
1783532917.4653,26,left_upLeg_joint,0.1000934,-0.004532273,0.00022940367,0.63351816,-0.36571446,0.56626916,-0.37979862
1783532917.4653,26,left_leg_joint,0.13849123,-0.38079017,0.18538237,-0.27042225,0.6816815,-0.28455403,0.6174231
1783532917.4653,26,left_foot_joint,0.09672945,-0.71008027,-0.12918632,0.63326126,-0.36986092,0.60476047,-0.31056076
1783532917.4653,26,left_toes_joint,0.095974654,-0.83587307,-0.049273353,0.69188464,-0.24313149,0.65266055,-0.19030762
1783532917.4653,26,left_toesEnd_joint,0.09778528,-0.8713503,-0.00010271072,0.69188464,-0.24313127,0.65266055,-0.19030786
1783532917.4653,26,right_upLeg_joint,-0.10098214,-0.0034988783,-0.00062139984,0.36903954,0.5771136,0.4190954,0.59591013
1783532917.4653,26,right_leg_joint,-0.09365422,-0.39319614,0.15875822,0.61198944,0.31831324,0.6544926,0.30949178
1783532917.4653,26,right_foot_joint,-0.066503875,-0.75663084,-0.11747989,0.28546476,0.62798357,0.3243638,0.6472517
1783532917.4653,26,right_toes_joint,-0.06663048,-0.87264085,-0.023926992,0.16126557,0.6707063,0.19580673,0.6969981
1783532917.4653,26,right_toesEnd_joint,-0.0680636,-0.9023203,0.028956762,0.16126606,0.67070645,0.19580628,0.69699794
1783532917.4653,26,spine_1_joint,-0.00030271782,0.020721216,-0.0037729628,0.46212226,0.53283453,0.46765813,0.53275377
1783532917.4653,26,spine_2_joint,-0.00060392154,0.07774245,-0.011571888,0.46609426,0.5281547,0.4726791,0.5295125
1783532917.4653,26,spine_3_joint,-0.00087704434,0.13488777,-0.018403584,0.48684728,0.5039049,0.4956769,0.51319015
1783532917.4653,26,spine_4_joint,-0.00083627,0.18791027,-0.020237148,0.5203212,0.4637828,0.529749,0.4832572
1783532917.4653,26,spine_5_joint,-0.00022892728,0.25801834,-0.013199427,0.5641651,0.4041512,0.574759,0.4336261
1783532917.4653,26,spine_6_joint,0.0009358238,0.34742293,0.015291774,0.57419777,0.38197565,0.5936682,0.41466793
1783532917.4653,26,spine_7_joint,0.0012549803,0.44685745,0.055053152,0.55693173,0.40129545,0.58517945,0.43168744
1783532917.4653,26,left_shoulder_1_joint,0.09000459,0.5543082,0.089454494,-0.6008902,0.010630128,-0.14851439,0.7853416
1783532917.4653,26,left_arm_joint,0.228623,0.51861954,0.11292139,-0.35165212,0.300375,-0.5317832,0.7094522
1783532917.4653,26,left_forearm_joint,0.29617372,0.2617286,0.099037394,-0.4080792,0.1764878,-0.7201242,0.532677
1783532917.4653,26,left_hand_joint,0.26952314,0.01754631,0.2061487,0.64647985,-0.5743319,0.46890274,-0.17982541
1783532917.4653,26,left_handIndexStart_joint,0.25341472,0.00019288897,0.22436629,0.6145004,-0.5851607,0.5095585,-0.14257134
1783532917.4653,26,left_handIndex_1_joint,0.23702128,-0.069232345,0.26126042,0.6145004,-0.5851607,0.5095585,-0.14257134
1783532917.4653,26,left_handIndex_2_joint,0.22749022,-0.10959585,0.28271052,0.6145004,-0.5851607,0.5095585,-0.14257134
1783532917.4653,26,left_handIndex_3_joint,0.22215281,-0.13219942,0.29472256,0.6145004,-0.5851607,0.5095585,-0.14257134
1783532917.4653,26,left_handIndexEnd_joint,0.2183404,-0.14834481,0.3033026,0.6145004,-0.5851607,0.5095585,-0.14257134
1783532917.4653,26,left_handMidStart_joint,0.26351002,-0.005351422,0.21882361,0.6476821,-0.57400537,0.46698186,-0.1815323
1783532917.4653,26,left_handMid_1_joint,0.2562804,-0.07475987,0.24896432,0.6476821,-0.57400537,0.46698186,-0.1815323
1783532917.4653,26,left_handMid_2_joint,0.2512001,-0.12353338,0.27014425,0.6476821,-0.57400537,0.46698186,-0.1815323
1783532917.4653,26,left_handMid_3_joint,0.24826916,-0.15167195,0.28236347,0.6476821,-0.57400537,0.46698186,-0.1815323
1783532917.4653,26,left_handMidEnd_joint,0.24631518,-0.17043099,0.2905096,0.6476821,-0.57400537,0.46698186,-0.1815323
1783532917.4653,26,left_handPinkyStart_joint,0.2842683,-0.013850646,0.20251839,0.6732642,-0.5757329,0.38808614,-0.2542366
1783532917.4653,26,left_handPinky_1_joint,0.28654426,-0.0756103,0.21711254,0.6732642,-0.5757329,0.38808614,-0.2542366
1783532917.4653,26,left_handPinky_2_joint,0.28795,-0.113755964,0.22612657,0.6732642,-0.5757329,0.38808614,-0.2542366
1783532917.4653,26,left_handPinky_3_joint,0.28868636,-0.13373703,0.23084821,0.6732642,-0.5757329,0.38808614,-0.2542366
1783532917.4653,26,left_handPinkyEnd_joint,0.28935575,-0.15190163,0.2351406,0.6732642,-0.5757329,0.38808614,-0.2542366
1783532917.4653,26,left_handRingStart_joint,0.2730418,-0.00978676,0.21136883,0.6612939,-0.5753469,0.42869088,-0.21883968
1783532917.4653,26,left_handRing_1_joint,0.27097425,-0.0760462,0.23338349,0.6612939,-0.5753469,0.42869088,-0.21883968
1783532917.4653,26,left_handRing_2_joint,0.26951477,-0.12281757,0.24892326,0.6612939,-0.5753469,0.42869088,-0.21883968
1783532917.4653,26,left_handRing_3_joint,0.26860264,-0.15204968,0.2586356,0.6612939,-0.5753469,0.42869088,-0.21883968
1783532917.4653,26,left_handRingEnd_joint,0.26799452,-0.17153774,0.2651105,0.6612939,-0.5753469,0.42869088,-0.21883968
1783532917.4653,26,left_handThumbStart_joint,0.24525125,-0.0008701193,0.21621276,0.24257524,-0.10478947,0.9207785,-0.2869555
1783532917.4653,26,left_handThumb_1_joint,0.20671901,-0.0319779,0.2369693,0.24257524,-0.10478947,0.9207785,-0.2869555
1783532917.4653,26,left_handThumb_2_joint,0.17917575,-0.054211367,0.25180647,0.24257524,-0.10478947,0.9207785,-0.2869555
1783532917.4653,26,left_handThumbEnd_joint,0.1608136,-0.06903368,0.26169795,0.2425752,-0.104789436,0.9207785,-0.2869555
1783532917.4653,26,neck_1_joint,0.00072444184,0.5765167,0.08961161,0.5970304,0.33759743,0.6298345,0.36454242
1783532917.4653,26,neck_2_joint,8.463368e-05,0.6023862,0.104789324,0.58777344,0.35168114,0.6227874,0.3781253
1783532917.4653,26,neck_3_joint,-0.0008388711,0.6377622,0.12343559,0.57116365,0.37559125,0.6102355,0.40039492
1783532917.4653,26,neck_4_joint,-0.0019153692,0.67447096,0.13928835,0.55544364,0.39710358,0.59699565,0.42117438
1783532917.4653,26,head_joint,-0.003222885,0.7180484,0.15503334,0.50014275,0.46294037,0.54652923,0.48667216
1783532917.4653,26,jaw_joint,-0.002916925,0.6926842,0.15759537,0.50014275,0.46294037,0.54652923,0.48667216
1783532917.4653,26,chin_joint,-0.008504999,0.63316506,0.2520743,0.50014275,0.46294037,0.54652923,0.48667216
1783532917.4653,26,left_eye_joint,0.02216219,0.7426578,0.24644688,0.5041611,0.4585609,0.5507528,0.48188725
1783532917.4653,26,left_eyeLowerLid_joint,0.02216219,0.7426578,0.24644688,0.5041611,0.4585609,0.5507528,0.48188725
1783532917.4653,26,left_eyeUpperLid_joint,0.02216219,0.7426578,0.24644688,0.5041611,0.4585609,0.5507528,0.48188725
1783532917.4653,26,left_eyeball_joint,0.02216219,0.7426578,0.24644688,0.5041611,0.4585609,0.5507528,0.48188725
1783532917.4653,26,nose_joint,-0.010800652,0.70730424,0.26424482,0.50416356,0.45855823,0.55075544,0.48188433
1783532917.4653,26,right_eye_joint,-0.042297345,0.7414161,0.24185216,0.5041611,0.4585609,0.5507528,0.48188725
1783532917.4653,26,right_eyeLowerLid_joint,-0.042297345,0.7414161,0.24185216,0.5041611,0.4585609,0.5507528,0.48188725
1783532917.4653,26,right_eyeUpperLid_joint,-0.042297345,0.7414161,0.24185216,0.5041611,0.4585609,0.5507528,0.48188725
1783532917.4653,26,right_eyeball_joint,-0.042297345,0.7414161,0.24185216,0.5041611,0.4585609,0.5507528,0.48188725
1783532917.4653,26,right_shoulder_1_joint,-0.08841915,0.5563063,0.0791634,0.79527164,0.1317953,0.07149247,0.5874196
1783532917.4653,26,right_arm_joint,-0.22694659,0.51371723,0.08512876,0.6947118,0.52333856,0.33267966,0.36443976
1783532917.4653,26,right_forearm_joint,-0.2883579,0.25581136,0.06364184,0.5302546,0.71012557,0.24579182,0.39260417
1783532917.4653,26,right_hand_joint,-0.25368682,0.0022863196,0.14321092,0.18720512,0.4192103,0.6236623,0.6326628
1783532917.4653,26,right_handIndexStart_joint,-0.23879856,-0.01631842,0.15927713,0.14423232,0.46136814,0.63545823,0.60210395
1783532917.4653,26,right_handIndex_1_joint,-0.22005922,-0.088462144,0.18917458,0.14423232,0.46136814,0.63545823,0.60210395
1783532917.4653,26,right_handIndex_2_joint,-0.20916381,-0.13040636,0.2065564,0.14423232,0.46136814,0.63545823,0.60210395
1783532917.4653,26,right_handIndex_3_joint,-0.2030629,-0.1538954,0.21629092,0.14423232,0.46136814,0.63545823,0.60210395
1783532917.4653,26,right_handIndexEnd_joint,-0.19870512,-0.17067298,0.22324413,0.14423232,0.46136814,0.63545823,0.60210395
1783532917.4653,26,right_handMidStart_joint,-0.24819487,-0.021759838,0.15253374,0.18659963,0.41973716,0.6240796,0.63208055
1783532917.4653,26,right_handMid_1_joint,-0.23821335,-0.093638875,0.17516418,0.18659963,0.41973716,0.6240796,0.63208055
1783532917.4653,26,right_handMid_2_joint,-0.23119964,-0.14414781,0.19106694,0.18659963,0.41973716,0.6240796,0.63208055
1783532917.4653,26,right_handMid_3_joint,-0.22715305,-0.17328776,0.20024145,0.18659963,0.41973716,0.6240796,0.63208055
1783532917.4653,26,right_handMidEnd_joint,-0.2244556,-0.19271404,0.20635793,0.18659963,0.41973716,0.6240796,0.63208055
1783532917.4653,26,right_handPinkyStart_joint,-0.26743057,-0.0295102,0.13412382,0.26292127,0.34240013,0.62425923,0.6511028
1783532917.4653,26,right_handPinky_1_joint,-0.26654956,-0.092563964,0.14159232,0.26292127,0.34240013,0.62425923,0.6511028
1783532917.4653,26,right_handPinky_2_joint,-0.26600567,-0.13150968,0.1462058,0.26292127,0.34240013,0.62425923,0.6511028
1783532917.4653,26,right_handPinky_3_joint,-0.26572034,-0.15190949,0.14862168,0.26292127,0.34240013,0.62425923,0.6511028
1783532917.4653,26,right_handPinkyEnd_joint,-0.2654613,-0.1704546,0.15081821,0.26292127,0.34240013,0.62425923,0.6511028
1783532917.4653,26,right_handRingStart_joint,-0.2569952,-0.025851065,0.14405324,0.2257104,0.38220045,0.62476456,0.64237595
1783532917.4653,26,right_handRing_1_joint,-0.2519091,-0.09397,0.1586524,0.2257104,0.38220045,0.62476456,0.64237595
1783532917.4653,26,right_handRing_2_joint,-0.24831878,-0.14205353,0.1689574,0.2257104,0.38220045,0.62476456,0.64237595
1783532917.4653,26,right_handRing_3_joint,-0.24607511,-0.17210615,0.17539854,0.2257104,0.38220045,0.62476456,0.64237595
1783532917.4653,26,right_handRingEnd_joint,-0.24457867,-0.1921417,0.17969194,0.2257104,0.38220045,0.62476456,0.64237595
1783532917.4653,26,right_handThumbStart_joint,-0.23014432,-0.015968578,0.15157992,0.26884696,0.91412115,0.17250752,0.24968961
1783532917.4653,26,right_handThumb_1_joint,-0.1909069,-0.04698949,0.17110956,0.26884696,0.91412115,0.17250751,0.24968961
1783532917.4653,26,right_handThumb_2_joint,-0.16286013,-0.06916067,0.18507038,0.268847,0.91412115,0.1725075,0.24968962
1783532917.4653,26,right_handThumbEnd_joint,-0.14416221,-0.08394166,0.19437681,0.26884696,0.91412115,0.17250746,0.24968962
1783532917.4653,26,camera,0.11025832,0.07032896,-0.039406158,-0.08255386,-0.07762547,-0.69896096,0.70612514
1783532917.4987,27,root,-0.00019753096,0.020686919,-0.0036749365,-0.052626014,-0.002304496,-0.002706126,0.998608
1783532917.4987,27,hips_joint,-0.00019753096,0.020686919,-0.0036749365,-0.052626014,-0.002304496,-0.002706126,0.998608
1783532917.4987,27,left_upLeg_joint,0.10019472,-0.00457108,0.0003945753,0.6324161,-0.3657096,0.56793433,-0.37915304
1783532917.4987,27,left_leg_joint,0.13700484,-0.3807108,0.1861093,-0.2689657,0.68106085,-0.2857469,0.6181929
1783532917.4987,27,left_foot_joint,0.09539442,-0.7098149,-0.12867403,0.63173187,-0.37027058,0.60617423,-0.31043112
1783532917.4987,27,left_toes_joint,0.09403898,-0.8356237,-0.04879415,0.6904606,-0.24382357,0.6540241,-0.18991236
1783532917.4987,27,left_toesEnd_joint,0.09559255,-0.871117,0.00037367342,0.6904606,-0.24382338,0.6540241,-0.1899126
1783532917.4987,27,right_upLeg_joint,-0.10088016,-0.0035282874,-0.0005881926,0.36885437,0.57749426,0.4196245,0.59528315
1783532917.4987,27,right_leg_joint,-0.09280834,-0.39329776,0.15857853,0.61175674,0.31960618,0.65389293,0.3098863
1783532917.4987,27,right_foot_joint,-0.06562134,-0.75745434,-0.116703406,0.28448427,0.628858,0.32364836,0.6471925
1783532917.4987,27,right_toes_joint,-0.06555855,-0.8732112,-0.022837447,0.16013713,0.6713792,0.19511552,0.6968043
1783532917.4987,27,right_toesEnd_joint,-0.06691491,-0.90274894,0.030127648,0.1601376,0.67137927,0.19511504,0.6968042
1783532917.4987,27,spine_1_joint,-0.00019755075,0.020686919,-0.0036749365,0.46218565,0.5325998,0.46773148,0.53286904
1783532917.4987,27,spine_2_joint,-0.0004778499,0.07771025,-0.011459221,0.46630728,0.5278827,0.4727215,0.52955806
1783532917.4987,27,spine_3_joint,-0.0007225436,0.13485898,-0.018263247,0.48713723,0.5036356,0.49567953,0.5131769
1783532917.4987,27,spine_4_joint,-0.00065324013,0.18788251,-0.020066056,0.520638,0.46354893,0.5296984,0.48319617
1783532917.4987,27,spine_5_joint,-7.812455e-06,0.25798625,-0.012988467,0.5644451,0.40401804,0.5746345,0.43355086
1783532917.4987,27,spine_6_joint,0.001204136,0.34737954,0.015536238,0.57439923,0.38204807,0.59345156,0.41463268
1783532917.4987,27,spine_7_joint,0.001566866,0.4468157,0.055293072,0.5569851,0.40168548,0.5848531,0.43169835
1783532917.4987,27,left_shoulder_1_joint,0.09033191,0.5542986,0.089553945,-0.601448,0.010880381,-0.14857456,0.7848998
1783532917.4987,27,left_arm_joint,0.22894357,0.5185699,0.112999745,-0.35218439,0.30031168,-0.53252363,0.70865893
1783532917.4987,27,left_forearm_joint,0.29609528,0.26155108,0.099555716,-0.4086469,0.17615314,-0.7206957,0.53157824
1783532917.4987,27,left_hand_joint,0.2690666,0.017649593,0.20721057,0.64627206,-0.57440853,0.4695605,-0.17860612
1783532917.4987,27,left_handIndexStart_joint,0.2529354,0.000363729,0.22547218,0.61425036,-0.5851583,0.5102022,-0.14135009
1783532917.4987,27,left_handIndex_1_joint,0.23643695,-0.068952434,0.2625242,0.61425036,-0.5851583,0.5102022,-0.14135009
1783532917.4987,27,left_handIndex_2_joint,0.22684482,-0.10925253,0.28406608,0.61425036,-0.5851583,0.5102022,-0.14135009
1783532917.4987,27,left_handIndex_3_joint,0.22147323,-0.13182057,0.29612952,0.61425036,-0.5851583,0.5102022,-0.14135009
1783532917.4987,27,left_handIndexEnd_joint,0.21763639,-0.14794062,0.30474627,0.61425036,-0.5851583,0.5102022,-0.14135009
1783532917.4987,27,left_handMidStart_joint,0.26301906,-0.0052100183,0.2199378,0.6474761,-0.5740855,0.46764058,-0.18031344
1783532917.4987,27,left_handMid_1_joint,0.2556818,-0.07453991,0.25023288,0.6474761,-0.5740855,0.46764058,-0.18031344
1783532917.4987,27,left_handMid_2_joint,0.25052592,-0.1232582,0.2715213,0.6474761,-0.5740855,0.46764058,-0.18031344
1783532917.4987,27,left_handMid_3_joint,0.24755138,-0.15136491,0.2838031,0.6474761,-0.5740855,0.46764058,-0.18031344
1783532917.4987,27,left_handMidEnd_joint,0.24556835,-0.17010273,0.29199097,0.6474761,-0.5740855,0.46764058,-0.18031344
1783532917.4987,27,left_handPinkyStart_joint,0.28375638,-0.013780505,0.20364328,0.6731211,-0.5759351,0.38880438,-0.25305718
1783532917.4987,27,left_handPinky_1_joint,0.28593192,-0.07551194,0.21837153,0.6731211,-0.5759351,0.38880438,-0.25305718
1783532917.4987,27,left_handPinky_2_joint,0.2872756,-0.113640174,0.22746837,0.6731211,-0.5759351,0.38880438,-0.25305718
1783532917.4987,27,left_handPinky_3_joint,0.28797945,-0.13361211,0.23223339,0.6731211,-0.5759351,0.38880438,-0.25305718
1783532917.4987,27,left_handPinkyEnd_joint,0.2886193,-0.1517684,0.23656522,0.6731211,-0.5759351,0.38880438,-0.25305718
1783532917.4987,27,left_handRingStart_joint,0.2725403,-0.009678003,0.21248908,0.6611202,-0.5754876,0.42938048,-0.21763851
1783532917.4987,27,left_handRing_1_joint,0.27036744,-0.07588551,0.23464932,0.6611202,-0.5754876,0.42938048,-0.21763851
1783532917.4987,27,left_handRing_2_joint,0.26883364,-0.12262022,0.25029182,0.6611202,-0.5754876,0.42938048,-0.21763851
1783532917.4987,27,left_handRing_3_joint,0.26787505,-0.1518294,0.2600684,0.6611202,-0.5754876,0.42938048,-0.21763851
1783532917.4987,27,left_handRingEnd_joint,0.26723596,-0.1713022,0.2665861,0.6611202,-0.5754876,0.42938048,-0.21763851
1783532917.4987,27,left_handThumbStart_joint,0.24476698,-0.0007030618,0.2173241,0.24297467,-0.10404652,0.92109215,-0.2858792
1783532917.4987,27,left_handThumb_1_joint,0.20618936,-0.031699155,0.23816326,0.24297467,-0.10404652,0.92109215,-0.2858792
1783532917.4987,27,left_handThumb_2_joint,0.17861368,-0.053852785,0.25305948,0.24297467,-0.1040465,0.92109215,-0.2858792
1783532917.4987,27,left_handThumbEnd_joint,0.16022989,-0.068621874,0.26299027,0.24297467,-0.10404648,0.92109215,-0.2858792
1783532917.4987,27,neck_1_joint,0.0010497362,0.57649857,0.08976318,0.59712654,0.33797935,0.6295116,0.36458886
1783532917.4987,27,neck_2_joint,0.00041884003,0.6023783,0.10492366,0.58786154,0.35206535,0.6224638,0.3781637
1783532917.4987,27,neck_3_joint,-0.00049405993,0.637767,0.1235464,0.57123834,0.37597874,0.6099111,0.40041912
1783532917.4987,27,neck_4_joint,-0.0015621847,0.6744865,0.13937484,0.5555051,0.39749357,0.5966708,0.42118576
1783532917.4987,27,head_joint,-0.002862081,0.7180746,0.15509097,0.50015956,0.46333513,0.5462059,0.4866423
1783532917.4987,27,jaw_joint,-0.0025517195,0.69271225,0.15767014,0.50015956,0.46333513,0.5462059,0.4866423
1783532917.4987,27,chin_joint,-0.008062788,0.6332573,0.252194,0.50015956,0.46333513,0.5462059,0.4866423
1783532917.4987,27,left_eye_joint,0.022589482,0.74274904,0.2464685,0.50418127,0.45895544,0.5504293,0.4818601
1783532917.4987,27,left_eyeLowerLid_joint,0.022589482,0.74274904,0.2464685,0.50418127,0.45895544,0.5504293,0.4818601
1783532917.4987,27,left_eyeUpperLid_joint,0.022589482,0.74274904,0.2464685,0.50418127,0.45895544,0.5504293,0.4818601
1783532917.4987,27,left_eyeball_joint,0.022589482,0.74274904,0.2464685,0.50418127,0.45895544,0.5504293,0.4818601
1783532917.4987,27,nose_joint,-0.01035649,0.70740455,0.2643155,0.50418377,0.45895275,0.55043185,0.48185718
1783532917.4987,27,right_eye_joint,-0.04187337,0.74149793,0.2419232,0.50418127,0.45895544,0.5504293,0.4818601
1783532917.4987,27,right_eyeLowerLid_joint,-0.04187337,0.74149793,0.2419232,0.50418127,0.45895544,0.5504293,0.4818601
1783532917.4987,27,right_eyeUpperLid_joint,-0.04187337,0.74149793,0.2419232,0.50418127,0.45895544,0.5504293,0.4818601
1783532917.4987,27,right_eyeball_joint,-0.04187337,0.74149793,0.2419232,0.50418127,0.45895544,0.5504293,0.4818601
1783532917.4987,27,right_shoulder_1_joint,-0.08809975,0.5562724,0.07939601,0.7948064,0.13278368,0.07137202,0.5878415
1783532917.4987,27,right_arm_joint,-0.22655632,0.51348495,0.08558348,0.6939254,0.52469295,0.33219653,0.36443204
1783532917.4987,27,right_forearm_joint,-0.2873835,0.25539312,0.06467449,0.5291142,0.71125394,0.24521638,0.39246085
1783532917.4987,27,right_hand_joint,-0.25200424,0.0021220779,0.14473978,0.18638057,0.42045796,0.62388194,0.63186187
1783532917.4987,27,right_handIndexStart_joint,-0.23705241,-0.01641233,0.16082826,0.14339551,0.46255848,0.6356205,0.60121924
1783532917.4987,27,right_handIndex_1_joint,-0.21810333,-0.088446826,0.19085677,0.14339551,0.46255848,0.6356205,0.60121924
1783532917.4987,27,right_handIndex_2_joint,-0.20708597,-0.13032755,0.20831479,0.14339551,0.46255848,0.6356205,0.60121924
1783532917.4987,27,right_handIndex_3_joint,-0.20091678,-0.15378101,0.21809202,0.14339551,0.46255848,0.6356205,0.60121924
1783532917.4987,27,right_handIndexEnd_joint,-0.1965102,-0.1705332,0.22507569,0.14339551,0.46255848,0.6356205,0.60121924
1783532917.4987,27,right_handMidStart_joint,-0.24644314,-0.02189087,0.15410715,0.18577531,0.42098415,0.6242983,0.6312782
1783532917.4987,27,right_handMid_1_joint,-0.23626076,-0.09369739,0.17687811,0.18577531,0.42098415,0.6242983,0.6312782
1783532917.4987,27,right_handMid_2_joint,-0.2291059,-0.14415537,0.1928796,0.18577531,0.42098415,0.6242983,0.6312782
1783532917.4987,27,right_handMid_3_joint,-0.2249779,-0.1732659,0.20211108,0.18577531,0.42098415,0.6242983,0.6312782
1783532917.4987,27,right_handMidEnd_joint,-0.22222616,-0.1926726,0.20826554,0.18577531,0.42098415,0.6242983,0.6312782
1783532917.4987,27,right_handPinkyStart_joint,-0.26568082,-0.029726984,0.13573562,0.262171,0.3437512,0.6245395,0.65042496
1783532917.4987,27,right_handPinky_1_joint,-0.26463765,-0.09276251,0.14333642,0.262171,0.3437512,0.6245395,0.65042496
1783532917.4987,27,right_handPinky_2_joint,-0.2639936,-0.13169697,0.1480316,0.262171,0.3437512,0.6245395,0.65042496
1783532917.4987,27,right_handPinky_3_joint,-0.2636558,-0.15209088,0.15049028,0.262171,0.3437512,0.6245395,0.65042496
1783532917.4987,27,right_handPinkyEnd_joint,-0.26334906,-0.17063065,0.15272573,0.262171,0.3437512,0.6245395,0.65042496
1783532917.4987,27,right_handRingStart_joint,-0.2552431,-0.026021449,0.14564537,0.22492123,0.38350165,0.6250133,0.6416355
1783532917.4987,27,right_handRing_1_joint,-0.2499744,-0.094096795,0.1603827,0.22492123,0.38350165,0.6250133,0.6416355
1783532917.4987,27,right_handRing_2_joint,-0.24625519,-0.14214955,0.17078523,0.22492123,0.38350165,0.6250133,0.6416355
1783532917.4987,27,right_handRing_3_joint,-0.24393097,-0.17218296,0.17728733,0.22492123,0.38350165,0.6250133,0.6416355
1783532917.4987,27,right_handRingEnd_joint,-0.24238083,-0.1922057,0.18162137,0.22492123,0.38350165,0.6250133,0.6416355
1783532917.4987,27,right_handThumbStart_joint,-0.22840782,-0.016057713,0.15312044,0.26756787,0.91477203,0.17169128,0.24924305
1783532917.4987,27,right_handThumb_1_joint,-0.18907271,-0.046941638,0.17267084,0.26756787,0.91477203,0.17169127,0.24924305
1783532917.4987,27,right_handThumb_2_joint,-0.16095611,-0.06901491,0.18664648,0.26756787,0.91477203,0.17169125,0.24924305
1783532917.4987,27,right_handThumbEnd_joint,-0.14221165,-0.08373062,0.19596279,0.26756784,0.9147721,0.17169121,0.24924302
1783532917.4987,27,camera,0.1090516,0.06953928,-0.039848663,-0.08268031,-0.07751862,-0.6988728,0.70620936
1783532917.5321,28,root,-0.00025364797,0.02109225,-0.0031723517,-0.053739183,-0.0017017805,-0.0030769578,0.9985488
1783532917.5321,28,hips_joint,-0.00025364797,0.02109225,-0.0031723517,-0.053739183,-0.0017017805,-0.0030769578,0.9985488
1783532917.5321,28,left_upLeg_joint,0.10012286,-0.0042380285,0.0008359289,0.63157374,-0.36645964,0.56945544,-0.37754813
1783532917.5321,28,left_leg_joint,0.13501345,-0.38023323,0.18721268,-0.2615541,0.68384284,-0.28276286,0.61967236
1783532917.5321,28,left_foot_joint,0.09148169,-0.7040815,-0.13271981,0.62761295,-0.3770313,0.6047375,-0.31343603
1783532917.5321,28,left_toes_joint,0.08913889,-0.83110917,-0.05481613,0.68769777,-0.25124246,0.65318304,-0.19313511
1783532917.5321,28,left_toesEnd_joint,0.090380274,-0.8673757,-0.00620687,0.68769777,-0.25124225,0.65318304,-0.19313532
1783532917.5321,28,right_upLeg_joint,-0.10095213,-0.0030343889,8.601606e-05,0.3678567,0.57998586,0.41857654,0.59421515
1783532917.5321,28,right_leg_joint,-0.09119124,-0.3921887,0.16065748,0.6165756,0.31450865,0.6555945,0.30185208
1783532917.5321,28,right_foot_joint,-0.06492262,-0.7505442,-0.12222189,0.29142132,0.6278169,0.32994244,0.64191717
1783532917.5321,28,right_toes_joint,-0.06402364,-0.86820626,-0.030759849,0.16714576,0.6716718,0.20229541,0.6928175
1783532917.5321,28,right_toesEnd_joint,-0.06498614,-0.8988299,0.021593614,0.16714624,0.6716719,0.20229495,0.6928174
1783532917.5321,28,spine_1_joint,-0.00025366776,0.02109225,-0.0031723517,0.46190652,0.5332989,0.46661505,0.53339034
1783532917.5321,28,spine_2_joint,-0.0004996728,0.07809516,-0.0111059,0.46606615,0.5284636,0.4716933,0.5301076
1783532917.5321,28,spine_3_joint,-0.000703225,0.13522758,-0.018047038,0.48703927,0.50405353,0.49482164,0.51368743
1783532917.5321,28,spine_4_joint,-0.0005884408,0.18824755,-0.019949397,0.52070206,0.46374223,0.5290408,0.4836617
1783532917.5321,28,spine_5_joint,0.0001297427,0.2583593,-0.012958891,0.5646475,0.40392202,0.574199,0.433954
1783532917.5321,28,spine_6_joint,0.0014501237,0.34776604,0.015518844,0.5746595,0.381793,0.5930969,0.4150145
1783532917.5321,28,spine_7_joint,0.0019445181,0.44720927,0.055256605,0.5571819,0.40143967,0.5844482,0.43222138
1783532917.5321,28,left_shoulder_1_joint,0.09086092,0.5545838,0.08946474,-0.6017551,0.011435509,-0.14948238,0.7844842
1783532917.5321,28,left_arm_joint,0.22939049,0.5185685,0.112957224,-0.35241058,0.30012712,-0.53334224,0.70800906
1783532917.5321,28,left_forearm_joint,0.29613703,0.26142398,0.09990406,-0.4088947,0.1757453,-0.72142774,0.530529
1783532917.5321,28,left_hand_joint,0.26861954,0.017785607,0.20803005,0.64583844,-0.5745233,0.4703907,-0.17761916
1783532917.5321,28,left_handIndexStart_joint,0.25245047,0.0005658781,0.22632067,0.6137639,-0.58520895,0.5110032,-0.14035828
1783532917.5321,28,left_handIndex_1_joint,0.23581116,-0.068646334,0.26350388,0.6137639,-0.58520895,0.5110032,-0.14035828
1783532917.5321,28,left_handIndex_2_joint,0.22613712,-0.10888599,0.285122,0.6137639,-0.58520895,0.5110032,-0.14035828
1783532917.5321,28,left_handIndex_3_joint,0.22071965,-0.1314202,0.29722816,0.6137639,-0.58520895,0.5110032,-0.14035828
1783532917.5321,28,left_handIndexEnd_joint,0.21685004,-0.14751607,0.30587542,0.6137639,-0.58520895,0.5110032,-0.14035828
1783532917.5321,28,left_handMidStart_joint,0.26252535,-0.005037589,0.22080036,0.6470447,-0.57420313,0.46847224,-0.17932704
1783532917.5321,28,left_handMid_1_joint,0.25504926,-0.07429394,0.25122947,0.6470447,-0.57420313,0.46847224,-0.17932704
1783532917.5321,28,left_handMid_2_joint,0.2497958,-0.12296057,0.2726121,0.6470447,-0.57420313,0.46847224,-0.17932704
1783532917.5321,28,left_handMid_3_joint,0.24676494,-0.15103745,0.2849482,0.6470447,-0.57420313,0.46847224,-0.17932704
1783532917.5321,28,left_handMidEnd_joint,0.24474438,-0.1697554,0.2931723,0.6470447,-0.57420313,0.46847224,-0.17932704
1783532917.5321,28,left_handPinkyStart_joint,0.28325158,-0.01367887,0.20452908,0.6727715,-0.57614315,0.38970986,-0.25211948
1783532917.5321,28,left_handPinky_1_joint,0.2853072,-0.07538519,0.21937935,0.6727715,-0.57614315,0.38970986,-0.25211948
1783532917.5321,28,left_handPinky_2_joint,0.28657684,-0.11349791,0.22855157,0.6727715,-0.57614315,0.38970986,-0.25211948
1783532917.5321,28,left_handPinky_3_joint,0.2872419,-0.13346171,0.23335607,0.6727715,-0.57614315,0.38970986,-0.25211948
1783532917.5321,28,left_handPinkyEnd_joint,0.28784648,-0.15161064,0.2377238,0.6727715,-0.57614315,0.38970986,-0.25211948
1783532917.5321,28,left_handRingStart_joint,0.27204055,-0.0095380135,0.21336335,0.66073,-0.57565004,0.43025056,-0.21667466
1783532917.5321,28,left_handRing_1_joint,0.2697371,-0.075697646,0.23565307,0.66073,-0.57565004,0.43025056,-0.21667466
1783532917.5321,28,left_handRing_2_joint,0.2681111,-0.122398585,0.25138697,0.66073,-0.57565004,0.43025056,-0.21667466
1783532917.5321,28,left_handRing_3_joint,0.26709488,-0.15158667,0.26122066,0.66073,-0.57565004,0.43025056,-0.21667466
1783532917.5321,28,left_handRingEnd_joint,0.26641738,-0.17104538,0.2677765,0.66073,-0.57565004,0.43025056,-0.21667466
1783532917.5321,28,left_handThumbStart_joint,0.24428254,-0.00050166965,0.21817218,0.24301773,-0.10332421,0.9214981,-0.28479475
1783532917.5321,28,left_handThumb_1_joint,0.20564067,-0.031384543,0.23906042,0.24301773,-0.10332421,0.9214981,-0.28479475
1783532917.5321,28,left_handThumb_2_joint,0.17801906,-0.053457245,0.2539917,0.24301773,-0.10332419,0.9214981,-0.28479475
1783532917.5321,28,left_handThumbEnd_joint,0.15960465,-0.06817239,0.26394588,0.2430177,-0.10332416,0.9214981,-0.28479475
1783532917.5321,28,neck_1_joint,0.0016097116,0.57690823,0.089668326,0.59729534,0.33771408,0.62916666,0.36515373
1783532917.5321,28,neck_2_joint,0.0010156179,0.6027957,0.10481718,0.5880369,0.35180527,0.62210655,0.37872112
1783532917.5321,28,neck_3_joint,0.00015292883,0.638194,0.12342403,0.57142496,0.37572792,0.6095333,0.4009635
1783532917.5321,28,neck_4_joint,-0.0008632636,0.6749221,0.13923597,0.55570173,0.3972512,0.5962741,0.42171678
1783532917.5321,28,head_joint,-0.002101643,0.71851903,0.15493254,0.5003861,0.46312144,0.5457501,0.4871241
1783532917.5321,28,jaw_joint,-0.0018264937,0.69315743,0.15752311,0.5003861,0.46312144,0.5457501,0.4871241
1783532917.5321,28,chin_joint,-0.0074157356,0.6337528,0.252074,0.5003861,0.46312144,0.5457501,0.4871241
1783532917.5321,28,left_eye_joint,0.023388794,0.74319905,0.24629772,0.5044061,0.45873988,0.54997766,0.4823459
1783532917.5321,28,left_eyeLowerLid_joint,0.023388794,0.74319905,0.24629772,0.5044061,0.45873988,0.54997766,0.4823459
1783532917.5321,28,left_eyeUpperLid_joint,0.023388794,0.74319905,0.24629772,0.5044061,0.45873988,0.54997766,0.4823459
1783532917.5321,28,left_eyeball_joint,0.023388794,0.74319905,0.24629772,0.5044061,0.45873988,0.54997766,0.4823459
1783532917.5321,28,nose_joint,-0.009605521,0.70790863,0.26416224,0.5044085,0.4587372,0.5499802,0.48234302
1783532917.5321,28,right_eye_joint,-0.04107597,0.7420358,0.24175613,0.5044061,0.45873988,0.54997766,0.4823459
1783532917.5321,28,right_eyeLowerLid_joint,-0.04107597,0.7420358,0.24175613,0.5044061,0.45873988,0.54997766,0.4823459
1783532917.5321,28,right_eyeUpperLid_joint,-0.04107597,0.7420358,0.24175613,0.5044061,0.45873988,0.54997766,0.4823459
1783532917.5321,28,right_eyeball_joint,-0.04107597,0.7420358,0.24175613,0.5044061,0.45873988,0.54997766,0.4823459
1783532917.5321,28,right_shoulder_1_joint,-0.08756838,0.5568017,0.07931461,0.79438126,0.1325823,0.07113479,0.5884904
1783532917.5321,28,right_arm_joint,-0.22605026,0.5141041,0.08555617,0.6933534,0.52521306,0.33157113,0.36533996
1783532917.5321,28,right_forearm_joint,-0.28680772,0.25594115,0.06533345,0.52749246,0.7123895,0.24390431,0.39340067
1783532917.5321,28,right_hand_joint,-0.25090596,0.003120365,0.14658046,0.1845198,0.4221544,0.6235174,0.6316365
1783532917.5321,28,right_handIndexStart_joint,-0.23591447,-0.015308165,0.16275343,0.14156516,0.46423677,0.6351295,0.6008782
1783532917.5321,28,right_handIndex_1_joint,-0.21681578,-0.08716263,0.1931166,0.14156516,0.46423677,0.6351295,0.6008782
1783532917.5321,28,right_handIndex_2_joint,-0.20571145,-0.12893867,0.2107692,0.14156516,0.46423677,0.6351295,0.6008782
1783532917.5321,28,right_handIndex_3_joint,-0.19949356,-0.15233353,0.22065538,0.14156516,0.46423677,0.6351295,0.6008782
1783532917.5321,28,right_handIndexEnd_joint,-0.19505218,-0.16904384,0.22771688,0.14156516,0.46423677,0.6351295,0.6008782
1783532917.5321,28,right_handMidStart_joint,-0.24529508,-0.020837106,0.15605952,0.1839154,0.4226809,0.62393194,0.631051
1783532917.5321,28,right_handMid_1_joint,-0.23496455,-0.09251533,0.1791655,0.1839154,0.4226809,0.62393194,0.631051
1783532917.5321,28,right_handMid_2_joint,-0.22770561,-0.14288315,0.19540238,0.1839154,0.4226809,0.62393194,0.631051
1783532917.5321,28,right_handMid_3_joint,-0.22351752,-0.17194168,0.2047697,0.1839154,0.4226809,0.62393194,0.631051
1783532917.5321,28,right_handMidEnd_joint,-0.22072576,-0.19131367,0.2110147,0.1839154,0.4226809,0.62393194,0.631051
1783532917.5321,28,right_handPinkyStart_joint,-0.26451954,-0.028798107,0.13772789,0.26034388,0.3455273,0.624368,0.6503822
1783532917.5321,28,right_handPinky_1_joint,-0.26334807,-0.09179504,0.14562412,0.26034388,0.3455273,0.624368,0.6503822
1783532917.5321,28,right_handPinky_2_joint,-0.2626248,-0.13070565,0.15050177,0.26034388,0.3455273,0.624368,0.6503822
1783532917.5321,28,right_handPinky_3_joint,-0.2622455,-0.15108708,0.15305603,0.26034388,0.3455273,0.624368,0.6503822
1783532917.5321,28,right_handPinkyEnd_joint,-0.26190102,-0.16961549,0.15537836,0.26034388,0.3455273,0.624368,0.6503822
1783532917.5321,28,right_handRingStart_joint,-0.2540879,-0.025025077,0.14761853,0.22307482,0.38524055,0.6247425,0.64150196
1783532917.5321,28,right_handRing_1_joint,-0.24867973,-0.09301975,0.16267422,0.22307482,0.38524055,0.6247425,0.64150196
1783532917.5321,28,right_handRing_2_joint,-0.24486208,-0.14101559,0.17330146,0.22307482,0.38524055,0.6247425,0.64150196
1783532917.5321,28,right_handRing_3_joint,-0.24247633,-0.17101339,0.179944,0.22307482,0.38524055,0.6247425,0.64150196
1783532917.5321,28,right_handRingEnd_joint,-0.24088518,-0.1910124,0.18437168,0.22307482,0.38524055,0.6247425,0.64150196
1783532917.5321,28,right_handThumbStart_joint,-0.22727172,-0.014972271,0.15504272,0.26607215,0.91546005,0.16977696,0.24962907
1783532917.5321,28,right_handThumb_1_joint,-0.18787159,-0.04568473,0.17473176,0.26607215,0.91546005,0.16977693,0.24962907
1783532917.5321,28,right_handThumb_2_joint,-0.1597085,-0.06763542,0.18880649,0.26607215,0.91546005,0.16977693,0.24962907
1783532917.5321,28,right_handThumbEnd_joint,-0.14093305,-0.082269415,0.19818887,0.26607215,0.91546005,0.16977689,0.24962908
1783532917.5321,28,camera,0.108798064,0.06974651,-0.039465882,-0.0822357,-0.077338524,-0.6986084,0.7065425
1783532917.5655,29,root,-0.00012485986,0.021424152,-0.002941414,-0.05554301,-0.0015130602,-0.0028470063,0.99845105
1783532917.5655,29,hips_joint,-0.00012485986,0.021424152,-0.002941414,-0.05554301,-0.0015130602,-0.0028470063,0.99845105
1783532917.5655,29,left_upLeg_joint,0.100264244,-0.0038481688,0.001116873,0.6307857,-0.36494526,0.57248366,-0.37574822
1783532917.5655,29,left_leg_joint,0.13317531,-0.37889066,0.18975912,-0.25405094,0.684785,-0.2793371,0.62329626
1783532917.5655,29,left_foot_joint,0.09022533,-0.6972493,-0.13571347,0.6222875,-0.38240004,0.6042756,-0.3184013
1783532917.5655,29,left_toes_joint,0.08683376,-0.8255254,-0.059922915,0.68348646,-0.2575232,0.6536705,-0.19809796
1783532917.5655,29,left_toesEnd_joint,0.087610185,-0.8625894,-0.011909179,0.6834864,-0.257523,0.65367055,-0.1980982
1783532917.5655,29,right_upLeg_joint,-0.10081155,-0.002734003,0.00044569222,0.3653126,0.58409095,0.41750652,0.59251386
1783532917.5655,29,right_leg_joint,-0.087779626,-0.39077488,0.1634606,0.62138367,0.31114376,0.6565411,0.2933011
1783532917.5655,29,right_foot_joint,-0.062300537,-0.7437276,-0.1262021,0.29728132,0.62813306,0.33596087,0.63576955
1783532917.5655,29,right_toes_joint,-0.06008866,-0.8630502,-0.036940146,0.17283963,0.6730929,0.20936988,0.68792206
1783532917.5655,29,right_toesEnd_joint,-0.060466003,-0.8946379,0.014844918,0.17284009,0.67309296,0.2093694,0.687922
1783532917.5655,29,spine_1_joint,-0.00012487965,0.021424152,-0.002941414,0.46120498,0.5340977,0.46560383,0.53408116
1783532917.5655,29,spine_2_joint,-0.00036052777,0.07840134,-0.0110578295,0.46569428,0.5289774,0.47079054,0.53072387
1783532917.5655,29,spine_3_joint,-0.0005286844,0.13551699,-0.018136423,0.48699346,0.50428826,0.4941257,0.5141697
1783532917.5655,29,spine_4_joint,-0.00036599234,0.188534,-0.020115742,0.5209226,0.46370506,0.5285625,0.483982
1783532917.5655,29,spine_5_joint,0.00042827532,0.2586486,-0.013162336,0.56501055,0.40365517,0.5739367,0.43407622
1783532917.5655,29,spine_6_joint,0.0018456833,0.34804624,0.015339141,0.57497656,0.38150722,0.59298587,0.41499618
1783532917.5655,29,spine_7_joint,0.0024150459,0.4474677,0.055130262,0.5572181,0.4014331,0.58439934,0.4322464
1783532917.5655,29,left_shoulder_1_joint,0.09134546,0.5548336,0.08932905,-0.6024149,0.009841469,-0.1488959,0.78411067
1783532917.5655,29,left_arm_joint,0.22993565,0.5192443,0.113111496,-0.35263947,0.29811275,-0.5343191,0.7080095
1783532917.5655,29,left_forearm_joint,0.29676843,0.26207304,0.10106514,-0.40809444,0.1732512,-0.7242433,0.52812386
1783532917.5655,29,left_hand_joint,0.26753595,0.019188575,0.21043003,0.64375186,-0.57422596,0.47414023,-0.17617984
1783532917.5655,29,left_handIndexStart_joint,0.2511902,0.0021496606,0.22873288,0.6114394,-0.58481824,0.514611,-0.13894351
1783532917.5655,29,left_handIndex_1_joint,0.23402998,-0.06677008,0.2662213,0.6114394,-0.58481824,0.514611,-0.13894351
1783532917.5655,29,left_handIndex_2_joint,0.22405311,-0.10683969,0.28801692,0.6114394,-0.58481824,0.514611,-0.13894351
1783532917.5655,29,left_handIndex_3_joint,0.21846607,-0.12927866,0.30022246,0.6114394,-0.58481824,0.514611,-0.13894351
1783532917.5655,29,left_handIndexEnd_joint,0.21447532,-0.14530651,0.3089407,0.6114394,-0.58481824,0.514611,-0.13894351
1783532917.5655,29,left_handMidStart_joint,0.26126736,-0.0035324167,0.22329776,0.6449687,-0.5739095,0.4722281,-0.17788793
1783532917.5655,29,left_handMid_1_joint,0.25330535,-0.07257783,0.25408086,0.6449687,-0.5739095,0.4722281,-0.17788793
1783532917.5655,29,left_handMid_2_joint,0.2477104,-0.12109622,0.27571222,0.6449687,-0.5739095,0.4722281,-0.17788793
1783532917.5655,29,left_handMid_3_joint,0.24448256,-0.14908762,0.28819185,0.6449687,-0.5739095,0.4722281,-0.17788793
1783532917.5655,29,left_handMidEnd_joint,0.24233069,-0.16774854,0.29651162,0.6449687,-0.5739095,0.4722281,-0.17788793
1783532917.5655,29,left_handPinkyStart_joint,0.28203765,-0.012363596,0.20718543,0.6711055,-0.57594323,0.39371073,-0.2507964
1783532917.5655,29,left_handPinky_1_joint,0.28372443,-0.07399292,0.22239743,0.6711055,-0.57594323,0.39371073,-0.2507964
1783532917.5655,29,left_handPinky_2_joint,0.28476626,-0.112058096,0.23179309,0.6711055,-0.57594323,0.39371073,-0.2507964
1783532917.5655,29,left_handPinky_3_joint,0.28531197,-0.13199699,0.23671463,0.6711055,-0.57594323,0.39371073,-0.2507964
1783532917.5655,29,left_handPinkyEnd_joint,0.28580806,-0.15012327,0.24118875,0.6711055,-0.57594323,0.39371073,-0.2507964
1783532917.5655,29,left_handRingStart_joint,0.27080008,-0.008119822,0.2159368,0.65885764,-0.5753992,0.4341346,-0.21528968
1783532917.5655,29,left_handRing_1_joint,0.2680679,-0.07413939,0.23859039,0.65885764,-0.5753992,0.4341346,-0.21528968
1783532917.5655,29,left_handRing_2_joint,0.2661393,-0.12074144,0.25458115,0.65885764,-0.5753992,0.4341346,-0.21528968
1783532917.5655,29,left_handRing_3_joint,0.2649339,-0.14986773,0.2645754,0.65885764,-0.5753992,0.4341346,-0.21528968
1783532917.5655,29,left_handRingEnd_joint,0.26413032,-0.16928524,0.27123824,0.65885764,-0.5753992,0.4341346,-0.21528968
1783532917.5655,29,left_handThumbStart_joint,0.24306016,0.0010738098,0.22054769,0.24116227,-0.10051633,0.9230915,-0.28220475
1783532917.5655,29,left_handThumb_1_joint,0.20416412,-0.029507747,0.24140742,0.24116227,-0.10051633,0.9230915,-0.28220475
1783532917.5655,29,left_handThumb_2_joint,0.17636083,-0.05136506,0.25631833,0.24116227,-0.10051631,0.9230915,-0.28220475
1783532917.5655,29,left_handThumbEnd_joint,0.15782532,-0.06593661,0.26625893,0.24116224,-0.100516275,0.9230915,-0.28220475
1783532917.5655,29,neck_1_joint,0.002096738,0.57716763,0.08953832,0.59738195,0.3376406,0.6291243,0.3651527
1783532917.5655,29,neck_2_joint,0.0015088241,0.6030533,0.10469055,0.58815455,0.3516982,0.6220684,0.37870035
1783532917.5655,29,neck_3_joint,0.0006559627,0.6384477,0.12330528,0.57154685,0.3756254,0.6094965,0.40094176
1783532917.5655,29,neck_4_joint,-0.0003504689,0.6751725,0.13912542,0.5558273,0.39715314,0.5962384,0.42169404
1783532917.5655,29,head_joint,-0.001577657,0.7187662,0.15483171,0.5005227,0.46303892,0.54571813,0.48709786
1783532917.5655,29,jaw_joint,-0.0013075573,0.6934039,0.15741667,0.5005227,0.46303892,0.54571813,0.48709786
1783532917.5655,29,chin_joint,-0.0068975813,0.6339797,0.25195518,0.5005227,0.46303892,0.54571813,0.48709786
1783532917.5655,29,left_eye_joint,0.023929408,0.7434208,0.2461991,0.5045419,0.45865598,0.54994553,0.48231995
1783532917.5655,29,left_eyeLowerLid_joint,0.023929408,0.7434208,0.2461991,0.5045419,0.45865598,0.54994553,0.48231995
1783532917.5655,29,left_eyeUpperLid_joint,0.023929408,0.7434208,0.2461991,0.5045419,0.45865598,0.54994553,0.48231995
1783532917.5655,29,left_eyeball_joint,0.023929408,0.7434208,0.2461991,0.5045419,0.45865598,0.54994553,0.48231995
1783532917.5655,29,nose_joint,-0.009070149,0.7081334,0.26406,0.5045443,0.45865345,0.54994804,0.48231712
1783532917.5655,29,right_eye_joint,-0.040536165,0.7422722,0.24166532,0.5045419,0.45865598,0.54994553,0.48231995
1783532917.5655,29,right_eyeLowerLid_joint,-0.040536165,0.7422722,0.24166532,0.5045419,0.45865598,0.54994553,0.48231995
1783532917.5655,29,right_eyeUpperLid_joint,-0.040536165,0.7422722,0.24166532,0.5045419,0.45865598,0.54994553,0.48231995
1783532917.5655,29,right_eyeball_joint,-0.040536165,0.7422722,0.24166532,0.5045419,0.45865598,0.54994553,0.48231995
1783532917.5655,29,right_shoulder_1_joint,-0.087084256,0.55707043,0.0791915,0.7939689,0.13244982,0.070854604,0.5891095
1783532917.5655,29,right_arm_joint,-0.22558786,0.5144543,0.085507266,0.6930047,0.5253691,0.3307436,0.3665244
1783532917.5655,29,right_forearm_joint,-0.2865496,0.25628364,0.0660125,0.52617925,0.7131529,0.24205442,0.39491504
1783532917.5655,29,right_hand_joint,-0.2505465,0.0039424896,0.1486926,0.18255964,0.4238772,0.62249935,0.6320559
1783532917.5655,29,right_handIndexStart_joint,-0.23555015,-0.014387308,0.16497289,0.13968036,0.4659855,0.63398004,0.601179
1783532917.5655,29,right_handIndex_1_joint,-0.21642447,-0.08606015,0.19574544,0.13968036,0.4659855,0.63398004,0.601179
1783532917.5655,29,right_handIndex_2_joint,-0.20530443,-0.12773061,0.21363606,0.13968036,0.4659855,0.63398004,0.601179
1783532917.5655,29,right_handIndex_3_joint,-0.19907774,-0.15106632,0.2236555,0.13968036,0.4659855,0.63398004,0.601179
1783532917.5655,29,right_handIndexEnd_joint,-0.19463009,-0.16773441,0.23081222,0.13968036,0.4659855,0.63398004,0.601179
1783532917.5655,29,right_handMidStart_joint,-0.24492645,-0.019958429,0.15830795,0.18195675,0.4244049,0.6229123,0.63146865
1783532917.5655,29,right_handMid_1_joint,-0.2345672,-0.09150019,0.18182027,0.18195675,0.4244049,0.6229123,0.63146865
1783532917.5655,29,right_handMid_2_joint,-0.22728807,-0.14177212,0.1983427,0.18195675,0.4244049,0.6229123,0.63146865
1783532917.5655,29,right_handMid_3_joint,-0.22308834,-0.17077534,0.20787473,0.18195675,0.4244049,0.6229123,0.63146865
1783532917.5655,29,right_handMidEnd_joint,-0.22028881,-0.19011045,0.21422954,0.18195675,0.4244049,0.6229123,0.63146865
1783532917.5655,29,right_handPinkyStart_joint,-0.2641425,-0.028031945,0.1400168,0.2583489,0.3472688,0.6235799,0.65100574
1783532917.5655,29,right_handPinky_1_joint,-0.2629427,-0.09098276,0.14826842,0.2583489,0.3472688,0.6235799,0.65100574
1783532917.5655,29,right_handPinky_2_joint,-0.2622019,-0.12986489,0.15336558,0.2583489,0.3472688,0.6235799,0.65100574
1783532917.5655,29,right_handPinky_3_joint,-0.26181343,-0.15023139,0.15603481,0.2583489,0.3472688,0.6235799,0.65100574
1783532917.5655,29,right_handPinkyEnd_joint,-0.26146063,-0.16874623,0.15846168,0.2583489,0.3472688,0.6235799,0.65100574
1783532917.5655,29,right_handRingStart_joint,-0.25371516,-0.02419817,0.14988858,0.22109538,0.38697496,0.62383556,0.64202523
1783532917.5655,29,right_handRing_1_joint,-0.24827804,-0.092104234,0.16532877,0.22109538,0.38697496,0.62383556,0.64202523
1783532917.5655,29,right_handRing_2_joint,-0.24443996,-0.1400375,0.1762274,0.22109538,0.38697496,0.62383556,0.64202523
1783532917.5655,29,right_handRing_3_joint,-0.24204142,-0.1699962,0.18303959,0.22109538,0.38697496,0.62383556,0.64202523
1783532917.5655,29,right_handRingEnd_joint,-0.24044177,-0.18996915,0.18758035,0.22109538,0.38697496,0.62383556,0.64202523
1783532917.5655,29,right_handThumbStart_joint,-0.22690566,-0.014090732,0.15726253,0.26512575,0.9159683,0.16728802,0.25044993
1783532917.5655,29,right_handThumb_1_joint,-0.18749565,-0.044672646,0.1771341,0.26512575,0.9159683,0.167288,0.25044996
1783532917.5655,29,right_handThumb_2_joint,-0.15932553,-0.06653003,0.19133925,0.26512575,0.9159683,0.167288,0.25044996
1783532917.5655,29,right_handThumbEnd_joint,-0.14054537,-0.08110182,0.2008086,0.26512575,0.9159683,0.16728796,0.25044993
1783532917.5655,29,camera,0.10865968,0.07000383,-0.038946934,-0.08172439,-0.07724691,-0.69839996,0.70681787
1783532917.5988,30,root,-0.00012729362,0.021415073,-0.0030626627,-0.057112876,-0.0021315885,-0.002897685,0.99836123
1783532917.5988,30,hips_joint,-0.00012729362,0.021415073,-0.0030626627,-0.057112876,-0.0021315885,-0.002897685,0.99836123
1783532917.5988,30,left_upLeg_joint,0.100255735,-0.0038479422,0.0011988588,0.62986135,-0.3620499,0.5774492,-0.37248737
1783532917.5988,30,left_leg_joint,0.1301305,-0.37705603,0.19394006,-0.24959172,0.683321,-0.28022742,0.62629765
1783532917.5988,30,left_foot_joint,0.08855667,-0.6935644,-0.13350973,0.61787444,-0.38399747,0.6068272,-0.32021484
1783532917.5988,30,left_toes_joint,0.08387901,-0.82220197,-0.05840326,0.6794561,-0.2599282,0.6565197,-0.19939502
1783532917.5988,30,left_toesEnd_joint,0.08405155,-0.8595101,-0.010572972,0.6794561,-0.25992796,0.6565197,-0.19939522
1783532917.5988,30,right_upLeg_joint,-0.10081903,-0.0027286934,0.00027641683,0.3650009,0.5859422,0.4174001,0.5909511
1783532917.5988,30,right_leg_joint,-0.08603773,-0.39058283,0.16358624,0.62550783,0.30810252,0.6562147,0.28843513
1783532917.5988,30,right_foot_joint,-0.062673055,-0.7399614,-0.13055325,0.30240345,0.62828225,0.3387046,0.6317377
1783532917.5988,30,right_toes_joint,-0.059853524,-0.86036927,-0.042778254,0.17784059,0.67421013,0.21282808,0.6844834
1783532917.5988,30,right_toesEnd_joint,-0.059871096,-0.8925893,0.008617153,0.17784105,0.67421025,0.21282762,0.6844833
1783532917.5988,30,spine_1_joint,-0.0001273134,0.021415073,-0.0030626627,0.46048972,0.5343411,0.46489725,0.53506917
1783532917.5988,30,spine_2_joint,-0.00031723286,0.07837064,-0.011330592,0.46537444,0.5290993,0.47000286,0.5315802
1783532917.5988,30,spine_3_joint,-0.00041494158,0.13547155,-0.018528307,0.48706496,0.5043085,0.49333277,0.5148428
1783532917.5988,30,spine_4_joint,-0.00017136837,0.18848543,-0.020581974,0.52132493,0.46364084,0.52778196,0.48446223
1783532917.5988,30,spine_5_joint,0.00074736326,0.2586039,-0.013682954,0.5656249,0.40356618,0.57317233,0.4343688
1783532917.5988,30,spine_6_joint,0.0023432132,0.34800804,0.014788715,0.57557404,0.3816472,0.59215593,0.41522425
1783532917.5988,30,spine_7_joint,0.0031010981,0.44745117,0.05452252,0.5576011,0.40203822,0.58348155,0.4324298
1783532917.5988,30,left_shoulder_1_joint,0.0921632,0.5548048,0.08841557,-0.6035146,0.009388147,-0.1477894,0.7834796
1783532917.5988,30,left_arm_joint,0.23085113,0.5195705,0.11215664,-0.35372305,0.2970987,-0.53494644,0.7074211
1783532917.5988,30,left_forearm_joint,0.29764813,0.2623494,0.101011276,-0.40856102,0.17116031,-0.7268319,0.5248785
1783532917.5988,30,left_hand_joint,0.26678845,0.02041092,0.21201359,0.64217144,-0.57411397,0.47746587,-0.1733072
1783532917.5988,30,left_handIndexStart_joint,0.25030223,0.003593018,0.2303947,0.60964733,-0.58452004,0.51782924,-0.13608612
1783532917.5988,30,left_handIndex_1_joint,0.23266429,-0.06496334,0.26832506,0.60964733,-0.58452004,0.51782924,-0.13608612
1783532917.5988,30,left_handIndex_2_joint,0.22240968,-0.10482169,0.29037762,0.60964733,-0.58452004,0.51782924,-0.13608612
1783532917.5988,30,left_handIndex_3_joint,0.2166671,-0.12714237,0.302727,0.60964733,-0.58452004,0.51782924,-0.13608612
1783532917.5988,30,left_handIndexEnd_joint,0.21256524,-0.1430857,0.31154802,0.60964733,-0.58452004,0.51782924,-0.13608612
1783532917.5988,30,left_handMidStart_joint,0.2603611,-0.0021832846,0.22502545,0.6433977,-0.5738055,0.4755589,-0.17501588
1783532917.5988,30,left_handMid_1_joint,0.2519373,-0.07096388,0.2562749,0.6433977,-0.5738055,0.4755589,-0.17501588
1783532917.5988,30,left_handMid_2_joint,0.24601786,-0.119296186,0.278234,0.6433977,-0.5738055,0.4755589,-0.17501588
1783532917.5988,30,left_handMid_3_joint,0.2426028,-0.14718021,0.2909027,0.6433977,-0.5738055,0.4755589,-0.17501588
1783532917.5988,30,left_handMidEnd_joint,0.24032609,-0.16576955,0.2993485,0.6433977,-0.5738055,0.4755589,-0.17501588
1783532917.5988,30,left_handPinkyStart_joint,0.28112206,-0.011243522,0.20902869,0.66988504,-0.57609755,0.39728543,-0.24805228
1783532917.5988,30,left_handPinky_1_joint,0.28242713,-0.07277211,0.22467965,0.66988504,-0.57609755,0.39728543,-0.24805228
1783532917.5988,30,left_handPinky_2_joint,0.2832332,-0.11077507,0.23434642,0.66988504,-0.57609755,0.39728543,-0.24805228
1783532917.5988,30,left_handPinky_3_joint,0.28365543,-0.13068138,0.23940997,0.66988504,-0.57609755,0.39728543,-0.24805228
1783532917.5988,30,left_handPinkyEnd_joint,0.28403926,-0.14877802,0.2440132,0.66988504,-0.57609755,0.39728543,-0.24805228
1783532917.5988,30,left_handRingStart_joint,0.26988646,-0.006875553,0.21772128,0.6574624,-0.5754214,0.43759272,-0.21247604
1783532917.5988,30,left_handRing_1_joint,0.26672956,-0.072717,0.24083339,0.6574624,-0.5754214,0.43759272,-0.21247604
1783532917.5988,30,left_handRing_2_joint,0.26450118,-0.11919332,0.25714782,0.6574624,-0.5754214,0.43759272,-0.21247604
1783532917.5988,30,left_handRing_3_joint,0.26310843,-0.14824101,0.26734433,0.6574624,-0.5754214,0.43759272,-0.21247604
1783532917.5988,30,left_handRingEnd_joint,0.26217994,-0.16760616,0.274142,0.6574624,-0.5754214,0.43759272,-0.21247604
1783532917.5988,30,left_handThumbStart_joint,0.24218681,0.0025044978,0.22219667,0.2407136,-0.09756898,0.924526,-0.27890688
1783532917.5988,30,left_handThumb_1_joint,0.20306881,-0.027712077,0.24317291,0.2407136,-0.09756898,0.924526,-0.27890688
1783532917.5988,30,left_handThumb_2_joint,0.17510688,-0.049308497,0.25816706,0.2407136,-0.09756897,0.924526,-0.27890688
1783532917.5988,30,left_handThumbEnd_joint,0.15646562,-0.06370612,0.26816317,0.24071357,-0.09756895,0.924526,-0.27890688
1783532917.5988,30,neck_1_joint,0.0029293224,0.5771965,0.08876015,0.59799474,0.33802712,0.62818396,0.36541036
1783532917.5988,30,neck_2_joint,0.0023966809,0.60309744,0.10388807,0.58887154,0.3519815,0.62110066,0.3789104
1783532917.5988,30,neck_3_joint,0.0016241237,0.63850653,0.122478396,0.57225645,0.37593704,0.60852444,0.40111318
1783532917.5988,30,neck_4_joint,0.0006936762,0.67524415,0.13827348,0.5565279,0.3974908,0.5952628,0.42182937
1783532917.5988,30,head_joint,-0.000449765,0.71885085,0.15395011,0.50118464,0.4634587,0.5447383,0.48711422
1783532917.5988,30,jaw_joint,-0.00020379096,0.6934902,0.15655324,0.50118464,0.4634587,0.5447383,0.48711422
1783532917.5988,30,chin_joint,-0.0056646965,0.6341422,0.2511471,0.50118464,0.4634587,0.5447383,0.48711422
1783532917.5988,30,left_eye_joint,0.025277616,0.7435429,0.24524556,0.50520754,0.45907015,0.5489658,0.48234493
1783532917.5988,30,left_eyeLowerLid_joint,0.025277616,0.7435429,0.24524556,0.50520754,0.45907015,0.5489658,0.48234493
1783532917.5988,30,left_eyeUpperLid_joint,0.025277616,0.7435429,0.24524556,0.50520754,0.45907015,0.5489658,0.48234493
1783532917.5988,30,left_eyeball_joint,0.025277616,0.7435429,0.24524556,0.50520754,0.45907015,0.5489658,0.48234493
1783532917.5988,30,nose_joint,-0.007725477,0.70830715,0.26320162,0.5052099,0.45906746,0.5489684,0.48234203
1783532917.5988,30,right_eye_joint,-0.039198592,0.7424662,0.2408478,0.50520754,0.45907015,0.5489658,0.48234493
1783532917.5988,30,right_eyeLowerLid_joint,-0.039198592,0.7424662,0.2408478,0.50520754,0.45907015,0.5489658,0.48234493
1783532917.5988,30,right_eyeUpperLid_joint,-0.039198592,0.7424662,0.2408478,0.50520754,0.45907015,0.5489658,0.48234493
1783532917.5988,30,right_eyeball_joint,-0.039198592,0.7424662,0.2408478,0.50520754,0.45907015,0.5489658,0.48234493
1783532917.5988,30,right_shoulder_1_joint,-0.08628343,0.55714285,0.07860444,0.7932477,0.13282143,0.06978638,0.590124
1783532917.5988,30,right_arm_joint,-0.22480202,0.51463103,0.08528345,0.6927272,0.52606356,0.32889813,0.36771217
1783532917.5988,30,right_forearm_joint,-0.286023,0.25643405,0.06698537,0.52456707,0.7146171,0.2390594,0.3962355
1783532917.5988,30,right_hand_joint,-0.2496717,0.004762211,0.15153225,0.18047743,0.42684913,0.62098867,0.63214004
1783532917.5988,30,right_handIndexStart_joint,-0.23463324,-0.013430157,0.16792743,0.13770832,0.46895775,0.6323308,0.6010601
1783532917.5988,30,right_handIndex_1_joint,-0.21539669,-0.0848498,0.19921531,0.13770832,0.46895775,0.6323308,0.6010601
1783532917.5988,30,right_handIndex_2_joint,-0.2042122,-0.12637305,0.21740553,0.13770832,0.46895775,0.6323308,0.6010601
1783532917.5988,30,right_handIndex_3_joint,-0.19794942,-0.14962633,0.22759277,0.13770832,0.46895775,0.6323308,0.6010601
1783532917.5988,30,right_handIndexEnd_joint,-0.19347599,-0.16623552,0.23486932,0.13770832,0.46895775,0.6323308,0.6010601
1783532917.5988,30,right_handMidStart_joint,-0.24401574,-0.01905984,0.16132075,0.17987688,0.42737764,0.62139976,0.6315499
1783532917.5988,30,right_handMid_1_joint,-0.23355766,-0.09041117,0.18536206,0.17987688,0.42737764,0.62139976,0.6315499
1783532917.5988,30,right_handMid_2_joint,-0.22620909,-0.14054929,0.2022562,0.17987688,0.42737764,0.62139976,0.6315499
1783532917.5988,30,right_handMid_3_joint,-0.22196929,-0.1694753,0.2120027,0.17987688,0.42737764,0.62139976,0.6315499
1783532917.5988,30,right_handMidEnd_joint,-0.21914306,-0.18875895,0.21850048,0.17987688,0.42737764,0.62139976,0.6315499
1783532917.5988,30,right_handPinkyStart_joint,-0.26325503,-0.027288882,0.1431235,0.2562266,0.35029265,0.62230754,0.65144193
1783532917.5988,30,right_handPinky_1_joint,-0.26198867,-0.090173766,0.15185401,0.2562266,0.35029265,0.62230754,0.65144193
1783532917.5988,30,right_handPinky_2_joint,-0.26120678,-0.12901518,0.15724698,0.2562266,0.35029265,0.62230754,0.65144193
1783532917.5988,30,right_handPinky_3_joint,-0.26079676,-0.14936034,0.16007116,0.2562266,0.35029265,0.62230754,0.65144193
1783532917.5988,30,right_handPinkyEnd_joint,-0.2604244,-0.16785581,0.16263887,0.2562266,0.35029265,0.62230754,0.65144193
1783532917.5988,30,right_handRingStart_joint,-0.2528147,-0.02337111,0.15294848,0.21899135,0.38997665,0.62243843,0.6422864
1783532917.5988,30,right_handRing_1_joint,-0.24729505,-0.09115264,0.16889824,0.21899135,0.38997665,0.62243843,0.6422864
1783532917.5988,30,right_handRing_2_joint,-0.2433987,-0.13899802,0.18015659,0.21899135,0.38997665,0.62243843,0.6422864
1783532917.5988,30,right_handRing_3_joint,-0.24096376,-0.16890177,0.18719356,0.21899135,0.38997665,0.62243843,0.6422864
1783532917.5988,30,right_handRingEnd_joint,-0.23933983,-0.18883808,0.1918842,0.21899135,0.38997665,0.62243843,0.6422864
1783532917.5988,30,right_handThumbStart_joint,-0.22600164,-0.013185359,0.16020079,0.26392138,0.9169174,0.1636727,0.25063822
1783532917.5988,30,right_handThumb_1_joint,-0.18653332,-0.04358179,0.18024053,0.26392138,0.9169174,0.1636727,0.25063822
1783532917.5988,30,right_handThumb_2_joint,-0.15832148,-0.065306574,0.19456592,0.26392138,0.9169174,0.16367269,0.25063822
1783532917.5988,30,right_handThumbEnd_joint,-0.13951355,-0.07978998,0.2041154,0.26392138,0.9169174,0.16367264,0.25063822
1783532917.5988,30,camera,0.10901819,0.07049794,-0.03854689,-0.08153647,-0.07656912,-0.69855815,0.706757
1783532917.6320,31,root,-0.0002072045,0.021667583,-0.0028726116,-0.05772365,-0.0025204094,-0.0027193148,0.99832565
1783532917.6320,31,hips_joint,-0.0002072045,0.021667583,-0.0028726116,-0.05772365,-0.0025204094,-0.0027193148,0.99832565
1783532917.6320,31,left_upLeg_joint,0.100182615,-0.0035502098,0.0014954217,0.62789726,-0.36148724,0.581419,-0.3701672
1783532917.6320,31,left_leg_joint,0.12652573,-0.37597114,0.19626361,-0.24049492,0.68454856,-0.27793708,0.6295286
1783532917.6320,31,left_foot_joint,0.08458539,-0.6865736,-0.13674751,0.6114704,-0.39057365,0.60701674,-0.32417065
1783532917.6320,31,left_toes_joint,0.07832092,-0.8164105,-0.06385301,0.6744146,-0.26759896,0.6574555,-0.2032432
1783532917.6320,31,left_toesEnd_joint,0.07785335,-0.8545168,-0.016658206,0.6744145,-0.2675988,0.6574556,-0.20324345
1783532917.6320,31,right_upLeg_joint,-0.10089183,-0.0025121665,0.0004203269,0.3655322,0.5870609,0.41891629,0.58843404
1783532917.6320,31,right_leg_joint,-0.083937444,-0.39083946,0.16238897,0.6304441,0.30245197,0.657755,0.2800375
1783532917.6320,31,right_foot_joint,-0.061877012,-0.7337053,-0.139415,0.30977392,0.62687826,0.34509578,0.62607694
1783532917.6320,31,right_toes_joint,-0.058280114,-0.8559849,-0.0542963,0.1853436,0.67422867,0.22017635,0.6801365
1783532917.6320,31,right_toesEnd_joint,-0.057908643,-0.88931316,-0.0036138915,0.18534409,0.67422885,0.22017592,0.6801364
1783532917.6320,31,spine_1_joint,-0.00020722428,0.021667583,-0.0028726116,0.45968345,0.53478426,0.4645694,0.53560424
1783532917.6320,31,spine_2_joint,-0.0004166082,0.07860543,-0.011261264,0.4644694,0.529753,0.4694231,0.53223294
1783532917.6320,31,spine_3_joint,-0.0005312876,0.13568597,-0.018618748,0.486163,0.5051424,0.4925938,0.51558554
1783532917.6320,31,spine_4_joint,-0.00029968776,0.18869302,-0.020843133,0.52052605,0.46462008,0.52695835,0.48527947
1783532917.6320,31,spine_5_joint,0.0006133076,0.25883484,-0.014184374,0.5649942,0.40467978,0.57232404,0.43527162
1783532917.6320,31,spine_6_joint,0.0022228523,0.34833893,0.013970742,0.57505363,0.3828485,0.5912334,0.4161538
1783532917.6320,31,spine_7_joint,0.0030183217,0.44792557,0.053342864,0.5570671,0.40334493,0.5823878,0.43337506
1783532917.6320,31,left_shoulder_1_joint,0.09213036,0.5553967,0.086728714,-0.6050713,0.008906035,-0.14640664,0.78254384
1783532917.6320,31,left_arm_joint,0.23093887,0.5205968,0.11040579,-0.35488352,0.2965124,-0.53538525,0.7067538
1783532917.6320,31,left_forearm_joint,0.29767117,0.26332787,0.0999994,-0.40940797,0.16938391,-0.72891665,0.5218954
1783532917.6320,31,left_hand_joint,0.26550913,0.022280369,0.21255958,0.64105254,-0.57395,0.48019993,-0.17041509
1783532917.6320,31,left_handIndexStart_joint,0.2489187,0.0056636045,0.23102966,0.608354,-0.5841691,0.520487,-0.13321236
1783532917.6320,31,left_handIndex_1_joint,0.23090343,-0.06255488,0.26938948,0.608354,-0.5841691,0.520487,-0.13321236
1783532917.6320,31,left_handIndex_2_joint,0.22042944,-0.102216795,0.2916917,0.608354,-0.5841691,0.520487,-0.13321236
1783532917.6320,31,left_handIndex_3_joint,0.214564,-0.12442747,0.30418095,0.608354,-0.5841691,0.520487,-0.13321236
1783532917.6320,31,left_handIndexEnd_joint,0.21037439,-0.14029223,0.31310183,0.608354,-0.5841691,0.520487,-0.13321236
1783532917.6320,31,left_handMidStart_joint,0.2589568,-0.00019615411,0.22571214,0.64228636,-0.57364964,0.4782969,-0.17212409
1783532917.6320,31,left_handMid_1_joint,0.25016314,-0.06872716,0.25740498,0.64228636,-0.57364964,0.4782969,-0.17212409
1783532917.6320,31,left_handMid_2_joint,0.24398379,-0.116884075,0.2796756,0.64228636,-0.57364964,0.4782969,-0.17212409
1783532917.6320,31,left_handMid_3_joint,0.2404188,-0.14466691,0.29252404,0.64228636,-0.57364964,0.4782969,-0.17212409
1783532917.6320,31,left_handMidEnd_joint,0.23804215,-0.16318882,0.30108967,0.64228636,-0.57364964,0.4782969,-0.17212409
1783532917.6320,31,left_handPinkyStart_joint,0.2796949,-0.009461302,0.20980337,0.6690614,-0.5762162,0.4002238,-0.24526085
1783532917.6320,31,left_handPinky_1_joint,0.280685,-0.07089039,0.225863,0.6690614,-0.5762162,0.4002238,-0.24526085
1783532917.6320,31,left_handPinky_2_joint,0.28129655,-0.10883188,0.23578218,0.6690614,-0.5762162,0.4002238,-0.24526085
1783532917.6320,31,left_handPinky_3_joint,0.28161687,-0.128706,0.24097794,0.6690614,-0.5762162,0.4002238,-0.24526085
1783532917.6320,31,left_handPinkyEnd_joint,0.28190807,-0.14677337,0.24570136,0.6690614,-0.5762162,0.4002238,-0.24526085
1783532917.6320,31,left_handRingStart_joint,0.26846907,-0.004982185,0.2184519,0.65649617,-0.5754002,0.4404352,-0.20962921
1783532917.6320,31,left_handRing_1_joint,0.26496693,-0.07065323,0.24199513,0.65649617,-0.5754002,0.4404352,-0.20962921
1783532917.6320,31,left_handRing_2_joint,0.2624948,-0.11700925,0.25861385,0.65649617,-0.5754002,0.4404352,-0.20962921
1783532917.6320,31,left_handRing_3_joint,0.26094973,-0.14598177,0.2690006,0.65649617,-0.5754002,0.4404352,-0.20962921
1783532917.6320,31,left_handRingEnd_joint,0.2599197,-0.16529678,0.27592507,0.65649617,-0.5754002,0.4404352,-0.20962921
1783532917.6320,31,left_handThumbStart_joint,0.24080884,0.0045595826,0.22282821,0.2407934,-0.094898984,0.9256667,-0.2759604
1783532917.6320,31,left_handThumb_1_joint,0.20151938,-0.025330057,0.24395189,0.2407934,-0.094898984,0.9256667,-0.2759604
1783532917.6320,31,left_handThumb_2_joint,0.1734349,-0.04669278,0.25905144,0.2407934,-0.09489897,0.9256667,-0.2759604
1783532917.6320,31,left_handThumbEnd_joint,0.15471192,-0.060934603,0.2691178,0.2407934,-0.09489893,0.9256667,-0.2759604
1783532917.6320,31,neck_1_joint,0.0029004188,0.57780415,0.087071754,0.5977525,0.33921462,0.62719905,0.3663975
1783532917.6320,31,neck_2_joint,0.0023937032,0.6037584,0.1021091,0.5886989,0.35305414,0.62009877,0.37982142
1783532917.6320,31,neck_3_joint,0.0016601225,0.639228,0.12058542,0.5720661,0.3769837,0.6074912,0.40196842
1783532917.6320,31,neck_4_joint,0.00076714007,0.67601615,0.13626459,0.5563028,0.39853236,0.5941988,0.4226437
1783532917.6320,31,head_joint,-0.0003353551,0.71967316,0.15180369,0.5008442,0.4644719,0.5435838,0.48778924
1783532917.6320,31,jaw_joint,-9.9742705e-05,0.69432074,0.15448722,0.5008442,0.4644719,0.5435838,0.48778924
1783532917.6320,31,chin_joint,-0.0054832622,0.63527685,0.2492757,0.5008442,0.4644719,0.5435838,0.48778924
1783532917.6320,31,left_eye_joint,0.025509847,0.74464184,0.24299057,0.5048759,0.46008623,0.5478173,0.48302996
1783532917.6320,31,left_eyeLowerLid_joint,0.025509847,0.74464184,0.24299057,0.5048759,0.46008623,0.5478173,0.48302996
1783532917.6320,31,left_eyeUpperLid_joint,0.025509847,0.74464184,0.24299057,0.5048759,0.46008623,0.5478173,0.48302996
1783532917.6320,31,left_eyeball_joint,0.025509847,0.74464184,0.24299057,0.5048759,0.46008623,0.5478173,0.48302996
1783532917.6320,31,nose_joint,-0.0074911606,0.70948094,0.26109654,0.50487834,0.46008357,0.5478198,0.48302704
1783532917.6320,31,right_eye_joint,-0.038971953,0.74358535,0.23867022,0.5048759,0.46008623,0.5478173,0.48302996
1783532917.6320,31,right_eyeLowerLid_joint,-0.038971953,0.74358535,0.23867022,0.5048759,0.46008623,0.5478173,0.48302996
1783532917.6320,31,right_eyeUpperLid_joint,-0.038971953,0.74358535,0.23867022,0.5048759,0.46008623,0.5478173,0.48302996
1783532917.6320,31,right_eyeball_joint,-0.038971953,0.74358535,0.23867022,0.5048759,0.46008623,0.5478173,0.48302996
1783532917.6320,31,right_shoulder_1_joint,-0.086325355,0.55772555,0.077080965,0.79209787,0.13194162,0.068566,0.59200627
1783532917.6320,31,right_arm_joint,-0.2249605,0.5156317,0.0839851,0.69193774,0.5269129,0.3272468,0.3694519
1783532917.6320,31,right_forearm_joint,-0.28628212,0.2573631,0.06708677,0.5208293,0.7175978,0.23608798,0.39755878
1783532917.6320,31,right_hand_joint,-0.24839956,0.0067543983,0.15408386,0.17669597,0.43101794,0.6204095,0.63094735
1783532917.6320,31,right_handIndexStart_joint,-0.23323236,-0.011190087,0.17063293,0.1339781,0.47303742,0.6314936,0.59958464
1783532917.6320,31,right_handIndex_1_joint,-0.21354847,-0.08218608,0.20259945,0.1339781,0.47303742,0.6314936,0.59958464
1783532917.6320,31,right_handIndex_2_joint,-0.2021039,-0.12346302,0.22118421,0.1339781,0.47303742,0.6314936,0.59958464
1783532917.6320,31,right_handIndex_3_joint,-0.19569546,-0.14657836,0.2315924,0.1339781,0.47303742,0.6314936,0.59958464
1783532917.6320,31,right_handIndexEnd_joint,-0.19111799,-0.16308902,0.23902677,0.1339781,0.47303742,0.6314936,0.59958464
1783532917.6320,31,right_handMidStart_joint,-0.24259554,-0.016936999,0.16410013,0.17609729,0.4315462,0.6208167,0.63035256
1783532917.6320,31,right_handMid_1_joint,-0.2317032,-0.08798538,0.18883583,0.17609729,0.4315462,0.6208167,0.63035256
1783532917.6320,31,right_handMid_2_joint,-0.22404946,-0.1379106,0.20621791,0.17609729,0.4315462,0.6208167,0.63035256
1783532917.6320,31,right_handMid_3_joint,-0.21963364,-0.16671379,0.21624592,0.17609729,0.4315462,0.6208167,0.63035256
1783532917.6320,31,right_handMidEnd_joint,-0.21669002,-0.18591556,0.22293136,0.17609729,0.4315462,0.6208167,0.63035256
1783532917.6320,31,right_handPinkyStart_joint,-0.26182157,-0.02545326,0.14602146,0.25255817,0.3546943,0.6220966,0.65069383
1783532917.6320,31,right_handPinky_1_joint,-0.26019445,-0.08823957,0.15537913,0.25255817,0.3546943,0.6220966,0.65069383
1783532917.6320,31,right_handPinky_2_joint,-0.25918972,-0.1270201,0.16115947,0.25255817,0.3546943,0.6220966,0.65069383
1783532917.6320,31,right_handPinky_3_joint,-0.25866303,-0.14733338,0.16418655,0.25255817,0.3546943,0.6220966,0.65069383
1783532917.6320,31,right_handPinkyEnd_joint,-0.25818455,-0.16579986,0.16693872,0.25255817,0.3546943,0.6220966,0.65069383
1783532917.6320,31,right_handRingStart_joint,-0.2513855,-0.021380091,0.1557876,0.21526071,0.39426798,0.622037,0.64131576
1783532917.6320,31,right_handRing_1_joint,-0.24546546,-0.088967055,0.1724054,0.21526071,0.39426798,0.622037,0.64131576
1783532917.6320,31,right_handRing_2_joint,-0.2412865,-0.13667509,0.18413532,0.21526071,0.39426798,0.622037,0.64131576
1783532917.6320,31,right_handRing_3_joint,-0.23867492,-0.16649301,0.19146703,0.21526071,0.39426798,0.622037,0.64131576
1783532917.6320,31,right_handRingEnd_joint,-0.23693323,-0.1863721,0.19635418,0.21526071,0.39426798,0.622037,0.64131576
1783532917.6320,31,right_handThumbStart_joint,-0.22461598,-0.01097554,0.16288845,0.26029518,0.91867137,0.15952447,0.25068212
1783532917.6320,31,right_handThumb_1_joint,-0.18494585,-0.040953044,0.18315946,0.26029518,0.91867137,0.15952444,0.25068212
1783532917.6320,31,right_handThumb_2_joint,-0.1565898,-0.062378377,0.19765015,0.26029518,0.91867137,0.15952444,0.25068212
1783532917.6320,31,right_handThumbEnd_joint,-0.13768572,-0.076662146,0.20730981,0.26029518,0.91867137,0.15952441,0.25068212
1783532917.6320,31,camera,0.10915823,0.07069004,-0.03840933,-0.08167193,-0.07644331,-0.6985668,0.7067466
1783532917.6655,32,root,-0.00012181717,0.021893322,-0.0025840148,-0.05922057,-0.0021626356,-0.0025133274,0.9982395
1783532917.6655,32,hips_joint,-0.00012181717,0.021893322,-0.0025840148,-0.05922057,-0.0021626356,-0.0025133274,0.9982395
1783532917.6655,32,left_upLeg_joint,0.10028039,-0.0032750343,0.0017846659,0.6262816,-0.36162785,0.5831059,-0.37011436
1783532917.6655,32,left_leg_joint,0.12488362,-0.37577808,0.1966238,-0.2301447,0.6866334,-0.2708992,0.6341782
1783532917.6655,32,left_foot_joint,0.08386163,-0.67743886,-0.14462028,0.60460806,-0.3985978,0.60434407,-0.33217132
1783532917.6655,32,left_toes_joint,0.0766748,-0.8091058,-0.07517487,0.6691975,-0.27677822,0.6563477,-0.21160538
1783532917.6655,32,left_toesEnd_joint,0.0757776,-0.8484266,-0.028993258,0.6691975,-0.276778,0.6563477,-0.21160561
1783532917.6655,32,right_upLeg_joint,-0.100795165,-0.002312777,0.00085654197,0.36147562,0.59117216,0.41779053,0.58762413
1783532917.6655,32,right_leg_joint,-0.08055453,-0.38904315,0.16623323,0.63401365,0.2981634,0.66051763,0.2698926
1783532917.6655,32,right_foot_joint,-0.057518985,-0.7249882,-0.1431851,0.31522858,0.62570345,0.35352698,0.61979437
1783532917.6655,32,right_toes_joint,-0.052605093,-0.849088,-0.060810566,0.19092199,0.6741089,0.22964543,0.67556584
1783532917.6655,32,right_toesEnd_joint,-0.051736474,-0.88352376,-0.010880169,0.19092247,0.67410904,0.22964495,0.6755657
1783532917.6655,32,spine_1_joint,-0.00012183695,0.021893322,-0.0025840148,0.4589441,0.53570986,0.46378005,0.5359977
1783532917.6655,32,spine_2_joint,-0.00036089448,0.07880688,-0.01113524,0.46376833,0.5306329,0.46876466,0.53254825
1783532917.6655,32,spine_3_joint,-0.00051185157,0.1358683,-0.018638922,0.48558193,0.50596005,0.49217892,0.5157273
1783532917.6655,32,spine_4_joint,-0.0003246358,0.18887106,-0.020967392,0.5200543,0.46543276,0.52679867,0.4851794
1783532917.6655,32,spine_5_joint,0.0005054089,0.2590229,-0.014404434,0.5645828,0.40556797,0.57243264,0.43483564
1783532917.6655,32,spine_6_joint,0.0019571397,0.3485523,0.013678761,0.57444954,0.38401935,0.5915244,0.41549528
1783532917.6655,32,spine_7_joint,0.0024876115,0.4481765,0.052960258,0.55589473,0.40508318,0.58279836,0.43270695
1783532917.6655,32,left_shoulder_1_joint,0.091174535,0.5560701,0.08611469,-0.6063851,0.0059697307,-0.1443894,0.7819293
1783532917.6655,32,left_arm_joint,0.23016588,0.52226704,0.110160366,-0.35593256,0.29365686,-0.5355373,0.7073032
1783532917.6655,32,left_forearm_joint,0.29770806,0.2651596,0.10106933,-0.40931353,0.16547215,-0.7312735,0.5199242
1783532917.6655,32,left_hand_joint,0.26440382,0.025092144,0.21537851,0.6397907,-0.57224417,0.48443633,-0.16889785
1783532917.6655,32,left_handIndexStart_joint,0.24767624,0.0086596245,0.23388973,0.606822,-0.58236825,0.524634,-0.13181108
1783532917.6655,32,left_handIndex_1_joint,0.22930224,-0.059210233,0.27269527,0.606822,-0.58236825,0.524634,-0.13181108
1783532917.6655,32,left_handIndex_2_joint,0.2186197,-0.09866945,0.2952566,0.606822,-0.58236825,0.524634,-0.13181108
1783532917.6655,32,left_handIndex_3_joint,0.21263748,-0.12076662,0.307891,0.606822,-0.58236825,0.524634,-0.13181108
1783532917.6655,32,left_handIndexEnd_joint,0.20836446,-0.1365503,0.31691554,0.606822,-0.58236825,0.524634,-0.13181108
1783532917.6655,32,left_handMidStart_joint,0.25773045,0.0027359247,0.22867452,0.641037,-0.571948,0.48253724,-0.17060305
1783532917.6655,32,left_handMid_1_joint,0.24861376,-0.065519676,0.26086655,0.641037,-0.571948,0.48253724,-0.17060305
1783532917.6655,32,left_handMid_2_joint,0.24220742,-0.113483064,0.28348798,0.641037,-0.571948,0.48253724,-0.17060305
1783532917.6655,32,left_handMid_3_joint,0.23851146,-0.14115424,0.29653877,0.641037,-0.571948,0.48253724,-0.17060305
1783532917.6655,32,left_handMidEnd_joint,0.23604749,-0.1596017,0.30523932,0.641037,-0.571948,0.48253724,-0.17060305
1783532917.6655,32,left_handPinkyStart_joint,0.2785351,-0.006700914,0.2129546,0.6683161,-0.57465595,0.4046279,-0.24372311
1783532917.6655,32,left_handPinky_1_joint,0.27930307,-0.068001196,0.229511,0.6683161,-0.57465595,0.4046279,-0.24372311
1783532917.6655,32,left_handPinky_2_joint,0.27977744,-0.10586313,0.23973699,0.6683161,-0.57465595,0.4046279,-0.24372311
1783532917.6655,32,left_handPinky_3_joint,0.2800259,-0.12569557,0.24509348,0.6683161,-0.57465595,0.4046279,-0.24372311
1783532917.6655,32,left_handPinkyEnd_joint,0.28025177,-0.14372505,0.24996299,0.6683161,-0.57465595,0.4046279,-0.24372311
1783532917.6655,32,left_handRingStart_joint,0.2672719,-0.0021285461,0.22150518,0.6554988,-0.573763,0.44476265,-0.20809656
1783532917.6655,32,left_handRing_1_joint,0.26349747,-0.06760098,0.24555412,0.6554988,-0.573763,0.44476265,-0.20809656
1783532917.6655,32,left_handRing_2_joint,0.26083317,-0.11381682,0.26252985,0.6554988,-0.573763,0.44476265,-0.20809656
1783532917.6655,32,left_handRing_3_joint,0.25916797,-0.14270172,0.27313966,0.6554988,-0.573763,0.44476265,-0.20809656
1783532917.6655,32,left_handRingEnd_joint,0.25805783,-0.1619583,0.28021288,0.6554988,-0.573763,0.44476265,-0.20809656
1783532917.6655,32,left_handThumbStart_joint,0.239609,0.0075072013,0.22565298,0.23925635,-0.090691306,0.92699414,-0.27425128
1783532917.6655,32,left_handThumb_1_joint,0.20013927,-0.02212787,0.24679935,0.23925635,-0.090691306,0.92699414,-0.27425128
1783532917.6655,32,left_handThumb_2_joint,0.17192595,-0.04330863,0.2619151,0.23925635,-0.09069129,0.92699414,-0.27425128
1783532917.6655,32,left_handThumbEnd_joint,0.15311706,-0.057429142,0.27199224,0.23925634,-0.09069127,0.92699414,-0.27425128
1783532917.6655,32,neck_1_joint,0.0018553635,0.57811964,0.086433925,0.5969148,0.34093028,0.62749225,0.365668
1783532917.6655,32,neck_2_joint,0.0012565609,0.60409725,0.10142746,0.5878995,0.35466424,0.6203997,0.37906736
1783532917.6655,32,neck_3_joint,0.00040195434,0.63959163,0.11985075,0.5712041,0.3785586,0.6078177,0.40121973
1783532917.6655,32,neck_4_joint,-0.0006179669,0.6763999,0.13547496,0.55538356,0.40007296,0.5945499,0.42190278
1783532917.6655,32,head_joint,-0.0018723538,0.7200759,0.15094888,0.4997462,0.46588716,0.5440148,0.4870847
1783532917.6655,32,jaw_joint,-0.0015437653,0.6947286,0.15367042,0.4997462,0.46588716,0.5440148,0.4870847
1783532917.6655,32,chin_joint,-0.0066746855,0.6358083,0.24854973,0.4997462,0.46588716,0.5440148,0.4870847
1783532917.6655,32,left_eye_joint,0.023919297,0.74527526,0.24208745,0.50379026,0.461511,0.5482421,0.48232165
1783532917.6655,32,left_eyeLowerLid_joint,0.023919297,0.74527526,0.24208745,0.50379026,0.461511,0.5482421,0.48232165
1783532917.6655,32,left_eyeUpperLid_joint,0.023919297,0.74527526,0.24208745,0.50379026,0.461511,0.5482421,0.48232165
1783532917.6655,32,left_eyeball_joint,0.023919297,0.74527526,0.24208745,0.50379026,0.461511,0.5482421,0.48232165
1783532917.6655,32,nose_joint,-0.008946693,0.7100223,0.26025984,0.50379276,0.46150827,0.54824466,0.4823188
1783532917.6655,32,right_eye_joint,-0.040560007,0.74397856,0.2377953,0.50379026,0.461511,0.5482421,0.48232165
1783532917.6655,32,right_eyeLowerLid_joint,-0.040560007,0.74397856,0.2377953,0.50379026,0.461511,0.5482421,0.48232165
1783532917.6655,32,right_eyeUpperLid_joint,-0.040560007,0.74397856,0.2377953,0.50379026,0.461511,0.5482421,0.48232165
1783532917.6655,32,right_eyeball_joint,-0.040560007,0.74397856,0.2377953,0.50379026,0.461511,0.5482421,0.48232165
1783532917.6655,32,right_shoulder_1_joint,-0.087291226,0.5576632,0.07650283,0.79066503,0.13389331,0.06898141,0.5934339
1783532917.6655,32,right_arm_joint,-0.2257593,0.51507664,0.08373084,0.6899989,0.52966326,0.32572222,0.37049136
1783532917.6655,32,right_forearm_joint,-0.28606462,0.25646156,0.06856307,0.5159414,0.72173136,0.23361927,0.3979082
1783532917.6655,32,right_hand_joint,-0.24561483,0.0070719146,0.15787716,0.17258203,0.43580493,0.62092566,0.6282847
1783532917.6655,32,right_handIndexStart_joint,-0.2302334,-0.010570256,0.17455307,0.12984173,0.47763333,0.6317258,0.5965995
1783532917.6655,32,right_handIndex_1_joint,-0.20980066,-0.08106727,0.2071479,0.12984173,0.47763333,0.6317258,0.5965995
1783532917.6655,32,right_handIndex_2_joint,-0.19792072,-0.122054115,0.22609799,0.12984173,0.47763333,0.6317258,0.5965995
1783532917.6655,32,right_handIndex_3_joint,-0.19126847,-0.145007,0.23671076,0.12984173,0.47763333,0.6317258,0.5965995
1783532917.6655,32,right_handIndexEnd_joint,-0.18651687,-0.16140163,0.24429125,0.12984173,0.47763333,0.6317258,0.5965995
1783532917.6655,32,right_handMidStart_joint,-0.23956282,-0.016466344,0.1681055,0.17198448,0.43633157,0.6213286,0.62768435
1783532917.6655,32,right_handMid_1_joint,-0.22794247,-0.08716701,0.1934976,0.17198448,0.43633157,0.6213286,0.62768435
1783532917.6655,32,right_handMid_2_joint,-0.21977714,-0.1368479,0.21134092,0.17198448,0.43633157,0.6213286,0.62768435
1783532917.6655,32,right_handMid_3_joint,-0.21506616,-0.16551012,0.22163501,0.17198448,0.43633157,0.6213286,0.62768435
1783532917.6655,32,right_handMidEnd_joint,-0.2119258,-0.18461792,0.22849786,0.17198448,0.43633157,0.6213286,0.62768435
1783532917.6655,32,right_handPinkyStart_joint,-0.25876388,-0.025334734,0.15017012,0.24869964,0.35987017,0.62295973,0.64850897
1783532917.6655,32,right_handPinky_1_joint,-0.25653058,-0.088009186,0.16013326,0.24869964,0.35987017,0.62295973,0.64850897
1783532917.6655,32,right_handPinky_2_joint,-0.25515145,-0.1267206,0.16628757,0.24869964,0.35987017,0.62295973,0.64850897
1783532917.6655,32,right_handPinky_3_joint,-0.25442863,-0.14699769,0.16951053,0.24869964,0.35987017,0.62295973,0.64850897
1783532917.6655,32,right_handPinkyEnd_joint,-0.25377184,-0.16543126,0.17244077,0.24869964,0.35987017,0.62295973,0.64850897
1783532917.6655,32,right_handRingStart_joint,-0.24833646,-0.021070834,0.15986384,0.21126676,0.39925686,0.622721,0.6388893
1783532917.6655,32,right_handRing_1_joint,-0.24174441,-0.088435255,0.17712016,0.21126676,0.39925686,0.622721,0.6388893
1783532917.6655,32,right_handRing_2_joint,-0.2370911,-0.13598621,0.1893008,0.21126676,0.39925686,0.622721,0.6388893
1783532917.6655,32,right_handRing_3_joint,-0.23418304,-0.16570595,0.19691421,0.21126676,0.39925686,0.622721,0.6388893
1783532917.6655,32,right_handRingEnd_joint,-0.23224369,-0.18551959,0.20198914,0.21126676,0.39925686,0.622721,0.6388893
1783532917.6655,32,right_handThumbStart_joint,-0.22164264,-0.010352222,0.16678026,0.25508803,0.9210057,0.15579984,0.2498109
1783532917.6655,32,right_handThumb_1_joint,-0.18163742,-0.03976512,0.18721922,0.25508803,0.9210057,0.15579982,0.2498109
1783532917.6655,32,right_handThumb_2_joint,-0.15304187,-0.060786866,0.20182991,0.25508803,0.9210057,0.1557998,0.2498109
1783532917.6655,32,right_handThumbEnd_joint,-0.1339781,-0.07480159,0.21156959,0.25508803,0.9210057,0.15579978,0.24981092
1783532917.6655,32,camera,0.109230764,0.07084506,-0.03851037,-0.082363255,-0.07733543,-0.6984926,0.7066425
1783532917.6989,33,root,-0.00014620103,0.022588475,-0.0020122612,-0.06454322,-0.00187883,-0.00178192,0.9979116
1783532917.6989,33,hips_joint,-0.00014620103,0.022588475,-0.0020122612,-0.06454322,-0.00187883,-0.00178192,0.9979116
1783532917.6989,33,left_upLeg_joint,0.10029419,-0.002391429,0.002555747,0.6289487,-0.35705382,0.58613276,-0.3652186
1783532917.6989,33,left_leg_joint,0.12468517,-0.3718107,0.2032059,-0.21479997,0.692576,-0.25940093,0.63789564
1783532917.6989,33,left_foot_joint,0.08174385,-0.6592151,-0.14990059,0.5961934,-0.41273865,0.5975848,-0.3421884
1783532917.6989,33,left_toes_joint,0.07355878,-0.7935102,-0.08580446,0.66361547,-0.2922577,0.6516096,-0.22272201
1783532917.6989,33,left_toesEnd_joint,0.07234479,-0.8346469,-0.04124036,0.66361547,-0.2922575,0.6516096,-0.2227222
1783532917.6989,33,right_upLeg_joint,-0.100783095,-0.0017202949,0.001755359,0.35397014,0.5969558,0.41473523,0.5885098
1783532917.6989,33,right_leg_joint,-0.07689749,-0.38523528,0.17399128,0.6386988,0.2896485,0.6661817,0.2537116
1783532917.6989,33,right_foot_joint,-0.051566906,-0.7090231,-0.1479547,0.32416785,0.62188977,0.3679643,0.61054945
1783532917.6989,33,right_toes_joint,-0.0449664,-0.8360748,-0.07033531,0.2004221,0.67205864,0.2455733,0.66922486
1783532917.6989,33,right_toesEnd_joint,-0.043514304,-0.8723542,-0.02174192,0.20042256,0.6720589,0.24557285,0.66922474
1783532917.6989,33,spine_1_joint,-0.0001462208,0.022588475,-0.0020122614,0.45643625,0.5381098,0.46141174,0.5377763
1783532917.6989,33,spine_2_joint,-0.00042970525,0.079421826,-0.011080025,0.46201125,0.5323313,0.46694595,0.5339765
1783532917.6989,33,spine_3_joint,-0.0005925738,0.13643152,-0.01896686,0.4847873,0.5068045,0.4911441,0.51663154
1783532917.6989,33,spine_4_joint,-0.0003881346,0.18942554,-0.021484902,0.52018946,0.46530253,0.5266016,0.48537365
1783532917.6989,33,spine_5_joint,0.00048824918,0.2595776,-0.014930184,0.56533206,0.4044897,0.57292646,0.43421584
1783532917.6989,33,spine_6_joint,0.001997582,0.3490217,0.013420469,0.5752542,0.3826219,0.5923475,0.41449687
1783532917.6989,33,spine_7_joint,0.0025484525,0.44848374,0.053110387,0.5561103,0.40434307,0.58355635,0.4320996
1783532917.6989,33,left_shoulder_1_joint,0.09117125,0.5563319,0.08658266,-0.6061285,0.0036915848,-0.14411859,0.7821921
1783532917.6989,33,left_arm_joint,0.23019165,0.5229803,0.11108645,-0.35557544,0.29135734,-0.5356641,0.7083369
1783532917.6989,33,left_forearm_joint,0.29837725,0.26602137,0.10262266,-0.40835893,0.16264376,-0.7327924,0.51942796
1783532917.6989,33,left_hand_joint,0.26437843,0.026429214,0.2177216,0.6387298,-0.5708995,0.4873516,-0.16907583
1783532917.6989,33,left_handIndexStart_joint,0.24754564,0.010076817,0.23620836,0.6055756,-0.5810375,0.5274746,-0.1320774
1783532917.6989,33,left_handIndex_1_joint,0.22894028,-0.057629727,0.2751885,0.6055756,-0.5810375,0.5274746,-0.1320774
1783532917.6989,33,left_handIndex_2_joint,0.2181232,-0.096994,0.29785135,0.6055756,-0.5810375,0.5274746,-0.1320774
1783532917.6989,33,left_handIndex_3_joint,0.21206564,-0.119037986,0.31054258,0.6055756,-0.5810375,0.5274746,-0.1320774
1783532917.6989,33,left_handIndexEnd_joint,0.20773882,-0.1347837,0.31960773,0.6055756,-0.5810375,0.5274746,-0.1320774
1783532917.6989,33,left_handMidStart_joint,0.2576261,0.004129057,0.23107174,0.63998467,-0.5706028,0.4854556,-0.17077799
1783532917.6989,33,left_handMid_1_joint,0.24831356,-0.06399275,0.2634902,0.63998467,-0.5706028,0.4854556,-0.17077799
1783532917.6989,33,left_handMid_2_joint,0.24176961,-0.111862145,0.28627077,0.63998467,-0.5706028,0.4854556,-0.17077799
1783532917.6989,33,left_handMid_3_joint,0.23799427,-0.13947909,0.29941338,0.63998467,-0.5706028,0.4854556,-0.17077799
1783532917.6989,33,left_handMidEnd_joint,0.23547737,-0.1578904,0.30817515,0.63998467,-0.5706028,0.4854556,-0.17077799
1783532917.6989,33,left_handPinkyStart_joint,0.27851254,-0.0053775716,0.21550311,0.6676224,-0.57327473,0.40763724,-0.24386157
1783532917.6989,33,left_handPinky_1_joint,0.27917144,-0.06661043,0.23231168,0.6676224,-0.57327473,0.40763724,-0.24386157
1783532917.6989,33,left_handPinky_2_joint,0.2795784,-0.10443073,0.24269344,0.6676224,-0.57327473,0.40763724,-0.24386157
1783532917.6989,33,left_handPinky_3_joint,0.27979156,-0.12424136,0.2481315,0.6676224,-0.57327473,0.40763724,-0.24386157
1783532917.6989,33,left_handPinkyEnd_joint,0.27998534,-0.14225101,0.25307518,0.6676224,-0.57327473,0.40763724,-0.24386157
1783532917.6989,33,left_handRingStart_joint,0.26720467,-0.0007672548,0.22397396,0.6546244,-0.57239497,0.44772977,-0.20825267
1783532917.6989,33,left_handRing_1_joint,0.2632793,-0.066140525,0.2482672,0.6546244,-0.57239497,0.44772977,-0.20825267
1783532917.6989,33,left_handRing_2_joint,0.26050845,-0.11228636,0.26541537,0.6546244,-0.57239497,0.44772977,-0.20825267
1783532917.6989,33,left_handRing_3_joint,0.25877666,-0.1411275,0.27613297,0.6546244,-0.57239497,0.44772977,-0.20825267
1783532917.6989,33,left_handRingEnd_joint,0.25762215,-0.16035494,0.28327805,0.6546244,-0.57239497,0.44772977,-0.20825267
1783532917.6989,33,left_handThumbStart_joint,0.2395228,0.008893398,0.22793275,0.2372864,-0.088106096,0.92786247,-0.27386853
1783532917.6989,33,left_handThumb_1_joint,0.19992974,-0.020644045,0.24898492,0.2372864,-0.088106096,0.92786247,-0.27386853
1783532917.6989,33,left_handThumb_2_joint,0.17162827,-0.041755017,0.26403332,0.23728639,-0.08810608,0.92786247,-0.27386853
1783532917.6989,33,left_handThumbEnd_joint,0.15276061,-0.055829003,0.27406555,0.23728637,-0.08810606,0.92786247,-0.27386853
1783532917.6989,33,neck_1_joint,0.0018438208,0.578348,0.08688732,0.5971216,0.3400888,0.62816405,0.3649597
1783532917.6989,33,neck_2_joint,0.0012287891,0.6042877,0.10194562,0.58816457,0.35377768,0.62109053,0.3783523
1783532917.6989,33,neck_3_joint,0.00035581944,0.6397333,0.12046169,0.5715002,0.3776799,0.6085366,0.40053552
1783532917.6989,33,neck_4_joint,-0.0006808913,0.6765001,0.13618205,0.5557091,0.39920348,0.5952938,0.4212475
1783532917.6989,33,head_joint,-0.0019532072,0.720135,0.15177001,0.50016814,0.46505794,0.54483324,0.48652855
1783532917.6989,33,jaw_joint,-0.0016217983,0.69478065,0.15442505,0.50016814,0.46505794,0.54483324,0.48652855
1783532917.6989,33,chin_joint,-0.0068035447,0.63561,0.24914561,0.50016814,0.46505794,0.54483324,0.48652855
1783532917.6989,33,left_eye_joint,0.023774799,0.745099,0.24299128,0.5042049,0.46067816,0.5490557,0.4817584
1783532917.6989,33,left_eyeLowerLid_joint,0.023774799,0.745099,0.24299128,0.5042049,0.46067816,0.5490557,0.4817584
1783532917.6989,33,left_eyeUpperLid_joint,0.023774799,0.745099,0.24299128,0.5042049,0.46067816,0.5490557,0.4817584
1783532917.6989,33,left_eyeball_joint,0.023774799,0.745099,0.24299128,0.5042049,0.46067816,0.5490557,0.4817584
1783532917.6989,33,nose_joint,-0.009096569,0.70979244,0.2610495,0.5042073,0.46067542,0.54905826,0.48175544
1783532917.6989,33,right_eye_joint,-0.04070145,0.7438021,0.23865387,0.5042049,0.46067816,0.5490557,0.4817584
1783532917.6989,33,right_eyeLowerLid_joint,-0.04070145,0.7438021,0.23865387,0.5042049,0.46067816,0.5490557,0.4817584
1783532917.6989,33,right_eyeUpperLid_joint,-0.04070145,0.7438021,0.23865387,0.5042049,0.46067816,0.5490557,0.4817584
1783532917.6989,33,right_eyeball_joint,-0.04070145,0.7438021,0.23865387,0.5042049,0.46067816,0.5490557,0.4817584
1783532917.6989,33,right_shoulder_1_joint,-0.08728787,0.55788225,0.07684242,0.78996664,0.13377202,0.068105854,0.5944909
1783532917.6989,33,right_arm_joint,-0.22580017,0.5154804,0.08430518,0.6896488,0.5302384,0.32244018,0.37318113
1783532917.6989,33,right_forearm_joint,-0.28691286,0.25693846,0.071274236,0.51310366,0.7241211,0.2284085,0.40025368
1783532917.6989,33,right_hand_joint,-0.24590167,0.008813438,0.1637964,0.1689042,0.44084918,0.6182021,0.6284502
1783532917.6989,33,right_handIndexStart_joint,-0.23045407,-0.008585028,0.18066606,0.12636213,0.4826796,0.6287574,0.5964204
1783532917.6989,33,right_handIndex_1_joint,-0.2098439,-0.078614995,0.2141439,0.12636213,0.4826796,0.6287574,0.5964204
1783532917.6989,33,right_handIndex_2_joint,-0.19786079,-0.11933031,0.23360734,0.12636213,0.4826796,0.6287574,0.5964204
1783532917.6989,33,right_handIndex_3_joint,-0.19115077,-0.14213112,0.24450761,0.12636213,0.4826796,0.6287574,0.5964204
1783532917.6989,33,right_handIndexEnd_joint,-0.1863579,-0.15841712,0.25229344,0.12636213,0.4826796,0.6287574,0.5964204
1783532917.6989,33,right_handMidStart_joint,-0.2397921,-0.014578602,0.1743216,0.1683108,0.44137737,0.6186019,0.627845
1783532917.6989,33,right_handMid_1_joint,-0.22801238,-0.0849196,0.20062278,0.1683108,0.44137737,0.6186019,0.627845
1783532917.6989,33,right_handMid_2_joint,-0.2197351,-0.13434775,0.21910492,0.1683108,0.44137737,0.6186019,0.627845
1783532917.6989,33,right_handMid_3_joint,-0.21495952,-0.16286416,0.22976756,0.1683108,0.44137737,0.6186019,0.627845
1783532917.6989,33,right_handMidEnd_joint,-0.2117761,-0.18187475,0.2368761,0.1683108,0.44137737,0.6186019,0.627845
1783532917.6989,33,right_handPinkyStart_joint,-0.2590271,-0.023710057,0.15655541,0.24493803,0.36500594,0.6206574,0.649277
1783532917.6989,33,right_handPinky_1_joint,-0.2566846,-0.086243264,0.16734636,0.24493803,0.36500594,0.6206574,0.649277
1783532917.6989,33,right_handPinky_2_joint,-0.25523803,-0.12486745,0.17401199,0.24493803,0.36500594,0.6206574,0.649277
1783532917.6989,33,right_handPinky_3_joint,-0.25447986,-0.14509885,0.17750278,0.24493803,0.36500594,0.6206574,0.649277
1783532917.6989,33,right_handPinkyEnd_joint,-0.25379097,-0.16349088,0.18067649,0.24493803,0.36500594,0.6206574,0.649277
1783532917.6989,33,right_handRingStart_joint,-0.24858062,-0.019303866,0.1661646,0.20754385,0.40435305,0.62019837,0.63935786
1783532917.6989,33,right_handRing_1_joint,-0.24185449,-0.08642382,0.18429929,0.20754385,0.40435305,0.62019837,0.63935786
1783532917.6989,33,right_handRing_2_joint,-0.23710653,-0.1338022,0.19709992,0.20754385,0.40435305,0.62019837,0.63935786
1783532917.6989,33,right_handRing_3_joint,-0.23413932,-0.16341409,0.20510085,0.20754385,0.40435305,0.62019837,0.63935786
1783532917.6989,33,right_handRingEnd_joint,-0.23216052,-0.18315583,0.21043414,0.20754385,0.40435305,0.62019837,0.63935786
1783532917.6989,33,right_handThumbStart_joint,-0.22188354,-0.008459353,0.17286892,0.25301123,0.9225105,0.14950119,0.25021857
1783532917.6989,33,right_handThumb_1_joint,-0.18178695,-0.037545312,0.19359456,0.25301123,0.9225105,0.14950117,0.25021857
1783532917.6989,33,right_handThumb_2_joint,-0.15312609,-0.05833335,0.20841014,0.25301123,0.9225105,0.14950116,0.25021857
1783532917.6989,33,right_handThumbEnd_joint,-0.13401878,-0.072192274,0.21828641,0.25301123,0.9225105,0.14950114,0.2502186
1783532917.6989,33,camera,0.1092892,0.07108555,-0.038335185,-0.08240439,-0.0777736,-0.6983705,0.7067103
1783532917.7322,34,root,-0.00026933342,0.023112563,-0.0017328259,-0.07001249,-0.0016224784,-0.0019171471,0.997543
1783532917.7322,34,hips_joint,-0.00026933342,0.023112563,-0.0017328259,-0.07001249,-0.0016224784,-0.0019171471,0.997543
1783532917.7322,34,left_upLeg_joint,0.10016534,-0.0018486738,0.0030574568,0.6304637,-0.35270834,0.5904596,-0.35981947
1783532917.7322,34,left_leg_joint,0.12286637,-0.36806217,0.20969339,-0.1975254,0.69742304,-0.24816349,0.6426507
1783532917.7322,34,left_foot_joint,0.07897954,-0.6399229,-0.15540281,0.5855838,-0.42720738,0.59167093,-0.35286164
1783532917.7322,34,left_toes_joint,0.06926844,-0.7767173,-0.09706346,0.6559405,-0.30847502,0.647826,-0.2343227
1783532917.7322,34,left_toesEnd_joint,0.067469,-0.819682,-0.054279547,0.6559405,-0.3084748,0.647826,-0.2343229
1783532917.7322,34,right_upLeg_joint,-0.10091211,-0.0011204695,0.0023524093,0.34595728,0.6031166,0.41131142,0.58939534
1783532917.7322,34,right_leg_joint,-0.0731817,-0.38101184,0.18188794,0.645269,0.27665004,0.67328537,0.23190425
1783532917.7322,34,right_foot_joint,-0.045880947,-0.6870883,-0.15678774,0.3373559,0.615709,0.38700464,0.5977633
1783532917.7322,34,right_toes_joint,-0.03727583,-0.81795317,-0.08600065,0.21454255,0.6684894,0.2666919,0.66027933
1783532917.7322,34,right_toesEnd_joint,-0.035091743,-0.85671604,-0.03939291,0.214543,0.6684896,0.26669148,0.6602792
1783532917.7322,34,spine_1_joint,-0.00026935322,0.023112563,-0.0017328259,0.45422342,0.540243,0.45883235,0.53971446
1783532917.7322,34,spine_2_joint,-0.00054440246,0.07986308,-0.011305551,0.46064794,0.5337535,0.46520343,0.5352539
1783532917.7322,34,spine_3_joint,-0.0006948398,0.13682596,-0.019523948,0.48446515,0.5073322,0.490383,0.51713884
1783532917.7322,34,spine_4_joint,-0.00046789867,0.18981445,-0.022154145,0.52088064,0.46476823,0.52675897,0.48497367
1783532917.7322,34,spine_5_joint,0.0004550816,0.25995407,-0.015473792,0.5666896,0.40290743,0.57369244,0.43290415
1783532917.7322,34,spine_6_joint,0.0020394207,0.34925148,0.013331611,0.57669735,0.38077626,0.5932042,0.4129633
1783532917.7322,34,spine_7_joint,0.0026745962,0.44848114,0.05359781,0.5566781,0.40379214,0.5836998,0.43168998
1783532917.7322,34,left_shoulder_1_joint,0.09136003,0.5562304,0.08722217,-0.60626894,0.002624389,-0.14542605,0.7818458
1783532917.7322,34,left_arm_joint,0.23027256,0.5227843,0.11220421,-0.35518676,0.28991902,-0.53766435,0.70760655
1783532917.7322,34,left_forearm_joint,0.2977608,0.26561257,0.10466221,-0.40792903,0.16080414,-0.7346331,0.51773673
1783532917.7322,34,left_hand_joint,0.26263344,0.026613541,0.22065248,0.6373685,-0.57053804,0.48992878,-0.16798416
1783532917.7322,34,left_handIndexStart_joint,0.2456867,0.0103904735,0.23914912,0.6040508,-0.5806056,0.529959,-0.13101293
1783532917.7322,34,left_handIndex_1_joint,0.22673999,-0.057093948,0.27834958,0.6040508,-0.5806056,0.529959,-0.13101293
1783532917.7322,34,left_handIndex_2_joint,0.21572447,-0.09632908,0.30114052,0.6040508,-0.5806056,0.529959,-0.13101293
1783532917.7322,34,left_handIndex_3_joint,0.20955577,-0.11830075,0.31390345,0.6040508,-0.5806056,0.529959,-0.13101293
1783532917.7322,34,left_handIndexEnd_joint,0.20514958,-0.1339948,0.32301983,0.6040508,-0.5806056,0.529959,-0.13101293
1783532917.7322,34,left_handMidStart_joint,0.25576693,0.004390595,0.234073,0.63863075,-0.57024425,0.48803693,-0.16968602
1783532917.7322,34,left_handMid_1_joint,0.2461346,-0.06356495,0.26674616,0.63863075,-0.57024425,0.48803693,-0.16968602
1783532917.7322,34,left_handMid_2_joint,0.23936594,-0.111317486,0.28970566,0.63863075,-0.57024425,0.48803693,-0.16968602
1783532917.7322,34,left_handMid_3_joint,0.23546094,-0.13886704,0.30295154,0.63863075,-0.57024425,0.48803693,-0.16968602
1783532917.7322,34,left_handMidEnd_joint,0.23285763,-0.1572334,0.31178212,0.63863075,-0.57024425,0.48803693,-0.16968602
1783532917.7322,34,left_handPinkyStart_joint,0.27667862,-0.0052449247,0.21861786,0.6665548,-0.5729949,0.41038343,-0.24283332
1783532917.7322,34,left_handPinky_1_joint,0.27709296,-0.066407815,0.23568714,0.6665548,-0.5729949,0.41038343,-0.24283332
1783532917.7322,34,left_handPinky_2_joint,0.2773489,-0.104184896,0.24622993,0.6665548,-0.5729949,0.41038343,-0.24283332
1783532917.7322,34,left_handPinky_3_joint,0.27748296,-0.12397289,0.25175235,0.6665548,-0.5729949,0.41038343,-0.24283332
1783532917.7322,34,left_handPinkyEnd_joint,0.2776048,-0.14196198,0.25677273,0.6665548,-0.5729949,0.41038343,-0.24283332
1783532917.7322,34,left_handRingStart_joint,0.2653553,-0.00056464196,0.22702953,0.6534129,-0.57207286,0.45039734,-0.2071898
1783532917.7322,34,left_handRing_1_joint,0.26114675,-0.06582234,0.2515848,0.6534129,-0.57207286,0.45039734,-0.2071898
1783532917.7322,34,left_handRing_2_joint,0.25817606,-0.111886606,0.26891795,0.6534129,-0.57207286,0.45039734,-0.2071898
1783532917.7322,34,left_handRing_3_joint,0.25631934,-0.14067677,0.27975115,0.6534129,-0.57207286,0.45039734,-0.2071898
1783532917.7322,34,left_handRingEnd_joint,0.25508156,-0.1598702,0.2869733,0.6534129,-0.57207286,0.45039734,-0.2071898
1783532917.7322,34,left_handThumbStart_joint,0.2376892,0.009196249,0.23085056,0.23610987,-0.086024344,0.92887366,-0.2721148
1783532917.7322,34,left_handThumb_1_joint,0.19793342,-0.020132089,0.25188857,0.23610987,-0.086024344,0.92887366,-0.2721148
1783532917.7322,34,left_handThumb_2_joint,0.16951564,-0.041093588,0.26692683,0.23610987,-0.08602433,0.92887366,-0.2721148
1783532917.7322,34,left_handThumbEnd_joint,0.15057045,-0.055067923,0.27695233,0.23610987,-0.0860243,0.92887366,-0.2721148
1783532917.7322,34,neck_1_joint,0.0020430635,0.5782879,0.0875964,0.59763384,0.33948395,0.62822866,0.3645733
1783532917.7322,34,neck_2_joint,0.0014478253,0.6042032,0.10269744,0.58869016,0.35318366,0.6211645,0.37796876
1783532917.7322,34,neck_3_joint,0.0006011009,0.639619,0.12127193,0.57204807,0.3771049,0.60862744,0.4001576
1783532917.7322,34,neck_4_joint,-0.00040973662,0.6763605,0.13705294,0.5562772,0.3986476,0.5953998,0.4208748
1783532917.7322,34,head_joint,-0.0016525363,0.71997046,0.15271293,0.5007977,0.46457103,0.5449864,0.48617497
1783532917.7322,34,jaw_joint,-0.0013337422,0.69461167,0.15532626,0.5007977,0.46457103,0.5449864,0.48617497
1783532917.7322,34,chin_joint,-0.0065106535,0.6352885,0.24995176,0.5007977,0.46457103,0.5449864,0.48617497
1783532917.7322,34,left_eye_joint,0.024124231,0.7447711,0.24396503,0.5048303,0.4601858,0.5492057,0.4814036
1783532917.7322,34,left_eyeLowerLid_joint,0.024124231,0.7447711,0.24396503,0.5048303,0.4601858,0.5492057,0.4814036
1783532917.7322,34,left_eyeUpperLid_joint,0.024124231,0.7447711,0.24396503,0.5048303,0.4601858,0.5492057,0.4814036
1783532917.7322,34,left_eyeball_joint,0.024124231,0.7447711,0.24396503,0.5048303,0.4601858,0.5492057,0.4814036
1783532917.7322,34,nose_joint,-0.008759156,0.70945257,0.26197815,0.5048326,0.4601831,0.5492083,0.4814006
1783532917.7322,34,right_eye_joint,-0.040354412,0.7435159,0.23965053,0.5048303,0.4601858,0.5492057,0.4814036
1783532917.7322,34,right_eyeLowerLid_joint,-0.040354412,0.7435159,0.23965053,0.5048303,0.4601858,0.5492057,0.4814036
1783532917.7322,34,right_eyeUpperLid_joint,-0.040354412,0.7435159,0.23965053,0.5048303,0.4601858,0.5492057,0.4814036
1783532917.7322,34,right_eyeball_joint,-0.040354412,0.7435159,0.23965053,0.5048303,0.4601858,0.5492057,0.4814036
1783532917.7322,34,right_shoulder_1_joint,-0.08710184,0.55788124,0.077548586,0.78866595,0.134797,0.06563584,0.5962618
1783532917.7322,34,right_arm_joint,-0.2256301,0.51568764,0.085848175,0.6890674,0.5326481,0.31668356,0.37574437
1783532917.7322,34,right_forearm_joint,-0.2873375,0.25713736,0.076231815,0.50899255,0.7287851,0.22091709,0.4012415
1783532917.7322,34,right_hand_joint,-0.24449857,0.0108255,0.17268716,0.16502643,0.4490826,0.61502624,0.626765
1783532917.7322,34,right_handIndexStart_joint,-0.2288395,-0.0062131295,0.18972827,0.122716196,0.49078098,0.62532324,0.59417677
1783532917.7322,34,right_handIndex_1_joint,-0.20765437,-0.075565785,0.22424123,0.122716196,0.49078098,0.62532324,0.59417677
1783532917.7322,34,right_handIndex_2_joint,-0.19533698,-0.115887314,0.24430649,0.122716196,0.49078098,0.62532324,0.59417677
1783532917.7322,34,right_handIndex_3_joint,-0.18843977,-0.1384676,0.25554377,0.122716196,0.49078098,0.62532324,0.59417677
1783532917.7322,34,right_handIndexEnd_joint,-0.18351318,-0.15459609,0.26357034,0.122716196,0.49078098,0.62532324,0.59417677
1783532917.7322,34,right_handMidStart_joint,-0.23820223,-0.012354944,0.18356456,0.16443875,0.44961047,0.6154226,0.6261517
1783532917.7322,34,right_handMid_1_joint,-0.22590378,-0.08218004,0.21097949,0.16443875,0.44961047,0.6154226,0.6261517
1783532917.7322,34,right_handMid_2_joint,-0.21726197,-0.13124566,0.23024426,0.16443875,0.44961047,0.6154226,0.6261517
1783532917.7322,34,right_handMid_3_joint,-0.21227612,-0.15955292,0.24135843,0.16443875,0.44961047,0.6154226,0.6261517
1783532917.7322,34,right_handMidEnd_joint,-0.20895249,-0.17842408,0.24876799,0.16443875,0.44961047,0.6154226,0.6261517
1783532917.7322,34,right_handPinkyStart_joint,-0.25754002,-0.021873536,0.16611603,0.24104935,0.3735118,0.61787325,0.6485503
1783532917.7322,34,right_handPinky_1_joint,-0.25483772,-0.08420026,0.17796566,0.24104935,0.3735118,0.61787325,0.6485503
1783532917.7322,34,right_handPinky_2_joint,-0.25316888,-0.1226969,0.18528518,0.24104935,0.3735118,0.61787325,0.6485503
1783532917.7322,34,right_handPinky_3_joint,-0.2522943,-0.1428615,0.18911847,0.24104935,0.3735118,0.61787325,0.6485503
1783532917.7322,34,right_handPinkyEnd_joint,-0.2514996,-0.16119282,0.19260356,0.24104935,0.3735118,0.61787325,0.6485503
1783532917.7322,34,right_handRingStart_joint,-0.24703564,-0.017257689,0.17556226,0.20365633,0.41273266,0.6172043,0.6381499
1783532917.7322,34,right_handRing_1_joint,-0.23987056,-0.08402487,0.19479778,0.20365633,0.41273266,0.6172043,0.6381499
1783532917.7322,34,right_handRing_2_joint,-0.23481277,-0.13115424,0.20837545,0.20365633,0.41273266,0.6172043,0.6381499
1783532917.7322,34,right_handRing_3_joint,-0.23165192,-0.16061048,0.21686204,0.20365633,0.41273266,0.6172043,0.6381499
1783532917.7322,34,right_handRingEnd_joint,-0.22954403,-0.18024848,0.2225191,0.20365633,0.41273266,0.6172043,0.6381499
1783532917.7322,34,right_handThumbStart_joint,-0.22033285,-0.0061861905,0.18186054,0.24946338,0.92531633,0.14103207,0.2483305
1783532917.7322,34,right_handThumb_1_joint,-0.1799437,-0.034739688,0.20275787,0.24946338,0.92531633,0.14103204,0.2483305
1783532917.7322,34,right_handThumb_2_joint,-0.15107371,-0.055147108,0.21769613,0.24946338,0.92531633,0.14103203,0.24833047
1783532917.7322,34,right_handThumbEnd_joint,-0.13182701,-0.0687523,0.22765419,0.2494634,0.92531633,0.141032,0.24833049
1783532917.7322,34,camera,0.11010775,0.07291619,-0.036982223,-0.08191749,-0.07762961,-0.69846684,0.70668757
1783532917.7655,35,root,-0.00035604186,0.02316781,-0.0019470901,-0.07269859,-0.0018642588,-0.0020359363,0.9973502
1783532917.7655,35,hips_joint,-0.00035604186,0.02316781,-0.0019470901,-0.07269859,-0.0018642588,-0.0020359363,0.9973502
1783532917.7655,35,left_upLeg_joint,0.10007093,-0.0017884802,0.0030267804,0.62943053,-0.35156146,0.59357125,-0.35762432
1783532917.7655,35,left_leg_joint,0.120349325,-0.36693266,0.21179591,-0.18386452,0.7000326,-0.2401375,0.6469022
1783532917.7655,35,left_foot_joint,0.076711826,-0.62673455,-0.16200641,0.57643896,-0.437686,0.5879746,-0.36115795
1783532917.7655,35,left_toes_joint,0.06559906,-0.76523006,-0.108099304,0.6489476,-0.320497,0.64576894,-0.2431692
1783532917.7655,35,left_toesEnd_joint,0.06320507,-0.80951416,-0.066712685,0.6489476,-0.3204968,0.64576894,-0.24316944
1783532917.7655,35,right_upLeg_joint,-0.10100598,-0.0010216021,0.0022193112,0.33987412,0.6068214,0.40992612,0.5900968
1783532917.7655,35,right_leg_joint,-0.07045861,-0.37843806,0.18645608,0.64817244,0.26830155,0.67908657,0.21616688
1783532917.7655,35,right_foot_joint,-0.040143404,-0.671756,-0.16307928,0.34479,0.6109275,0.40127638,0.5889522
1783532917.7655,35,right_toes_joint,-0.029933194,-0.8049827,-0.09707281,0.22274822,0.66520375,0.28237507,0.6543329
1783532917.7655,35,right_toesEnd_joint,-0.027236052,-0.84537494,-0.051897466,0.22274865,0.6652039,0.2823746,0.6543327
1783532917.7655,35,spine_1_joint,-0.00035606165,0.02316781,-0.0019470903,0.45290577,0.5413269,0.45785767,0.540563
1783532917.7655,35,spine_2_joint,-0.00066318765,0.07987705,-0.011760423,0.45962685,0.53478223,0.46464077,0.53559333
1783532917.7655,35,spine_3_joint,-0.0008799387,0.1368151,-0.020147538,0.48390058,0.5082154,0.49024075,0.5169349
1783532917.7655,35,spine_4_joint,-0.00073337805,0.18980014,-0.022851877,0.5208393,0.46541312,0.5269411,0.48420087
1783532917.7655,35,spine_5_joint,7.773623e-05,0.25993952,-0.016154625,0.5671311,0.40326327,0.57399493,0.4315914
1783532917.7655,35,spine_6_joint,0.0015441821,0.34919044,0.012800694,0.5772323,0.38128084,0.59330994,0.41159606
1783532917.7655,35,spine_7_joint,0.0020719836,0.44836065,0.053214602,0.55672246,0.4052342,0.5831007,0.43109077
1783532917.7655,35,left_shoulder_1_joint,0.09065033,0.5563141,0.08646434,-0.6066759,0.0027441075,-0.14322658,0.7819355
1783532917.7655,35,left_arm_joint,0.22974685,0.5233418,0.11104922,-0.35655138,0.29192322,-0.5356608,0.7076154
1783532917.7655,35,left_forearm_joint,0.2977587,0.26633108,0.10276172,-0.41112366,0.16152945,-0.73179716,0.51899797
1783532917.7655,35,left_hand_joint,0.26473472,0.027189178,0.21907455,0.64067894,-0.56941056,0.48722732,-0.16706865
1783532917.7655,35,left_handIndexStart_joint,0.24800947,0.01088375,0.23769987,0.6075295,-0.5794232,0.52747774,-0.13017043
1783532917.7655,35,left_handIndex_1_joint,0.22970447,-0.05668611,0.2770576,0.6075295,-0.5794232,0.52747774,-0.13017043
1783532917.7655,35,left_handIndex_2_joint,0.21906203,-0.095970914,0.29993996,0.6075295,-0.5794232,0.52747774,-0.13017043
1783532917.7655,35,left_handIndex_3_joint,0.21310228,-0.11797041,0.3127541,0.6075295,-0.5794232,0.52747774,-0.13017043
1783532917.7655,35,left_handIndexEnd_joint,0.2088453,-0.13368432,0.32190707,0.6075295,-0.5794232,0.52747774,-0.13017043
1783532917.7655,35,left_handMidStart_joint,0.2580833,0.004934988,0.23255146,0.6419337,-0.56912,0.4853263,-0.16876645
1783532917.7655,35,left_handMid_1_joint,0.24904677,-0.06305941,0.26531368,0.6419337,-0.56912,0.4853263,-0.16876645
1783532917.7655,35,left_handMid_2_joint,0.24269679,-0.11083927,0.2883358,0.6419337,-0.56912,0.4853263,-0.16876645
1783532917.7655,35,left_handMid_3_joint,0.23903336,-0.13840456,0.3016178,0.6419337,-0.56912,0.4853263,-0.16876645
1783532917.7655,35,left_handMidEnd_joint,0.23659104,-0.15678144,0.31047246,0.6419337,-0.56912,0.4853263,-0.16876645
1783532917.7655,35,left_handPinkyStart_joint,0.27893087,-0.0045961067,0.21694571,0.6695902,-0.57207835,0.40738037,-0.24169576
1783532917.7655,35,left_handPinky_1_joint,0.27979037,-0.06575047,0.23402871,0.6695902,-0.57207835,0.40738037,-0.24169576
1783532917.7655,35,left_handPinky_2_joint,0.28032124,-0.103522286,0.24458,0.6695902,-0.57207835,0.40738037,-0.24169576
1783532917.7655,35,left_handPinky_3_joint,0.28059933,-0.12330753,0.25010684,0.6695902,-0.57207835,0.40738037,-0.24169576
1783532917.7655,35,left_handPinkyEnd_joint,0.2808521,-0.1412941,0.25513124,0.6695902,-0.57207835,0.40738037,-0.24169576
1783532917.7655,35,left_handRingStart_joint,0.26764536,2.765417e-05,0.22543909,0.6565878,-0.57105356,0.44753513,-0.20616259
1783532917.7655,35,left_handRing_1_joint,0.26395866,-0.06524322,0.25004306,0.6565878,-0.57105356,0.44753513,-0.20616259
1783532917.7655,35,left_handRing_2_joint,0.26135626,-0.11131679,0.26741058,0.6565878,-0.57105356,0.44753513,-0.20616259
1783532917.7655,35,left_handRing_3_joint,0.25972977,-0.14011277,0.27826527,0.6565878,-0.57105356,0.44753513,-0.20616259
1783532917.7655,35,left_handRingEnd_joint,0.25864545,-0.15931009,0.28550172,0.6565878,-0.57105356,0.44753513,-0.20616259
1783532917.7655,35,left_handThumbStart_joint,0.23995751,0.009645113,0.22946069,0.2397881,-0.086267054,0.92729795,-0.27418676
1783532917.7655,35,left_handThumb_1_joint,0.20051135,-0.019883733,0.25079876,0.2397881,-0.086267054,0.92729795,-0.27418676
1783532917.7655,35,left_handThumb_2_joint,0.17231488,-0.040988557,0.26605147,0.2397881,-0.08626703,0.92729795,-0.27418676
1783532917.7655,35,left_handThumbEnd_joint,0.15351725,-0.055058446,0.27621996,0.2397881,-0.086267,0.92729795,-0.27418676
1783532917.7655,35,neck_1_joint,0.0012959979,0.5782158,0.08702513,0.59786516,0.34097627,0.62737477,0.36427125
1783532917.7655,35,neck_2_joint,0.00070416194,0.6041593,0.10207779,0.5888911,0.35468364,0.62030804,0.37765697
1783532917.7655,35,neck_3_joint,-0.00014244333,0.63961,0.120585404,0.5721948,0.3786104,0.6077844,0.39980692
1783532917.7655,35,neck_4_joint,-0.0011622597,0.6763808,0.13629739,0.5563718,0.4001565,0.5945705,0.4204896
1783532917.7655,35,head_joint,-0.0024237419,0.7200195,0.15187559,0.50071776,0.46607804,0.5442101,0.4856838
1783532917.7655,35,jaw_joint,-0.0020634772,0.69466627,0.15453747,0.50071776,0.46607804,0.5442101,0.4856838
1783532917.7655,35,chin_joint,-0.006912253,0.63552094,0.24929151,0.50071776,0.46607804,0.5442101,0.4856838
1783532917.7655,35,left_eye_joint,0.023557283,0.74503326,0.2430115,0.5047635,0.46169338,0.54842514,0.48091912
1783532917.7655,35,left_eyeLowerLid_joint,0.023557283,0.74503326,0.2430115,0.5047635,0.46169338,0.54842514,0.48091912
1783532917.7655,35,left_eyeUpperLid_joint,0.023557283,0.74503326,0.2430115,0.5047635,0.46169338,0.54842514,0.48091912
1783532917.7655,35,left_eyeball_joint,0.023557283,0.74503326,0.2430115,0.5047635,0.46169338,0.54842514,0.48091912
1783532917.7655,35,nose_joint,-0.00923066,0.70970523,0.26117924,0.5047659,0.46169075,0.5484277,0.48091626
1783532917.7655,35,right_eye_joint,-0.04093061,0.7436819,0.23886798,0.5047635,0.46169338,0.54842514,0.48091912
1783532917.7655,35,right_eyeLowerLid_joint,-0.04093061,0.7436819,0.23886798,0.5047635,0.46169338,0.54842514,0.48091912
1783532917.7655,35,right_eyeUpperLid_joint,-0.04093061,0.7436819,0.23886798,0.5047635,0.46169338,0.54842514,0.48091912
1783532917.7655,35,right_eyeball_joint,-0.04093061,0.7436819,0.23886798,0.5047635,0.46169338,0.54842514,0.48091912
1783532917.7655,35,right_shoulder_1_joint,-0.0878373,0.5576384,0.07722545,0.7875138,0.1351449,0.06320363,0.5979661
1783532917.7655,35,right_arm_joint,-0.22642925,0.51579976,0.08622963,0.6894412,0.5328031,0.31252834,0.3783094
1783532917.7655,35,right_forearm_joint,-0.28943968,0.25749087,0.07883227,0.5083011,0.7297451,0.21501274,0.40357378
1783532917.7655,35,right_hand_joint,-0.24722981,0.01218853,0.17809653,0.16307054,0.45340258,0.6108884,0.6282115
1783532917.7655,35,right_handIndexStart_joint,-0.2315823,-0.004704593,0.1952924,0.12105086,0.4951915,0.62106264,0.59532624
1783532917.7655,35,right_handIndex_1_joint,-0.2105516,-0.073719785,0.23056781,0.12105086,0.4951915,0.62106264,0.59532624
1783532917.7655,35,right_handIndex_2_joint,-0.19832401,-0.11384512,0.25107637,0.12105086,0.4951915,0.62106264,0.59532624
1783532917.7655,35,right_handIndex_3_joint,-0.19147706,-0.13631552,0.26256192,0.12105086,0.4951915,0.62106264,0.59532624
1783532917.7655,35,right_handIndexEnd_joint,-0.1865864,-0.15236554,0.27076578,0.12105086,0.4951915,0.62106264,0.59532624
1783532917.7655,35,right_handMidStart_joint,-0.24098712,-0.010884001,0.18923122,0.1624882,0.4539329,0.61128366,0.6275946
1783532917.7655,35,right_handMid_1_joint,-0.2288668,-0.08042264,0.21744193,0.1624882,0.4539329,0.61128366,0.6275946
1783532917.7655,35,right_handMid_2_joint,-0.22035016,-0.12928696,0.2372659,0.1624882,0.4539329,0.61128366,0.6275946
1783532917.7655,35,right_handMid_3_joint,-0.21543652,-0.1574781,0.24870269,0.1624882,0.4539329,0.61128366,0.6275946
1783532917.7655,35,right_handMidEnd_joint,-0.21216102,-0.17627181,0.25632733,0.1624882,0.4539329,0.61128366,0.6275946
1783532917.7655,35,right_handPinkyStart_joint,-0.2604146,-0.020536892,0.17195696,0.23882303,0.37774003,0.614029,0.65057254
1783532917.7655,35,right_handPinky_1_joint,-0.25791028,-0.08272733,0.18454315,0.23882303,0.37774003,0.614029,0.65057254
1783532917.7655,35,right_handPinky_2_joint,-0.25636375,-0.12113977,0.19231762,0.23882303,0.37774003,0.614029,0.65057254
1783532917.7655,35,right_handPinky_3_joint,-0.25555325,-0.14126028,0.19638921,0.23882303,0.37774003,0.614029,0.65057254
1783532917.7655,35,right_handPinkyEnd_joint,-0.25481674,-0.15955152,0.20009094,0.23882303,0.37774003,0.614029,0.65057254
1783532917.7655,35,right_handRingStart_joint,-0.24986367,-0.015848428,0.18131517,0.20156617,0.41701078,0.6132029,0.63988715
1783532917.7655,35,right_handRing_1_joint,-0.24289049,-0.08240765,0.20132618,0.20156617,0.41701078,0.6132029,0.63988715
1783532917.7655,35,right_handRing_2_joint,-0.23796813,-0.12939024,0.21545126,0.20156617,0.41701078,0.6132029,0.63988715
1783532917.7655,35,right_handRing_3_joint,-0.23489192,-0.15875472,0.22427997,0.20156617,0.41701078,0.6132029,0.63988715
1783532917.7655,35,right_handRingEnd_joint,-0.23284048,-0.17833157,0.23016514,0.20156617,0.41701078,0.6132029,0.63988715
1783532917.7655,35,right_handThumbStart_joint,-0.2231,-0.0048040436,0.18739897,0.24994062,0.92605036,0.13464259,0.24866062
1783532917.7655,35,right_handThumb_1_joint,-0.1827541,-0.03325905,0.208513,0.24994062,0.92605036,0.13464257,0.24866065
1783532917.7655,35,right_handThumb_2_joint,-0.153915,-0.053596057,0.22360614,0.24994062,0.92605036,0.13464256,0.24866065
1783532917.7655,35,right_handThumbEnd_joint,-0.13468888,-0.06715432,0.23366746,0.24994057,0.9260504,0.13464251,0.2486606
1783532917.7655,35,camera,0.11042433,0.07354244,-0.03634914,-0.08127161,-0.07713891,-0.69848615,0.7067967
1783532917.7988,36,root,-0.00038468427,0.023298422,-0.0019848219,-0.074515596,-0.0024705078,-0.003199065,0.9972117
1783532917.7988,36,hips_joint,-0.00038468427,0.023298422,-0.0019848219,-0.074515596,-0.0024705078,-0.003199065,0.9972117
1783532917.7988,36,left_upLeg_joint,0.0999792,-0.0018641471,0.003218026,0.62837124,-0.35120258,0.5968607,-0.35434964
1783532917.7988,36,left_leg_joint,0.117171966,-0.36584944,0.21427515,-0.17214979,0.70261866,-0.23552574,0.64901394
1783532917.7988,36,left_foot_joint,0.07222308,-0.6162844,-0.1657134,0.56881183,-0.4469461,0.5856465,-0.36566415
1783532917.7988,36,left_toes_joint,0.05948304,-0.75589085,-0.11513485,0.643214,-0.33103493,0.6443371,-0.24803506
1783532917.7988,36,left_toesEnd_joint,0.056480195,-0.8011124,-0.07481546,0.6432139,-0.33103472,0.6443371,-0.24803528
1783532917.7988,36,right_upLeg_joint,-0.101094194,-0.00065045356,0.0021311708,0.33812347,0.60642713,0.40811247,0.5927586
1783532917.7988,36,right_leg_joint,-0.072199084,-0.37707356,0.18865228,0.6505748,0.2577274,0.68400246,0.20608132
1783532917.7988,36,right_foot_joint,-0.040842656,-0.6593516,-0.16976812,0.35320204,0.60408497,0.41136575,0.58404434
1783532917.7988,36,right_toes_joint,-0.030666636,-0.79455906,-0.10791483,0.23230465,0.66007954,0.29321173,0.6514263
1783532917.7988,36,right_toesEnd_joint,-0.028036641,-0.83633494,-0.06401182,0.23230508,0.6600797,0.29321128,0.65142614
1783532917.7988,36,spine_1_joint,-0.00038470406,0.023298422,-0.0019848219,0.45217118,0.54143655,0.4569991,0.54179305
1783532917.7988,36,spine_2_joint,-0.00061510224,0.07997889,-0.01196504,0.45887908,0.5350615,0.46406475,0.53645426
1783532917.7988,36,spine_3_joint,-0.0008046783,0.13689615,-0.02049281,0.4832651,0.50860345,0.48993456,0.51743746
1783532917.7988,36,spine_4_joint,-0.0006681551,0.18987617,-0.023294305,0.5204479,0.4658048,0.5269106,0.484278
1783532917.7988,36,spine_5_joint,9.6095646e-05,0.26002207,-0.016660165,0.5670385,0.40359494,0.5740979,0.43126556
1783532917.7988,36,spine_6_joint,0.0014904628,0.34927452,0.012293941,0.5770988,0.38189515,0.59322894,0.41133028
1783532917.7988,36,spine_7_joint,0.001939157,0.4484692,0.05264863,0.55640155,0.40631565,0.58255994,0.4312179
1783532917.7988,36,left_shoulder_1_joint,0.090460695,0.5565679,0.08557598,-0.60646844,0.0036307566,-0.14123507,0.7824548
1783532917.7988,36,left_arm_joint,0.22971992,0.5238702,0.1096002,-0.35662836,0.29626706,-0.5335696,0.7073511
1783532917.7988,36,left_forearm_joint,0.29756206,0.26688573,0.09934441,-0.4141371,0.16477711,-0.7284296,0.52031654
1783532917.7988,36,left_hand_joint,0.26660547,0.02718401,0.21507195,0.6438792,-0.5699776,0.48258337,-0.16630808
1783532917.7988,36,left_handIndexStart_joint,0.25013036,0.010745766,0.23380315,0.6110228,-0.5799414,0.5230507,-0.12937185
1783532917.7988,36,left_handIndex_1_joint,0.23247585,-0.057040423,0.2730859,0.6110228,-0.5799414,0.5230507,-0.12937185
1783532917.7988,36,left_handIndex_2_joint,0.22221158,-0.09645099,0.2959247,0.6110228,-0.5799414,0.5230507,-0.12937185
1783532917.7988,36,left_handIndex_3_joint,0.2164636,-0.118520916,0.30871442,0.6110228,-0.5799414,0.5230507,-0.12937185
1783532917.7988,36,left_handIndexEnd_joint,0.2123579,-0.13428514,0.31784996,0.6110228,-0.5799414,0.5230507,-0.12937185
1783532917.7988,36,left_handMidStart_joint,0.2601735,0.004854288,0.22853042,0.64512056,-0.5696898,0.48067355,-0.16800614
1783532917.7988,36,left_handMid_1_joint,0.25172165,-0.063296795,0.2611227,0.64512056,-0.5696898,0.48067355,-0.16800614
1783532917.7988,36,left_handMid_2_joint,0.24578251,-0.11118675,0.28402537,0.64512056,-0.5696898,0.48067355,-0.16800614
1783532917.7988,36,left_handMid_3_joint,0.24235606,-0.13881557,0.29723847,0.64512056,-0.5696898,0.48067355,-0.16800614
1783532917.7988,36,left_handMidEnd_joint,0.24007179,-0.15723477,0.30604717,0.64512056,-0.5696898,0.48067355,-0.16800614
1783532917.7988,36,left_handPinkyStart_joint,0.2808971,-0.0045395754,0.2126783,0.672249,-0.5728177,0.4024473,-0.24082653
1783532917.7988,36,left_handPinky_1_joint,0.28215647,-0.06575439,0.22951823,0.672249,-0.5728177,0.4024473,-0.24082653
1783532917.7988,36,left_handPinky_2_joint,0.28293434,-0.10356355,0.23991936,0.672249,-0.5728177,0.4024473,-0.24082653
1783532917.7988,36,left_handPinky_3_joint,0.2833418,-0.12336834,0.24536757,0.672249,-0.5728177,0.4024473,-0.24082653
1783532917.7988,36,left_handPinkyEnd_joint,0.28371218,-0.1413727,0.2503205,0.672249,-0.5728177,0.4024473,-0.24082653
1783532917.7988,36,left_handRingStart_joint,0.2696812,9.73463e-06,0.221303,0.65951556,-0.5717135,0.44273537,-0.20534924
1783532917.7988,36,left_handRing_1_joint,0.26648605,-0.06536698,0.24569373,0.65951556,-0.5717135,0.44273537,-0.20534924
1783532917.7988,36,left_handRing_2_joint,0.26423064,-0.111515254,0.26291072,0.65951556,-0.5717135,0.44273537,-0.20534924
1783532917.7988,36,left_handRing_3_joint,0.26282102,-0.14035793,0.27367133,0.65951556,-0.5717135,0.44273537,-0.20534924
1783532917.7988,36,left_handRingEnd_joint,0.26188126,-0.15958637,0.28084508,0.65951556,-0.5717135,0.44273537,-0.20534924
1783532917.7988,36,left_handThumbStart_joint,0.242,0.009508103,0.22564119,0.24411857,-0.08896726,0.92539394,-0.2759294
1783532917.7988,36,left_handThumb_1_joint,0.20288189,-0.020248761,0.2472644,0.24411857,-0.08896726,0.92539394,-0.2759294
1783532917.7988,36,left_handThumb_2_joint,0.17491989,-0.041516576,0.26272097,0.24411853,-0.08896725,0.92539394,-0.2759294
1783532917.7988,36,left_handThumbEnd_joint,0.15627857,-0.055695124,0.27302533,0.24411853,-0.08896721,0.92539394,-0.2759294
1783532917.7988,36,neck_1_joint,0.0010884319,0.5783949,0.08618493,0.59763616,0.34224987,0.62659484,0.36479434
1783532917.7988,36,neck_2_joint,0.00050306664,0.60438204,0.10116242,0.58863306,0.3559733,0.61947846,0.37820747
1783532917.7988,36,neck_3_joint,-0.0003345789,0.63988835,0.11956352,0.5718906,0.37989143,0.60693336,0.4003196
1783532917.7988,36,neck_4_joint,-0.0013494313,0.6767062,0.13516523,0.5560238,0.40142712,0.59370077,0.4209675
1783532917.7988,36,head_joint,-0.00260882,0.72039145,0.15061262,0.50022703,0.46730185,0.54328763,0.48604637
1783532917.7988,36,jaw_joint,-0.002235254,0.6950466,0.1533509,0.50022703,0.46730185,0.54328763,0.48604637
1783532917.7988,36,chin_joint,-0.006943215,0.6361869,0.24828975,0.50022703,0.46730185,0.54328763,0.48604637
1783532917.7988,36,left_eye_joint,0.023475299,0.7456916,0.24163999,0.50428337,0.4629214,0.547506,0.48128963
1783532917.7988,36,left_eyeLowerLid_joint,0.023475299,0.7456916,0.24163999,0.50428337,0.4629214,0.547506,0.48128963
1783532917.7988,36,left_eyeUpperLid_joint,0.023475299,0.7456916,0.24163999,0.50428337,0.4629214,0.547506,0.48128963
1783532917.7988,36,left_eyeball_joint,0.023475299,0.7456916,0.24163999,0.50428337,0.4629214,0.547506,0.48128963
1783532917.7988,36,nose_joint,-0.009276156,0.710406,0.2599554,0.5042859,0.46291885,0.5475084,0.48128685
1783532917.7988,36,right_eye_joint,-0.041017145,0.74430245,0.23758061,0.50428337,0.4629214,0.547506,0.48128963
1783532917.7988,36,right_eyeLowerLid_joint,-0.041017145,0.74430245,0.23758061,0.50428337,0.4629214,0.547506,0.48128963
1783532917.7988,36,right_eyeUpperLid_joint,-0.041017145,0.74430245,0.23758061,0.50428337,0.4629214,0.547506,0.48128963
1783532917.7988,36,right_eyeball_joint,-0.041017145,0.74430245,0.23758061,0.50428337,0.4629214,0.547506,0.48128963
1783532917.7988,36,right_shoulder_1_joint,-0.08803761,0.5577212,0.07652317,0.786918,0.13366225,0.061892394,0.59921944
1783532917.7988,36,right_arm_joint,-0.22679275,0.5164494,0.085629016,0.6900196,0.5308446,0.31131494,0.38099885
1783532917.7988,36,right_forearm_joint,-0.29131404,0.25849423,0.07894627,0.50986487,0.72734815,0.21209563,0.40745315
1783532917.7988,36,right_hand_joint,-0.25164372,0.013425254,0.17982124,0.16198479,0.45324376,0.60711616,0.63225085
1783532917.7988,36,right_handIndexStart_joint,-0.23621242,-0.0035016346,0.19717851,0.120225415,0.4953109,0.6172273,0.5993692
1783532917.7988,36,right_handIndex_1_joint,-0.21592556,-0.072487555,0.2329434,0.120225415,0.4953109,0.6172273,0.5993692
1783532917.7988,36,right_handIndex_2_joint,-0.20413044,-0.11259587,0.25373653,0.120225415,0.4953109,0.6172273,0.5993692
1783532917.7988,36,right_handIndex_3_joint,-0.19752567,-0.13505673,0.26538143,0.120225415,0.4953109,0.6172273,0.5993692
1783532917.7988,36,right_handIndexEnd_joint,-0.19280797,-0.15109994,0.27369913,0.120225415,0.4953109,0.6172273,0.5993692
1783532917.7988,36,right_handMidStart_joint,-0.24564706,-0.009634509,0.19111644,0.16140577,0.453779,0.6075113,0.631635
1783532917.7988,36,right_handMid_1_joint,-0.23424697,-0.07910791,0.2197844,0.16140577,0.453779,0.6075113,0.631635
1783532917.7988,36,right_handMid_2_joint,-0.22623643,-0.12792638,0.23992963,0.16140577,0.453779,0.6075113,0.631635
1783532917.7988,36,right_handMid_3_joint,-0.22161476,-0.15609108,0.25155178,0.16140577,0.453779,0.6075113,0.631635
1783532917.7988,36,right_handMidEnd_joint,-0.21853392,-0.17486717,0.25929996,0.16140577,0.453779,0.6075113,0.631635
1783532917.7988,36,right_handPinkyStart_joint,-0.2650902,-0.019219615,0.17382206,0.23733306,0.37721634,0.6105324,0.6546992
1783532917.7988,36,right_handPinky_1_joint,-0.2631799,-0.081353866,0.18678427,0.23733306,0.37721634,0.6105324,0.6546992
1783532917.7988,36,right_handPinky_2_joint,-0.26200023,-0.1197316,0.19479099,0.23733306,0.37721634,0.6105324,0.6546992
1783532917.7988,36,right_handPinky_3_joint,-0.2613819,-0.13983393,0.19898424,0.23733306,0.37721634,0.6105324,0.6546992
1783532917.7988,36,right_handPinkyEnd_joint,-0.26082012,-0.15810864,0.20279656,0.23733306,0.37721634,0.6105324,0.6546992
1783532917.7988,36,right_handRingStart_joint,-0.25453553,-0.014568074,0.18319446,0.2002816,0.41666797,0.6095632,0.6439781
1783532917.7988,36,right_handRing_1_joint,-0.24822399,-0.08106589,0.20362483,0.2002816,0.41666797,0.6095632,0.6439781
1783532917.7988,36,right_handRing_2_joint,-0.24376869,-0.12800513,0.21804595,0.2002816,0.41666797,0.6095632,0.6439781
1783532917.7988,36,right_handRing_3_joint,-0.24098438,-0.15734252,0.2270597,0.2002816,0.41666797,0.6095632,0.6439781
1783532917.7988,36,right_handRingEnd_joint,-0.23912753,-0.17690131,0.23306821,0.2002816,0.41666797,0.6095632,0.6439781
1783532917.7988,36,right_handThumbStart_joint,-0.22770034,-0.0037219024,0.18931969,0.2529832,0.9248487,0.1313126,0.25181645
1783532917.7988,36,right_handThumb_1_joint,-0.18768843,-0.03240243,0.21076156,0.2529832,0.9248487,0.13131258,0.25181645
1783532917.7988,36,right_handThumb_2_joint,-0.15908806,-0.05290063,0.22608902,0.25298318,0.9248487,0.13131256,0.25181645
1783532917.7988,36,right_handThumbEnd_joint,-0.14002109,-0.06656636,0.23630655,0.25298318,0.9248487,0.13131252,0.25181642
1783532917.7988,36,camera,0.10962553,0.07225947,-0.036733635,-0.08062075,-0.077045515,-0.6983228,0.7070428
1783532917.8321,37,root,-0.00045583924,0.023297215,-0.002085456,-0.0751911,-0.003232907,-0.0037135847,0.997157
1783532917.8321,37,hips_joint,-0.00045583924,0.023297215,-0.002085456,-0.0751911,-0.003232907,-0.0037135847,0.997157
1783532917.8321,37,left_upLeg_joint,0.09987651,-0.0019501041,0.0033114846,0.6265345,-0.3511649,0.6002256,-0.35194722
1783532917.8321,37,left_leg_joint,0.11369906,-0.36516201,0.21594267,-0.16303113,0.70362353,-0.2331323,0.6511405
1783532917.8321,37,left_foot_joint,0.068483606,-0.60891956,-0.16833211,0.5622532,-0.4533605,0.5850738,-0.36881423
1783532917.8321,37,left_toes_joint,0.054222114,-0.74921423,-0.120119184,0.6379899,-0.3385761,0.64437187,-0.25123656
1783532917.8321,37,left_toesEnd_joint,0.05060121,-0.795061,-0.08056392,0.6379898,-0.3385759,0.64437187,-0.25123677
1783532917.8321,37,right_upLeg_joint,-0.1011937,-0.00055387494,0.0019025155,0.33835357,0.60458654,0.40862086,0.59415555
1783532917.8321,37,right_leg_joint,-0.07382611,-0.37730452,0.18799213,0.65192395,0.2486934,0.6885681,0.197536
1783532917.8321,37,right_foot_joint,-0.04092244,-0.64999294,-0.17764114,0.35983527,0.5978052,0.42022958,0.58013296
1783532917.8321,37,right_toes_joint,-0.030798968,-0.78677446,-0.119341984,0.2400079,0.6551711,0.30265632,0.64926577
1783532917.8321,37,right_toesEnd_joint,-0.028269453,-0.82969135,-0.07654765,0.24000835,0.6551713,0.30265582,0.64926565
1783532917.8321,37,spine_1_joint,-0.00045585903,0.023297215,-0.0020854562,0.45141056,0.5415629,0.4566107,0.5426277
1783532917.8321,37,spine_2_joint,-0.0006611755,0.0799565,-0.012185772,0.45797572,0.5355641,0.4635132,0.53720105
1783532917.8321,37,spine_3_joint,-0.00085378916,0.13685042,-0.020867953,0.48242828,0.5093546,0.4892911,0.5180882
1783532917.8321,37,spine_4_joint,-0.0007315281,0.18982215,-0.023822308,0.51983577,0.46668807,0.5262114,0.48484534
1783532917.8321,37,spine_5_joint,2.0329653e-05,0.2599863,-0.01738249,0.5667411,0.4045433,0.5732556,0.43188828
1783532917.8321,37,spine_6_joint,0.0014526817,0.3493173,0.011326424,0.57706434,0.38285244,0.59203756,0.41220462
1783532917.8321,37,spine_7_joint,0.0020477553,0.44863552,0.05137435,0.55684006,0.40704364,0.5808657,0.4322501
1783532917.8321,37,left_shoulder_1_joint,0.09087947,0.5566362,0.08378424,-0.6057512,0.006628719,-0.1386548,0.78345186
1783532917.8321,37,left_arm_joint,0.23033927,0.523958,0.10664321,-0.35718876,0.303353,-0.52881634,0.7076347
1783532917.8321,37,left_forearm_joint,0.29860756,0.2672476,0.09293113,-0.41879115,0.17111692,-0.7208439,0.5250883
1783532917.8321,37,left_hand_joint,0.2724018,0.025983829,0.20656738,0.65046775,-0.5704756,0.47270975,-0.16731827
1783532917.8321,37,left_handIndexStart_joint,0.25645167,0.009161359,0.2254115,0.6182354,-0.5805068,0.5136229,-0.13034157
1783532917.8321,37,left_handIndex_1_joint,0.24026163,-0.05923693,0.26426184,0.6182354,-0.5805068,0.5136229,-0.13034157
1783532917.8321,37,left_handIndex_2_joint,0.2308488,-0.09900338,0.28684926,0.6182354,-0.5805068,0.5136229,-0.13034157
1783532917.8321,37,left_handIndex_3_joint,0.22557762,-0.12127259,0.2994982,0.6182354,-0.5805068,0.5136229,-0.13034157
1783532917.8321,37,left_handIndexEnd_joint,0.22181249,-0.13717917,0.30853316,0.6182354,-0.5805068,0.5136229,-0.13034157
1783532917.8321,37,left_handMidStart_joint,0.26646182,0.0034399866,0.21989442,0.65168095,-0.5701859,0.47078088,-0.16901493
1783532917.8321,37,left_handMid_1_joint,0.25935498,-0.06514796,0.2518859,0.65168095,-0.5701859,0.47078088,-0.16901493
1783532917.8321,37,left_handMid_2_joint,0.254361,-0.11334489,0.27436638,0.65168095,-0.5701859,0.47078088,-0.16901493
1783532917.8321,37,left_handMid_3_joint,0.25147983,-0.14115082,0.28733587,0.65168095,-0.5701859,0.47078088,-0.16901493
1783532917.8321,37,left_handMidEnd_joint,0.24955909,-0.1596881,0.2959822,0.65168095,-0.5701859,0.47078088,-0.16901493
1783532917.8321,37,left_handPinkyStart_joint,0.2869967,-0.0055497885,0.20356938,0.6777226,-0.5733969,0.39189264,-0.24151368
1783532917.8321,37,left_handPinky_1_joint,0.28923655,-0.066924036,0.21971287,0.6777226,-0.5733969,0.39189264,-0.24151368
1783532917.8321,37,left_handPinky_2_joint,0.29062,-0.104831666,0.22968383,0.6777226,-0.5733969,0.39189264,-0.24151368
1783532917.8321,37,left_handPinky_3_joint,0.29134464,-0.124688044,0.23490672,0.6777226,-0.5733969,0.39189264,-0.24151368
1783532917.8321,37,left_handPinkyEnd_joint,0.29200342,-0.1427393,0.23965481,0.6777226,-0.5733969,0.39189264,-0.24151368
1783532917.8321,37,left_handRingStart_joint,0.27588964,-0.0012195993,0.21244417,0.66554064,-0.57226133,0.4324965,-0.20620407
1783532917.8321,37,left_handRing_1_joint,0.2738589,-0.06688639,0.23617153,0.66554064,-0.57226133,0.4324965,-0.20620407
1783532917.8321,37,left_handRing_2_joint,0.27242544,-0.11323941,0.25292024,0.66554064,-0.57226133,0.4324965,-0.20620407
1783532917.8321,37,left_handRing_3_joint,0.27152953,-0.14221005,0.2633882,0.66554064,-0.57226133,0.4324965,-0.20620407
1783532917.8321,37,left_handRingEnd_joint,0.27093226,-0.16152382,0.27036682,0.66554064,-0.57226133,0.4324965,-0.20620407
1783532917.8321,37,left_handThumbStart_joint,0.24818866,0.007920259,0.21738437,0.25146937,-0.09511628,0.9211027,-0.2815783
1783532917.8321,37,left_handThumb_1_joint,0.20979993,-0.022504495,0.23938224,0.25146937,-0.09511628,0.9211027,-0.2815783
1783532917.8321,37,left_handThumb_2_joint,0.18235928,-0.044249725,0.25510666,0.25146937,-0.095116265,0.9211027,-0.2815783
1783532917.8321,37,left_handThumbEnd_joint,0.16406551,-0.058746547,0.2655896,0.25146937,-0.09511625,0.9211027,-0.2815783
1783532917.8321,37,neck_1_joint,0.0015570804,0.57866263,0.08452279,0.5980565,0.3432251,0.6246476,0.36652514
1783532917.8321,37,neck_2_joint,0.0010777924,0.60471565,0.099389225,0.58901054,0.35706022,0.6173354,0.3800944
1783532917.8321,37,neck_3_joint,0.00039019316,0.64031225,0.117621265,0.57223475,0.381,0.6047209,0.4021182
1783532917.8321,37,neck_4_joint,-0.00047767907,0.6772075,0.13304809,0.55633396,0.40255278,0.5914257,0.42268175
1783532917.8321,37,head_joint,-0.0015702607,0.72097003,0.14828813,0.50041574,0.46846858,0.54082745,0.4874704
1783532917.8321,37,jaw_joint,-0.0012644866,0.69563764,0.15114741,0.50041574,0.46846858,0.54082745,0.4874704
1783532917.8321,37,chin_joint,-0.0059104487,0.637249,0.24637969,0.50041574,0.46846858,0.54082745,0.4874704
1783532917.8321,37,left_eye_joint,0.024813563,0.7466301,0.23912819,0.5044823,0.46408653,0.54505825,0.48273516
1783532917.8321,37,left_eyeLowerLid_joint,0.024813563,0.7466301,0.23912819,0.5044823,0.46408653,0.54505825,0.48273516
1783532917.8321,37,left_eyeUpperLid_joint,0.024813563,0.7466301,0.23912819,0.5044823,0.46408653,0.54505825,0.48273516
1783532917.8321,37,left_eyeball_joint,0.024813563,0.7466301,0.23912819,0.5044823,0.46408653,0.54505825,0.48273516
1783532917.8321,37,nose_joint,-0.007996101,0.71152985,0.25769377,0.5044848,0.46408385,0.54506075,0.4827323
1783532917.8321,37,right_eye_joint,-0.039692543,0.745412,0.2352344,0.5044823,0.46408653,0.54505825,0.48273516
1783532917.8321,37,right_eyeLowerLid_joint,-0.039692543,0.745412,0.2352344,0.5044823,0.46408653,0.54505825,0.48273516
1783532917.8321,37,right_eyeUpperLid_joint,-0.039692543,0.745412,0.2352344,0.5044823,0.46408653,0.54505825,0.48273516
1783532917.8321,37,right_eyeball_joint,-0.039692543,0.745412,0.2352344,0.5044823,0.46408653,0.54505825,0.48273516
1783532917.8321,37,right_shoulder_1_joint,-0.08763533,0.5581574,0.07511757,0.787167,0.1298051,0.059597548,0.5999726
1783532917.8321,37,right_arm_joint,-0.22676615,0.51814264,0.08410086,0.6922687,0.52609503,0.31129473,0.38351518
1783532917.8321,37,right_forearm_joint,-0.29396465,0.26088884,0.07679465,0.51420957,0.72223717,0.21047752,0.41189995
1783532917.8321,37,right_hand_joint,-0.25863144,0.015386524,0.17822687,0.16277848,0.4501359,0.60274804,0.6384168
1783532917.8321,37,right_handIndexStart_joint,-0.2435755,-0.0017444635,0.1957131,0.12131379,0.4926327,0.6129273,0.6057364
1783532917.8321,37,right_handIndex_1_joint,-0.22456327,-0.07097766,0.23169984,0.12131379,0.4926327,0.6129273,0.6057364
1783532917.8321,37,right_handIndex_2_joint,-0.21350922,-0.11122974,0.25262198,0.12131379,0.4926327,0.6129273,0.6057364
1783532917.8321,37,right_handIndex_3_joint,-0.20731947,-0.1337711,0.2643391,0.12131379,0.4926327,0.6129273,0.6057364
1783532917.8321,37,right_handIndexEnd_joint,-0.2028982,-0.14987181,0.27270842,0.12131379,0.4926327,0.6129273,0.6057364
1783532917.8321,37,right_handMidStart_joint,-0.25305605,-0.007745149,0.18959065,0.16220242,0.45067784,0.60314536,0.6378055
1783532917.8321,37,right_handMid_1_joint,-0.24288596,-0.0773436,0.21841766,0.16220242,0.45067784,0.60314536,0.6378055
1783532917.8321,37,right_handMid_2_joint,-0.23573975,-0.12624992,0.23867469,0.16220242,0.45067784,0.60314536,0.6378055
1783532917.8321,37,right_handMid_3_joint,-0.23161674,-0.1544653,0.25036132,0.16220242,0.45067784,0.60314536,0.6378055
1783532917.8321,37,right_handMidEnd_joint,-0.22886835,-0.1732752,0.2581525,0.16220242,0.45067784,0.60314536,0.6378055
1783532917.8321,37,right_handPinkyStart_joint,-0.27251455,-0.017064087,0.17216852,0.2375386,0.37347773,0.60631275,0.6606626
1783532917.8321,37,right_handPinky_1_joint,-0.27161282,-0.079203725,0.1852141,0.2375386,0.37347773,0.60631275,0.6606626
1783532917.8321,37,right_handPinky_2_joint,-0.27105612,-0.117584795,0.19327231,0.2375386,0.37347773,0.60631275,0.6606626
1783532917.8321,37,right_handPinky_3_joint,-0.27076408,-0.13768889,0.19749254,0.2375386,0.37347773,0.60631275,0.6606626
1783532917.8321,37,right_handPinkyEnd_joint,-0.27049893,-0.15596518,0.20132938,0.2375386,0.37347773,0.60631275,0.6606626
1783532917.8321,37,right_handRingStart_joint,-0.26195955,-0.012556993,0.18161088,0.2007889,0.41323876,0.605267,0.65005374
1783532917.8321,37,right_handRing_1_joint,-0.25677475,-0.07911536,0.2021608,0.2007889,0.41323876,0.605267,0.65005374
1783532917.8321,37,right_handRing_2_joint,-0.2531148,-0.12609735,0.21666631,0.2007889,0.41323876,0.605267,0.65005374
1783532917.8321,37,right_handRing_3_joint,-0.25082758,-0.15546146,0.2257328,0.2007889,0.41323876,0.605267,0.65005374
1783532917.8321,37,right_handRingEnd_joint,-0.24930213,-0.17503807,0.23177648,0.2007889,0.41323876,0.605267,0.65005374
1783532917.8321,37,right_handThumbStart_joint,-0.23501176,-0.0020997918,0.18791555,0.259172,0.9221319,0.12981027,0.25622675
1783532917.8321,37,right_handThumb_1_joint,-0.19558088,-0.031340227,0.20967525,0.259172,0.9221319,0.12981026,0.25622678
1783532917.8321,37,right_handThumb_2_joint,-0.1673958,-0.052238643,0.22522989,0.259172,0.9221319,0.12981024,0.25622678
1783532917.8321,37,right_handThumbEnd_joint,-0.14860569,-0.06617119,0.23559888,0.259172,0.9221319,0.12981021,0.25622672
1783532917.8321,37,camera,0.109693445,0.07247208,-0.036426615,-0.07999183,-0.07734915,-0.698209,0.70719343
1783532917.8655,38,root,-0.00045905256,0.023100285,-0.002319725,-0.07540152,-0.0034186547,-0.0037024377,0.99714047
1783532917.8655,38,hips_joint,-0.00045905256,0.023100285,-0.002319725,-0.07540152,-0.0034186547,-0.0037024377,0.99714047
1783532917.8655,38,left_upLeg_joint,0.09987253,-0.002139852,0.0031247602,0.6255079,-0.35091224,0.60264504,-0.34988484
1783532917.8655,38,left_leg_joint,0.11139349,-0.3645854,0.21719585,-0.15753351,0.70411056,-0.23229323,0.65226626
1783532917.8655,38,left_foot_joint,0.06590807,-0.6046147,-0.16938709,0.55822587,-0.45713422,0.5851075,-0.37021786
1783532917.8655,38,left_toes_joint,0.050610695,-0.7452415,-0.12247697,0.63475084,-0.34304476,0.64467096,-0.2526084
1783532917.8655,38,left_toesEnd_joint,0.046573475,-0.79141587,-0.08334518,0.63475084,-0.34304455,0.64467096,-0.2526086
1783532917.8655,38,right_upLeg_joint,-0.10119722,-0.00075402495,0.0016413478,0.34079522,0.60268337,0.4099739,0.5937613
1783532917.8655,38,right_leg_joint,-0.07483179,-0.37874264,0.1853499,0.65394527,0.24237567,0.6903823,0.19230616
1783532917.8655,38,right_foot_joint,-0.04247759,-0.6451376,-0.18494222,0.36532253,0.5940784,0.42488295,0.5771347
1783532917.8655,38,right_toes_joint,-0.03250593,-0.782916,-0.1290124,0.24610204,0.6525518,0.3077935,0.6472039
1783532917.8655,38,right_toesEnd_joint,-0.030011505,-0.82656676,-0.08696478,0.2461025,0.65255207,0.30779308,0.64720374
1783532917.8655,38,spine_1_joint,-0.00045907235,0.023100285,-0.002319725,0.4507697,0.54223067,0.45602372,0.5429869
1783532917.8655,38,spine_2_joint,-0.0006860325,0.079736464,-0.012548306,0.4571172,0.53672457,0.46247613,0.5376675
1783532917.8655,38,spine_3_joint,-0.0009113476,0.13659921,-0.021431424,0.48159745,0.51086706,0.48798594,0.51860243
1783532917.8655,38,spine_4_joint,-0.000817487,0.18955824,-0.024606628,0.5192613,0.4684307,0.52475774,0.4853555
1783532917.8655,38,spine_5_joint,-8.046366e-05,0.2597496,-0.01846863,0.5665285,0.40639624,0.5716737,0.43252382
1783532917.8655,38,spine_6_joint,0.0014112355,0.3492037,0.009851283,0.5773228,0.38450602,0.59030205,0.41279212
1783532917.8655,38,spine_7_joint,0.002176092,0.4486712,0.049524106,0.55786383,0.40805453,0.5790929,0.4323555
1783532917.8655,38,left_shoulder_1_joint,0.091281906,0.55661005,0.081382714,-0.60360205,0.0109873125,-0.13138382,0.78630924
1783532917.8655,38,left_arm_joint,0.23128904,0.5247164,0.10188234,-0.3599528,0.31342536,-0.5157278,0.7114938
1783532917.8655,38,left_forearm_joint,0.30352527,0.2694995,0.08200649,-0.42743313,0.17938747,-0.7047162,0.5371183
1783532917.8655,38,left_hand_joint,0.28808758,0.025543593,0.19180293,0.6646095,-0.5673748,0.45485237,-0.17172474
1783532917.8655,38,left_handIndexStart_joint,0.27323776,0.007905179,0.21079956,0.6335036,-0.5777047,0.49671426,-0.13492782
1783532917.8655,38,left_handIndex_1_joint,0.26031294,-0.061643533,0.24882208,0.6335036,-0.5777047,0.49671426,-0.13492782
1783532917.8655,38,left_handIndex_2_joint,0.25279853,-0.10207882,0.27092817,0.6335036,-0.5777047,0.49671426,-0.13492782
1783532917.8655,38,left_handIndex_3_joint,0.24859047,-0.124722585,0.2833076,0.6335036,-0.5777047,0.49671426,-0.13492782
1783532917.8655,38,left_handIndexEnd_joint,0.2455847,-0.1408967,0.29215005,0.6335036,-0.5777047,0.49671426,-0.13492782
1783532917.8655,38,left_handMidStart_joint,0.28324044,0.0025927306,0.20487507,0.66577286,-0.56707495,0.45288244,-0.1734073
1783532917.8655,38,left_handMid_1_joint,0.27918482,-0.06674442,0.23576474,0.66577286,-0.56707495,0.45288244,-0.1734073
1783532917.8655,38,left_handMid_2_joint,0.27633494,-0.11546781,0.257471,0.66577286,-0.56707495,0.45288244,-0.1734073
1783532917.8655,38,left_handMid_3_joint,0.27469078,-0.14357747,0.26999384,0.66577286,-0.56707495,0.45288244,-0.1734073
1783532917.8655,38,left_handMidEnd_joint,0.27359465,-0.16231723,0.27834243,0.66577286,-0.56707495,0.45288244,-0.1734073
1783532917.8655,38,left_handPinkyStart_joint,0.30352327,-0.005469904,0.18776938,0.68998295,-0.5702699,0.37248993,-0.24488175
1783532917.8655,38,left_handPinky_1_joint,0.30810088,-0.06702717,0.2026748,0.68998295,-0.5702699,0.37248993,-0.24488175
1783532917.8655,38,left_handPinky_2_joint,0.31092826,-0.10504784,0.2118811,0.68998295,-0.5702699,0.37248993,-0.24488175
1783532917.8655,38,left_handPinky_3_joint,0.31240925,-0.12496342,0.21670344,0.68998295,-0.5702699,0.37248993,-0.24488175
1783532917.8655,38,left_handPinkyEnd_joint,0.3137556,-0.14306849,0.2210874,0.68998295,-0.5702699,0.37248993,-0.24488175
1783532917.8655,38,left_handRingStart_joint,0.29256988,-0.0016416669,0.19705632,0.67873275,-0.56915444,0.41381413,-0.2101021
1783532917.8655,38,left_handRing_1_joint,0.29324338,-0.0677557,0.21958883,0.67873275,-0.56915444,0.41381413,-0.2101021
1783532917.8655,38,left_handRing_2_joint,0.2937188,-0.114424415,0.23549414,0.67873275,-0.56915444,0.41381413,-0.2101021
1783532917.8655,38,left_handRing_3_joint,0.29401594,-0.14359237,0.24543494,0.67873275,-0.56915444,0.41381413,-0.2101021
1783532917.8655,38,left_handRingEnd_joint,0.29421404,-0.16303767,0.25206217,0.67873275,-0.56915444,0.41381413,-0.2101021
1783532917.8655,38,left_handThumbStart_joint,0.2647724,0.00655645,0.20300402,0.2643087,-0.10407232,0.9118663,-0.29632726
1783532917.8655,38,left_handThumb_1_joint,0.22801028,-0.025418619,0.22557399,0.2643087,-0.10407232,0.9118663,-0.29632726
1783532917.8655,38,left_handThumb_2_joint,0.2017323,-0.048272036,0.24170741,0.26430872,-0.10407231,0.9118663,-0.29632726
1783532917.8655,38,left_handThumbEnd_joint,0.18421361,-0.063507654,0.25246304,0.2643087,-0.10407228,0.9118663,-0.29632726
1783532917.8655,38,neck_1_joint,0.0019931772,0.57875985,0.08243329,0.59898794,0.3445034,0.6225903,0.3673041
1783532917.8655,38,neck_2_joint,0.0016150977,0.6048618,0.09721649,0.5898521,0.3584984,0.6151219,0.3810231
1783532917.8655,38,neck_3_joint,0.0010634162,0.6405288,0.11531527,0.57302946,0.3824735,0.60247695,0.40295506
1783532917.8655,38,neck_4_joint,0.00032225877,0.677484,0.13060465,0.5570811,0.4040565,0.5891553,0.4234328
1783532917.8655,38,head_joint,-0.0006325027,0.72130597,0.14568199,0.50099367,0.47005624,0.5384894,0.48793632
1783532917.8655,38,jaw_joint,-0.00035885064,0.6959842,0.14863661,0.50099367,0.47005624,0.5384894,0.48793632
1783532917.8655,38,chin_joint,-0.0047171516,0.6379667,0.24410903,0.50099367,0.47005624,0.5384894,0.48793632
1783532917.8655,38,left_eye_joint,0.026166016,0.74726564,0.2363153,0.50507414,0.46566907,0.5427244,0.48322144
1783532917.8655,38,left_eyeLowerLid_joint,0.026166016,0.74726564,0.2363153,0.50507414,0.46566907,0.5427244,0.48322144
1783532917.8655,38,left_eyeUpperLid_joint,0.026166016,0.74726564,0.2363153,0.50507414,0.46566907,0.5427244,0.48322144
1783532917.8655,38,left_eyeball_joint,0.026166016,0.74726564,0.2363153,0.50507414,0.46566907,0.5427244,0.48322144
1783532917.8655,38,nose_joint,-0.006628245,0.7122935,0.2551481,0.5050765,0.46566632,0.54272693,0.48321855
1783532917.8655,38,right_eye_joint,-0.038357437,0.7461451,0.23268893,0.50507414,0.46566907,0.5427244,0.48322144
1783532917.8655,38,right_eyeLowerLid_joint,-0.038357437,0.7461451,0.23268893,0.50507414,0.46566907,0.5427244,0.48322144
1783532917.8655,38,right_eyeUpperLid_joint,-0.038357437,0.7461451,0.23268893,0.50507414,0.46566907,0.5427244,0.48322144
1783532917.8655,38,right_eyeball_joint,-0.038357437,0.7461451,0.23268893,0.50507414,0.46566907,0.5427244,0.48322144
1783532917.8655,38,right_shoulder_1_joint,-0.08726349,0.55835915,0.07341846,0.7884057,0.12411906,0.05826721,0.5996801
1783532917.8655,38,right_arm_joint,-0.22685865,0.5198347,0.081684396,0.69590265,0.5171951,0.31382406,0.38696682
1783532917.8655,38,right_forearm_joint,-0.2981555,0.26376638,0.07197399,0.5223103,0.71179265,0.21025127,0.4199259
1783532917.8655,38,right_hand_joint,-0.27090046,0.017197685,0.1733118,0.16441786,0.4419306,0.59628165,0.6497018
1783532917.8655,38,right_handIndexStart_joint,-0.25658682,-0.00035904167,0.19099797,0.12338584,0.48521936,0.6065943,0.617561
1783532917.8655,38,right_handIndex_1_joint,-0.23997945,-0.070145205,0.22710654,0.12338584,0.48521936,0.6065943,0.617561
1783532917.8655,38,right_handIndex_2_joint,-0.23032355,-0.1107188,0.24809949,0.12338584,0.48521936,0.6065943,0.617561
1783532917.8655,38,right_handIndex_3_joint,-0.2249168,-0.13344021,0.25985628,0.12338584,0.48521936,0.6065943,0.617561
1783532917.8655,38,right_handIndexEnd_joint,-0.22105479,-0.1496695,0.26825392,0.12338584,0.48521936,0.6065943,0.617561
1783532917.8655,38,right_handMidStart_joint,-0.26611727,-0.0060970257,0.18470354,0.16384485,0.44248456,0.59668285,0.6491009
1783532917.8655,38,right_handMid_1_joint,-0.25823858,-0.07600193,0.2135063,0.16384485,0.44248456,0.59668285,0.6491009
1783532917.8655,38,right_handMid_2_joint,-0.2527025,-0.1251236,0.23374628,0.16384485,0.44248456,0.59668285,0.6491009
1783532917.8655,38,right_handMid_3_joint,-0.24950841,-0.15346323,0.24542308,0.16384485,0.44248456,0.59668285,0.6491009
1783532917.8655,38,right_handMidEnd_joint,-0.2473793,-0.17235593,0.2532077,0.16384485,0.44248456,0.59668285,0.6491009
1783532917.8655,38,right_handPinkyStart_joint,-0.2855197,-0.014866762,0.1669372,0.23817037,0.36412087,0.60007995,0.67126375
1783532917.8655,38,right_handPinky_1_joint,-0.2864494,-0.07703831,0.1798278,0.23817037,0.36412087,0.60007995,0.67126375
1783532917.8655,38,right_handPinky_2_joint,-0.2870239,-0.11543908,0.18779027,0.23817037,0.36412087,0.60007995,0.67126375
1783532917.8655,38,right_handPinky_3_joint,-0.2873244,-0.1355535,0.19196036,0.23817037,0.36412087,0.60007995,0.67126375
1783532917.8655,38,right_handPinkyEnd_joint,-0.2875979,-0.15383917,0.19575162,0.23817037,0.36412087,0.60007995,0.67126375
1783532917.8655,38,right_handRingStart_joint,-0.2750092,-0.01065737,0.17656478,0.20193762,0.40444416,0.5989177,0.66101736
1783532917.8655,38,right_handRing_1_joint,-0.27189717,-0.07737467,0.19701749,0.20193762,0.40444416,0.5989177,0.66101736
1783532917.8655,38,right_handRing_2_joint,-0.26970026,-0.12446884,0.21145436,0.20193762,0.40444416,0.5989177,0.66101736
1783532917.8655,38,right_handRing_3_joint,-0.2683275,-0.15390305,0.22047795,0.20193762,0.40444416,0.5989177,0.66101736
1783532917.8655,38,right_handRingEnd_joint,-0.2674117,-0.17352642,0.22649305,0.20193762,0.40444416,0.5989177,0.66101736
1783532917.8655,38,right_handThumbStart_joint,-0.24790709,-0.0009193945,0.18334205,0.27037665,0.9163689,0.12975584,0.2651944
1783532917.8655,38,right_handThumb_1_joint,-0.2096156,-0.031225512,0.20567104,0.27037665,0.9163689,0.12975582,0.26519442
1783532917.8655,38,right_handThumb_2_joint,-0.18224493,-0.052885685,0.22163261,0.27037665,0.9163689,0.12975582,0.26519442
1783532917.8655,38,right_handThumbEnd_joint,-0.16399774,-0.06732606,0.2322729,0.27037662,0.9163689,0.1297558,0.2651944
1783532917.8655,38,camera,0.109865375,0.07278273,-0.036090348,-0.07967247,-0.07724211,-0.69814825,0.70730114
1783532917.8987,39,root,-0.0003365824,0.022586087,-0.0029079334,-0.07580176,-0.0026012515,-0.0026029297,0.99711615
1783532917.8987,39,hips_joint,-0.0003365824,0.022586087,-0.0029079334,-0.07580176,-0.0026012515,-0.0026029297,0.99711615
1783532917.8987,39,left_upLeg_joint,0.10005659,-0.002442336,0.0023762179,0.62809765,-0.34917545,0.60307676,-0.34622034
1783532917.8987,39,left_leg_joint,0.11216329,-0.36300045,0.21957962,-0.16002704,0.70555687,-0.23582305,0.6488209
1783532917.8987,39,left_foot_joint,0.06330202,-0.6062099,-0.16459636,0.56108075,-0.45673501,0.5857615,-0.36532894
1783532917.8987,39,left_toes_joint,0.04788515,-0.74637747,-0.11636938,0.63747823,-0.3421117,0.6443864,-0.24768412
1783532917.8987,39,left_toesEnd_joint,0.04396998,-0.7921994,-0.0768133,0.6374782,-0.34211144,0.6443865,-0.2476843
1783532917.8987,39,right_upLeg_joint,-0.10101793,-0.0014730811,0.0012535357,0.3444592,0.6023111,0.41086283,0.5914059
1783532917.8987,39,right_leg_joint,-0.07441587,-0.38084292,0.1820582,0.65541583,0.2460063,0.68644524,0.19673309
1783532917.8987,39,right_foot_joint,-0.0453977,-0.6518271,-0.18516774,0.36424124,0.59784335,0.4190537,0.5781917
1783532917.8987,39,right_toes_joint,-0.03555485,-0.78895193,-0.12763213,0.24432674,0.6560434,0.30186957,0.6471369
1783532917.8987,39,right_toesEnd_joint,-0.03294426,-0.83209807,-0.08507378,0.2443272,0.6560436,0.30186915,0.6471367
1783532917.8987,39,spine_1_joint,-0.00033660218,0.022586087,-0.0029079334,0.45033258,0.5435889,0.45563176,0.54232043
1783532917.8987,39,spine_2_joint,-0.0006921844,0.07920594,-0.013222961,0.45676482,0.53817844,0.46184033,0.5370602
1783532917.8987,39,spine_3_joint,-0.0010297326,0.13605171,-0.022210633,0.48144037,0.5123642,0.48712057,0.51808506
1783532917.8987,39,spine_4_joint,-0.0010088615,0.18900432,-0.025492439,0.5193514,0.4699424,0.52364296,0.48500156
1783532917.8987,39,spine_5_joint,-0.00030772967,0.25920942,-0.019509384,0.5669441,0.4078534,0.5702788,0.43244922
1783532917.8987,39,spine_6_joint,0.0012620373,0.3487303,0.00859456,0.5782151,0.38560873,0.58874774,0.4127342
1783532917.8987,39,spine_7_joint,0.0022399253,0.44826427,0.048095554,0.5594936,0.40844443,0.5775786,0.4319064
1783532917.8987,39,left_shoulder_1_joint,0.09166306,0.55604565,0.07959606,-0.6013424,0.015757175,-0.12138333,0.7895602
1783532917.8987,39,left_arm_joint,0.2323665,0.52549386,0.097162075,-0.3668449,0.32323757,-0.49664044,0.7171406
1783532917.8987,39,left_forearm_joint,0.31155905,0.27294558,0.0707673,-0.44144633,0.18585268,-0.6797888,0.5554018
1783532917.8987,39,left_hand_joint,0.31335223,0.02662733,0.17627655,0.6868042,-0.5575365,0.43105355,-0.17789319
1783532917.8987,39,left_handIndexStart_joint,0.300242,0.007904446,0.195514,0.657196,-0.568297,0.47439647,-0.14170383
1783532917.8987,39,left_handIndex_1_joint,0.29253003,-0.06288228,0.23265627,0.657196,-0.568297,0.47439647,-0.14170383
1783532917.8987,39,left_handIndex_2_joint,0.28804633,-0.10403736,0.25425062,0.657196,-0.568297,0.47439647,-0.14170383
1783532917.8987,39,left_handIndex_3_joint,0.28553545,-0.12708421,0.26634344,0.657196,-0.568297,0.47439647,-0.14170383
1783532917.8987,39,left_handIndexEnd_joint,0.28374198,-0.14354624,0.2749812,0.657196,-0.568297,0.47439647,-0.14170383
1783532917.8987,39,left_handMidStart_joint,0.31024858,0.0032282162,0.18908148,0.6879025,-0.55722296,0.42901978,-0.17954059
1783532917.8987,39,left_handMid_1_joint,0.31107634,-0.06675739,0.21873938,0.6879025,-0.55722296,0.42901978,-0.17954059
1783532917.8987,39,left_handMid_2_joint,0.31165802,-0.115936466,0.23958008,0.6879025,-0.55722296,0.42901978,-0.17954059
1783532917.8987,39,left_handMid_3_joint,0.3119936,-0.14430901,0.25160354,0.6879025,-0.55722296,0.42901978,-0.17954059
1783532917.8987,39,left_handMidEnd_joint,0.3122173,-0.16322404,0.2596192,0.6879025,-0.55722296,0.42901978,-0.17954059
1783532917.8987,39,left_handPinkyStart_joint,0.33018595,-0.0034591435,0.17100435,0.70984954,-0.5605182,0.3462837,-0.2490395
1783532917.8987,39,left_handPinky_1_joint,0.33855632,-0.06494394,0.18449433,0.70984954,-0.5605182,0.3462837,-0.2490395
1783532917.8987,39,left_handPinky_2_joint,0.34372628,-0.10291985,0.1928264,0.70984954,-0.5605182,0.3462837,-0.2490395
1783532917.8987,39,left_handPinky_3_joint,0.34643432,-0.12281198,0.19719082,0.70984954,-0.5605182,0.3462837,-0.2490395
1783532917.8987,39,left_handPinkyEnd_joint,0.34889618,-0.14089574,0.20115846,0.70984954,-0.5605182,0.3462837,-0.2490395
1783532917.8987,39,left_handRingStart_joint,0.31944835,-0.00037365913,0.18080549,0.69975734,-0.5593606,0.38873193,-0.2152744
1783532917.8987,39,left_handRing_1_joint,0.3244781,-0.066746645,0.20198475,0.69975734,-0.5593606,0.38873193,-0.2152744
1783532917.8987,39,left_handRing_2_joint,0.32802853,-0.11359816,0.21693482,0.69975734,-0.5593606,0.38873193,-0.2152744
1783532917.8987,39,left_handRing_3_joint,0.33024752,-0.14288037,0.2262786,0.69975734,-0.5593606,0.38873193,-0.2152744
1783532917.8987,39,left_handRingEnd_joint,0.33172688,-0.16240183,0.2325078,0.69975734,-0.5593606,0.38873193,-0.2152744
1783532917.8987,39,left_handThumbStart_joint,0.29153833,0.0062509156,0.18804646,0.28299516,-0.11176753,0.8971636,-0.32018635
1783532917.8987,39,left_handThumb_1_joint,0.2574543,-0.027997669,0.21146815,0.28299516,-0.11176753,0.8971636,-0.32018635
1783532917.8987,39,left_handThumb_2_joint,0.23309048,-0.052476227,0.22821042,0.28299516,-0.111767516,0.8971636,-0.32018635
1783532917.8987,39,left_handThumbEnd_joint,0.21684793,-0.06879527,0.23937194,0.2829952,-0.1117675,0.8971636,-0.32018635
1783532917.8987,39,neck_1_joint,0.002417118,0.57834554,0.08103374,0.60020816,0.34545106,0.6206153,0.3677644
1783532917.8987,39,neck_2_joint,0.002147128,0.6044805,0.095760964,0.59078,0.35994694,0.6127888,0.38197845
1783532917.8987,39,neck_3_joint,0.0017413731,0.6402182,0.11372348,0.573837,0.38407817,0.60001606,0.40395075
1783532917.8987,39,neck_4_joint,0.001138546,0.6772402,0.12885648,0.55783695,0.4056923,0.58666235,0.42433432
1783532917.8987,39,head_joint,0.00033460333,0.7211285,0.14374879,0.50156623,0.47177705,0.5359127,0.4885244
1783532917.8987,39,jaw_joint,0.00057161285,0.69581914,0.1468113,0.50156623,0.47177705,0.5359127,0.4885244
1783532917.8987,39,chin_joint,-0.0034866005,0.63822156,0.2425509,0.50156623,0.47177705,0.5359127,0.4885244
1783532917.8987,39,left_eye_joint,0.027575847,0.7474249,0.23415273,0.5056617,0.4673849,0.5401528,0.48383206
1783532917.8987,39,left_eyeLowerLid_joint,0.027575847,0.7474249,0.23415273,0.5056617,0.4673849,0.5401528,0.48383206
1783532917.8987,39,left_eyeUpperLid_joint,0.027575847,0.7474249,0.23415273,0.5056617,0.4673849,0.5401528,0.48383206
1783532917.8987,39,left_eyeball_joint,0.027575847,0.7474249,0.23415273,0.5056617,0.4673849,0.5401528,0.48383206
1783532917.8987,39,nose_joint,-0.005204796,0.71259886,0.25327766,0.5056641,0.46738213,0.5401554,0.4838291
1783532917.8987,39,right_eye_joint,-0.036964793,0.7464161,0.23081009,0.5056617,0.4673849,0.5401528,0.48383206
1783532917.8987,39,right_eyeLowerLid_joint,-0.036964793,0.7464161,0.23081009,0.5056617,0.4673849,0.5401528,0.48383206
1783532917.8987,39,right_eyeUpperLid_joint,-0.036964793,0.7464161,0.23081009,0.5056617,0.4673849,0.5401528,0.48383206
1783532917.8987,39,right_eyeball_joint,-0.036964793,0.7464161,0.23081009,0.5056617,0.4673849,0.5401528,0.48383206
1783532917.8987,39,right_shoulder_1_joint,-0.086911574,0.55809724,0.07239663,0.7910811,0.114537604,0.057161804,0.5981676
1783532917.8987,39,right_arm_joint,-0.22720711,0.5218927,0.07915391,0.7037488,0.49866238,0.3179056,0.3937124
1783532917.8987,39,right_forearm_joint,-0.30714747,0.26862285,0.064579956,0.54046255,0.6892576,0.20981635,0.43451273
1783532917.8987,39,right_hand_joint,-0.29691154,0.020114422,0.16431507,0.17013633,0.424195,0.58237237,0.6722758
1783532917.8987,39,right_handIndexStart_joint,-0.28416857,0.0016432737,0.18226926,0.13002992,0.46906972,0.5931212,0.64130586
1783532917.8987,39,right_handIndex_1_joint,-0.27263284,-0.069249086,0.21819894,0.13002992,0.46906972,0.5931212,0.64130586
1783532917.8987,39,right_handIndex_2_joint,-0.2659256,-0.11046584,0.2390879,0.13002992,0.46906972,0.5931212,0.64130586
1783532917.8987,39,right_handIndex_3_joint,-0.2621701,-0.1335474,0.25078642,0.13002992,0.46906972,0.5931212,0.64130586
1783532917.8987,39,right_handIndexEnd_joint,-0.25948757,-0.15003392,0.25914246,0.13002992,0.46906972,0.5931212,0.64130586
1783532917.8987,39,right_handMidStart_joint,-0.29379863,-0.0035016919,0.17562361,0.16957009,0.4247724,0.5827835,0.6716977
1783532917.8987,39,right_handMid_1_joint,-0.29074764,-0.07396558,0.2039767,0.16957009,0.4247724,0.5827835,0.6716977
1783532917.8987,39,right_handMid_2_joint,-0.288604,-0.12348005,0.22390069,0.16957009,0.4247724,0.5827835,0.6716977
1783532917.8987,39,right_handMid_3_joint,-0.28736708,-0.1520463,0.2353952,0.16957009,0.4247724,0.5827835,0.6716977
1783532917.8987,39,right_handMidEnd_joint,-0.2865427,-0.17109007,0.2430583,0.16957009,0.4247724,0.5827835,0.6716977
1783532917.8987,39,right_handPinkyStart_joint,-0.31308407,-0.011029293,0.15717332,0.24171159,0.34400785,0.5863868,0.6923761
1783532917.8987,39,right_handPinky_1_joint,-0.31788588,-0.073152095,0.1694221,0.24171159,0.34400785,0.5863868,0.6923761
1783532917.8987,39,right_handPinky_2_joint,-0.32085207,-0.11152274,0.17698815,0.24171159,0.34400785,0.5863868,0.6923761
1783532917.8987,39,right_handPinky_3_joint,-0.3224053,-0.13162139,0.18095061,0.24171159,0.34400785,0.5863868,0.6923761
1783532917.8987,39,right_handPinkyEnd_joint,-0.3238177,-0.14989272,0.1845531,0.24171159,0.34400785,0.5863868,0.6923761
1783532917.8987,39,right_handRingStart_joint,-0.30266723,-0.0074919364,0.16716616,0.20659745,0.38548946,0.5851176,0.68290037
1783532917.8987,39,right_handRing_1_joint,-0.30392966,-0.07443983,0.18705535,0.20659745,0.38548946,0.5851176,0.68290037
1783532917.8987,39,right_handRing_2_joint,-0.3048206,-0.121696785,0.20109446,0.20659745,0.38548946,0.5851176,0.68290037
1783532917.8987,39,right_handRing_3_joint,-0.30537778,-0.15123272,0.20986944,0.20659745,0.38548946,0.5851176,0.68290037
1783532917.8987,39,right_handRingEnd_joint,-0.3057486,-0.17092393,0.2157188,0.20659745,0.38548946,0.5851176,0.68290037
1783532917.8987,39,right_handThumbStart_joint,-0.27529418,0.00065889355,0.17488404,0.29496342,0.90356743,0.13061208,0.28196287
1783532917.8987,39,right_handThumb_1_joint,-0.2394809,-0.03192083,0.19810578,0.29496342,0.90356743,0.13061206,0.28196287
1783532917.8987,39,right_handThumb_2_joint,-0.2138815,-0.055206183,0.21470553,0.29496342,0.90356743,0.13061205,0.28196287
1783532917.8987,39,right_handThumbEnd_joint,-0.19681515,-0.070730016,0.22577125,0.29496342,0.90356743,0.13061202,0.28196287
1783532917.8987,39,camera,0.10999271,0.07305984,-0.035754588,-0.079279885,-0.07692228,-0.6981336,0.7073946
1783532917.9324,40,root,-0.00036698533,0.021863636,-0.0036423558,-0.07536594,-0.0027920532,-0.0014481439,0.99715096
1783532917.9324,40,hips_joint,-0.00036698533,0.021863636,-0.0036423558,-0.07536594,-0.0027920532,-0.0014481439,0.99715096
1783532917.9324,40,left_upLeg_joint,0.10008325,-0.0029349588,0.0016410244,0.6300496,-0.34592274,0.6044383,-0.34355396
1783532917.9324,40,left_leg_joint,0.11270943,-0.36138076,0.22228354,-0.16805334,0.70329094,-0.24334343,0.6464704
1783532917.9324,40,left_foot_joint,0.06347211,-0.61336094,-0.15614879,0.5660017,-0.45000166,0.590232,-0.3588409
1783532917.9324,40,left_toes_joint,0.04830802,-0.75240797,-0.104705,0.6410337,-0.33456764,0.6475463,-0.24046634
1783532917.9324,40,left_toesEnd_joint,0.04451691,-0.7973187,-0.06410555,0.64103365,-0.3345674,0.64754635,-0.24046652
1783532917.9324,40,right_upLeg_joint,-0.100992754,-0.0024340772,0.0004772523,0.351652,0.5994103,0.41191286,0.58938617
1783532917.9324,40,right_leg_joint,-0.07659887,-0.38441578,0.17601766,0.6565399,0.25251925,0.67905104,0.20995072
1783532917.9324,40,right_foot_joint,-0.053845614,-0.6664424,-0.18324934,0.36110967,0.6036637,0.40508193,0.5840368
1783532917.9324,40,right_toes_joint,-0.045350503,-0.8019336,-0.12176395,0.24014878,0.66116464,0.28704315,0.65022796
1783532917.9324,40,right_toesEnd_joint,-0.042980842,-0.84384,-0.077970624,0.24014926,0.6611649,0.28704274,0.6502277
1783532917.9324,40,spine_1_joint,-0.00036700512,0.021863636,-0.0036423558,0.44955942,0.5445991,0.45657447,0.54115415
1783532917.9324,40,spine_2_joint,-0.0009481075,0.07848494,-0.013939111,0.45583308,0.5397611,0.4627567,0.53547186
1783532917.9324,40,spine_3_joint,-0.0015795686,0.13532808,-0.022927377,0.4805097,0.51448864,0.4878537,0.5161496
1783532917.9324,40,spine_4_joint,-0.0018660476,0.18827856,-0.02623102,0.51857775,0.4725869,0.5240216,0.48284566
1783532917.9324,40,spine_5_joint,-0.0015729597,0.25849217,-0.020314584,0.566603,0.4109238,0.57009995,0.43021902
1783532917.9324,40,spine_6_joint,-0.0004334715,0.348061,0.007656903,0.5785531,0.38861367,0.5881231,0.4103252
1783532917.9324,40,spine_7_joint,0.00020876138,0.44763708,0.047058344,0.5607883,0.4109004,0.5766691,0.42910376
1783532917.9324,40,left_shoulder_1_joint,0.08940092,0.5557674,0.07801328,-0.5992718,0.020729188,-0.10646503,0.7931637
1783532917.9324,40,left_arm_joint,0.23103783,0.52766645,0.09175234,-0.3782555,0.33284947,-0.4701461,0.72463554
1783532917.9324,40,left_forearm_joint,0.32050177,0.27945498,0.05804697,-0.460415,0.19037573,-0.6453809,0.57901525
1783532917.9324,40,left_hand_joint,0.34581992,0.032205675,0.158221,0.7161641,-0.5404416,0.4008523,-0.18533614
1783532917.9324,40,left_handIndexStart_joint,0.33514678,0.012246329,0.17772003,0.6884568,-0.5517342,0.4461522,-0.15021636
1783532917.9324,40,left_handIndex_1_joint,0.33459067,-0.05952953,0.21374364,0.6884568,-0.5517342,0.4461522,-0.15021636
1783532917.9324,40,left_handIndex_2_joint,0.33426735,-0.101259686,0.23468761,0.6884568,-0.5517342,0.4461522,-0.15021636
1783532917.9324,40,left_handIndex_3_joint,0.3340863,-0.12462858,0.24641624,0.6884568,-0.5517342,0.4461522,-0.15021636
1783532917.9324,40,left_handIndexEnd_joint,0.333957,-0.14132065,0.25479382,0.6884568,-0.5517342,0.4461522,-0.15021636
1783532917.9324,40,left_handMidStart_joint,0.3451119,0.008429842,0.170684,0.7171811,-0.54011214,0.39873424,-0.18692563
1783532917.9324,40,left_handMid_1_joint,0.35260543,-0.061791457,0.19881007,0.7171811,-0.54011214,0.39873424,-0.18692563
1783532917.9324,40,left_handMid_2_joint,0.35787117,-0.111136146,0.21857435,0.7171811,-0.54011214,0.39873424,-0.18692563
1783532917.9324,40,left_handMid_3_joint,0.36090907,-0.13960424,0.22997682,0.7171811,-0.54011214,0.39873424,-0.18692563
1783532917.9324,40,left_handMidEnd_joint,0.36293432,-0.15858297,0.23757847,0.7171811,-0.54011214,0.39873424,-0.18692563
1783532917.9324,40,left_handPinkyStart_joint,0.36449626,0.0035361575,0.15146674,0.73640704,-0.54364574,0.31292996,-0.25343418
1783532917.9324,40,left_handPinky_1_joint,0.3780251,-0.057380915,0.16323552,0.73640704,-0.54364574,0.31292996,-0.25343418
1783532917.9324,40,left_handPinky_2_joint,0.38638118,-0.09500616,0.17050445,0.73640704,-0.54364574,0.31292996,-0.25343418
1783532917.9324,40,left_handPinky_3_joint,0.39075816,-0.11471462,0.174312,0.73640704,-0.54364574,0.31292996,-0.25343418
1783532917.9324,40,left_handPinkyEnd_joint,0.39473724,-0.1326314,0.1777734,0.73640704,-0.54364574,0.31292996,-0.25343418
1783532917.9324,40,left_handRingStart_joint,0.35409755,0.0056560133,0.16187117,0.72771156,-0.542372,0.3568473,-0.22119823
1783532917.9324,40,left_handRing_1_joint,0.3650632,-0.06051073,0.1813891,0.72771156,-0.542372,0.3568473,-0.22119823
1783532917.9324,40,left_handRing_2_joint,0.37280363,-0.10721666,0.19516647,0.72771156,-0.542372,0.3568473,-0.22119823
1783532917.9324,40,left_handRing_3_joint,0.37764144,-0.13640787,0.20377733,0.72771156,-0.542372,0.3568473,-0.22119823
1783532917.9324,40,left_handRingEnd_joint,0.38086662,-0.15586868,0.2095179,0.72771156,-0.542372,0.3568473,-0.22119823
1783532917.9324,40,left_handThumbStart_joint,0.32620278,0.010080514,0.1706797,0.3073117,-0.118052855,0.87600136,-0.35248384
1783532917.9324,40,left_handThumb_1_joint,0.29599354,-0.026977956,0.19512013,0.3073117,-0.118052855,0.87600136,-0.35248384
1783532917.9324,40,left_handThumb_2_joint,0.27439925,-0.053465076,0.21259065,0.3073117,-0.11805284,0.87600136,-0.35248384
1783532917.9324,40,left_handThumbEnd_joint,0.2600031,-0.07112316,0.22423767,0.3073117,-0.11805281,0.87600136,-0.35248384
1783532917.9324,40,neck_1_joint,7.553309e-05,0.5776962,0.080084085,0.6014901,0.3482963,0.61896425,0.3657627
1783532917.9324,40,neck_2_joint,-0.00019008905,0.60384965,0.09477851,0.5918442,0.36316296,0.610809,0.38045397
1783532917.9324,40,neck_3_joint,-0.0005880812,0.6396353,0.11264546,0.57473373,0.38742748,0.59798056,0.40249217
1783532917.9324,40,neck_4_joint,-0.001202543,0.67670333,0.1276649,0.5586178,0.4090679,0.5846837,0.4227936
1783532917.9324,40,head_joint,-0.0020423152,0.7206361,0.14242329,0.5019538,0.4752117,0.5341376,0.48673692
1783532917.9324,40,jaw_joint,-0.001700361,0.6953376,0.14556432,0.5019538,0.4752117,0.5341376,0.48673692
1783532917.9324,40,chin_joint,-0.0048774695,0.63803357,0.24151298,0.5019538,0.4752117,0.5341376,0.48673692
1783532917.9324,40,left_eye_joint,0.025765963,0.7473098,0.2325436,0.50607914,0.47081602,0.53836226,0.48206007
1783532917.9324,40,left_eyeLowerLid_joint,0.025765963,0.7473098,0.2325436,0.50607914,0.47081602,0.53836226,0.48206007
1783532917.9324,40,left_eyeUpperLid_joint,0.025765963,0.7473098,0.2325436,0.50607914,0.47081602,0.53836226,0.48206007
1783532917.9324,40,left_eyeball_joint,0.025765963,0.7473098,0.2325436,0.50607914,0.47081602,0.53836226,0.48206007
1783532917.9324,40,nose_joint,-0.0067613455,0.7124388,0.25201583,0.50608164,0.47081327,0.53836477,0.48205718
1783532917.9324,40,right_eye_joint,-0.038793463,0.7460805,0.2296717,0.50607914,0.47081602,0.53836226,0.48206007
1783532917.9324,40,right_eyeLowerLid_joint,-0.038793463,0.7460805,0.2296717,0.50607914,0.47081602,0.53836226,0.48206007
1783532917.9324,40,right_eyeUpperLid_joint,-0.038793463,0.7460805,0.2296717,0.50607914,0.47081602,0.53836226,0.48206007
1783532917.9324,40,right_eyeball_joint,-0.038793463,0.7460805,0.2296717,0.50607914,0.47081602,0.53836226,0.48206007
1783532917.9324,40,right_shoulder_1_joint,-0.08922621,0.55708355,0.07205164,0.79315495,0.10584235,0.057608955,0.5969787
1783532917.9324,40,right_arm_joint,-0.23006277,0.5227531,0.07712627,0.7112395,0.47654507,0.32256854,0.40372348
1783532917.9324,40,right_forearm_joint,-0.3198885,0.2731699,0.05742681,0.5606709,0.6599263,0.20658828,0.4554851
1783532917.9324,40,right_hand_joint,-0.33158195,0.02443983,0.15644655,0.17365399,0.4027126,0.5621423,0.7011868
1783532917.9324,40,right_handIndexStart_joint,-0.320958,0.005086436,0.17484485,0.13490827,0.44961816,0.57319474,0.6716332
1783532917.9324,40,right_handIndex_1_joint,-0.31602544,-0.06649156,0.21092811,0.13490827,0.44961816,0.57319474,0.6716332
1783532917.9324,40,right_handIndex_2_joint,-0.31315723,-0.10810697,0.23190637,0.13490827,0.44961816,0.57319474,0.6716332
1783532917.9324,40,right_handIndex_3_joint,-0.31155166,-0.13141172,0.24365489,0.13490827,0.44961816,0.57319474,0.6716332
1783532917.9324,40,right_handIndexEnd_joint,-0.31040475,-0.1480577,0.25204664,0.13490827,0.44961816,0.57319474,0.6716332
1783532917.9324,40,right_handMidStart_joint,-0.33063814,0.0006480789,0.16777597,0.17309928,0.40332144,0.5625625,0.70063686
1783532917.9324,40,right_handMid_1_joint,-0.3338088,-0.06988934,0.19593245,0.17309928,0.40332144,0.5625625,0.70063686
1783532917.9324,40,right_handMid_2_joint,-0.3360371,-0.11945545,0.21571827,0.17309928,0.40332144,0.5625625,0.70063686
1783532917.9324,40,right_handMid_3_joint,-0.33732244,-0.1480515,0.22713307,0.17309928,0.40332144,0.5625625,0.70063686
1783532917.9324,40,right_handMidEnd_joint,-0.3381796,-0.16711514,0.234743,0.17309928,0.40332144,0.5625625,0.70063686
1783532917.9324,40,right_handPinkyStart_joint,-0.3496082,-0.0054651233,0.1484946,0.24225682,0.31961554,0.5668463,0.71961296
1783532917.9324,40,right_handPinky_1_joint,-0.3593278,-0.0671038,0.1602647,0.24225682,0.31961554,0.5668463,0.71961296
1783532917.9324,40,right_handPinky_2_joint,-0.36533153,-0.105175406,0.16753507,0.24225682,0.31961554,0.5668463,0.71961296
1783532917.9324,40,right_handPinky_3_joint,-0.3684758,-0.12511747,0.17134267,0.24225684,0.31961554,0.5668463,0.71961296
1783532917.9324,40,right_handPinkyEnd_joint,-0.37133455,-0.1432464,0.17480436,0.24225682,0.31961554,0.5668463,0.71961296
1783532917.9324,40,right_handRingStart_joint,-0.33940044,-0.0026904345,0.15893406,0.20866282,0.36251375,0.56522745,0.71102864
1783532917.9324,40,right_handRing_1_joint,-0.34626022,-0.06940332,0.17846683,0.20866282,0.36251375,0.56522745,0.71102864
1783532917.9324,40,right_handRing_2_joint,-0.3511022,-0.1164944,0.19225435,0.20866282,0.36251375,0.56522745,0.71102864
1783532917.9324,40,right_handRing_3_joint,-0.35412884,-0.14592664,0.20087205,0.20866282,0.36251375,0.56522745,0.71102864
1783532917.9324,40,right_handRingEnd_joint,-0.35614598,-0.16554876,0.20661658,0.20866282,0.36251375,0.56522745,0.71102864
1783532917.9324,40,right_handThumbStart_joint,-0.31187022,0.0034821462,0.16783744,0.3244795,0.8861332,0.12796684,0.3051322
1783532917.9324,40,right_handThumb_1_joint,-0.27948132,-0.031592384,0.19241428,0.3244795,0.8861332,0.12796684,0.3051322
1783532917.9324,40,right_handThumb_2_joint,-0.25632954,-0.056661032,0.20998263,0.3244795,0.8861332,0.12796682,0.3051322
1783532917.9324,40,right_handThumbEnd_joint,-0.24089496,-0.07337373,0.2216941,0.3244795,0.8861332,0.12796678,0.3051322
1783532917.9324,40,camera,0.10985219,0.0728228,-0.035411827,-0.078931004,-0.077038705,-0.698033,0.7075203
1783532917.9654,41,root,-0.0004034894,0.02019585,-0.005155119,-0.06607563,-0.002811304,-0.0009443948,0.99781024
1783532917.9654,41,hips_joint,-0.0004034894,0.02019585,-0.005155119,-0.06607563,-0.002811304,-0.0009443948,0.99781024
1783532917.9654,41,left_upLeg_joint,0.10007313,-0.004590206,-0.0003349334,0.6297444,-0.352136,0.59738797,-0.3500713
1783532917.9654,41,left_leg_joint,0.11618263,-0.36748153,0.21268238,-0.19647801,0.6983441,-0.2630753,0.6360058
1783532917.9654,41,left_foot_joint,0.06414745,-0.64600563,-0.14626904,0.5853273,-0.42857838,0.59931177,-0.33843482
1783532917.9654,41,left_toes_joint,0.051374223,-0.7812331,-0.0849431,0.6559485,-0.30986977,0.65259385,-0.21870914
1783532917.9654,41,left_toesEnd_joint,0.048717923,-0.8232084,-0.041231804,0.6559486,-0.30986956,0.65259385,-0.21870932
1783532917.9654,41,right_upLeg_joint,-0.10100332,-0.004281163,-0.001488285,0.36696264,0.5885152,0.42002794,0.58529055
1783532917.9654,41,right_leg_joint,-0.08182375,-0.39320403,0.15879484,0.64908266,0.27075732,0.6691176,0.24013305
1783532917.9654,41,right_foot_joint,-0.062590234,-0.70089924,-0.17896722,0.3439921,0.6134221,0.37864926,0.60167086
1783532917.9654,41,right_toes_joint,-0.056729775,-0.8316998,-0.10778194,0.22149192,0.6675018,0.25774735,0.6625324
1783532917.9654,41,right_toesEnd_joint,-0.055274867,-0.87035376,-0.061055347,0.22149238,0.6675021,0.25774693,0.6625322
1783532917.9654,41,spine_1_joint,-0.00040350916,0.02019585,-0.005155119,0.45253843,0.5424814,0.46189466,0.5362612
1783532917.9654,41,spine_2_joint,-0.0012820959,0.07696484,-0.014580744,0.4567903,0.5396775,0.46736473,0.5307176
1783532917.9654,41,spine_3_joint,-0.0023965025,0.13389133,-0.022975253,0.47930443,0.51667297,0.49095428,0.5121331
1783532917.9654,41,spine_4_joint,-0.0032439898,0.18684764,-0.026083037,0.51548916,0.4773499,0.5252157,0.480163
1783532917.9654,41,spine_5_joint,-0.0037658976,0.2570834,-0.02045166,0.56258416,0.4182193,0.5694209,0.42936173
1783532917.9654,41,spine_6_joint,-0.0036129092,0.346972,0.0064981747,0.57468414,0.3968267,0.5861819,0.41067937
1783532917.9654,41,spine_7_joint,-0.003858528,0.44712067,0.04442536,0.5583527,0.41771302,0.57391185,0.42939878
1783532917.9654,41,left_shoulder_1_joint,0.08475689,0.5562441,0.07349415,-0.6025179,0.02254805,-0.084777474,0.7932695
1783532917.9654,41,left_arm_joint,0.22757415,0.5327933,0.0831235,-0.3991568,0.3368869,-0.435435,0.7331967
1783532917.9654,41,left_forearm_joint,0.3323215,0.29142115,0.044184405,-0.48878348,0.18289903,-0.6036722,0.6026763
1783532917.9654,41,left_hand_joint,0.38705596,0.048523843,0.14324555,0.7530598,-0.5093693,0.37204176,-0.1871601
1783532917.9654,41,left_handIndexStart_joint,0.37948847,0.027778659,0.16336702,0.7271555,-0.52086467,0.41978705,-0.15402526
1783532917.9654,41,left_handIndex_1_joint,0.3879177,-0.043441925,0.19951065,0.7271555,-0.52086467,0.41978705,-0.15402526
1783532917.9654,41,left_handIndex_2_joint,0.3928184,-0.08484924,0.22052439,0.7271555,-0.52086467,0.41978705,-0.15402526
1783532917.9654,41,left_handIndex_3_joint,0.3955628,-0.10803734,0.23229207,0.7271555,-0.52086467,0.41978705,-0.15402526
1783532917.9654,41,left_handIndexEnd_joint,0.3975231,-0.12460026,0.24069756,0.7271555,-0.52086467,0.41978705,-0.15402526
1783532917.9654,41,left_handMidStart_joint,0.3893579,0.024885565,0.15577751,0.7540024,-0.5090421,0.36982045,-0.18865184
1783532917.9654,41,left_handMid_1_joint,0.40518558,-0.044073027,0.18357062,0.7540024,-0.5090421,0.36982045,-0.18865184
1783532917.9654,41,left_handMid_2_joint,0.41630772,-0.09253042,0.20310092,0.7540024,-0.5090421,0.36982045,-0.18865184
1783532917.9654,41,left_handMid_3_joint,0.42272434,-0.1204866,0.21436842,0.7540024,-0.5090421,0.36982045,-0.18865184
1783532917.9654,41,left_handMidEnd_joint,0.4270021,-0.13912405,0.22188006,0.7540024,-0.5090421,0.36982045,-0.18865184
1783532917.9654,41,left_handPinkyStart_joint,0.40799633,0.021734262,0.13548759,0.7710685,-0.5137569,0.28039902,-0.25076634
1783532917.9654,41,left_handPinky_1_joint,0.4279904,-0.03750697,0.14658432,0.7710685,-0.5137569,0.28039902,-0.25076634
1783532917.9654,41,left_handPinky_2_joint,0.44033968,-0.07409714,0.15343818,0.7710685,-0.5137569,0.28039902,-0.25076634
1783532917.9654,41,left_handPinky_3_joint,0.44680834,-0.093263425,0.15702829,0.7710685,-0.5137569,0.28039902,-0.25076634
1783532917.9654,41,left_handPinkyEnd_joint,0.45268896,-0.11068731,0.16029203,0.7710685,-0.5137569,0.28039902,-0.25076634
1783532917.9654,41,left_handRingStart_joint,0.39805198,0.022922501,0.14646833,0.7635068,-0.5118742,0.32604903,-0.22075845
1783532917.9654,41,left_handRing_1_joint,0.41644764,-0.0417317,0.16545957,0.7635068,-0.5118742,0.32604903,-0.22075845
1783532917.9654,41,left_handRing_2_joint,0.42943278,-0.087369956,0.17886516,0.7635068,-0.5118742,0.32604903,-0.22075845
1783532917.9654,41,left_handRing_3_joint,0.43754852,-0.11589386,0.18724366,0.7635068,-0.5118742,0.32604903,-0.22075845
1783532917.9654,41,left_handRingEnd_joint,0.442959,-0.13490981,0.1928293,0.7635068,-0.5118742,0.32604903,-0.22075845
1783532917.9654,41,left_handThumbStart_joint,0.37040836,0.024708757,0.1568571,0.33849776,-0.11102584,0.8490772,-0.3900775
1783532917.9654,41,left_handThumb_1_joint,0.34536007,-0.014898241,0.18307027,0.33849776,-0.11102584,0.8490772,-0.3900775
1783532917.9654,41,left_handThumb_2_joint,0.3274547,-0.04320712,0.20180804,0.33849776,-0.111025825,0.8490772,-0.3900775
1783532917.9654,41,left_handThumbEnd_joint,0.31551775,-0.06207971,0.21429984,0.33849776,-0.11102579,0.8490772,-0.3900775
1783532917.9654,41,neck_1_joint,-0.00470561,0.57758045,0.07581994,0.59965783,0.35552895,0.6161787,0.36651537
1783532917.9654,41,neck_2_joint,-0.005070231,0.60392255,0.090171315,0.5897695,0.37046188,0.607934,0.3812431
1783532917.9654,41,neck_3_joint,-0.0056162905,0.6399431,0.10755571,0.57238245,0.39465836,0.59504724,0.4031653
1783532917.9654,41,neck_4_joint,-0.0064032055,0.677207,0.12207427,0.5560221,0.41620153,0.5817283,0.42333028
1783532917.9654,41,head_joint,-0.0074650166,0.7213293,0.13624147,0.49854827,0.48199064,0.5311243,0.48686984
1783532917.9654,41,jaw_joint,-0.0069275447,0.6960786,0.1397225,0.49854827,0.48199064,0.5311243,0.48686984
1783532917.9654,41,chin_joint,-0.009145324,0.64006156,0.23645504,0.49854827,0.48199064,0.5311243,0.48686984
1783532917.9654,41,left_eye_joint,0.020678999,0.7494157,0.22582676,0.5027329,0.4776244,0.5353502,0.48221928
1783532917.9654,41,left_eyeLowerLid_joint,0.020678999,0.7494157,0.22582676,0.5027329,0.4776244,0.5353502,0.48221928
1783532917.9654,41,left_eyeUpperLid_joint,0.020678999,0.7494157,0.22582676,0.5027329,0.4776244,0.5353502,0.48221928
1783532917.9654,41,left_eyeball_joint,0.020678999,0.7494157,0.22582676,0.5027329,0.4776244,0.5353502,0.48221928
1783532917.9654,41,nose_joint,-0.011489457,0.7145877,0.24596095,0.5027354,0.47762167,0.53535277,0.48221645
1783532917.9654,41,right_eye_joint,-0.04388588,0.7477004,0.22335319,0.5027329,0.4776244,0.5353502,0.48221928
1783532917.9654,41,right_eyeLowerLid_joint,-0.04388588,0.7477004,0.22335319,0.5027329,0.4776244,0.5353502,0.48221928
1783532917.9654,41,right_eyeUpperLid_joint,-0.04388588,0.7477004,0.22335319,0.5027329,0.4776244,0.5353502,0.48221928
1783532917.9654,41,right_eyeball_joint,-0.04388588,0.7477004,0.22335319,0.5027329,0.4776244,0.5353502,0.48221928
1783532917.9654,41,right_shoulder_1_joint,-0.093906894,0.5562529,0.06857606,0.7922666,0.09070361,0.056707747,0.6007251
1783532917.9654,41,right_arm_joint,-0.23563652,0.5255236,0.07134949,0.7187101,0.44634777,0.32581076,0.42199135
1783532917.9654,41,right_forearm_joint,-0.33916938,0.28172946,0.046980634,0.58193743,0.621649,0.19698878,0.48589787
1783532917.9654,41,right_hand_joint,-0.37922987,0.03654848,0.14742826,0.17233528,0.37792024,0.53143996,0.738274
1783532917.9654,41,right_handIndexStart_joint,-0.3714665,0.016562989,0.16656537,0.13567585,0.42742854,0.542494,0.71035004
1783532917.9654,41,right_handIndex_1_joint,-0.37516147,-0.05464857,0.2035113,0.13567585,0.42742854,0.542494,0.71035004
1783532917.9654,41,right_handIndex_2_joint,-0.3773093,-0.09605098,0.22499114,0.13567585,0.42742854,0.542494,0.71035004
1783532917.9654,41,right_handIndex_3_joint,-0.3785127,-0.11923638,0.23702051,0.13567585,0.42742854,0.542494,0.71035004
1783532917.9654,41,right_handIndexEnd_joint,-0.37937224,-0.13579711,0.24561284,0.13567585,0.42742854,0.542494,0.71035004
1783532917.9654,41,right_handMidStart_joint,-0.38111332,0.012933044,0.1590066,0.17180103,0.37857133,0.53186595,0.7377579
1783532917.9654,41,right_handMid_1_joint,-0.3923336,-0.056610182,0.18757603,0.17180103,0.37857133,0.53186595,0.7377579
1783532917.9654,41,right_handMid_2_joint,-0.4002183,-0.10547765,0.20765202,0.17180103,0.37857133,0.53186595,0.7377579
1783532917.9654,41,right_handMid_3_joint,-0.40476698,-0.13367066,0.21923421,0.17180103,0.37857133,0.53186595,0.7377579
1783532917.9654,41,right_handMidEnd_joint,-0.40779963,-0.15246557,0.22695576,0.17180103,0.37857133,0.53186595,0.7377579
1783532917.9654,41,right_handPinkyStart_joint,-0.39948136,0.008316197,0.13875058,0.23676531,0.29129526,0.5376703,0.75498337
1783532917.9654,41,right_handPinky_1_joint,-0.41549087,-0.05199681,0.1505136,0.23676531,0.29129526,0.5376703,0.75498337
1783532917.9654,41,right_handPinky_2_joint,-0.42537963,-0.08924956,0.15777959,0.23676531,0.29129526,0.5376703,0.75498337
1783532917.9654,41,right_handPinky_3_joint,-0.4305589,-0.108762756,0.16158491,0.23676533,0.29129526,0.5376703,0.75498337
1783532917.9654,41,right_handPinkyEnd_joint,-0.43526763,-0.12650178,0.16504452,0.23676531,0.29129526,0.5376703,0.75498337
1783532917.9654,41,right_handRingStart_joint,-0.38964865,0.010288832,0.14971903,0.20529501,0.33590955,0.5352699,0.74733186
1783532917.9654,41,right_handRing_1_joint,-0.40371,-0.055229414,0.16943786,0.20529501,0.33590955,0.5352699,0.74733186
1783532917.9654,41,right_handRing_2_joint,-0.4136354,-0.101477236,0.18335673,0.20529501,0.33590955,0.5352699,0.74733186
1783532917.9654,41,right_handRing_3_joint,-0.4198392,-0.1303824,0.19205652,0.20529501,0.33590955,0.5352699,0.74733186
1783532917.9654,41,right_handRingEnd_joint,-0.42397448,-0.1496532,0.19785582,0.20529501,0.33590955,0.5352699,0.74733186
1783532917.9654,41,right_handThumbStart_joint,-0.36219543,0.014031982,0.1600918,0.35958308,0.86213815,0.11756186,0.3370417
1783532917.9654,41,right_handThumb_1_joint,-0.33458614,-0.023518324,0.18675606,0.35958308,0.86213815,0.11756186,0.3370417
1783532917.9654,41,right_handThumb_2_joint,-0.3148506,-0.05035668,0.20581649,0.35958308,0.86213815,0.11756184,0.3370417
1783532917.9654,41,right_handThumbEnd_joint,-0.3016935,-0.068249196,0.2185227,0.35958308,0.86213815,0.117561825,0.3370417
1783532917.9654,41,camera,0.10978287,0.07292814,-0.035197485,-0.07861792,-0.07742638,-0.6977805,0.70776176
1783532917.9989,42,root,-0.00048347889,0.017382603,-0.007186937,-0.04888328,-0.0032323725,-0.0036749486,0.99879247
1783532917.9989,42,hips_joint,-0.00048347889,0.017382603,-0.007186937,-0.04888328,-0.0032323725,-0.0036749486,0.99879247
1783532917.9989,42,left_upLeg_joint,0.0998546,-0.008088493,-0.0031093298,0.6235189,-0.36774048,0.58181304,-0.37078896
1783532917.9989,42,left_leg_joint,0.12197118,-0.38288772,0.18757974,-0.23848727,0.685457,-0.28489083,0.6261865
1783532917.9989,42,left_foot_joint,0.07531297,-0.69556427,-0.1428528,0.6104501,-0.3925269,0.61042976,-0.3172515
1783532917.9989,42,left_toes_joint,0.06735408,-0.82470864,-0.06890109,0.673783,-0.26971015,0.65949523,-0.19580258
1783532917.9989,42,left_toesEnd_joint,0.06642301,-0.862422,-0.021398515,0.673783,-0.26970997,0.65949523,-0.1958028
1783532917.9989,42,right_upLeg_joint,-0.10121572,-0.006671121,-0.0044799093,0.3909424,0.5668543,0.42954895,0.5842328
1783532917.9989,42,right_leg_joint,-0.0963006,-0.40465805,0.13300362,0.6362863,0.28839308,0.6565109,0.28453913
1783532917.9989,42,right_foot_joint,-0.08333299,-0.74334264,-0.17400444,0.32304293,0.61941373,0.34134048,0.6288534
1783532917.9989,42,right_toes_joint,-0.08327736,-0.8669646,-0.090769365,0.19978684,0.6694142,0.2159628,0.68215084
1783532917.9989,42,right_toesEnd_joint,-0.08391363,-0.9010626,-0.04060429,0.1997873,0.6694144,0.21596235,0.6821507
1783532917.9989,42,spine_1_joint,-0.00048349868,0.017382603,-0.007186937,0.45999667,0.5359986,0.46822336,0.5309194
1783532917.9989,42,spine_2_joint,-0.0012348653,0.0743768,-0.0151512,0.46101853,0.5364518,0.47129118,0.5268451
1783532917.9989,42,spine_3_joint,-0.0023739482,0.13142456,-0.022673702,0.48019642,0.51679474,0.49192885,0.5102354
1783532917.9989,42,spine_4_joint,-0.0033364487,0.1843899,-0.02558791,0.5134947,0.48100004,0.5232568,0.4807953
1783532917.9989,42,spine_5_joint,-0.004062576,0.25466785,-0.020535931,0.5588861,0.4252701,0.56507605,0.43299013
1783532917.9989,42,spine_6_joint,-0.004098234,0.34505045,0.004708047,0.5707218,0.405512,0.5802171,0.4161546
1783532917.9989,42,spine_7_joint,-0.004342413,0.44609648,0.04017526,0.5557881,0.42520893,0.56691194,0.4346351
1783532917.9989,42,left_shoulder_1_joint,0.08462897,0.5557054,0.06616704,-0.61011666,0.026769312,-0.05819533,0.7897179
1783532917.9989,42,left_arm_joint,0.22848839,0.5376351,0.07033453,-0.43312594,0.33894452,-0.38497826,0.74115455
1783532917.9989,42,left_forearm_joint,0.35451716,0.30775148,0.02540082,-0.53410435,0.16263694,-0.53787553,0.6316419
1783532917.9989,42,left_hand_joint,0.4532584,0.079113975,0.12431047,0.80668664,-0.45358983,0.33168837,-0.18301809
1783532917.9989,42,left_handIndexStart_joint,0.45058414,0.058147028,0.145423,0.78331053,-0.4649633,0.38298932,-0.15346947
1783532917.9989,42,left_handIndex_1_joint,0.47260985,-0.0097937295,0.18214771,0.78331053,-0.4649633,0.38298932,-0.15346947
1783532917.9989,42,left_handIndex_2_joint,0.4854155,-0.04929417,0.20349929,0.78331053,-0.4649633,0.38298932,-0.15346947
1783532917.9989,42,left_handIndex_3_joint,0.49258667,-0.07141442,0.21545617,0.78331053,-0.4649633,0.38298932,-0.15346947
1783532917.9989,42,left_handIndexEnd_joint,0.49770892,-0.087214604,0.2239968,0.78331053,-0.4649633,0.38298932,-0.15346947
1783532917.9989,42,left_handMidStart_joint,0.4601242,0.056508083,0.1370757,0.8075276,-0.45328522,0.3293192,-0.18433797
1783532917.9989,42,left_handMid_1_joint,0.4884141,-0.008370051,0.16480237,0.8075276,-0.45328522,0.3293192,-0.18433797
1783532917.9989,42,left_handMid_2_joint,0.5082935,-0.05396009,0.18428598,0.8075276,-0.45328522,0.3293192,-0.18433797
1783532917.9989,42,left_handMid_3_joint,0.5197624,-0.08026203,0.19552653,0.8075276,-0.45328522,0.3293192,-0.18433797
1783532917.9989,42,left_handMidEnd_joint,0.5274083,-0.097796656,0.2030202,0.8075276,-0.45328522,0.3293192,-0.18433797
1783532917.9989,42,left_handPinkyStart_joint,0.47730437,0.055501964,0.115331024,0.8219566,-0.46049997,0.2349058,-0.23905307
1783532917.9989,42,left_handPinky_1_joint,0.50686544,0.00029821394,0.12587206,0.8219566,-0.46049997,0.2349058,-0.23905307
1783532917.9989,42,left_handPinky_2_joint,0.5251237,-0.03379822,0.13238269,0.8219566,-0.46049997,0.2349058,-0.23905307
1783532917.9989,42,left_handPinky_3_joint,0.5346876,-0.051658258,0.13579302,0.8219566,-0.46049997,0.2349058,-0.23905307
1783532917.9989,42,left_handPinkyEnd_joint,0.543382,-0.06789466,0.13889332,0.8219566,-0.46049997,0.2349058,-0.23905307
1783532917.9989,42,left_handRingStart_joint,0.46822527,0.055556543,0.12709734,0.81579894,-0.45732388,0.28293476,-0.21277875
1783532917.9989,42,left_handRing_1_joint,0.4976751,-0.0049749133,0.14574896,0.81579894,-0.45732388,0.28293476,-0.21277875
1783532917.9989,42,left_handRing_2_joint,0.51846313,-0.047703,0.1589148,0.81579894,-0.45732388,0.28293476,-0.21277875
1783532917.9989,42,left_handRing_3_joint,0.5314557,-0.07440806,0.16714345,0.81579894,-0.45732388,0.28293476,-0.21277875
1783532917.9989,42,left_handRingEnd_joint,0.5401174,-0.09221143,0.17262922,0.81579894,-0.45732388,0.28293476,-0.21277875
1783532917.9989,42,left_handThumbStart_joint,0.44157153,0.05354601,0.13977887,0.3864484,-0.09015119,0.80371356,-0.4433677
1783532917.9989,42,left_handThumb_1_joint,0.4250263,0.011534605,0.16884016,0.3864484,-0.09015119,0.80371356,-0.4433677
1783532917.9989,42,left_handThumb_2_joint,0.41319862,-0.018493084,0.18961376,0.3864484,-0.090151176,0.80371356,-0.4433677
1783532917.9989,42,left_handThumbEnd_joint,0.4053135,-0.03851155,0.20346282,0.3864484,-0.09015114,0.80371356,-0.4433677
1783532917.9989,42,neck_1_joint,-0.004784565,0.57723063,0.068630934,0.5977543,0.36344248,0.60974085,0.37257922
1783532917.9989,42,neck_2_joint,-0.0050170254,0.6038962,0.08237478,0.58761543,0.3784201,0.60132235,0.38719183
1783532917.9989,42,neck_3_joint,-0.0054002497,0.64031166,0.09892079,0.5699406,0.40255493,0.5882097,0.40881103
1783532917.9989,42,neck_4_joint,-0.0060435366,0.6779036,0.112574846,0.5533248,0.4240046,0.5747081,0.428675
1783532917.9989,42,head_joint,-0.0069571803,0.7223432,0.12572363,0.4949878,0.48945564,0.5235031,0.49128875
1783532917.9989,42,jaw_joint,-0.0064252303,0.69717926,0.12978458,0.4949878,0.48945564,0.5235031,0.49128875
1783532917.9989,42,chin_joint,-0.008046314,0.643419,0.22780092,0.4949878,0.48945564,0.5235031,0.49128875
1783532917.9989,42,left_eye_joint,0.021831542,0.75245833,0.21444084,0.49923766,0.4851201,0.5277679,0.4867045
1783532917.9989,42,left_eyeLowerLid_joint,0.021831542,0.75245833,0.21444084,0.49923766,0.4851201,0.5277679,0.4867045
1783532917.9989,42,left_eyeUpperLid_joint,0.021831542,0.75245833,0.21444084,0.49923766,0.4851201,0.5277679,0.4867045
1783532917.9989,42,left_eyeball_joint,0.021831542,0.75245833,0.21444084,0.49923766,0.4851201,0.5277679,0.4867045
1783532917.9989,42,nose_joint,-0.010238836,0.7181482,0.23559459,0.49924016,0.4851175,0.52777046,0.48670164
1783532917.9989,42,right_eye_joint,-0.042750653,0.7507714,0.21244745,0.49923766,0.4851201,0.5277679,0.4867045
1783532917.9989,42,right_eyeLowerLid_joint,-0.042750653,0.7507714,0.21244745,0.49923766,0.4851201,0.5277679,0.4867045
1783532917.9989,42,right_eyeUpperLid_joint,-0.042750653,0.7507714,0.21244745,0.49923766,0.4851201,0.5277679,0.4867045
1783532917.9989,42,right_eyeball_joint,-0.042750653,0.7507714,0.21244745,0.49923766,0.4851201,0.5277679,0.4867045
1783532917.9989,42,right_shoulder_1_joint,-0.09406444,0.5558871,0.062486175,0.78854173,0.066469274,0.050950915,0.6092516
1783532917.9989,42,right_arm_joint,-0.23707882,0.5316767,0.062578894,0.73075044,0.4006544,0.31829837,0.45184723
1783532917.9989,42,right_forearm_joint,-0.36377442,0.29941753,0.035149317,0.6094216,0.56909335,0.17131387,0.52477556
1783532917.9989,42,right_hand_joint,-0.44244215,0.06536167,0.13925265,0.17088802,0.35139894,0.47930628,0.7858635
1783532917.9989,42,right_handIndexStart_joint,-0.43856493,0.04516977,0.15933183,0.1377807,0.40423608,0.49040967,0.7596761
1783532917.9989,42,right_handIndex_1_joint,-0.4539991,-0.023615798,0.1978035,0.1377807,0.40423608,0.49040967,0.7596761
1783532917.9989,42,right_handIndex_2_joint,-0.46297204,-0.06360781,0.22017044,0.1377807,0.40423608,0.49040967,0.7596761
1783532917.9989,42,right_handIndex_3_joint,-0.4679976,-0.08600329,0.23269653,0.1377807,0.40423608,0.49040967,0.7596761
1783532917.9989,42,right_handIndexEnd_joint,-0.47158718,-0.10199981,0.24164367,0.1377807,0.40423608,0.49040967,0.7596761
1783532917.9989,42,right_handMidStart_joint,-0.4481733,0.04261648,0.15129855,0.17039461,0.35210598,0.4797407,0.78538895
1783532917.9989,42,right_handMid_1_joint,-0.47035018,-0.023787716,0.18091334,0.17039461,0.35210598,0.4797407,0.78538895
1783532917.9989,42,right_handMid_2_joint,-0.485934,-0.07044936,0.20172387,0.17039461,0.35210598,0.4797407,0.78538895
1783532917.9989,42,right_handMid_3_joint,-0.4949245,-0.097369805,0.21372987,0.17039461,0.35210598,0.4797407,0.78538895
1783532917.9989,42,right_handMidEnd_joint,-0.5009183,-0.11531631,0.22173393,0.17039464,0.35210598,0.4797407,0.78538895
1783532917.9989,42,right_handPinkyStart_joint,-0.4658244,0.039830208,0.13009284,0.22882986,0.26025409,0.48756573,0.80136395
1783532917.9989,42,right_handPinky_1_joint,-0.49053222,-0.017354846,0.1424105,0.22882986,0.26025409,0.48756573,0.80136395
1783532917.9989,42,right_handPinky_2_joint,-0.5057936,-0.05267553,0.15001903,0.22882986,0.26025409,0.48756573,0.80136395
1783532917.9989,42,right_handPinky_3_joint,-0.513787,-0.0711768,0.15400383,0.22882988,0.26025409,0.48756573,0.80136395
1783532917.9989,42,right_handPinkyEnd_joint,-0.52105397,-0.08799582,0.15762655,0.22882986,0.26025409,0.48756573,0.80136395
1783532917.9989,42,right_handRingStart_joint,-0.45645046,0.040831927,0.14158222,0.20065838,0.30706418,0.48410365,0.7944126
1783532917.9989,42,right_handRing_1_joint,-0.48038936,-0.021502223,0.16209017,0.20065838,0.30706418,0.48410365,0.7944126
1783532917.9989,42,right_handRing_2_joint,-0.4972871,-0.0655025,0.17656606,0.20065838,0.30706418,0.48410365,0.7944126
1783532917.9989,42,right_handRing_3_joint,-0.5078487,-0.09300287,0.18561397,0.20065838,0.30706418,0.48410365,0.7944126
1783532917.9989,42,right_handRingEnd_joint,-0.5148892,-0.11133722,0.19164541,0.20065838,0.30706418,0.48410365,0.7944126
1783532917.9989,42,right_handThumbStart_joint,-0.42937374,0.04119977,0.15349865,0.40855157,0.82716215,0.0921019,0.37470737
1783532917.9989,42,right_handThumb_1_joint,-0.40868318,0.001199379,0.1827416,0.40855157,0.82716215,0.09210188,0.37470737
1783532917.9989,42,right_handThumb_2_joint,-0.39389288,-0.027390348,0.20364524,0.40855157,0.82716215,0.092101865,0.37470737
1783532917.9989,42,right_handThumbEnd_joint,-0.38403258,-0.04645048,0.21758026,0.40855154,0.82716215,0.09210185,0.37470737
1783532917.9989,42,camera,0.10979655,0.07312205,-0.03504244,-0.07858008,-0.0777048,-0.6975238,0.70798856
1783532918.0321,43,root,-0.0004124274,0.01426314,-0.009627055,-0.027363854,-0.006629364,-0.0068055727,0.99958044
1783532918.0321,43,hips_joint,-0.0004124274,0.01426314,-0.009627055,-0.027363854,-0.006629364,-0.0068055727,0.99958044
1783532918.0321,43,left_upLeg_joint,0.09974817,-0.011954499,-0.00593608,0.6138209,-0.3830169,0.56609267,-0.39504582
1783532918.0321,43,left_leg_joint,0.12740374,-0.39830306,0.1592789,-0.28814074,0.66288316,-0.3124063,0.6164116
1783532918.0321,43,left_foot_joint,0.093552336,-0.74912536,-0.13210955,0.63561666,-0.34413594,0.62606233,-0.2925884
1783532918.0321,43,left_toes_joint,0.0904574,-0.86892223,-0.043511514,0.6893216,-0.21742633,0.67016983,-0.16862358
1783532918.0321,43,left_toesEnd_joint,0.0908943,-0.9008154,0.008085957,0.68932164,-0.2174261,0.6701698,-0.1686238
1783532918.0321,43,right_upLeg_joint,-0.10129546,-0.0092868935,-0.008675686,0.41981468,0.534293,0.442366,0.5853198
1783532918.0321,43,right_leg_joint,-0.11716513,-0.41625625,0.098299295,0.61427283,0.31114432,0.63766986,0.34530526
1783532918.0321,43,right_foot_joint,-0.11402362,-0.79245347,-0.16169189,0.2916832,0.6237483,0.28903514,0.66507
1783532918.0321,43,right_toes_joint,-0.12218961,-0.9039786,-0.063173085,0.16817406,0.66772646,0.15774126,0.7077973
1783532918.0321,43,right_toesEnd_joint,-0.12573934,-0.9311473,-0.0090539595,0.16817452,0.66772646,0.15774077,0.7077972
1783532918.0321,43,spine_1_joint,-0.00041244717,0.01426314,-0.009627055,0.46962667,0.525432,0.4768941,0.5253041
1783532918.0321,43,spine_2_joint,-0.000816085,0.07150191,-0.015618243,0.46808323,0.5296224,0.4764259,0.52289265
1783532918.0321,43,spine_3_joint,-0.0016772434,0.12871256,-0.021825748,0.48385477,0.51431274,0.49285337,0.5083923
1783532918.0321,43,spine_4_joint,-0.0024647734,0.18170474,-0.024266586,0.5136806,0.48347962,0.51995647,0.4816902
1783532918.0321,43,spine_5_joint,-0.0030438348,0.25201526,-0.019668873,0.556261,0.4333281,0.5580833,0.4374287
1783532918.0321,43,spine_6_joint,-0.0028996298,0.34293813,0.0035539865,0.565962,0.4186793,0.5701993,0.4234002
1783532918.0321,43,spine_7_joint,-0.0029917355,0.44518343,0.03540015,0.5489538,0.44193572,0.5544287,0.44266447
1783532918.0321,43,left_shoulder_1_joint,0.08580594,0.5562073,0.055256914,-0.6317967,0.024323285,-0.02300695,0.774411
1783532918.0321,43,left_arm_joint,0.23053053,0.54658055,0.054009337,-0.49228436,0.31956863,-0.31917974,0.7440811
1783532918.0321,43,left_forearm_joint,0.38799462,0.33655015,0.01110157,-0.59977263,0.10414152,-0.44958293,0.6536843
1783532918.0321,43,left_hand_joint,0.54182553,0.1455696,0.11913206,0.87239695,-0.35373744,0.29637837,-0.16110185
1783532918.0321,43,left_handIndexStart_joint,0.5454046,0.12678175,0.14208226,0.85122263,-0.36393976,0.35201845,-0.13802694
1783532918.0321,43,left_handIndex_1_joint,0.5845369,0.06921807,0.18214318,0.85122263,-0.36393976,0.35201845,-0.13802694
1783532918.0321,43,left_handIndex_2_joint,0.6072882,0.03575082,0.20543441,0.85122263,-0.36393976,0.35201845,-0.13802694
1783532918.0321,43,left_handIndex_3_joint,0.6200289,0.017009158,0.21847752,0.85122263,-0.36393976,0.35201845,-0.13802694
1783532918.0321,43,left_handIndexEnd_joint,0.62912947,0.0036222565,0.227794,0.85122263,-0.36393976,0.35201845,-0.13802694
1783532918.0321,43,left_handMidStart_joint,0.55443573,0.1263734,0.1330463,0.87316024,-0.35350937,0.29383403,-0.16212498
1783532918.0321,43,left_handMid_1_joint,0.5983256,0.07220396,0.16333845,0.87316024,-0.35350937,0.29383403,-0.16212498
1783532918.0321,43,left_handMid_2_joint,0.62916714,0.03413895,0.18462482,0.87316024,-0.35350937,0.29383403,-0.16212498
1783532918.0321,43,left_handMid_3_joint,0.64696026,0.012178371,0.19690542,0.87316024,-0.35350937,0.29383403,-0.16212498
1783532918.0321,43,left_handMidEnd_joint,0.6588224,-0.0024620162,0.20509249,0.87316024,-0.35350937,0.29383403,-0.16212498
1783532918.0321,43,left_handPinkyStart_joint,0.56977916,0.1268431,0.10995165,0.886865,-0.3658001,0.19391514,-0.2050811
1783532918.0321,43,left_handPinky_1_joint,0.61151063,0.08059078,0.12226556,0.886865,-0.3658001,0.19391514,-0.2050811
1783532918.0321,43,left_handPinky_2_joint,0.63728595,0.052023172,0.12987122,0.886865,-0.3658001,0.19391514,-0.2050811
1783532918.0321,43,left_handPinky_3_joint,0.65078735,0.037059188,0.13385513,0.886865,-0.3658001,0.19391514,-0.2050811
1783532918.0321,43,left_handPinkyEnd_joint,0.66306126,0.023455568,0.13747688,0.886865,-0.3658001,0.19391514,-0.2050811
1783532918.0321,43,left_handRingStart_joint,0.56179637,0.12615937,0.12246913,0.88119346,-0.35997376,0.24454746,-0.18470016
1783532918.0321,43,left_handRing_1_joint,0.6051903,0.075534575,0.14328577,0.88119346,-0.35997376,0.24454746,-0.18470016
1783532918.0321,43,left_handRing_2_joint,0.6358212,0.039799426,0.15797986,0.88119346,-0.35997376,0.24454746,-0.18470016
1783532918.0321,43,left_handRing_3_joint,0.65496564,0.017464962,0.16716367,0.88119346,-0.35997376,0.24454746,-0.18470016
1783532918.0321,43,left_handRingEnd_joint,0.66772854,0.0025753165,0.17328623,0.88119346,-0.35997376,0.24454746,-0.18470016
1783532918.0321,43,left_handThumbStart_joint,0.5372463,0.119811855,0.1377102,-0.44769612,0.028070644,-0.736718,0.5059919
1783532918.0321,43,left_handThumb_1_joint,0.5325726,0.07842784,0.17160392,-0.44769612,0.028070644,-0.736718,0.5059919
1783532918.0321,43,left_handThumb_2_joint,0.52923036,0.04884835,0.19583167,-0.44769612,0.028070644,-0.736718,0.5059919
1783532918.0321,43,left_handThumbEnd_joint,0.52700216,0.029128693,0.21198352,-0.44769606,0.028070616,-0.736718,0.5059919
1783532918.0321,43,neck_1_joint,-0.0036667367,0.5774503,0.05800824,0.59328806,0.38011935,0.5982594,0.38158163
1783532918.0321,43,neck_2_joint,-0.0038110418,0.6046786,0.07060186,0.5832125,0.39446232,0.5896846,0.39564508
1783532918.0321,43,neck_3_joint,-0.0040773223,0.6417475,0.0856294,0.56523526,0.4181425,0.5763011,0.41658533
1783532918.0321,43,neck_4_joint,-0.0046346113,0.67986166,0.097753696,0.54815316,0.4393677,0.5625417,0.4359255
1783532918.0321,43,head_joint,-0.005487268,0.72479445,0.10910808,0.48810577,0.50414735,0.51053166,0.49693668
1783532918.0321,43,jaw_joint,-0.004823162,0.6998166,0.11417428,0.48810577,0.50414735,0.51053166,0.49693668
1783532918.0321,43,chin_joint,-0.004867413,0.6500607,0.214296,0.48810577,0.50414735,0.51053166,0.49693668
1783532918.0321,43,left_eye_joint,0.024495678,0.75853986,0.19610651,0.49248394,0.49987122,0.51484615,0.49246523
1783532918.0321,43,left_eyeLowerLid_joint,0.024495678,0.75853986,0.19610651,0.49248394,0.49987122,0.51484615,0.49246523
1783532918.0321,43,left_eyeUpperLid_joint,0.024495678,0.75853986,0.19610651,0.49248394,0.49987122,0.51484615,0.49246523
1783532918.0321,43,left_eyeball_joint,0.024495678,0.75853986,0.19610651,0.49248394,0.49987122,0.51484615,0.49246523
1783532918.0321,43,nose_joint,-0.007164722,0.72503865,0.21909504,0.49248654,0.49986863,0.51484877,0.49246252
1783532918.0321,43,right_eye_joint,-0.04010345,0.7566234,0.19512555,0.49248394,0.49987122,0.51484615,0.49246523
1783532918.0321,43,right_eyeLowerLid_joint,-0.04010345,0.7566234,0.19512555,0.49248394,0.49987122,0.51484615,0.49246523
1783532918.0321,43,right_eyeUpperLid_joint,-0.04010345,0.7566234,0.19512555,0.49248394,0.49987122,0.51484615,0.49246523
1783532918.0321,43,right_eyeball_joint,-0.04010345,0.7566234,0.19512555,0.49248394,0.49987122,0.51484615,0.49246523
1783532918.0321,43,right_shoulder_1_joint,-0.09292011,0.5554851,0.05406194,0.7694021,0.045276497,0.038898587,0.63596994
1783532918.0321,43,right_arm_joint,-0.23693565,0.5382027,0.053732924,0.73310816,0.34776968,0.28274536,0.5115315
1783532918.0321,43,right_forearm_joint,-0.39605448,0.3256344,0.03809951,0.6276427,0.4970405,0.100808315,0.59063834
1783532918.0321,43,right_hand_joint,-0.5261749,0.12652948,0.16152658,0.1458026,0.3362862,0.37963548,0.8494294
1783532918.0321,43,right_handIndexStart_joint,-0.5274896,0.108570136,0.1839242,0.11956391,0.3935399,0.38929212,0.82418615
1783532918.0321,43,right_handIndex_1_joint,-0.5585821,0.049477357,0.22854528,0.11956391,0.3935399,0.38929212,0.82418615
1783532918.0321,43,right_handIndex_2_joint,-0.57665884,0.015120583,0.25448754,0.11956391,0.3935399,0.38929212,0.82418615
1783532918.0321,43,right_handIndex_3_joint,-0.5867825,-0.004118947,0.26901576,0.11956391,0.3935399,0.38929212,0.82418615
1783532918.0321,43,right_handIndexEnd_joint,-0.5940136,-0.017861258,0.279393,0.11956391,0.3935399,0.38929212,0.82418615
1783532918.0321,43,right_handMidStart_joint,-0.5370384,0.107032746,0.17556778,0.14540039,0.33707783,0.38005972,0.84899485
1783532918.0321,43,right_handMid_1_joint,-0.5738198,0.050525773,0.21067417,0.14540039,0.33707783,0.38005972,0.84899485
1783532918.0321,43,right_handMid_2_joint,-0.5996661,0.0108189555,0.23534359,0.14540039,0.33707783,0.38005972,0.84899485
1783532918.0321,43,right_handMid_3_joint,-0.61457735,-0.012089123,0.24957591,0.14540039,0.33707783,0.38005972,0.84899485
1783532918.0321,43,right_handMidEnd_joint,-0.6245182,-0.0273607,0.2590641,0.1454004,0.33707783,0.38005972,0.84899485
1783532918.0321,43,right_handPinkyStart_joint,-0.5538892,0.105274044,0.15361413,0.19282094,0.23990393,0.39325505,0.8663815
1783532918.0321,43,right_handPinky_1_joint,-0.5904398,0.056128696,0.17038088,0.19282094,0.23990393,0.39325505,0.8663815
1783532918.0321,43,right_handPinky_2_joint,-0.6130159,0.025773918,0.18073739,0.19282094,0.23990393,0.39325505,0.8663815
1783532918.0321,43,right_handPinky_3_joint,-0.6248408,0.009873639,0.18616165,0.19282095,0.23990393,0.39325505,0.8663815
1783532918.0321,43,right_handPinkyEnd_joint,-0.635591,-0.0045807837,0.19109292,0.19282094,0.23990393,0.39325505,0.8663815
1783532918.0321,43,right_handRingStart_joint,-0.54504967,0.1057711,0.16555128,0.17016605,0.28925714,0.38697705,0.8588497
1783532918.0321,43,right_handRing_1_joint,-0.5822916,0.05246403,0.191058,0.17016605,0.28925714,0.38697705,0.8588497
1783532918.0321,43,right_handRing_2_joint,-0.60857964,0.014835703,0.20906244,0.17016605,0.28925714,0.38697705,0.8588497
1783532918.0321,43,right_handRing_3_joint,-0.6250102,-0.008682039,0.22031567,0.17016605,0.28925714,0.38697705,0.8588497
1783532918.0321,43,right_handRingEnd_joint,-0.6359635,-0.024361448,0.22781743,0.17016605,0.28925714,0.38697705,0.8588497
1783532918.0321,43,right_handThumbStart_joint,-0.5190609,0.10215994,0.17921972,0.46580127,0.7735572,0.016648693,0.42937365
1783532918.0321,43,right_handThumb_1_joint,-0.50846684,0.06269429,0.21405521,0.46580127,0.7735572,0.016648693,0.42937365
1783532918.0321,43,right_handThumb_2_joint,-0.50089306,0.034486674,0.23895615,0.46580127,0.7735572,0.016648674,0.42937365
1783532918.0321,43,right_handThumbEnd_joint,-0.49584377,0.015681177,0.2555561,0.46580127,0.7735572,0.016648654,0.42937365
1783532918.0321,43,camera,0.10909756,0.073068194,-0.03399822,-0.07847721,-0.07734381,-0.6973925,0.7081687
1783532918.0654,44,root,-0.0008082191,0.013155497,-0.00873941,-0.0068476,-0.00909845,-0.007420251,0.9999076
1783532918.0654,44,hips_joint,-0.0008082191,0.013155497,-0.00873941,-0.0068476,-0.00909845,-0.007420251,0.9999076
1783532918.0654,44,left_upLeg_joint,0.09931295,-0.013284016,-0.0056030247,0.60475695,-0.38834605,0.55011636,-0.42523918
1783532918.0654,44,left_leg_joint,0.13852529,-0.40809646,0.13550512,-0.33535573,0.6281304,-0.32544276,0.6221543
1783532918.0654,44,left_foot_joint,0.13810396,-0.78594387,-0.122100286,0.6513532,-0.28766143,0.6398661,-0.28906983
1783532918.0654,44,left_toes_joint,0.1404355,-0.8969234,-0.02265892,0.6940689,-0.15899289,0.6830568,-0.16255246
1783532918.0654,44,left_toesEnd_joint,0.14142522,-0.92378193,0.031722188,0.69406897,-0.1589927,0.6830567,-0.16255267
1783532918.0654,44,right_upLeg_joint,-0.10171155,-0.010320455,-0.009281725,0.44273895,0.5086253,0.45074573,0.58490235
1783532918.0654,44,right_leg_joint,-0.1338229,-0.4220068,0.07319648,0.60574937,0.3158588,0.62314457,0.38077775
1783532918.0654,44,right_foot_joint,-0.14472783,-0.81402004,-0.16203961,0.2820661,0.6222034,0.2557252,0.68403673
1783532918.0654,44,right_toes_joint,-0.1588762,-0.91846985,-0.056680545,0.15902403,0.66438663,0.12144021,0.72010684
1783532918.0654,44,right_toesEnd_joint,-0.16419517,-0.9418971,-0.0009805583,0.1590245,0.6643867,0.12143974,0.7201068
1783532918.0654,44,spine_1_joint,-0.0008082388,0.013155497,-0.008739411,0.47828442,0.5138855,0.48955098,0.5172095
1783532918.0654,44,spine_2_joint,-0.001238551,0.0705914,-0.012381572,0.47386745,0.51973534,0.48836482,0.51655084
1783532918.0654,44,spine_3_joint,-0.0022313402,0.12797746,-0.016646188,0.4849681,0.5074696,0.50227296,0.5049777
1783532918.0654,44,spine_4_joint,-0.0032715749,0.18100442,-0.017991057,0.5089333,0.48135203,0.52582103,0.48249283
1783532918.0654,44,spine_5_joint,-0.0044226884,0.25129706,-0.013230558,0.5453631,0.4379256,0.5599765,0.44410175
1783532918.0654,44,spine_6_joint,-0.005434985,0.34267187,0.008121269,0.5487928,0.4307114,0.56737334,0.43749446
1783532918.0654,44,spine_7_joint,-0.0070381593,0.4462809,0.03515621,0.5247556,0.46023932,0.54525405,0.46422967
1783532918.0654,44,left_shoulder_1_joint,0.08037418,0.5593589,0.04850008,-0.6829089,-0.013314486,0.022403212,0.7300385
1783532918.0654,44,left_arm_joint,0.22522694,0.5667413,0.046881538,-0.60596234,0.22730134,-0.22044359,0.72975916
1783532918.0654,44,left_forearm_joint,0.43787706,0.4078906,0.029701624,-0.6966884,-0.061977845,-0.30078393,0.6483155
1783532918.0654,44,left_hand_joint,0.6553016,0.32652214,0.16354415,0.9465663,-0.13151908,0.27751577,-0.09848848
1783532918.0654,44,left_handIndexStart_joint,0.6660768,0.31713453,0.18977904,0.92658275,-0.13818224,0.33803865,-0.08988898
1783532918.0654,44,left_handIndex_1_joint,0.72496617,0.2916884,0.23809382,0.92658275,-0.13818224,0.33803865,-0.08988898
1783532918.0654,44,left_handIndex_2_joint,0.7592042,0.27689415,0.26618382,0.92658275,-0.13818224,0.33803865,-0.08988898
1783532918.0654,44,left_handIndex_3_joint,0.77837753,0.26860937,0.2819142,0.92658275,-0.13818224,0.33803865,-0.08988898
1783532918.0654,44,left_handIndexEnd_joint,0.7920727,0.26269168,0.29315022,0.92658275,-0.13818224,0.33803865,-0.08988898
1783532918.0654,44,left_handMidStart_joint,0.6745358,0.3180057,0.1802364,0.9473259,-0.13148698,0.27478978,-0.09887053
1783532918.0654,44,left_handMid_1_joint,0.73644257,0.2949383,0.21783566,0.9473259,-0.13148698,0.27478978,-0.09887053
1783532918.0654,44,left_handMid_2_joint,0.7799446,0.27872875,0.24425678,0.9473259,-0.13148698,0.27478978,-0.09887053
1783532918.0654,44,left_handMid_3_joint,0.80504197,0.2693771,0.25949973,0.9473259,-0.13148698,0.27478978,-0.09887053
1783532918.0654,44,left_handMidEnd_joint,0.8217735,0.26314268,0.2696617,0.9473259,-0.13148698,0.27478978,-0.09887053
1783532918.0654,44,left_handPinkyStart_joint,0.688464,0.31854662,0.15626316,0.9660652,-0.15424106,0.17024449,-0.11808641
1783532918.0654,44,left_handPinky_1_joint,0.745263,0.29706913,0.17483775,0.9660652,-0.15424106,0.17024449,-0.11808641
1783532918.0654,44,left_handPinky_2_joint,0.78034467,0.2838036,0.1863103,0.9660652,-0.15424106,0.17024449,-0.11808641
1783532918.0654,44,left_handPinky_3_joint,0.79872084,0.276855,0.19231974,0.9660652,-0.15424106,0.17024449,-0.11808641
1783532918.0654,44,left_handPinkyEnd_joint,0.8154264,0.2705381,0.19778286,0.9660652,-0.15424106,0.17024449,-0.11808641
1783532918.0654,44,left_handRingStart_joint,0.681393,0.31800413,0.16932403,0.95806146,-0.14287454,0.22295646,-0.10952433
1783532918.0654,44,left_handRing_1_joint,0.7414482,0.2954698,0.19697933,0.95806146,-0.14287454,0.22295646,-0.10952433
1783532918.0654,44,left_handRing_2_joint,0.78384006,0.27956322,0.21650071,0.95806146,-0.14287454,0.22295646,-0.10952433
1783532918.0654,44,left_handRing_3_joint,0.810335,0.26962158,0.22870159,0.95806146,-0.14287454,0.22295646,-0.10952433
1783532918.0654,44,left_handRingEnd_joint,0.8279983,0.26299384,0.2368355,0.95806146,-0.14287454,0.22295646,-0.10952433
1783532918.0654,44,left_handThumbStart_joint,0.661437,0.3066686,0.18799347,-0.5220908,-0.14445782,-0.6038433,0.58474475
1783532918.0654,44,left_handThumb_1_joint,0.67373663,0.27684775,0.2309201,-0.5220908,-0.14445782,-0.6038433,0.58474475
1783532918.0654,44,left_handThumb_2_joint,0.6825263,0.25553295,0.2616043,-0.5220908,-0.14445783,-0.6038433,0.58474475
1783532918.0654,44,left_handThumbEnd_joint,0.6883861,0.24132308,0.2820604,-0.5220908,-0.14445783,-0.6038433,0.58474475
1783532918.0654,44,neck_1_joint,-0.009317374,0.57983613,0.04795844,0.57490224,0.39547494,0.5955141,0.3980576
1783532918.0654,44,neck_2_joint,-0.009979622,0.6077006,0.059054874,0.5676287,0.4050042,0.589809,0.40730128
1783532918.0654,44,neck_3_joint,-0.010931866,0.64531034,0.072641574,0.5515952,0.42511657,0.57824856,0.42502606
1783532918.0654,44,neck_4_joint,-0.012139504,0.6837314,0.08370345,0.5353915,0.44451353,0.5652744,0.4429769
1783532918.0654,44,head_joint,-0.01370817,0.7288917,0.09403257,0.47480232,0.50778556,0.5123228,0.504224
1783532918.0654,44,jaw_joint,-0.012864401,0.70404136,0.09966742,0.47480232,0.50778556,0.5123228,0.504224
1783532918.0654,44,chin_joint,-0.014277847,0.6565166,0.20085737,0.47480232,0.50778556,0.5123228,0.504224
1783532918.0654,44,left_eye_joint,0.014223883,0.7648975,0.18080719,0.4792128,0.50362545,0.51670074,0.49973667
1783532918.0654,44,left_eyeLowerLid_joint,0.014223883,0.7648975,0.18080719,0.4792128,0.50362545,0.51670074,0.49973667
1783532918.0654,44,left_eyeUpperLid_joint,0.014223883,0.7648975,0.18080719,0.4792128,0.50362545,0.51670074,0.49973667
1783532918.0654,44,left_eyeball_joint,0.014223883,0.7648975,0.18080719,0.4792128,0.50362545,0.51670074,0.49973667
1783532918.0654,44,nose_joint,-0.017498245,0.73155105,0.20393509,0.47921547,0.503623,0.5167034,0.499734
1783532918.0654,44,right_eye_joint,-0.050319284,0.76221603,0.17864624,0.4792128,0.50362545,0.51670074,0.49973667
1783532918.0654,44,right_eyeLowerLid_joint,-0.050319284,0.76221603,0.17864624,0.4792128,0.50362545,0.51670074,0.49973667
1783532918.0654,44,right_eyeUpperLid_joint,-0.050319284,0.76221603,0.17864624,0.4792128,0.50362545,0.51670074,0.49973667
1783532918.0654,44,right_eyeball_joint,-0.050319284,0.76221603,0.17864624,0.4792128,0.50362545,0.51670074,0.49973667
1783532918.0654,44,right_shoulder_1_joint,-0.09827928,0.5567347,0.04392047,0.7200726,-0.007129251,0.025779186,0.693383
1783532918.0654,44,right_arm_joint,-0.24312094,0.5530385,0.037101362,0.69871,0.24950431,0.2251553,0.6315513
1783532918.0654,44,right_forearm_joint,-0.44902205,0.38465437,0.03723782,0.6041265,0.35150734,-0.04551475,0.71372414
1783532918.0654,44,right_hand_joint,-0.6496629,0.28825462,0.186431,0.05294707,0.30811772,0.17519267,0.9335779
1783532918.0654,44,right_handIndexStart_joint,-0.65873337,0.2796219,0.21229841,0.04090157,0.37128243,0.17901799,0.91018075
1783532918.0654,44,right_handIndex_1_joint,-0.71175444,0.25101125,0.26540145,0.04090157,0.37128243,0.17901799,0.91018075
1783532918.0654,44,right_handIndex_2_joint,-0.74258053,0.23437652,0.2962753,0.04090157,0.37128243,0.17901799,0.91018075
1783532918.0654,44,right_handIndex_3_joint,-0.7598437,0.22506171,0.313565,0.04090157,0.37128243,0.17901799,0.91018075
1783532918.0654,44,right_handIndexEnd_joint,-0.77217436,0.21840839,0.32591465,0.04090157,0.37128243,0.17901799,0.91018075
1783532918.0654,44,right_handMidStart_joint,-0.6676789,0.278803,0.20320554,0.05273824,0.30904645,0.17554082,0.9332172
1783532918.0654,44,right_handMid_1_joint,-0.7244893,0.25141966,0.24564491,0.05273824,0.30904645,0.17554082,0.9332172
1783532918.0654,44,right_handMid_2_joint,-0.7644098,0.232178,0.27546704,0.05273824,0.30904645,0.17554082,0.9332172
1783532918.0654,44,right_handMid_3_joint,-0.78744084,0.22107673,0.29267216,0.05273824,0.30904645,0.17554082,0.9332172
1783532918.0654,44,right_handMidEnd_joint,-0.80279475,0.21367632,0.3041421,0.05273825,0.30904645,0.17554082,0.9332172
1783532918.0654,44,right_handPinkyStart_joint,-0.6826948,0.27597263,0.18006429,0.078077324,0.20720702,0.20248133,0.95392376
1783532918.0654,44,right_handPinky_1_joint,-0.7355358,0.24938749,0.20315951,0.078077324,0.20720702,0.20248133,0.95392376
1783532918.0654,44,right_handPinky_2_joint,-0.76817375,0.2329674,0.2174247,0.078077324,0.20720702,0.20248133,0.95392376
1783532918.0654,44,right_handPinky_3_joint,-0.7852692,0.22436588,0.22489657,0.07807733,0.20720702,0.20248133,0.95392376
1783532918.0654,44,right_handPinkyEnd_joint,-0.8008107,0.21654676,0.23168914,0.078077324,0.20720702,0.20248133,0.95392376
1783532918.0654,44,right_handRingStart_joint,-0.6749973,0.2772085,0.19271742,0.06637745,0.25866297,0.18906066,0.94495696
1783532918.0654,44,right_handRing_1_joint,-0.7305081,0.24985167,0.22511111,0.06637745,0.25866297,0.18906066,0.94495696
1783532918.0654,44,right_handRing_2_joint,-0.76969177,0.23054093,0.24797699,0.06637745,0.25866297,0.18906066,0.94495696
1783532918.0654,44,right_handRing_3_joint,-0.7941821,0.21847202,0.2622685,0.06637745,0.25866297,0.18906066,0.94495696
1783532918.0654,44,right_handRingEnd_joint,-0.81050897,0.210425,0.27179614,0.06637745,0.25866297,0.18906066,0.94495696
1783532918.0654,44,right_handThumbStart_joint,-0.6529534,0.2696697,0.21095249,0.5252711,0.64559436,-0.14902744,0.53393763
1783532918.0654,44,right_handThumb_1_joint,-0.6595068,0.24179555,0.25637674,0.5252711,0.64559436,-0.14902744,0.53393763
1783532918.0654,44,right_handThumb_2_joint,-0.6641893,0.22187304,0.28884608,0.5252711,0.64559436,-0.14902744,0.53393763
1783532918.0654,44,right_handThumbEnd_joint,-0.66731095,0.20859078,0.31049177,0.5252711,0.64559436,-0.14902745,0.53393763
1783532918.0654,44,camera,0.108950764,0.073201105,-0.033451013,-0.0780311,-0.077212125,-0.6973767,0.70824796
1783532918.0988,45,root,-0.0009011166,0.013989365,-0.005930533,0.005132462,-0.004795342,-0.010806456,0.999917
1783532918.0988,45,hips_joint,-0.0009011166,0.013989365,-0.005930533,0.005132462,-0.004795342,-0.010806456,0.999917
1783532918.0988,45,left_upLeg_joint,0.09906289,-0.013169414,-0.004278194,0.60527176,-0.39023355,0.53362954,-0.44339988
1783532918.0988,45,left_leg_joint,0.15208565,-0.41136965,0.12201957,-0.3671154,0.6071916,-0.32303172,0.6262548
1783532918.0988,45,left_foot_joint,0.1767517,-0.80027187,-0.11730439,0.6634422,-0.2515925,0.6404968,-0.2937846
1783532918.0988,45,left_toes_joint,0.18463996,-0.9061099,-0.012678518,0.6991024,-0.12128651,0.6845696,-0.16706225
1783532918.0988,45,left_toesEnd_joint,0.18666083,-0.9302718,0.042925272,0.69910246,-0.121286295,0.68456954,-0.16706246
1783532918.0988,45,right_upLeg_joint,-0.10196079,-0.008809201,-0.00618368,0.46690723,0.48666307,0.44397828,0.5899491
1783532918.0988,45,right_leg_joint,-0.15758072,-0.4207656,0.061031006,0.6178092,0.2919251,0.6137721,0.3954432
1783532918.0988,45,right_foot_joint,-0.19239318,-0.8077075,-0.18020207,0.30631924,0.6107995,0.23930308,0.6898017
1783532918.0988,45,right_toes_joint,-0.21315567,-0.91267693,-0.07646778,0.18499903,0.6577865,0.10422314,0.7226547
1783532918.0988,45,right_toesEnd_joint,-0.22000471,-0.93657774,-0.02113736,0.18499953,0.6577864,0.10422267,0.7226546
1783532918.0988,45,spine_1_joint,-0.0009011363,0.013989365,-0.005930533,0.48735338,0.5101201,0.49184513,0.5102478
1783532918.0988,45,spine_2_joint,-0.0011467742,0.071492925,-0.008300023,0.48116127,0.51840925,0.48949432,0.5100307
1783532918.0988,45,spine_3_joint,-0.002108221,0.12894168,-0.011624156,0.4898999,0.50887316,0.5011515,0.49989343
1783532918.0988,45,spine_4_joint,-0.003180418,0.18197672,-0.012565157,0.5112978,0.48588055,0.521715,0.47990444
1783532918.0988,45,spine_5_joint,-0.004345684,0.2522857,-0.008056057,0.5457761,0.4458494,0.5524731,0.4451073
1783532918.0988,45,spine_6_joint,-0.005097656,0.3439936,0.011827974,0.5474942,0.4419852,0.556071,0.4423626
1783532918.0988,45,spine_7_joint,-0.0060770987,0.44834602,0.03586764,0.5220424,0.47363526,0.52966225,0.47180474
1783532918.0988,45,left_shoulder_1_joint,0.08222799,0.5612866,0.043096256,-0.71096814,-0.04054532,0.052684523,0.70007515
1783532918.0988,45,left_arm_joint,0.22599563,0.5803489,0.040464405,-0.6706107,0.14585613,-0.15181445,0.7113087
1783532918.0988,45,left_forearm_joint,0.46840414,0.47086912,0.03943219,-0.73143667,-0.178941,-0.20697284,0.6246145
1783532918.0988,45,left_hand_joint,0.69625515,0.47172973,0.18046851,0.96005374,0.018348763,0.27298537,-0.05864803
1783532918.0988,45,left_handIndexStart_joint,0.7084782,0.46976724,0.20765765,0.94042045,0.013939263,0.33442184,-0.05981308
1783532918.0988,45,left_handIndex_1_joint,0.77079403,0.46865994,0.25830644,0.94042045,0.013939263,0.33442184,-0.05981308
1783532918.0988,45,left_handIndex_2_joint,0.8070241,0.46801612,0.2877534,0.94042045,0.013939263,0.33442184,-0.05981308
1783532918.0988,45,left_handIndex_3_joint,0.827313,0.4676556,0.3042437,0.94042045,0.013939263,0.33442184,-0.05981308
1783532918.0988,45,left_handIndexEnd_joint,0.84180504,0.46739805,0.31602252,0.94042045,0.013939263,0.33442184,-0.05981308
1783532918.0988,45,left_handMidStart_joint,0.71664035,0.4713165,0.19794396,0.96083456,0.018263916,0.27024013,-0.058601975
1783532918.0988,45,left_handMid_1_joint,0.7815018,0.47157675,0.2375821,0.96083456,0.018263916,0.27024013,-0.058601975
1783532918.0988,45,left_handMid_2_joint,0.82708013,0.47175965,0.26543593,0.96083456,0.018263916,0.27024013,-0.058601975
1783532918.0988,45,left_handMid_3_joint,0.8533753,0.47186515,0.28150547,0.96083456,0.018263916,0.27024013,-0.058601975
1783532918.0988,45,left_handMidEnd_joint,0.87090546,0.47193548,0.29221848,0.96083456,0.018263916,0.27024013,-0.058601975
1783532918.0988,45,left_handPinkyStart_joint,0.7305145,0.47171387,0.17393658,0.9840671,-0.010060143,0.16625528,-0.062211975
1783532918.0988,45,left_handPinky_1_joint,0.79049253,0.46914294,0.19463554,0.9840671,-0.010060143,0.16625528,-0.062211975
1783532918.0988,45,left_handPinky_2_joint,0.82753783,0.46755505,0.20742019,0.9840671,-0.010060143,0.16625528,-0.062211975
1783532918.0988,45,left_handPinky_3_joint,0.8469425,0.4667233,0.21411692,0.9840671,-0.010060143,0.16625528,-0.062211975
1783532918.0988,45,left_handPinkyEnd_joint,0.86458313,0.46596712,0.22020485,0.9840671,-0.010060143,0.16625528,-0.062211975
1783532918.0988,45,left_handRingStart_joint,0.72351974,0.47139758,0.18704581,0.9738845,0.0043099155,0.21854547,-0.06138929
1783532918.0988,45,left_handRing_1_joint,0.78669614,0.47010967,0.2168169,0.9738845,0.0043099155,0.21854547,-0.06138929
1783532918.0988,45,left_handRing_2_joint,0.83129126,0.46920055,0.23783177,0.9738845,0.0043099155,0.21854547,-0.06138929
1783532918.0988,45,left_handRing_3_joint,0.85916317,0.46863234,0.25096607,0.9738845,0.0043099155,0.21854547,-0.06138929
1783532918.0988,45,left_handRingEnd_joint,0.8777445,0.46825355,0.25972226,0.9738845,0.0043099155,0.21854547,-0.06138929
1783532918.0988,45,left_handThumbStart_joint,0.7067941,0.4583036,0.20763922,-0.5424452,-0.261356,-0.50795287,0.6159796
1783532918.0988,45,left_handThumb_1_joint,0.7254485,0.43992662,0.2545174,-0.5424452,-0.261356,-0.50795287,0.6159796
1783532918.0988,45,left_handThumb_2_joint,0.73878026,0.42679134,0.28802603,-0.5424452,-0.261356,-0.50795287,0.6159796
1783532918.0988,45,left_handThumbEnd_joint,0.74766815,0.41803446,0.3103651,-0.5424452,-0.26135603,-0.50795287,0.6159796
1783532918.0988,45,neck_1_joint,-0.007337322,0.5823138,0.04342786,0.5752318,0.40670907,0.58348733,0.40402856
1783532918.0988,45,neck_2_joint,-0.0076895114,0.61049557,0.053706963,0.56908095,0.41429758,0.5797019,0.4104277
1783532918.0988,45,neck_3_joint,-0.008305261,0.6483912,0.06649562,0.5537532,0.43317053,0.56923985,0.42624795
1783532918.0988,45,neck_4_joint,-0.009238927,0.6869917,0.07694204,0.53776574,0.4520913,0.5566828,0.44331324
1783532918.0988,45,head_joint,-0.010534403,0.7322998,0.08664318,0.47631627,0.5155967,0.503771,0.50348634
1783532918.0988,45,jaw_joint,-0.009633705,0.70753175,0.09262088,0.47631627,0.5155967,0.503771,0.50348634
1783532918.0988,45,chin_joint,-0.009282176,0.66147643,0.1944973,0.47631627,0.5155967,0.503771,0.50348634
1783532918.0988,45,left_eye_joint,0.019048683,0.7694958,0.17236222,0.48079485,0.5114227,0.50814295,0.49907398
1783532918.0988,45,left_eyeLowerLid_joint,0.019048683,0.7694958,0.17236222,0.48079485,0.5114227,0.50814295,0.49907398
1783532918.0988,45,left_eyeUpperLid_joint,0.019048683,0.7694958,0.17236222,0.48079485,0.5114227,0.50814295,0.49907398
1783532918.0988,45,left_eyeball_joint,0.019048683,0.7694958,0.17236222,0.48079485,0.5114227,0.50814295,0.49907398
1783532918.0988,45,nose_joint,-0.012306466,0.7365541,0.19654666,0.48079756,0.5114202,0.5081456,0.4990713
1783532918.0988,45,right_eye_joint,-0.045528144,0.7669202,0.17142077,0.48079485,0.5114227,0.50814295,0.49907398
1783532918.0988,45,right_eyeLowerLid_joint,-0.045528144,0.7669202,0.17142077,0.48079485,0.5114227,0.50814295,0.49907398
1783532918.0988,45,right_eyeUpperLid_joint,-0.045528144,0.7669202,0.17142077,0.48079485,0.5114227,0.50814295,0.49907398
1783532918.0988,45,right_eyeball_joint,-0.045528144,0.7669202,0.17142077,0.48079485,0.5114227,0.50814295,0.49907398
1783532918.0988,45,right_shoulder_1_joint,-0.09649254,0.5596546,0.041973226,0.68901694,-0.033848673,-0.01789081,0.72373337
1783532918.0988,45,right_arm_joint,-0.24111648,0.5701766,0.03844263,0.68025035,0.17293797,0.1425807,0.69787043
1783532918.0988,45,right_forearm_joint,-0.48037782,0.45466217,0.051049165,0.58944046,0.24227965,-0.15511896,0.7548504
1783532918.0988,45,right_hand_joint,-0.70399326,0.44087893,0.19806767,0.016467754,0.28684604,0.021924008,0.9575844
1783532918.0988,45,right_handIndexStart_joint,-0.71582747,0.4393048,0.22420946,0.014989522,0.3517456,0.02362296,0.9356776
1783532918.0988,45,right_handIndex_1_joint,-0.7761753,0.4349075,0.27701607,0.014989522,0.3517456,0.02362296,0.9356776
1783532918.0988,45,right_handIndex_2_joint,-0.81126136,0.43235028,0.30771768,0.014989522,0.3517456,0.02362296,0.9356776
1783532918.0988,45,right_handIndex_3_joint,-0.83090997,0.43091905,0.32491076,0.014989522,0.3517456,0.02362296,0.9356776
1783532918.0988,45,right_handIndexEnd_joint,-0.84494436,0.42989677,0.33719146,0.014989522,0.3517456,0.02362296,0.9356776
1783532918.0988,45,right_handMidStart_joint,-0.7243881,0.4394348,0.21471879,0.01640854,0.28782797,0.022238532,0.9572834
1783532918.0988,45,right_handMid_1_joint,-0.7877335,0.43548018,0.25655282,0.01640854,0.28782797,0.022238532,0.9572834
1783532918.0988,45,right_handMid_2_joint,-0.832246,0.43270183,0.2859495,0.01640854,0.28782797,0.022238532,0.9572834
1783532918.0988,45,right_handMid_3_joint,-0.85792637,0.4310986,0.30290923,0.01640854,0.28782797,0.022238532,0.9572834
1783532918.0988,45,right_handMidEnd_joint,-0.8750464,0.43003017,0.3142155,0.016408551,0.28782797,0.022238528,0.9572834
1783532918.0988,45,right_handPinkyStart_joint,-0.73893124,0.43698904,0.19123432,0.025129719,0.18542384,0.05466481,0.98081523
1783532918.0988,45,right_handPinky_1_joint,-0.79768586,0.42958796,0.2141571,0.025129719,0.18542384,0.05466481,0.98081523
1783532918.0988,45,right_handPinky_2_joint,-0.8339762,0.42501715,0.22831571,0.025129719,0.18542384,0.05466481,0.98081523
1783532918.0988,45,right_handPinky_3_joint,-0.85298496,0.42262217,0.23573184,0.02512973,0.18542384,0.054664806,0.98081523
1783532918.0988,45,right_handPinkyEnd_joint,-0.8702657,0.42044538,0.2424737,0.025129719,0.18542384,0.05466481,0.98081523
1783532918.0988,45,right_handRingStart_joint,-0.73155797,0.43816707,0.20408449,0.021689288,0.23699075,0.038292933,0.97051483
1783532918.0988,45,right_handRing_1_joint,-0.7933581,0.43225732,0.23610047,0.021689288,0.23699075,0.038292933,0.97051483
1783532918.0988,45,right_handRing_2_joint,-0.8369812,0.42808554,0.25869974,0.021689288,0.23699075,0.038292933,0.97051483
1783532918.0988,45,right_handRing_3_joint,-0.86424613,0.42547867,0.27282456,0.021689288,0.23699075,0.038292933,0.97051483
1783532918.0988,45,right_handRingEnd_joint,-0.882423,0.42373973,0.2822412,0.021689288,0.23699075,0.038292933,0.97051483
1783532918.0988,45,right_handThumbStart_joint,-0.7129692,0.42808998,0.22477733,0.56876177,0.53981364,-0.2578254,0.56448036
1783532918.0988,45,right_handThumb_1_joint,-0.7282355,0.41074648,0.27324823,0.56876177,0.53981364,-0.2578254,0.56448036
1783532918.0988,45,right_handThumb_2_joint,-0.7391454,0.39835072,0.30789512,0.56876177,0.53981364,-0.2578254,0.56448036
1783532918.0988,45,right_handThumbEnd_joint,-0.7464189,0.3900862,0.3309926,0.56876177,0.53981364,-0.2578254,0.56448036
1783532918.0988,45,camera,0.108356796,0.07245649,-0.03273249,-0.0777925,-0.07708104,-0.6975178,0.70814955
1783532918.1322,46,root,-0.0009212467,0.015209454,-0.0037238759,0.010718911,-0.0023949821,-0.012869923,0.99985695
1783532918.1322,46,hips_joint,-0.0009212467,0.015209454,-0.0037238759,0.010718911,-0.0023949821,-0.012869923,0.99985695
1783532918.1322,46,left_upLeg_joint,0.09893786,-0.012368151,-0.0028488906,0.60603225,-0.3839365,0.513903,-0.4703419
1783532918.1322,46,left_leg_joint,0.17346977,-0.4118986,0.107362,-0.3893014,0.5816267,-0.29591796,0.6500674
1783532918.1322,46,left_foot_joint,0.24128196,-0.79493374,-0.13308562,0.6651416,-0.21778587,0.63383764,-0.32925093
1783532918.1322,46,left_toes_joint,0.25642937,-0.90031415,-0.028797474,0.6943635,-0.08777046,0.6847532,-0.20314783
1783532918.1322,46,left_toesEnd_joint,0.25926977,-0.9245844,0.026723266,0.69436353,-0.08777025,0.68475306,-0.20314799
1783532918.1322,46,right_upLeg_joint,-0.10207309,-0.0071780547,-0.0037558442,0.4825589,0.47044715,0.42463914,0.6045644
1783532918.1322,46,right_leg_joint,-0.18491149,-0.41457736,0.06319984,0.6300699,0.26598433,0.5997369,0.41542748
1783532918.1322,46,right_foot_joint,-0.24853836,-0.7957298,-0.18134843,0.33196828,0.5979398,0.21593042,0.69687814
1783532918.1322,46,right_toes_joint,-0.27710536,-0.8997463,-0.0785138,0.2126205,0.6500211,0.07993287,0.72517294
1783532918.1322,46,right_toesEnd_joint,-0.28572914,-0.92354596,-0.02338828,0.212621,0.6500212,0.07993242,0.7251728
1783532918.1322,46,spine_1_joint,-0.00092126644,0.015209454,-0.0037238759,0.49220985,0.50747883,0.49035197,0.50965667
1783532918.1322,46,spine_2_joint,-0.00068872725,0.07272747,-0.005713361,0.48512712,0.5164556,0.48565915,0.5119188
1783532918.1322,46,spine_3_joint,-0.0009869793,0.13018419,-0.009025753,0.49247512,0.5079519,0.49512812,0.50428367
1783532918.1322,46,spine_4_joint,-0.0013229874,0.18322127,-0.010332338,0.51228946,0.48617902,0.51397663,0.48684517
1783532918.1322,46,spine_5_joint,-0.0014000346,0.25359595,-0.006804901,0.5454288,0.44729993,0.54401803,0.4543955
1783532918.1322,46,spine_6_joint,-0.0006558731,0.3456759,0.011278812,0.54630977,0.44403476,0.5475754,0.4522617
1783532918.1322,46,spine_7_joint,-1.766473e-05,0.4505275,0.03305108,0.520912,0.47479478,0.52246404,0.47984642
1783532918.1322,46,left_shoulder_1_joint,0.08975092,0.56241745,0.038329475,-0.72104424,-0.06415946,0.072042026,0.6861408
1783532918.1322,46,left_arm_joint,0.2321009,0.5901779,0.036031004,-0.6984476,0.09031646,-0.09512492,0.70353794
1783532918.1322,46,left_forearm_joint,0.4889343,0.52101856,0.03757303,-0.7346692,-0.24150407,-0.14375597,0.617472
1783532918.1322,46,left_hand_joint,0.7145706,0.5685352,0.1740959,0.95833683,0.106358744,0.26014963,-0.05099848
1783532918.1322,46,left_handIndexStart_joint,0.7271618,0.5703603,0.20112613,0.93958783,0.1022614,0.32151192,-0.05785946
1783532918.1322,46,left_handIndex_1_joint,0.78918934,0.5828054,0.2505983,0.93958783,0.1022614,0.32151192,-0.05785946
1783532918.1322,46,left_handIndex_2_joint,0.8252518,0.5900409,0.27936122,0.93958783,0.1022614,0.32151192,-0.05785946
1783532918.1322,46,left_handIndex_3_joint,0.8454468,0.5940928,0.29546842,0.93958783,0.1022614,0.32151192,-0.05785946
1783532918.1322,46,left_handIndexEnd_joint,0.8598718,0.596987,0.30697358,0.93958783,0.1022614,0.32151192,-0.05785946
1783532918.1322,46,left_handMidStart_joint,0.734877,0.5726141,0.1911877,0.95910215,0.106253,0.25741675,-0.05069909
1783532918.1322,46,left_handMid_1_joint,0.7991015,0.58612293,0.22954114,0.95910215,0.106253,0.25741675,-0.05069909
1783532918.1322,46,left_handMid_2_joint,0.84423214,0.5956156,0.2564922,0.95910215,0.106253,0.25741675,-0.05069909
1783532918.1322,46,left_handMid_3_joint,0.8702691,0.6010922,0.2720409,0.95910215,0.106253,0.25741675,-0.05069909
1783532918.1322,46,left_handMidEnd_joint,0.88762707,0.60474324,0.2824067,0.95910215,0.106253,0.25741675,-0.05069909
1783532918.1322,46,left_handPinkyStart_joint,0.7483044,0.57376575,0.16695172,0.9840308,0.07667496,0.15428618,-0.044726644
1783532918.1322,46,left_handPinky_1_joint,0.80803597,0.5824718,0.18666911,0.9840308,0.07667496,0.15428618,-0.044726644
1783532918.1322,46,left_handPinky_2_joint,0.844929,0.587849,0.1988475,0.9840308,0.07667496,0.15428618,-0.044726644
1783532918.1322,46,left_handPinky_3_joint,0.8642538,0.5906657,0.20522666,0.9840308,0.07667496,0.15428618,-0.044726644
1783532918.1322,46,left_handPinkyEnd_joint,0.8818219,0.59322625,0.2110259,0.9840308,0.07667496,0.15428618,-0.044726644
1783532918.1322,46,left_handRingStart_joint,0.741562,0.5731352,0.1801813,0.97301006,0.0917934,0.20605041,-0.048672248
1783532918.1322,46,left_handRing_1_joint,0.804305,0.5842118,0.20881438,0.97301006,0.0917934,0.20605041,-0.048672248
1783532918.1322,46,left_handRing_2_joint,0.8485942,0.59203064,0.22902599,0.97301006,0.0917934,0.20605041,-0.048672248
1783532918.1322,46,left_handRing_3_joint,0.87627494,0.5969174,0.24165824,0.97301006,0.0917934,0.20605041,-0.048672248
1783532918.1322,46,left_handRingEnd_joint,0.8947288,0.6001752,0.25007975,0.97301006,0.0917934,0.20605041,-0.048672248
1783532918.1322,46,left_handThumbStart_joint,0.7274054,0.5587985,0.20184547,-0.5412749,-0.31740698,-0.44289652,0.6404042
1783532918.1322,46,left_handThumb_1_joint,0.7492192,0.54678905,0.24941856,-0.5412749,-0.31740698,-0.44289652,0.6404042
1783532918.1322,46,left_handThumb_2_joint,0.7648092,0.53820485,0.2834239,-0.5412749,-0.31740698,-0.44289652,0.6404042
1783532918.1322,46,left_handThumbEnd_joint,0.7752026,0.5324821,0.3060941,-0.5412749,-0.31740698,-0.44289652,0.6404042
1783532918.1322,46,neck_1_joint,0.00046717376,0.58461213,0.038264316,0.5738411,0.40795368,0.57904845,0.41107616
1783532918.1322,46,neck_2_joint,0.000363774,0.6129402,0.048139222,0.5673871,0.41548488,0.5765484,0.41597685
1783532918.1322,46,neck_3_joint,-3.908664e-05,0.65098584,0.06048275,0.552246,0.4339552,0.56657887,0.43092498
1783532918.1322,46,neck_4_joint,-0.0007853892,0.68969005,0.070553854,0.53644186,0.45258048,0.55417025,0.4475457
1783532918.1322,46,head_joint,-0.0018648389,0.7350855,0.07986499,0.47495914,0.51595426,0.50076437,0.50738627
1783532918.1322,46,jaw_joint,-0.0011064032,0.7103651,0.08605586,0.47495914,0.51595426,0.50076437,0.50738627
1783532918.1322,46,chin_joint,-0.0012138393,0.6651811,0.18832226,0.47495914,0.51595426,0.50076437,0.50738627
1783532918.1322,46,left_eye_joint,0.027728524,0.7728583,0.16532789,0.47944084,0.5117924,0.50517035,0.50299966
1783532918.1322,46,left_eyeLowerLid_joint,0.027728524,0.7728583,0.16532789,0.47944084,0.5117924,0.50517035,0.50299966
1783532918.1322,46,left_eyeUpperLid_joint,0.027728524,0.7728583,0.16532789,0.47944084,0.5117924,0.50517035,0.50299966
1783532918.1322,46,left_eyeball_joint,0.027728524,0.7728583,0.16532789,0.47944084,0.5117924,0.50517035,0.50299966
1783532918.1322,46,nose_joint,-0.003850091,0.7402883,0.189724,0.4794436,0.5117899,0.5051731,0.502997
1783532918.1322,46,right_eye_joint,-0.036858704,0.7706111,0.1642672,0.47944084,0.5117924,0.50517035,0.50299966
1783532918.1322,46,right_eyeLowerLid_joint,-0.036858704,0.7706111,0.1642672,0.47944084,0.5117924,0.50517035,0.50299966
1783532918.1322,46,right_eyeUpperLid_joint,-0.036858704,0.7706111,0.1642672,0.47944084,0.5117924,0.50517035,0.50299966
1783532918.1322,46,right_eyeball_joint,-0.036858704,0.7706111,0.1642672,0.47944084,0.5117924,0.50517035,0.50299966
1783532918.1322,46,right_shoulder_1_joint,-0.088975616,0.5630943,0.037178125,0.67704266,-0.06589041,-0.050206963,0.731267
1783532918.1322,46,right_arm_joint,-0.23203407,0.5866867,0.03306127,0.67668676,0.09799966,0.0864913,0.7245763
1783532918.1322,46,right_forearm_joint,-0.48893142,0.51807046,0.03970066,0.5960152,0.16120167,-0.2100425,0.7580649
1783532918.1322,46,right_hand_joint,-0.7193306,0.5519137,0.17228712,0.019784065,0.25514814,-0.07073384,0.9641085
1783532918.1322,46,right_handIndexStart_joint,-0.7327204,0.5538101,0.19764526,0.024624027,0.32057798,-0.06858991,0.9444148
1783532918.1322,46,right_handIndex_1_joint,-0.795768,0.5629466,0.24654579,0.024624027,0.32057798,-0.06858991,0.9444148
1783532918.1322,46,right_handIndex_2_joint,-0.83242387,0.5682579,0.27497643,0.024624027,0.32057798,-0.06858991,0.9444148
1783532918.1322,46,right_handIndex_3_joint,-0.85295135,0.57123315,0.2908977,0.024624027,0.32057798,-0.06858991,0.9444148
1783532918.1322,46,right_handIndexEnd_joint,-0.86761355,0.57335824,0.30227,0.024624027,0.32057798,-0.06858991,0.9444148
1783532918.1322,46,right_handMidStart_joint,-0.74056226,0.55498177,0.18761998,0.01981109,0.25614715,-0.070417866,0.9638661
1783532918.1322,46,right_handMid_1_joint,-0.8058491,0.5645291,0.2253672,0.01981109,0.25614715,-0.070417866,0.9638661
1783532918.1322,46,right_handMid_2_joint,-0.8517256,0.57123846,0.25189206,0.01981109,0.25614715,-0.070417866,0.9638661
1783532918.1322,46,right_handMid_3_joint,-0.878193,0.575109,0.26719496,0.01981109,0.25614715,-0.070417866,0.9638661
1783532918.1322,46,right_handMidEnd_joint,-0.89583766,0.57768965,0.27739668,0.0198111,0.25614715,-0.070417866,0.9638661
1783532918.1322,46,right_handPinkyStart_joint,-0.75394917,0.55397683,0.16335507,0.01770863,0.1534679,-0.037670404,0.9872768
1783532918.1322,46,right_handPinky_1_joint,-0.8142785,0.55835503,0.18268238,0.01770863,0.1534679,-0.037670404,0.9872768
1783532918.1322,46,right_handPinky_2_joint,-0.85154134,0.5610598,0.19462019,0.01770863,0.1534679,-0.037670404,0.9872768
1783532918.1322,46,right_handPinky_3_joint,-0.8710597,0.56247574,0.2008731,0.01770864,0.1534679,-0.037670404,0.9872768
1783532918.1322,46,right_handPinkyEnd_joint,-0.88880354,0.56376344,0.20655748,0.01770863,0.1534679,-0.037670404,0.9872768
1783532918.1322,46,right_handRingStart_joint,-0.747227,0.5544735,0.17660062,0.01967997,0.20503895,-0.054314647,0.9770477
1783532918.1322,46,right_handRing_1_joint,-0.8107928,0.56132376,0.20473693,0.01967997,0.20503895,-0.054314647,0.9770477
1783532918.1322,46,right_handRing_2_joint,-0.85566247,0.56615895,0.22459766,0.01967997,0.20503895,-0.054314647,0.9770477
1783532918.1322,46,right_handRing_3_joint,-0.88370633,0.56918144,0.23701084,0.01967997,0.20503895,-0.054314647,0.9770477
1783532918.1322,46,right_handRingEnd_joint,-0.9024027,0.57119554,0.24528642,0.01967997,0.20503895,-0.054314647,0.9770477
1783532918.1322,46,right_handThumbStart_joint,-0.73197865,0.54230905,0.19884472,0.60980564,0.46265626,-0.30247664,0.5679745
1783532918.1322,46,right_handThumb_1_joint,-0.75286484,0.5304598,0.2468723,0.60980564,0.46265626,-0.30247664,0.5679745
1783532918.1322,46,right_handThumb_2_joint,-0.76779157,0.5219909,0.28120244,0.60980564,0.46265626,-0.30247664,0.5679745
1783532918.1322,46,right_handThumbEnd_joint,-0.77774304,0.5163443,0.30408877,0.60980564,0.46265626,-0.30247664,0.5679745
1783532918.1322,46,camera,0.108324416,0.072604395,-0.032362953,-0.07762469,-0.07652844,-0.69767314,0.7080748
1783532918.1655,47,root,-0.0004461225,0.016094076,-0.0021950598,0.019596096,0.0038667999,-0.014248263,0.999699
1783532918.1655,47,hips_joint,-0.0004461225,0.016094076,-0.0021950598,0.019596096,0.0038667999,-0.014248263,0.999699
1783532918.1655,47,left_upLeg_joint,0.09934155,-0.011741656,-0.003046795,0.60917276,-0.38708284,0.4807044,-0.49799457
1783532918.1655,47,left_leg_joint,0.19963942,-0.4119463,0.0812297,-0.4022997,0.57434815,-0.2573944,0.6648513
1783532918.1655,47,left_foot_joint,0.29464245,-0.77979386,-0.17331311,0.6708855,-0.20404024,0.61262846,-0.36464575
1783532918.1655,47,left_toes_joint,0.3193978,-0.8871802,-0.07298457,0.697398,-0.07318538,0.67063713,-0.24192101
1783532918.1655,47,left_toesEnd_joint,0.3248442,-0.9130555,-0.018390879,0.697398,-0.07318517,0.6706371,-0.24192119
1783532918.1655,47,right_upLeg_joint,-0.10165065,-0.006039041,-0.0013792244,0.499468,0.45713085,0.40280074,0.6158854
1783532918.1655,47,right_leg_joint,-0.21010986,-0.40725777,0.06629395,0.6444735,0.24170202,0.5821341,0.43284404
1783532918.1655,47,right_foot_joint,-0.3040397,-0.780186,-0.18115531,0.35828146,0.5877069,0.19133279,0.6997333
1783532918.1655,47,right_toes_joint,-0.33920887,-0.8828529,-0.07901278,0.24039623,0.6449611,0.05523996,0.7233142
1783532918.1655,47,right_toesEnd_joint,-0.34903258,-0.90651053,-0.02402706,0.24039674,0.6449612,0.055239517,0.72331405
1783532918.1655,47,spine_1_joint,-0.00044614228,0.016094076,-0.0021950596,0.5000847,0.5046224,0.4889831,0.5061295
1783532918.1655,47,spine_2_joint,0.00027346695,0.07362884,-0.0034464055,0.49153006,0.51388776,0.48188666,0.51196
1783532918.1655,47,spine_3_joint,0.0006999025,0.1311009,-0.00646543,0.4963623,0.50648654,0.48895696,0.5079537
1783532918.1655,47,spine_4_joint,0.0011659727,0.18413053,-0.008011633,0.5131955,0.48629338,0.5061,0.49397597
1783532918.1655,47,spine_5_joint,0.0022052582,0.25454062,-0.0054849014,0.5432886,0.4494217,0.53572154,0.46460778
1783532918.1655,47,spine_6_joint,0.004271899,0.34698886,0.010494224,0.5416674,0.44747838,0.54047304,0.46287018
1783532918.1655,47,spine_7_joint,0.005903741,0.45235705,0.029551258,0.5146453,0.47759986,0.5187948,0.48774022
1783532918.1655,47,left_shoulder_1_joint,0.09596266,0.5640786,0.033197366,-0.7249435,-0.10568554,0.09510049,0.673976
1783532918.1655,47,left_arm_joint,0.2351485,0.604899,0.033860836,-0.7105781,0.015586437,-0.03391619,0.7026277
1783532918.1655,47,left_forearm_joint,0.50039375,0.58633,0.04085555,-0.7148131,-0.30855864,-0.0952889,0.62028545
1783532918.1655,47,left_hand_joint,0.7124716,0.67286056,0.17993654,0.9441723,0.18907914,0.26179677,-0.065195054
1783532918.1655,47,left_handIndexStart_joint,0.72411376,0.6771199,0.20711783,0.925396,0.18389969,0.32223693,-0.077373736
1783532918.1655,47,left_handIndex_1_joint,0.7823139,0.70044965,0.2573,0.925396,0.18389969,0.32223693,-0.077373736
1783532918.1655,47,left_handIndex_2_joint,0.8161512,0.7140135,0.28647566,0.925396,0.18389969,0.32223693,-0.077373736
1783532918.1655,47,left_handIndex_3_joint,0.83510005,0.72160923,0.30281407,0.925396,0.18389969,0.32223693,-0.077373736
1783532918.1655,47,left_handIndexEnd_joint,0.848635,0.7270348,0.31448433,0.925396,0.18389969,0.32223693,-0.077373736
1783532918.1655,47,left_handMidStart_joint,0.73150903,0.68051404,0.19726051,0.9449635,0.18901682,0.25910595,-0.06466161
1783532918.1655,47,left_handMid_1_joint,0.7918856,0.7051215,0.23634246,0.9449635,0.18901682,0.25910595,-0.06466161
1783532918.1655,47,left_handMid_2_joint,0.83431244,0.7224133,0.26380545,0.9449635,0.18901682,0.25910595,-0.06466161
1783532918.1655,47,left_handMid_3_joint,0.85878944,0.73238933,0.2796495,0.9449635,0.18901682,0.25910595,-0.06466161
1783532918.1655,47,left_handMidEnd_joint,0.8751074,0.7390401,0.29021218,0.9449635,0.18901682,0.25910595,-0.06466161
1783532918.1655,47,left_handPinkyStart_joint,0.7449635,0.6836025,0.17320976,0.97307813,0.16087838,0.15725936,-0.050068513
1783532918.1655,47,left_handPinky_1_joint,0.80203694,0.7024844,0.19366743,0.97307813,0.16087838,0.15725936,-0.050068513
1783532918.1655,47,left_handPinky_2_joint,0.8372882,0.7141468,0.20630305,0.97307813,0.16087838,0.15725936,-0.050068513
1783532918.1655,47,left_handPinky_3_joint,0.8557532,0.7202557,0.2129217,0.97307813,0.16087838,0.15725936,-0.050068513
1783532918.1655,47,left_handPinkyEnd_joint,0.8725395,0.72580916,0.21893865,0.97307813,0.16087838,0.15725936,-0.050068513
1783532918.1655,47,left_handRingStart_joint,0.73819816,0.68201363,0.18634687,0.9604365,0.1754067,0.20830908,-0.058324978
1783532918.1655,47,left_handRing_1_joint,0.79768926,0.7038516,0.21572617,0.9604365,0.1754067,0.20830908,-0.058324978
1783532918.1655,47,left_handRing_2_joint,0.839683,0.71926665,0.2364645,0.9604365,0.1754067,0.20830908,-0.058324978
1783532918.1655,47,left_handRing_3_joint,0.86592907,0.728901,0.24942593,0.9604365,0.1754067,0.20830908,-0.058324978
1783532918.1655,47,left_handRingEnd_joint,0.8834265,0.735324,0.25806692,0.9604365,0.1754067,0.20830908,-0.058324978
1783532918.1655,47,left_handThumbStart_joint,0.7262846,0.665774,0.2080178,-0.5134904,-0.3701479,-0.38933575,0.6691309
1783532918.1655,47,left_handThumb_1_joint,0.748991,0.65820885,0.25608492,-0.5134904,-0.3701479,-0.38933575,0.6691309
1783532918.1655,47,left_handThumb_2_joint,0.7652191,0.65280104,0.2904434,-0.5134904,-0.3701479,-0.38933575,0.6691309
1783532918.1655,47,left_handThumbEnd_joint,0.7760378,0.64919585,0.31334904,-0.5134904,-0.3701479,-0.38933575,0.6691309
1783532918.1655,47,neck_1_joint,0.006748353,0.5865188,0.031999186,0.5675025,0.4117377,0.5775106,0.418204
1783532918.1655,47,neck_2_joint,0.006565567,0.61502963,0.04133209,0.5608388,0.41918632,0.57580227,0.42213094
1783532918.1655,47,neck_3_joint,0.005984336,0.6532824,0.05301055,0.5456569,0.43729287,0.5662303,0.43636793
1783532918.1655,47,neck_4_joint,0.005036989,0.69213814,0.062462296,0.52986455,0.4555578,0.5539099,0.45265308
1783532918.1655,47,head_joint,0.0037291967,0.7376633,0.07108523,0.4680747,0.5181628,0.49985537,0.5124044
1783532918.1655,47,jaw_joint,0.0045107068,0.7130405,0.07765069,0.4680747,0.5181628,0.49985537,0.5124044
1783532918.1655,47,chin_joint,0.0036276518,0.6693839,0.18057461,0.4680747,0.5181628,0.49985537,0.5124044
1783532918.1655,47,left_eye_joint,0.03243232,0.77680236,0.1562364,0.472576,0.51406085,0.50430524,0.5080255
1783532918.1655,47,left_eyeLowerLid_joint,0.03243232,0.77680236,0.1562364,0.472576,0.51406085,0.50430524,0.5080255
1783532918.1655,47,left_eyeUpperLid_joint,0.03243232,0.77680236,0.1562364,0.472576,0.51406085,0.50430524,0.5080255
1783532918.1655,47,left_eyeball_joint,0.03243232,0.77680236,0.1562364,0.472576,0.51406085,0.50430524,0.5080255
1783532918.1655,47,nose_joint,0.00073955534,0.74449444,0.1808322,0.47257867,0.5140585,0.504308,0.5080229
1783532918.1655,47,right_eye_joint,-0.03213525,0.7743252,0.1546317,0.472576,0.51406085,0.50430524,0.5080255
1783532918.1655,47,right_eyeLowerLid_joint,-0.03213525,0.7743252,0.1546317,0.472576,0.51406085,0.50430524,0.5080255
1783532918.1655,47,right_eyeUpperLid_joint,-0.03213525,0.7743252,0.1546317,0.472576,0.51406085,0.50430524,0.5080255
1783532918.1655,47,right_eyeball_joint,-0.03213525,0.7743252,0.1546317,0.472576,0.51406085,0.50430524,0.5080255
1783532918.1655,47,right_shoulder_1_joint,-0.08274736,0.5652354,0.030681333,0.6607147,-0.09790933,-0.086492576,0.7391814
1783532918.1655,47,right_arm_joint,-0.22284538,0.60254896,0.026264338,0.6651589,0.025280379,0.012299813,0.7461724
1783532918.1655,47,right_forearm_joint,-0.48841083,0.5887213,0.03194696,0.59251446,0.08527543,-0.27570114,0.75209296
1783532918.1655,47,right_hand_joint,-0.71174663,0.67277086,0.15386929,0.02058226,0.23402503,-0.16886468,0.95723224
1783532918.1655,47,right_handIndexStart_joint,-0.7252404,0.67854315,0.17857797,0.032129273,0.29904476,-0.16644238,0.93906176
1783532918.1655,47,right_handIndex_1_joint,-0.78673714,0.7021047,0.22454263,0.032129273,0.29904476,-0.16644238,0.93906176
1783532918.1655,47,right_handIndex_2_joint,-0.8224913,0.7158027,0.2512664,0.032129273,0.29904476,-0.16644238,0.93906176
1783532918.1655,47,right_handIndex_3_joint,-0.84251374,0.72347456,0.26623175,0.032129273,0.29904476,-0.16644238,0.93906176
1783532918.1655,47,right_handIndexEnd_joint,-0.85681516,0.7289543,0.27692124,0.032129273,0.29904476,-0.16644238,0.93906176
1783532918.1655,47,right_handMidStart_joint,-0.7324255,0.6806353,0.16821602,0.020705689,0.2350285,-0.16855225,0.95703864
1783532918.1655,47,right_handMid_1_joint,-0.79572403,0.7044197,0.20294309,0.020705689,0.2350285,-0.16855225,0.95703864
1783532918.1655,47,right_handMid_2_joint,-0.8402033,0.72113335,0.22734569,0.020705689,0.2350285,-0.16855225,0.95703864
1783532918.1655,47,right_handMid_3_joint,-0.86586463,0.7307756,0.24142423,0.020705689,0.2350285,-0.16855225,0.95703864
1783532918.1655,47,right_handMidEnd_joint,-0.88297176,0.73720396,0.25080973,0.020705698,0.2350285,-0.16855225,0.95703864
1783532918.1655,47,right_handPinkyStart_joint,-0.74506336,0.68087333,0.14353336,0.007638116,0.13351797,-0.13561523,0.98169404
1783532918.1655,47,right_handPinky_1_joint,-0.8039642,0.6976518,0.16031142,0.007638116,0.13351797,-0.13561523,0.98169404
1783532918.1655,47,right_handPinky_2_joint,-0.8403447,0.70801574,0.1706746,0.007638116,0.13351797,-0.13561523,0.98169404
1783532918.1655,47,right_handPinky_3_joint,-0.85940105,0.7134436,0.17610279,0.0076381266,0.13351797,-0.13561523,0.98169404
1783532918.1655,47,right_handPinkyEnd_joint,-0.8767248,0.7183784,0.18103738,0.007638116,0.13351797,-0.13561523,0.98169404
1783532918.1655,47,right_handRingStart_joint,-0.7387489,0.68080354,0.15698709,0.015076205,0.18438382,-0.15248471,0.97083676
1783532918.1655,47,right_handRing_1_joint,-0.80060226,0.70109665,0.1823159,0.015076205,0.18438382,-0.15248471,0.97083676
1783532918.1655,47,right_handRing_2_joint,-0.8442631,0.71542084,0.2001949,0.015076205,0.18438382,-0.15248471,0.97083676
1783532918.1655,47,right_handRing_3_joint,-0.87155133,0.72437406,0.21136944,0.015076205,0.18438382,-0.15248471,0.97083676
1783532918.1655,47,right_handRingEnd_joint,-0.88974416,0.7303421,0.21881929,0.015076205,0.18438382,-0.15248471,0.97083676
1783532918.1655,47,right_handThumbStart_joint,-0.7267471,0.6671922,0.18035316,0.64150643,0.38469455,-0.356967,0.5595127
1783532918.1655,47,right_handThumb_1_joint,-0.75086874,0.66213876,0.22805947,0.64150643,0.38469455,-0.356967,0.5595127
1783532918.1655,47,right_handThumb_2_joint,-0.7681081,0.6585269,0.26216,0.64150643,0.38469455,-0.356967,0.5595127
1783532918.1655,47,right_handThumbEnd_joint,-0.7796014,0.65611845,0.2848933,0.64150643,0.38469455,-0.356967,0.5595127
1783532918.1655,47,camera,0.10828243,0.07287239,-0.03207364,-0.07737227,-0.07622669,-0.6976468,0.70816094
1783532918.1988,48,root,-0.00044097225,0.016634941,-0.00028245326,0.030180033,0.010099291,-0.015684279,0.9993704
1783532918.1988,48,hips_joint,-0.00044097225,0.016634941,-0.00028245326,0.030180033,0.010099291,-0.015684279,0.9993704
1783532918.1988,48,left_upLeg_joint,0.09924922,-0.011434363,-0.002949513,-0.6069054,0.39410022,-0.45281157,0.5208765
1783532918.1988,48,left_leg_joint,0.21685985,-0.41151434,0.05561408,-0.4095028,0.5675146,-0.22803773,0.6769293
1783532918.1988,48,left_foot_joint,0.33203343,-0.765254,-0.21034199,0.67234176,-0.19421877,0.59696686,-0.39225748
1783532918.1988,48,left_toes_joint,0.3636012,-0.87397164,-0.11341706,0.6969664,-0.063265935,0.6604927,-0.27200064
1783532918.1988,48,left_toesEnd_joint,0.37085006,-0.90111685,-0.05965599,0.6969664,-0.063265726,0.6604927,-0.27200085
1783532918.1988,48,right_upLeg_joint,-0.101690665,-0.005248605,0.0013006016,0.51761687,0.4465679,0.38340402,0.6210081
1783532918.1988,48,right_leg_joint,-0.23103233,-0.40044296,0.06772039,0.6651283,0.21199848,0.5647501,0.44013456
1783532918.1988,48,right_foot_joint,-0.35552314,-0.75675124,-0.19049633,0.3928588,0.57706153,0.17315187,0.6947519
1783532918.1988,48,right_toes_joint,-0.3963633,-0.86017966,-0.09127385,0.27636454,0.6410623,0.038332753,0.71497715
1783532918.1988,48,right_toesEnd_joint,-0.40698722,-0.88499856,-0.036952835,0.276365,0.6410623,0.038332317,0.71497697
1783532918.1988,48,spine_1_joint,-0.00044099204,0.016634943,-0.00028245285,0.5073742,0.50325805,0.49017388,0.49903128
1783532918.1988,48,spine_2_joint,0.00030269273,0.07418232,-0.00056330016,0.4959957,0.5150768,0.48165914,0.5066448
1783532918.1988,48,spine_3_joint,0.0006135381,0.13167831,-0.0031025496,0.49726853,0.5108731,0.4862099,0.5053046
1783532918.1988,48,spine_4_joint,0.0008903373,0.18470335,-0.0048395083,0.5105014,0.4942667,0.50049454,0.49456435
1783532918.1988,48,spine_5_joint,0.001620618,0.25514996,-0.00350434,0.53786296,0.46084774,0.52766204,0.4689303
1783532918.1988,48,spine_6_joint,0.0033494197,0.3480352,0.009747893,0.5341746,0.4611698,0.530596,0.4695188
1783532918.1988,48,spine_7_joint,0.004589797,0.45405525,0.024797792,0.5063675,0.49093488,0.50803846,0.49444073
1783532918.1988,48,left_shoulder_1_joint,0.09418945,0.5661941,0.02325181,-0.73641443,-0.14686604,0.11779295,0.6498067
1783532918.1988,48,left_arm_joint,0.2289567,0.61977464,0.0257728,-0.72811955,-0.06670059,0.017470675,0.6819734
1783532918.1988,48,left_forearm_joint,0.492414,0.65194863,0.043204106,-0.6993618,-0.3860487,-0.046535265,0.5997447
1783532918.1988,48,left_hand_joint,0.6793505,0.7816883,0.18473297,0.91947067,0.2803061,0.26949525,-0.05808922
1783532918.1988,48,left_handIndexStart_joint,0.68878496,0.78932655,0.21203043,0.90030175,0.27540922,0.32833278,-0.07618406
1783532918.1988,48,left_handIndex_1_joint,0.739597,0.825135,0.2628799,0.90030175,0.27540922,0.32833278,-0.07618406
1783532918.1988,48,left_handIndex_2_joint,0.76913893,0.8459539,0.29244354,0.90030175,0.27540922,0.32833278,-0.07618406
1783532918.1988,48,left_handIndex_3_joint,0.7856824,0.85761243,0.3089992,0.90030175,0.27540922,0.32833278,-0.07618406
1783532918.1988,48,left_handIndexEnd_joint,0.7974991,0.86594,0.32082465,0.90030175,0.27540922,0.32833278,-0.07618406
1783532918.1988,48,left_handMidStart_joint,0.6959248,0.79346967,0.20227173,0.9203056,0.28022876,0.2668821,-0.05729972
1783532918.1988,48,left_handMid_1_joint,0.74917257,0.83035266,0.24205337,0.9203056,0.28022876,0.2668821,-0.05729972
1783532918.1988,48,left_handMid_2_joint,0.7865899,0.8562705,0.27000806,0.9203056,0.28022876,0.2668821,-0.05729972
1783532918.1988,48,left_handMid_3_joint,0.8081769,0.87122303,0.28613573,0.9203056,0.28022876,0.2668821,-0.05729972
1783532918.1988,48,left_handMidEnd_joint,0.8225682,0.8811915,0.29688752,0.9203056,0.28022876,0.2668821,-0.05729972
1783532918.1988,48,left_handPinkyStart_joint,0.70974064,0.79766124,0.17859569,0.9525216,0.25159383,0.16815236,-0.03358284
1783532918.1988,48,left_handPinky_1_joint,0.76161176,0.8273801,0.20001064,0.9525216,0.25159383,0.16815236,-0.03358284
1783532918.1988,48,left_handPinky_2_joint,0.7936498,0.84573585,0.21323751,0.9525216,0.25159383,0.16815236,-0.03358284
1783532918.1988,48,left_handPinky_3_joint,0.81043166,0.8553508,0.22016588,0.9525216,0.25159383,0.16815236,-0.03358284
1783532918.1988,48,left_handPinkyEnd_joint,0.8256878,0.86409163,0.22646438,0.9525216,0.25159383,0.16815236,-0.03358284
1783532918.1988,48,left_handRingStart_joint,0.70275116,0.79557157,0.191544,0.9378061,0.26651716,0.2175753,-0.046359427
1783532918.1988,48,left_handRing_1_joint,0.75606596,0.82908005,0.22177559,0.9378061,0.26651716,0.2175753,-0.046359427
1783532918.1988,48,left_handRing_2_joint,0.7936999,0.8527331,0.24311553,0.9378061,0.26651716,0.2175753,-0.046359427
1783532918.1988,48,left_handRing_3_joint,0.8172212,0.86751616,0.256453,0.9378061,0.26651716,0.2175753,-0.046359427
1783532918.1988,48,left_handRingEnd_joint,0.8329021,0.87737155,0.26534462,0.9378061,0.26651716,0.2175753,-0.046359427
1783532918.1988,48,left_handThumbStart_joint,0.6928625,0.7786061,0.21367253,-0.48866394,-0.43867502,-0.32900414,0.6786221
1783532918.1988,48,left_handThumb_1_joint,0.7142707,0.7776507,0.26290706,-0.48866394,-0.43867502,-0.32900414,0.6786221
1783532918.1988,48,left_handThumb_2_joint,0.7295709,0.7769672,0.2980999,-0.48866394,-0.43867502,-0.32900414,0.6786221
1783532918.1988,48,left_handThumbEnd_joint,0.7397711,0.7765115,0.32156175,-0.4886639,-0.43867502,-0.32900414,0.6786221
1783532918.1988,48,neck_1_joint,0.0048709023,0.58821243,0.02199628,0.5609974,0.42561018,0.5695102,0.42402372
1783532918.1988,48,neck_2_joint,0.0045417463,0.6170276,0.030337777,0.55420816,0.43272582,0.5692211,0.42613304
1783532918.1988,48,neck_3_joint,0.0036406051,0.65561825,0.040823236,0.53852534,0.45062593,0.5604644,0.4390975
1783532918.1988,48,neck_4_joint,0.002265879,0.6947201,0.049139675,0.5222196,0.46873423,0.54832125,0.45488328
1783532918.1988,48,head_joint,0.00040520786,0.74045485,0.05645201,0.45895436,0.5303533,0.49399433,0.51386356
1783532918.1988,48,jaw_joint,0.0015660822,0.71604544,0.06372075,0.45895436,0.5303533,0.49399433,0.51386356
1783532918.1988,48,chin_joint,0.0020090449,0.6753862,0.16786787,0.45895436,0.5303533,0.49399433,0.51386356
1783532918.1988,48,left_eye_joint,0.029185724,0.7824264,0.14021671,0.46356228,0.5263305,0.4984571,0.50953573
1783532918.1988,48,left_eyeLowerLid_joint,0.029185724,0.7824264,0.14021671,0.46356228,0.5263305,0.4984571,0.50953573
1783532918.1988,48,left_eyeUpperLid_joint,0.029185724,0.7824264,0.14021671,0.46356228,0.5263305,0.4984571,0.50953573
1783532918.1988,48,left_eyeball_joint,0.029185724,0.7824264,0.14021671,0.46356228,0.5263305,0.4984571,0.50953573
1783532918.1988,48,nose_joint,-0.001891095,0.75042754,0.16597494,0.46356505,0.526328,0.49845982,0.50953317
1783532918.1988,48,right_eye_joint,-0.035352316,0.77904576,0.13917139,0.46356228,0.5263305,0.4984571,0.50953573
1783532918.1988,48,right_eyeLowerLid_joint,-0.035352316,0.77904576,0.13917139,0.46356228,0.5263305,0.4984571,0.50953573
1783532918.1988,48,right_eyeUpperLid_joint,-0.035352316,0.77904576,0.13917139,0.46356228,0.5263305,0.4984571,0.50953573
1783532918.1988,48,right_eyeball_joint,-0.035352316,0.77904576,0.13917139,0.46356228,0.5263305,0.4984571,0.50953573
1783532918.1988,48,right_shoulder_1_joint,-0.08453931,0.5665351,0.02233139,0.63050383,-0.110282995,-0.1362928,0.7561261
1783532918.1988,48,right_arm_joint,-0.22067142,0.6166028,0.023069773,0.6345302,-0.012982583,-0.09163155,0.7673372
1783532918.1988,48,right_forearm_joint,-0.48210105,0.6583893,0.04870069,0.55956954,0.038706504,-0.35808027,0.7464329
1783532918.1988,48,right_hand_joint,-0.6805496,0.7900293,0.17157201,-0.0023224035,0.24641049,-0.2626815,0.93288517
1783532918.1988,48,right_handIndexStart_joint,-0.6914867,0.80001706,0.1962001,0.015714524,0.30975884,-0.26162112,0.9139785
1783532918.1988,48,right_handIndex_1_joint,-0.74539167,0.837642,0.24233423,0.015714524,0.30975884,-0.26162112,0.9139785
1783532918.1988,48,right_handIndex_2_joint,-0.77673215,0.8595165,0.26915658,0.015714524,0.30975884,-0.26162112,0.9139785
1783532918.1988,48,right_handIndex_3_joint,-0.79428273,0.87176716,0.2841771,0.015714524,0.30975884,-0.26162112,0.9139785
1783532918.1988,48,right_handIndexEnd_joint,-0.8068186,0.8805175,0.29490596,0.015714524,0.30975884,-0.26162112,0.9139785
1783532918.1988,48,right_handMidStart_joint,-0.6987454,0.80253726,0.18598576,-0.0020957082,0.24740638,-0.2623979,0.93270195
1783532918.1988,48,right_handMid_1_joint,-0.7549875,0.839824,0.22098425,-0.0020957082,0.24740638,-0.2623979,0.93270195
1783532918.1988,48,right_handMid_2_joint,-0.7945082,0.8660257,0.24557751,-0.0020957082,0.24740638,-0.2623979,0.93270195
1783532918.1988,48,right_handMid_3_joint,-0.81730884,0.8811419,0.2597661,-0.0020957082,0.24740638,-0.2623979,0.93270195
1783532918.1988,48,right_handMidEnd_joint,-0.8325089,0.89121944,0.2692249,-0.0020956963,0.24740638,-0.2623979,0.93270195
1783532918.1988,48,right_handPinkyStart_joint,-0.712458,0.80308956,0.16188876,-0.024309725,0.14949664,-0.2273075,0.9619724
1783532918.1988,48,right_handPinky_1_joint,-0.7665583,0.8313217,0.17945121,-0.024309725,0.14949664,-0.2273075,0.9619724
1783532918.1988,48,right_handPinky_2_joint,-0.7999736,0.84876007,0.19029886,-0.024309725,0.14949664,-0.2273075,0.9619724
1783532918.1988,48,right_handPinky_3_joint,-0.81747687,0.8578935,0.19598086,-0.024309715,0.14949664,-0.2273075,0.9619724
1783532918.1988,48,right_handPinkyEnd_joint,-0.8333886,0.86619705,0.20114616,-0.024309725,0.14949664,-0.2273075,0.9619724
1783532918.1988,48,right_handRingStart_joint,-0.7055378,0.80294925,0.17504059,-0.012363272,0.19849947,-0.24540716,0.94879943
1783532918.1988,48,right_handRing_1_joint,-0.7614708,0.835821,0.2009277,-0.012363272,0.19849947,-0.24540716,0.94879943
1783532918.1988,48,right_handRing_2_joint,-0.8009527,0.8590241,0.21920083,-0.012363272,0.19849947,-0.24540716,0.94879943
1783532918.1988,48,right_handRing_3_joint,-0.82562894,0.87352675,0.23062165,-0.012363272,0.19849947,-0.24540716,0.94879943
1783532918.1988,48,right_handRingEnd_joint,-0.8420806,0.8831945,0.23823579,-0.012363272,0.19849947,-0.24540716,0.94879943
1783532918.1988,48,right_handThumbStart_joint,-0.69484544,0.789288,0.19900574,0.6408072,0.32443917,-0.43543848,0.5426774
1783532918.1988,48,right_handThumb_1_joint,-0.71687806,0.7923384,0.24787842,0.6408072,0.32443917,-0.43543848,0.5426774
1783532918.1988,48,right_handThumb_2_joint,-0.7326242,0.79451865,0.28281254,0.6408072,0.32443917,-0.43543848,0.5426774
1783532918.1988,48,right_handThumbEnd_joint,-0.74312216,0.7959716,0.3061016,0.6408072,0.32443917,-0.43543848,0.5426774
1783532918.1988,48,camera,0.10825826,0.07315272,-0.031928316,-0.07754964,-0.076328404,-0.6976131,0.7081638
1783532918.2323,49,root,-0.0006637896,0.016273797,0.0012200122,0.04131735,0.014036759,-0.018346202,0.998879
1783532918.2323,49,hips_joint,-0.0006637896,0.016273797,0.0012200122,0.04131735,0.014036759,-0.018346202,0.998879
1783532918.2323,49,left_upLeg_joint,0.09884987,-0.012250468,-0.002845927,-0.60074997,0.40715545,-0.42853165,0.53822356
1783532918.2323,49,left_leg_joint,0.2256729,-0.4125022,0.02941014,-0.40702876,0.57122004,-0.20535147,0.6825439
1783532918.2323,49,left_foot_joint,0.34597972,-0.7533459,-0.25073493,0.67267925,-0.19866149,0.5825706,-0.41066778
1783532918.2323,49,left_toes_joint,0.3820887,-0.8644874,-0.15824601,0.6981398,-0.067564115,0.6498469,-0.29280585
1783532918.2323,49,left_toesEnd_joint,0.3909617,-0.89329463,-0.10560499,0.6981398,-0.0675639,0.64984685,-0.29280606
1783532918.2323,49,right_upLeg_joint,-0.10201533,-0.0051091695,0.0030984937,0.5296701,0.43668437,0.36543545,0.6286599
1783532918.2323,49,right_leg_joint,-0.25004107,-0.39338514,0.07128673,0.67433435,0.19374648,0.55022043,0.45276168
1783532918.2323,49,right_foot_joint,-0.39612204,-0.7407269,-0.18783376,0.4113617,0.56837064,0.15392704,0.6957318
1783532918.2323,49,right_toes_joint,-0.44180366,-0.8423361,-0.08884274,0.2961792,0.6360358,0.019270662,0.7122955
1783532918.2323,49,right_toesEnd_joint,-0.4533396,-0.8668557,-0.03457186,0.29617965,0.63603574,0.019270215,0.71229535
1783532918.2323,49,spine_1_joint,-0.0006638093,0.016273797,0.0012200128,0.51648617,0.49765623,0.49263623,0.49283883
1783532918.2323,49,spine_2_joint,0.00044672057,0.07380626,0.0022761729,0.5038309,0.5106701,0.48318923,0.5018954
1783532918.2323,49,spine_3_joint,0.0011079268,0.13133632,0.0007962124,0.5023394,0.50889045,0.48538753,0.50307536
1783532918.2323,49,spine_4_joint,0.0016840415,0.18437168,-0.0004962924,0.5119887,0.49558356,0.496733,0.495501
1783532918.2323,49,spine_5_joint,0.002758022,0.2548193,0.00051518454,0.5355232,0.46628344,0.52111065,0.47353852
1783532918.2323,49,spine_6_joint,0.0048332936,0.34793296,0.01199688,0.52815884,0.47045004,0.52164125,0.47709072
1783532918.2323,49,spine_7_joint,0.0062435106,0.45437706,0.023656782,0.49681726,0.5028288,0.4969668,0.5033488
1783532918.2323,49,left_shoulder_1_joint,0.095665224,0.5664746,0.017060628,-0.7576477,-0.19070683,0.1274705,0.6110257
1783532918.2323,49,left_arm_joint,0.22545059,0.63098586,0.022847842,-0.7547035,-0.1680464,0.047345366,0.6324094
1783532918.2323,49,left_forearm_joint,0.47522184,0.7143815,0.06037449,-0.68355083,-0.50079966,1.4620604e-05,0.5309976
1783532918.2323,49,left_hand_joint,0.6087781,0.89784986,0.20288828,0.8654702,0.39996463,0.3013779,-0.0127008855
1783532918.2323,49,left_handIndexStart_joint,0.6124748,0.9103501,0.22976919,0.84442145,0.39778054,0.3566932,-0.0386452
1783532918.2323,49,left_handIndex_1_joint,0.64693457,0.96208775,0.28061727,0.84442145,0.39778054,0.3566932,-0.0386452
1783532918.2323,49,left_handIndex_2_joint,0.6669693,0.9921678,0.3101801,0.84442145,0.39778054,0.3566932,-0.0386452
1783532918.2323,49,left_handIndex_3_joint,0.67818874,1.0090126,0.3267353,0.84442145,0.39778054,0.3566932,-0.0386452
1783532918.2323,49,left_handIndexEnd_joint,0.6862027,1.0210446,0.33856043,0.84442145,0.39778054,0.3566932,-0.0386452
1783532918.2323,49,left_handMidStart_joint,0.6198643,0.9149271,0.22039779,0.8664224,0.39976886,0.29893678,-0.011582378
1783532918.2323,49,left_handMid_1_joint,0.6579966,0.9670591,0.26047826,0.8664224,0.39976886,0.29893678,-0.011582378
1783532918.2323,49,left_handMid_2_joint,0.68479234,1.0036924,0.2886429,0.8664224,0.39976886,0.29893678,-0.011582378
1783532918.2323,49,left_handMid_3_joint,0.7002514,1.0248269,0.30489177,0.8664224,0.39976886,0.29893678,-0.011582378
1783532918.2323,49,left_handMidEnd_joint,0.7105574,1.0389167,0.3157243,0.8664224,0.39976886,0.29893678,-0.011582378
1783532918.2323,49,left_handPinkyStart_joint,0.63564277,0.91956246,0.19806944,0.906297,0.36738402,0.20766373,0.023034971
1783532918.2323,49,left_handPinky_1_joint,0.67652553,0.96245664,0.2208972,0.906297,0.36738402,0.20766373,0.023034971
1783532918.2323,49,left_handPinky_2_joint,0.70177674,0.9889502,0.23499669,0.906297,0.36738402,0.20766373,0.023034971
1783532918.2323,49,left_handPinky_3_joint,0.7150035,1.0028278,0.24238215,0.906297,0.36738402,0.20766373,0.023034971
1783532918.2323,49,left_handPinkyEnd_joint,0.7270279,1.0154437,0.24909621,0.906297,0.36738402,0.20766373,0.023034971
1783532918.2323,49,left_handRingStart_joint,0.62751836,0.9173525,0.21031645,0.8877239,0.38439283,0.25330675,0.004935728
1783532918.2323,49,left_handRing_1_joint,0.66776365,0.96519864,0.24146591,0.8877239,0.38439283,0.25330675,0.004935728
1783532918.2323,49,left_handRing_2_joint,0.6961722,0.9989725,0.26345375,0.8877239,0.38439283,0.25330675,0.004935728
1783532918.2323,49,left_handRing_3_joint,0.71392745,1.020081,0.27719617,0.8877239,0.38439283,0.25330675,0.004935728
1783532918.2323,49,left_handRingEnd_joint,0.7257643,1.0341535,0.2863578,0.8877239,0.38439283,0.25330675,0.004935728
1783532918.2323,49,left_handThumbStart_joint,0.6184628,0.9010831,0.23330751,-0.45608163,-0.551987,-0.25417846,0.6501489
1783532918.2323,49,left_handThumb_1_joint,0.63250196,0.9103737,0.2842962,-0.45608163,-0.551987,-0.25417846,0.6501489
1783532918.2323,49,left_handThumb_2_joint,0.6425351,0.91701335,0.3207428,-0.45608163,-0.551987,-0.25417846,0.6501489
1783532918.2323,49,left_handThumbEnd_joint,0.64922374,0.9214399,0.3450405,-0.4560816,-0.551987,-0.2541784,0.6501489
1783532918.2323,49,neck_1_joint,0.006308618,0.58830345,0.015301041,0.5553445,0.43565726,0.5630996,0.42978418
1783532918.2323,49,neck_2_joint,0.005895913,0.6173405,0.022829585,0.550317,0.44034368,0.5655773,0.42821854
1783532918.2323,49,neck_3_joint,0.0047934894,0.65610206,0.032644268,0.53563917,0.4565967,0.55881006,0.4385677
1783532918.2323,49,neck_4_joint,0.0031335526,0.6952738,0.04057002,0.519727,0.47388336,0.54787326,0.45293862
1783532918.2323,49,head_joint,0.00087145146,0.7410344,0.047602728,0.45587105,0.5351566,0.4937657,0.51184416
1783532918.2323,49,jaw_joint,0.002293623,0.7166835,0.05501966,0.45587105,0.5351566,0.4937657,0.51184416
1783532918.2323,49,chin_joint,0.0035596017,0.6766895,0.15941738,0.45587105,0.5351566,0.4937657,0.51184416
1783532918.2323,49,left_eye_joint,0.029606508,0.7838042,0.13097835,0.46052095,0.53116053,0.49821085,0.5075184
1783532918.2323,49,left_eyeLowerLid_joint,0.029606508,0.7838042,0.13097835,0.46052095,0.53116053,0.49821085,0.5075184
1783532918.2323,49,left_eyeUpperLid_joint,0.029606508,0.7838042,0.13097835,0.46052095,0.53116053,0.49821085,0.5075184
1783532918.2323,49,left_eyeball_joint,0.029606508,0.7838042,0.13097835,0.46052095,0.53116053,0.49821085,0.5075184
1783532918.2323,49,nose_joint,-0.0010576562,0.75167733,0.15706965,0.46052375,0.5311581,0.4982135,0.5075158
1783532918.2323,49,right_eye_joint,-0.034900527,0.7798089,0.13023001,0.46052095,0.53116053,0.49821085,0.5075184
1783532918.2323,49,right_eyeLowerLid_joint,-0.034900527,0.7798089,0.13023001,0.46052095,0.53116053,0.49821085,0.5075184
1783532918.2323,49,right_eyeUpperLid_joint,-0.034900527,0.7798089,0.13023001,0.46052095,0.53116053,0.49821085,0.5075184
1783532918.2323,49,right_eyeball_joint,-0.034900527,0.7798089,0.13023001,0.46052095,0.53116053,0.49821085,0.5075184
1783532918.2323,49,right_shoulder_1_joint,-0.08306621,0.56653976,0.01694055,0.593757,-0.111632,-0.18837517,0.7742777
1783532918.2323,49,right_arm_joint,-0.21420608,0.62808037,0.024313366,0.59061384,-0.024357596,-0.20912208,0.7790059
1783532918.2323,49,right_forearm_joint,-0.45661217,0.72239536,0.07992339,0.50490975,0.021555273,-0.4617167,0.72898525
1783532918.2323,49,right_hand_joint,-0.6100806,0.8969521,0.21328633,-0.035475466,0.29508284,-0.3557711,0.8860557
1783532918.2323,49,right_handIndexStart_joint,-0.61560506,0.9104982,0.23802304,-0.010949389,0.35514095,-0.35678568,0.86397874
1783532918.2323,49,right_handIndex_1_joint,-0.6552108,0.96063477,0.28667948,-0.010949389,0.35514095,-0.35678568,0.86397874
1783532918.2323,49,right_handIndex_2_joint,-0.6782378,0.9897835,0.31496838,-0.010949389,0.35514095,-0.35678568,0.86397874
1783532918.2323,49,right_handIndex_3_joint,-0.6911327,1.0061078,0.33081007,-0.010949389,0.35514095,-0.35678568,0.86397874
1783532918.2323,49,right_handIndexEnd_joint,-0.70034313,1.0177677,0.3421255,-0.010949389,0.35514095,-0.35678568,0.86397874
1783532918.2323,49,right_handMidStart_joint,-0.6236428,0.91360635,0.22858337,-0.035133567,0.2960506,-0.3555286,0.8858438
1783532918.2323,49,right_handMid_1_joint,-0.6671167,0.96306866,0.26655516,-0.035133567,0.2960506,-0.3555286,0.8858438
1783532918.2323,49,right_handMid_2_joint,-0.6976652,0.99782604,0.2932377,-0.035133567,0.2960506,-0.3555286,0.8858438
1783532918.2323,49,right_handMid_3_joint,-0.7152896,1.0178783,0.30863163,-0.035133567,0.2960506,-0.3555286,0.8858438
1783532918.2323,49,right_handMidEnd_joint,-0.7270388,1.0312464,0.31889397,-0.035133556,0.2960506,-0.3555286,0.8858438
1783532918.2323,49,right_handPinkyStart_joint,-0.6402254,0.91501814,0.20640165,-0.065016165,0.20422637,-0.31786922,0.92359287
1783532918.2323,49,right_handPinky_1_joint,-0.68559676,0.95398974,0.22773215,-0.065016165,0.20422637,-0.31786922,0.92359287
1783532918.2323,49,right_handPinky_2_joint,-0.7136204,0.97806144,0.24090709,-0.065016165,0.20422637,-0.31786922,0.92359287
1783532918.2323,49,right_handPinky_3_joint,-0.7282997,0.9906694,0.24780825,-0.06501616,0.20422637,-0.31786922,0.92359287
1783532918.2323,49,right_handPinkyEnd_joint,-0.7416442,1.0021316,0.2540818,-0.065016165,0.20422637,-0.31786922,0.92359287
1783532918.2323,49,right_handRingStart_joint,-0.6316963,0.91451055,0.21856208,-0.049333584,0.25018254,-0.33743957,0.906151
1783532918.2323,49,right_handRing_1_joint,-0.6768959,0.958952,0.24790737,-0.049333584,0.25018254,-0.33743957,0.906151
1783532918.2323,49,right_handRing_2_joint,-0.7088014,0.99032193,0.26862156,-0.049333584,0.25018254,-0.33743957,0.906151
1783532918.2323,49,right_handRing_3_joint,-0.72874236,1.0099288,0.281568,-0.049333584,0.25018254,-0.33743957,0.906151
1783532918.2323,49,right_handRingEnd_joint,-0.7420371,1.0229996,0.29019934,-0.049333584,0.25018254,-0.33743957,0.906151
1783532918.2323,49,right_handThumbStart_joint,-0.6203764,0.9008052,0.24221177,0.61492246,0.28132194,-0.5370465,0.5042915
1783532918.2323,49,right_handThumb_1_joint,-0.6346023,0.911313,0.29291177,0.61492246,0.28132194,-0.5370465,0.5042915
1783532918.2323,49,right_handThumb_2_joint,-0.64476836,0.91882336,0.32915172,0.61492246,0.28132194,-0.5370465,0.5042915
1783532918.2323,49,right_handThumbEnd_joint,-0.65154636,0.9238298,0.35331145,0.61492246,0.28132194,-0.5370465,0.5042915
1783532918.2323,49,camera,0.10778308,0.0728034,-0.031074343,-0.07740899,-0.0762883,-0.69755715,0.70823866
1783532918.2661,50,root,-0.00086068746,0.015702123,0.0022027518,0.04980512,0.015778737,-0.019448867,0.998445
1783532918.2661,50,hips_joint,-0.00086068746,0.015702123,0.0022027518,0.04980512,0.015778737,-0.019448867,0.998445
1783532918.2661,50,left_upLeg_joint,0.098572165,-0.0129761,-0.0026756332,-0.59523445,0.4179441,-0.41121194,0.54947555
1783532918.2661,50,left_leg_joint,0.23014717,-0.41279098,0.0100563215,-0.4065112,0.5745317,-0.1937777,0.6834562
1783532918.2661,50,left_foot_joint,0.35120863,-0.7475322,-0.27703574,0.674314,-0.20158765,0.5740221,-0.41852325
1783532918.2661,50,left_toes_joint,0.3899155,-0.8596563,-0.18681128,0.70029956,-0.070127375,0.64294225,-0.30213913
1783532918.2661,50,left_toesEnd_joint,0.39982864,-0.88918173,-0.13475707,0.70029956,-0.07012717,0.64294213,-0.30213934
1783532918.2661,50,right_upLeg_joint,-0.102255374,-0.0054780673,0.0040505906,0.53587884,0.42943594,0.35570416,0.63395053
1783532918.2661,50,right_leg_joint,-0.26147854,-0.38919878,0.072795555,0.6783497,0.17879702,0.546679,0.45718202
1783532918.2661,50,right_foot_joint,-0.41620612,-0.72872084,-0.19161619,0.4237417,0.55907845,0.14841323,0.69702774
1783532918.2661,50,right_toes_joint,-0.46550724,-0.83016765,-0.094207734,0.310096,0.6292586,0.013611152,0.71252286
1783532918.2661,50,right_toesEnd_joint,-0.47810608,-0.8550174,-0.04032477,0.31009647,0.6292586,0.013610727,0.7125226
1783532918.2661,50,spine_1_joint,-0.0008607072,0.015702125,0.0022027525,0.52274626,0.4926026,0.49542037,0.48850578
1783532918.2661,50,spine_2_joint,0.0005092078,0.07319996,0.004313784,0.50918084,0.50634646,0.48511744,0.4990084
1783532918.2661,50,spine_3_joint,0.0014616328,0.13074127,0.003662445,0.5057322,0.5062515,0.48534492,0.5023792
1783532918.2661,50,spine_4_joint,0.0023263912,0.18378006,0.0027206563,0.51277673,0.49528468,0.49438247,0.49733222
1783532918.2661,50,spine_5_joint,0.003770197,0.25422388,0.00351049,0.5335183,0.46883592,0.5167588,0.47802892
1783532918.2661,50,spine_6_joint,0.0062453537,0.34747374,0.01373919,0.523375,0.4758233,0.5154698,0.48369625
1783532918.2661,50,spine_7_joint,0.007937572,0.45415342,0.022952147,0.48986158,0.50965846,0.4894761,0.5105853
1783532918.2661,50,left_shoulder_1_joint,0.09746483,0.56593204,0.013152437,-0.7771985,-0.23532005,0.115434125,0.5720686
1783532918.2661,50,left_arm_joint,0.2225846,0.6381455,0.02617907,-0.7659203,-0.28692693,0.035345778,0.57427377
1783532918.2661,50,left_forearm_joint,0.44411066,0.76585156,0.099433094,0.63909566,0.6375804,-0.0020888813,-0.43016756
1783532918.2661,50,left_hand_joint,0.49421412,0.98471546,0.24570808,0.7692856,0.5104508,0.3820382,0.04107181
1783532918.2661,50,left_handIndexStart_joint,0.48823133,0.9994019,0.27102646,0.74328727,0.51156217,0.43100756,0.007821971
1783532918.2661,50,left_handIndex_1_joint,0.49666983,1.0610176,0.3218407,0.74328727,0.51156217,0.43100756,0.007821971
1783532918.2661,50,left_handIndex_2_joint,0.5015759,1.0968406,0.35138384,0.74328727,0.51156217,0.43100756,0.007821971
1783532918.2661,50,left_handIndex_3_joint,0.50432336,1.1169016,0.36792803,0.74328727,0.51156217,0.43100756,0.007821971
1783532918.2661,50,left_handIndexEnd_joint,0.5062858,1.1312308,0.37974533,0.74328727,0.51156217,0.43100756,0.007821971
1783532918.2661,50,left_handMidStart_joint,0.49654585,1.0050293,0.26311585,0.77049136,0.51012,0.37989044,0.042478647
1783532918.2661,50,left_handMid_1_joint,0.51105875,1.0672368,0.30432093,0.77049136,0.51012,0.37989044,0.042478647
1783532918.2661,50,left_handMid_2_joint,0.521257,1.1109504,0.33327585,0.77049136,0.51012,0.37989044,0.042478647
1783532918.2661,50,left_handMid_3_joint,0.5271406,1.1361696,0.34998062,0.77049136,0.51012,0.37989044,0.042478647
1783532918.2661,50,left_handMidEnd_joint,0.531063,1.1529824,0.36111712,0.77049136,0.51012,0.37989044,0.042478647
1783532918.2661,50,left_handPinkyStart_joint,0.5160047,1.0119241,0.24460052,0.82303935,0.47445065,0.30042523,0.08513517
1783532918.2661,50,left_handPinky_1_joint,0.53945464,1.0647659,0.27087352,0.82303935,0.47445065,0.30042523,0.08513517
1783532918.2661,50,left_handPinky_2_joint,0.55393845,1.0974034,0.28710094,0.82303935,0.47445065,0.30042523,0.08513517
1783532918.2661,50,left_handPinky_3_joint,0.56152517,1.1144993,0.295601,0.82303935,0.47445065,0.30042523,0.08513517
1783532918.2661,50,left_handPinkyEnd_joint,0.56842226,1.130041,0.30332837,0.82303935,0.47445065,0.30042523,0.08513517
1783532918.2661,50,left_handRingStart_joint,0.5057587,1.0085922,0.25483757,0.798049,0.493345,0.34020004,0.06319037
1783532918.2661,50,left_handRing_1_joint,0.5254393,1.0665985,0.28841123,0.798049,0.493345,0.34020004,0.06319037
1783532918.2661,50,left_handRing_2_joint,0.53933156,1.1075441,0.31211028,0.798049,0.493345,0.34020004,0.06319037
1783532918.2661,50,left_handRing_3_joint,0.54801416,1.1331351,0.32692218,0.798049,0.493345,0.34020004,0.06319037
1783532918.2661,50,left_handRingEnd_joint,0.5538026,1.1501957,0.3367968,0.798049,0.493345,0.34020004,0.06319037
1783532918.2661,50,left_handThumbStart_joint,0.49501997,0.9920957,0.2769244,-0.38374022,-0.6876799,-0.20420076,0.58150023
1783532918.2661,50,left_handThumb_1_joint,0.4934543,1.0076854,0.3282837,-0.38374022,-0.6876799,-0.20420076,0.58150023
1783532918.2661,50,left_handThumb_2_joint,0.49233347,1.0188272,0.36499476,-0.38374022,-0.6876799,-0.20420076,0.58150023
1783532918.2661,50,left_handThumbEnd_joint,0.49158627,1.0262551,0.38946882,-0.3837402,-0.6876799,-0.20420071,0.58150023
1783532918.2661,50,neck_1_joint,0.008128765,0.58778703,0.010781401,0.5534197,0.43864098,0.5597947,0.4335332
1783532918.2661,50,neck_2_joint,0.007782202,0.6169135,0.017959565,0.55165076,0.43946403,0.5648684,0.42834175
1783532918.2661,50,neck_3_joint,0.0068058115,0.6556645,0.027829112,0.5392324,0.45315146,0.5600528,0.43614572
1783532918.2661,50,neck_4_joint,0.005285378,0.694754,0.036177788,0.5245406,0.4692631,0.55036366,0.44916475
1783532918.2661,50,head_joint,0.0031745583,0.74040496,0.043932922,0.46118423,0.5311154,0.49671772,0.50842583
1783532918.2661,50,jaw_joint,0.004539147,0.7159364,0.050963566,0.46118423,0.5311154,0.49671772,0.50842583
1783532918.2661,50,chin_joint,0.0058999592,0.6743039,0.15471748,0.46118423,0.5311154,0.49671772,0.50842583
1783532918.2661,50,left_eye_joint,0.032208543,0.7817746,0.1279093,0.46579877,0.52707314,0.501133,0.50407445
1783532918.2661,50,left_eyeLowerLid_joint,0.032208543,0.7817746,0.1279093,0.46579877,0.52707314,0.501133,0.50407445
1783532918.2661,50,left_eyeUpperLid_joint,0.032208543,0.7817746,0.1279093,0.46579877,0.52707314,0.501133,0.50407445
1783532918.2661,50,left_eyeball_joint,0.032208543,0.7817746,0.1279093,0.46579877,0.52707314,0.501133,0.50407445
1783532918.2661,50,nose_joint,0.0015021118,0.7493327,0.15355726,0.46580148,0.5270707,0.50113565,0.50407183
1783532918.2661,50,right_eye_joint,-0.03231154,0.77798223,0.12723382,0.46579877,0.52707314,0.501133,0.50407445
1783532918.2661,50,right_eyeLowerLid_joint,-0.03231154,0.77798223,0.12723382,0.46579877,0.52707314,0.501133,0.50407445
1783532918.2661,50,right_eyeUpperLid_joint,-0.03231154,0.77798223,0.12723382,0.46579877,0.52707314,0.501133,0.50407445
1783532918.2661,50,right_eyeball_joint,-0.03231154,0.77798223,0.12723382,0.46579877,0.52707314,0.501133,0.50407445
1783532918.2661,50,right_shoulder_1_joint,-0.081266485,0.56616426,0.013050947,0.56232744,-0.09529646,-0.23122218,0.7881897
1783532918.2661,50,right_arm_joint,-0.20817144,0.63457954,0.028980497,0.5465849,0.0035470212,-0.31341305,0.776534
1783532918.2661,50,right_forearm_joint,-0.42189628,0.76301736,0.121576175,0.4381118,0.04733054,-0.56776804,0.6953113
1783532918.2661,50,right_hand_joint,-0.5159,0.9634806,0.2725269,-0.06855724,0.37949115,-0.4249555,0.8189626
1783532918.2661,50,right_handIndexStart_joint,-0.5140127,0.97841054,0.29701063,-0.039155092,0.4347843,-0.42810464,0.7913004
1783532918.2661,50,right_handIndex_1_joint,-0.5345223,1.0355566,0.349579,-0.039155092,0.4347843,-0.42810464,0.7913004
1783532918.2661,50,right_handIndex_2_joint,-0.5464469,1.0687807,0.38014236,-0.039155092,0.4347843,-0.42810464,0.7913004
1783532918.2661,50,right_handIndex_3_joint,-0.55312437,1.087387,0.39725766,-0.039155092,0.4347843,-0.42810464,0.7913004
1783532918.2661,50,right_handIndexEnd_joint,-0.55789375,1.100677,0.40948275,-0.039155092,0.4347843,-0.42810464,0.7913004
1783532918.2661,50,right_handMidStart_joint,-0.5232864,0.9825043,0.28922516,-0.06811258,0.38040704,-0.42475548,0.8186785
1783532918.2661,50,right_handMid_1_joint,-0.5498727,1.0393105,0.3321739,-0.06811258,0.38040704,-0.42475548,0.8186785
1783532918.2661,50,right_handMid_2_joint,-0.56855434,1.0792283,0.36235362,-0.06811258,0.38040704,-0.42475548,0.8186785
1783532918.2661,50,right_handMid_3_joint,-0.5793325,1.1022576,0.37976524,-0.06811258,0.38040704,-0.42475548,0.8186785
1783532918.2661,50,right_handMidEnd_joint,-0.5865176,1.1176106,0.3913726,-0.06811258,0.38040704,-0.42475548,0.8186785
1783532918.2661,50,right_handPinkyStart_joint,-0.5437401,0.9859415,0.27081764,-0.10185342,0.29648313,-0.38525322,0.8679309
1783532918.2661,50,right_handPinky_1_joint,-0.57722753,1.0322425,0.298515,-0.10185342,0.29648313,-0.38525322,0.8679309
1783532918.2661,50,right_handPinky_2_joint,-0.597911,1.0608412,0.3156224,-0.10185342,0.29648313,-0.38525322,0.8679309
1783532918.2661,50,right_handPinky_3_joint,-0.60874546,1.0758206,0.32458347,-0.101853415,0.29648313,-0.38525322,0.8679309
1783532918.2661,50,right_handPinkyEnd_joint,-0.6185947,1.0894384,0.33272964,-0.10185342,0.29648313,-0.38525322,0.8679309
1783532918.2661,50,right_handRingStart_joint,-0.53302956,0.98441,0.28100675,-0.08435333,0.33856305,-0.40592873,0.8446786
1783532918.2661,50,right_handRing_1_joint,-0.56384736,1.036301,0.31617472,-0.08435333,0.33856305,-0.40592873,0.8446786
1783532918.2661,50,right_handRing_2_joint,-0.5856011,1.0729294,0.34099904,-0.08435333,0.33856305,-0.40592873,0.8446786
1783532918.2661,50,right_handRing_3_joint,-0.599197,1.0958229,0.35651428,-0.08435333,0.33856305,-0.40592873,0.8446786
1783532918.2661,50,right_handRingEnd_joint,-0.60826176,1.1110848,0.36685836,-0.08435333,0.33856305,-0.40592873,0.8446786
1783532918.2661,50,right_handThumbStart_joint,-0.51920724,0.9697248,0.3026533,-0.56466186,-0.27118832,0.64198714,-0.4421166
1783532918.2661,50,right_handThumb_1_joint,-0.5207469,0.9837626,0.35445923,-0.56466186,-0.27118832,0.64198714,-0.4421166
1783532918.2661,50,right_handThumb_2_joint,-0.52184504,0.9937958,0.39148918,-0.56466186,-0.27118832,0.64198714,-0.4421166
1783532918.2661,50,right_handThumbEnd_joint,-0.5225779,1.0004843,0.41617575,-0.56466186,-0.27118832,0.64198714,-0.4421166
1783532918.2661,50,camera,0.10771488,0.07290418,-0.030589426,-0.07731337,-0.07606566,-0.6976536,0.708178
1783532918.2988,51,root,-0.0018791978,0.015445973,0.0020642807,0.056656126,0.010692544,-0.020028736,0.99813557
1783532918.2988,51,hips_joint,-0.0018791978,0.015445973,0.0020642807,0.056656126,0.010692544,-0.020028736,0.99813557
1783532918.2988,51,left_upLeg_joint,0.09754646,-0.013358952,-0.0021723167,-0.57949173,0.43587974,-0.4133942,0.55072993
1783532918.2988,51,left_leg_joint,0.2147086,-0.41783252,-0.002587946,-0.39310735,0.5833738,-0.20408867,0.6808007
1783532918.2988,51,left_foot_joint,0.32265383,-0.7546591,-0.2924587,0.66921526,-0.21681416,0.5805014,-0.4100741
1783532918.2988,51,left_toes_joint,0.35723212,-0.86886036,-0.20316765,0.6981792,-0.08604431,0.6477027,-0.29261518
1783532918.2988,51,left_toesEnd_joint,0.3660983,-0.89914215,-0.15135963,0.6981792,-0.086044095,0.6477026,-0.29261535
1783532918.2988,51,right_upLeg_joint,-0.10332602,-0.0055581722,0.0025771582,0.5346607,0.42308235,0.35731682,0.638329
1783532918.2988,51,right_leg_joint,-0.26614255,-0.38815606,0.06912882,0.6692798,0.18600287,0.54562014,0.468792
1783532918.2988,51,right_foot_joint,-0.4195237,-0.73595685,-0.1851116,0.41215795,0.5591577,0.14042,0.7055143
1783532918.2988,51,right_toes_joint,-0.46948653,-0.8341776,-0.084777884,0.2987072,0.6271409,0.004154347,0.7193406
1783532918.2988,51,right_toesEnd_joint,-0.48242855,-0.85726714,-0.030197743,0.29870772,0.62714094,0.0041539134,0.7193404
1783532918.2988,51,spine_1_joint,-0.0018792176,0.015445974,0.0020642811,0.5223463,0.48661354,0.5027662,0.48742965
1783532918.2988,51,spine_2_joint,-0.0006782746,0.072911814,0.0049912124,0.50623804,0.5018024,0.49285403,0.49901128
1783532918.2988,51,spine_3_joint,-6.944895e-05,0.13046136,0.004887204,0.4994122,0.503878,0.49231815,0.5042984
1783532918.2988,51,spine_4_joint,0.00032630205,0.18350689,0.0040133893,0.5028354,0.49548072,0.49999154,0.5016607
1783532918.2988,51,spine_5_joint,0.0009610438,0.25396684,0.004192022,0.5203494,0.47180995,0.5209509,0.48501718
1783532918.2988,51,spine_6_joint,0.002083404,0.34741828,0.012668293,0.50778645,0.48007238,0.51767784,0.49365234
1783532918.2988,51,spine_7_joint,0.0024004052,0.4543242,0.01893773,0.47361523,0.5125209,0.48946303,0.52291167
1783532918.2988,51,left_shoulder_1_joint,0.09137823,0.5664248,0.007892579,-0.7960574,-0.29827228,0.073981814,0.5213953
1783532918.2988,51,left_arm_joint,0.2090311,0.6464968,0.03592316,0.7587543,0.42988503,0.03080932,-0.48840722
1783532918.2988,51,left_forearm_joint,0.37620342,0.8120093,0.16005136,0.5933415,0.75301236,0.035763428,-0.28220433
1783532918.2988,51,left_hand_joint,0.3395951,1.046055,0.28531313,0.6436981,0.5798587,0.48173723,0.13170464
1783532918.2988,51,left_handIndexStart_joint,0.32321617,1.0610899,0.30526775,0.6115547,0.5867497,0.5224401,0.09371378
1783532918.2988,51,left_handIndex_1_joint,0.30438837,1.1265894,0.34775433,0.6115547,0.5867497,0.5224401,0.09371378
1783532918.2988,51,left_handIndex_2_joint,0.29344195,1.1646706,0.3724558,0.6115547,0.5867497,0.5224401,0.09371378
1783532918.2988,51,left_handIndex_3_joint,0.28731197,1.1859959,0.38628864,0.6115547,0.5867497,0.5224401,0.09371378
1783532918.2988,51,left_handIndexEnd_joint,0.2829334,1.2012285,0.39616925,0.6115547,0.5867497,0.5224401,0.09371378
1783532918.2988,51,left_handMidStart_joint,0.33274812,1.0676105,0.29979056,0.6451992,0.5792942,0.4799728,0.13327628
1783532918.2988,51,left_handMid_1_joint,0.32272086,1.1341584,0.3351332,0.6451992,0.5792942,0.4799728,0.13327628
1783532918.2988,51,left_handMid_2_joint,0.3156747,1.1809218,0.35996857,0.6451992,0.5792942,0.4799728,0.13327628
1783532918.2988,51,left_handMid_3_joint,0.3116096,1.2079006,0.37429664,0.6451992,0.5792942,0.4799728,0.13327628
1783532918.2988,51,left_handMidEnd_joint,0.30889955,1.2258865,0.38384873,0.6451992,0.5792942,0.4799728,0.13327628
1783532918.2988,51,left_handPinkyStart_joint,0.3560205,1.0767227,0.28777534,0.7110342,0.5377023,0.41639113,0.17867595
1783532918.2988,51,left_handPinky_1_joint,0.3607824,1.1347278,0.3131751,0.7110342,0.5377023,0.41639113,0.17867595
1783532918.2988,51,left_handPinky_2_joint,0.3637236,1.1705545,0.3288632,0.7110342,0.5377023,0.41639113,0.17867595
1783532918.2988,51,left_handPinky_3_joint,0.3652642,1.1893209,0.3370808,0.7110342,0.5377023,0.41639113,0.17867595
1783532918.2988,51,left_handPinkyEnd_joint,0.36666477,1.2063813,0.3445513,0.7110342,0.5377023,0.41639113,0.17867595
1783532918.2988,51,left_handRingStart_joint,0.34355548,1.0722513,0.2945214,0.6793073,0.55975485,0.44833198,0.15561078
1783532918.2988,51,left_handRing_1_joint,0.34155396,1.1351192,0.3249,0.6793073,0.55975485,0.44833198,0.15561078
1783532918.2988,51,left_handRing_2_joint,0.3401411,1.1794965,0.34634373,0.6793073,0.55975485,0.44833198,0.15561078
1783532918.2988,51,left_handRing_3_joint,0.33925807,1.2072324,0.35974604,0.6793073,0.55975485,0.44833198,0.15561078
1783532918.2988,51,left_handRingEnd_joint,0.3386694,1.2257229,0.36868095,0.6793073,0.55975485,0.44833198,0.15561078
1783532918.2988,51,left_handThumbStart_joint,0.3286445,1.0556164,0.31391802,0.31154364,0.8157891,0.1794425,-0.45302245
1783532918.2988,51,left_handThumb_1_joint,0.307414,1.0741827,0.35961068,0.31154364,0.8157891,0.1794425,-0.45302245
1783532918.2988,51,left_handThumb_2_joint,0.29223728,1.087452,0.39227095,0.31154364,0.8157891,0.1794425,-0.45302245
1783532918.2988,51,left_handThumbEnd_joint,0.28211948,1.0962982,0.4140445,0.31154364,0.8157891,0.17944244,-0.45302245
1783532918.2988,51,neck_1_joint,0.001984117,0.5875075,0.0025632416,0.5398306,0.44120255,0.5642688,0.44218063
1783532918.2988,51,neck_2_joint,0.0012005758,0.6167685,0.009134344,0.53976786,0.43993217,0.57162416,0.43400013
1783532918.2988,51,neck_3_joint,-0.0004229784,0.6556122,0.018543446,0.5285114,0.45191747,0.56834286,0.4398098
1783532918.2988,51,neck_4_joint,-0.0026024198,0.6947167,0.026672874,0.5144515,0.46699834,0.55951136,0.45188403
1783532918.2988,51,head_joint,-0.005470309,0.74034345,0.034326814,0.4513739,0.5276825,0.5054087,0.51222515
1783532918.2988,51,jaw_joint,-0.003982973,0.7158984,0.04141401,0.4513739,0.5276825,0.5054087,0.51222515
1783532918.2988,51,chin_joint,-0.004734459,0.6743566,0.14521049,0.4513739,0.5276825,0.5054087,0.51222515
1783532918.2988,51,left_eye_joint,0.02091923,0.7821252,0.11896925,0.45595887,0.5237259,0.5098568,0.5077978
1783532918.2988,51,left_eyeLowerLid_joint,0.02091923,0.7821252,0.11896925,0.45595887,0.5237259,0.5098568,0.5077978
1783532918.2988,51,left_eyeUpperLid_joint,0.02091923,0.7821252,0.11896925,0.45595887,0.5237259,0.5098568,0.5077978
1783532918.2988,51,left_eyeball_joint,0.02091923,0.7821252,0.11896925,0.45595887,0.5237259,0.5098568,0.5077978
1783532918.2988,51,nose_joint,-0.010024507,0.7493246,0.14386491,0.45596156,0.5237235,0.50985944,0.50779516
1783532918.2988,51,right_eye_joint,-0.04351158,0.7775373,0.1166666,0.45595887,0.5237259,0.5098568,0.5077978
1783532918.2988,51,right_eyeLowerLid_joint,-0.04351158,0.7775373,0.1166666,0.45595887,0.5237259,0.5098568,0.5077978
1783532918.2988,51,right_eyeUpperLid_joint,-0.04351158,0.7775373,0.1166666,0.45595887,0.5237259,0.5098568,0.5077978
1783532918.2988,51,right_eyeball_joint,-0.04351158,0.7775373,0.1166666,0.45595887,0.5237259,0.5098568,0.5077978
1783532918.2988,51,right_shoulder_1_joint,-0.087289,0.5652802,0.0032417,0.52613926,-0.072336435,-0.27099743,0.8028108
1783532918.2988,51,right_arm_joint,-0.20951551,0.6394348,0.027757892,0.4858451,0.048251014,-0.4164342,0.7669477
1783532918.2988,51,right_forearm_joint,-0.38200969,0.79686695,0.15507391,0.34241167,0.08003519,-0.67141813,0.6523391
1783532918.2988,51,right_hand_joint,-0.40494373,1.0169177,0.3062691,-0.119125344,0.46798843,-0.48805204,0.72704965
1783532918.2988,51,right_handIndexStart_joint,-0.39481607,1.0325028,0.3281884,-0.08521755,0.51681715,-0.4945624,0.69357485
1783532918.2988,51,right_handIndex_1_joint,-0.39293823,1.0946721,0.37899375,-0.08521755,0.51681715,-0.4945624,0.69357485
1783532918.2988,51,right_handIndex_2_joint,-0.3918468,1.1308169,0.4085322,-0.08521755,0.51681715,-0.4945624,0.69357485
1783532918.2988,51,right_handIndex_3_joint,-0.3912352,1.1510588,0.42507342,-0.08521755,0.51681715,-0.4945624,0.69357485
1783532918.2988,51,right_handIndexEnd_joint,-0.39079824,1.165517,0.43688846,-0.08521755,0.51681715,-0.4945624,0.69357485
1783532918.2988,51,right_handMidStart_joint,-0.4050549,1.0376657,0.3225418,-0.11858009,0.46883076,-0.48791876,0.72668546
1783532918.2988,51,right_handMid_1_joint,-0.41146052,1.1000224,0.36554152,-0.11858009,0.46883076,-0.48791876,0.72668546
1783532918.2988,51,right_handMid_2_joint,-0.41596138,1.1438404,0.39575693,-0.11858009,0.46883076,-0.48791876,0.72668546
1783532918.2988,51,right_handMid_3_joint,-0.41855815,1.16912,0.4131892,-0.11858009,0.46883076,-0.48791876,0.72668546
1783532918.2988,51,right_handMidEnd_joint,-0.42028916,1.1859729,0.4248103,-0.11858007,0.46883076,-0.48791876,0.72668546
1783532918.2988,51,right_handPinkyStart_joint,-0.42875883,1.0434821,0.30937746,-0.15520762,0.39596102,-0.44563058,0.7877429
1783532918.2988,51,right_handPinky_1_joint,-0.44712684,1.0958699,0.34020704,-0.15520762,0.39596102,-0.44563058,0.7877429
1783532918.2988,51,right_handPinky_2_joint,-0.45847163,1.1282281,0.35924897,-0.15520762,0.39596102,-0.44563058,0.7877429
1783532918.2988,51,right_handPinky_3_joint,-0.46441454,1.1451768,0.3692235,-0.15520757,0.39596102,-0.44563058,0.7877429
1783532918.2988,51,right_handPinkyEnd_joint,-0.46981695,1.1605849,0.37829092,-0.15520762,0.39596102,-0.44563058,0.7877429
1783532918.2988,51,right_handRingStart_joint,-0.41616908,1.0407273,0.3167794,-0.13642412,0.4326033,-0.46787763,0.7585074
1783532918.2988,51,right_handRing_1_joint,-0.42929327,1.098551,0.35370302,-0.13642412,0.4326033,-0.46787763,0.7585074
1783532918.2988,51,right_handRing_2_joint,-0.4385575,1.1393673,0.37976667,-0.13642412,0.4326033,-0.46787763,0.7585074
1783532918.2988,51,right_handRing_3_joint,-0.4443474,1.1648782,0.39605638,-0.13642412,0.4326033,-0.46787763,0.7585074
1783532918.2988,51,right_handRingEnd_joint,-0.448208,1.1818852,0.40691698,-0.13642412,0.4326033,-0.46787763,0.7585074
1783532918.2988,51,right_handThumbStart_joint,-0.39962703,1.0250537,0.3356471,-0.48427126,-0.25746235,0.748521,-0.37270743
1783532918.2988,51,right_handThumb_1_joint,-0.38603705,1.041626,0.3848808,-0.48427126,-0.25746235,0.748521,-0.37270743
1783532918.2988,51,right_handThumb_2_joint,-0.37632105,1.0534703,0.42007172,-0.48427126,-0.25746235,0.748521,-0.37270743
1783532918.2988,51,right_handThumbEnd_joint,-0.36984447,1.0613662,0.44353247,-0.48427126,-0.25746232,0.748521,-0.37270743
1783532918.2988,51,camera,0.107775874,0.07313538,-0.030170023,-0.07735412,-0.07552893,-0.697736,0.7081498
1783532918.3322,52,root,-0.0017009001,0.015598272,0.0027207232,0.06324385,0.009328,-0.02074006,0.997739
1783532918.3322,52,hips_joint,-0.0017009001,0.015598272,0.0027207232,0.06324385,0.009328,-0.02074006,0.997739
1783532918.3322,52,left_upLeg_joint,0.09768719,-0.013322562,-0.0016065681,-0.5657238,0.45496804,-0.41804454,0.5460765
1783532918.3322,52,left_leg_joint,0.1972715,-0.42235518,-0.011670538,-0.3798152,0.59601104,-0.21754174,0.6731917
1783532918.3322,52,left_foot_joint,0.28639737,-0.76334244,-0.30307013,0.6665446,-0.23495942,0.58639956,-0.395788
1783532918.3322,52,left_toes_joint,0.31648082,-0.8792,-0.2142867,0.6989962,-0.10436682,0.6507861,-0.27747005
1783532918.3322,52,left_toesEnd_joint,0.324438,-0.9099577,-0.16261171,0.6989961,-0.104366615,0.6507861,-0.2774703
1783532918.3322,52,right_upLeg_joint,-0.1031846,-0.0052331937,0.0026648934,0.5362266,0.42350036,0.36133423,0.6344654
1783532918.3322,52,right_leg_joint,-0.2632717,-0.38956168,0.06577779,0.667841,0.19783376,0.5378979,0.47488534
1783532918.3322,52,right_foot_joint,-0.42015228,-0.7440309,-0.1768526,0.40372956,0.567584,0.13058333,0.7055487
1783532918.3322,52,right_toes_joint,-0.46807984,-0.8397937,-0.07320467,0.2888345,0.6338168,-0.0055106017,0.7175099
1783532918.3322,52,right_toesEnd_joint,-0.479999,-0.8615238,-0.017839044,0.28883502,0.6338168,-0.0055110394,0.71750975
1783532918.3322,52,spine_1_joint,-0.0017009199,0.015598273,0.0027207234,0.52594286,0.48082536,0.5058066,0.4861592
1783532918.3322,52,spine_2_joint,-0.00020838632,0.07301178,0.0064349244,0.50899786,0.4965221,0.49416965,0.50018334
1783532918.3322,52,spine_3_joint,0.00085774047,0.1305536,0.006800871,0.49992165,0.5004063,0.49083441,0.50867826
1783532918.3322,52,spine_4_joint,0.0017782412,0.1835909,0.00582816,0.5002512,0.49459055,0.4953461,0.50966793
1783532918.3322,52,spine_5_joint,0.003190328,0.25403497,0.0050020334,0.51434356,0.4741301,0.5135855,0.49687192
1783532918.3322,52,spine_6_joint,0.00532632,0.34766594,0.010915038,0.498396,0.4853204,0.5074782,0.5084602
1783532918.3322,52,spine_7_joint,0.006791354,0.4547265,0.012961299,0.4615975,0.51892954,0.47697958,0.5386379
1783532918.3322,52,left_shoulder_1_joint,0.09701348,0.5653102,-0.0024279808,0.8160646,0.33011365,-0.04148743,-0.47259122
1783532918.3322,52,left_arm_joint,0.20995033,0.64914906,0.033008374,0.74136466,0.5247777,0.09075255,-0.40835136
1783532918.3322,52,left_forearm_joint,0.32505456,0.8363997,0.18279831,0.5412155,0.8223558,0.07672662,-0.15789177
1783532918.3322,52,left_hand_joint,0.22742966,1.068439,0.2746418,0.5272551,0.61058635,0.556184,0.19961458
1783532918.3322,52,left_handIndexStart_joint,0.20446733,1.081949,0.2881591,0.49055818,0.6218655,0.5892482,0.15944521
1783532918.3322,52,left_handIndex_1_joint,0.1668932,1.146039,0.31866217,0.49055818,0.6218655,0.5892482,0.15944521
1783532918.3322,52,left_handIndex_2_joint,0.14504777,1.1833007,0.33639652,0.49055818,0.6218655,0.5892482,0.15944521
1783532918.3322,52,left_handIndex_3_joint,0.13281433,1.2041672,0.34632772,0.49055818,0.6218655,0.5892482,0.15944521
1783532918.3322,52,left_handIndexEnd_joint,0.12407617,1.2190719,0.35342148,0.49055818,0.6218655,0.5892482,0.15944521
1783532918.3322,52,left_handMidStart_joint,0.21430571,1.0894635,0.28497878,0.5289716,0.6098524,0.55476904,0.20124792
1783532918.3322,52,left_handMid_1_joint,0.1869877,1.155481,0.31093413,0.5289716,0.6098524,0.55476904,0.20124792
1783532918.3322,52,left_handMid_2_joint,0.16779126,1.2018716,0.329173,0.5289716,0.6098524,0.55476904,0.20124792
1783532918.3322,52,left_handMid_3_joint,0.1567164,1.2286355,0.33969542,0.5289716,0.6098524,0.55476904,0.20124792
1783532918.3322,52,left_handMidEnd_joint,0.14933315,1.2464781,0.34671038,0.5289716,0.6098524,0.55476904,0.20124792
1783532918.3322,52,left_handPinkyStart_joint,0.23875503,1.1011294,0.27905095,0.6041399,0.56473535,0.5053446,0.2464062
1783532918.3322,52,left_handPinky_1_joint,0.22931883,1.1602745,0.30015177,0.6041399,0.56473535,0.5053446,0.2464062
1783532918.3322,52,left_handPinky_2_joint,0.22349058,1.1968052,0.31318465,0.6041399,0.56473535,0.5053446,0.2464062
1783532918.3322,52,left_handPinky_3_joint,0.22043769,1.2159405,0.32001135,0.6041399,0.56473535,0.5053446,0.2464062
1783532918.3322,52,left_handPinkyEnd_joint,0.21766235,1.2333361,0.3262175,0.6041399,0.56473535,0.5053446,0.2464062
1783532918.3322,52,left_handRingStart_joint,0.22552438,1.0952992,0.28249174,0.5676411,0.58866704,0.5303088,0.2236682
1783532918.3322,52,left_handRing_1_joint,0.20767644,1.1585519,0.3061517,0.5676411,0.58866704,0.5303088,0.2236682
1783532918.3322,52,left_handRing_2_joint,0.1950779,1.2032008,0.32285282,0.5676411,0.58866704,0.5303088,0.2236682
1783532918.3322,52,left_handRing_3_joint,0.18720381,1.2311064,0.333291,0.5676411,0.58866704,0.5303088,0.2236682
1783532918.3322,52,left_handRingEnd_joint,0.18195441,1.2497101,0.3402498,0.5676411,0.58866704,0.5303088,0.2236682
1783532918.3322,52,left_handThumbStart_joint,0.20787397,1.0776372,0.29835984,0.24406953,0.89442533,0.16644132,-0.33575422
1783532918.3322,52,left_handThumb_1_joint,0.1726834,1.0950822,0.33497345,0.24406953,0.89442533,0.16644132,-0.33575422
1783532918.3322,52,left_handThumb_2_joint,0.14752857,1.1075498,0.36114392,0.24406952,0.89442533,0.1664413,-0.33575422
1783532918.3322,52,left_handThumbEnd_joint,0.13075869,1.1158615,0.37859088,0.24406952,0.89442533,0.16644126,-0.33575422
1783532918.3322,52,neck_1_joint,0.007893039,0.5870004,-0.009588272,0.5323581,0.44533044,0.5585441,0.45420748
1783532918.3322,52,neck_2_joint,0.007275592,0.6164466,-0.0038838875,0.5351362,0.440777,0.5695073,0.4415956
1783532918.3322,52,neck_3_joint,0.005785757,0.655436,0.004925622,0.5258222,0.45038077,0.56863886,0.44420522
1783532918.3322,52,neck_4_joint,0.0036903154,0.69458896,0.012840933,0.5127738,0.4642586,0.5611325,0.45459643
1783532918.3322,52,head_joint,0.00088573573,0.7402216,0.020483084,0.4500221,0.5247804,0.506684,0.5151285
1783532918.3322,52,jaw_joint,0.002243439,0.7157706,0.02757577,0.4500221,0.5247804,0.506684,0.5151285
1783532918.3322,52,chin_joint,0.000486809,0.67420393,0.1313502,0.4500221,0.5247804,0.506684,0.5151285
1783532918.3322,52,left_eye_joint,0.026667904,0.7819065,0.1053601,0.45458177,0.5208357,0.51115733,0.51069
1783532918.3322,52,left_eyeLowerLid_joint,0.026667904,0.7819065,0.1053601,0.45458177,0.5208357,0.51115733,0.51069
1783532918.3322,52,left_eyeUpperLid_joint,0.026667904,0.7819065,0.1053601,0.45458177,0.5208357,0.51115733,0.51069
1783532918.3322,52,left_eyeball_joint,0.026667904,0.7819065,0.1053601,0.45458177,0.5208357,0.51115733,0.51069
1783532918.3322,52,nose_joint,-0.0045800814,0.74918693,0.12998082,0.4545845,0.5208333,0.51116,0.5106873
1783532918.3322,52,right_eye_joint,-0.037753556,0.7775011,0.10250508,0.45458177,0.5208357,0.51115733,0.51069
1783532918.3322,52,right_eyeLowerLid_joint,-0.037753556,0.7775011,0.10250508,0.45458177,0.5208357,0.51115733,0.51069
1783532918.3322,52,right_eyeUpperLid_joint,-0.037753556,0.7775011,0.10250508,0.45458177,0.5208357,0.51115733,0.51069
1783532918.3322,52,right_eyeball_joint,-0.037753556,0.7775011,0.10250508,0.45458177,0.5208357,0.51115733,0.51069
1783532918.3322,52,right_shoulder_1_joint,-0.0816063,0.5657085,-0.008733613,0.48173028,-0.053231485,-0.30026385,0.82154995
1783532918.3322,52,right_arm_joint,-0.19967869,0.6447095,0.020541321,0.41795787,0.09165405,-0.4912299,0.7586859
1783532918.3322,52,right_forearm_joint,-0.33282736,0.8225911,0.16675377,0.2408722,0.10812346,-0.7461653,0.61116904
1783532918.3322,52,right_hand_joint,-0.29614046,1.0530401,0.29849467,-0.17544167,0.5354047,-0.53084385,0.6330618
1783532918.3322,52,right_handIndexStart_joint,-0.2795689,1.0686097,0.31607,-0.13841814,0.5776775,-0.5411605,0.5952099
1783532918.3322,52,right_handIndex_1_joint,-0.2592399,1.1331896,0.35926628,-0.13841814,0.5776775,-0.5411605,0.5952099
1783532918.3322,52,right_handIndex_2_joint,-0.247421,1.1707358,0.38438094,-0.13841814,0.5776775,-0.5411605,0.5952099
1783532918.3322,52,right_handIndex_3_joint,-0.24080199,1.1917624,0.39844465,-0.13841814,0.5776775,-0.5411605,0.5952099
1783532918.3322,52,right_handIndexEnd_joint,-0.23607412,1.2067811,0.40849006,-0.13841814,0.5776775,-0.5411605,0.5952099
1783532918.3322,52,right_handMidStart_joint,-0.29022843,1.0746411,0.3124136,-0.17482235,0.5361705,-0.53078634,0.63263303
1783532918.3322,52,right_handMid_1_joint,-0.279706,1.1399428,0.34987497,-0.17482235,0.5361705,-0.53078634,0.63263303
1783532918.3322,52,right_handMid_2_joint,-0.27231166,1.18583,0.37619853,-0.17482235,0.5361705,-0.53078634,0.63263303
1783532918.3322,52,right_handMid_3_joint,-0.26804575,1.2123034,0.3913855,-0.17482235,0.5361705,-0.53078634,0.63263303
1783532918.3322,52,right_handMidEnd_joint,-0.26520175,1.2299522,0.4015097,-0.17482235,0.5361705,-0.53078634,0.63263303
1783532918.3322,52,right_handPinkyStart_joint,-0.3155854,1.0825236,0.30441993,-0.2129055,0.4748247,-0.48538077,0.70258
1783532918.3322,52,right_handPinky_1_joint,-0.32053176,1.1386724,0.33366346,-0.2129055,0.4748247,-0.48538077,0.70258
1783532918.3322,52,right_handPinky_2_joint,-0.32358658,1.1733534,0.35172564,-0.2129055,0.4748247,-0.48538077,0.70258
1783532918.3322,52,right_handPinky_3_joint,-0.32518715,1.191519,0.36118716,-0.2129055,0.4748247,-0.48538077,0.70258
1783532918.3322,52,right_handPinkyEnd_joint,-0.32664204,1.2080333,0.3697881,-0.2129055,0.4748247,-0.48538077,0.70258
1783532918.3322,52,right_handRingStart_joint,-0.3019862,1.0786945,0.3090329,-0.19356433,0.5057814,-0.50931454,0.6688176
1783532918.3322,52,right_handRing_1_joint,-0.29986036,1.1399596,0.34251803,-0.19356433,0.5057814,-0.50931454,0.6688176
1783532918.3322,52,right_handRing_2_joint,-0.2983599,1.1832051,0.36615458,-0.19356433,0.5057814,-0.50931454,0.6688176
1783532918.3322,52,right_handRing_3_joint,-0.29742184,1.2102342,0.38092726,-0.19356433,0.5057814,-0.50931454,0.6688176
1783532918.3322,52,right_handRingEnd_joint,-0.29679695,1.2282535,0.39077666,-0.19356433,0.5057814,-0.50931454,0.6688176
1783532918.3322,52,right_handThumbStart_joint,-0.28327718,1.0623171,0.3250654,-0.39391857,-0.2403053,0.82949215,-0.31468186
1783532918.3322,52,right_handThumb_1_joint,-0.25688213,1.0801857,0.36827773,-0.39391857,-0.24030529,0.82949215,-0.31468186
1783532918.3322,52,right_handThumb_2_joint,-0.23801357,1.0929562,0.39916432,-0.39391857,-0.24030527,0.82949215,-0.31468186
1783532918.3322,52,right_handThumbEnd_joint,-0.22543527,1.1014699,0.4197557,-0.3939186,-0.24030526,0.82949215,-0.31468186
1783532918.3322,52,camera,0.106910296,0.0729514,-0.029918147,-0.076870486,-0.075622246,-0.69753903,0.70838654
1783532918.3655,53,root,-0.0016429368,0.01693756,0.003906887,0.07163821,0.008182166,-0.019141886,0.9972134
1783532918.3655,53,hips_joint,-0.0016429368,0.01693756,0.003906887,0.07163821,0.008182166,-0.019141886,0.9972134
1783532918.3655,53,left_upLeg_joint,0.09784005,-0.011623908,-0.00062214135,-0.5527803,0.46845803,-0.42031622,0.5461824
1783532918.3655,53,left_leg_joint,0.18532905,-0.4230595,-0.02043159,-0.37124842,0.5999327,-0.22656432,0.67150867
1783532918.3655,53,left_foot_joint,0.26650044,-0.76591504,-0.31196314,0.6622193,-0.24332957,0.5924642,-0.38889897
1783532918.3655,53,left_toes_joint,0.29325965,-0.88262075,-0.22322647,0.6963357,-0.11340507,0.65543514,-0.2695564
1783532918.3655,53,left_toesEnd_joint,0.3002413,-0.9136356,-0.17156413,0.6963357,-0.11340486,0.6554351,-0.26955658
1783532918.3655,53,right_upLeg_joint,-0.10306547,-0.0041783513,0.0032118743,0.5352003,0.42770815,0.36874264,0.62821597
1783532918.3655,53,right_leg_joint,-0.25558093,-0.39205527,0.06329506,0.6649938,0.21317413,0.5341724,0.476445
1783532918.3655,53,right_foot_joint,-0.41034782,-0.75448334,-0.16870172,0.39202794,0.57790416,0.12668875,0.7044791
1783532918.3655,53,right_toes_joint,-0.4550504,-0.848613,-0.06215716,0.27538902,0.6417322,-0.009131855,0.7157216
1783532918.3655,53,right_toesEnd_joint,-0.46573824,-0.8692605,-0.006129751,0.2753894,0.64173204,-0.009132282,0.7157215
1783532918.3655,53,spine_1_joint,-0.0016429567,0.016937561,0.0039068875,0.53034985,0.47412694,0.51205444,0.48138648
1783532918.3655,53,spine_2_joint,-0.00014613628,0.07425438,0.008894381,0.5133823,0.48948058,0.4996331,0.4972063
1783532918.3655,53,spine_3_joint,0.0010941839,0.13177402,0.010405715,0.50255036,0.4947232,0.49363706,0.5089347
1783532918.3655,53,spine_4_joint,0.0023220063,0.18481256,0.01001266,0.49972698,0.49147955,0.4943979,0.51409274
1783532918.3655,53,spine_5_joint,0.004300203,0.25524056,0.009000163,0.50962263,0.4747543,0.508516,0.5062653
1783532918.3655,53,spine_6_joint,0.0072928807,0.34894592,0.013078479,0.489138,0.48982242,0.49787918,0.5224311
1783532918.3655,53,spine_7_joint,0.009878159,0.45598754,0.011156598,0.44789782,0.5259962,0.4629097,0.5553647
1783532918.3655,53,left_shoulder_1_joint,0.10141264,0.5647121,-0.008993329,0.83415294,0.35030502,-0.024806652,-0.42527625
1783532918.3655,53,left_arm_joint,0.21068473,0.65254194,0.028221754,0.72358257,0.58500046,0.12366307,-0.34483328
1783532918.3655,53,left_forearm_joint,0.2864812,0.85503906,0.18313657,0.50747466,0.84991556,0.107059754,-0.09301122
1783532918.3655,53,left_hand_joint,0.16116855,1.0808591,0.2546213,0.46126232,0.61434156,0.59699476,0.23112458
1783532918.3655,53,left_handIndexStart_joint,0.13558215,1.0929278,0.2642226,0.42206636,0.6276853,0.625728,0.19061872
1783532918.3655,53,left_handIndex_1_joint,0.089720905,1.1546384,0.28742433,0.42206636,0.6276853,0.625728,0.19061872
1783532918.3655,53,left_handIndex_2_joint,0.0630574,1.1905167,0.30091372,0.42206636,0.6276853,0.625728,0.19061872
1783532918.3655,53,left_handIndex_3_joint,0.04812583,1.2106086,0.30846778,0.42206636,0.6276853,0.625728,0.19061872
1783532918.3655,53,left_handIndexEnd_joint,0.037460428,1.22496,0.31386352,0.42206636,0.6276853,0.625728,0.19061872
1783532918.3655,53,left_handMidStart_joint,0.1452865,1.1010526,0.26243752,0.46309423,0.6135314,0.5957753,0.23275441
1783532918.3655,53,left_handMid_1_joint,0.11011154,1.1653297,0.28267238,0.46309423,0.6135314,0.5957753,0.23275441
1783532918.3655,53,left_handMid_2_joint,0.085394,1.2104973,0.29689148,0.46309423,0.6135314,0.5957753,0.23275441
1783532918.3655,53,left_handMid_3_joint,0.07113388,1.2365555,0.30509478,0.46309423,0.6135314,0.5957753,0.23275441
1783532918.3655,53,left_handMidEnd_joint,0.06162713,1.2539276,0.31056368,0.46309423,0.6135314,0.5957753,0.23275441
1783532918.3655,53,left_handPinkyStart_joint,0.16955177,1.1142689,0.26008618,0.54295987,0.5672375,0.5540903,0.2764417
1783532918.3655,53,left_handPinky_1_joint,0.15319705,1.1728376,0.2783797,0.54295987,0.5672375,0.5540903,0.2764417
1783532918.3655,53,left_handPinky_2_joint,0.14309563,1.2090124,0.2896787,0.54295987,0.5672375,0.5540903,0.2764417
1783532918.3655,53,left_handPinky_3_joint,0.13780439,1.2279611,0.2955972,0.54295987,0.5672375,0.5540903,0.2764417
1783532918.3655,53,left_handPinkyEnd_joint,0.13299417,1.2451872,0.30097765,0.54295987,0.5672375,0.5540903,0.2764417
1783532918.3655,53,left_handRingStart_joint,0.15635385,1.1076009,0.26157966,0.5040451,0.59180254,0.5752524,0.25454444
1783532918.3655,53,left_handRing_1_joint,0.13104726,1.16973,0.28104213,0.5040451,0.59180254,0.5752524,0.25454444
1783532918.3655,53,left_handRing_2_joint,0.113183804,1.2135857,0.29478034,0.5040451,0.59180254,0.5752524,0.25454444
1783532918.3655,53,left_handRing_3_joint,0.10201914,1.2409956,0.30336672,0.5040451,0.59180254,0.5752524,0.25454444
1783532918.3655,53,left_handRingEnd_joint,0.09457602,1.2592689,0.309091,0.5040451,0.59180254,0.5752524,0.25454444
1783532918.3655,53,left_handThumbStart_joint,0.13765518,1.0889426,0.2749031,0.20335735,0.9262253,0.16731232,-0.26973855
1783532918.3655,53,left_handThumb_1_joint,0.09621552,1.1043265,0.30538833,0.20335735,0.9262253,0.16731232,-0.26973855
1783532918.3655,53,left_handThumb_2_joint,0.0665941,1.1153207,0.32717818,0.20335735,0.9262253,0.16731232,-0.26973855
1783532918.3655,53,left_handThumbEnd_joint,0.046846494,1.1226501,0.3417048,0.20335735,0.9262253,0.1673123,-0.26973855
1783532918.3655,53,neck_1_joint,0.012600107,0.5869044,-0.018159576,0.52403086,0.44997677,0.5520353,0.46708637
1783532918.3655,53,neck_2_joint,0.012166786,0.61652344,-0.013413246,0.5301653,0.4417589,0.5670788,0.44966146
1783532918.3655,53,neck_3_joint,0.010828442,0.6556593,-0.0052529583,0.523116,0.44867113,0.5689007,0.44877177
1783532918.3655,53,neck_4_joint,0.008832135,0.69486034,0.0024470459,0.5113347,0.4610846,0.5628865,0.45727104
1783532918.3655,53,head_joint,0.0061120987,0.7404935,0.010116911,0.44895798,0.52147526,0.5080967,0.5180136
1783532918.3655,53,jaw_joint,0.0073262285,0.7160301,0.017193032,0.44895798,0.52147526,0.5080967,0.5180136
1783532918.3655,53,chin_joint,0.0045199944,0.6743529,0.12089999,0.44895798,0.52147526,0.5080967,0.5180136
1783532918.3655,53,left_eye_joint,0.031285938,0.7819967,0.09526507,0.45348892,0.51754,0.5125952,0.5135626
1783532918.3655,53,left_eyeLowerLid_joint,0.031285938,0.7819967,0.09526507,0.45348892,0.51754,0.5125952,0.5135626
1783532918.3655,53,left_eyeUpperLid_joint,0.031285938,0.7819967,0.09526507,0.45348892,0.51754,0.5125952,0.5135626
1783532918.3655,53,left_eyeball_joint,0.031285938,0.7819967,0.09526507,0.45348892,0.51754,0.5125952,0.5135626
1783532918.3655,53,nose_joint,-0.00028561533,0.7493538,0.11957266,0.45349157,0.5175376,0.5125978,0.51355994
1783532918.3655,53,right_eye_joint,-0.033122215,0.77780926,0.09183938,0.45348892,0.51754,0.5125952,0.5135626
1783532918.3655,53,right_eyeLowerLid_joint,-0.033122215,0.77780926,0.09183938,0.45348892,0.51754,0.5125952,0.5135626
1783532918.3655,53,right_eyeUpperLid_joint,-0.033122215,0.77780926,0.09183938,0.45348892,0.51754,0.5125952,0.5135626
1783532918.3655,53,right_eyeball_joint,-0.033122215,0.77780926,0.09183938,0.45348892,0.51754,0.5125952,0.5135626
1783532918.3655,53,right_shoulder_1_joint,-0.077124365,0.56659126,-0.017113226,0.4323374,-0.05165574,-0.32538953,0.83936745
1783532918.3655,53,right_arm_joint,-0.19068433,0.652302,0.011119119,0.35295534,0.1057061,-0.555708,0.7452767
1783532918.3655,53,right_forearm_joint,-0.28644717,0.8527738,0.15736902,0.16353571,0.11613278,-0.8033778,0.5606722
1783532918.3655,53,right_hand_joint,-0.20128463,1.0840002,0.26267794,-0.2068155,0.5762325,-0.5717156,0.54619104
1783532918.3655,53,right_handIndexStart_joint,-0.18028668,1.0983143,0.27609864,-0.16688351,0.6124838,-0.5841338,0.5057681
1783532918.3655,53,right_handIndex_1_joint,-0.14553672,1.162185,0.3101973,-0.16688351,0.6124838,-0.5841338,0.5057681
1783532918.3655,53,right_handIndex_2_joint,-0.12533341,1.199319,0.33002272,-0.16688351,0.6124838,-0.5841338,0.5057681
1783532918.3655,53,right_handIndex_3_joint,-0.11401918,1.2201146,0.3411244,-0.16688351,0.6124838,-0.5841338,0.5057681
1783532918.3655,53,right_handIndexEnd_joint,-0.105937615,1.2349684,0.349054,-0.16688351,0.6124838,-0.5841338,0.5057681
1783532918.3655,53,right_handMidStart_joint,-0.19061868,1.1054474,0.2737028,-0.20613226,0.57692206,-0.5717095,0.5457275
1783532918.3655,53,right_handMid_1_joint,-0.16634078,1.1709607,0.3036521,-0.20613226,0.57692206,-0.5717095,0.5457275
1783532918.3655,53,right_handMid_2_joint,-0.14928055,1.2169966,0.32469693,-0.20613226,0.57692206,-0.5717095,0.5457275
1783532918.3655,53,right_handMid_3_joint,-0.13943814,1.2435558,0.33683845,-0.20613226,0.57692206,-0.5717095,0.5457275
1783532918.3655,53,right_handMidEnd_joint,-0.13287653,1.2612618,0.34493235,-0.20613226,0.57692206,-0.5717095,0.5457275
1783532918.3655,53,right_handPinkyStart_joint,-0.21584304,1.1160593,0.26921654,-0.2465685,0.52564293,-0.52565193,0.6217665
1783532918.3655,53,right_handPinky_1_joint,-0.20916149,1.1740278,0.29426345,-0.2465685,0.52564293,-0.52565193,0.6217665
1783532918.3655,53,right_handPinky_2_joint,-0.20503426,1.2098328,0.30973348,-0.2465685,0.52564293,-0.52565193,0.6217665
1783532918.3655,53,right_handPinky_3_joint,-0.20287278,1.228587,0.31783733,-0.2465685,0.52564293,-0.52565193,0.6217665
1783532918.3655,53,right_handPinkyEnd_joint,-0.20090774,1.2456366,0.325204,-0.2465685,0.52564293,-0.52565193,0.6217665
1783532918.3655,53,right_handRingStart_joint,-0.20221344,1.1107818,0.27191123,-0.22617845,0.55160177,-0.5500145,0.58486146
1783532918.3655,53,right_handRing_1_joint,-0.18729587,1.173151,0.29960132,-0.22617845,0.55160177,-0.5500145,0.58486146
1783532918.3655,53,right_handRing_2_joint,-0.17676602,1.2171758,0.3191473,-0.22617845,0.55160177,-0.5500145,0.58486146
1783532918.3655,53,right_handRing_3_joint,-0.17018455,1.244692,0.3313633,-0.22617845,0.55160177,-0.5500145,0.58486146
1783532918.3655,53,right_handRingEnd_joint,-0.1657972,1.2630361,0.33950827,-0.22617845,0.55160177,-0.5500145,0.58486146
1783532918.3655,53,right_handThumbStart_joint,-0.18315686,1.0931071,0.28604412,-0.32756597,-0.21077959,0.8849162,-0.25533497
1783532918.3655,53,right_handThumb_1_joint,-0.1479874,1.1099601,0.3229544,-0.32756597,-0.21077958,0.8849162,-0.25533497
1783532918.3655,53,right_handThumb_2_joint,-0.12284737,1.1220045,0.34933624,-0.32756597,-0.21077956,0.8849162,-0.255335
1783532918.3655,53,right_handThumbEnd_joint,-0.106088035,1.1300342,0.36692458,-0.32756597,-0.21077955,0.8849162,-0.25533494
1783532918.3655,53,camera,0.10669778,0.072989225,-0.02965019,-0.076727286,-0.075743,-0.6975195,0.70840836
1783532918.3989,54,root,-0.0015130673,0.018974347,0.005598167,0.079876855,0.007878952,-0.016113572,0.9966433
1783532918.3989,54,hips_joint,-0.0015130673,0.018974347,0.005598167,0.079876855,0.007878952,-0.016113572,0.9966433
1783532918.3989,54,left_upLeg_joint,0.0981411,-0.008927928,0.0007357508,-0.5454402,0.4741677,-0.41730928,0.5509201
1783532918.3989,54,left_leg_joint,0.18321857,-0.4203723,-0.027571717,-0.36610422,0.59995776,-0.2232228,0.6754185
1783532918.3989,54,left_foot_joint,0.26573706,-0.7591595,-0.32344893,0.6581852,-0.24652165,0.5922449,-0.3940375
1783532918.3989,54,left_toes_joint,0.2921077,-0.8770805,-0.23621525,0.6929797,-0.117303915,0.6561937,-0.27464336
1783532918.3989,54,left_toesEnd_joint,0.2988595,-0.9088068,-0.1849559,0.6929797,-0.1173037,0.6561936,-0.27464357
1783532918.3989,54,right_upLeg_joint,-0.10280935,-0.0027179276,0.0044125784,0.536796,0.42963794,0.3763118,0.621008
1783532918.3989,54,right_leg_joint,-0.24918191,-0.39376235,0.058991272,0.6686737,0.21309124,0.5367997,0.4683097
1783532918.3989,54,right_foot_joint,-0.4014076,-0.7540079,-0.17803185,0.39497593,0.5801083,0.13377391,0.69969505
1783532918.3989,54,right_toes_joint,-0.44479942,-0.85020185,-0.072797105,0.2778658,0.64445513,-0.0012683932,0.7123672
1783532918.3989,54,right_toesEnd_joint,-0.45507228,-0.87181723,-0.017057862,0.27786624,0.644455,-0.0012688326,0.71236706
1783532918.3989,54,spine_1_joint,-0.0015130871,0.018974349,0.0055981674,0.5332048,0.46991578,0.519752,0.47405672
1783532918.3989,54,spine_2_joint,-0.00047287642,0.076176524,0.011856186,0.5155638,0.4856106,0.5074814,0.4907539
1783532918.3989,54,spine_3_joint,0.00029201806,0.13366167,0.014540892,0.5028258,0.49251762,0.49962217,0.50494623
1783532918.3989,54,spine_4_joint,0.0011201125,0.18670875,0.014809124,0.49700624,0.4919075,0.4969195,0.5138903
1783532918.3989,54,spine_5_joint,0.0026878004,0.2571467,0.013766708,0.50320697,0.47863057,0.5064318,0.51109946
1783532918.3989,54,spine_6_joint,0.005381158,0.3509174,0.016233513,0.47911152,0.49642238,0.49043554,0.5324383
1783532918.3989,54,spine_7_joint,0.008143952,0.45782748,0.010674958,0.43484458,0.53355974,0.44955197,0.56932217
1783532918.3989,54,left_shoulder_1_joint,0.10060452,0.5648057,-0.014070458,0.8516044,0.35643384,-0.017090088,-0.38397032
1783532918.3989,54,left_arm_joint,0.20871384,0.6547663,0.02141046,0.71961886,0.6110874,0.14128712,-0.29792547
1783532918.3989,54,left_forearm_joint,0.26542768,0.8663089,0.17234778,0.50262785,0.85313225,0.12470719,-0.0630811
1783532918.3989,54,left_hand_joint,0.13498689,1.0919085,0.2347837,0.4393791,0.60629016,0.6130245,0.25211096
1783532918.3989,54,left_handIndexStart_joint,0.10876641,1.1039317,0.24255766,0.399187,0.6210189,0.6403218,0.21207075
1783532918.3989,54,left_handIndex_1_joint,0.061274536,1.1655613,0.26245993,0.399187,0.6210189,0.6403218,0.21207075
1783532918.3989,54,left_handIndex_2_joint,0.033662982,1.2013925,0.274031,0.399187,0.6210189,0.6403218,0.21207075
1783532918.3989,54,left_handIndex_3_joint,0.01820051,1.2214581,0.28051084,0.399187,0.6210189,0.6403218,0.21207075
1783532918.3989,54,left_handIndexEnd_joint,0.007155889,1.2357905,0.28513926,0.399187,0.6210189,0.6403218,0.21207075
1783532918.3989,54,left_handMidStart_joint,0.118557654,1.112074,0.24145812,0.44125342,0.6054249,0.6118717,0.2537125
1783532918.3989,54,left_handMid_1_joint,0.0819297,1.1762891,0.25915238,0.44125342,0.6054249,0.6118717,0.2537125
1783532918.3989,54,left_handMid_2_joint,0.05619114,1.2214133,0.27158615,0.44125342,0.6054249,0.6118717,0.2537125
1783532918.3989,54,left_handMid_3_joint,0.041341968,1.2474464,0.2787595,0.44125342,0.6054249,0.6118717,0.2537125
1783532918.3989,54,left_handMidEnd_joint,0.03144252,1.2648019,0.28354174,0.44125342,0.6054249,0.6118717,0.2537125
1783532918.3989,54,left_handPinkyStart_joint,0.14290436,1.1253341,0.24081731,0.5225756,0.5576902,0.5730683,0.29578713
1783532918.3989,54,left_handPinky_1_joint,0.12519693,1.183875,0.25790095,0.5225756,0.5576902,0.5730683,0.29578713
1783532918.3989,54,left_handPinky_2_joint,0.11425998,1.2200325,0.2684526,0.5225756,0.5576902,0.5730683,0.29578713
1783532918.3989,54,left_handPinky_3_joint,0.10853111,1.2389722,0.27397966,0.5225756,0.5576902,0.5730683,0.29578713
1783532918.3989,54,left_handPinkyEnd_joint,0.10332305,1.2561901,0.27900428,0.5225756,0.5576902,0.5730683,0.29578713
1783532918.3989,54,left_handRingStart_joint,0.1296461,1.1186422,0.24137978,0.48291942,0.5829775,0.59282506,0.27474585
1783532918.3989,54,left_handRing_1_joint,0.10292032,1.1807272,0.2589986,0.48291942,0.5829775,0.59282506,0.27474585
1783532918.3989,54,left_handRing_2_joint,0.08405506,1.2245519,0.2714354,0.48291942,0.5829775,0.59282506,0.27474585
1783532918.3989,54,left_handRing_3_joint,0.07226428,1.2519424,0.2792084,0.48291942,0.5829775,0.59282506,0.27474585
1783532918.3989,54,left_handRingEnd_joint,0.06440375,1.2702026,0.28439042,0.48291942,0.5829775,0.59282506,0.27474585
1783532918.3989,54,left_handThumbStart_joint,0.11008981,1.0999514,0.2533585,0.19652312,0.93534714,0.17404741,-0.23709184
1783532918.3989,54,left_handThumb_1_joint,0.06657954,1.115263,0.28084812,0.19652312,0.93534714,0.17404741,-0.23709184
1783532918.3989,54,left_handThumb_2_joint,0.03547814,1.1262057,0.3004967,0.19652312,0.93534714,0.17404738,-0.23709184
1783532918.3989,54,left_handThumbEnd_joint,0.014743883,1.1335007,0.3135957,0.19652312,0.93534714,0.17404737,-0.23709184
1783532918.3989,54,neck_1_joint,0.012017452,0.5871614,-0.024875376,0.5153025,0.45648313,0.5453691,0.47818372
1783532918.3989,54,neck_2_joint,0.011669192,0.61692226,-0.021110535,0.5239151,0.44577175,0.56408906,0.45673254
1783532918.3989,54,neck_3_joint,0.010316472,0.65621704,-0.013755621,0.51845545,0.4507513,0.56830794,0.4528287
1783532918.3989,54,neck_4_joint,0.008224411,0.69550025,-0.006513285,0.50750285,0.4620577,0.56360584,0.45966598
1783532918.3989,54,head_joint,0.005342779,0.7411744,0.0008472174,0.44503206,0.52200174,0.50850105,0.52046907
1783532918.3989,54,jaw_joint,0.006572206,0.7167598,0.008087185,0.44503206,0.52200174,0.50850105,0.52046907
1783532918.3989,54,chin_joint,0.003207767,0.6757378,0.11203859,0.44503206,0.52200174,0.50850105,0.52046907
1783532918.3989,54,left_eye_joint,0.02987058,0.78328294,0.085886694,0.44956765,0.5181007,0.5130209,0.5160145
1783532918.3989,54,left_eyeLowerLid_joint,0.02987058,0.78328294,0.085886694,0.44956765,0.5181007,0.5130209,0.5160145
1783532918.3989,54,left_eyeUpperLid_joint,0.02987058,0.78328294,0.085886694,0.44956765,0.5181007,0.5130209,0.5160145
1783532918.3989,54,left_eyeball_joint,0.02987058,0.78328294,0.085886694,0.44956765,0.5181007,0.5130209,0.5160145
1783532918.3989,54,nose_joint,-0.0017745841,0.7507165,0.11020124,0.4495704,0.51809824,0.51302356,0.5160118
1783532918.3989,54,right_eye_joint,-0.03450391,0.77891195,0.08207829,0.44956765,0.5181007,0.5130209,0.5160145
1783532918.3989,54,right_eyeLowerLid_joint,-0.03450391,0.77891195,0.08207829,0.44956765,0.5181007,0.5130209,0.5160145
1783532918.3989,54,right_eyeUpperLid_joint,-0.03450391,0.77891195,0.08207829,0.44956765,0.5181007,0.5130209,0.5160145
1783532918.3989,54,right_eyeball_joint,-0.03450391,0.77891195,0.08207829,0.44956765,0.5181007,0.5130209,0.5160145
1783532918.3989,54,right_shoulder_1_joint,-0.077859744,0.5675592,-0.0234446,0.3857857,-0.061511792,-0.3375073,0.85643154
1783532918.3989,54,right_arm_joint,-0.18876584,0.6582968,-0.00095477817,0.30120113,0.09302025,-0.5867315,0.7459035
1783532918.3989,54,right_forearm_joint,-0.26701546,0.87620693,0.12996787,0.12769884,0.10285255,-0.82435834,0.5418014
1783532918.3989,54,right_hand_joint,-0.16510901,1.1085398,0.21625182,-0.22407961,0.57825303,-0.5964637,0.50955284
1783532918.3989,54,right_handIndexStart_joint,-0.14273475,1.1225194,0.2276486,-0.1824064,0.6120032,-0.61002815,0.46909112
1783532918.3989,54,right_handIndex_1_joint,-0.10311257,1.1864129,0.2558878,-0.1824064,0.6120032,-0.61002815,0.46909112
1783532918.3989,54,right_handIndex_2_joint,-0.08007656,1.2235603,0.27230656,-0.1824064,0.6120032,-0.61002815,0.46909112
1783532918.3989,54,right_handIndex_3_joint,-0.06717601,1.2443634,0.28150043,-0.1824064,0.6120032,-0.61002815,0.46909112
1783532918.3989,54,right_handIndexEnd_joint,-0.05796138,1.2592225,0.2880674,-0.1824064,0.6120032,-0.61002815,0.46909112
1783532918.3989,54,right_handMidStart_joint,-0.15282783,1.1300213,0.225363,-0.22336583,0.5789124,-0.59648526,0.50909203
1783532918.3989,54,right_handMid_1_joint,-0.12380008,1.195847,0.24991384,-0.22336583,0.5789124,-0.59648526,0.50909203
1783532918.3989,54,right_handMid_2_joint,-0.10340215,1.2421025,0.26716515,-0.22336583,0.5789124,-0.59648526,0.50909203
1783532918.3989,54,right_handMid_3_joint,-0.09163413,1.2687883,0.27711812,-0.22336583,0.5789124,-0.59648526,0.50909203
1783532918.3989,54,right_handMidEnd_joint,-0.08378882,1.2865788,0.28375304,-0.22336583,0.5789124,-0.59648526,0.50909203
1783532918.3989,54,right_handPinkyStart_joint,-0.17772125,1.1416343,0.22155984,-0.26608267,0.5321367,-0.54974073,0.58635885
1783532918.3989,54,right_handPinky_1_joint,-0.1668774,1.200555,0.24260986,-0.26608267,0.5321367,-0.54974073,0.58635885
1783532918.3989,54,right_handPinky_2_joint,-0.1601793,1.236948,0.25561112,-0.26608267,0.5321367,-0.54974073,0.58635885
1783532918.3989,54,right_handPinky_3_joint,-0.15667121,1.2560105,0.26242188,-0.26608267,0.5321367,-0.54974073,0.58635885
1783532918.3989,54,right_handPinkyEnd_joint,-0.15348196,1.2733401,0.26861298,-0.26608267,0.5321367,-0.54974073,0.58635885
1783532918.3989,54,right_handRingStart_joint,-0.16423349,1.1358304,0.22385648,-0.24461405,0.55582887,-0.5744873,0.548802
1783532918.3989,54,right_handRing_1_joint,-0.14481743,1.1988702,0.24683906,-0.24461405,0.55582887,-0.5744873,0.548802
1783532918.3989,54,right_handRing_2_joint,-0.13111219,1.2433684,0.26306212,-0.24461405,0.55582887,-0.5744873,0.548802
1783532918.3989,54,right_handRing_3_joint,-0.12254609,1.2711804,0.27320123,-0.24461405,0.55582887,-0.5744873,0.548802
1783532918.3989,54,right_handRingEnd_joint,-0.11683561,1.2897218,0.27996165,-0.24461405,0.55582887,-0.5744873,0.548802
1783532918.3989,54,right_handThumbStart_joint,-0.14529738,1.1180607,0.23803218,-0.30089936,-0.18261342,0.90546477,-0.23716271
1783532918.3989,54,right_handThumb_1_joint,-0.10736672,1.135224,0.27194348,-0.30089936,-0.18261339,0.90546477,-0.23716271
1783532918.3989,54,right_handThumb_2_joint,-0.080253206,1.14749,0.2961817,-0.30089936,-0.18261339,0.90546477,-0.23716268
1783532918.3989,54,right_handThumbEnd_joint,-0.062178176,1.1556675,0.31234103,-0.30089936,-0.18261334,0.90546477,-0.23716268
1783532918.3989,54,camera,0.10688804,0.072599225,-0.02979236,-0.07687304,-0.07556585,-0.6974677,0.7084626
1783532918.4322,55,root,-0.0007604227,0.020724554,0.007476282,0.0833472,0.009039554,-0.013116819,0.9963932
1783532918.4322,55,hips_joint,-0.0007604227,0.020724554,0.007476282,0.0833472,0.009039554,-0.013116819,0.9963932
1783532918.4322,55,left_upLeg_joint,0.09905316,-0.006534202,0.002247423,-0.55021715,0.46870014,-0.4101992,0.5561636
1783532918.4322,55,left_leg_joint,0.19342765,-0.41586506,-0.027208867,-0.36909264,0.5982554,-0.20916724,0.67978686
1783532918.4322,55,left_foot_joint,0.28337023,-0.7478704,-0.3285595,0.6594879,-0.24333867,0.58387417,-0.40614417
1783532918.4322,55,left_toes_joint,0.31314003,-0.8663852,-0.24324553,0.6936555,-0.11393169,0.6502694,-0.2881172
1783532918.4322,55,left_toesEnd_joint,0.32092544,-0.8987029,-0.19250481,0.69365555,-0.11393149,0.6502692,-0.28811732
1783532918.4322,55,right_upLeg_joint,-0.101924635,-0.0015765547,0.0063105947,0.53548855,0.43218198,0.3791821,0.6186206
1783532918.4322,55,right_leg_joint,-0.24462436,-0.39403403,0.060470726,0.67357576,0.20026866,0.5480616,0.4536702
1783532918.4322,55,right_foot_joint,-0.39052337,-0.744821,-0.19407085,0.4067424,0.5730372,0.15166739,0.69511586
1783532918.4322,55,right_toes_joint,-0.4348232,-0.845717,-0.09373144,0.29075912,0.6397423,0.017168688,0.7112624
1783532918.4322,55,right_toesEnd_joint,-0.44579473,-0.8697653,-0.03913362,0.2907596,0.6397423,0.017168252,0.7112622
1783532918.4322,55,spine_1_joint,-0.00076044246,0.020724554,0.007476283,0.5348472,0.46928966,0.52433294,0.46773994
1783532918.4322,55,spine_2_joint,-0.00020307704,0.077845745,0.0144899655,0.51730084,0.48530445,0.51260525,0.4838547
1783532918.4322,55,spine_3_joint,-5.609244e-06,0.13529211,0.017983917,0.5036616,0.49349457,0.50383455,0.49893776
1783532918.4322,55,spine_4_joint,0.00027174308,0.18833958,0.01878387,0.49606764,0.49502835,0.49890953,0.50985587
1783532918.4322,55,spine_5_joint,0.0011251289,0.25879154,0.017870275,0.5000696,0.48439068,0.50517434,0.50999504
1783532918.4322,55,spine_6_joint,0.0030189925,0.35260057,0.019468904,0.47402534,0.5039196,0.4858754,0.5341255
1783532918.4322,55,spine_7_joint,0.00513285,0.45940018,0.011875333,0.42857727,0.5412282,0.442218,0.5725704
1783532918.4322,55,left_shoulder_1_joint,0.09721245,0.5659206,-0.016059503,0.86466455,0.35500282,-0.017053727,-0.3550172
1783532918.4322,55,left_arm_joint,0.20561749,0.65672547,0.016224617,0.72599375,0.6163418,0.14776018,-0.26687548
1783532918.4322,55,left_forearm_joint,0.25790486,0.8737846,0.1607933,0.5134995,0.84651315,0.13096656,-0.050807428
1783532918.4322,55,left_hand_joint,0.13263589,1.1031832,0.21988632,0.440675,0.59723663,0.61404,0.26845586
1783532918.4322,55,left_handIndexStart_joint,0.10659938,1.115976,0.22702411,0.4004082,0.61303973,0.64142805,0.228966
1783532918.4322,55,left_handIndex_1_joint,0.06046135,1.1789926,0.2457313,0.4004082,0.61303973,0.64142805,0.228966
1783532918.4322,55,left_handIndex_2_joint,0.03363691,1.2156303,0.25660756,0.4004082,0.61303973,0.64142805,0.228966
1783532918.4322,55,left_handIndex_3_joint,0.018615223,1.2361473,0.2626983,0.4004082,0.61303973,0.64142805,0.228966
1783532918.4322,55,left_handIndexEnd_joint,0.00788545,1.2508024,0.2670488,0.4004082,0.61303973,0.64142805,0.228966
1783532918.4322,55,left_handMidStart_joint,0.11664643,1.1238288,0.22614856,0.4425489,0.5963244,0.612887,0.27003136
1783532918.4322,55,left_handMid_1_joint,0.081492096,1.1891105,0.24290319,0.4425489,0.5963244,0.612887,0.27003136
1783532918.4322,55,left_handMid_2_joint,0.05678905,1.2349842,0.2546767,0.4425489,0.5963244,0.612887,0.27003136
1783532918.4322,55,left_handMid_3_joint,0.042537298,1.2614498,0.2614691,0.4425489,0.5963244,0.612887,0.27003136
1783532918.4322,55,left_handMidEnd_joint,0.033036128,1.2790935,0.26599738,0.4425489,0.5963244,0.612887,0.27003136
1783532918.4322,55,left_handPinkyStart_joint,0.14137658,1.1363753,0.22607136,0.52359384,0.5468917,0.5744752,0.31102553
1783532918.4322,55,left_handPinky_1_joint,0.12497898,1.1954348,0.2426699,0.52359384,0.5468917,0.5744752,0.31102553
1783532918.4322,55,left_handPinky_2_joint,0.114851035,1.2319127,0.25292194,0.52359384,0.5468917,0.5744752,0.31102553
1783532918.4322,55,left_handPinky_3_joint,0.109545924,1.2510202,0.25829205,0.52359384,0.5468917,0.5744752,0.31102553
1783532918.4322,55,left_handPinkyEnd_joint,0.104723096,1.2683907,0.26317397,0.52359384,0.5468917,0.5744752,0.31102553
1783532918.4322,55,left_handRingStart_joint,0.12791984,1.1300721,0.2263263,0.48409262,0.5730136,0.59404707,0.29054725
1783532918.4322,55,left_handRing_1_joint,0.10260055,1.192937,0.24324243,0.48409262,0.5730136,0.59404707,0.29054725
1783532918.4322,55,left_handRing_2_joint,0.08472812,1.2373123,0.25518322,0.48409262,0.5730136,0.59404707,0.29054725
1783532918.4322,55,left_handRing_3_joint,0.07355785,1.2650468,0.2626462,0.48409262,0.5730136,0.59404707,0.29054725
1783532918.4322,55,left_handRingEnd_joint,0.066111006,1.2835367,0.26762152,0.48409262,0.5730136,0.59404707,0.29054725
1783532918.4322,55,left_handThumbStart_joint,0.107550584,1.1119775,0.23785742,0.20817871,0.93525535,0.17914386,-0.22330795
1783532918.4322,55,left_handThumb_1_joint,0.06386554,1.1285933,0.26429206,0.20817871,0.93525535,0.17914386,-0.22330795
1783532918.4322,55,left_handThumb_2_joint,0.032639172,1.1404681,0.28318655,0.20817871,0.93525535,0.17914385,-0.22330795
1783532918.4322,55,left_handThumbEnd_joint,0.011821602,1.1483846,0.29578286,0.20817871,0.93525535,0.1791438,-0.22330795
1783532918.4322,55,neck_1_joint,0.008514293,0.5878246,-0.02687803,0.51221526,0.46316278,0.5416661,0.47928444
1783532918.4322,55,neck_2_joint,0.008038982,0.6176356,-0.023550251,0.5224657,0.45078114,0.56286097,0.45498726
1783532918.4322,55,neck_3_joint,0.0064376956,0.65696466,-0.01643218,0.5180034,0.45448083,0.5688529,0.44891647
1783532918.4322,55,neck_4_joint,0.0040259818,0.69622785,-0.009180685,0.50752544,0.46508396,0.56523734,0.45455614
1783532918.4322,55,head_joint,0.0007174998,0.7418454,-0.0016512168,0.44468558,0.52497447,0.51072925,0.51556957
1783532918.4322,55,jaw_joint,0.0022409493,0.71742135,0.0054999893,0.44468558,0.52497447,0.51072925,0.51556957
1783532918.4322,55,chin_joint,-8.83764e-05,0.6760269,0.10933191,0.44468558,0.52497447,0.51072925,0.51556957
1783532918.4322,55,left_eye_joint,0.025310824,0.78392637,0.08338302,0.4492471,0.52107626,0.5152062,0.51109576
1783532918.4322,55,left_eyeLowerLid_joint,0.025310824,0.78392637,0.08338302,0.4492471,0.52107626,0.5152062,0.51109576
1783532918.4322,55,left_eyeUpperLid_joint,0.025310824,0.78392637,0.08338302,0.4492471,0.52107626,0.5152062,0.51109576
1783532918.4322,55,left_eyeball_joint,0.025310824,0.78392637,0.08338302,0.4492471,0.52107626,0.5152062,0.51109576
1783532918.4322,55,nose_joint,-0.005853438,0.7509557,0.10777374,0.44924983,0.5210739,0.5152089,0.5110931
1783532918.4322,55,right_eye_joint,-0.039036505,0.7789038,0.07993713,0.4492471,0.52107626,0.5152062,0.51109576
1783532918.4322,55,right_eyeLowerLid_joint,-0.039036505,0.7789038,0.07993713,0.4492471,0.52107626,0.5152062,0.51109576
1783532918.4322,55,right_eyeUpperLid_joint,-0.039036505,0.7789038,0.07993713,0.4492471,0.52107626,0.5152062,0.51109576
1783532918.4322,55,right_eyeball_joint,-0.039036505,0.7789038,0.07993713,0.4492471,0.52107626,0.5152062,0.51109576
1783532918.4322,55,right_shoulder_1_joint,-0.081310175,0.56808287,-0.02442179,0.3579292,-0.059338927,-0.34005576,0.8675988
1783532918.4322,55,right_arm_joint,-0.1917915,0.6598326,-0.00404717,0.2730955,0.09606701,-0.59200156,0.75214624
1783532918.4322,55,right_forearm_joint,-0.26642996,0.88274807,0.120396666,0.11828836,0.109478086,-0.8199442,0.54928476
1783532918.4322,55,right_hand_joint,-0.16765921,1.1171864,0.20460619,-0.23609853,0.5808878,-0.58895105,0.509866
1783532918.4322,55,right_handIndexStart_joint,-0.14535616,1.1316327,0.21555158,-0.19491008,0.6146602,-0.60335594,0.4692167
1783532918.4322,55,right_handIndex_1_joint,-0.10651085,1.196348,0.24298711,-0.19491008,0.6146602,-0.60335594,0.4692167
1783532918.4322,55,right_handIndex_2_joint,-0.083926484,1.233973,0.25893864,-0.19491008,0.6146602,-0.60335594,0.4692167
1783532918.4322,55,right_handIndex_3_joint,-0.07127888,1.2550437,0.2678708,-0.19491008,0.6146602,-0.60335594,0.4692167
1783532918.4322,55,right_handIndexEnd_joint,-0.062244926,1.2700939,0.2742509,-0.19491008,0.6146602,-0.60335594,0.4692167
1783532918.4322,55,right_handMidStart_joint,-0.15564646,1.1389225,0.21346807,-0.23539183,0.58154994,-0.5889846,0.509399
1783532918.4322,55,right_handMid_1_joint,-0.12750512,1.2053479,0.23742802,-0.23539183,0.58154994,-0.5889846,0.509399
1783532918.4322,55,right_handMid_2_joint,-0.10773008,1.2520249,0.25426412,-0.23539183,0.58154994,-0.5889846,0.509399
1783532918.4322,55,right_handMid_3_joint,-0.0963214,1.278954,0.26397756,-0.23539183,0.58154994,-0.5889846,0.509399
1783532918.4322,55,right_handMidEnd_joint,-0.088715665,1.2969064,0.27045277,-0.23539183,0.58154994,-0.5889846,0.509399
1783532918.4322,55,right_handPinkyStart_joint,-0.18084659,1.1500148,0.21016343,-0.27716154,0.53511626,-0.5410093,0.5866352
1783532918.4322,55,right_handPinky_1_joint,-0.17080839,1.2091578,0.23098797,-0.27716154,0.53511626,-0.5410093,0.5866352
1783532918.4322,55,right_handPinky_2_joint,-0.16460793,1.2456883,0.24384993,-0.27716154,0.53511626,-0.5410093,0.5866352
1783532918.4322,55,right_handPinky_3_joint,-0.16136046,1.2648227,0.25058773,-0.27716154,0.53511626,-0.5410093,0.5866352
1783532918.4322,55,right_handPinkyEnd_joint,-0.15840815,1.2822177,0.25671253,-0.27716154,0.53511626,-0.5410093,0.5866352
1783532918.4322,55,right_handRingStart_joint,-0.16719806,1.144493,0.21218988,-0.25618353,0.5586491,-0.566361,0.5491048
1783532918.4322,55,right_handRing_1_joint,-0.14863798,1.2079331,0.23477459,-0.25618353,0.5586491,-0.566361,0.5491048
1783532918.4322,55,right_handRing_2_joint,-0.13553697,1.2527138,0.2507168,-0.25618353,0.5586491,-0.566361,0.5491048
1783532918.4322,55,right_handRing_3_joint,-0.12734853,1.2807024,0.26068038,-0.25618353,0.5586491,-0.566361,0.5491048
1783532918.4322,55,right_handRingEnd_joint,-0.1218898,1.2993616,0.2673238,-0.25618353,0.5586491,-0.566361,0.5491048
1783532918.4322,55,right_handThumbStart_joint,-0.1476173,1.1271268,0.22598471,-0.28987333,-0.18796551,0.9059484,-0.2447443
1783532918.4322,55,right_handThumb_1_joint,-0.109379604,1.1450896,0.25912827,-0.28987333,-0.1879655,0.9059484,-0.24474432
1783532918.4322,55,right_handThumb_2_joint,-0.08204661,1.1579273,0.28281775,-0.28987333,-0.18796547,0.9059484,-0.24474432
1783532918.4322,55,right_handThumbEnd_joint,-0.06382526,1.1664857,0.29861122,-0.28987327,-0.18796542,0.90594846,-0.24474429
1783532918.4322,55,camera,0.106894635,0.07268487,-0.029637773,-0.076793455,-0.07584138,-0.69721144,0.70869386
1783532918.4656,56,root,-0.0007219099,0.021986965,0.00674136,0.08791129,0.007963536,-0.008834429,0.99605733
1783532918.4656,56,hips_joint,-0.0007219099,0.021986965,0.00674136,0.08791129,0.007963536,-0.008834429,0.99605733
1783532918.4656,56,left_upLeg_joint,0.099328786,-0.004398136,0.0015627026,-0.55662525,0.46025407,-0.4025948,0.5623629
1783532918.4656,56,left_leg_joint,0.2055166,-0.41083923,-0.027691495,-0.3773682,0.5943557,-0.19992034,0.6814443
1783532918.4656,56,left_foot_joint,0.30317265,-0.7405807,-0.32912683,0.6635977,-0.2351654,0.57761693,-0.41315135
1783532918.4656,56,left_toes_joint,0.33627442,-0.85822594,-0.24383703,0.69614166,-0.10512762,0.6454537,-0.2961833
1783532918.4656,56,left_toesEnd_joint,0.3450508,-0.89029765,-0.19310203,0.69614166,-0.1051274,0.64545363,-0.2961835
1783532918.4656,56,right_upLeg_joint,-0.101694226,-0.0011362386,0.005066347,0.5355508,0.43020722,0.38887548,0.6139081
1783532918.4656,56,right_leg_joint,-0.23955815,-0.39623246,0.052098375,0.6725549,0.19825593,0.5573285,0.4446906
1783532918.4656,56,right_foot_joint,-0.37682205,-0.744862,-0.21009515,0.40718004,0.5708232,0.16449988,0.6937616
1783532918.4656,56,right_toes_joint,-0.42066738,-0.8481564,-0.11202207,0.2916085,0.6376513,0.030025257,0.7123649
1783532918.4656,56,right_toesEnd_joint,-0.43188933,-0.8733101,-0.057976,0.29160902,0.6376514,0.030024817,0.7123647
1783532918.4656,56,spine_1_joint,-0.00072192965,0.021986965,0.0067413603,0.5353021,0.46828133,0.53009284,0.46169895
1783532918.4656,56,spine_2_joint,-0.0007548314,0.07901211,0.014517307,0.518355,0.48483276,0.51842934,0.4769447
1783532918.4656,56,spine_3_joint,-0.0011958915,0.13640127,0.018832853,0.5046631,0.49425432,0.5087329,0.49215692
1783532918.4656,56,spine_4_joint,-0.0015244609,0.18943515,0.02026404,0.49605367,0.49793676,0.5019002,0.50406903
1783532918.4656,56,spine_5_joint,-0.0015011292,0.25989634,0.019755626,0.4986021,0.48992044,0.50533056,0.50597906
1783532918.4656,56,spine_6_joint,-0.00064369023,0.35372502,0.02106982,0.47134605,0.51125306,0.4834573,0.5317164
1783532918.4656,56,spine_7_joint,0.00038437068,0.4604568,0.012377794,0.42482442,0.5495545,0.4374631,0.57108647
1783532918.4656,56,left_shoulder_1_joint,0.09136177,0.5671687,-0.018302623,0.87624025,0.34898695,-0.031546712,-0.33078057
1783532918.4656,56,left_arm_joint,0.20079105,0.6589073,0.007166841,0.74590564,0.6053427,0.12821868,-0.24646458
1783532918.4656,56,left_forearm_joint,0.26309577,0.8822972,0.13741219,0.5398937,0.83191186,0.11362311,-0.05939009
1783532918.4656,56,left_hand_joint,0.15323459,1.1193951,0.19676852,0.46691963,0.5960132,0.59140176,0.27748597
1783532918.4656,56,left_handIndexStart_joint,0.12826115,1.1337547,0.20468242,0.4280596,0.6123884,0.62053823,0.23807116
1783532918.4656,56,left_handIndex_1_joint,0.08648566,1.1995887,0.22393051,0.4280596,0.6123884,0.62053823,0.23807116
1783532918.4656,56,left_handIndex_2_joint,0.062197585,1.2378643,0.23512125,0.4280596,0.6123884,0.62053823,0.23807116
1783532918.4656,56,left_handIndex_3_joint,0.048596255,1.2592986,0.24138807,0.4280596,0.6123884,0.62053823,0.23807116
1783532918.4656,56,left_handIndexEnd_joint,0.038881026,1.2746087,0.24586436,0.4280596,0.6123884,0.62053823,0.23807116
1783532918.4656,56,left_handMidStart_joint,0.13868196,1.1410149,0.20324294,0.46872813,0.59507024,0.59017634,0.27906513
1783532918.4656,56,left_handMid_1_joint,0.10790861,1.208459,0.22005272,0.46872813,0.59507024,0.59017634,0.27906513
1783532918.4656,56,left_handMid_2_joint,0.086284086,1.2558521,0.23186497,0.46872813,0.59507024,0.59017634,0.27906513
1783532918.4656,56,left_handMid_3_joint,0.073808394,1.2831943,0.23867975,0.46872813,0.59507024,0.59017634,0.27906513
1783532918.4656,56,left_handMidEnd_joint,0.065491274,1.3014224,0.24322292,0.46872813,0.59507024,0.59017634,0.27906513
1783532918.4656,56,left_handPinkyStart_joint,0.16404317,1.1521527,0.20191476,0.54716486,0.5438757,0.5494768,0.3207571
1783532918.4656,56,left_handPinky_1_joint,0.15163177,1.2123314,0.21794282,0.54716486,0.5438757,0.5494768,0.3207571
1783532918.4656,56,left_handPinky_2_joint,0.14396591,1.2495008,0.2278425,0.54716486,0.5438757,0.5494768,0.3207571
1783532918.4656,56,left_handPinky_3_joint,0.13995045,1.2689703,0.23302804,0.54716486,0.5438757,0.5494768,0.3207571
1783532918.4656,56,left_handPinkyEnd_joint,0.13630004,1.2866699,0.23774217,0.54716486,0.5438757,0.5494768,0.3207571
1783532918.4656,56,left_handRingStart_joint,0.15028077,1.1466191,0.20283945,0.5090134,0.57085305,0.5701573,0.29992133
1783532918.4656,56,left_handRing_1_joint,0.12919225,1.2111024,0.21946505,0.5090134,0.57085305,0.5701573,0.29992133
1783532918.4656,56,left_handRing_2_joint,0.114306234,1.25662,0.23120074,0.5090134,0.57085305,0.5701573,0.29992133
1783532918.4656,56,left_handRing_3_joint,0.10500248,1.2850686,0.23853557,0.5090134,0.57085305,0.5701573,0.29992133
1783532918.4656,56,left_handRingEnd_joint,0.098799974,1.3040342,0.24342544,0.5090134,0.57085305,0.5701573,0.29992133
1783532918.4656,56,left_handThumbStart_joint,0.12943612,1.1299078,0.21554857,0.23989436,0.9260496,0.17192943,-0.235209
1783532918.4656,56,left_handThumb_1_joint,0.087863386,1.1494251,0.2433702,0.23989436,0.9260496,0.17192943,-0.235209
1783532918.4656,56,left_handThumb_2_joint,0.05814672,1.163374,0.26325616,0.23989436,0.9260496,0.17192942,-0.235209
1783532918.4656,56,left_handThumbEnd_joint,0.038335614,1.1726731,0.2765135,0.23989435,0.9260496,0.17192939,-0.23520902
1783532918.4656,56,neck_1_joint,0.0023871916,0.5882824,-0.028398339,0.5108476,0.4711164,0.53774357,0.47740498
1783532918.4656,56,neck_2_joint,0.001720063,0.6181258,-0.025410842,0.52209705,0.4579397,0.55976164,0.4520757
1783532918.4656,56,neck_3_joint,-0.00012328445,0.6574973,-0.018592726,0.5181257,0.4610807,0.56633663,0.4452111
1783532918.4656,56,neck_4_joint,-0.0027898913,0.6967803,-0.011540312,0.50771815,0.4714898,0.56295747,0.4505534
1783532918.4656,56,head_joint,-0.006408947,0.7424056,-0.004202783,0.44413185,0.5313314,0.5089448,0.5112813
1783532918.4656,56,jaw_joint,-0.0045843725,0.7180331,0.003053224,0.44413185,0.5313314,0.5089448,0.5112813
1783532918.4656,56,chin_joint,-0.0052971155,0.67715794,0.10711429,0.44413185,0.5313314,0.5089448,0.5112813
1783532918.4656,56,left_eye_joint,0.018836241,0.7851396,0.08031313,0.44874886,0.5274378,0.51338446,0.50682324
1783532918.4656,56,left_eyeLowerLid_joint,0.018836241,0.7851396,0.08031313,0.44874886,0.5274378,0.51338446,0.50682324
1783532918.4656,56,left_eyeUpperLid_joint,0.018836241,0.7851396,0.08031313,0.44874886,0.5274378,0.51338446,0.50682324
1783532918.4656,56,left_eyeball_joint,0.018836241,0.7851396,0.08031313,0.44874886,0.5274378,0.51338446,0.50682324
1783532918.4656,56,nose_joint,-0.011740144,0.7520245,0.10524605,0.44875157,0.52743536,0.5133871,0.50682056
1783532918.4656,56,right_eye_joint,-0.045501217,0.7795368,0.07767166,0.44874886,0.5274378,0.51338446,0.50682324
1783532918.4656,56,right_eyeLowerLid_joint,-0.045501217,0.7795368,0.07767166,0.44874886,0.5274378,0.51338446,0.50682324
1783532918.4656,56,right_eyeUpperLid_joint,-0.045501217,0.7795368,0.07767166,0.44874886,0.5274378,0.51338446,0.50682324
1783532918.4656,56,right_eyeball_joint,-0.045501217,0.7795368,0.07767166,0.44874886,0.5274378,0.51338446,0.50682324
1783532918.4656,56,right_shoulder_1_joint,-0.08725824,0.5679554,-0.02456311,0.33987653,-0.058692064,-0.3353932,0.8766701
1783532918.4656,56,right_arm_joint,-0.19867535,0.6590397,-0.00642074,0.2609239,0.0952033,-0.5768936,0.7681464
1783532918.4656,56,right_forearm_joint,-0.2827961,0.8815624,0.11255762,0.13109803,0.11505413,-0.7940846,0.5822417
1783532918.4656,56,right_hand_joint,-0.2057235,1.1212707,0.20425303,-0.24570225,0.5697784,-0.56494296,0.5438957
1783532918.4656,56,right_handIndexStart_joint,-0.18497443,1.1372206,0.21612708,-0.20614645,0.60591054,-0.5800424,0.50391144
1783532918.4656,56,right_handIndex_1_joint,-0.15227586,1.2042309,0.24596275,-0.20614645,0.60591054,-0.5800424,0.50391144
1783532918.4656,56,right_handIndex_2_joint,-0.13326521,1.2431904,0.2633097,-0.20614645,0.60591054,-0.5800424,0.50391144
1783532918.4656,56,right_handIndex_3_joint,-0.1226189,1.2650082,0.27302334,-0.20614645,0.60591054,-0.5800424,0.50391144
1783532918.4656,56,right_handIndexEnd_joint,-0.11501442,1.2805922,0.27996156,-0.20614645,0.60591054,-0.5800424,0.50391144
1783532918.4656,56,right_handMidStart_joint,-0.19576181,1.143702,0.21389125,-0.24502745,0.5704754,-0.56497836,0.54343235
1783532918.4656,56,right_handMid_1_joint,-0.1737717,1.211631,0.23997675,-0.24502745,0.5704754,-0.56497836,0.54343235
1783532918.4656,56,right_handMid_2_joint,-0.1583191,1.2593645,0.25830644,-0.24502745,0.5704754,-0.56497836,0.54343235
1783532918.4656,56,right_handMid_3_joint,-0.14940415,1.286903,0.26888156,-0.24502745,0.5704754,-0.56497836,0.54343235
1783532918.4656,56,right_handMidEnd_joint,-0.14346088,1.305262,0.2759312,-0.24502745,0.5704754,-0.56497836,0.54343235
1783532918.4656,56,right_handPinkyStart_joint,-0.22167955,1.1527978,0.21007778,-0.28473926,0.52080065,-0.5150017,0.6184363
1783532918.4656,56,right_handPinky_1_joint,-0.21704909,1.2120805,0.23235896,-0.28473926,0.52080065,-0.5150017,0.6184363
1783532918.4656,56,right_handPinky_2_joint,-0.21418878,1.2486973,0.24612069,-0.28473926,0.52080065,-0.5150017,0.6184363
1783532918.4656,56,right_handPinky_3_joint,-0.21269089,1.2678767,0.25332975,-0.28473926,0.52080065,-0.5150017,0.6184363
1783532918.4656,56,right_handPinkyEnd_joint,-0.21132909,1.2853128,0.259883,-0.28473926,0.52080065,-0.5150017,0.6184363
1783532918.4656,56,right_handRingStart_joint,-0.20768827,1.1483504,0.21238935,-0.26477247,0.5459567,-0.54130423,0.5820797
1783532918.4656,56,right_handRing_1_joint,-0.19496423,1.2125628,0.2367627,-0.26477247,0.5459567,-0.54130423,0.5820797
1783532918.4656,56,right_handRing_2_joint,-0.18598273,1.2578887,0.2539675,-0.26477247,0.5459567,-0.54130423,0.5820797
1783532918.4656,56,right_handRing_3_joint,-0.18036903,1.2862179,0.2647202,-0.26477247,0.5459567,-0.54130423,0.5820797
1783532918.4656,56,right_handRingEnd_joint,-0.17662683,1.3051041,0.2718897,-0.26477247,0.5459567,-0.54130423,0.5820797
1783532918.4656,56,right_handThumbStart_joint,-0.18714663,1.1323168,0.22639833,-0.29734144,-0.20561437,0.8890862,-0.28077865
1783532918.4656,56,right_handThumb_1_joint,-0.15141377,1.1525625,0.2609896,-0.29734144,-0.20561437,0.8890862,-0.28077865
1783532918.4656,56,right_handThumb_2_joint,-0.12587102,1.167032,0.28571385,-0.29734144,-0.20561433,0.8890862,-0.28077865
1783532918.4656,56,right_handThumbEnd_joint,-0.10884316,1.1766784,0.3021972,-0.29734144,-0.20561431,0.8890862,-0.28077865
1783532918.4656,56,camera,0.10698659,0.072810546,-0.02939302,-0.07673061,-0.07617918,-0.6971652,0.70870996
1783532918.4987,57,root,-0.00069672934,0.022396013,0.004883029,0.09581626,0.007331159,-0.0057091294,0.9953557
1783532918.4987,57,hips_joint,-0.00069672934,0.022396013,0.004883029,0.09581626,0.007331159,-0.0057091294,0.9953557
1783532918.4987,57,left_upLeg_joint,0.09951987,-0.0033064745,-0.00051594526,-0.5539321,0.4598099,-0.39336252,0.57183945
1783532918.4987,57,left_leg_joint,0.2122409,-0.40726313,-0.038449895,-0.38377863,0.5870247,-0.1971697,0.68501115
1783532918.4987,57,left_foot_joint,0.31881726,-0.7368449,-0.33702448,0.664123,-0.22544111,0.5776512,-0.4176555
1783532918.4987,57,left_toes_joint,0.3532422,-0.8533818,-0.2507426,0.6948143,-0.09548005,0.64634115,-0.3005993
1783532918.4987,57,left_toesEnd_joint,0.36211434,-0.8850015,-0.1997412,0.6948143,-0.09547983,0.6463411,-0.30059952
1783532918.4987,57,right_upLeg_joint,-0.10152534,-0.0012990737,0.002640045,0.536549,0.42788598,0.40604752,0.60345215
1783532918.4987,57,right_leg_joint,-0.22957054,-0.4010108,0.036617536,0.6680927,0.20518419,0.56876713,0.433654
1783532918.4987,57,right_foot_joint,-0.35249683,-0.75197583,-0.2295443,0.3993948,0.5735255,0.18031064,0.6921275
1783532918.4987,57,right_toes_joint,-0.39379546,-0.85744894,-0.13269222,0.28345227,0.6388291,0.04585914,0.7137572
1783532918.4987,57,right_toesEnd_joint,-0.40468928,-0.8833883,-0.07895124,0.28345275,0.6388292,0.045858704,0.71375704
1783532918.4987,57,spine_1_joint,-0.0006967491,0.022396013,0.0048830295,0.5361708,0.46689263,0.5352687,0.45609152
1783532918.4987,57,spine_2_joint,-0.0012148803,0.079311855,0.013406575,0.5184399,0.48511007,0.523135,0.47140002
1783532918.4987,57,spine_3_joint,-0.0022510665,0.13664675,0.018302385,0.5034536,0.49656755,0.51254094,0.48709035
1783532918.4987,57,spine_4_joint,-0.0032354873,0.18966408,0.02001788,0.4932105,0.5025214,0.5043217,0.4998752
1783532918.4987,57,spine_5_joint,-0.0042026658,0.2601182,0.01944798,0.49415,0.496854,0.50598323,0.5029239
1783532918.4987,57,spine_6_joint,-0.0047504846,0.35395655,0.020026995,0.46620655,0.5190248,0.48296925,0.52915525
1783532918.4987,57,spine_7_joint,-0.005332703,0.46058887,0.010153093,0.41934928,0.55700785,0.43663138,0.56854296
1783532918.4987,57,left_shoulder_1_joint,0.08395623,0.5681644,-0.02241371,0.88707227,0.33083966,-0.053259164,-0.31750765
1783532918.4987,57,left_arm_joint,0.19643031,0.6582081,-0.005646121,0.784764,0.56209767,0.09273627,-0.24411337
1783532918.4987,57,left_forearm_joint,0.28976288,0.8808259,0.10606372,0.5961681,0.79297966,0.08354544,-0.09373841
1783532918.4987,57,left_hand_joint,0.216984,1.1299942,0.17259526,0.53253365,0.5830218,0.5439505,0.28392106
1783532918.4987,57,left_handIndexStart_joint,0.19496652,1.1473824,0.18286075,0.49659482,0.5998043,0.5774293,0.24536422
1783532918.4987,57,left_handIndex_1_joint,0.16393615,1.2179818,0.20527992,0.49659482,0.5998043,0.5774293,0.24536422
1783532918.4987,57,left_handIndex_2_joint,0.14589524,1.259028,0.21831432,0.49659482,0.5998043,0.5774293,0.24536422
1783532918.4987,57,left_handIndex_3_joint,0.13579234,1.2820138,0.2256136,0.49659482,0.5998043,0.5774293,0.24536422
1783532918.4987,57,left_handIndexEnd_joint,0.12857597,1.2984322,0.23082735,0.49659482,0.5998043,0.5774293,0.24536422
1783532918.4987,57,left_handMidStart_joint,0.20598775,1.1532834,0.18019855,0.53420335,0.5820476,0.5425395,0.28547892
1783532918.4987,57,left_handMid_1_joint,0.18574826,1.2241012,0.19899917,0.53420335,0.5820476,0.5425395,0.28547892
1783532918.4987,57,left_handMid_2_joint,0.17152593,1.273865,0.21221042,0.53420335,0.5820476,0.5425395,0.28547892
1783532918.4987,57,left_handMid_3_joint,0.16332074,1.3025749,0.2198323,0.53420335,0.5820476,0.5425395,0.28547892
1783532918.4987,57,left_handMidEnd_joint,0.1578506,1.3217149,0.22491355,0.53420335,0.5820476,0.5425395,0.28547892
1783532918.4987,57,left_handPinkyStart_joint,0.23223838,1.1611727,0.17599571,0.60679,0.5281636,0.49546507,0.32766372
1783532918.4987,57,left_handPinky_1_joint,0.22913413,1.2224935,0.19219913,0.60679,0.5281636,0.49546507,0.32766372
1783532918.4987,57,left_handPinky_2_joint,0.22721681,1.2603681,0.20220712,0.60679,0.5281636,0.49546507,0.32766372
1783532918.4987,57,left_handPinky_3_joint,0.2262125,1.2802072,0.20744939,0.60679,0.5281636,0.49546507,0.32766372
1783532918.4987,57,left_handPinkyEnd_joint,0.22529949,1.2982428,0.2122151,0.60679,0.5281636,0.49546507,0.32766372
1783532918.4987,57,left_handRingStart_joint,0.21807815,1.1573987,0.17847028,0.57166344,0.556417,0.51926684,0.30653393
1783532918.4987,57,left_handRing_1_joint,0.20700839,1.2240728,0.1961127,0.57166344,0.556417,0.51926684,0.30653393
1783532918.4987,57,left_handRing_2_joint,0.19919445,1.2711369,0.20856616,0.57166344,0.556417,0.51926684,0.30653393
1783532918.4987,57,left_handRing_3_joint,0.19431074,1.3005519,0.21634957,0.57166344,0.556417,0.51926684,0.30653393
1783532918.4987,57,left_handRingEnd_joint,0.19105493,1.3201618,0.22153851,0.57166344,0.556417,0.51926684,0.30653393
1783532918.4987,57,left_handThumbStart_joint,0.19681785,1.1434639,0.1936064,0.30710328,0.8963473,0.16812877,-0.271996
1783532918.4987,57,left_handThumb_1_joint,0.16119733,1.168117,0.22533427,0.30710328,0.8963473,0.16812877,-0.271996
1783532918.4987,57,left_handThumb_2_joint,0.13573496,1.185737,0.2480125,0.30710328,0.8963473,0.16812877,-0.271996
1783532918.4987,57,left_handThumbEnd_joint,0.11876004,1.1974838,0.26313132,0.30710328,0.8963473,0.16812874,-0.271996
1783532918.4987,57,neck_1_joint,-0.0053684562,0.5879492,-0.032101057,0.5066057,0.4794919,0.53699154,0.47442392
1783532918.4987,57,neck_2_joint,-0.006464795,0.6178097,-0.029427426,0.5181045,0.46640253,0.5593945,0.44845766
1783532918.4987,57,neck_3_joint,-0.008901075,0.6572105,-0.022974381,0.5141361,0.46948153,0.56630105,0.4410829
1783532918.4987,57,neck_4_joint,-0.01218986,0.6965036,-0.016248353,0.5036129,0.47977424,0.5631127,0.44620037
1783532918.4987,57,head_joint,-0.016550718,0.7421203,-0.009269708,0.4390712,0.5390397,0.5095916,0.5069209
1783532918.4987,57,jaw_joint,-0.014254801,0.7178457,-0.0018218945,0.4390712,0.5390397,0.5095916,0.5069209
1783532918.4987,57,chin_joint,-0.013559201,0.67785233,0.102581345,0.4390712,0.5390397,0.5095916,0.5069209
1783532918.4987,57,left_eye_joint,0.008516211,0.78600293,0.07470897,0.4437557,0.5351899,0.5139933,0.5024573
1783532918.4987,57,left_eyeLowerLid_joint,0.008516211,0.78600293,0.07470897,0.4437557,0.5351899,0.5139933,0.5024573
1783532918.4987,57,left_eyeUpperLid_joint,0.008516211,0.78600293,0.07470897,0.4437557,0.5351899,0.5139933,0.5024573
1783532918.4987,57,left_eyeball_joint,0.008516211,0.78600293,0.07470897,0.4437557,0.5351899,0.5139933,0.5024573
1783532918.4987,57,nose_joint,-0.021312786,0.7525776,0.10012849,0.4437585,0.53518766,0.51399595,0.5024545
1783532918.4987,57,right_eye_joint,-0.055730637,0.77926594,0.07255629,0.4437557,0.5351899,0.5139933,0.5024573
1783532918.4987,57,right_eyeLowerLid_joint,-0.055730637,0.77926594,0.07255629,0.4437557,0.5351899,0.5139933,0.5024573
1783532918.4987,57,right_eyeUpperLid_joint,-0.055730637,0.77926594,0.07255629,0.4437557,0.5351899,0.5139933,0.5024573
1783532918.4987,57,right_eyeball_joint,-0.055730637,0.77926594,0.07255629,0.4437557,0.5351899,0.5139933,0.5024573
1783532918.4987,57,right_shoulder_1_joint,-0.094698004,0.56645215,-0.027378196,0.33319074,-0.06679725,-0.3160775,0.88578606
1783532918.4987,57,right_arm_joint,-0.20947051,0.65412956,-0.01399131,0.26773778,0.08183533,-0.5406672,0.79328316
1783532918.4987,57,right_forearm_joint,-0.31638724,0.87063766,0.09755023,0.16863354,0.114088476,-0.75027674,0.6289919
1783532918.4987,57,right_hand_joint,-0.2756923,1.1132469,0.20381808,-0.24385986,0.54264295,-0.53053755,0.6038215
1783532918.4987,57,right_handIndexStart_joint,-0.25798768,1.1309187,0.2179663,-0.2066887,0.58293796,-0.54555804,0.5655341
1783532918.4987,57,right_handIndex_1_joint,-0.23591037,1.1998279,0.25280672,-0.2066887,0.58293796,-0.54555804,0.5655341
1783532918.4987,57,right_handIndex_2_joint,-0.22307491,1.2398912,0.2730634,-0.2066887,0.58293796,-0.54555804,0.5655341
1783532918.4987,57,right_handIndex_3_joint,-0.21588673,1.2623273,0.28440654,-0.2066887,0.58293796,-0.54555804,0.5655341
1783532918.4987,57,right_handIndexEnd_joint,-0.2107523,1.2783529,0.2925087,-0.2066887,0.58293796,-0.54555804,0.5655341
1783532918.4987,57,right_handMidStart_joint,-0.26924792,1.136217,0.21504937,-0.24323529,0.5433973,-0.53055793,0.60337687
1783532918.4987,57,right_handMid_1_joint,-0.2575762,1.2049806,0.24527667,-0.24323529,0.5433973,-0.53055793,0.60337687
1783532918.4987,57,right_handMid_2_joint,-0.24937427,1.2533005,0.26651683,-0.24323529,0.5433973,-0.53055793,0.60337687
1783532918.4987,57,right_handMid_3_joint,-0.24464242,1.2811776,0.27877107,-0.24323529,0.5433973,-0.53055793,0.60337687
1783532918.4987,57,right_handMidEnd_joint,-0.24148782,1.2997621,0.28694013,-0.24323529,0.5433973,-0.53055793,0.60337687
1783532918.4987,57,right_handPinkyStart_joint,-0.2956649,1.1424497,0.20936592,-0.28052083,0.4874374,-0.47899607,0.6739993
1783532918.4987,57,right_handPinky_1_joint,-0.29985183,1.2008169,0.23402497,-0.28052083,0.4874374,-0.47899607,0.6739993
1783532918.4987,57,right_handPinky_2_joint,-0.30243763,1.2368681,0.24925545,-0.28052083,0.4874374,-0.47899607,0.6739993
1783532918.4987,57,right_handPinky_3_joint,-0.30379245,1.2557515,0.2572338,-0.28052083,0.4874374,-0.47899607,0.6739993
1783532918.4987,57,right_handPinkyEnd_joint,-0.305024,1.2729182,0.26448637,-0.28052083,0.4874374,-0.47899607,0.6739993
1783532918.4987,57,right_handRingStart_joint,-0.2814789,1.1395329,0.21270211,-0.26170856,0.51572025,-0.5060099,0.63991773
1783532918.4987,57,right_handRing_1_joint,-0.2784035,1.2036247,0.2403059,-0.26170856,0.51572025,-0.5060099,0.63991773
1783532918.4987,57,right_handRing_2_joint,-0.27623272,1.2488656,0.25979096,-0.26170856,0.51572025,-0.5060099,0.63991773
1783532918.4987,57,right_handRing_3_joint,-0.27487576,1.2771417,0.27196884,-0.26170856,0.51572025,-0.5060099,0.63991773
1783532918.4987,57,right_handRingEnd_joint,-0.27397147,1.2959924,0.28008845,-0.26170856,0.51572025,-0.5060099,0.63991773
1783532918.4987,57,right_handThumbStart_joint,-0.26038647,1.1253442,0.22783722,-0.32706183,-0.22847974,0.85384846,-0.33432025
1783532918.4987,57,right_handThumb_1_joint,-0.2301837,1.1479772,0.26603165,-0.32706183,-0.2284797,0.8538484,-0.33432025
1783532918.4987,57,right_handThumb_2_joint,-0.20859352,1.1641535,0.29333147,-0.32706183,-0.2284797,0.8538484,-0.33432025
1783532918.4987,57,right_handThumbEnd_joint,-0.19420074,1.1749374,0.31153175,-0.32706183,-0.22847967,0.85384846,-0.33432025
1783532918.4987,57,camera,0.10709265,0.07294721,-0.02900378,-0.07639085,-0.075944915,-0.697184,0.7087533
1783532918.5322,58,root,-0.000937207,0.022507297,0.0035952427,0.10277188,0.008878487,-0.007822323,0.99463457
1783532918.5322,58,hips_joint,-0.000937207,0.022507297,0.0035952427,0.10277188,0.008878487,-0.007822323,0.99463457
1783532918.5322,58,left_upLeg_joint,0.09915576,-0.0035175204,-0.0025072745,-0.54496914,0.470303,-0.38480404,0.5777106
1783532918.5322,58,left_leg_joint,0.20926598,-0.40660042,-0.054717664,-0.38561884,0.58542675,-0.20189105,0.6839691
1783532918.5322,58,left_foot_joint,0.3158326,-0.73937225,-0.34973612,0.6645862,-0.22304837,0.5807253,-0.41392356
1783532918.5322,58,left_toes_joint,0.34951606,-0.8552029,-0.26221955,0.6948157,-0.09304286,0.6486521,-0.2963524
1783532918.5322,58,left_toesEnd_joint,0.35808086,-0.8863673,-0.21088643,0.6948157,-0.09304264,0.6486521,-0.2963526
1783532918.5322,58,right_upLeg_joint,-0.10186783,-0.0007509732,0.001368899,0.53775847,0.425496,0.41537482,0.59768945
1783532918.5322,58,right_leg_joint,-0.22517814,-0.40254056,0.027428817,0.6611931,0.21484315,0.5752995,0.4309255
1783532918.5322,58,right_foot_joint,-0.3375585,-0.7592071,-0.23579928,0.3880068,0.5768742,0.18713552,0.6940081
1783532918.5322,58,right_toes_joint,-0.37696144,-0.8646336,-0.13811031,0.27163595,0.6399586,0.05220391,0.71689725
1783532918.5322,58,right_toesEnd_joint,-0.3876045,-0.8902637,-0.08417109,0.27163646,0.63995874,0.052203473,0.7168971
1783532918.5322,58,spine_1_joint,-0.00093722675,0.022507297,0.003595243,0.53973705,0.46427283,0.5360766,0.4536039
1783532918.5322,58,spine_2_joint,-0.0012741789,0.07934094,0.012659181,0.5209037,0.48372188,0.5235466,0.46965012
1783532918.5322,58,spine_3_joint,-0.0022051367,0.13664706,0.017900782,0.5045956,0.49642354,0.51248115,0.48611727
1783532918.5322,58,spine_4_joint,-0.0031678805,0.18966083,0.019733874,0.49300262,0.5035343,0.50370336,0.49968442
1783532918.5322,58,spine_5_joint,-0.004191187,0.26011312,0.019048426,0.49282017,0.49879184,0.5049262,0.5033731
1783532918.5322,58,spine_6_joint,-0.004899891,0.35395214,0.019178424,0.46478274,0.52060336,0.48253834,0.52925026
1783532918.5322,58,spine_7_joint,-0.0057442365,0.46054685,0.0089246,0.41903508,0.55714077,0.4380215,0.56757444
1783532918.5322,58,left_shoulder_1_joint,0.08324038,0.5684411,-0.023420142,0.8932087,0.30119383,-0.07684607,-0.32489267
1783532918.5322,58,left_arm_joint,0.20025985,0.6537291,-0.014944563,0.8252567,0.49350375,0.04894356,-0.2702037
1783532918.5322,58,left_forearm_joint,0.33541214,0.86334896,0.07747909,0.65409964,0.7367163,0.058375806,-0.16123009
1783532918.5322,58,left_hand_joint,0.31067383,1.1165669,0.16160269,0.6194173,0.5532356,0.4899891,0.26488405
1783532918.5322,58,left_handIndexStart_joint,0.2932549,1.1363114,0.1757178,0.5867677,0.56880224,0.52918226,0.22832894
1783532918.5322,58,left_handIndex_1_joint,0.2766194,1.209327,0.20473129,0.5867677,0.56880224,0.52918226,0.22832894
1783532918.5322,58,left_handIndex_2_joint,0.2669476,1.2517779,0.2215996,0.5867677,0.56880224,0.52918226,0.22832894
1783532918.5322,58,left_handIndex_3_joint,0.2615314,1.2755504,0.23104586,0.5867677,0.56880224,0.52918226,0.22832894
1783532918.5322,58,left_handIndexEnd_joint,0.25766268,1.2925307,0.23779318,0.5867677,0.56880224,0.52918226,0.22832894
1783532918.5322,58,left_handMidStart_joint,0.30447522,1.1407484,0.17149952,0.6209271,0.55229783,0.4883245,0.26637596
1783532918.5322,58,left_handMid_1_joint,0.2978629,1.2126607,0.19523062,0.6209271,0.55229783,0.4883245,0.26637596
1783532918.5322,58,left_handMid_2_joint,0.2932164,1.2631936,0.21190652,0.6209271,0.55229783,0.4883245,0.26637596
1783532918.5322,58,left_handMid_3_joint,0.29053572,1.2923472,0.22152725,0.6209271,0.55229783,0.4883245,0.26637596
1783532918.5322,58,left_handMidEnd_joint,0.28874862,1.311783,0.22794105,0.6209271,0.55229783,0.4883245,0.26637596
1783532918.5322,58,left_handPinkyStart_joint,0.33063307,1.1451116,0.16339196,0.6863597,0.49777803,0.4317488,0.3077672
1783532918.5322,58,left_handPinky_1_joint,0.33899117,1.2053784,0.18157053,0.6863597,0.49777803,0.4317488,0.3077672
1783532918.5322,58,left_handPinky_2_joint,0.34415346,1.2426022,0.19279845,0.6863597,0.49777803,0.4317488,0.3077672
1783532918.5322,58,left_handPinky_3_joint,0.34685755,1.2621003,0.19867976,0.6863597,0.49777803,0.4317488,0.3077672
1783532918.5322,58,left_handPinkyEnd_joint,0.34931582,1.2798259,0.2040264,0.6863597,0.49777803,0.4317488,0.3077672
1783532918.5322,58,left_handRingStart_joint,0.3166247,1.143224,0.16798341,0.65491706,0.5262502,0.4602362,0.2869274
1783532918.5322,58,left_handRing_1_joint,0.31819546,1.2098211,0.18899767,0.65491706,0.5262502,0.4602362,0.2869274
1783532918.5322,58,left_handRing_2_joint,0.31930423,1.2568307,0.20383126,0.65491706,0.5262502,0.4602362,0.2869274
1783532918.5322,58,left_handRing_3_joint,0.31999722,1.2862118,0.21310224,0.65491706,0.5262502,0.4602362,0.2869274
1783532918.5322,58,left_handRingEnd_joint,0.32045922,1.3057992,0.21928291,0.65491706,0.5262502,0.4602362,0.2869274
1783532918.5322,58,left_handThumbStart_joint,0.29614556,1.13164,0.18591948,0.37728336,0.84447056,0.17995852,-0.33487594
1783532918.5322,58,left_handThumb_1_joint,0.26978153,1.1593858,0.22358073,0.37728336,0.84447056,0.17995852,-0.33487594
1783532918.5322,58,left_handThumb_2_joint,0.25093526,1.1792166,0.25050026,0.37728336,0.84447056,0.17995852,-0.33487594
1783532918.5322,58,left_handThumbEnd_joint,0.2383711,1.192437,0.2684466,0.3772834,0.8444706,0.1799585,-0.33487597
1783532918.5322,58,neck_1_joint,-0.006139077,0.5879862,-0.03308915,0.5054535,0.4804274,0.53785896,0.47372338
1783532918.5322,58,neck_2_joint,-0.0073452434,0.617844,-0.030432772,0.51647943,0.46784514,0.56006235,0.4479954
1783532918.5322,58,neck_3_joint,-0.009949156,0.657247,-0.024059312,0.5122733,0.4711435,0.5669353,0.44066322
1783532918.5322,58,neck_4_joint,-0.013420502,0.6965415,-0.017434508,0.50175154,0.48136145,0.56385946,0.44564417
1783532918.5322,58,head_joint,-0.018000929,0.7421524,-0.010558951,0.4370298,0.5403904,0.5103873,0.50644624
1783532918.5322,58,jaw_joint,-0.015598246,0.7179049,-0.0030563325,0.4370298,0.5403904,0.5103873,0.50644624
1783532918.5322,58,chin_joint,-0.014809947,0.67814183,0.10143419,0.4370298,0.5403904,0.5103873,0.50644624
1783532918.5322,58,left_eye_joint,0.0067846524,0.7863339,0.07334649,0.44172606,0.5365584,0.5147847,0.50197583
1783532918.5322,58,left_eyeLowerLid_joint,0.0067846524,0.7863339,0.07334649,0.44172606,0.5365584,0.5147847,0.50197583
1783532918.5322,58,left_eyeUpperLid_joint,0.0067846524,0.7863339,0.07334649,0.44172606,0.5365584,0.5147847,0.50197583
1783532918.5322,58,left_eyeball_joint,0.0067846524,0.7863339,0.07334649,0.44172606,0.5365584,0.5147847,0.50197583
1783532918.5322,58,nose_joint,-0.022910671,0.75282454,0.09881196,0.44172883,0.53655607,0.5147873,0.5019731
1783532918.5322,58,right_eye_joint,-0.057428025,0.77929175,0.071151085,0.44172606,0.5365584,0.5147847,0.50197583
1783532918.5322,58,right_eyeLowerLid_joint,-0.057428025,0.77929175,0.071151085,0.44172606,0.5365584,0.5147847,0.50197583
1783532918.5322,58,right_eyeUpperLid_joint,-0.057428025,0.77929175,0.071151085,0.44172606,0.5365584,0.5147847,0.50197583
1783532918.5322,58,right_eyeball_joint,-0.057428025,0.77929175,0.071151085,0.44172606,0.5365584,0.5147847,0.50197583
1783532918.5322,58,right_shoulder_1_joint,-0.095407166,0.5662223,-0.028425878,0.34009162,-0.088081956,-0.2904959,0.89005125
1783532918.5322,58,right_arm_joint,-0.21372485,0.6499193,-0.022508532,0.29335502,0.047567923,-0.48805988,0.8206567
1783532918.5322,58,right_forearm_joint,-0.35179004,0.85556644,0.074423,0.22988752,0.09794993,-0.68729377,0.6820443
1783532918.5322,58,right_hand_joint,-0.3614546,1.094729,0.1949061,-0.2268681,0.49185005,-0.48994952,0.6830546
1783532918.5322,58,right_handIndexStart_joint,-0.34862322,1.1137614,0.21219884,-0.19255742,0.5376759,-0.503859,0.64803714
1783532918.5322,58,right_handIndex_1_joint,-0.34172156,1.1828367,0.2525809,-0.19255742,0.5376759,-0.503859,0.64803714
1783532918.5322,58,right_handIndex_2_joint,-0.3377092,1.2229965,0.27605945,-0.19255742,0.5376759,-0.503859,0.64803714
1783532918.5322,58,right_handIndex_3_joint,-0.33546194,1.2454867,0.2892069,-0.19255742,0.5376759,-0.503859,0.64803714
1783532918.5322,58,right_handIndexEnd_joint,-0.33385673,1.2615509,0.29859784,-0.19255742,0.5376759,-0.503859,0.64803714
1783532918.5322,58,right_handMidStart_joint,-0.35999623,1.1176534,0.20785356,-0.22630896,0.4926767,-0.4899368,0.6826533
1783532918.5322,58,right_handMid_1_joint,-0.36261603,1.1854522,0.24212906,-0.22630896,0.4926767,-0.4899368,0.6826533
1783532918.5322,58,right_handMid_2_joint,-0.36445665,1.2330943,0.2662139,-0.22630896,0.4926767,-0.4899368,0.6826533
1783532918.5322,58,right_handMid_3_joint,-0.36551863,1.2605803,0.2801093,-0.22630896,0.4926767,-0.4899368,0.6826533
1783532918.5322,58,right_handMidEnd_joint,-0.3662265,1.278904,0.28937244,-0.22630896,0.4926767,-0.4899368,0.6826533
1783532918.5322,58,right_handPinkyStart_joint,-0.38595992,1.120586,0.19856426,-0.2615036,0.42800814,-0.4378237,0.74614674
1783532918.5322,58,right_handPinky_1_joint,-0.40185028,1.1762897,0.22458228,-0.2615036,0.42800814,-0.4378237,0.74614674
1783532918.5322,58,right_handPinky_2_joint,-0.4116648,1.2106957,0.24065219,-0.2615036,0.42800814,-0.4378237,0.74614674
1783532918.5322,58,right_handPinky_3_joint,-0.416806,1.2287173,0.24907017,-0.2615036,0.42800814,-0.4378237,0.74614674
1783532918.5322,58,right_handPinkyEnd_joint,-0.4214797,1.2451006,0.25672242,-0.2615036,0.42800814,-0.4378237,0.74614674
1783532918.5322,58,right_handRingStart_joint,-0.3721187,1.1194199,0.2038502,-0.24363875,0.46059647,-0.46500096,0.71572685
1783532918.5322,58,right_handRing_1_joint,-0.38212478,1.1815922,0.23407727,-0.24363875,0.46059647,-0.46500096,0.71572685
1783532918.5322,58,right_handRing_2_joint,-0.38918796,1.225478,0.25541404,-0.24363875,0.46059647,-0.46500096,0.71572685
1783532918.5322,58,right_handRing_3_joint,-0.39360225,1.2529073,0.26874933,-0.24363875,0.46059647,-0.46500096,0.71572685
1783532918.5322,58,right_handRingEnd_joint,-0.39654562,1.2711934,0.27764046,-0.24363875,0.46059647,-0.46500096,0.71572685
1783532918.5322,58,right_handThumbStart_joint,-0.35157546,1.1073394,0.22138077,-0.3797584,-0.24676865,0.79649645,-0.40060195
1783532918.5322,58,right_handThumb_1_joint,-0.33060434,1.1315435,0.2644812,-0.3797584,-0.24676861,0.79649645,-0.40060195
1783532918.5322,58,right_handThumb_2_joint,-0.3156125,1.1488432,0.29528794,-0.3797584,-0.24676861,0.7964965,-0.40060195
1783532918.5322,58,right_handThumbEnd_joint,-0.3056186,1.160376,0.31582612,-0.3797584,-0.24676858,0.7964965,-0.40060195
1783532918.5322,58,camera,0.10696916,0.0726061,-0.028595477,-0.07629666,-0.07603936,-0.69717526,0.7087619
1783532918.5658,59,root,-0.0004483154,0.021395095,0.0018791531,0.10815906,0.008214202,-0.009664069,0.99405265
1783532918.5658,59,hips_joint,-0.0004483154,0.021395095,0.0018791531,0.10815906,0.008214202,-0.009664069,0.99405265
1783532918.5658,59,left_upLeg_joint,0.09954868,-0.004953568,-0.0044042724,-0.5396603,0.47848713,-0.37903506,0.57978374
1783532918.5658,59,left_leg_joint,0.20683044,-0.40750822,-0.065774605,-0.39251867,0.5860577,-0.21475506,0.6755334
1783532918.5658,59,left_foot_joint,0.30781886,-0.7505914,-0.35077384,0.6704071,-0.21929,0.5856498,-0.39934984
1783532918.5658,59,left_toes_joint,0.34028578,-0.8641217,-0.25984946,0.6998187,-0.0882494,0.6507252,-0.28110945
1783532918.5658,59,left_toesEnd_joint,0.3486292,-0.89380676,-0.20761108,0.6998187,-0.08824919,0.65072507,-0.28110966
1783532918.5658,59,right_upLeg_joint,-0.10146651,-0.0014429354,-0.00069863064,0.54150313,0.4198394,0.4242899,0.5920197
1783532918.5658,59,right_leg_joint,-0.22249961,-0.4044563,0.0151335355,0.65321666,0.23168966,0.57055116,0.44056687
1783532918.5658,59,right_foot_joint,-0.33297595,-0.77278006,-0.23237793,0.37133855,0.5852168,0.17745198,0.6986698
1783532918.5658,59,right_toes_joint,-0.37054145,-0.87450737,-0.13014852,0.25368863,0.644991,0.041812345,0.719639
1783532918.5658,59,right_toesEnd_joint,-0.38051856,-0.898009,-0.07512358,0.2536891,0.6449909,0.0418119,0.7196389
1783532918.5658,59,spine_1_joint,-0.00044833517,0.021395095,0.0018791533,0.5438145,0.45858163,0.5342774,0.45663583
1783532918.5658,59,spine_2_joint,4.0933115e-05,0.07818291,0.011219172,0.5255895,0.477194,0.5188049,0.47632194
1783532918.5658,59,spine_3_joint,0.00040089272,0.13549711,0.016442714,0.5090709,0.48970425,0.5054803,0.4955056
1783532918.5658,59,spine_4_joint,0.0008973994,0.18852611,0.017999751,0.49666485,0.49702388,0.4952644,0.51088554
1783532918.5658,59,spine_5_joint,0.001981317,0.25896803,0.016657522,0.4952647,0.4926942,0.49666944,0.5150575
1783532918.5658,59,spine_6_joint,0.0039555468,0.3527846,0.015747217,0.4663966,0.5149082,0.47674718,0.53856796
1783532918.5658,59,spine_7_joint,0.0055594263,0.45929113,0.004698982,0.4205158,0.5516037,0.4380564,0.5718445
1783532918.5658,59,left_shoulder_1_joint,0.095928445,0.56638426,-0.026447449,0.8980801,0.25970182,-0.08353299,-0.3450058
1783532918.5658,59,left_arm_joint,0.21938819,0.6424055,-0.022217983,0.863587,0.3991362,0.031475753,-0.3064584
1783532918.5658,59,left_forearm_joint,0.40009913,0.8206392,0.05731234,0.71722966,0.6597149,0.052071415,-0.21827966
1783532918.5658,59,left_hand_joint,0.43336213,1.068137,0.15450491,0.7041686,0.49553356,0.43861333,0.2573149
1783532918.5658,59,left_handIndexStart_joint,0.4217479,1.089739,0.17156273,0.6746283,0.5106851,0.4833828,0.22453979
1783532918.5658,59,left_handIndex_1_joint,0.422638,1.1625102,0.20552358,0.6746283,0.5106851,0.4833828,0.22453979
1783532918.5658,59,left_handIndex_2_joint,0.42315552,1.204819,0.22526826,0.6746283,0.5106851,0.4833828,0.22453979
1783532918.5658,59,left_handIndex_3_joint,0.4234453,1.2285119,0.23632528,0.6746283,0.5106851,0.4833828,0.22453979
1783532918.5658,59,left_handIndexEnd_joint,0.4236523,1.2454355,0.24422315,0.6746283,0.5106851,0.4833828,0.22453979
1783532918.5658,59,left_handMidStart_joint,0.433019,1.0923432,0.16612627,0.70551825,0.49460015,0.4367025,0.25866053
1783532918.5658,59,left_handMid_1_joint,0.4428495,1.1625669,0.19351716,0.70551825,0.49460015,0.4367025,0.25866053
1783532918.5658,59,left_handMid_2_joint,0.44975737,1.2119132,0.21276483,0.70551825,0.49460015,0.4367025,0.25866053
1783532918.5658,59,left_handMid_3_joint,0.4537427,1.2403822,0.22386925,0.70551825,0.49460015,0.4367025,0.25866053
1783532918.5658,59,left_handMidEnd_joint,0.4563996,1.2593615,0.23127218,0.70551825,0.49460015,0.4367025,0.25866053
1783532918.5658,59,left_handPinkyStart_joint,0.45838064,1.0924325,0.15491112,0.76306915,0.43848962,0.3711258,0.29617167
1783532918.5658,59,left_handPinky_1_joint,0.47997016,1.1488872,0.17438398,0.76306915,0.43848962,0.3711258,0.29617167
1783532918.5658,59,left_handPinky_2_joint,0.49330485,1.1837561,0.18641134,0.76306915,0.43848962,0.3711258,0.29617167
1783532918.5658,59,left_handPinky_3_joint,0.5002897,1.2020209,0.19271138,0.76306915,0.43848962,0.3711258,0.29617167
1783532918.5658,59,left_handPinkyEnd_joint,0.50663954,1.2186252,0.1984387,0.76306915,0.43848962,0.3711258,0.29617167
1783532918.5658,59,left_handRingStart_joint,0.44491237,1.0928092,0.16118339,0.7356797,0.46761692,0.40407908,0.2771815
1783532918.5658,59,left_handRing_1_joint,0.46140495,1.1565164,0.1846057,0.7356797,0.46761692,0.40407908,0.2771815
1783532918.5658,59,left_handRing_2_joint,0.47304675,1.2014863,0.20113912,0.7356797,0.46761692,0.40407908,0.2771815
1783532918.5658,59,left_handRing_3_joint,0.48032287,1.2295924,0.21147251,0.7356797,0.46761692,0.40407908,0.2771815
1783532918.5658,59,left_handRingEnd_joint,0.48517364,1.2483299,0.21836144,0.7356797,0.46761692,0.40407908,0.2771815
1783532918.5658,59,left_handThumbStart_joint,0.42490298,1.083968,0.18110181,0.45509455,0.77827966,0.20905918,-0.378766
1783532918.5658,59,left_handThumb_1_joint,0.40885866,1.1135031,0.22297686,0.45509455,0.77827966,0.20905918,-0.378766
1783532918.5658,59,left_handThumb_2_joint,0.39738852,1.134613,0.25290847,0.45509455,0.77827966,0.20905918,-0.378766
1783532918.5658,59,left_handThumbEnd_joint,0.38974178,1.1486864,0.27286288,0.45509455,0.77827966,0.20905912,-0.37876606
1783532918.5658,59,neck_1_joint,0.0068474114,0.5868511,-0.03692891,0.50573367,0.47523734,0.53532654,0.4814645
1783532918.5658,59,neck_2_joint,0.0061019096,0.6167362,-0.03441355,0.51653576,0.46311715,0.55525726,0.4586961
1783532918.5658,59,neck_3_joint,0.004278866,0.65624905,-0.028463142,0.5123518,0.4667693,0.56051797,0.45325622
1783532918.5658,59,neck_4_joint,0.0017145502,0.6957058,-0.022413846,0.50184727,0.47725257,0.55650795,0.45899677
1783532918.5658,59,head_joint,-0.0017438304,0.7415229,-0.016295044,0.43765807,0.53641397,0.5014999,0.5188574
1783532918.5658,59,jaw_joint,-3.612876e-05,0.7173438,-0.008392263,0.43765807,0.53641397,0.5014999,0.5188574
1783532918.5658,59,chin_joint,-0.0012001073,0.6792372,0.09671017,0.43765807,0.53641397,0.5014999,0.5188574
1783532918.5658,59,left_eye_joint,0.023435822,0.7863777,0.06713446,0.4423196,0.5325766,0.50600594,0.51446396
1783532918.5658,59,left_eyeLowerLid_joint,0.023435822,0.7863777,0.06713446,0.4423196,0.5325766,0.50600594,0.51446396
1783532918.5658,59,left_eyeUpperLid_joint,0.023435822,0.7863777,0.06713446,0.4423196,0.5325766,0.50600594,0.51446396
1783532918.5658,59,left_eyeball_joint,0.023435822,0.7863777,0.06713446,0.4423196,0.5325766,0.50600594,0.51446396
1783532918.5658,59,nose_joint,-0.007340851,0.7540526,0.09284558,0.44232237,0.53257424,0.5060086,0.5144613
1783532918.5658,59,right_eye_joint,-0.04091578,0.7809575,0.06445658,0.4423196,0.5325766,0.50600594,0.51446396
1783532918.5658,59,right_eyeLowerLid_joint,-0.04091578,0.7809575,0.06445658,0.4423196,0.5325766,0.50600594,0.51446396
1783532918.5658,59,right_eyeUpperLid_joint,-0.04091578,0.7809575,0.06445658,0.4423196,0.5325766,0.50600594,0.51446396
1783532918.5658,59,right_eyeball_joint,-0.04091578,0.7809575,0.06445658,0.4423196,0.5325766,0.50600594,0.51446396
1783532918.5658,59,right_shoulder_1_joint,-0.08267473,0.5659679,-0.033203367,0.35716805,-0.10051888,-0.25236017,0.8936672
1783532918.5658,59,right_arm_joint,-0.20631763,0.64180785,-0.033115026,0.3241979,0.02532437,-0.41917038,0.84767354
1783532918.5658,59,right_forearm_joint,-0.3784929,0.8264603,0.05059658,0.27805045,0.08733361,-0.62186104,0.72687644
1783532918.5658,59,right_hand_joint,-0.43512133,1.0557002,0.1772875,-0.21538408,0.44399294,-0.4440816,0.7478443
1783532918.5658,59,right_handIndexStart_joint,-0.4271457,1.0753618,0.19667108,-0.18427902,0.49435613,-0.4572781,0.71592563
1783532918.5658,59,right_handIndex_1_joint,-0.434616,1.1425778,0.2399834,-0.18427902,0.49435613,-0.4572781,0.71592563
1783532918.5658,59,right_handIndex_2_joint,-0.43895948,1.1816565,0.2651655,-0.18427902,0.49435613,-0.4572781,0.71592563
1783532918.5658,59,right_handIndex_3_joint,-0.4413916,1.2035414,0.27926704,-0.18427902,0.49435613,-0.4572781,0.71592563
1783532918.5658,59,right_handIndexEnd_joint,-0.4431287,1.2191732,0.28933945,-0.18427902,0.49435613,-0.4572781,0.71592563
1783532918.5658,59,right_handMidStart_joint,-0.4383662,1.0779198,0.1911096,-0.2148933,0.44487792,-0.44404498,0.74748117
1783532918.5658,59,right_handMid_1_joint,-0.4543155,1.1429156,0.22715855,-0.2148933,0.44487792,-0.44404498,0.74748117
1783532918.5658,59,right_handMid_2_joint,-0.4655227,1.188588,0.25248963,-0.2148933,0.44487792,-0.44404498,0.74748117
1783532918.5658,59,right_handMid_3_joint,-0.47198853,1.2149376,0.267104,-0.2148933,0.44487792,-0.44404498,0.74748117
1783532918.5658,59,right_handMidEnd_joint,-0.47629887,1.2325038,0.27684653,-0.2148933,0.44487792,-0.44404498,0.74748117
1783532918.5658,59,right_handPinkyStart_joint,-0.46323034,1.0778358,0.17883065,-0.24725881,0.3731643,-0.39132798,0.8040357
1783532918.5658,59,right_handPinky_1_joint,-0.4895972,1.1295139,0.20464721,-0.24725881,0.3731643,-0.39132798,0.8040357
1783532918.5658,59,right_handPinky_2_joint,-0.5058826,1.1614337,0.22059272,-0.24725881,0.3731643,-0.39132798,0.8040357
1783532918.5658,59,right_handPinky_3_joint,-0.5144133,1.1781528,0.22894548,-0.2472588,0.3731643,-0.39132798,0.8040357
1783532918.5658,59,right_handPinkyEnd_joint,-0.52216834,1.1933522,0.23653848,-0.24725881,0.3731643,-0.39132798,0.8040357
1783532918.5658,59,right_handRingStart_joint,-0.4500691,1.0782566,0.18572155,-0.23073132,0.4092373,-0.41869023,0.7771655
1783532918.5658,59,right_handRing_1_joint,-0.4720335,1.136906,0.2166571,-0.23073132,0.4092373,-0.41869023,0.7771655
1783532918.5658,59,right_handRing_2_joint,-0.4875377,1.1783051,0.23849393,-0.23073132,0.4092373,-0.41869023,0.7771655
1783532918.5658,59,right_handRing_3_joint,-0.49722776,1.2041802,0.2521418,-0.23073132,0.4092373,-0.41869023,0.7771655
1783532918.5658,59,right_handRingEnd_joint,-0.5036884,1.2214301,0.26124126,-0.23073132,0.4092373,-0.41869023,0.7771655
1783532918.5658,59,right_handThumbStart_joint,-0.43022525,1.0681411,0.20519413,-0.4175388,-0.26492524,0.7376235,-0.45976862
1783532918.5658,59,right_handThumb_1_joint,-0.4179561,1.0926837,0.25135052,-0.4175388,-0.26492524,0.7376235,-0.45976862
1783532918.5658,59,right_handThumb_2_joint,-0.40918407,1.1102254,0.2843418,-0.4175388,-0.26492524,0.7376235,-0.45976862
1783532918.5658,59,right_handThumbEnd_joint,-0.40333673,1.1219195,0.30633622,-0.4175388,-0.26492518,0.7376235,-0.45976862
1783532918.5658,59,camera,0.1070147,0.072611116,-0.02831612,-0.07607435,-0.076230496,-0.6970721,0.7088667
1783532918.5990,60,root,-0.00055396225,0.02012855,0.001307909,0.10907273,0.005045557,-0.014097014,0.99392104
1783532918.5990,60,hips_joint,-0.00055396225,0.02012855,0.001307909,0.10907273,0.005045557,-0.014097014,0.99392104
1783532918.5990,60,left_upLeg_joint,0.09922017,-0.00716032,-0.0044863895,-0.53626454,0.48424703,-0.38802707,0.5721538
1783532918.5990,60,left_leg_joint,0.1960226,-0.41284537,-0.06258029,-0.39866525,0.58668643,-0.2390472,0.6631149
1783532918.5990,60,left_foot_joint,0.2862542,-0.7717462,-0.3312395,0.6756333,-0.21599439,0.5971146,-0.37459332
1783532918.5990,60,left_toes_joint,0.31510693,-0.88191295,-0.23510787,0.70432556,-0.084022954,0.6572899,-0.2546287
1783532918.5990,60,left_toesEnd_joint,0.32249695,-0.9093974,-0.18153869,0.70432556,-0.08402274,0.6572898,-0.2546289
1783532918.5990,60,right_upLeg_joint,-0.10176953,-0.0017423152,-0.0018497286,0.54588526,0.40974927,0.43068615,0.59044427
1783532918.5990,60,right_leg_joint,-0.22524665,-0.40428406,0.003901469,0.64605725,0.24054573,0.5653702,0.45288473
1783532918.5990,60,right_foot_joint,-0.33728066,-0.78060555,-0.23053403,0.36024132,0.58777356,0.1657772,0.70517135
1783532918.5990,60,right_toes_joint,-0.37514672,-0.8785616,-0.12479264,0.24230793,0.645398,0.029116878,0.72380996
1783532918.5990,60,right_toesEnd_joint,-0.38516936,-0.900091,-0.068974644,0.24230842,0.645398,0.029116433,0.7238098
1783532918.5990,60,spine_1_joint,-0.00055398204,0.02012855,0.0013079093,0.5480996,0.45228833,0.5289574,0.46392483
1783532918.5990,60,spine_2_joint,0.0012461926,0.07690969,0.01052714,0.53232396,0.46984696,0.5094544,0.48613897
1783532918.5990,60,spine_3_joint,0.0035137676,0.13420662,0.015451812,0.517252,0.4821673,0.4934464,0.50643456
1783532918.5990,60,spine_4_joint,0.0060630725,0.18718658,0.016624296,0.50576586,0.4897249,0.48222533,0.52137244
1783532918.5990,60,spine_5_joint,0.009957077,0.25751802,0.014789685,0.5048326,0.4859277,0.48498425,0.52326775
1783532918.5990,60,spine_6_joint,0.015330698,0.35119793,0.013569418,0.4768576,0.50913393,0.4703748,0.5404974
1783532918.5990,60,spine_7_joint,0.019501211,0.457722,0.0033949087,0.43279734,0.54682016,0.4425348,0.56377107
1783532918.5990,60,left_shoulder_1_joint,0.11013424,0.565228,-0.025479669,0.8864035,0.2074592,-0.102739416,-0.40086722
1783532918.5990,60,left_arm_joint,0.23963621,0.63052285,-0.0277729,0.87861437,0.27367923,0.007871003,-0.39124775
1783532918.5990,60,left_forearm_joint,0.46574473,0.756802,0.03286772,0.77159387,0.53922886,0.063100144,-0.33150268
1783532918.5990,60,left_hand_joint,0.5757469,0.9685778,0.15476389,0.81572515,0.392672,0.3749108,0.1996086
1783532918.5990,60,left_handIndexStart_joint,0.57295835,0.9886324,0.17673072,0.79001117,0.40424776,0.42698225,0.1736455
1783532918.5990,60,left_handIndex_1_joint,0.5977374,1.0518374,0.21963662,0.79001117,0.40424776,0.42698225,0.1736455
1783532918.5990,60,left_handIndex_2_joint,0.61214375,1.0885845,0.24458192,0.79001117,0.40424776,0.42698225,0.1736455
1783532918.5990,60,left_handIndex_3_joint,0.62021136,1.1091629,0.2585513,0.79001117,0.40424776,0.42698225,0.1736455
1783532918.5990,60,left_handIndexEnd_joint,0.62597394,1.1238618,0.26852942,0.79001117,0.40424776,0.42698225,0.1736455
1783532918.5990,60,left_handMidStart_joint,0.5834348,0.98968095,0.1694836,0.8168716,0.39187992,0.37266237,0.20068444
1783532918.5990,60,left_handMid_1_joint,0.61498904,1.0497179,0.20380783,0.8168716,0.39187992,0.37266237,0.20068444
1783532918.5990,60,left_handMid_2_joint,0.63716227,1.0919061,0.22792755,0.8168716,0.39187992,0.37266237,0.20068444
1783532918.5990,60,left_handMid_3_joint,0.6499545,1.1162454,0.24184278,0.8168716,0.39187992,0.37266237,0.20068444
1783532918.5990,60,left_handMidEnd_joint,0.6584827,1.1324716,0.25111958,0.8168716,0.39187992,0.37266237,0.20068444
1783532918.5990,60,left_handPinkyStart_joint,0.6057385,0.9863224,0.1533508,0.8637013,0.3388196,0.29345578,0.23044664
1783532918.5990,60,left_handPinky_1_joint,0.6437232,1.032077,0.17562433,0.8637013,0.3388196,0.29345578,0.23044664
1783532918.5990,60,left_handPinky_2_joint,0.6671843,1.0603372,0.1893815,0.8637013,0.3388196,0.29345578,0.23044664
1783532918.5990,60,left_handPinky_3_joint,0.6794734,1.0751401,0.19658764,0.8637013,0.3388196,0.29345578,0.23044664
1783532918.5990,60,left_handPinkyEnd_joint,0.69064534,1.0885974,0.20313866,0.8637013,0.3388196,0.29345578,0.23044664
1783532918.5990,60,left_handRingStart_joint,0.5940537,0.9884533,0.16228399,0.8417752,0.3662046,0.33320522,0.21513636
1783532918.5990,60,left_handRing_1_joint,0.62965953,1.041533,0.19046208,0.8417752,0.3662046,0.33320522,0.21513636
1783532918.5990,60,left_handRing_2_joint,0.65479314,1.0790011,0.21035251,0.8417752,0.3662046,0.33320522,0.21513636
1783532918.5990,60,left_handRing_3_joint,0.6705016,1.1024185,0.22278401,0.8417752,0.3662046,0.33320522,0.21513636
1783532918.5990,60,left_handRingEnd_joint,0.68097395,1.1180302,0.2310717,0.8417752,0.3662046,0.33320522,0.21513636
1783532918.5990,60,left_handThumbStart_joint,0.5761386,0.98064095,0.18449444,0.5292845,0.6587244,0.27173597,-0.46054336
1783532918.5990,60,left_handThumb_1_joint,0.5753084,1.0046446,0.23251939,0.5292845,0.6587244,0.27173597,-0.46054336
1783532918.5990,60,left_handThumb_2_joint,0.5747129,1.0218015,0.2668471,0.5292845,0.6587244,0.27173597,-0.46054336
1783532918.5990,60,left_handThumbEnd_joint,0.57431585,1.0332394,0.28973222,0.52928454,0.6587244,0.27173588,-0.46054342
1783532918.5990,60,neck_1_joint,0.021064026,0.5864647,-0.034407012,0.51779073,0.46782103,0.53525704,0.47595918
1783532918.5990,60,neck_2_joint,0.020742625,0.6162844,-0.031137759,0.5290775,0.4548583,0.55262166,0.45584127
1783532918.5990,60,neck_3_joint,0.01975968,0.65568936,-0.024334827,0.525451,0.4581724,0.55633557,0.45218435
1783532918.5990,60,neck_4_joint,0.018205175,0.69507444,-0.017522939,0.5153636,0.46872547,0.55157787,0.45875883
1783532918.5990,60,head_joint,0.016005825,0.7408503,-0.010570626,0.45212507,0.52955437,0.49672145,0.51809627
1783532918.5990,60,jaw_joint,0.017184567,0.71650016,-0.003108772,0.45212507,0.52955437,0.49672145,0.51809627
1783532918.5990,60,chin_joint,0.016315583,0.67659295,0.10132627,0.45212507,0.52955437,0.49672145,0.51809627
1783532918.5990,60,left_eye_joint,0.04334852,0.78357124,0.073296905,0.45672628,0.52559114,0.501221,0.5137445
1783532918.5990,60,left_eyeLowerLid_joint,0.04334852,0.78357124,0.073296905,0.45672628,0.52559114,0.501221,0.5137445
1783532918.5990,60,left_eyeUpperLid_joint,0.04334852,0.78357124,0.073296905,0.45672628,0.52559114,0.501221,0.5137445
1783532918.5990,60,left_eyeball_joint,0.04334852,0.78357124,0.073296905,0.45672628,0.52559114,0.501221,0.5137445
1783532918.5990,60,nose_joint,0.012062367,0.7515976,0.09883211,0.4567291,0.5255888,0.50122374,0.51374185
1783532918.5990,60,right_eye_joint,-0.02114947,0.7798487,0.07133777,0.45672628,0.52559114,0.501221,0.5137445
1783532918.5990,60,right_eyeLowerLid_joint,-0.02114947,0.7798487,0.07133777,0.45672628,0.52559114,0.501221,0.5137445
1783532918.5990,60,right_eyeUpperLid_joint,-0.02114947,0.7798487,0.07133777,0.45672628,0.52559114,0.501221,0.5137445
1783532918.5990,60,right_eyeball_joint,-0.02114947,0.7798487,0.07133777,0.45672628,0.52559114,0.501221,0.5137445
1783532918.5990,60,right_shoulder_1_joint,-0.068528995,0.5659468,-0.03036769,0.3937579,-0.106749184,-0.19942352,0.89094895
1783532918.5990,60,right_arm_joint,-0.19873525,0.62968415,-0.03517854,0.37381652,0.0054649077,-0.31766617,0.8713898
1783532918.5990,60,right_forearm_joint,-0.41102302,0.7758531,0.030525772,0.33972293,0.08117891,-0.52803373,0.77406675
1783532918.5990,60,right_hand_joint,-0.5260309,0.98012984,0.16034311,-0.1945303,0.38261098,-0.3728518,0.8226476
1783532918.5990,60,right_handIndexStart_joint,-0.5245885,0.9991646,0.18182608,-0.1683995,0.43822047,-0.3847488,0.794716
1783532918.5990,60,right_handIndex_1_joint,-0.5502769,1.0601299,0.22735718,-0.1683995,0.43822047,-0.3847488,0.794716
1783532918.5990,60,right_handIndex_2_joint,-0.56521225,1.0955745,0.2538292,-0.1683995,0.43822047,-0.3847488,0.794716
1783532918.5990,60,right_handIndex_3_joint,-0.5735759,1.1154244,0.26865318,-0.1683995,0.43822047,-0.3847488,0.794716
1783532918.5990,60,right_handIndexEnd_joint,-0.57954973,1.1296027,0.27924162,-0.1683995,0.43822047,-0.3847488,0.794716
1783532918.5990,60,right_handMidStart_joint,-0.5352085,1.0001901,0.17478776,-0.194139,0.38355896,-0.3727806,0.8223308
1783532918.5990,60,right_handMid_1_joint,-0.56773067,1.0581158,0.21173757,-0.194139,0.38355896,-0.3727806,0.8223308
1783532918.5990,60,right_handMid_2_joint,-0.5905835,1.0988203,0.23770176,-0.194139,0.38355896,-0.3727806,0.8223308
1783532918.5990,60,right_handMid_3_joint,-0.60376805,1.1223036,0.25268137,-0.194139,0.38355896,-0.3727806,0.8223308
1783532918.5990,60,right_handMidEnd_joint,-0.6125574,1.1379591,0.2626674,-0.19413899,0.38355896,-0.3727806,0.8223308
1783532918.5990,60,right_handPinkyStart_joint,-0.5576849,0.99681586,0.15889971,-0.22158746,0.30341896,-0.32029098,0.8696266
1783532918.5990,60,right_handPinky_1_joint,-0.5964649,1.0407287,0.18339679,-0.22158746,0.30341896,-0.32029098,0.8696266
1783532918.5990,60,right_handPinky_2_joint,-0.6204174,1.0678524,0.19852741,-0.22158746,0.30341896,-0.32029098,0.8696266
1783532918.5990,60,right_handPinky_3_joint,-0.6329641,1.0820591,0.2064532,-0.22158745,0.30341896,-0.32029098,0.8696266
1783532918.5990,60,right_handPinkyEnd_joint,-0.64436996,1.0949746,0.21365812,-0.22158746,0.30341896,-0.32029098,0.8696266
1783532918.5990,60,right_handRingStart_joint,-0.5459114,0.998938,0.1677178,-0.20741653,0.34366813,-0.34737182,0.8474693
1783532918.5990,60,right_handRing_1_joint,-0.58240503,1.0500231,0.19834009,-0.20741653,0.34366813,-0.34737182,0.8474693
1783532918.5990,60,right_handRing_2_joint,-0.60816514,1.0860827,0.21995576,-0.20741653,0.34366813,-0.34737182,0.8474693
1783532918.5990,60,right_handRing_3_joint,-0.62426525,1.1086205,0.23346548,-0.20741653,0.34366813,-0.34737182,0.8474693
1783532918.5990,60,right_handRingEnd_joint,-0.6349993,1.1236454,0.24247268,-0.20741653,0.34366813,-0.34737182,0.8474693
1783532918.5990,60,right_handThumbStart_joint,-0.5274304,0.9908211,0.18934776,0.46093035,0.29375118,-0.6505014,0.52735436
1783532918.5990,60,right_handThumb_1_joint,-0.52641964,1.0131214,0.23818381,0.46093035,0.29375118,-0.6505014,0.52735436
1783532918.5990,60,right_handThumb_2_joint,-0.5256947,1.0290608,0.2730908,0.46093035,0.29375118,-0.6505014,0.52735436
1783532918.5990,60,right_handThumbEnd_joint,-0.5252121,1.0396867,0.29636225,0.46093038,0.29375112,-0.6505014,0.52735436
1783532918.5990,60,camera,0.10707087,0.0726386,-0.028080093,-0.07576801,-0.07654873,-0.69683754,0.70909584
1783532918.6324,61,root,-0.0011819319,0.01858689,0.0013317962,0.107189216,0.0035710598,-0.013845432,0.9941358
1783532918.6324,61,hips_joint,-0.0011819319,0.01858689,0.0013317962,0.107189216,0.0035710598,-0.013845432,0.9941358
1783532918.6324,61,left_upLeg_joint,0.09861416,-0.008703104,-0.0040651113,-0.53622013,0.48786038,-0.40015247,0.56065875
1783532918.6324,61,left_leg_joint,0.18440951,-0.4179707,-0.053715758,-0.40609887,0.58697724,-0.2632473,0.64903176
1783532918.6324,61,left_foot_joint,0.26321128,-0.79225487,-0.304377,0.68166447,-0.21163903,0.6074803,-0.3485831
1783532918.6324,61,left_toes_joint,0.2888974,-0.8983727,-0.2029388,0.7094218,-0.078603454,0.6625379,-0.22712527
1783532918.6324,61,left_toesEnd_joint,0.295554,-0.9233941,-0.14808185,0.7094218,-0.078603245,0.6625378,-0.22712548
1783532918.6324,61,right_upLeg_joint,-0.102383465,-0.0033170735,-0.002039061,0.5422651,0.40976182,0.4415353,0.5857392
1783532918.6324,61,right_leg_joint,-0.21788245,-0.40826052,-0.001546911,0.63714635,0.25146654,0.5712518,0.45219517
1783532918.6324,61,right_foot_joint,-0.3188877,-0.7910615,-0.23043711,0.34649184,0.5908752,0.17083257,0.7082557
1783532918.6324,61,right_toes_joint,-0.3551569,-0.8881488,-0.1233433,0.22821979,0.6458373,0.033496026,0.7277966
1783532918.6324,61,right_toesEnd_joint,-0.36507747,-0.908988,-0.06724583,0.22822028,0.64583725,0.03349557,0.72779644
1783532918.6324,61,spine_1_joint,-0.0011819516,0.01858689,0.0013317963,0.5480465,0.45172077,0.5270034,0.4667555
1783532918.6324,61,spine_2_joint,0.0009147871,0.07539684,0.010307657,0.533512,0.46867388,0.5059025,0.48966566
1783532918.6324,61,spine_3_joint,0.003724221,0.13269259,0.014959268,0.5193731,0.48063275,0.48913786,0.50989014
1783532918.6324,61,spine_4_joint,0.0068795,0.18564431,0.015911607,0.50891256,0.48778617,0.47851676,0.5235402
1783532918.6324,61,spine_5_joint,0.011542052,0.25592744,0.014018302,0.50950414,0.48302683,0.48375055,0.52256685
1783532918.6324,61,spine_6_joint,0.017669419,0.3495673,0.013453793,0.48453802,0.5042414,0.47488603,0.53427243
1783532918.6324,61,spine_7_joint,0.0219915,0.45629328,0.005761413,0.4461125,0.5383786,0.45736554,0.549499
1783532918.6324,61,left_shoulder_1_joint,0.11167932,0.56581914,-0.018025007,0.8622561,0.16017313,-0.11592774,-0.46628308
1783532918.6324,61,left_arm_joint,0.24538776,0.62156624,-0.0253568,0.865055,0.15332791,-0.012817973,-0.47749993
1783532918.6324,61,left_forearm_joint,0.4987804,0.6953816,0.007692442,0.79502505,0.41620883,0.070208706,-0.4356332
1783532918.6324,61,left_hand_joint,0.671268,0.8563306,0.13478115,0.8971056,0.29014593,0.30655244,0.13054757
1783532918.6324,61,left_handIndexStart_joint,0.67663693,0.8721268,0.15956333,0.87558293,0.29742947,0.36397883,0.111399435
1783532918.6324,61,left_handIndex_1_joint,0.7214591,0.92046916,0.20543031,0.87558293,0.29742947,0.36397883,0.111399435
1783532918.6324,61,left_handIndex_2_joint,0.74751854,0.9485752,0.23209716,0.87558293,0.29742947,0.36397883,0.111399435
1783532918.6324,61,left_handIndex_3_joint,0.7621118,0.9643146,0.2470306,0.87558293,0.29742947,0.36397883,0.111399435
1783532918.6324,61,left_handIndexEnd_joint,0.77253556,0.9755569,0.2576973,0.87558293,0.29742947,0.36397883,0.111399435
1783532918.6324,61,left_handMidStart_joint,0.68573606,0.8725085,0.15059465,0.89803654,0.28953516,0.3040495,0.13135387
1783532918.6324,61,left_handMid_1_joint,0.7349516,0.91811,0.18632407,0.89803654,0.28953516,0.3040495,0.13135387
1783532918.6324,61,left_handMid_2_joint,0.7695355,0.9501543,0.21143124,0.89803654,0.28953516,0.3040495,0.13135387
1783532918.6324,61,left_handMid_3_joint,0.7894877,0.9686414,0.22591613,0.89803654,0.28953516,0.3040495,0.13135387
1783532918.6324,61,left_handMidEnd_joint,0.8027893,0.98096615,0.23557274,0.89803654,0.28953516,0.3040495,0.13135387
1783532918.6324,61,left_handPinkyStart_joint,0.70376295,0.8680593,0.1299976,0.93390554,0.24177322,0.21400173,0.15352389
1783532918.6324,61,left_handPinky_1_joint,0.7540242,0.90090823,0.15066595,0.93390554,0.24177322,0.21400173,0.15352389
1783532918.6324,61,left_handPinky_2_joint,0.78506786,0.92119735,0.1634317,0.93390554,0.24177322,0.21400173,0.15352389
1783532918.6324,61,left_handPinky_3_joint,0.8013289,0.9318249,0.17011853,0.93390554,0.24177322,0.21400173,0.15352389
1783532918.6324,61,left_handPinkyEnd_joint,0.81611156,0.9414864,0.17619745,0.93390554,0.24177322,0.21400173,0.15352389
1783532918.6324,61,left_handRingStart_joint,0.6944801,0.87065923,0.14130902,0.9175057,0.26629168,0.25914785,0.1418258
1783532918.6324,61,left_handRing_1_joint,0.74504304,0.90992665,0.16924998,0.9175057,0.26629168,0.25914785,0.1418258
1783532918.6324,61,left_handRing_2_joint,0.7807345,0.93764484,0.18897302,0.9175057,0.26629168,0.25914785,0.1418258
1783532918.6324,61,left_handRing_3_joint,0.8030416,0.9549687,0.2012999,0.9175057,0.26629168,0.25914785,0.1418258
1783532918.6324,61,left_handRingEnd_joint,0.81791306,0.9665179,0.20951784,0.9175057,0.26629168,0.25914785,0.1418258
1783532918.6324,61,left_handThumbStart_joint,0.6792282,0.86238164,0.1652704,-0.5768101,-0.5296045,-0.32198253,0.53210604
1783532918.6324,61,left_handThumb_1_joint,0.6916722,0.8767889,0.21547836,-0.5768101,-0.5296045,-0.32198253,0.53210604
1783532918.6324,61,left_handThumb_2_joint,0.7005648,0.8870867,0.25136676,-0.5768101,-0.5296045,-0.32198253,0.53210604
1783532918.6324,61,left_handThumbEnd_joint,0.7064932,0.89395183,0.27529237,-0.5768101,-0.5296045,-0.32198247,0.53210604
1783532918.6324,61,neck_1_joint,0.022409935,0.58680516,-0.02542473,0.52772325,0.45915335,0.54377955,0.46367025
1783532918.6324,61,neck_2_joint,0.022018854,0.6164715,-0.020980567,0.53745234,0.44750363,0.5578718,0.44683823
1783532918.6324,61,neck_3_joint,0.021100413,0.6556547,-0.0129911415,0.5329804,0.45189536,0.559633,0.4455709
1783532918.6324,61,neck_4_joint,0.019708531,0.69487137,-0.005237392,0.52253884,0.4631398,0.553942,0.4534348
1783532918.6324,61,head_joint,0.01775191,0.7405047,0.0026606894,0.45989928,0.5248251,0.49974772,0.5131312
1783532918.6324,61,jaw_joint,0.018860672,0.7160019,0.009616903,0.45989928,0.5248251,0.49974772,0.5131312
1783532918.6324,61,chin_joint,0.01836569,0.67397064,0.11321771,0.45989928,0.5248251,0.49974772,0.5131312
1783532918.6324,61,left_eye_joint,0.04573046,0.78138036,0.08723511,0.46445894,0.5207943,0.5042039,0.5087533
1783532918.6324,61,left_eyeLowerLid_joint,0.04573046,0.78138036,0.08723511,0.46445894,0.5207943,0.5042039,0.5087533
1783532918.6324,61,left_eyeUpperLid_joint,0.04573046,0.78138036,0.08723511,0.46445894,0.5207943,0.5042039,0.5087533
1783532918.6324,61,left_eyeball_joint,0.04573046,0.78138036,0.08723511,0.46445894,0.5207943,0.5042039,0.5087533
1783532918.6324,61,nose_joint,0.0144366305,0.7490285,0.11227983,0.4644617,0.52079195,0.5042066,0.5087505
1783532918.6324,61,right_eye_joint,-0.018793054,0.7779817,0.085547976,0.46445894,0.5207943,0.5042039,0.5087533
1783532918.6324,61,right_eyeLowerLid_joint,-0.018793054,0.7779817,0.085547976,0.46445894,0.5207943,0.5042039,0.5087533
1783532918.6324,61,right_eyeUpperLid_joint,-0.018793054,0.7779817,0.085547976,0.46445894,0.5207943,0.5042039,0.5087533
1783532918.6324,61,right_eyeball_joint,-0.018793054,0.7779817,0.085547976,0.46445894,0.5207943,0.5042039,0.5087533
1783532918.6324,61,right_shoulder_1_joint,-0.06700741,0.5654265,-0.022004317,0.4515409,-0.10702276,-0.13765581,0.8750473
1783532918.6324,61,right_arm_joint,-0.20323673,0.61438954,-0.031140322,0.4454398,-0.002847311,-0.18483497,0.87602013
1783532918.6324,61,right_forearm_joint,-0.45104408,0.7012006,0.011331529,0.41806248,0.082238294,-0.39147997,0.81560034
1783532918.6324,61,right_hand_joint,-0.6332535,0.8538959,0.13499287,-0.15696087,0.30127698,-0.2631576,0.90296364
1783532918.6324,61,right_handIndexStart_joint,-0.6401713,0.86963135,0.15802464,-0.13849089,0.36254218,-0.27269927,0.8803513
1783532918.6324,61,right_handIndex_1_joint,-0.6874256,0.91625607,0.20322303,-0.13849089,0.36254218,-0.27269927,0.8803513
1783532918.6324,61,right_handIndex_2_joint,-0.71489936,0.9433631,0.22950153,-0.13849089,0.36254218,-0.27269927,0.8803513
1783532918.6324,61,right_handIndex_3_joint,-0.73028463,0.9585439,0.24421723,-0.13849089,0.36254218,-0.27269927,0.8803513
1783532918.6324,61,right_handIndexEnd_joint,-0.7412739,0.9693872,0.25472838,-0.13849089,0.36254218,-0.27269927,0.8803513
1783532918.6324,61,right_handMidStart_joint,-0.64940596,0.8691447,0.14920098,-0.15671492,0.30228445,-0.26303536,0.90270525
1783532918.6324,61,right_handMid_1_joint,-0.70101094,0.9124454,0.18441929,-0.15671492,0.30228445,-0.26303536,0.90270525
1783532918.6324,61,right_handMid_2_joint,-0.7372732,0.9428731,0.20916687,-0.15671492,0.30228445,-0.26303536,0.90270525
1783532918.6324,61,right_handMid_3_joint,-0.75819397,0.96042746,0.22344454,-0.15671492,0.30228445,-0.26303536,0.90270525
1783532918.6324,61,right_handMidEnd_joint,-0.7721408,0.9721304,0.23296264,-0.1567149,0.30228445,-0.26303536,0.90270525
1783532918.6324,61,right_handPinkyStart_joint,-0.6673985,0.862907,0.12904245,-0.1760407,0.21254334,-0.21262975,0.93734914
1783532918.6324,61,right_handPinky_1_joint,-0.71942,0.89297134,0.1495907,-0.1760407,0.21254334,-0.21262975,0.93734914
1783532918.6324,61,right_handPinky_2_joint,-0.75155133,0.91154134,0.16228236,-0.1760407,0.21254334,-0.21262975,0.93734914
1783532918.6324,61,right_handPinky_3_joint,-0.768382,0.9212676,0.16893053,-0.17604068,0.21254334,-0.21262975,0.93734914
1783532918.6324,61,right_handPinkyEnd_joint,-0.78368247,0.93011,0.174974,-0.1760407,0.21254334,-0.21262975,0.93734914
1783532918.6324,61,right_handRingStart_joint,-0.6581438,0.86644834,0.14011897,-0.16579658,0.25755897,-0.23842537,0.92159
1783532918.6324,61,right_handRing_1_joint,-0.710786,0.9031111,0.16775672,-0.16579658,0.25755897,-0.23842537,0.92159
1783532918.6324,61,right_handRing_2_joint,-0.74794483,0.92899024,0.18726563,-0.16579658,0.25755897,-0.23842537,0.92159
1783532918.6324,61,right_handRing_3_joint,-0.77116936,0.9451654,0.19945869,-0.16579658,0.25755897,-0.23842537,0.92159
1783532918.6324,61,right_handRingEnd_joint,-0.786653,0.9559482,0.20758796,-0.16579658,0.25755897,-0.23842537,0.92159
1783532918.6324,61,right_handThumbStart_joint,-0.6420263,0.85991,0.1640514,0.5085147,0.3361401,-0.5190201,0.5992
1783532918.6324,61,right_handThumb_1_joint,-0.6546618,0.8749519,0.21402505,0.5085147,0.3361401,-0.5190201,0.5992
1783532918.6324,61,right_handThumb_2_joint,-0.6636909,0.8857038,0.24974564,0.5085147,0.3361401,-0.5190201,0.5992
1783532918.6324,61,right_handThumbEnd_joint,-0.66971093,0.8928711,0.27355927,0.5085147,0.3361401,-0.5190201,0.5992
1783532918.6324,61,camera,0.107477106,0.0719383,-0.028118795,-0.075840876,-0.07692072,-0.69678587,0.7090985
1783532918.6656,62,root,-0.0013647447,0.016901227,0.0012521752,0.1036552,0.0047957865,-0.010755599,0.9945436
1783532918.6656,62,hips_joint,-0.0013647447,0.016901227,0.0012521752,0.1036552,0.0047957865,-0.010755599,0.9945436
1783532918.6656,62,left_upLeg_joint,0.09859515,-0.009783371,-0.004140792,-0.53755534,0.49018043,-0.40971547,0.550355
1783532918.6656,62,left_leg_joint,0.17595673,-0.42161003,-0.04585381,-0.40971866,0.58807755,-0.27604252,0.6403874
1783532918.6656,62,left_foot_joint,0.24726489,-0.8036627,-0.28685233,0.68519247,-0.2102729,0.61222196,-0.33388758
1783532918.6656,62,left_toes_joint,0.271399,-0.9075351,-0.18274397,0.71262693,-0.07659338,0.66440815,-0.21179737
1783532918.6656,62,left_toesEnd_joint,0.27779236,-0.93122923,-0.12726988,0.71262693,-0.07659317,0.66440815,-0.21179758
1783532918.6656,62,right_upLeg_joint,-0.10242896,-0.0056768665,-0.0017728204,0.5362996,0.41984278,0.45257625,0.5755778
1783532918.6656,62,right_leg_joint,-0.20257065,-0.4146883,-0.0026691144,0.6373526,0.25846604,0.5784848,0.43855742
1783532918.6656,62,right_foot_joint,-0.2927055,-0.7973927,-0.23621242,0.3423378,0.5965125,0.18493666,0.7019803
1783532918.6656,62,right_toes_joint,-0.32548392,-0.896955,-0.13027194,0.22307257,0.6505851,0.04853384,0.7243082
1783532918.6656,62,right_toesEnd_joint,-0.33450812,-0.91882664,-0.07441666,0.22307307,0.6505852,0.04853339,0.724308
1783532918.6656,62,spine_1_joint,-0.0013647645,0.016901227,0.0012521755,0.5445514,0.4569554,0.52606326,0.46681154
1783532918.6656,62,spine_2_joint,0.00029841482,0.07381044,0.009672894,0.52956545,0.47423026,0.5045068,0.49003986
1783532918.6656,62,spine_3_joint,0.002667113,0.13117506,0.013676007,0.5159779,0.48544687,0.487829,0.51003075
1783532918.6656,62,spine_4_joint,0.0054645827,0.18415366,0.014112759,0.5074095,0.4907462,0.47825986,0.5224671
1783532918.6656,62,spine_5_joint,0.009752984,0.25445303,0.0119555555,0.51208293,0.4818367,0.48651192,0.5185664
1783532918.6656,62,spine_6_joint,0.015594315,0.348112,0.012369096,0.49420053,0.49610806,0.48341382,0.5253137
1783532918.6656,62,spine_7_joint,0.019909624,0.4550432,0.008446281,0.46767998,0.51995605,0.4754371,0.533743
1783532918.6656,62,left_shoulder_1_joint,0.11018411,0.56554604,-0.007214844,-0.82293636,-0.10535738,0.11421693,0.54647154
1783532918.6656,62,left_arm_joint,0.24822925,0.60880524,-0.017779801,-0.81883764,-0.017119503,0.02065602,0.57339895
1783532918.6656,62,left_forearm_joint,0.51383275,0.62256324,-0.021555537,-0.79105043,-0.2615673,-0.09105972,0.5454641
1783532918.6656,62,left_hand_joint,0.74069136,0.70683616,0.09351541,0.9600292,0.15409543,0.23013903,0.040440533
1783532918.6656,62,left_handIndexStart_joint,0.75395626,0.7147346,0.11909199,0.9432385,0.15580809,0.29173008,0.030321341
1783532918.6656,62,left_handIndex_1_joint,0.81669766,0.73976094,0.16253144,0.9432385,0.15580809,0.29173008,0.030321341
1783532918.6656,62,left_handIndex_2_joint,0.8531753,0.75431114,0.18778692,0.9432385,0.15580809,0.29173008,0.030321341
1783532918.6656,62,left_handIndex_3_joint,0.8736026,0.7624592,0.20193,0.9432385,0.15580809,0.29173008,0.030321341
1783532918.6656,62,left_handIndexEnd_joint,0.88819367,0.7682793,0.2120322,0.9432385,0.15580809,0.29173008,0.030321341
1783532918.6656,62,left_handMidStart_joint,0.7612573,0.7152184,0.10861166,0.960715,0.15373084,0.22742678,0.04088278
1783532918.6656,62,left_handMid_1_joint,0.8258158,0.73908544,0.14087349,0.960715,0.15373084,0.22742678,0.04088278
1783532918.6656,62,left_handMid_2_joint,0.87118125,0.75585693,0.16354397,0.960715,0.15373084,0.22742678,0.04088278
1783532918.6656,62,left_handMid_3_joint,0.8973536,0.76553273,0.17662308,0.960715,0.15373084,0.22742678,0.04088278
1783532918.6656,62,left_handMidEnd_joint,0.91480184,0.7719833,0.18534248,0.960715,0.15373084,0.22742678,0.04088278
1783532918.6656,62,left_handPinkyStart_joint,0.77390033,0.7119207,0.08415183,0.9838147,0.114350304,0.127662,0.0523046
1783532918.6656,62,left_handPinky_1_joint,0.83367115,0.7270565,0.09934322,0.9838147,0.114350304,0.127662,0.0523046
1783532918.6656,62,left_handPinky_2_joint,0.8705884,0.7364051,0.10872614,0.9838147,0.114350304,0.127662,0.0523046
1783532918.6656,62,left_handPinky_3_joint,0.8899261,0.74130195,0.113641,0.9838147,0.114350304,0.127662,0.0523046
1783532918.6656,62,left_handPinkyEnd_joint,0.9075057,0.7457536,0.11810906,0.9838147,0.114350304,0.127662,0.0523046
1783532918.6656,62,left_handRingStart_joint,0.7675852,0.7137441,0.09748125,0.973795,0.13440596,0.17766117,0.045778766
1783532918.6656,62,left_handRing_1_joint,0.83050346,0.7331652,0.12079106,0.973795,0.13440596,0.17766117,0.045778766
1783532918.6656,62,left_handRing_2_joint,0.8749164,0.7468742,0.13724504,0.973795,0.13440596,0.17766117,0.045778766
1783532918.6656,62,left_handRing_3_joint,0.9026744,0.7554423,0.14752878,0.973795,0.13440596,0.17766117,0.045778766
1783532918.6656,62,left_handRingEnd_joint,0.9211798,0.7611544,0.15438461,0.973795,0.13440596,0.17766117,0.045778766
1783532918.6656,62,left_handThumbStart_joint,0.75479704,0.70359105,0.12215242,-0.60446995,-0.36304235,-0.3833921,0.5965132
1783532918.6656,62,left_handThumb_1_joint,0.7785561,0.70259756,0.17029577,-0.60446995,-0.36304235,-0.3833921,0.5965132
1783532918.6656,62,left_handThumb_2_joint,0.7955367,0.7018875,0.2047088,-0.60446995,-0.36304235,-0.3833921,0.5965132
1783532918.6656,62,left_handThumbEnd_joint,0.8068571,0.7014141,0.2276508,-0.60446995,-0.36304235,-0.3833921,0.5965132
1783532918.6656,62,neck_1_joint,0.021028275,0.5875014,-0.01299422,0.5415262,0.44205406,0.5562843,0.44931763
1783532918.6656,62,neck_2_joint,0.020736432,0.61686134,-0.006837021,0.54733926,0.43389094,0.567807,0.43560806
1783532918.6656,62,neck_3_joint,0.019883137,0.6556475,0.0029051232,0.54051256,0.44091287,0.56808746,0.4367142
1783532918.6656,62,neck_4_joint,0.01851293,0.69456035,0.012065563,0.5289638,0.45365283,0.56171626,0.44595072
1783532918.6656,62,head_joint,0.016557079,0.7399247,0.021385416,0.4673568,0.5161168,0.50839657,0.50669014
1783532918.6656,62,jaw_joint,0.01763535,0.7152154,0.027572827,0.4673568,0.5161168,0.50839657,0.50669014
1783532918.6656,62,chin_joint,0.016841883,0.6699565,0.12980308,0.4673568,0.5161168,0.50839657,0.50669014
1783532918.6656,62,left_eye_joint,0.04432808,0.77811265,0.107274376,0.4718402,0.5120212,0.5127962,0.502237
1783532918.6656,62,left_eyeLowerLid_joint,0.04432808,0.77811265,0.107274376,0.4718402,0.5120212,0.5127962,0.502237
1783532918.6656,62,left_eyeUpperLid_joint,0.04432808,0.77811265,0.107274376,0.4718402,0.5120212,0.5127962,0.502237
1783532918.6656,62,left_eyeball_joint,0.04432808,0.77811265,0.107274376,0.4718402,0.5120212,0.5127962,0.502237
1783532918.6656,62,nose_joint,0.012951502,0.7450091,0.13120872,0.47184286,0.5120187,0.5127988,0.5022343
1783532918.6656,62,right_eye_joint,-0.020192334,0.77480507,0.10530929,0.4718402,0.5120212,0.5127962,0.502237
1783532918.6656,62,right_eyeLowerLid_joint,-0.020192334,0.77480507,0.10530929,0.4718402,0.5120212,0.5127962,0.502237
1783532918.6656,62,right_eyeUpperLid_joint,-0.020192334,0.77480507,0.10530929,0.4718402,0.5120212,0.5127962,0.502237
1783532918.6656,62,right_eyeball_joint,-0.020192334,0.77480507,0.10530929,0.4718402,0.5120212,0.5127962,0.502237
1783532918.6656,62,right_shoulder_1_joint,-0.06850273,0.5664089,-0.011118829,0.52406317,-0.106697515,-0.08779834,0.84039605
1783532918.6656,62,right_arm_joint,-0.20801309,0.6040351,-0.023783458,0.5329349,-0.0056428006,-0.05978681,0.84402287
1783532918.6656,62,right_forearm_joint,-0.47208053,0.63247895,-0.009367118,0.51278,0.09243009,-0.24579306,0.81737363
1783532918.6656,62,right_hand_joint,-0.703094,0.7147505,0.098672025,-0.08238354,0.22173987,-0.14067324,0.96138227
1783532918.6656,62,right_handIndexStart_joint,-0.7171509,0.7236525,0.12210443,-0.07253364,0.28713262,-0.1453683,0.9440139
1783532918.6656,62,right_handIndex_1_joint,-0.78082466,0.7490395,0.16394822,-0.07253364,0.28713262,-0.1453683,0.9440139
1783532918.6656,62,right_handIndex_2_joint,-0.81784445,0.7637987,0.18827623,-0.07253364,0.28713262,-0.1453683,0.9440139
1783532918.6656,62,right_handIndex_3_joint,-0.8385757,0.77206486,0.20189983,-0.07253364,0.28713262,-0.1453683,0.9440139
1783532918.6656,62,right_handIndexEnd_joint,-0.85338354,0.7779692,0.21163091,-0.07253364,0.28713262,-0.1453683,0.9440139
1783532918.6656,62,right_handMidStart_joint,-0.72449714,0.72302204,0.11166366,-0.082293056,0.22277254,-0.14046754,0.96118134
1783532918.6656,62,right_handMid_1_joint,-0.7899681,0.74633557,0.14245984,-0.082293056,0.22277254,-0.14046754,0.96118134
1783532918.6656,62,right_handMid_2_joint,-0.83597404,0.7627183,0.16410011,-0.082293056,0.22277254,-0.14046754,0.96118134
1783532918.6656,62,right_handMid_3_joint,-0.8625161,0.7721697,0.17658503,-0.082293056,0.22277254,-0.14046754,0.96118134
1783532918.6656,62,right_handMidEnd_joint,-0.8802104,0.7784708,0.18490808,-0.08229305,0.22277254,-0.14046754,0.96118134
1783532918.6656,62,right_handPinkyStart_joint,-0.7370527,0.7173394,0.087599754,-0.09224062,0.12437626,-0.09684255,0.9831807
1783532918.6656,62,right_handPinky_1_joint,-0.7973976,0.73088866,0.101995505,-0.09224062,0.12437626,-0.09684255,0.9831807
1783532918.6656,62,right_handPinky_2_joint,-0.8346702,0.7392581,0.110887155,-0.09224062,0.12437626,-0.09684255,0.9831807
1783532918.6656,62,right_handPinky_3_joint,-0.8541936,0.7436412,0.11554468,-0.09224061,0.12437626,-0.09684255,0.9831807
1783532918.6656,62,right_handPinkyEnd_joint,-0.87194204,0.74762625,0.1197786,-0.09224062,0.12437626,-0.09684255,0.9831807
1783532918.6656,62,right_handRingStart_joint,-0.7307862,0.720437,0.10071524,-0.0865135,0.17369919,-0.11899202,0.97374815
1783532918.6656,62,right_handRing_1_joint,-0.79444426,0.73872364,0.12290621,-0.0865135,0.17369919,-0.11899202,0.97374815
1783532918.6656,62,right_handRing_2_joint,-0.839379,0.75163156,0.13857031,-0.0865135,0.17369919,-0.11899202,0.97374815
1783532918.6656,62,right_handRing_3_joint,-0.8674636,0.7596995,0.14836043,-0.0865135,0.17369919,-0.11899202,0.97374815
1783532918.6656,62,right_handRingEnd_joint,-0.8861872,0.7650774,0.1548875,-0.0865135,0.17369919,-0.11899202,0.97374815
1783532918.6656,62,right_handThumbStart_joint,-0.71748066,0.7127427,0.12599461,0.5638548,0.38420853,-0.36489522,0.63348556
1783532918.6656,62,right_handThumb_1_joint,-0.74102783,0.7143013,0.17422724,0.5638548,0.38420853,-0.36489522,0.63348556
1783532918.6656,62,right_handThumb_2_joint,-0.7578566,0.715416,0.20870388,0.5638548,0.38420853,-0.36489522,0.63348556
1783532918.6656,62,right_handThumbEnd_joint,-0.76907617,0.7161585,0.23168802,0.5638548,0.38420853,-0.36489522,0.63348556
1783532918.6656,62,camera,0.10776596,0.071660906,-0.028086916,-0.07616827,-0.07694004,-0.69687694,0.7089719
1783532918.6989,63,root,-0.0011261151,0.014935673,0.0007911215,0.092197604,0.0037982885,-0.008549994,0.9956968
1783532918.6989,63,hips_joint,-0.0011261151,0.014935673,0.0007911215,0.092197604,0.0037982885,-0.008549994,0.9956968
1783532918.6989,63,left_upLeg_joint,0.09895922,-0.011431924,-0.00377026,-0.54468256,0.4849257,-0.42436704,0.5367314
1783532918.6989,63,left_leg_joint,0.17034397,-0.42571244,-0.028303219,-0.4174785,0.58584654,-0.29203066,0.63024884
1783532918.6989,63,left_foot_joint,0.2357405,-0.81774336,-0.25449875,0.6899253,-0.20373133,0.61855567,-0.3160467
1783532918.6989,63,left_toes_joint,0.2583583,-0.91790825,-0.14648986,0.7160342,-0.069273345,0.6672457,-0.19307947
1783532918.6989,63,left_toesEnd_joint,0.2644228,-0.9395558,-0.09014923,0.7160342,-0.069273144,0.66724557,-0.19307968
1783532918.6989,63,right_upLeg_joint,-0.10208547,-0.008144502,-0.0019309353,0.5173364,0.43948346,0.45211136,0.57863
1783532918.6989,63,right_leg_joint,-0.18836713,-0.41994497,0.015253575,0.62379354,0.2833383,0.5778922,0.44344282
1783532918.6989,63,right_foot_joint,-0.26680332,-0.815979,-0.19953516,0.31632546,0.6077304,0.18145746,0.70546085
1783532918.6989,63,right_toes_joint,-0.29593512,-0.91143435,-0.08885511,0.19540557,0.6566695,0.044458047,0.7270662
1783532918.6989,63,right_toesEnd_joint,-0.30404034,-0.9309233,-0.031985927,0.19540608,0.65666956,0.044457596,0.7270661
1783532918.6989,63,spine_1_joint,-0.0011261348,0.014935673,0.0007911216,0.5381319,0.46185362,0.52504134,0.470571
1783532918.6989,63,spine_2_joint,0.0001426573,0.07198293,0.008296775,0.5235258,0.4771575,0.5057876,0.49236205
1783532918.6989,63,spine_3_joint,0.0020418568,0.12940168,0.011733673,0.5109128,0.48609453,0.49197602,0.5105293
1783532918.6989,63,spine_4_joint,0.004341418,0.18240497,0.01207229,0.50402284,0.48859927,0.4861836,0.5204398
1783532918.6989,63,spine_5_joint,0.007851793,0.25276402,0.010547282,0.51163113,0.47541073,0.500125,0.5119503
1783532918.6989,63,spine_6_joint,0.012318795,0.34645468,0.013442223,0.497948,0.48400602,0.50450444,0.5130897
1783532918.6989,63,spine_7_joint,0.014698727,0.4535099,0.014785869,0.47785264,0.5003229,0.50581735,0.51524985
1783532918.6989,63,left_shoulder_1_joint,0.10282637,0.56670696,0.009731195,-0.77830845,-0.06832608,0.091852896,0.61735743
1783532918.6989,63,left_arm_joint,0.24407429,0.59858453,0.0012288761,-0.74998426,0.09291731,-0.0011000459,0.65489566
1783532918.6989,63,left_forearm_joint,0.50546724,0.5611299,-0.030703392,-0.7542143,-0.12726659,-0.13723096,0.62938946
1783532918.6989,63,left_hand_joint,0.7546639,0.56628275,0.06769631,0.98111856,0.01905164,0.18618864,-0.048753258
1783532918.6989,63,left_handIndexStart_joint,0.77151924,0.5650499,0.092331275,0.96705,0.015273003,0.24917364,-0.049932096
1783532918.6989,63,left_handIndex_1_joint,0.84181976,0.5654238,0.13115756,0.96705,0.015273003,0.24917364,-0.049932096
1783532918.6989,63,left_handIndex_2_joint,0.88269216,0.5656412,0.15373099,0.96705,0.015273003,0.24917364,-0.049932096
1783532918.6989,63,left_handIndex_3_joint,0.90558076,0.56576294,0.1663721,0.96705,0.015273003,0.24917364,-0.049932096
1783532918.6989,63,left_handIndexEnd_joint,0.92192966,0.5658499,0.17540148,0.96705,0.015273003,0.24917364,-0.049932096
1783532918.6989,63,left_handMidStart_joint,0.77782196,0.5663771,0.08129093,0.9816519,0.018938947,0.18338631,-0.048682734
1783532918.6989,63,left_handMid_1_joint,0.8486694,0.5678463,0.108799726,0.9816519,0.018938947,0.18338631,-0.048682734
1783532918.6989,63,left_handMid_2_joint,0.8984541,0.56887865,0.12813023,0.9816519,0.018938947,0.18338631,-0.048682734
1783532918.6989,63,left_handMid_3_joint,0.92717606,0.5694743,0.13928244,0.9816519,0.018938947,0.18338631,-0.048682734
1783532918.6989,63,left_handMidEnd_joint,0.946324,0.56987137,0.14671724,0.9816519,0.018938947,0.18338631,-0.048682734
1783532918.6989,63,left_handPinkyStart_joint,0.78722614,0.5662074,0.055203903,0.9956719,-0.010831114,0.07810194,-0.049192067
1783532918.6989,63,left_handPinky_1_joint,0.849938,0.56434983,0.06501246,0.9956719,-0.010831114,0.07810194,-0.049192067
1783532918.6989,63,left_handPinky_2_joint,0.8886717,0.56320256,0.07107069,0.9956719,-0.010831114,0.07810194,-0.049192067
1783532918.6989,63,left_handPinky_3_joint,0.90896076,0.56260157,0.07424405,0.9956719,-0.010831114,0.07810194,-0.049192067
1783532918.6989,63,left_handPinkyEnd_joint,0.9274055,0.56205523,0.07712892,0.9956719,-0.010831114,0.07810194,-0.049192067
1783532918.6989,63,left_handRingStart_joint,0.78266376,0.5662026,0.06934827,0.9901281,0.0041813874,0.13090806,-0.049917087
1783532918.6989,63,left_handRing_1_joint,0.85011876,0.5658681,0.08748514,0.9901281,0.0041813874,0.13090806,-0.049917087
1783532918.6989,63,left_handRing_2_joint,0.89773405,0.565632,0.10028764,0.9901281,0.0041813874,0.13090806,-0.049917087
1783532918.6989,63,left_handRing_3_joint,0.9274936,0.5654844,0.10828919,0.9901281,0.0041813874,0.13090806,-0.049917087
1783532918.6989,63,left_handRingEnd_joint,0.9473333,0.565386,0.11362357,0.9901281,0.0041813874,0.13090806,-0.049917087
1783532918.6989,63,left_handThumbStart_joint,0.769945,0.55358434,0.09289176,-0.59240144,-0.21337806,-0.45277998,0.63128453
1783532918.6989,63,left_handThumb_1_joint,0.7967377,0.5364627,0.13616146,-0.59240144,-0.21337806,-0.45277998,0.63128453
1783532918.6989,63,left_handThumb_2_joint,0.8158867,0.52422476,0.16709113,-0.59240144,-0.21337806,-0.45277998,0.63128453
1783532918.6989,63,left_handThumbEnd_joint,0.8286527,0.51606613,0.18771091,-0.59240144,-0.21337806,-0.45277998,0.63128453
1783532918.6989,63,neck_1_joint,0.013342659,0.58723843,0.0037891243,0.5446049,0.4256019,0.57942104,0.43190217
1783532918.6989,63,neck_2_joint,0.01233072,0.6161607,0.011693351,0.54698694,0.42114452,0.5873905,0.42239165
1783532918.6989,63,neck_3_joint,0.0105395,0.65443826,0.02316591,0.5380464,0.43071142,0.58550423,0.4268233
1783532918.6989,63,neck_4_joint,0.008273299,0.69297016,0.03366116,0.5254745,0.44475022,0.5780515,0.43809813
1783532918.6989,63,head_joint,0.0053231884,0.73799306,0.044283874,0.4648437,0.5068047,0.52552253,0.50089425
1783532918.6989,63,jaw_joint,0.0066979765,0.7131297,0.04975411,0.4648437,0.5068047,0.52552253,0.50089425
1783532918.6989,63,chin_joint,0.0044712424,0.66479737,0.15054604,0.4648437,0.5068047,0.52552253,0.50089425
1783532918.6989,63,left_eye_joint,0.030547908,0.77403104,0.13187058,0.469246,0.50273144,0.5298711,0.49629185
1783532918.6989,63,left_eyeLowerLid_joint,0.030547908,0.77403104,0.13187058,0.469246,0.50273144,0.5298711,0.49629185
1783532918.6989,63,left_eyeUpperLid_joint,0.030547908,0.77403104,0.13187058,0.469246,0.50273144,0.5298711,0.49629185
1783532918.6989,63,left_eyeball_joint,0.030547908,0.77403104,0.13187058,0.469246,0.50273144,0.5298711,0.49629185
1783532918.6989,63,nose_joint,-0.00075897336,0.7396973,0.15410236,0.46924868,0.502729,0.5298737,0.4962891
1783532918.6989,63,right_eye_joint,-0.033846818,0.7697005,0.12837136,0.469246,0.50273144,0.5298711,0.49629185
1783532918.6989,63,right_eyeLowerLid_joint,-0.033846818,0.7697005,0.12837136,0.469246,0.50273144,0.5298711,0.49629185
1783532918.6989,63,right_eyeUpperLid_joint,-0.033846818,0.7697005,0.12837136,0.469246,0.50273144,0.5298711,0.49629185
1783532918.6989,63,right_eyeball_joint,-0.033846818,0.7697005,0.12837136,0.469246,0.50273144,0.5298711,0.49629185
1783532918.6989,63,right_shoulder_1_joint,-0.07572543,0.564255,0.002105167,0.588489,-0.08438402,-0.016738802,0.80391526
1783532918.6989,63,right_arm_joint,-0.21862763,0.5825647,-0.014716771,0.5977122,0.03365946,0.07908281,0.7970903
1783532918.6989,63,right_forearm_joint,-0.4806838,0.5383287,-0.025589809,0.57014364,0.14372097,-0.113272555,0.8009056
1783532918.6989,63,right_hand_joint,-0.73070776,0.5430337,0.07071273,-0.02665997,0.18294983,-0.003970057,0.9827527
1783532918.6989,63,right_handIndexStart_joint,-0.74785763,0.5442089,0.09374361,-0.026330233,0.24984676,-0.0051610777,0.96791357
1783532918.6989,63,right_handIndex_1_joint,-0.81813717,0.5460677,0.13256466,-0.026330233,0.24984676,-0.0051610777,0.96791357
1783532918.6989,63,right_handIndex_2_joint,-0.85899746,0.5471478,0.15513515,-0.026330233,0.24984676,-0.0051610777,0.96791357
1783532918.6989,63,right_handIndex_3_joint,-0.8818796,0.5477535,0.16777468,-0.026330233,0.24984676,-0.0051610777,0.96791357
1783532918.6989,63,right_handIndexEnd_joint,-0.8982237,0.5481862,0.17680286,-0.026330233,0.24984676,-0.0051610777,0.96791357
1783532918.6989,63,right_handMidStart_joint,-0.7542046,0.54358876,0.08266634,-0.02672396,0.18397279,-0.003705671,0.98256093
1783532918.6989,63,right_handMid_1_joint,-0.8250724,0.5448897,0.11013304,-0.02672396,0.18397279,-0.003705671,0.98256093
1783532918.6989,63,right_handMid_2_joint,-0.87487084,0.5458044,0.1294338,-0.02672396,0.18397279,-0.003705671,0.98256093
1783532918.6989,63,right_handMid_3_joint,-0.9036008,0.54633176,0.14056897,-0.02672396,0.18397279,-0.003705671,0.98256093
1783532918.6989,63,right_handMidEnd_joint,-0.9227539,0.5466837,0.14799224,-0.02672395,0.18397279,-0.0037056725,0.98256093
1783532918.6989,63,right_handPinkyStart_joint,-0.7635339,0.5391731,0.056927856,-0.024147475,0.08115155,0.033882752,0.9958329
1783532918.6989,63,right_handPinky_1_joint,-0.82605237,0.53513676,0.067295134,-0.024147475,0.08115155,0.033882752,0.9958329
1783532918.6989,63,right_handPinky_2_joint,-0.8646676,0.5326443,0.07369865,-0.024147475,0.08115155,0.033882752,0.9958329
1783532918.6989,63,right_handPinky_3_joint,-0.8848941,0.53133786,0.077052765,-0.024147464,0.08115155,0.033882752,0.9958329
1783532918.6989,63,right_handPinkyEnd_joint,-0.90328175,0.5301507,0.08010184,-0.024147475,0.08115155,0.033882752,0.9958329
1783532918.6989,63,right_handRingStart_joint,-0.7590061,0.5414409,0.070900515,-0.024568276,0.1327464,0.014990957,0.9907321
1783532918.6989,63,right_handRing_1_joint,-0.8263642,0.5398219,0.089325085,-0.024568276,0.1327464,0.014990957,0.9907321
1783532918.6989,63,right_handRing_2_joint,-0.8739106,0.5386788,0.102330536,-0.024568276,0.1327464,0.014990957,0.9907321
1783532918.6989,63,right_handRing_3_joint,-0.90362763,0.53796494,0.11045907,-0.024568276,0.1327464,0.014990957,0.9907321
1783532918.6989,63,right_handRingEnd_joint,-0.9234392,0.537488,0.115878224,-0.024568276,0.1327464,0.014990957,0.9907321
1783532918.6989,63,right_handThumbStart_joint,-0.7456262,0.5330481,0.095917016,0.5739136,0.45508188,-0.22862665,0.64129066
1783532918.6989,63,right_handThumb_1_joint,-0.7714706,0.52074414,0.14134781,0.5739136,0.45508188,-0.22862665,0.64129066
1783532918.6989,63,right_handThumb_2_joint,-0.78994185,0.5119505,0.17382203,0.5739136,0.45508188,-0.22862665,0.64129066
1783532918.6989,63,right_handThumbEnd_joint,-0.80225605,0.50608736,0.19547111,0.5739136,0.45508188,-0.22862667,0.64129066
1783532918.6989,63,camera,0.10792209,0.071536034,-0.028045699,-0.076280236,-0.07734376,-0.6968207,0.70897126
1783532918.7324,64,root,-0.0018247623,0.013680186,0.00067550875,0.08024158,0.0034618126,-0.012118466,0.99669576
1783532918.7324,64,hips_joint,-0.0018247623,0.013680186,0.00067550875,0.08024158,0.0034618126,-0.012118466,0.99669576
1783532918.7324,64,left_upLeg_joint,0.09807077,-0.013495531,-0.0032610812,-0.54627323,0.48650408,-0.44672114,0.5151112
1783532918.7324,64,left_leg_joint,0.1517645,-0.43112254,-0.008795967,-0.41126803,0.5943404,-0.31143165,0.61695075
1783532918.7324,64,left_foot_joint,0.19728456,-0.8304164,-0.22701988,0.6902745,-0.21424758,0.6256275,-0.2936139
1783532918.7324,64,left_toes_joint,0.21596962,-0.9292491,-0.11704972,0.7183702,-0.07953282,0.66993755,-0.16971292
1783532918.7324,64,left_toesEnd_joint,0.22141221,-0.94997436,-0.060300253,0.71837026,-0.079532616,0.66993743,-0.16971311
1783532918.7324,64,right_upLeg_joint,-0.10294523,-0.008745167,-0.0014811676,0.49781948,0.4598327,0.44329336,0.5867031
1783532918.7324,64,right_leg_joint,-0.18046422,-0.42057025,0.039874543,0.6122899,0.30317494,0.57578504,0.44906265
1783532918.7324,64,right_foot_joint,-0.2504828,-0.8268367,-0.1580503,0.29503664,0.6162518,0.17633303,0.70858544
1783532918.7324,64,right_toes_joint,-0.27705225,-0.91827184,-0.043402433,0.17288755,0.66100144,0.038834304,0.72916293
1783532918.7324,64,right_toesEnd_joint,-0.2845218,-0.9355715,0.014256415,0.17288804,0.66100144,0.03883385,0.7291628
1783532918.7324,64,spine_1_joint,-0.0018247821,0.013680186,0.00067550887,0.5376803,0.46187,0.5208043,0.4757508
1783532918.7324,64,spine_2_joint,-4.7667323e-05,0.07078547,0.0076153683,0.526207,0.47342098,0.50373447,0.4952075
1783532918.7324,64,spine_3_joint,0.0024989482,0.12817378,0.01114071,0.5165311,0.47908992,0.4922649,0.5112179
1783532918.7324,64,spine_4_joint,0.005485699,0.18113457,0.01213291,0.51276386,0.47805884,0.4895849,0.5184974
1783532918.7324,64,spine_5_joint,0.009965107,0.25145474,0.012356494,0.5233201,0.46077037,0.5076643,0.5060667
1783532918.7324,64,spine_6_joint,0.015575163,0.34489253,0.01900356,0.5120507,0.4664317,0.5162982,0.5036682
1783532918.7324,64,spine_7_joint,0.018949177,0.4516982,0.026035523,0.4940969,0.480657,0.5207451,0.5036485
1783532918.7324,64,left_shoulder_1_joint,0.10798047,0.5642695,0.028632797,-0.74364716,-0.010311308,0.039873336,0.66730267
1783532918.7324,64,left_arm_joint,0.25253817,0.57421285,0.022026964,-0.67751414,0.20862843,-0.08266717,0.7004393
1783532918.7324,64,left_forearm_joint,0.4917346,0.46821615,-0.025916222,-0.7146416,0.00801778,-0.22859979,0.6610337
1783532918.7324,64,left_hand_joint,0.73166335,0.38415816,0.058798235,0.9685583,-0.1439784,0.17774247,-0.09784123
1783532918.7324,64,left_handIndexStart_joint,0.7475192,0.3741041,0.082036376,0.9549689,-0.15058048,0.23989467,-0.088377945
1783532918.7324,64,left_handIndex_1_joint,0.81494415,0.34760147,0.11669583,0.9549689,-0.15058048,0.23989467,-0.088377945
1783532918.7324,64,left_handIndex_2_joint,0.85414463,0.33219296,0.13684668,0.9549689,-0.15058048,0.23989467,-0.088377945
1783532918.7324,64,left_handIndex_3_joint,0.87609696,0.32356417,0.14813115,0.9549689,-0.15058048,0.23989467,-0.088377945
1783532918.7324,64,left_handIndexEnd_joint,0.89177716,0.31740078,0.15619148,0.9549689,-0.15058048,0.23989467,-0.088377945
1783532918.7324,64,left_handMidStart_joint,0.7538699,0.37527183,0.07100549,0.969031,-0.14394718,0.17495368,-0.098232985
1783532918.7324,64,left_handMid_1_joint,0.82208115,0.35145247,0.09463018,0.969031,-0.14394718,0.17495368,-0.098232985
1783532918.7324,64,left_handMid_2_joint,0.87001336,0.3347146,0.11123131,0.969031,-0.14394718,0.17495368,-0.098232985
1783532918.7324,64,left_handMid_3_joint,0.8976665,0.3250581,0.12080889,0.969031,-0.14394718,0.17495368,-0.098232985
1783532918.7324,64,left_handMidEnd_joint,0.916102,0.3186204,0.12719394,0.969031,-0.14394718,0.17495368,-0.098232985
1783532918.7324,64,left_handPinkyStart_joint,0.76265144,0.37652695,0.04473169,0.97677404,-0.16708118,0.06872506,-0.11521008
1783532918.7324,64,left_handPinky_1_joint,0.8220075,0.35479444,0.05081251,0.97677404,-0.16708118,0.06872506,-0.11521008
1783532918.7324,64,left_handPinky_2_joint,0.8586686,0.34137145,0.05456831,0.97677404,-0.16708118,0.06872506,-0.11521008
1783532918.7324,64,left_handPinky_3_joint,0.87787205,0.33434036,0.056535635,0.97677404,-0.16708118,0.06872506,-0.11521008
1783532918.7324,64,left_handPinkyEnd_joint,0.8953297,0.32794845,0.058324106,0.97677404,-0.16708118,0.06872506,-0.11521008
1783532918.7324,64,left_handRingStart_joint,0.7583734,0.37559763,0.058934283,0.97429144,-0.1556362,0.122136354,-0.10777996
1783532918.7324,64,left_handRing_1_joint,0.82275695,0.35257477,0.07321499,0.97429144,-0.1556362,0.122136354,-0.10777996
1783532918.7324,64,left_handRing_2_joint,0.8682042,0.33632332,0.083295494,0.97429144,-0.1556362,0.122136354,-0.10777996
1783532918.7324,64,left_handRing_3_joint,0.89660865,0.32616615,0.08959581,0.97429144,-0.1556362,0.122136354,-0.10777996
1783532918.7324,64,left_handRingEnd_joint,0.9155449,0.3193947,0.09379602,0.97429144,-0.1556362,0.122136354,-0.10777996
1783532918.7324,64,left_handThumbStart_joint,0.74259984,0.36367097,0.08093968,-0.5726535,-0.076187685,-0.5490236,0.60401726
1783532918.7324,64,left_handThumb_1_joint,0.76330405,0.3327423,0.11964387,-0.5726535,-0.076187685,-0.5490236,0.60401726
1783532918.7324,64,left_handThumb_2_joint,0.7781013,0.31063557,0.14731032,-0.5726535,-0.07618771,-0.5490236,0.60401726
1783532918.7324,64,left_handThumbEnd_joint,0.7879662,0.29589775,0.16575462,-0.5726535,-0.07618771,-0.5490236,0.60401726
1783532918.7324,64,neck_1_joint,0.018700011,0.5858595,0.023430657,0.55561876,0.40687743,0.58873916,0.4232314
1783532918.7324,64,neck_2_joint,0.017970229,0.614374,0.03272533,0.55603784,0.40492144,0.5935632,0.417784
1783532918.7324,64,neck_3_joint,0.016667932,0.65222454,0.045595244,0.5460646,0.41640496,0.5896113,0.42518124
1783532918.7324,64,neck_4_joint,0.014985161,0.69047064,0.0571887,0.5331269,0.43157247,0.58109325,0.43800887
1783532918.7324,64,head_joint,0.0127734225,0.73526335,0.06890753,0.473988,0.49462894,0.5286004,0.50125796
1783532918.7324,64,jaw_joint,0.013672054,0.7102518,0.07376737,0.473988,0.49462894,0.5286004,0.50125796
1783532918.7324,64,chin_joint,0.009976251,0.6594939,0.17331627,0.473988,0.49462894,0.5286004,0.50125796
1783532918.7324,64,left_eye_joint,0.03810684,0.7686695,0.15750043,0.4782838,0.49047637,0.5329518,0.49662897
1783532918.7324,64,left_eyeLowerLid_joint,0.03810684,0.7686695,0.15750043,0.4782838,0.49047637,0.5329518,0.49662897
1783532918.7324,64,left_eyeUpperLid_joint,0.03810684,0.7686695,0.15750043,0.4782838,0.49047637,0.5329518,0.49662897
1783532918.7324,64,left_eyeball_joint,0.03810684,0.7686695,0.15750043,0.4782838,0.49047637,0.5329518,0.49662897
1783532918.7324,64,nose_joint,0.0060596713,0.73436517,0.17869881,0.4782863,0.4904738,0.53295445,0.49662608
1783532918.7324,64,right_eye_joint,-0.026332542,0.7655837,0.15353471,0.4782838,0.49047637,0.5329518,0.49662897
1783532918.7324,64,right_eyeLowerLid_joint,-0.026332542,0.7655837,0.15353471,0.4782838,0.49047637,0.5329518,0.49662897
1783532918.7324,64,right_eyeUpperLid_joint,-0.026332542,0.7655837,0.15353471,0.4782838,0.49047637,0.5329518,0.49662897
1783532918.7324,64,right_eyeball_joint,-0.026332542,0.7655837,0.15353471,0.4782838,0.49047637,0.5329518,0.49662897
1783532918.7324,64,right_shoulder_1_joint,-0.07052958,0.56375134,0.019754434,0.6327091,-0.041008294,0.05060175,0.77164567
1783532918.7324,64,right_arm_joint,-0.21434811,0.559951,0.0012867498,0.62809265,0.12464193,0.21149315,0.7384001
1783532918.7324,64,right_forearm_joint,-0.44827476,0.4352285,-0.020418601,0.5768312,0.2560467,0.007657624,0.77565926
1783532918.7324,64,right_hand_joint,-0.6810777,0.3528889,0.08365471,-0.0061254804,0.19987954,0.16020842,0.9666147
1783532918.7324,64,right_handIndexStart_joint,-0.6962774,0.34655547,0.10720841,-0.017076403,0.26559925,0.16003036,0.95055556
1783532918.7324,64,right_handIndex_1_joint,-0.7611435,0.32285056,0.1481987,-0.017076403,0.26559925,0.16003036,0.95055556
1783532918.7324,64,right_handIndex_2_joint,-0.79885626,0.30906802,0.17203031,-0.017076403,0.26559925,0.16003036,0.95055556
1783532918.7324,64,right_handIndex_3_joint,-0.81997603,0.30135047,0.18537614,-0.017076403,0.26559925,0.16003036,0.95055556
1783532918.7324,64,right_handIndexEnd_joint,-0.8350613,0.29583803,0.19490884,-0.017076403,0.26559925,0.16003036,0.95055556
1783532918.7324,64,right_handMidStart_joint,-0.7028085,0.3449938,0.096332796,-0.0063525094,0.20086043,0.16049151,0.96636295
1783532918.7324,64,right_handMid_1_joint,-0.76877445,0.32160875,0.12599757,-0.0063525094,0.20086043,0.16049151,0.96636295
1783532918.7324,64,right_handMid_2_joint,-0.81512856,0.30517668,0.14684297,-0.0063525094,0.20086043,0.16049151,0.96636295
1783532918.7324,64,right_handMid_3_joint,-0.8418713,0.29569635,0.15886924,-0.0063525094,0.20086043,0.16049151,0.96636295
1783532918.7324,64,right_handMidEnd_joint,-0.85969967,0.28937653,0.16688661,-0.0063524987,0.20086043,0.16049151,0.96636295
1783532918.7324,64,right_handPinkyStart_joint,-0.7119252,0.34024325,0.0705777,0.013898094,0.0983225,0.19445227,0.97587293
1783532918.7324,64,right_handPinky_1_joint,-0.76939595,0.31596985,0.08242025,0.013898094,0.0983225,0.19445227,0.97587293
1783532918.7324,64,right_handPinky_2_joint,-0.80489355,0.30097768,0.08973504,0.013898094,0.0983225,0.19445227,0.97587293
1783532918.7324,64,right_handPinky_3_joint,-0.82348686,0.29312405,0.093566395,0.013898104,0.0983225,0.19445227,0.97587293
1783532918.7324,64,right_handPinkyEnd_joint,-0.8403899,0.28598484,0.09704938,0.013898094,0.0983225,0.19445227,0.97587293
1783532918.7324,64,right_handRingStart_joint,-0.707446,0.34253237,0.08456258,0.004673387,0.14995089,0.17760524,0.9725993
1783532918.7324,64,right_handRing_1_joint,-0.7697493,0.3183027,0.10482114,0.004673387,0.14995089,0.17760524,0.9725993
1783532918.7324,64,right_handRing_2_joint,-0.8137276,0.3011993,0.11912114,0.004673387,0.14995089,0.17760524,0.9725993
1783532918.7324,64,right_handRing_3_joint,-0.84121466,0.29051,0.12805882,0.004673387,0.14995089,0.17760524,0.9725993
1783532918.7324,64,right_handRingEnd_joint,-0.85953933,0.28338274,0.13401732,0.004673387,0.14995089,0.17760524,0.9725993
1783532918.7324,64,right_handThumbStart_joint,-0.69059163,0.33650008,0.10811737,0.52092886,0.565591,-0.11572493,0.6287671
1783532918.7324,64,right_handThumb_1_joint,-0.70849776,0.3126715,0.15278111,0.52092886,0.565591,-0.11572496,0.6287671
1783532918.7324,64,right_handThumb_2_joint,-0.7212952,0.2956408,0.18470713,0.52092886,0.565591,-0.11572496,0.6287671
1783532918.7324,64,right_handThumbEnd_joint,-0.7298266,0.28428635,0.20599067,0.52092886,0.565591,-0.11572497,0.6287671
1783532918.7324,64,camera,0.10744816,0.07090935,-0.02836114,-0.07630439,-0.07786476,-0.6965749,0.70915306
1783532918.7657,65,root,-0.0017189506,0.013642279,0.0002586588,0.064168535,0.0026282556,-0.013233156,0.9978479
1783532918.7657,65,hips_joint,-0.0017189506,0.013642279,0.0002586588,0.064168535,0.0026282556,-0.013233156,0.9978479
1783532918.7657,65,left_upLeg_joint,0.09811975,-0.013865812,-0.0026859846,0.55085105,-0.48175216,0.4769449,-0.48682848
1783532918.7657,65,left_leg_joint,0.13217717,-0.4329151,0.021059873,-0.40236285,0.6018611,-0.33382222,0.60368055
1783532918.7657,65,left_foot_joint,0.1562552,-0.83871853,-0.18839961,0.68790203,-0.22565967,0.63507015,-0.26935965
1783532918.7657,65,left_toes_joint,0.16989571,-0.93597496,-0.076303124,0.7182037,-0.09118767,0.6746118,-0.14410853
1783532918.7657,65,left_toesEnd_joint,0.17433445,-0.9557149,-0.019116616,0.7182038,-0.09118748,0.67461175,-0.14410874
1783532918.7657,65,right_upLeg_joint,-0.1028869,-0.00861859,-0.0012886855,0.4828237,0.477238,0.44325358,0.5853642
1783532918.7657,65,right_leg_joint,-0.16669942,-0.42119443,0.053743735,0.61544275,0.3031273,0.5853117,0.43215063
1783532918.7657,65,right_foot_joint,-0.22662759,-0.82316756,-0.15591227,0.2975481,0.61815876,0.1942619,0.701147
1783532918.7657,65,right_toes_joint,-0.250515,-0.91858906,-0.043954268,0.17499201,0.66334975,0.057848006,0.7252575
1783532918.7657,65,right_toesEnd_joint,-0.2573842,-0.9377619,0.013184447,0.1749925,0.6633498,0.05784755,0.7252574
1783532918.7657,65,spine_1_joint,-0.0017189704,0.013642279,0.00025865895,0.5308382,0.46872765,0.5139042,0.4841569
1783532918.7657,65,spine_2_joint,0.00014539614,0.0709222,0.005537677,0.5206827,0.47838438,0.49756297,0.502463
1783532918.7657,65,spine_3_joint,0.002859529,0.12837072,0.0076903854,0.5134495,0.48128283,0.48735318,0.51693666
1783532918.7657,65,spine_4_joint,0.0061333785,0.1813236,0.007843017,0.51333386,0.4764188,0.4868616,0.5219957
1783532918.7657,65,spine_5_joint,0.011208528,0.25160363,0.007793872,0.52851915,0.45394817,0.50830215,0.5061897
1783532918.7657,65,spine_6_joint,0.017866444,0.34487984,0.015636502,0.5221119,0.4542951,0.5201654,0.5004435
1783532918.7657,65,spine_7_joint,0.022772554,0.4513703,0.025834773,0.50921315,0.46360928,0.52664244,0.498414
1783532918.7657,65,left_shoulder_1_joint,0.1140226,0.56191415,0.033522885,-0.71505654,0.026218388,-0.014521423,0.69842416
1783532918.7657,65,left_arm_joint,0.25881177,0.55353326,0.031223,-0.6125871,0.27459055,-0.170237,0.7213575
1783532918.7657,65,left_forearm_joint,0.46927056,0.39872256,-0.018672321,-0.6690469,0.09382305,-0.31527042,0.6664672
1783532918.7657,65,left_hand_joint,0.679253,0.25247008,0.060861625,0.9354147,-0.26466522,0.19532159,-0.12962028
1783532918.7657,65,left_handIndexStart_joint,0.69131833,0.23666902,0.08316089,0.92068964,-0.27305022,0.2552692,-0.11230393
1783532918.7657,65,left_handIndex_1_joint,0.74918705,0.19168513,0.115985274,0.92068964,-0.27305022,0.2552692,-0.11230393
1783532918.7657,65,left_handIndex_2_joint,0.7828317,0.1655317,0.13506922,0.92068964,-0.27305022,0.2552692,-0.11230393
1783532918.7657,65,left_handIndex_3_joint,0.8016727,0.15088578,0.14575623,0.92068964,-0.27305022,0.2552692,-0.11230393
1783532918.7657,65,left_handIndexEnd_joint,0.8151306,0.1404244,0.1533898,0.92068964,-0.27305022,0.2552692,-0.11230393
1783532918.7657,65,left_handMidStart_joint,0.6982412,0.23742191,0.07244253,0.93591,-0.26453614,0.1926117,-0.1303616
1783532918.7657,65,left_handMid_1_joint,0.7579769,0.19596474,0.094605714,0.93591,-0.26453614,0.1926117,-0.1303616
1783532918.7657,65,left_handMid_2_joint,0.79995334,0.16683267,0.110179834,0.93591,-0.26453614,0.1926117,-0.1303616
1783532918.7657,65,left_handMid_3_joint,0.82417053,0.15002571,0.11916491,0.93591,-0.26453614,0.1926117,-0.1303616
1783532918.7657,65,left_handMidEnd_joint,0.8403153,0.13882107,0.12515496,0.93591,-0.26453614,0.1926117,-0.1303616
1783532918.7657,65,left_handPinkyStart_joint,0.70821065,0.23923172,0.046629004,0.941631,-0.28249505,0.08818054,-0.16047421
1783532918.7657,65,left_handPinky_1_joint,0.7605892,0.20365104,0.051417053,0.941631,-0.28249505,0.08818054,-0.16047421
1783532918.7657,65,left_handPinky_2_joint,0.7929407,0.18167475,0.05437438,0.941631,-0.28249505,0.08818054,-0.16047421
1783532918.7657,65,left_handPinky_3_joint,0.8098867,0.17016335,0.055923454,0.941631,-0.28249505,0.08818054,-0.16047421
1783532918.7657,65,left_handPinkyEnd_joint,0.8252921,0.15969844,0.057331704,0.941631,-0.28249505,0.08818054,-0.16047421
1783532918.7657,65,left_handRingStart_joint,0.70321906,0.2379007,0.06056427,0.9400726,-0.27379924,0.14083053,-0.14650781
1783532918.7657,65,left_handRing_1_joint,0.7598268,0.19905993,0.07345567,0.9400726,-0.27379924,0.14083053,-0.14650781
1783532918.7657,65,left_handRing_2_joint,0.7997852,0.17164293,0.08255548,0.9400726,-0.27379924,0.14083053,-0.14650781
1783532918.7657,65,left_handRing_3_joint,0.8247592,0.1545073,0.088242866,0.9400726,-0.27379924,0.14083053,-0.14650781
1783532918.7657,65,left_handRingEnd_joint,0.8414085,0.14308353,0.09203445,0.9400726,-0.27379924,0.14083053,-0.14650781
1783532918.7657,65,left_handThumbStart_joint,0.6841671,0.22785142,0.08084533,-0.5361712,0.011473971,-0.62849164,0.56337154
1783532918.7657,65,left_handThumb_1_joint,0.6954311,0.18916485,0.11633804,-0.5361712,0.011473971,-0.62849164,0.56337154
1783532918.7657,65,left_handThumb_2_joint,0.7034809,0.16151318,0.141709,-0.5361712,0.011473971,-0.62849164,0.56337154
1783532918.7657,65,left_handThumbEnd_joint,0.7088474,0.14307873,0.15862298,-0.5361712,0.011473917,-0.6284916,0.5633716
1783532918.7657,65,neck_1_joint,0.02520432,0.58549505,0.029112682,0.56643486,0.39104497,0.5895838,0.42264247
1783532918.7657,65,neck_2_joint,0.0251728,0.61373615,0.039233997,0.56531763,0.39169225,0.5908991,0.42170122
1783532918.7657,65,neck_3_joint,0.024966035,0.6513852,0.05274349,0.5545203,0.40520257,0.58441037,0.43218413
1783532918.7657,65,neck_4_joint,0.02450806,0.6895665,0.06465911,0.5412717,0.42160037,0.5743353,0.44656193
1783532918.7657,65,head_joint,0.023804735,0.73436356,0.07654772,0.48330286,0.48575556,0.520925,0.50901616
1783532918.7657,65,jaw_joint,0.023866875,0.70931774,0.08131288,0.48330286,0.48575556,0.520925,0.50901616
1783532918.7657,65,chin_joint,0.018520553,0.6583362,0.1806724,0.48330286,0.48575556,0.520925,0.50901616
1783532918.7657,65,left_eye_joint,0.050287083,0.7665667,0.16525003,0.48752087,0.48152208,0.52534443,0.50445366
1783532918.7657,65,left_eyeLowerLid_joint,0.050287083,0.7665667,0.16525003,0.48752087,0.48152208,0.52534443,0.50445366
1783532918.7657,65,left_eyeUpperLid_joint,0.050287083,0.7665667,0.16525003,0.48752087,0.48152208,0.52534443,0.50445366
1783532918.7657,65,left_eyeball_joint,0.050287083,0.7665667,0.16525003,0.48752087,0.48152208,0.52534443,0.50445366
1783532918.7657,65,nose_joint,0.017118447,0.7332757,0.18633898,0.48752344,0.48151952,0.5253472,0.5044509
1783532918.7657,65,right_eye_joint,-0.014221465,0.7656575,0.16131248,0.48752087,0.48152208,0.52534443,0.50445366
1783532918.7657,65,right_eyeLowerLid_joint,-0.014221465,0.7656575,0.16131248,0.48752087,0.48152208,0.52534443,0.50445366
1783532918.7657,65,right_eyeUpperLid_joint,-0.014221465,0.7656575,0.16131248,0.48752087,0.48152208,0.52534443,0.50445366
1783532918.7657,65,right_eyeball_joint,-0.014221465,0.7656575,0.16131248,0.48752087,0.48152208,0.52534443,0.50445366
1783532918.7657,65,right_shoulder_1_joint,-0.0644381,0.5653607,0.024311593,0.67006713,-0.005859615,0.08135829,0.73780537
1783532918.7657,65,right_arm_joint,-0.20755713,0.54908615,0.0072425613,0.6559715,0.18402979,0.2874957,0.6731872
1783532918.7657,65,right_forearm_joint,-0.41155732,0.38191044,-0.027177338,0.59278995,0.322881,0.100650884,0.730902
1783532918.7657,65,right_hand_joint,-0.6182255,0.23990394,0.067324944,0.03355524,0.19729102,0.274698,0.94047415
1783532918.7657,65,right_handIndexStart_joint,-0.6309711,0.22769378,0.09000495,0.014671149,0.26118836,0.27695245,0.92458797
1783532918.7657,65,right_handIndex_1_joint,-0.68800384,0.18594857,0.12814079,0.014671149,0.26118836,0.27695245,0.92458797
1783532918.7657,65,right_handIndex_2_joint,-0.72116214,0.1616775,0.15031277,0.014671149,0.26118836,0.27695245,0.92458797
1783532918.7657,65,right_handIndex_3_joint,-0.7397316,0.14808618,0.1627293,0.014671149,0.26118836,0.27695245,0.92458797
1783532918.7657,65,right_handIndexEnd_joint,-0.7529952,0.13837826,0.1715982,0.014671149,0.26118836,0.27695245,0.92458797
1783532918.7657,65,right_handMidStart_joint,-0.6373762,0.2260902,0.079060696,0.033212353,0.19822022,0.27501455,0.94019836
1783532918.7657,65,right_handMid_1_joint,-0.69591963,0.18577884,0.10600546,0.033212353,0.19822022,0.27501455,0.94019836
1783532918.7657,65,right_handMid_2_joint,-0.7370581,0.15745269,0.124939576,0.033212353,0.19822022,0.27501455,0.94019836
1783532918.7657,65,right_handMid_3_joint,-0.7607918,0.14111038,0.13586316,0.033212353,0.19822022,0.27501455,0.94019836
1783532918.7657,65,right_handMidEnd_joint,-0.7766141,0.13021597,0.14314543,0.03321236,0.19822022,0.27501455,0.94019836
1783532918.7657,65,right_handPinkyStart_joint,-0.64611876,0.22262774,0.052972678,0.065189674,0.09664064,0.3032277,0.9457612
1783532918.7657,65,right_handPinky_1_joint,-0.6967559,0.1854061,0.062069952,0.065189674,0.09664064,0.3032277,0.9457612
1783532918.7657,65,right_handPinky_2_joint,-0.72803277,0.16241625,0.067689165,0.065189674,0.09664064,0.3032277,0.9457612
1783532918.7657,65,right_handPinky_3_joint,-0.7444151,0.15037355,0.07063229,0.06518968,0.09664064,0.3032277,0.9457612
1783532918.7657,65,right_handPinkyEnd_joint,-0.7593083,0.13942605,0.073307835,0.065189674,0.09664064,0.3032277,0.9457612
1783532918.7657,65,right_handRingStart_joint,-0.64177054,0.2241257,0.06710522,0.05014865,0.14788967,0.28942513,0.9443766
1783532918.7657,65,right_handRing_1_joint,-0.696864,0.18490545,0.08458893,0.05014865,0.14788967,0.28942513,0.9443766
1783532918.7657,65,right_handRing_2_joint,-0.735753,0.15722062,0.0969302,0.05014865,0.14788967,0.28942513,0.9443766
1783532918.7657,65,right_handRing_3_joint,-0.76005924,0.13991775,0.10464372,0.05014865,0.14788967,0.28942513,0.9443766
1783532918.7657,65,right_handRingEnd_joint,-0.7762632,0.12838149,0.109785974,0.05014865,0.14788967,0.28942513,0.9443766
1783532918.7657,65,right_handThumbStart_joint,-0.62326485,0.21904893,0.08962302,0.4939747,0.63021845,-0.01790987,0.5987432
1783532918.7657,65,right_handThumb_1_joint,-0.63427496,0.18676624,0.13109455,0.4939747,0.63021845,-0.01790987,0.5987432
1783532918.7657,65,right_handThumb_2_joint,-0.6421435,0.16369282,0.16073896,0.4939747,0.63021845,-0.01790987,0.5987432
1783532918.7657,65,right_handThumbEnd_joint,-0.647389,0.14830996,0.18050136,0.4939747,0.63021845,-0.017909894,0.5987432
1783532918.7657,65,camera,0.10739566,0.07081484,-0.028287495,-0.07614573,-0.07802554,-0.6962394,0.70948184
1783532918.7990,66,root,-0.0005604299,0.014756574,0.0017460091,0.045582853,0.007841782,-0.010045338,0.99887925
1783532918.7990,66,hips_joint,-0.0005604299,0.014756574,0.0017460091,0.045582853,0.007841782,-0.010045338,0.99887925
1783532918.7990,66,left_upLeg_joint,0.099441916,-0.012146247,-0.0012375263,0.56447953,-0.47254375,0.5005529,-0.4555348
1783532918.7990,66,left_leg_joint,0.12146481,-0.42883453,0.055435684,-0.38659102,0.6202348,-0.34144863,0.5909899
1783532918.7990,66,left_foot_joint,0.12029561,-0.8327002,-0.15908833,0.6868171,-0.24984981,0.63324744,-0.25466633
1783532918.7990,66,left_toes_joint,0.1311966,-0.931916,-0.048418242,0.7217234,-0.11514501,0.6700373,-0.13002701
1783532918.7990,66,left_toesEnd_joint,0.13578187,-0.9525679,0.0084336465,0.72172344,-0.115144804,0.67003727,-0.13002722
1783532918.7990,66,right_upLeg_joint,-0.101572655,-0.00825,0.0020976614,0.46550786,0.50558627,0.44483566,0.57428753
1783532918.7990,66,right_leg_joint,-0.1407375,-0.42161015,0.07223276,0.6341233,0.29120538,0.603752,0.3854486
1783532918.7990,66,right_foot_joint,-0.18709178,-0.80334747,-0.17526937,0.3196057,0.62029374,0.23757873,0.6757546
1783532918.7990,66,right_toes_joint,-0.20461555,-0.91029096,-0.07296358,0.19624518,0.6696268,0.10519243,0.7085355
1783532918.7990,66,right_toesEnd_joint,-0.20953318,-0.93527603,-0.0179074,0.19624566,0.66962683,0.105191976,0.7085353
1783532918.7990,66,spine_1_joint,-0.00056044967,0.014756574,0.0017460095,0.5223333,0.4842131,0.50630397,0.48617083
1783532918.7990,66,spine_2_joint,0.0004978331,0.07220249,0.0050897403,0.51308715,0.49347067,0.4920554,0.5011089
1783532918.7990,66,spine_3_joint,0.0021517095,0.12972851,0.0056865285,0.50901234,0.49406812,0.4842856,0.51212406
1783532918.7990,66,spine_4_joint,0.004418641,0.18272975,0.0049950294,0.5140683,0.48517653,0.48647997,0.5134931
1783532918.7990,66,spine_5_joint,0.0083552515,0.25308272,0.0049057286,0.53621435,0.45658615,0.5103288,0.4935262
1783532918.7990,66,spine_6_joint,0.014186302,0.3462484,0.014520246,0.5367135,0.45044243,0.52345985,0.48479924
1783532918.7990,66,spine_7_joint,0.019118724,0.45228842,0.028643727,0.530078,0.45466733,0.5286111,0.48256138
1783532918.7990,66,left_shoulder_1_joint,0.11168106,0.5614906,0.039260216,-0.68746084,0.06952856,-0.05688462,0.72064406
1783532918.7990,66,left_arm_joint,0.2543897,0.5357322,0.036069296,-0.54397625,0.34610522,-0.26770255,0.71598643
1783532918.7990,66,left_forearm_joint,0.41852808,0.33361214,-0.018289201,-0.6172885,0.18435416,-0.42477527,0.63603026
1783532918.7990,66,left_hand_joint,0.5715817,0.12782723,0.05939757,0.87576133,-0.40286833,0.22829284,-0.13646126
1783532918.7990,66,left_handIndexStart_joint,0.5771303,0.107948445,0.08099735,0.85894936,-0.41137353,0.2843042,-0.11022268
1783532918.7990,66,left_handIndex_1_joint,0.61727643,0.046159796,0.11293849,0.85894936,-0.41137353,0.2843042,-0.11022268
1783532918.7990,66,left_handIndex_2_joint,0.6406172,0.010236163,0.13150893,0.85894936,-0.41137353,0.2843042,-0.11022268
1783532918.7990,66,left_handIndex_3_joint,0.653688,-0.009881072,0.14190838,0.85894936,-0.41137353,0.2843042,-0.11022268
1783532918.7990,66,left_handIndexEnd_joint,0.66302437,-0.024250526,0.14933655,0.85894936,-0.41137353,0.2843042,-0.11022268
1783532918.7990,66,left_handMidStart_joint,0.58462095,0.107232645,0.070665166,0.8763174,-0.4027067,0.22574213,-0.13760746
1783532918.7990,66,left_handMid_1_joint,0.6282334,0.0488589,0.09231516,0.8763174,-0.4027067,0.22574213,-0.13760746
1783532918.7990,66,left_handMid_2_joint,0.65888,0.007839507,0.107528664,0.8763174,-0.4027067,0.22574213,-0.13760746
1783532918.7990,66,left_handMid_3_joint,0.67656076,-0.015825521,0.116305694,0.8763174,-0.4027067,0.22574213,-0.13760746
1783532918.7990,66,left_handMidEnd_joint,0.6883478,-0.03160221,0.12215704,0.8763174,-0.4027067,0.22574213,-0.13760746
1783532918.7990,66,left_handPinkyStart_joint,0.5962598,0.10747753,0.045496125,0.8810927,-0.41712058,0.12657925,-0.18347728
1783532918.7990,66,left_handPinky_1_joint,0.6356291,0.057851683,0.049940698,0.8810927,-0.41712058,0.12657925,-0.18347728
1783532918.7990,66,left_handPinky_2_joint,0.6599454,0.027200427,0.05268588,0.8810927,-0.41712058,0.12657925,-0.18347728
1783532918.7990,66,left_handPinky_3_joint,0.6726826,0.011145006,0.05412383,0.8810927,-0.41712058,0.12657925,-0.18347728
1783532918.7990,66,left_handPinkyEnd_joint,0.68426174,-0.0034508312,0.05543106,0.8810927,-0.41712058,0.12657925,-0.18347728
1783532918.7990,66,left_handRingStart_joint,0.59024644,0.106892735,0.059074648,0.87990284,-0.41037196,0.17677645,-0.1616047
1783532918.7990,66,left_handRing_1_joint,0.6322055,0.052456718,0.07154008,0.87990284,-0.41037196,0.17677645,-0.1616047
1783532918.7990,66,left_handRing_2_joint,0.66182363,0.014031291,0.0803392,0.87990284,-0.41037196,0.17677645,-0.1616047
1783532918.7990,66,left_handRing_3_joint,0.680335,-0.0099846,0.08583865,0.87990284,-0.41037196,0.17677645,-0.1616047
1783532918.7990,66,left_handRingEnd_joint,0.69267595,-0.025995191,0.08950496,0.87990284,-0.41037196,0.17677645,-0.1616047
1783532918.7990,66,left_handThumbStart_joint,0.5678814,0.101769686,0.07775206,0.49325582,-0.09618754,0.71817327,-0.48132533
1783532918.7990,66,left_handThumb_1_joint,0.5651958,0.0595501,0.11082102,0.49325582,-0.09618754,0.71817327,-0.48132533
1783532918.7990,66,left_handThumb_2_joint,0.5632748,0.029373443,0.13445953,0.49325582,-0.096187524,0.71817327,-0.48132533
1783532918.7990,66,left_handThumbEnd_joint,0.5619942,0.009255666,0.15021853,0.4932558,-0.0961875,0.7181732,-0.48132536
1783532918.7990,66,neck_1_joint,0.023029475,0.5860704,0.038297243,0.5857955,0.38064077,0.58614814,0.41034958
1783532918.7990,66,neck_2_joint,0.023722049,0.6138806,0.049527273,0.584529,0.382389,0.58474964,0.41251963
1783532918.7990,66,neck_3_joint,0.024669768,0.6510596,0.064252086,0.573768,0.39709273,0.5765554,0.42507866
1783532918.7990,66,neck_4_joint,0.025461866,0.68889326,0.07721315,0.560627,0.41445172,0.5656427,0.4404268
1783532918.7990,66,head_joint,0.026243597,0.73338056,0.09020844,0.5034307,0.48092067,0.5131511,0.5019455
1783532918.7990,66,jaw_joint,0.025819387,0.70822877,0.09435624,0.5034307,0.48092067,0.5131511,0.5019455
1783532918.7990,66,chin_joint,0.02218748,0.65490705,0.19255817,0.5034307,0.48092067,0.5131511,0.5019455
1783532918.7990,66,left_eye_joint,0.056186695,0.7626844,0.17881519,0.50760573,0.47651178,0.51750904,0.4974513
1783532918.7990,66,left_eyeLowerLid_joint,0.056186695,0.7626844,0.17881519,0.50760573,0.47651178,0.51750904,0.4974513
1783532918.7990,66,left_eyeUpperLid_joint,0.056186695,0.7626844,0.17881519,0.50760573,0.47651178,0.51750904,0.4974513
1783532918.7990,66,left_eyeball_joint,0.056186695,0.7626844,0.17881519,0.50760573,0.47651178,0.51750904,0.4974513
1783532918.7990,66,nose_joint,0.022841567,0.729692,0.20009395,0.5076083,0.47650912,0.5175116,0.49744853
1783532918.7990,66,right_eye_joint,-0.008413625,0.7634484,0.17684081,0.50760573,0.47651178,0.51750904,0.4974513
1783532918.7990,66,right_eyeLowerLid_joint,-0.008413625,0.7634484,0.17684081,0.50760573,0.47651178,0.51750904,0.4974513
1783532918.7990,66,right_eyeUpperLid_joint,-0.008413625,0.7634484,0.17684081,0.50760573,0.47651178,0.51750904,0.4974513
1783532918.7990,66,right_eyeball_joint,-0.008413625,0.7634484,0.17684081,0.50760573,0.47651178,0.51750904,0.4974513
1783532918.7990,66,right_shoulder_1_joint,-0.066910975,0.5670142,0.034865193,0.70269084,0.04344723,0.101588264,0.7028641
1783532918.7990,66,right_arm_joint,-0.20841868,0.5374437,0.02301536,0.67460734,0.25758806,0.34210435,0.60126394
1783532918.7990,66,right_forearm_joint,-0.3768479,0.33557865,-0.017365355,0.59854996,0.39705178,0.17925127,0.67227757
1783532918.7990,66,right_hand_joint,-0.54310703,0.14362489,0.06819135,0.07343646,0.20922352,0.3821081,0.897121
1783532918.7990,66,right_handIndexStart_joint,-0.551539,0.12662755,0.08977635,0.047114596,0.2700863,0.38681662,0.8804582
1783532918.7990,66,right_handIndex_1_joint,-0.5960993,0.06988007,0.12504455,0.047114596,0.2700863,0.38681662,0.8804582
1783532918.7990,66,right_handIndex_2_joint,-0.6220061,0.036886822,0.14554922,0.047114596,0.2700863,0.38681662,0.8804582
1783532918.7990,66,right_handIndex_3_joint,-0.6365147,0.018410904,0.15703215,0.047114596,0.2700863,0.38681662,0.8804582
1783532918.7990,66,right_handIndexEnd_joint,-0.6468778,0.0052140225,0.1652342,0.047114596,0.2700863,0.38681662,0.8804582
1783532918.7990,66,right_handMidStart_joint,-0.55818206,0.12488243,0.07899683,0.07299107,0.21008405,0.38245526,0.89680827
1783532918.7990,66,right_handMid_1_joint,-0.60524976,0.07040607,0.10339611,0.07299107,0.21008405,0.38245526,0.89680827
1783532918.7990,66,right_handMid_2_joint,-0.6383243,0.032126173,0.12054158,0.07299107,0.21008405,0.38245526,0.89680827
1783532918.7990,66,right_handMid_3_joint,-0.6574057,0.010041318,0.13043322,0.07299107,0.21008405,0.38245526,0.89680827
1783532918.7990,66,right_handMidEnd_joint,-0.6701266,-0.004681445,0.13702759,0.07299108,0.21008405,0.38245526,0.89680827
1783532918.7990,66,right_handPinkyStart_joint,-0.56772083,0.122458234,0.053071156,0.11652024,0.11119243,0.40439656,0.9002905
1783532918.7990,66,right_handPinky_1_joint,-0.6088819,0.07457488,0.0598003,0.11652024,0.11119243,0.40439656,0.9002905
1783532918.7990,66,right_handPinky_2_joint,-0.63430583,0.0449996,0.06395687,0.11652024,0.11119243,0.40439656,0.9002905
1783532918.7990,66,right_handPinky_3_joint,-0.6476223,0.029507596,0.06613377,0.11652025,0.111192435,0.40439656,0.9002905
1783532918.7990,66,right_handPinkyEnd_joint,-0.65972847,0.015424342,0.06811281,0.11652024,0.11119243,0.40439656,0.9002905
1783532918.7990,66,right_handRingStart_joint,-0.5628542,0.1233222,0.06708718,0.095735386,0.16121455,0.39387542,0.8998372
1783532918.7990,66,right_handRing_1_joint,-0.60740155,0.07165234,0.08208557,0.095735386,0.16121455,0.39387542,0.8998372
1783532918.7990,66,right_handRing_2_joint,-0.6388463,0.035179663,0.09267249,0.095735386,0.16121455,0.39387542,0.8998372
1783532918.7990,66,right_handRing_3_joint,-0.6584999,0.012384236,0.09928959,0.095735386,0.16121455,0.39387542,0.8998372
1783532918.7990,66,right_handRingEnd_joint,-0.67160183,-0.0028136515,0.10370076,0.095735386,0.16121455,0.39387542,0.8998372
1783532918.7990,66,right_handThumbStart_joint,-0.54225785,0.11990869,0.08804961,0.45733938,0.6947986,0.06781184,0.5509061
1783532918.7990,66,right_handThumb_1_joint,-0.5436187,0.08176992,0.12582348,0.45733938,0.6947986,0.06781181,0.5509061
1783532918.7990,66,right_handThumb_2_joint,-0.5445904,0.05451077,0.15282501,0.45733938,0.6947986,0.06781181,0.5509061
1783532918.7990,66,right_handThumbEnd_joint,-0.54523796,0.03633755,0.17082542,0.45733938,0.6947986,0.06781178,0.5509061
1783532918.7990,66,camera,0.10755747,0.07094156,-0.028201222,-0.0761033,-0.07812414,-0.6961223,0.70959044
1783532918.8322,67,root,-0.00019411519,0.017016662,0.0024992411,0.014520038,0.0018260649,-0.011662749,0.9998249
1783532918.8322,67,hips_joint,-0.00019411519,0.017016662,0.0024992411,0.014520038,0.0018260649,-0.011662749,0.9998249
1783532918.8322,67,left_upLeg_joint,0.09973718,-0.010311741,0.0023318613,0.57103896,-0.45041108,0.54612404,-0.4156837
1783532918.8322,67,left_leg_joint,0.098792516,-0.41812032,0.10729508,-0.34946203,0.6317487,-0.3538541,0.59460676
1783532918.8322,67,left_foot_joint,0.07654993,-0.81247985,-0.123172425,0.66468924,-0.28181058,0.64524376,-0.24986324
1783532918.8322,67,left_toes_joint,0.07781472,-0.9163667,-0.016324826,0.7060543,-0.15072043,0.6809057,-0.12303727
1783532918.8322,67,left_toesEnd_joint,0.07947121,-0.93944114,0.039750926,0.70605433,-0.15072024,0.68090564,-0.12303749
1783532918.8322,67,right_upLeg_joint,-0.10128666,-0.0056281923,0.003134838,0.43269566,0.5283551,0.43696308,0.5853873
1783532918.8322,67,right_leg_joint,-0.12647137,-0.4135914,0.10438275,0.6349323,0.27636403,0.6306937,0.350299
1783532918.8322,67,right_foot_joint,-0.15011165,-0.7761477,-0.17332833,0.32939506,0.60910934,0.2804637,0.6646991
1783532918.8322,67,right_toes_joint,-0.16511196,-0.8915167,-0.08018613,0.20797692,0.6605006,0.14939548,0.7058085
1783532918.8322,67,right_toesEnd_joint,-0.17013702,-0.9209748,-0.027397985,0.20797738,0.66050065,0.14939502,0.7058084
1783532918.8322,67,spine_1_joint,-0.00019413496,0.017016662,0.0024992414,0.50630844,0.4965303,0.49499047,0.50208944
1783532918.8322,67,spine_2_joint,0.0007776019,0.07456112,0.0026506302,0.50017935,0.50381315,0.48361525,0.51196575
1783532918.8322,67,spine_3_joint,0.0021920772,0.13206697,0.0008042577,0.50128406,0.50075746,0.48031166,0.5169686
1783532918.8322,67,spine_4_joint,0.004159598,0.18504985,-0.0011166485,0.5130949,0.48687047,0.48792416,0.5114882
1783532918.8322,67,spine_5_joint,0.00766551,0.2554256,-0.00115325,0.5426199,0.45196724,0.51715964,0.48356447
1783532918.8322,67,spine_6_joint,0.012969283,0.34832034,0.011041536,0.549074,0.44049677,0.53427887,0.46800193
1783532918.8322,67,spine_7_joint,0.017354058,0.45354837,0.030435065,0.54550266,0.44318298,0.54072785,0.46219933
1783532918.8322,67,left_shoulder_1_joint,0.10929564,0.56260085,0.04655682,-0.64800775,0.08722871,-0.09379737,0.75078523
1783532918.8322,67,left_arm_joint,0.24958579,0.5257737,0.045190863,-0.4536563,0.39637163,-0.3458525,0.7193544
1783532918.8322,67,left_forearm_joint,0.36836228,0.29776636,-0.023025861,-0.52180403,0.28165734,-0.51266444,0.620938
1783532918.8322,67,left_hand_joint,0.45295736,0.048391704,0.026612319,0.7904215,-0.5334712,0.23992553,-0.18187188
1783532918.8322,67,left_handIndexStart_joint,0.45113117,0.024886016,0.04496031,0.7729622,-0.54458845,0.29036298,-0.14711061
1783532918.8322,67,left_handIndex_1_joint,0.47026315,-0.04958784,0.06814192,0.7729622,-0.54458845,0.29036298,-0.14711061
1783532918.8322,67,left_handIndex_2_joint,0.4813864,-0.0928866,0.081619605,0.7729622,-0.54458845,0.29036298,-0.14711061
1783532918.8322,67,left_handIndex_3_joint,0.48761544,-0.1171339,0.0891671,0.7729622,-0.54458845,0.29036298,-0.14711061
1783532918.8322,67,left_handIndexEnd_joint,0.49206474,-0.1344534,0.09455818,0.7729622,-0.54458845,0.29036298,-0.14711061
1783532918.8322,67,left_handMidStart_joint,0.4589562,0.023576412,0.03493888,0.7909819,-0.53315985,0.23759826,-0.18339758
1783532918.8322,67,left_handMid_1_joint,0.48317268,-0.047162216,0.048645217,0.7909819,-0.53315985,0.23759826,-0.18339758
1783532918.8322,67,left_handMid_2_joint,0.5001896,-0.09687044,0.058276698,0.7909819,-0.53315985,0.23759826,-0.18339758
1783532918.8322,67,left_handMid_3_joint,0.5100071,-0.12554826,0.063833326,0.7909819,-0.53315985,0.23759826,-0.18339758
1783532918.8322,67,left_handMidEnd_joint,0.5165521,-0.1446668,0.06753774,0.7909819,-0.53315985,0.23759826,-0.18339758
1783532918.8322,67,left_handPinkyStart_joint,0.47222078,0.024129556,0.010592534,0.79315424,-0.53907794,0.1452126,-0.24333936
1783532918.8322,67,left_handPinky_1_joint,0.49613646,-0.034661006,0.008560118,0.79315424,-0.53907794,0.1452126,-0.24333936
1783532918.8322,67,left_handPinky_2_joint,0.5109079,-0.07097282,0.007304803,0.79315424,-0.53907794,0.1452126,-0.24333936
1783532918.8322,67,left_handPinky_3_joint,0.5186453,-0.08999329,0.006647257,0.79315424,-0.53907794,0.1452126,-0.24333936
1783532918.8322,67,left_handPinkyEnd_joint,0.52567935,-0.107284635,0.006049488,0.79315424,-0.53907794,0.1452126,-0.24333936
1783532918.8322,67,left_handRingStart_joint,0.4651965,0.023326887,0.023665134,0.793086,-0.5367538,0.1921627,-0.21443602
1783532918.8322,67,left_handRing_1_joint,0.48964015,-0.04190024,0.028876357,0.793086,-0.5367538,0.1921627,-0.21443602
1783532918.8322,67,left_handRing_2_joint,0.50689447,-0.08794291,0.032554865,0.793086,-0.5367538,0.1921627,-0.21443602
1783532918.8322,67,left_handRing_3_joint,0.51767844,-0.11671959,0.034853935,0.793086,-0.5367538,0.1921627,-0.21443602
1783532918.8322,67,left_handRingEnd_joint,0.5248678,-0.13590403,0.036386646,0.793086,-0.5367538,0.1921627,-0.21443602
1783532918.8322,67,left_handThumbStart_joint,0.4408457,0.022082262,0.04042149,0.41475672,-0.20441972,0.78352416,-0.41506475
1783532918.8322,67,left_handThumb_1_joint,0.42412657,-0.02195002,0.066206835,0.41475672,-0.20441972,0.78352416,-0.41506475
1783532918.8322,67,left_handThumb_2_joint,0.41217494,-0.05342224,0.08463925,0.41475672,-0.20441972,0.78352416,-0.41506475
1783532918.8322,67,left_handThumbEnd_joint,0.40420717,-0.074403726,0.09692752,0.41475672,-0.20441967,0.78352416,-0.41506475
1783532918.8322,67,neck_1_joint,0.020476408,0.5865428,0.04800829,0.59894216,0.36966345,0.5915842,0.3932492
1783532918.8322,67,neck_2_joint,0.021279028,0.61378556,0.060545575,0.5970816,0.37349787,0.58693725,0.39937082
1783532918.8322,67,neck_3_joint,0.022559335,0.6503787,0.0766484,0.5859644,0.38994038,0.5766795,0.41476777
1783532918.8322,67,neck_4_joint,0.02379029,0.687793,0.0907427,0.57266784,0.40844247,0.5647225,0.43164128
1783532918.8322,67,head_joint,0.025134293,0.7319126,0.10489414,0.5161093,0.47632697,0.51336044,0.4931574
1783532918.8322,67,jaw_joint,0.024582312,0.70666325,0.10838236,0.5161093,0.47632697,0.51336044,0.4931574
1783532918.8322,67,chin_joint,0.022158796,0.65078133,0.2051879,0.5161093,0.47632697,0.51336044,0.4931574
1783532918.8322,67,left_eye_joint,0.056766767,0.758632,0.19373056,0.5202438,0.47180772,0.5176419,0.48866147
1783532918.8322,67,left_eyeLowerLid_joint,0.056766767,0.758632,0.19373056,0.5202438,0.47180772,0.5176419,0.48866147
1783532918.8322,67,left_eyeUpperLid_joint,0.056766767,0.758632,0.19373056,0.5202438,0.47180772,0.5176419,0.48866147
1783532918.8322,67,left_eyeball_joint,0.056766767,0.758632,0.19373056,0.5202438,0.47180772,0.5176419,0.48866147
1783532918.8322,67,nose_joint,0.02352151,0.7253329,0.21468528,0.5202463,0.47180495,0.51764446,0.4886587
1783532918.8322,67,right_eye_joint,-0.007849388,0.7599242,0.19285879,0.5202438,0.47180772,0.5176419,0.48866147
1783532918.8322,67,right_eyeLowerLid_joint,-0.007849388,0.7599242,0.19285879,0.5202438,0.47180772,0.5176419,0.48866147
1783532918.8322,67,right_eyeUpperLid_joint,-0.007849388,0.7599242,0.19285879,0.5202438,0.47180772,0.5176419,0.48866147
1783532918.8322,67,right_eyeball_joint,-0.007849388,0.7599242,0.19285879,0.5202438,0.47180772,0.5176419,0.48866147
1783532918.8322,67,right_shoulder_1_joint,-0.069367036,0.56706506,0.044406373,0.7300273,0.09109028,0.115019985,0.66748214
1783532918.8322,67,right_arm_joint,-0.20817126,0.525502,0.037685774,0.6868654,0.323219,0.3737167,0.5329919
1783532918.8322,67,right_forearm_joint,-0.34428433,0.3014376,-0.0072233626,0.6032832,0.4584394,0.23938654,0.60710454
1783532918.8322,67,right_hand_joint,-0.4689053,0.07532307,0.06454065,0.11643897,0.22205965,0.4670784,0.84792024
1783532918.8322,67,right_handIndexStart_joint,-0.47273272,0.054954946,0.084450684,0.08421014,0.27948585,0.47450393,0.8304467
1783532918.8322,67,right_handIndex_1_joint,-0.50433207,-0.012117991,0.11531225,0.08421014,0.27948585,0.47450393,0.8304467
1783532918.8322,67,right_handIndex_2_joint,-0.52270335,-0.05111432,0.13325483,0.08421014,0.27948585,0.47450393,0.8304467
1783532918.8322,67,right_handIndex_3_joint,-0.5329921,-0.07295215,0.14330307,0.08421014,0.27948585,0.47450393,0.8304467
1783532918.8322,67,right_handIndexEnd_joint,-0.5403411,-0.08855037,0.15048036,0.08421014,0.27948585,0.47450393,0.8304467
1783532918.8322,67,right_handMidStart_joint,-0.47975513,0.053194795,0.07391689,0.115915224,0.22284728,0.467458,0.8475761
1783532918.8322,67,right_handMid_1_joint,-0.5149993,-0.010968103,0.09439455,0.115915224,0.22284728,0.467458,0.8475761
1783532918.8322,67,right_handMid_2_joint,-0.5397655,-0.05605477,0.10878438,0.115915224,0.22284728,0.467458,0.8475761
1783532918.8322,67,right_handMid_3_joint,-0.55405354,-0.08206659,0.11708617,0.115915224,0.22284728,0.467458,0.8475761
1783532918.8322,67,right_handMidEnd_joint,-0.563579,-0.09940734,0.12262072,0.11591523,0.22284728,0.467458,0.8475761
1783532918.8322,67,right_handPinkyStart_joint,-0.49061733,0.05183299,0.048438195,0.1686856,0.12722117,0.48273584,0.8498974
1783532918.8322,67,right_handPinky_1_joint,-0.52246684,-0.002998066,0.051828377,0.1686856,0.12722117,0.48273584,0.8498974
1783532918.8322,67,right_handPinky_2_joint,-0.5421394,-0.036864758,0.053922668,0.1686856,0.12722117,0.48273584,0.8498974
1783532918.8322,67,right_handPinky_3_joint,-0.5524433,-0.054604463,0.055019263,0.16868563,0.12722117,0.48273584,0.8498974
1783532918.8322,67,right_handPinkyEnd_joint,-0.5618108,-0.07073114,0.056016266,0.1686856,0.12722117,0.48273584,0.8498974
1783532918.8322,67,right_handRingStart_joint,-0.48495457,0.05208085,0.062176876,0.14330962,0.17570886,0.47565618,0.8499055
1783532918.8322,67,right_handRing_1_joint,-0.5188853,-0.007913351,0.07351659,0.14330962,0.17570886,0.47565618,0.8499055
1783532918.8322,67,right_handRing_2_joint,-0.54283607,-0.050261926,0.081520915,0.14330962,0.17570886,0.47565618,0.8499055
1783532918.8322,67,right_handRing_3_joint,-0.5578059,-0.07672994,0.08652392,0.14330962,0.17570886,0.47565618,0.8499055
1783532918.8322,67,right_handRingEnd_joint,-0.5677852,-0.094376095,0.08985891,0.14330962,0.17570886,0.47565618,0.8499055
1783532918.8322,67,right_handThumbStart_joint,-0.46259913,0.050195653,0.08146326,0.42674989,0.7444219,0.13895464,0.49438003
1783532918.8322,67,right_handThumb_1_joint,-0.45471022,0.0086995745,0.11461618,0.42674989,0.7444219,0.13895464,0.49438003
1783532918.8322,67,right_handThumb_2_joint,-0.44907057,-0.020959336,0.1383149,0.42674989,0.7444219,0.1389546,0.49438003
1783532918.8322,67,right_handThumbEnd_joint,-0.4453105,-0.04073227,0.15411337,0.42674989,0.7444219,0.1389546,0.49438003
1783532918.8322,67,camera,0.10719939,0.07079749,-0.02831683,-0.07605197,-0.07832697,-0.6961207,0.7095751
1783532918.8657,68,root,-0.0016611806,0.018652407,0.00023110534,-0.0059572156,-0.0062923394,-0.006646502,0.9999404
1783532918.8657,68,hips_joint,-0.0016611806,0.018652407,0.00023110534,-0.0059572156,-0.0062923394,-0.006646502,0.9999404
1783532918.8657,68,left_upLeg_joint,0.0985161,-0.0076394365,0.0027579973,0.5772203,-0.42642257,0.57391393,-0.39446592
1783532918.8657,68,left_leg_joint,0.08907217,-0.40560442,0.14009216,-0.32772225,0.63286424,-0.35706148,0.6038114
1783532918.8657,68,left_foot_joint,0.063453846,-0.79248714,-0.10238437,0.64826345,-0.2960954,0.6534449,-0.25513124
1783532918.8657,68,left_toes_joint,0.05908342,-0.89939123,0.0013600254,0.6926337,-0.16785963,0.6899568,-0.12665537
1783532918.8657,68,left_toesEnd_joint,0.058572173,-0.92409843,0.056758188,0.6926338,-0.16785942,0.68995667,-0.12665556
1783532918.8657,68,right_upLeg_joint,-0.102530144,-0.0049769497,0.0002121349,0.4009198,0.53622955,0.4408069,0.59783804
1783532918.8657,68,right_leg_joint,-0.11781335,-0.40797678,0.121360846,0.61136085,0.2784065,0.66454405,0.32727522
1783532918.8657,68,right_foot_joint,-0.10031674,-0.76256835,-0.16688919,0.30957985,0.596181,0.3213095,0.6674495
1783532918.8657,68,right_toes_joint,-0.11263525,-0.8815027,-0.077932216,0.19097127,0.64405084,0.18897963,0.7162508
1783532918.8657,68,right_toesEnd_joint,-0.118638776,-0.9128458,-0.026345605,0.19097176,0.64405096,0.18897918,0.71625066
1783532918.8657,68,spine_1_joint,-0.0016612005,0.018652407,0.0002311051,0.49070454,0.5063166,0.49302587,0.5096844
1783532918.8657,68,spine_2_joint,-0.0015956974,0.07617528,-0.0016257364,0.48777345,0.51244944,0.48448384,0.5145367
1783532918.8657,68,spine_3_joint,-0.0012882662,0.13364112,-0.004774531,0.49400306,0.5066321,0.4847194,0.5141321
1783532918.8657,68,spine_4_joint,-0.00040003777,0.18664096,-0.007005242,0.5121439,0.4887959,0.49562645,0.50313175
1783532918.8657,68,spine_5_joint,0.0017732477,0.25706485,-0.0061144806,0.5481832,0.44891846,0.5264422,0.46992123
1783532918.8657,68,spine_6_joint,0.0057783173,0.34959495,0.008999077,0.5598976,0.4333552,0.5426902,0.45189095
1783532918.8657,68,spine_7_joint,0.009567713,0.4539276,0.032844923,0.5591653,0.43569645,0.5446174,0.44821286
1783532918.8657,68,left_shoulder_1_joint,0.101959094,0.5621453,0.05177562,-0.6287246,0.10305348,-0.12781832,0.76009727
1783532918.8657,68,left_arm_joint,0.23918849,0.5151647,0.052365057,-0.4008703,0.42088696,-0.41991344,0.697015
1783532918.8657,68,left_forearm_joint,0.31713682,0.26970866,-0.014149475,-0.46497533,0.32545722,-0.58260864,0.58175814
1783532918.8657,68,left_hand_joint,0.34642315,0.0069547463,0.029562572,0.72145694,-0.6105449,0.26942587,-0.18478216
1783532918.8657,68,left_handIndexStart_joint,0.33880976,-0.01620921,0.046824392,0.7021902,-0.6216503,0.31533867,-0.14505573
1783532918.8657,68,left_handIndex_1_joint,0.34107655,-0.09367008,0.06790652,0.7021902,-0.6216503,0.31533867,-0.14505573
1783532918.8657,68,left_handIndex_2_joint,0.3423944,-0.13870546,0.080163576,0.7021902,-0.6216503,0.31533867,-0.14505573
1783532918.8657,68,left_handIndex_3_joint,0.34313244,-0.16392528,0.08702752,0.7021902,-0.6216503,0.31533867,-0.14505573
1783532918.8657,68,left_handIndexEnd_joint,0.34365958,-0.18193944,0.09193034,0.7021902,-0.6216503,0.31533867,-0.14505573
1783532918.8657,68,left_handMidStart_joint,0.3467758,-0.01879661,0.03716916,0.72208285,-0.6102099,0.2672891,-0.18653864
1783532918.8657,68,left_handMid_1_joint,0.35531998,-0.093364425,0.049206436,0.72208285,-0.6102099,0.2672891,-0.18653864
1783532918.8657,68,left_handMid_2_joint,0.36132395,-0.14576343,0.057665065,0.72208285,-0.6102099,0.2672891,-0.18653864
1783532918.8657,68,left_handMid_3_joint,0.3647878,-0.17599364,0.062545046,0.72208285,-0.6102099,0.2672891,-0.18653864
1783532918.8657,68,left_handMidEnd_joint,0.36709702,-0.1961471,0.065798365,0.72208285,-0.6102099,0.2672891,-0.18653864
1783532918.8657,68,left_handPinkyStart_joint,0.3612686,-0.020253174,0.013571741,0.7251132,-0.613048,0.18153018,-0.25579217
1783532918.8657,68,left_handPinky_1_joint,0.37285367,-0.08260684,0.010373435,0.7251132,-0.613048,0.18153018,-0.25579217
1783532918.8657,68,left_handPinky_2_joint,0.3800091,-0.1211194,0.008398011,0.7251132,-0.613048,0.18153018,-0.25579217
1783532918.8657,68,left_handPinky_3_joint,0.3837572,-0.14129265,0.0073632654,0.7251132,-0.613048,0.18153018,-0.25579217
1783532918.8657,68,left_handPinkyEnd_joint,0.38716456,-0.15963195,0.0064225877,0.7251132,-0.613048,0.18153018,-0.25579217
1783532918.8657,68,left_handRingStart_joint,0.35348013,-0.019985879,0.026226662,0.7245055,-0.6123486,0.22528853,-0.22218455
1783532918.8657,68,left_handRing_1_joint,0.36385646,-0.088958025,0.030022165,0.7245055,-0.6123486,0.22528853,-0.22218455
1783532918.8657,68,left_handRing_2_joint,0.37118095,-0.13764425,0.032701343,0.7245055,-0.6123486,0.22528853,-0.22218455
1783532918.8657,68,left_handRing_3_joint,0.37575874,-0.16807313,0.03437583,0.7245055,-0.6123486,0.22528853,-0.22218455
1783532918.8657,68,left_handRingEnd_joint,0.3788106,-0.18835907,0.035492156,0.7245055,-0.6123486,0.22528853,-0.22218455
1783532918.8657,68,left_handThumbStart_joint,0.32845095,-0.016715365,0.041658066,0.36265638,-0.24811438,0.8292499,-0.34534633
1783532918.8657,68,left_handThumb_1_joint,0.30168837,-0.0571353,0.06475034,0.36265638,-0.24811438,0.8292499,-0.34534633
1783532918.8657,68,left_handThumb_2_joint,0.28255805,-0.086025335,0.0812578,0.36265638,-0.24811438,0.8292499,-0.34534633
1783532918.8657,68,left_handThumbEnd_joint,0.2698045,-0.105285354,0.09226276,0.36265638,-0.24811435,0.8292499,-0.34534633
1783532918.8657,68,neck_1_joint,0.013219294,0.58612156,0.05559373,0.6080001,0.3648455,0.5936532,0.38052532
1783532918.8657,68,neck_2_joint,0.014087109,0.61298513,0.068920225,0.6031964,0.3723614,0.58893406,0.3881466
1783532918.8657,68,neck_3_joint,0.0152474,0.6492411,0.08577719,0.5899435,0.39147344,0.57873523,0.40469843
1783532918.8657,68,neck_4_joint,0.016192533,0.68645394,0.10041658,0.57538044,0.41143757,0.5668895,0.42224735
1783532918.8657,68,head_joint,0.017089393,0.7304234,0.11506192,0.518435,0.47955963,0.5166481,0.48406875
1783532918.8657,68,jaw_joint,0.016919795,0.70513076,0.11826371,0.518435,0.47955963,0.5166481,0.48406875
1783532918.8657,68,chin_joint,0.01631552,0.64811933,0.21443719,0.518435,0.47955963,0.5166481,0.48406875
1783532918.8657,68,left_eye_joint,0.049322836,0.7565597,0.20385578,0.5225977,0.47501996,0.5208502,0.47954455
1783532918.8657,68,left_eyeLowerLid_joint,0.049322836,0.7565597,0.20385578,0.5225977,0.47501996,0.5208502,0.47954455
1783532918.8657,68,left_eyeUpperLid_joint,0.049322836,0.7565597,0.20385578,0.5225977,0.47501996,0.5208502,0.47954455
1783532918.8657,68,left_eyeball_joint,0.049322836,0.7565597,0.20385578,0.5225977,0.47501996,0.5208502,0.47954455
1783532918.8657,68,nose_joint,0.016765403,0.7225694,0.2247807,0.5226002,0.4750172,0.52085257,0.47954172
1783532918.8657,68,right_eye_joint,-0.015310626,0.75697273,0.2036945,0.5225977,0.47501996,0.5208502,0.47954455
1783532918.8657,68,right_eyeLowerLid_joint,-0.015310626,0.75697273,0.2036945,0.5225977,0.47501996,0.5208502,0.47954455
1783532918.8657,68,right_eyeUpperLid_joint,-0.015310626,0.75697273,0.2036945,0.5225977,0.47501996,0.5208502,0.47954455
1783532918.8657,68,right_eyeball_joint,-0.015310626,0.75697273,0.2036945,0.5225977,0.47501996,0.5208502,0.47954455
1783532918.8657,68,right_shoulder_1_joint,-0.076706566,0.5669126,0.052668218,0.7513355,0.13175814,0.109532356,0.6372892
1783532918.8657,68,right_arm_joint,-0.2132392,0.51794446,0.053153403,0.69083273,0.4014081,0.39129698,0.45662746
1783532918.8657,68,right_forearm_joint,-0.31205732,0.27537444,0.0068575717,0.5798895,0.55723226,0.2911064,0.5181487
1783532918.8657,68,right_hand_joint,-0.36819687,0.021354657,0.071127504,0.15129048,0.26983324,0.5678386,0.7627981
1783532918.8657,68,right_handIndexStart_joint,-0.36430734,-0.0005286526,0.08934597,0.11211814,0.32128373,0.57736796,0.74219465
1783532918.8657,68,right_handIndex_1_joint,-0.37449428,-0.075143546,0.117249146,0.11211814,0.32128373,0.57736796,0.74219465
1783532918.8657,68,right_handIndex_2_joint,-0.3804164,-0.1185246,0.13347165,0.11211814,0.32128373,0.57736796,0.74219465
1783532918.8657,68,right_handIndex_3_joint,-0.3837336,-0.14281812,0.14255674,0.11211814,0.32128373,0.57736796,0.74219465
1783532918.8657,68,right_handIndexEnd_joint,-0.38610289,-0.16017036,0.14904608,0.11211814,0.32128373,0.57736796,0.74219465
1783532918.8657,68,right_handMidStart_joint,-0.37207592,-0.0033170532,0.079586476,0.15068595,0.27051118,0.5682365,0.76238114
1783532918.8657,68,right_handMid_1_joint,-0.38787666,-0.07537604,0.097922444,0.15068595,0.27051118,0.5682365,0.76238114
1783532918.8657,68,right_handMid_2_joint,-0.39898008,-0.12601137,0.11080739,0.15068595,0.27051118,0.5682365,0.76238114
1783532918.8657,68,right_handMid_3_joint,-0.40538573,-0.15522428,0.11824094,0.15068595,0.27051118,0.5682365,0.76238114
1783532918.8657,68,right_handMidEnd_joint,-0.40965638,-0.17469913,0.123196706,0.15068598,0.27051118,0.5682365,0.76238114
1783532918.8657,68,right_handPinkyStart_joint,-0.3856686,-0.0057408353,0.055537138,0.21573776,0.18192047,0.57648593,0.76682895
1783532918.8657,68,right_handPinky_1_joint,-0.40275908,-0.06686823,0.05745891,0.21573776,0.18192047,0.57648593,0.76682895
1783532918.8657,68,right_handPinky_2_joint,-0.41331556,-0.10462404,0.058646288,0.21573776,0.18192047,0.57648593,0.76682895
1783532918.8657,68,right_handPinky_3_joint,-0.41884443,-0.12440068,0.059267744,0.21573779,0.18192047,0.57648593,0.76682895
1783532918.8657,68,right_handPinkyEnd_joint,-0.42387107,-0.14237921,0.05983287,0.21573776,0.18192047,0.57648593,0.76682895
1783532918.8657,68,right_handRingStart_joint,-0.37841,-0.004952395,0.068482086,0.18420947,0.2270602,0.5730205,0.76560986
1783532918.8657,68,right_handRing_1_joint,-0.39518726,-0.0720845,0.07802162,0.18420947,0.2270602,0.5730205,0.76560986
1783532918.8657,68,right_handRing_2_joint,-0.40702972,-0.11947149,0.0847552,0.18420947,0.2270602,0.5730205,0.76560986
1783532918.8657,68,right_handRing_3_joint,-0.41443175,-0.14908868,0.08896405,0.18420947,0.2270602,0.5730205,0.76560986
1783532918.8657,68,right_handRingEnd_joint,-0.41936576,-0.1688341,0.091769464,0.18420947,0.2270602,0.5730205,0.76560986
1783532918.8657,68,right_handThumbStart_joint,-0.3538359,-0.0024239135,0.08476102,0.3591405,0.81526965,0.2004499,0.40764412
1783532918.8657,68,right_handThumb_1_joint,-0.33183834,-0.042645425,0.112718515,0.35914046,0.81526965,0.2004499,0.40764412
1783532918.8657,68,right_handThumb_2_joint,-0.31611428,-0.07139325,0.13270368,0.35914046,0.81526965,0.20044988,0.40764412
1783532918.8657,68,right_handThumbEnd_joint,-0.30563134,-0.09055868,0.14602637,0.35914046,0.81526965,0.20044987,0.40764412
1783532918.8657,68,camera,0.1071874,0.07098664,-0.028228752,-0.075552255,-0.07856675,-0.69612247,0.7096003
1783532918.8992,69,root,-0.0022790846,0.022487778,0.0012981899,-0.023464767,-0.012274533,0.00074273464,0.99964905
1783532918.8992,69,hips_joint,-0.0022790846,0.022487778,0.0012981899,-0.023464767,-0.012274533,0.00074273464,0.99964905
1783532918.8992,69,left_upLeg_joint,0.09822966,-0.0022109938,0.005891298,0.58884954,-0.3973575,0.5963309,-0.3738353
1783532918.8992,69,left_leg_joint,0.08685698,-0.3870242,0.1765239,-0.2955598,0.6414853,-0.33848563,0.6217463
1783532918.8992,69,left_foot_joint,0.063007645,-0.7529147,-0.09676113,0.6282614,-0.32271615,0.64988196,-0.2807052
1783532918.8992,69,left_toes_joint,0.055111274,-0.86772144,-0.0020640565,0.6780397,-0.19778894,0.6913055,-0.1524411
1783532918.8992,69,left_toesEnd_joint,0.053046312,-0.8967768,0.05114482,0.6780398,-0.19778872,0.6913055,-0.15244131
1783532918.8992,69,right_upLeg_joint,-0.102789536,-0.0026206397,0.0009639834,0.37958676,0.5425363,0.43801618,0.60803807
1783532918.8992,69,right_leg_joint,-0.11440857,-0.40036002,0.13876046,0.60019934,0.27859202,0.6810842,0.3134831
1783532918.8992,69,right_foot_joint,-0.07646095,-0.74857086,-0.15524407,0.300679,0.5894439,0.34283546,0.6667923
1783532918.8992,69,right_toes_joint,-0.08689905,-0.86953497,-0.06881957,0.18350868,0.63574904,0.21023999,0.7196854
1783532918.8992,69,right_toesEnd_joint,-0.093161866,-0.90204525,-0.017991671,0.18350917,0.63574916,0.21023954,0.71968526
1783532918.8992,69,spine_1_joint,-0.0022791044,0.022487778,0.0012981894,0.47756582,0.5142022,0.4947414,0.5125993
1783532918.8992,69,spine_2_joint,-0.0033349602,0.07994505,-0.001845127,0.47833043,0.5176305,0.49029154,0.51271135
1783532918.8992,69,spine_3_joint,-0.004293465,0.13738011,-0.005398868,0.48917097,0.5083436,0.49390978,0.5082834
1783532918.8992,69,spine_4_joint,-0.004543876,0.19040386,-0.0071789785,0.51212305,0.48660263,0.5066132,0.49425802
1783532918.8992,69,spine_5_joint,-0.003619923,0.26081836,-0.0047325976,0.5521941,0.44277444,0.536229,0.45988128
1783532918.8992,69,spine_6_joint,-0.00053943094,0.3528861,0.013164889,0.56694597,0.42458922,0.5480499,0.44490188
1783532918.8992,69,spine_7_joint,0.0036078887,0.45648685,0.039959993,0.56760585,0.427695,0.5414925,0.44909546
1783532918.8992,69,left_shoulder_1_joint,0.09824165,0.56258434,0.059794027,-0.61948586,0.10479249,-0.14251216,0.7648179
1783532918.8992,69,left_arm_joint,0.23421386,0.51213217,0.062154587,-0.3734103,0.42702636,-0.45758122,0.68471384
1783532918.8992,69,left_forearm_joint,0.2918095,0.2606323,-0.0024935913,-0.44273704,0.32864735,-0.6278176,0.54938173
1783532918.8992,69,left_hand_joint,0.2906498,-0.0022013856,0.049709834,0.68421197,-0.6403,0.30361137,-0.17230876
1783532918.8992,69,left_handIndexStart_joint,0.2798649,-0.023850262,0.067245975,0.6627958,-0.6505174,0.3470514,-0.13070796
1783532918.8992,69,left_handIndex_1_joint,0.27285904,-0.10038984,0.09053547,0.6627958,-0.6505174,0.3470514,-0.13070796
1783532918.8992,69,left_handIndex_2_joint,0.26878586,-0.1448896,0.10407587,0.6627958,-0.6505174,0.3470514,-0.13070796
1783532918.8992,69,left_handIndex_3_joint,0.26650488,-0.16980948,0.11165849,0.6627958,-0.6505174,0.3470514,-0.13070796
1783532918.8992,69,left_handIndexEnd_joint,0.2648756,-0.18760936,0.11707466,0.6627958,-0.6505174,0.3470514,-0.13070796
1783532918.8992,69,left_handMidStart_joint,0.2878977,-0.027584327,0.058031492,0.6849273,-0.6399934,0.30158162,-0.17416063
1783532918.8992,69,left_handMid_1_joint,0.28781515,-0.10221155,0.07248949,0.6849273,-0.6399934,0.30158162,-0.17416063
1783532918.8992,69,left_handMid_2_joint,0.28775716,-0.15465231,0.08264917,0.6849273,-0.6399934,0.30158162,-0.17416063
1783532918.8992,69,left_handMid_3_joint,0.2877237,-0.18490659,0.08851052,0.6849273,-0.6399934,0.30158162,-0.17416063
1783532918.8992,69,left_handMidEnd_joint,0.28770137,-0.20507611,0.09241809,0.6849273,-0.6399934,0.30158162,-0.17416063
1783532918.8992,69,left_handPinkyStart_joint,0.30311403,-0.031341683,0.035154663,0.6906871,-0.64277893,0.21981646,-0.24792661
1783532918.8992,69,left_handPinky_1_joint,0.30800566,-0.09464713,0.03419737,0.6906871,-0.64277893,0.21981646,-0.24792661
1783532918.8992,69,left_handPinky_2_joint,0.311027,-0.13374756,0.033606105,0.6906871,-0.64277893,0.21981646,-0.24792661
1783532918.8992,69,left_handPinky_3_joint,0.31260958,-0.15422873,0.03329639,0.6906871,-0.64277893,0.21981646,-0.24792661
1783532918.8992,69,left_handPinkyEnd_joint,0.3140483,-0.17284797,0.033014834,0.6906871,-0.64277893,0.21981646,-0.24792661
1783532918.8992,69,left_handRingStart_joint,0.2948821,-0.029835561,0.047436588,0.6886706,-0.6421183,0.2616616,-0.2120155
1783532918.8992,69,left_handRing_1_joint,0.2975668,-0.09936354,0.05359185,0.6886706,-0.6421183,0.2616616,-0.2120155
1783532918.8992,69,left_handRing_2_joint,0.2994619,-0.14844212,0.057936743,0.6886706,-0.6421183,0.2616616,-0.2120155
1783532918.8992,69,left_handRing_3_joint,0.30064636,-0.17911622,0.0606523,0.6886706,-0.6421183,0.2616616,-0.2120155
1783532918.8992,69,left_handRingEnd_joint,0.30143598,-0.19956563,0.062462673,0.6886706,-0.6421183,0.2616616,-0.2120155
1783532918.8992,69,left_handThumbStart_joint,0.2697354,-0.023412041,0.061637647,0.33590654,-0.2473403,0.8579098,-0.2999677
1783532918.8992,69,left_handThumb_1_joint,0.23782104,-0.059973534,0.08461578,0.33590654,-0.2473403,0.8579098,-0.2999677
1783532918.8992,69,left_handThumb_2_joint,0.21500842,-0.08610548,0.10104156,0.33590654,-0.24734029,0.8579098,-0.2999677
1783532918.8992,69,left_handThumbEnd_joint,0.19980001,-0.10352678,0.11199208,0.33590654,-0.24734026,0.8579098,-0.2999677
1783532918.8992,69,neck_1_joint,0.010020137,0.5882836,0.06434446,0.6151715,0.3531482,0.59709513,0.37460414
1783532918.8992,69,neck_2_joint,0.011145968,0.6147389,0.07844596,0.61023253,0.35872608,0.5975804,0.37660304
1783532918.8992,69,neck_3_joint,0.0122830365,0.65025544,0.09681123,0.5971172,0.37681654,0.5912375,0.3897421
1783532918.8992,69,neck_4_joint,0.012958851,0.68669015,0.11330537,0.58296186,0.3963444,0.581614,0.4059461
1783532918.8992,69,head_joint,0.013415661,0.72980314,0.13032503,0.52766365,0.4653611,0.53325146,0.46973765
1783532918.8992,69,jaw_joint,0.013412222,0.7043732,0.13214621,0.52766365,0.4653611,0.53325146,0.46973765
1783532918.8992,69,chin_joint,0.01251719,0.64221174,0.2250718,0.52766365,0.4653611,0.53325146,0.46973765
1783532918.8992,69,left_eye_joint,0.044786785,0.7512987,0.22065914,0.5317021,0.4607415,0.5373279,0.46506917
1783532918.8992,69,left_eyeLowerLid_joint,0.044786785,0.7512987,0.22065914,0.5317021,0.4607415,0.5373279,0.46506917
1783532918.8992,69,left_eyeUpperLid_joint,0.044786785,0.7512987,0.22065914,0.5317021,0.4607415,0.5373279,0.46506917
1783532918.8992,69,left_eyeball_joint,0.044786785,0.7512987,0.22065914,0.5317021,0.4607415,0.5373279,0.46506917
1783532918.8992,69,nose_joint,0.012330133,0.7159902,0.23944896,0.53170455,0.4607387,0.5373303,0.4650663
1783532918.8992,69,right_eye_joint,-0.019844959,0.7512611,0.22001144,0.5317021,0.4607415,0.5373279,0.46506917
1783532918.8992,69,right_eyeLowerLid_joint,-0.019844959,0.7512611,0.22001144,0.5317021,0.4607415,0.5373279,0.46506917
1783532918.8992,69,right_eyeUpperLid_joint,-0.019844959,0.7512611,0.22001144,0.5317021,0.4607415,0.5373279,0.46506917
1783532918.8992,69,right_eyeball_joint,-0.019844959,0.7512611,0.22001144,0.5317021,0.4607415,0.5373279,0.46506917
1783532918.8992,69,right_shoulder_1_joint,-0.08028611,0.5709185,0.061616812,0.7397921,0.13768882,0.070465244,0.65481627
1783532918.8992,69,right_arm_joint,-0.21839511,0.5279831,0.07264962,0.6655346,0.48355928,0.3391755,0.4562832
1783532918.8992,69,right_forearm_joint,-0.2987923,0.2744531,0.06994023,0.47229275,0.69453245,0.21134289,0.49989843
1783532918.8992,69,right_hand_joint,-0.28429982,0.04202999,0.2025214,0.07634341,0.42748898,0.586766,0.68346953
1783532918.8992,69,right_handIndexStart_joint,-0.27261892,0.02704174,0.22408128,0.03615706,0.47317976,0.5910878,0.6522339
1783532918.8992,69,right_handIndex_1_joint,-0.26084793,-0.037629966,0.27021974,0.03615706,0.47317976,0.5910878,0.6522339
1783532918.8992,69,right_handIndex_2_joint,-0.25400382,-0.07523007,0.29704413,0.03615706,0.47317976,0.5910878,0.6522339
1783532918.8992,69,right_handIndex_3_joint,-0.25017178,-0.096286245,0.31206644,0.03615706,0.47317976,0.5910878,0.6522339
1783532918.8992,69,right_handIndexEnd_joint,-0.24743456,-0.1113261,0.32279655,0.03615706,0.47317976,0.5910878,0.6522339
1783532918.8992,69,right_handMidStart_joint,-0.28102234,0.020344496,0.2171601,0.07577227,0.42810315,0.5870837,0.6828756
1783532918.8992,69,right_handMid_1_joint,-0.27677467,-0.04553726,0.25484192,0.07577227,0.42810315,0.5870837,0.6828756
1783532918.8992,69,right_handMid_2_joint,-0.27379015,-0.091831855,0.2813211,0.07577227,0.42810315,0.5870837,0.6828756
1783532918.8992,69,right_handMid_3_joint,-0.27206808,-0.11854047,0.29659748,0.07577227,0.42810315,0.5870837,0.6828756
1783532918.8992,69,right_handMidEnd_joint,-0.27092034,-0.13634585,0.30678177,0.07577227,0.42810315,0.5870837,0.6828756
1783532918.8992,69,right_handPinkyStart_joint,-0.29741633,0.009033625,0.19786482,0.14900845,0.34939057,0.6008596,0.7033425
1783532918.8992,69,right_handPinky_1_joint,-0.29956192,-0.051250372,0.21770343,0.14900845,0.34939057,0.6008596,0.7033425
1783532918.8992,69,right_handPinky_2_joint,-0.30088753,-0.088485226,0.22995737,0.14900845,0.34939057,0.6008596,0.7033425
1783532918.8992,69,right_handPinky_3_joint,-0.30158132,-0.107989006,0.2363754,0.14900845,0.34939057,0.6008596,0.7033425
1783532918.8992,69,right_handPinkyEnd_joint,-0.30221245,-0.12571952,0.24221018,0.14900845,0.34939057,0.6008596,0.7033425
1783532918.8992,69,right_handRingStart_joint,-0.2885298,0.014623766,0.20838432,0.113215275,0.38986105,0.5945173,0.69407487
1783532918.8992,69,right_handRing_1_joint,-0.28776968,-0.049189143,0.23678379,0.113215275,0.38986105,0.5945173,0.69407487
1783532918.8992,69,right_handRing_2_joint,-0.28723294,-0.09423319,0.25683013,0.113215275,0.38986105,0.5945173,0.69407487
1783532918.8992,69,right_handRing_3_joint,-0.28689784,-0.12238603,0.2693596,0.113215275,0.38986105,0.5945173,0.69407487
1783532918.8992,69,right_handRingEnd_joint,-0.2866737,-0.14115518,0.27771214,0.113215275,0.38986105,0.5945173,0.69407487
1783532918.8992,69,right_handThumbStart_joint,-0.26287663,0.02586054,0.2179203,0.23451401,0.9025369,0.09873374,0.34739333
1783532918.8992,69,right_handThumb_1_joint,-0.22804801,-0.00055619,0.24910371,0.23451403,0.9025369,0.09873374,0.34739333
1783532918.8992,69,right_handThumb_2_joint,-0.20315273,-0.019436158,0.27139407,0.23451403,0.9025369,0.09873372,0.34739333
1783532918.8992,69,right_handThumbEnd_joint,-0.18655568,-0.032023154,0.28625363,0.23451403,0.9025369,0.098733686,0.34739333
1783532918.8992,69,camera,0.107385896,0.07127963,-0.028093059,-0.07522301,-0.07851216,-0.6963454,0.70942265
1783532918.9324,70,root,-0.001235958,0.023081806,-0.00024625534,-0.049212,-0.012399257,-0.0027347635,0.99870765
1783532918.9324,70,hips_joint,-0.001235958,0.023081806,-0.00024625534,-0.049212,-0.012399257,-0.0027347635,0.99870765
1783532918.9324,70,left_upLeg_joint,0.09908121,-0.0021075225,0.0056778877,0.5902813,-0.37771183,0.6227177,-0.34802938
1783532918.9324,70,left_leg_joint,0.0734416,-0.37240702,0.20454176,-0.2700547,0.63982123,-0.34011367,0.63405204
1783532918.9324,70,left_foot_joint,0.0505319,-0.7276762,-0.08249199,0.6071573,-0.33713475,0.6587523,-0.28938833
1783532918.9324,70,left_toes_joint,0.03633974,-0.84550947,0.0076434705,0.66005117,-0.21594621,0.7016609,-0.15928563
1783532918.9324,70,left_toesEnd_joint,0.031613372,-0.8763613,0.05965777,0.66005117,-0.215946,0.7016609,-0.15928583
1783532918.9324,70,right_upLeg_joint,-0.10193393,-0.0012497401,0.0006437468,0.34724906,0.5648044,0.41077548,0.62584144
1783532918.9324,70,right_leg_joint,-0.11225871,-0.3829354,0.17820746,0.59188116,0.29395,0.6818556,0.31359684
1783532918.9324,70,right_foot_joint,-0.06530726,-0.73763263,-0.10659906,0.2846598,0.5964041,0.34337258,0.66735756
1783532918.9324,70,right_toes_joint,-0.07317537,-0.8565375,-0.017099408,0.16646068,0.6395468,0.21066026,0.72034234
1783532918.9324,70,right_toesEnd_joint,-0.07882914,-0.88786316,0.03453739,0.16646115,0.63954693,0.21065983,0.7203422
1783532918.9324,70,spine_1_joint,-0.0012359777,0.023081806,-0.00024625583,0.46805194,0.52337027,0.4848707,0.52145094
1783532918.9324,70,spine_2_joint,-0.0022737898,0.080381535,-0.0055373404,0.47218993,0.5238997,0.4872808,0.5149011
1783532918.9324,70,spine_3_joint,-0.0036450971,0.1377366,-0.010103286,0.4872437,0.51087147,0.4983913,0.50319964
1783532918.9324,70,spine_4_joint,-0.004640781,0.19075996,-0.011613454,0.5144092,0.48504993,0.5178135,0.48164234
1783532918.9324,70,spine_5_joint,-0.0051217517,0.26108435,-0.007221073,0.5574374,0.43763393,0.55156016,0.43991125
1783532918.9324,70,spine_6_joint,-0.004318024,0.3522813,0.014886718,0.5729214,0.41852176,0.5653446,0.42069766
1783532918.9324,70,spine_7_joint,-0.00319183,0.45436034,0.047242478,0.57082075,0.42579547,0.5585084,0.4253595
1783532918.9324,70,left_shoulder_1_joint,0.08763153,0.5627737,0.07180393,-0.60726017,0.091004245,-0.13744959,0.77721363
1783532918.9324,70,left_arm_joint,0.22479808,0.51575124,0.07549919,-0.3563784,0.42735246,-0.4771589,0.6802087
1783532918.9324,70,left_forearm_joint,0.27251032,0.262071,0.011322121,-0.42889053,0.32798553,-0.64568573,0.5399711
1783532918.9324,70,left_hand_joint,0.25938815,-0.00017620086,0.064822786,0.6674902,-0.65052485,0.31827977,-0.17312616
1783532918.9324,70,left_handIndexStart_joint,0.2472649,-0.021267857,0.08216272,-0.6451552,0.6607645,-0.36060745,0.13087253
1783532918.9324,70,left_handIndex_1_joint,0.23655991,-0.09732022,0.105641,-0.6451552,0.6607645,-0.36060745,0.13087253
1783532918.9324,70,left_handIndex_2_joint,0.23033608,-0.14153671,0.11929116,-0.6451552,0.6607645,-0.36060745,0.13087253
1783532918.9324,70,left_handIndex_3_joint,0.22685073,-0.16629794,0.12693524,-0.6451552,0.6607645,-0.36060745,0.13087253
1783532918.9324,70,left_handIndexEnd_joint,0.22436121,-0.18398455,0.13239531,-0.6451552,0.6607645,-0.36060745,0.13087253
1783532918.9324,70,left_handMidStart_joint,0.2553933,-0.025376739,0.07319488,0.66824484,-0.6502127,0.31629664,-0.17501171
1783532918.9324,70,left_handMid_1_joint,0.251924,-0.099849544,0.08802823,0.66824484,-0.6502127,0.31629664,-0.17501171
1783532918.9324,70,left_handMid_2_joint,0.2494861,-0.15218179,0.09845167,0.66824484,-0.6502127,0.31629664,-0.17501171
1783532918.9324,70,left_handMid_3_joint,0.24807961,-0.18237346,0.104465194,0.66824484,-0.6502127,0.31629664,-0.17501171
1783532918.9324,70,left_handMidEnd_joint,0.24714197,-0.20250125,0.10847422,0.66824484,-0.6502127,0.31629664,-0.17501171
1783532918.9324,70,left_handPinkyStart_joint,0.27107322,-0.029880678,0.050770376,0.6752918,-0.6523218,0.23611794,-0.25041166
1783532918.9324,70,left_handPinky_1_joint,0.27345133,-0.09333558,0.05027501,0.6752918,-0.6523218,0.23611794,-0.25041166
1783532918.9324,70,left_handPinky_2_joint,0.27492017,-0.1325283,0.049969047,0.6752918,-0.6523218,0.23611794,-0.25041166
1783532918.9324,70,left_handPinky_3_joint,0.27568954,-0.15305784,0.04980878,0.6752918,-0.6523218,0.23611794,-0.25041166
1783532918.9324,70,left_handPinkyEnd_joint,0.27638897,-0.17172104,0.049663085,0.6752918,-0.6523218,0.23611794,-0.25041166
1783532918.9324,70,left_handRingStart_joint,0.262572,-0.027970819,0.06281033,0.67260617,-0.6520001,0.27720308,-0.21367176
1783532918.9324,70,left_handRing_1_joint,0.26230016,-0.097510755,0.06939516,0.67260617,-0.6520001,0.27720308,-0.21367176
1783532918.9324,70,left_handRing_2_joint,0.2621083,-0.14659776,0.07404328,0.67260617,-0.6520001,0.27720308,-0.21367176
1783532918.9324,70,left_handRing_3_joint,0.26198837,-0.17727715,0.07694835,0.67260617,-0.6520001,0.27720308,-0.21367176
1783532918.9324,70,left_handRingEnd_joint,0.26190844,-0.19773006,0.07888507,0.67260617,-0.6520001,0.27720308,-0.21367176
1783532918.9324,70,left_handThumbStart_joint,0.23731989,-0.020461138,0.076272234,0.3198141,-0.24737355,0.86901134,-0.28521016
1783532918.9324,70,left_handThumb_1_joint,0.20334485,-0.05557676,0.09854004,0.3198141,-0.24737355,0.86901134,-0.28521016
1783532918.9324,70,left_handThumb_2_joint,0.17905933,-0.08067519,0.114458054,0.3198141,-0.24737354,0.86901134,-0.28521013
1783532918.9324,70,left_handThumbEnd_joint,0.16286899,-0.097407475,0.12507007,0.3198141,-0.2473735,0.86901134,-0.28521016
1783532918.9324,70,neck_1_joint,-0.0014410841,0.58502996,0.077713475,0.61536205,0.3549345,0.6090441,0.35272756
1783532918.9324,70,neck_2_joint,-0.001255871,0.6110243,0.09268872,0.6080406,0.36391386,0.6080461,0.3579577
1783532918.9324,70,neck_3_joint,-0.0014281475,0.64613867,0.11184481,0.5929833,0.38430002,0.60095894,0.37354118
1783532918.9324,70,neck_4_joint,-0.0021352016,0.68232805,0.12886934,0.5775351,0.40498728,0.59109807,0.39120573
1783532918.9324,70,head_joint,-0.0033431493,0.7252496,0.14633028,0.5211891,0.47319534,0.5443871,0.45616996
1783532918.9324,70,jaw_joint,-0.0023466789,0.69982177,0.14789024,0.5211891,0.47319534,0.5443871,0.45616996
1783532918.9324,70,chin_joint,-0.0006613314,0.636727,0.24017356,0.5211891,0.47319534,0.5443871,0.45616996
1783532918.9324,70,left_eye_joint,0.027299313,0.7470352,0.23684484,0.52529615,0.46863195,0.5483448,0.45140487
1783532918.9324,70,left_eyeLowerLid_joint,0.027299313,0.7470352,0.23684484,0.52529615,0.46863195,0.5483448,0.45140487
1783532918.9324,70,left_eyeUpperLid_joint,0.027299313,0.7470352,0.23684484,0.52529615,0.46863195,0.5483448,0.45140487
1783532918.9324,70,left_eyeball_joint,0.027299313,0.7470352,0.23684484,0.52529615,0.46863195,0.5483448,0.45140487
1783532918.9324,70,nose_joint,-0.0037190958,0.7102907,0.25530776,0.52529866,0.46862918,0.5483472,0.451402
1783532918.9324,70,right_eye_joint,-0.037282165,0.74446905,0.23626983,0.52529615,0.46863195,0.5483448,0.45140487
1783532918.9324,70,right_eyeLowerLid_joint,-0.037282165,0.74446905,0.23626983,0.52529615,0.46863195,0.5483448,0.45140487
1783532918.9324,70,right_eyeUpperLid_joint,-0.037282165,0.74446905,0.23626983,0.52529615,0.46863195,0.5483448,0.45140487
1783532918.9324,70,right_eyeball_joint,-0.037282165,0.74446905,0.23626983,0.52529615,0.46863195,0.5483448,0.45140487
1783532918.9324,70,right_shoulder_1_joint,-0.09107283,0.56455857,0.074355446,0.7644388,0.15477043,0.07288522,0.6215847
1783532918.9324,70,right_arm_joint,-0.22763194,0.5170936,0.08610056,0.67947483,0.49515975,0.3616429,0.4029209
1783532918.9324,70,right_forearm_joint,-0.29361302,0.26059693,0.061514422,0.50087446,0.6915451,0.25627995,0.4530021
1783532918.9324,70,right_hand_joint,-0.27007762,0.012738705,0.1606139,0.12739275,0.39805952,0.6208566,0.66321725
1783532918.9324,70,right_handIndexStart_joint,-0.25738934,-0.0047508716,0.17956232,0.08473594,0.44239688,0.6285788,0.6340299
1783532918.9324,70,right_handIndex_1_joint,-0.24280071,-0.07478541,0.21605995,0.08473594,0.44239688,0.6285788,0.6340299
1783532918.9324,70,right_handIndex_2_joint,-0.23431844,-0.115503386,0.23727916,0.08473594,0.44239688,0.6285788,0.6340299
1783532918.9324,70,right_handIndex_3_joint,-0.22956899,-0.13830568,0.24916257,0.08473594,0.44239688,0.6285788,0.6340299
1783532918.9324,70,right_handIndexEnd_joint,-0.2261765,-0.15459275,0.25765067,0.08473594,0.44239688,0.6285788,0.6340299
1783532918.9324,70,right_handMidStart_joint,-0.2658825,-0.010648265,0.17204829,0.1267807,0.3986347,0.6212179,0.6626504
1783532918.9324,70,right_handMid_1_joint,-0.25906828,-0.080915496,0.2002343,0.1267807,0.3986347,0.6212179,0.6626504
1783532918.9324,70,right_handMid_2_joint,-0.25428027,-0.1302918,0.22004087,0.1267807,0.3986347,0.6212179,0.6626504
1783532918.9324,70,right_handMid_3_joint,-0.25151774,-0.15877831,0.23146765,0.1267807,0.3986347,0.6212179,0.6626504
1783532918.9324,70,right_handMidEnd_joint,-0.24967633,-0.17776895,0.23908556,0.1267807,0.3986347,0.6212179,0.6626504
1783532918.9324,70,right_handPinkyStart_joint,-0.28267902,-0.019628493,0.15189293,0.20232338,0.3203192,0.62864804,0.6791633
1783532918.9324,70,right_handPinky_1_joint,-0.28295812,-0.082082994,0.1633686,0.20232338,0.3203192,0.62864804,0.6791633
1783532918.9324,70,right_handPinky_2_joint,-0.28313085,-0.120658554,0.17045711,0.20232338,0.3203192,0.62864804,0.6791633
1783532918.9324,70,right_handPinky_3_joint,-0.2832208,-0.1408645,0.17416948,0.20232338,0.3203192,0.62864804,0.6791633
1783532918.9324,70,right_handPinkyEnd_joint,-0.28330296,-0.15923339,0.17754456,0.20232338,0.3203192,0.62864804,0.6791633
1783532918.9324,70,right_handRingStart_joint,-0.27356148,-0.015304717,0.16280416,0.1654371,0.3605756,0.6255509,0.6717902
1783532918.9324,70,right_handRing_1_joint,-0.270582,-0.08234671,0.1821869,0.1654371,0.3605756,0.6255509,0.6717902
1783532918.9324,70,right_handRing_2_joint,-0.26847866,-0.12967007,0.19586852,0.1654371,0.3605756,0.6255509,0.6717902
1783532918.9324,70,right_handRing_3_joint,-0.2671644,-0.15924753,0.20442003,0.1654371,0.3605756,0.6255509,0.6717902
1783532918.9324,70,right_handRingEnd_joint,-0.26628754,-0.17896636,0.21012047,0.1654371,0.3605756,0.6255509,0.6717902
1783532918.9324,70,right_handThumbStart_joint,-0.24783547,-0.004846599,0.17300643,0.24918103,0.9016472,0.16024157,0.3150619
1783532918.9324,70,right_handThumb_1_joint,-0.21146858,-0.03439927,0.19922419,0.24918102,0.9016472,0.16024156,0.3150619
1783532918.9324,70,right_handThumb_2_joint,-0.18547376,-0.055520896,0.21796547,0.24918102,0.9016472,0.16024154,0.3150619
1783532918.9324,70,right_handThumbEnd_joint,-0.16814372,-0.06960223,0.2304589,0.24918103,0.9016472,0.1602415,0.3150619
1783532918.9324,70,camera,0.10750715,0.0714854,-0.028077655,-0.074931614,-0.078223646,-0.6966142,0.7092213
1783532918.9657,71,root,-0.0010952085,0.02259488,-0.0028078288,-0.054093532,-0.009620516,-0.004677386,0.9984786
1783532918.9657,71,hips_joint,-0.0010952085,0.02259488,-0.0028078288,-0.054093532,-0.009620516,-0.004677386,0.9984786
1783532918.9657,71,left_upLeg_joint,0.09914454,-0.0029671479,0.002823187,0.58577365,-0.3774093,0.6266251,-0.34895918
1783532918.9657,71,left_leg_joint,0.06958594,-0.37331948,0.20104383,-0.28007823,0.628168,-0.35463345,0.6334005
1783532918.9657,71,left_foot_joint,0.050964497,-0.739678,-0.07202026,0.60786146,-0.32177988,0.6697807,-0.27992132
1783532918.9657,71,left_toes_joint,0.035420943,-0.8538613,0.022484034,0.6578322,-0.20073617,0.710695,-0.14789993
1783532918.9657,71,left_toesEnd_joint,0.029915499,-0.88263404,0.07560166,0.65783226,-0.20073596,0.710695,-0.14790013
1783532918.9657,71,right_upLeg_joint,-0.10188939,-0.0012934565,-0.0011416887,0.33431882,0.5783358,0.40125945,0.62669724
1783532918.9657,71,right_leg_joint,-0.10569485,-0.375912,0.19112346,0.58087426,0.3243903,0.6702601,0.328797
1783532918.9657,71,right_foot_joint,-0.05586789,-0.74981457,-0.067417756,0.257223,0.6135792,0.32487074,0.6721725
1783532918.9657,71,right_toes_joint,-0.06122691,-0.86194485,0.030605469,0.13626586,0.6512103,0.19158117,0.7215632
1783532918.9657,71,right_toesEnd_joint,-0.065985285,-0.8894815,0.084445134,0.13626634,0.65121037,0.1915807,0.7215631
1783532918.9657,71,spine_1_joint,-0.0010952282,0.02259488,-0.002807829,0.46860805,0.52500224,0.48172307,0.52222824
1783532918.9657,71,spine_2_joint,-0.0019797373,0.0798703,-0.008382601,0.473836,0.5239468,0.48672906,0.513862
1783532918.9657,71,spine_3_joint,-0.0032948637,0.13723628,-0.012826449,0.489937,0.5091487,0.50052005,0.50020915
1783532918.9657,71,spine_4_joint,-0.004329705,0.19027092,-0.013829983,0.5177117,0.4816496,0.5219937,0.47698092
1783532918.9657,71,spine_5_joint,-0.0049601174,0.26051727,-0.008344181,0.5605492,0.43325412,0.55637264,0.4341948
1783532918.9657,71,spine_6_joint,-0.0044412613,0.35129976,0.015416071,0.575631,0.4135918,0.5702774,0.41518047
1783532918.9657,71,spine_7_joint,-0.0036371516,0.4527718,0.04963696,0.57264274,0.42150643,0.5630313,0.42119944
1783532918.9657,71,left_shoulder_1_joint,0.086881995,0.5609895,0.076110154,-0.597409,0.07990126,-0.12635477,0.787879
1783532918.9657,71,left_arm_joint,0.2254481,0.5182619,0.07974595,-0.34616604,0.432988,-0.47213912,0.6854018
1783532918.9657,71,left_forearm_joint,0.27311614,0.26637772,0.0088168,-0.4263918,0.33078322,-0.63282263,0.55525553
1783532918.9657,71,left_hand_joint,0.26782012,0.002469139,0.054994002,0.67469305,-0.64501786,0.30632308,-0.18683665
1783532918.9657,71,left_handIndexStart_joint,0.256347,-0.01944668,0.071744196,-0.6531198,0.6561585,-0.3491335,0.1449028
1783532918.9657,71,left_handIndex_1_joint,0.2479243,-0.09640675,0.09309824,-0.6531198,0.6561585,-0.3491335,0.1449028
1783532918.9657,71,left_handIndex_2_joint,0.24302737,-0.14115098,0.10551338,-0.6531198,0.6561585,-0.3491335,0.1449028
1783532918.9657,71,left_handIndex_3_joint,0.2402851,-0.16620775,0.11246586,-0.6531198,0.6561585,-0.3491335,0.1449028
1783532918.9657,71,left_handIndexEnd_joint,0.23832634,-0.18410546,0.11743192,-0.6531198,0.6561585,-0.3491335,0.1449028
1783532918.9657,71,left_handMidStart_joint,0.26458248,-0.023061918,0.062662154,0.6754159,-0.64466774,0.3043165,-0.18870312
1783532918.9657,71,left_handMid_1_joint,0.26333508,-0.097988896,0.075415835,0.6754159,-0.64466774,0.3043165,-0.18870312
1783532918.9657,71,left_handMid_2_joint,0.26245853,-0.1506403,0.08437788,0.6754159,-0.64466774,0.3043165,-0.18870312
1783532918.9657,71,left_handMid_3_joint,0.26195285,-0.1810161,0.08954829,0.6754159,-0.64466774,0.3043165,-0.18870312
1783532918.9657,71,left_handMidEnd_joint,0.26161572,-0.20126663,0.092995234,0.6754159,-0.64466774,0.3043165,-0.18870312
1783532918.9657,71,left_handPinkyStart_joint,0.28036147,-0.02647373,0.040114734,0.68141,-0.64558566,0.2230066,-0.2629986
1783532918.9657,71,left_handPinky_1_joint,0.28461447,-0.089792065,0.037850387,0.68141,-0.64558566,0.2230066,-0.2629986
1783532918.9657,71,left_handPinky_2_joint,0.28724134,-0.12890045,0.03645182,0.68141,-0.64558566,0.2230066,-0.2629986
1783532918.9657,71,left_handPinky_3_joint,0.2886173,-0.1493858,0.03571924,0.68141,-0.64558566,0.2230066,-0.2629986
1783532918.9657,71,left_handPinkyEnd_joint,0.28986818,-0.16800883,0.035053253,0.68141,-0.64558566,0.2230066,-0.2629986
1783532918.9657,71,left_handRingStart_joint,0.2718221,-0.025152273,0.052206557,0.6792485,-0.64586115,0.26463237,-0.22683683
1783532918.9657,71,left_handRing_1_joint,0.2736149,-0.094826154,0.05685113,0.6792485,-0.64586115,0.26463237,-0.22683683
1783532918.9657,71,left_handRing_2_joint,0.27488044,-0.14400771,0.06012965,0.6792485,-0.64586115,0.26463237,-0.22683683
1783532918.9657,71,left_handRing_3_joint,0.2756714,-0.17474619,0.062178724,0.6792485,-0.64586115,0.26463237,-0.22683683
1783532918.9657,71,left_handRingEnd_joint,0.27619871,-0.19523852,0.06354477,0.6792485,-0.64586115,0.26463237,-0.22683683
1783532918.9657,71,left_handThumbStart_joint,0.24637532,-0.018770952,0.06588234,0.31978363,-0.25481045,0.8610379,-0.30236432
1783532918.9657,71,left_handThumb_1_joint,0.2134807,-0.055483077,0.087176204,0.31978363,-0.25481045,0.8610379,-0.30236432
1783532918.9657,71,left_handThumb_2_joint,0.18996738,-0.081722714,0.10239812,0.31978363,-0.25481045,0.8610379,-0.30236432
1783532918.9657,71,left_handThumbEnd_joint,0.17429183,-0.09921581,0.11254605,0.31978363,-0.25481042,0.8610379,-0.30236432
1783532918.9657,71,neck_1_joint,-0.0022550963,0.5829748,0.08206205,0.61452013,0.35396022,0.611123,0.35157704
1783532918.9657,71,neck_2_joint,-0.0021806336,0.6089171,0.09712825,0.6053625,0.36585912,0.6084993,0.35973996
1783532918.9657,71,neck_3_joint,-0.0025105858,0.6441474,0.11606813,0.58886725,0.38821262,0.6001251,0.37732884
1783532918.9657,71,neck_4_joint,-0.003379321,0.6805514,0.13262095,0.5725711,0.4097648,0.58951145,0.39589435
1783532918.9657,71,head_joint,-0.004776001,0.72374725,0.14937758,0.51570153,0.47738078,0.5422226,0.46060306
1783532918.9657,71,jaw_joint,-0.00371675,0.69835097,0.15135427,0.51570153,0.47738078,0.5422226,0.46060306
1783532918.9657,71,chin_joint,-0.0022396897,0.6367668,0.24465609,0.51570153,0.47738078,0.5422226,0.46060306
1783532918.9657,71,left_eye_joint,0.025434067,0.74708396,0.23965055,0.5198453,0.47286502,0.54621905,0.45585662
1783532918.9657,71,left_eyeLowerLid_joint,0.025434067,0.74708396,0.23965055,0.5198453,0.47286502,0.54621905,0.45585662
1783532918.9657,71,left_eyeUpperLid_joint,0.025434067,0.74708396,0.23965055,0.5198453,0.47286502,0.54621905,0.45585662
1783532918.9657,71,left_eyeball_joint,0.025434067,0.74708396,0.23965055,0.5198453,0.47286502,0.54621905,0.45585662
1783532918.9657,71,nose_joint,-0.0055599893,0.71055746,0.25858122,0.51984775,0.4728622,0.54622144,0.45585373
1783532918.9657,71,right_eye_joint,-0.039137296,0.7443288,0.23885424,0.5198453,0.47286502,0.54621905,0.45585662
1783532918.9657,71,right_eyeLowerLid_joint,-0.039137296,0.7443288,0.23885424,0.5198453,0.47286502,0.54621905,0.45585662
1783532918.9657,71,right_eyeUpperLid_joint,-0.039137296,0.7443288,0.23885424,0.5198453,0.47286502,0.54621905,0.45585662
1783532918.9657,71,right_eyeball_joint,-0.039137296,0.7443288,0.23885424,0.5198453,0.47286502,0.54621905,0.45585662
1783532918.9657,71,right_shoulder_1_joint,-0.09183301,0.5623746,0.07810734,0.7802711,0.14245951,0.06571639,0.60544527
1783532918.9657,71,right_arm_joint,-0.22974189,0.5185858,0.08825348,0.6882754,0.48766157,0.37941763,0.38013932
1783532918.9657,71,right_forearm_joint,-0.29263613,0.26330477,0.04794889,0.5330426,0.66628903,0.28401202,0.43733522
1783532918.9657,71,right_hand_joint,-0.27944985,0.0063911625,0.122981295,0.16251189,0.3611995,0.627805,0.67006433
1783532918.9657,71,right_handIndexStart_joint,-0.26767048,-0.013292615,0.1402936,0.11927322,0.40606993,0.63791597,0.64338547
1783532918.9657,71,right_handIndex_1_joint,-0.25613308,-0.086994834,0.1700361,0.11927322,0.40606993,0.63791597,0.64338547
1783532918.9657,71,right_handIndex_2_joint,-0.24942482,-0.12984517,0.18732789,0.11927322,0.40606993,0.63791597,0.64338547
1783532918.9657,71,right_handIndex_3_joint,-0.24566883,-0.15384161,0.19701195,0.11927322,0.40606993,0.63791597,0.64338547
1783532918.9657,71,right_handIndexEnd_joint,-0.24298593,-0.17098165,0.20392908,0.11927322,0.40606993,0.63791597,0.64338547
1783532918.9657,71,right_handMidStart_joint,-0.2762624,-0.018123247,0.1321562,0.16188167,0.36177126,0.6282,0.66953796
1783532918.9657,71,right_handMid_1_joint,-0.27238354,-0.090971716,0.15352035,0.16188167,0.36177126,0.6282,0.66953796
1783532918.9657,71,right_handMid_2_joint,-0.2696582,-0.14216186,0.16853322,0.16188167,0.36177126,0.6282,0.66953796
1783532918.9657,71,right_handMid_3_joint,-0.26808566,-0.17169483,0.1771944,0.16188167,0.36177126,0.6282,0.66953796
1783532918.9657,71,right_handMidEnd_joint,-0.2670376,-0.1913831,0.18296862,0.16188167,0.36177126,0.6282,0.66953796
1783532918.9657,71,right_handPinkyStart_joint,-0.2930823,-0.024500804,0.11105112,0.23663558,0.28171682,0.63202536,0.68204373
1783532918.9657,71,right_handPinky_1_joint,-0.29577217,-0.08771356,0.116459265,0.23663558,0.28171682,0.63202536,0.68204373
1783532918.9657,71,right_handPinky_2_joint,-0.29743394,-0.12675749,0.1198001,0.23663558,0.28171682,0.63202536,0.68204373
1783532918.9657,71,right_handPinky_3_joint,-0.29830384,-0.14720874,0.121549435,0.23663558,0.28171682,0.63202536,0.68204373
1783532918.9657,71,right_handPinkyEnd_joint,-0.29909506,-0.16580063,0.12313997,0.23663558,0.28171682,0.63202536,0.68204373
1783532918.9657,71,right_handRingStart_joint,-0.28397146,-0.021584071,0.122425,0.20020126,0.32278973,0.63077205,0.6766486
1783532918.9657,71,right_handRing_1_joint,-0.28368294,-0.09023857,0.13529651,0.20020126,0.32278973,0.63077205,0.6766486
1783532918.9657,71,right_handRing_2_joint,-0.2834791,-0.13870014,0.144382,0.20020126,0.32278973,0.63077205,0.6766486
1783532918.9657,71,right_handRing_3_joint,-0.28335208,-0.16898905,0.15006089,0.20020126,0.32278973,0.63077205,0.6766486
1783532918.9657,71,right_handRingEnd_joint,-0.28326666,-0.18918212,0.15384622,0.20020126,0.32278973,0.63077205,0.6766486
1783532918.9657,71,right_handThumbStart_joint,-0.25803378,-0.01311519,0.13386181,0.27950567,0.88619846,0.19915526,0.31123385
1783532918.9657,71,right_handThumb_1_joint,-0.2231312,-0.046375055,0.15750237,0.27950567,0.88619846,0.19915526,0.31123385
1783532918.9657,71,right_handThumb_2_joint,-0.19818299,-0.07014667,0.17440172,0.27950567,0.88619846,0.19915524,0.31123385
1783532918.9657,71,right_handThumbEnd_joint,-0.1815507,-0.085994594,0.18566717,0.27950567,0.88619846,0.19915521,0.31123385
1783532918.9657,71,camera,0.10765982,0.071716085,-0.027953155,-0.07474423,-0.07833476,-0.6967128,0.709132
1783532918.9990,72,root,-0.0004850705,0.02064016,-0.004776221,-0.04530862,-0.0039238445,-0.00704646,0.9989405
1783532918.9990,72,hips_joint,-0.0004850705,0.02064016,-0.004776221,-0.04530862,-0.0039238445,-0.00704646,0.9989405
1783532918.9990,72,left_upLeg_joint,0.099674426,-0.0055261087,-0.000709728,0.5804572,-0.39446625,0.6116147,-0.3652305
1783532918.9990,72,left_leg_joint,0.074681096,-0.38649708,0.17694858,-0.2994847,0.6241166,-0.36584997,0.62204605
1783532918.9990,72,left_foot_joint,0.053308763,-0.76559407,-0.07792018,0.6206399,-0.3066228,0.67160827,-0.26406607
1783532918.9990,72,left_toes_joint,0.039873455,-0.8751776,0.022186946,0.6675062,-0.18343186,0.7094844,-0.13198563
1783532918.9990,72,left_toesEnd_joint,0.03538311,-0.90139306,0.0767053,0.6675062,-0.18343164,0.70948434,-0.13198584
1783532918.9990,72,right_upLeg_joint,-0.10137934,-0.002762022,-0.0024144042,0.3405119,0.5827455,0.40545115,0.6164973
1783532918.9990,72,right_leg_joint,-0.09802505,-0.38039103,0.18387729,0.57601386,0.34695187,0.6573209,0.34023798
1783532918.9990,72,right_foot_joint,-0.050055835,-0.7677248,-0.05445236,0.23948343,0.6283427,0.30762956,0.6731995
1783532918.9990,72,right_toes_joint,-0.05320029,-0.8743045,0.049669504,0.11604963,0.66234374,0.17445779,0.71930385
1783532918.9990,72,right_toesEnd_joint,-0.05694485,-0.8988539,0.1050132,0.11605014,0.6623439,0.17445734,0.7193037
1783532918.9990,72,spine_1_joint,-0.00048509028,0.02064016,-0.0047762212,0.4750096,0.52285606,0.48011714,0.5200723
1783532918.9990,72,spine_2_joint,-0.0009329453,0.07796941,-0.009825077,0.4786036,0.5217781,0.48406073,0.5141708
1783532918.9990,72,spine_3_joint,-0.0016888562,0.13536283,-0.014039091,0.492994,0.5069595,0.49731475,0.5026204
1783532918.9990,72,spine_4_joint,-0.0021482792,0.1884052,-0.015061449,0.51885116,0.4796009,0.5186883,0.4813927
1783532918.9990,72,spine_5_joint,-0.0020158472,0.2586784,-0.0098940525,0.55944175,0.43172896,0.5535764,0.44066802
1783532918.9990,72,spine_6_joint,-0.00067096617,0.3496602,0.013057945,0.5729923,0.4120198,0.56875384,0.42241967
1783532918.9990,72,spine_7_joint,0.00077478494,0.45145884,0.04627279,0.5688877,0.419065,0.563643,0.4278524
1783532918.9990,72,left_shoulder_1_joint,0.09167212,0.5592775,0.073076345,-0.5938705,0.067402214,-0.11294284,0.7937371
1783532918.9990,72,left_arm_joint,0.23170342,0.5216588,0.07701409,-0.34645575,0.43216026,-0.45824146,0.6951407
1783532918.9990,72,left_forearm_joint,0.2866308,0.27255362,0.0016591692,-0.43443272,0.3226271,-0.61416453,0.5744405
1783532918.9990,72,left_hand_joint,0.29666016,0.008355942,0.045329303,0.6926607,-0.6272755,0.2963307,-0.19731906
1783532918.9990,72,left_handIndexStart_joint,0.28653744,-0.014336197,0.061915454,0.67170656,-0.6391407,0.340318,-0.15650284
1783532918.9990,72,left_handIndex_1_joint,0.28263158,-0.091848046,0.08256593,0.67170656,-0.6391407,0.340318,-0.15650284
1783532918.9990,72,left_handIndex_2_joint,0.2803607,-0.13691306,0.09457203,0.67170656,-0.6391407,0.340318,-0.15650284
1783532918.9990,72,left_handIndex_3_joint,0.27908903,-0.16214949,0.10129544,0.67170656,-0.6391407,0.340318,-0.15650284
1783532918.9990,72,left_handIndexEnd_joint,0.2781807,-0.1801755,0.10609788,0.67170656,-0.6391407,0.340318,-0.15650284
1783532918.9990,72,left_handMidStart_joint,0.29492438,-0.017389009,0.05276582,0.69336,-0.6268995,0.29427165,-0.19913147
1783532918.9990,72,left_handMid_1_joint,0.298026,-0.09238006,0.0648067,0.69336,-0.6268995,0.29427165,-0.19913147
1783532918.9990,72,left_handMid_2_joint,0.3002055,-0.14507648,0.073267855,0.69336,-0.6268995,0.29427165,-0.19913147
1783532918.9990,72,left_handMid_3_joint,0.3014629,-0.17547826,0.07814929,0.69336,-0.6268995,0.29427165,-0.19913147
1783532918.9990,72,left_handMidEnd_joint,0.30230117,-0.19574611,0.081403576,0.69336,-0.6268995,0.29427165,-0.19913147
1783532918.9990,72,left_handPinkyStart_joint,0.31076872,-0.019681158,0.030122828,0.6988504,-0.62742215,0.21085112,-0.2710932
1783532918.9990,72,left_handPinky_1_joint,0.31862807,-0.082628086,0.027235236,0.6988504,-0.62742215,0.21085112,-0.2710932
1783532918.9990,72,left_handPinky_2_joint,0.3234824,-0.12150707,0.025451722,0.6988504,-0.62742215,0.21085112,-0.2710932
1783532918.9990,72,left_handPinky_3_joint,0.32602513,-0.14187226,0.0245175,0.6988504,-0.62742215,0.21085112,-0.2710932
1783532918.9990,72,left_handPinkyEnd_joint,0.32833672,-0.16038606,0.023668207,0.6988504,-0.62742215,0.21085112,-0.2710932
1783532918.9990,72,left_handRingStart_joint,0.3022235,-0.018963724,0.042261355,0.6969589,-0.62787795,0.2534983,-0.23612808
1783532918.9990,72,left_handRing_1_joint,0.3080223,-0.08846082,0.04623148,0.6969589,-0.62787795,0.2534983,-0.23612808
1783532918.9990,72,left_handRing_2_joint,0.31211558,-0.13751759,0.049033917,0.6969589,-0.62787795,0.2534983,-0.23612808
1783532918.9990,72,left_handRing_3_joint,0.31467384,-0.16817805,0.05078544,0.6969589,-0.62787795,0.2534983,-0.23612808
1783532918.9990,72,left_handRingEnd_joint,0.3163794,-0.18861839,0.051953122,0.6969589,-0.62787795,0.2534983,-0.23612808
1783532918.9990,72,left_handThumbStart_joint,0.27651653,-0.014178047,0.05610094,0.32738432,-0.25026953,0.850116,-0.32785293
1783532918.9990,72,left_handThumb_1_joint,0.24587539,-0.05291077,0.077176,0.32738432,-0.25026953,0.850116,-0.32785293
1783532918.9990,72,left_handThumb_2_joint,0.22397274,-0.08059476,0.09224153,0.32738432,-0.25026953,0.850116,-0.32785293
1783532918.9990,72,left_handThumbEnd_joint,0.20937097,-0.09905077,0.102285214,0.32738432,-0.2502695,0.85011595,-0.32785293
1783532918.9990,72,neck_1_joint,0.0026155862,0.58189124,0.07773838,0.6091631,0.35418797,0.6113268,0.36020902
1783532918.9990,72,neck_2_joint,0.002665411,0.6080491,0.092427336,0.59882635,0.36786675,0.6075307,0.37011805
1783532918.9990,72,neck_3_joint,0.0023118504,0.6436608,0.11063944,0.5815097,0.3911771,0.59808445,0.38874364
1783532918.9990,72,neck_4_joint,0.0014538916,0.68045884,0.12629737,0.5648372,0.41291538,0.5867846,0.40760684
1783532918.9990,72,head_joint,0.00010655492,0.7240756,0.14192966,0.5076626,0.4796688,0.53807193,0.47188428
1783532918.9990,72,jaw_joint,0.0009827551,0.69873226,0.14456567,0.5076626,0.4796688,0.53807193,0.47188428
1783532918.9990,72,chin_joint,0.0008635649,0.639542,0.23941547,0.5076626,0.4796688,0.53807193,0.47188428
1783532918.9990,72,left_eye_joint,0.029282454,0.74953145,0.23196976,0.5118266,0.4752231,0.5421669,0.46717367
1783532918.9990,72,left_eyeLowerLid_joint,0.029282454,0.74953145,0.23196976,0.5118266,0.4752231,0.5421669,0.46717367
1783532918.9990,72,left_eyeUpperLid_joint,0.029282454,0.74953145,0.23196976,0.5118266,0.4752231,0.5421669,0.46717367
1783532918.9990,72,left_eyeball_joint,0.029282454,0.74953145,0.23196976,0.5118266,0.4752231,0.5421669,0.46717367
1783532918.9990,72,nose_joint,-0.0021809468,0.71368223,0.2514136,0.5118291,0.47522038,0.54216933,0.46717077
1783532918.9990,72,right_eye_joint,-0.035288822,0.74713504,0.23039311,0.5118266,0.4752231,0.5421669,0.46717367
1783532918.9990,72,right_eyeLowerLid_joint,-0.035288822,0.74713504,0.23039311,0.5118266,0.4752231,0.5421669,0.46717367
1783532918.9990,72,right_eyeUpperLid_joint,-0.035288822,0.74713504,0.23039311,0.5118266,0.4752231,0.5421669,0.46717367
1783532918.9990,72,right_eyeball_joint,-0.035288822,0.74713504,0.23039311,0.5118266,0.4752231,0.5421669,0.46717367
1783532918.9990,72,right_shoulder_1_joint,-0.087040596,0.5618498,0.07280771,0.789373,0.11705343,0.0646996,0.59916836
1783532918.9990,72,right_arm_joint,-0.22690062,0.5237991,0.07833774,0.6937979,0.4650906,0.39803737,0.3793433
1783532918.9990,72,right_forearm_joint,-0.2935338,0.2718191,0.025284996,0.56249106,0.6270296,0.30172986,0.4465387
1783532918.9990,72,right_hand_joint,-0.3019979,0.01058382,0.084384665,0.18049167,0.31918257,0.618328,0.6951372
1783532918.9990,72,right_handIndexStart_joint,-0.29250556,-0.010903289,0.10094122,0.13783106,0.365859,0.6297031,0.67128515
1783532918.9990,72,right_handIndex_1_joint,-0.287626,-0.08689885,0.12644815,0.13783106,0.365859,0.6297031,0.67128515
1783532918.9990,72,right_handIndex_2_joint,-0.28478855,-0.13108253,0.14127742,0.13783106,0.365859,0.6297031,0.67128515
1783532918.9990,72,right_handIndex_3_joint,-0.28320026,-0.15582564,0.14958239,0.13783106,0.365859,0.6297031,0.67128515
1783532918.9990,72,right_handIndexEnd_joint,-0.28206572,-0.17349903,0.15551448,0.13783106,0.365859,0.6297031,0.67128515
1783532918.9990,72,right_handMidStart_joint,-0.300986,-0.014603326,0.09212273,0.17985673,0.3197765,0.6187434,0.69465894
1783532918.9990,72,right_handMid_1_joint,-0.3032512,-0.08869263,0.10897535,0.17985673,0.3197765,0.6187434,0.69465894
1783532918.9990,72,right_handMid_2_joint,-0.30484328,-0.1407547,0.12081799,0.17985673,0.3197765,0.6187434,0.69465894
1783532918.9990,72,right_handMid_3_joint,-0.30576155,-0.1707907,0.12765017,0.17985673,0.3197765,0.6187434,0.69465894
1783532918.9990,72,right_handMidEnd_joint,-0.30637398,-0.19081432,0.13220507,0.17985673,0.3197765,0.6187434,0.69465894
1783532918.9990,72,right_handPinkyStart_joint,-0.3171112,-0.018470477,0.06989597,0.25196418,0.2367639,0.62146735,0.70301867
1783532918.9990,72,right_handPinky_1_joint,-0.32444185,-0.08153413,0.071148425,0.25196418,0.2367639,0.62146735,0.70301867
1783532918.9990,72,right_handPinky_2_joint,-0.3289701,-0.12048597,0.071922444,0.25196418,0.2367639,0.62146735,0.70301867
1783532918.9990,72,right_handPinky_3_joint,-0.33134145,-0.14088897,0.0723273,0.25196418,0.2367639,0.62146735,0.70301867
1783532918.9990,72,right_handPinkyEnd_joint,-0.33349758,-0.159437,0.07269558,0.25196418,0.2367639,0.62146735,0.70301867
1783532918.9990,72,right_handRingStart_joint,-0.3084109,-0.01690769,0.08184348,0.21689922,0.27923974,0.62078875,0.6997151
1783532918.9990,72,right_handRing_1_joint,-0.3135307,-0.08605229,0.09032912,0.21689922,0.27923974,0.62078875,0.6997151
1783532918.9990,72,right_handRing_2_joint,-0.31714445,-0.13485982,0.09631876,0.21689922,0.27923974,0.62078875,0.6997151
1783532918.9990,72,right_handRing_3_joint,-0.31940347,-0.16536494,0.10006268,0.21689922,0.27923974,0.62078875,0.6997151
1783532918.9990,72,right_handRingEnd_joint,-0.32090876,-0.18570216,0.10255803,0.21689922,0.27923974,0.62078875,0.6997151
1783532918.9990,72,right_handThumbStart_joint,-0.28256494,-0.011036587,0.0949888,0.31526673,0.86130804,0.22207747,0.33081257
1783532918.9990,72,right_handThumb_1_joint,-0.25129664,-0.048090037,0.11806727,0.31526673,0.86130804,0.22207746,0.33081257
1783532918.9990,72,right_handThumb_2_joint,-0.22894613,-0.074573375,0.134565,0.31526673,0.86130804,0.22207744,0.33081257
1783532918.9990,72,right_handThumbEnd_joint,-0.2140456,-0.09222907,0.14556271,0.31526673,0.86130804,0.22207743,0.33081257
1783532918.9990,72,camera,0.107837506,0.07193244,-0.02771982,-0.0744214,-0.07843492,-0.6967913,0.7090777
1783532919.0325,73,root,-0.00019898734,0.019534444,-0.0053953296,-0.037226304,-0.0005467029,-0.0079943,0.99927473
1783532919.0325,73,hips_joint,-0.00019898734,0.019534444,-0.0053953296,-0.037226304,-0.0005467029,-0.0079943,0.99927473
1783532919.0325,73,left_upLeg_joint,0.09992753,-0.006902518,-0.0024117606,0.57692134,-0.40902323,0.5966316,-0.37933174
1783532919.0325,73,left_leg_joint,0.08033013,-0.3962486,0.15680984,-0.31245917,0.62479776,-0.3699633,0.6124737
1783532919.0325,73,left_foot_joint,0.055411424,-0.7820476,-0.08745947,0.63127375,-0.29915786,0.6689432,-0.25399396
1783532919.0325,73,left_toes_joint,0.044388894,-0.8889803,0.015760554,0.6765324,-0.17408678,0.70495856,-0.122601226
1783532919.0325,73,left_toesEnd_joint,0.041080523,-0.91375446,0.071032204,0.6765325,-0.17408657,0.7049585,-0.122601435
1783532919.0325,73,right_upLeg_joint,-0.10112657,-0.0036932658,-0.002751007,0.35121217,0.5818398,0.4127449,0.60642725
1783532919.0325,73,right_leg_joint,-0.09363454,-0.38659248,0.17232475,0.5750944,0.35918865,0.6474674,0.3479024
1783532919.0325,73,right_foot_joint,-0.0495213,-0.7815433,-0.05394348,0.23121335,0.63740844,0.29514614,0.67315644
1783532919.0325,73,right_toes_joint,-0.051488265,-0.8846903,0.053607948,0.10621119,0.66967785,0.16220887,0.71689546
1783532919.0325,73,right_toesEnd_joint,-0.05454793,-0.9074274,0.10976204,0.10621167,0.6696779,0.1622084,0.7168954
1783532919.0325,73,spine_1_joint,-0.00019900713,0.019534444,-0.0053953296,0.47831362,0.5215835,0.47864318,0.51968014
1783532919.0325,73,spine_2_joint,-0.00033121975,0.076882645,-0.010243011,0.4796771,0.52112746,0.4806309,0.51703984
1783532919.0325,73,spine_3_joint,-0.0006281653,0.13426034,-0.014720168,0.49219626,0.50656354,0.49296302,0.5080587
1783532919.0325,73,spine_4_joint,-0.00058775337,0.1872915,-0.016283087,0.51643515,0.47928923,0.51427567,0.48897582
1783532919.0325,73,spine_5_joint,0.00023056119,0.2576258,-0.0121047115,0.5556097,0.43141684,0.55021405,0.44993547
1783532919.0325,73,spine_6_joint,0.0023165424,0.34895217,0.009376034,0.56846493,0.41068962,0.56725955,0.43173876
1783532919.0325,73,spine_7_joint,0.0043496806,0.4511963,0.04116108,0.5643107,0.4155712,0.56504357,0.43540776
1783532919.0325,73,left_shoulder_1_joint,0.09561308,0.5585365,0.068632655,-0.58725333,0.059384227,-0.0976212,0.8012972
1783532919.0325,73,left_arm_joint,0.23687519,0.5257271,0.071459375,-0.34629378,0.4355666,-0.4339887,0.70853096
1783532919.0325,73,left_forearm_joint,0.30174157,0.28190878,-0.012765136,-0.44381395,0.31700525,-0.58788717,0.5974323
1783532919.0325,73,left_hand_joint,0.33062676,0.018272018,0.025567181,0.71398973,-0.6069716,0.27872798,-0.21003534
1783532919.0325,73,left_handIndexStart_joint,0.322327,-0.005375862,0.04182741,0.69414115,-0.6197127,0.3241242,-0.17049298
1783532919.0325,73,left_handIndex_1_joint,0.32407773,-0.083345994,0.06099454,0.69414115,-0.6197127,0.3241242,-0.17049298
1783532919.0325,73,left_handIndex_2_joint,0.3250956,-0.12867746,0.07213821,0.69414115,-0.6197127,0.3241242,-0.17049298
1783532919.0325,73,left_handIndex_3_joint,0.3256656,-0.15406309,0.07837867,0.69414115,-0.6197127,0.3241242,-0.17049298
1783532919.0325,73,left_handIndexEnd_joint,0.32607272,-0.17219567,0.082836136,0.69414115,-0.6197127,0.3241242,-0.17049298
1783532919.0325,73,left_handMidStart_joint,0.33077878,-0.0076664444,0.03251629,0.7146447,-0.60656357,0.2766065,-0.21178432
1783532919.0325,73,left_handMid_1_joint,0.339227,-0.08247394,0.043038987,0.7146447,-0.60656357,0.2766065,-0.21178432
1783532919.0325,73,left_handMid_2_joint,0.34516355,-0.13504137,0.05043331,0.7146447,-0.60656357,0.2766065,-0.21178432
1783532919.0325,73,left_handMid_3_joint,0.34858853,-0.16536872,0.05469927,0.7146447,-0.60656357,0.2766065,-0.21178432
1783532919.0325,73,left_handMidEnd_joint,0.3508718,-0.18558696,0.057543237,0.7146447,-0.60656357,0.2766065,-0.21178432
1783532919.0325,73,left_handPinkyStart_joint,0.3464316,-0.00842699,0.009638078,0.7189121,-0.60656255,0.19070502,-0.2808539
1783532919.0325,73,left_handPinky_1_joint,0.35858747,-0.070610754,0.0054145674,0.7189121,-0.60656255,0.19070502,-0.2808539
1783532919.0325,73,left_handPinky_2_joint,0.36609554,-0.10901836,0.0028059285,0.7189121,-0.60656255,0.19070502,-0.2808539
1783532919.0325,73,left_handPinky_3_joint,0.37002835,-0.12913664,0.0014394986,0.7189121,-0.60656255,0.19070502,-0.2808539
1783532919.0325,73,left_handPinkyEnd_joint,0.37360358,-0.14742598,0.00019728958,0.7189121,-0.60656255,0.19070502,-0.2808539
1783532919.0325,73,left_handRingStart_joint,0.3380246,-0.008532862,0.021893267,0.7176528,-0.60726565,0.23454432,-0.24737018
1783532919.0325,73,left_handRing_1_joint,0.3486724,-0.07752171,0.024422172,0.7176528,-0.60726565,0.23454432,-0.24737018
1783532919.0325,73,left_handRing_2_joint,0.3561885,-0.12621972,0.026207281,0.7176528,-0.60726565,0.23454432,-0.24737018
1783532919.0325,73,left_handRing_3_joint,0.36088607,-0.15665598,0.027322976,0.7176528,-0.60726565,0.23454432,-0.24737018
1783532919.0325,73,left_handRingEnd_joint,0.36401778,-0.1769468,0.028066771,0.7176528,-0.60726565,0.23454432,-0.24737018
1783532919.0325,73,left_handThumbStart_joint,0.31224033,-0.0058048437,0.036141682,0.33824164,-0.24906975,0.8336289,-0.3586359
1783532919.0325,73,left_handThumb_1_joint,0.28464487,-0.046961024,0.056827888,0.33824164,-0.24906975,0.8336289,-0.3586359
1783532919.0325,73,left_handThumb_2_joint,0.26491913,-0.076377355,0.07161551,0.33824164,-0.24906975,0.8336289,-0.3586359
1783532919.0325,73,left_handThumbEnd_joint,0.25176865,-0.095988244,0.081473924,0.33824164,-0.24906972,0.8336289,-0.3586359
1783532919.0325,73,neck_1_joint,0.0066656694,0.58184266,0.07169401,0.6034666,0.35253412,0.6127883,0.36883393
1783532919.0325,73,neck_2_joint,0.0066782795,0.60816824,0.08608025,0.59257144,0.36708373,0.6082063,0.3797287
1783532919.0325,73,neck_3_joint,0.0063050496,0.64404637,0.10376134,0.5749959,0.39065912,0.5980928,0.39881116
1783532919.0325,73,neck_4_joint,0.005478686,0.6810987,0.11880946,0.5582998,0.41228092,0.5863572,0.41774568
1783532919.0325,73,head_joint,0.0042168368,0.7249756,0.13370366,0.5012467,0.47832975,0.5363982,0.48190233
1783532919.0325,73,jaw_joint,0.0048556505,0.69967324,0.13676696,0.5012467,0.47832975,0.5363982,0.48190233
1783532919.0325,73,chin_joint,0.002761811,0.6420537,0.23255642,0.5012467,0.47832975,0.5363982,0.48190233
1783532919.0325,73,left_eye_joint,0.032141894,0.75169164,0.22377528,0.5053992,0.47394007,0.5405806,0.47720593
1783532919.0325,73,left_eyeLowerLid_joint,0.032141894,0.75169164,0.22377528,0.5053992,0.47394007,0.5405806,0.47720593
1783532919.0325,73,left_eyeUpperLid_joint,0.032141894,0.75169164,0.22377528,0.5053992,0.47394007,0.5405806,0.47720593
1783532919.0325,73,left_eyeball_joint,0.032141894,0.75169164,0.22377528,0.5053992,0.47394007,0.5405806,0.47720593
1783532919.0325,73,nose_joint,9.614527e-05,0.7164019,0.24329162,0.50540173,0.47393736,0.5405831,0.47720304
1783532919.0325,73,right_eye_joint,-0.032412414,0.7497496,0.22119601,0.5053992,0.47394007,0.5405806,0.47720593
1783532919.0325,73,right_eyeLowerLid_joint,-0.032412414,0.7497496,0.22119601,0.5053992,0.47394007,0.5405806,0.47720593
1783532919.0325,73,right_eyeUpperLid_joint,-0.032412414,0.7497496,0.22119601,0.5053992,0.47394007,0.5405806,0.47720593
1783532919.0325,73,right_eyeball_joint,-0.032412414,0.7497496,0.22119601,0.5053992,0.47394007,0.5405806,0.47720593
1783532919.0325,73,right_shoulder_1_joint,-0.083047986,0.56242883,0.0654676,0.7958612,0.0859252,0.0693898,0.5953211
1783532919.0325,73,right_arm_joint,-0.22455853,0.5306068,0.064286456,0.6989133,0.4303628,0.41521195,0.39231056
1783532919.0325,73,right_forearm_joint,-0.3003044,0.2839431,-0.00027435302,0.58645856,0.5805269,0.30557948,0.47505426
1783532919.0325,73,right_hand_joint,-0.33761123,0.023678303,0.051482562,0.182472,0.27972707,0.59341633,0.7323348
1783532919.0325,73,right_handIndexStart_joint,-0.33135787,0.0010640168,0.06807803,0.1414843,0.3290456,0.6050037,0.7111133
1783532919.0325,73,right_handIndex_1_joint,-0.33548564,-0.075516835,0.09191244,0.1414843,0.3290456,0.6050037,0.7111133
1783532919.0325,73,right_handIndex_2_joint,-0.33788502,-0.120040834,0.105769336,0.1414843,0.3290456,0.6050037,0.7111133
1783532919.0325,73,right_handIndex_3_joint,-0.33922938,-0.14497447,0.11352973,0.1414843,0.3290456,0.6050037,0.7111133
1783532919.0325,73,right_handIndexEnd_joint,-0.34018958,-0.16278395,0.11907286,0.1414843,0.3290456,0.6050037,0.7111133
1783532919.0325,73,right_handMidStart_joint,-0.3395317,-0.001630721,0.058628168,0.18184745,0.2803619,0.5938393,0.7319044
1783532919.0325,73,right_handMid_1_joint,-0.34998417,-0.07545959,0.073407,0.18184745,0.2803619,0.5938393,0.7319044
1783532919.0325,73,right_handMid_2_joint,-0.3573294,-0.12733865,0.08379239,0.18184745,0.2803619,0.5938393,0.7319044
1783532919.0325,73,right_handMid_3_joint,-0.36156684,-0.15726909,0.089783855,0.18184745,0.2803619,0.5938393,0.7319044
1783532919.0325,73,right_handMidEnd_joint,-0.36439204,-0.17722231,0.093778275,0.18184748,0.2803619,0.5938393,0.7319044
1783532919.0325,73,right_handPinkyStart_joint,-0.3544005,-0.00349833,0.03529498,0.24983732,0.19372004,0.5976557,0.7367917
1783532919.0325,73,right_handPinky_1_joint,-0.36777127,-0.06556973,0.034458607,0.24983732,0.19372004,0.5976557,0.7367917
1783532919.0325,73,right_handPinky_2_joint,-0.37603024,-0.10390866,0.03394242,0.24983732,0.19372004,0.5976557,0.7367917
1783532919.0325,73,right_handPinky_3_joint,-0.3803557,-0.12399067,0.033671506,0.24983734,0.19372004,0.5976557,0.7367917
1783532919.0325,73,right_handPinkyEnd_joint,-0.38428828,-0.14224684,0.033425424,0.24983732,0.19372004,0.5976557,0.7367917
1783532919.0325,73,right_handRingStart_joint,-0.34642494,-0.0030109833,0.047826257,0.21686277,0.23792422,0.5964315,0.7352772
1783532919.0325,73,right_handRing_1_joint,-0.35867167,-0.07148461,0.054196343,0.21686277,0.23792422,0.5964315,0.7352772
1783532919.0325,73,right_handRing_2_joint,-0.36731616,-0.11981852,0.058692675,0.21686277,0.23792422,0.5964315,0.7352772
1783532919.0325,73,right_handRing_3_joint,-0.37271944,-0.1500276,0.061503246,0.21686277,0.23792422,0.5964315,0.7352772
1783532919.0325,73,right_handRingEnd_joint,-0.37632096,-0.17016754,0.0633764,0.21686277,0.23792422,0.5964315,0.7352772
1783532919.0325,73,right_handThumbStart_joint,-0.32109287,8.274078e-05,0.06279291,0.35232618,0.83104265,0.22593284,0.36631843
1783532919.0325,73,right_handThumb_1_joint,-0.29513973,-0.040251784,0.08693512,0.35232615,0.83104265,0.2259328,0.36631843
1783532919.0325,73,right_handThumb_2_joint,-0.27658832,-0.06908046,0.104193255,0.35232615,0.83104265,0.2259328,0.36631843
1783532919.0325,73,right_handThumbEnd_joint,-0.2642205,-0.08829972,0.11569791,0.35232615,0.83104265,0.22593278,0.36631843
1783532919.0325,73,camera,0.10763711,0.07183934,-0.02751743,-0.07408976,-0.0782633,-0.69683355,0.70908993
1783532919.0659,74,root,-8.7831984e-05,0.018947272,-0.005159739,-0.03659119,0.0010692417,-0.006280695,0.99931
1783532919.0659,74,hips_joint,-8.7831984e-05,0.018947272,-0.005159739,-0.03659119,0.0010692417,-0.006280695,0.99931
1783532919.0659,74,left_upLeg_joint,0.100134894,-0.007162173,-0.0025455046,0.5802761,-0.4115387,0.5880474,-0.38485807
1783532919.0659,74,left_leg_joint,0.08736386,-0.3988878,0.1514476,-0.32012483,0.6269284,-0.36751086,0.60779655
1783532919.0659,74,left_foot_joint,0.061660126,-0.7867453,-0.08945755,0.6386221,-0.2961078,0.6641283,-0.2518244
1783532919.0659,74,left_toes_joint,0.053091925,-0.89295864,0.014733515,0.6831694,-0.16969918,0.69981974,-0.121383615
1783532919.0659,74,left_toesEnd_joint,0.050842356,-0.91732955,0.07023721,0.68316954,-0.16969898,0.6998197,-0.12138383
1783532919.0659,74,right_upLeg_joint,-0.10092872,-0.004617555,-0.0022080743,0.3523258,0.5870314,0.41662353,0.598068
1783532919.0659,74,right_leg_joint,-0.085616864,-0.38865075,0.16984846,0.5757057,0.3698951,0.64150375,0.3467182
1783532919.0659,74,right_foot_joint,-0.041394796,-0.7868474,-0.05063551,0.22509205,0.6462137,0.29118183,0.6685466
1783532919.0659,74,right_toes_joint,-0.04068569,-0.8882267,0.058599193,0.09853191,0.6771632,0.15919009,0.7116179
1783532919.0659,74,right_toesEnd_joint,-0.042639963,-0.9100648,0.115157954,0.098532416,0.67716336,0.15918964,0.71161777
1783532919.0659,74,spine_1_joint,-8.785176e-05,0.018947272,-0.005159739,0.47715896,0.5231403,0.4770154,0.5206726
1783532919.0659,74,spine_2_joint,-0.00022821831,0.07626877,-0.010313334,0.4778445,0.52207303,0.47845483,0.51979387
1783532919.0659,74,spine_3_joint,-0.0003984778,0.13361073,-0.015233346,0.49011979,0.5066209,0.49103436,0.51186275
1783532919.0659,74,spine_4_joint,-0.00016284395,0.18662746,-0.017212776,0.51437247,0.47817874,0.5133385,0.49320346
1783532919.0659,74,spine_5_joint,0.0009424646,0.25698185,-0.013460276,0.5532697,0.42926252,0.55073506,0.45422146
1783532919.0659,74,spine_6_joint,0.0032635075,0.3483843,0.007669971,0.5650967,0.40819556,0.5689305,0.43630284
1783532919.0659,74,spine_7_joint,0.0053185513,0.4507437,0.039080255,0.55921924,0.4134999,0.56779397,0.44034278
1783532919.0659,74,left_shoulder_1_joint,0.09630896,0.5581163,0.067319974,-0.58852035,0.049860064,-0.090965725,0.8017999
1783532919.0659,74,left_arm_joint,0.23823704,0.52844495,0.071252964,-0.35729748,0.42179364,-0.4224643,0.7182984
1783532919.0659,74,left_forearm_joint,0.3146358,0.28684348,-0.009621954,-0.46027756,0.2906354,-0.576837,0.60904413
1783532919.0659,74,left_hand_joint,0.35900638,0.026862927,0.037806295,0.7341263,-0.57926154,0.28577277,-0.20940097
1783532919.0659,74,left_handIndexStart_joint,0.3519789,0.0033043122,0.054780085,0.71379673,-0.59203166,0.3324575,-0.17165348
1783532919.0659,74,left_handIndex_1_joint,0.3582384,-0.07373884,0.07657361,0.71379673,-0.59203166,0.3324575,-0.17165348
1783532919.0659,74,left_handIndex_2_joint,0.36187765,-0.11853137,0.08924426,0.71379673,-0.59203166,0.3324575,-0.17165348
1783532919.0659,74,left_handIndex_3_joint,0.36391562,-0.14361519,0.09633982,0.71379673,-0.59203166,0.3324575,-0.17165348
1783532919.0659,74,left_handIndexEnd_joint,0.36537132,-0.1615322,0.10140809,0.71379673,-0.59203166,0.3324575,-0.17165348
1783532919.0659,74,left_handMidStart_joint,0.36065298,0.0012255859,0.045625046,0.7348079,-0.5788608,0.28359583,-0.21107157
1783532919.0659,74,left_handMid_1_joint,0.37349853,-0.072540835,0.05873114,0.7348079,-0.5788608,0.28359583,-0.21107157
1783532919.0659,74,left_handMid_2_joint,0.38252512,-0.12437669,0.067940824,0.7348079,-0.5788608,0.28359583,-0.21107157
1783532919.0659,74,left_handMid_3_joint,0.3877328,-0.15428199,0.07325411,0.7348079,-0.5788608,0.28359583,-0.21107157
1783532919.0659,74,left_handMidEnd_joint,0.39120457,-0.17421886,0.07679629,0.7348079,-0.5788608,0.28359583,-0.21107157
1783532919.0659,74,left_handPinkyStart_joint,0.37656733,0.0006628728,0.022922184,0.74064183,-0.57982796,0.19567128,-0.27742052
1783532919.0659,74,left_handPinky_1_joint,0.39250773,-0.060771912,0.020898547,0.74064183,-0.57982796,0.19567128,-0.27742052
1783532919.0659,74,left_handPinky_2_joint,0.4023533,-0.09871692,0.019648653,0.74064183,-0.57982796,0.19567128,-0.27742052
1783532919.0659,74,left_handPinky_3_joint,0.4075105,-0.11859288,0.018993948,0.74064183,-0.57982796,0.19567128,-0.27742052
1783532919.0659,74,left_handPinkyEnd_joint,0.4121988,-0.13666193,0.018398758,0.74064183,-0.57982796,0.19567128,-0.27742052
1783532919.0659,74,left_handRingStart_joint,0.36805132,0.00045090436,0.035100516,0.7386333,-0.58,0.24050562,-0.24531226
1783532919.0659,74,left_handRing_1_joint,0.3828259,-0.067641206,0.040041022,0.7386333,-0.58,0.24050562,-0.24531226
1783532919.0659,74,left_handRing_2_joint,0.39325503,-0.11570623,0.043528438,0.7386333,-0.58,0.24050562,-0.24531226
1783532919.0659,74,left_handRing_3_joint,0.39977324,-0.14574687,0.045708075,0.7386333,-0.58,0.24050562,-0.24531226
1783532919.0659,74,left_handRingEnd_joint,0.40411872,-0.16577396,0.047161162,0.7386333,-0.58,0.24050562,-0.24531226
1783532919.0659,74,left_handThumbStart_joint,0.34199816,0.0020749234,0.049024615,0.34753197,-0.2230049,0.8280304,-0.37928382
1783532919.0659,74,left_handThumb_1_joint,0.3167233,-0.039977405,0.07084305,0.34753197,-0.2230049,0.8280304,-0.37928382
1783532919.0659,74,left_handThumb_2_joint,0.29865617,-0.070034295,0.086439915,0.34753197,-0.22300489,0.8280304,-0.37928382
1783532919.0659,74,left_handThumbEnd_joint,0.2866114,-0.09007223,0.09683781,0.3475319,-0.22300483,0.82803047,-0.3792838
1783532919.0659,74,neck_1_joint,0.007357078,0.58154964,0.06894242,0.5979096,0.35134253,0.6160979,0.37347817
1783532919.0659,74,neck_2_joint,0.007175985,0.60795987,0.08317155,0.58689576,0.36596248,0.61135215,0.38454315
1783532919.0659,74,neck_3_joint,0.00656159,0.64394975,0.100617275,0.56932056,0.38940012,0.6010048,0.4037758
1783532919.0659,74,neck_4_joint,0.005534454,0.68109894,0.11541198,0.5526588,0.41084623,0.5890685,0.4228145
1783532919.0659,74,head_joint,0.0040788273,0.7250718,0.13000225,0.49579656,0.47626787,0.5384492,0.4872653
1783532919.0659,74,jaw_joint,0.0046544033,0.6997894,0.13323791,0.49579656,0.47626787,0.5384492,0.4872653
1783532919.0659,74,chin_joint,0.0010831266,0.64279115,0.22935474,0.49579656,0.47626787,0.5384492,0.4872653
1783532919.0659,74,left_eye_joint,0.030666133,0.7523529,0.22030899,0.49993134,0.47192577,0.5426783,0.48255074
1783532919.0659,74,left_eyeLowerLid_joint,0.030666133,0.7523529,0.22030899,0.49993134,0.47192577,0.5426783,0.48255074
1783532919.0659,74,left_eyeUpperLid_joint,0.030666133,0.7523529,0.22030899,0.49993134,0.47192577,0.5426783,0.48255074
1783532919.0659,74,left_eyeball_joint,0.030666133,0.7523529,0.22030899,0.49993134,0.47192577,0.5426783,0.48255074
1783532919.0659,74,nose_joint,-0.0016930252,0.71720856,0.23956893,0.49993378,0.47192305,0.5426809,0.48254788
1783532919.0659,74,right_eye_joint,-0.033843454,0.7504317,0.21677284,0.49993134,0.47192577,0.5426783,0.48255074
1783532919.0659,74,right_eyeLowerLid_joint,-0.033843454,0.7504317,0.21677284,0.49993134,0.47192577,0.5426783,0.48255074
1783532919.0659,74,right_eyeUpperLid_joint,-0.033843454,0.7504317,0.21677284,0.49993134,0.47192577,0.5426783,0.48255074
1783532919.0659,74,right_eyeball_joint,-0.033843454,0.7504317,0.21677284,0.49993134,0.47192577,0.5426783,0.48255074
1783532919.0659,74,right_shoulder_1_joint,-0.08228057,0.56221443,0.06149621,0.79602134,0.0694047,0.07613004,0.59643734
1783532919.0659,74,right_arm_joint,-0.22425102,0.5330148,0.05592471,0.6973063,0.4109575,0.4215229,0.40889677
1783532919.0659,74,right_forearm_joint,-0.30587274,0.28888088,-0.011045951,0.59430087,0.5520504,0.2958896,0.5044766
1783532919.0659,74,right_hand_joint,-0.36358818,0.033047505,0.043967947,0.17102815,0.26281622,0.56854016,0.7605521
1783532919.0659,74,right_handIndexStart_joint,-0.35967663,0.01043329,0.061265837,0.13175736,0.31411713,0.5794175,0.74043643
1783532919.0659,74,right_handIndex_1_joint,-0.37021413,-0.06512411,0.086361304,0.13175736,0.31411713,0.5794175,0.74043643
1783532919.0659,74,right_handIndex_2_joint,-0.37634012,-0.109053135,0.100951396,0.13175736,0.31411713,0.5794175,0.74043643
1783532919.0659,74,right_handIndex_3_joint,-0.37977144,-0.1336535,0.10912234,0.13175736,0.31411713,0.5794175,0.74043643
1783532919.0659,74,right_handIndexEnd_joint,-0.38222232,-0.15122494,0.11495873,0.13175736,0.31411713,0.5794175,0.74043643
1783532919.0659,74,right_handMidStart_joint,-0.3675927,0.008098766,0.051505763,0.17042124,0.2634863,0.568957,0.7601446
1783532919.0659,74,right_handMid_1_joint,-0.3838392,-0.064479895,0.067214325,0.17042124,0.2634863,0.568957,0.7601446
1783532919.0659,74,right_handMid_2_joint,-0.39525583,-0.1154804,0.07825301,0.17042124,0.2634863,0.568957,0.7601446
1783532919.0659,74,right_handMid_3_joint,-0.40184218,-0.144904,0.0846214,0.17042124,0.2634863,0.568957,0.7601446
1783532919.0659,74,right_handMidEnd_joint,-0.40623328,-0.16451931,0.08886707,0.17042129,0.26348633,0.56895703,0.76014453
1783532919.0659,74,right_handPinkyStart_joint,-0.38150778,0.0067404173,0.027557258,0.23519258,0.17448439,0.57503706,0.7639192
1783532919.0659,74,right_handPinky_1_joint,-0.3991467,-0.05426074,0.027309267,0.23519258,0.17448439,0.57503706,0.7639192
1783532919.0659,74,right_handPinky_2_joint,-0.410042,-0.0919386,0.02715648,0.23519258,0.17448439,0.57503706,0.7639192
1783532919.0659,74,right_handPinky_3_joint,-0.41574833,-0.11167438,0.027075943,0.23519261,0.17448439,0.57503706,0.7639192
1783532919.0659,74,right_handPinkyEnd_joint,-0.42093626,-0.12961578,0.02700291,0.23519258,0.17448439,0.57503706,0.7639192
1783532919.0659,74,right_handRingStart_joint,-0.37408054,0.0069563054,0.040428508,0.20383205,0.2198185,0.5726618,0.76301455
1783532919.0659,74,right_handRing_1_joint,-0.3913673,-0.060346026,0.04755318,0.20383205,0.2198185,0.5726618,0.76301455
1783532919.0659,74,right_handRing_2_joint,-0.4035694,-0.107853174,0.052582163,0.20383205,0.2198185,0.5726618,0.76301455
1783532919.0659,74,right_handRing_3_joint,-0.41119623,-0.13754547,0.055725627,0.20383205,0.2198185,0.5726618,0.76301455
1783532919.0659,74,right_handRingEnd_joint,-0.41628012,-0.15734094,0.05782075,0.20383205,0.2198185,0.5726618,0.76301455
1783532919.0659,74,right_handThumbStart_joint,-0.3492817,0.0086260075,0.05647578,0.37204346,0.8121127,0.21221161,0.39626163
1783532919.0659,74,right_handThumb_1_joint,-0.32731467,-0.03285447,0.08255458,0.37204346,0.8121127,0.21221161,0.39626163
1783532919.0659,74,right_handThumb_2_joint,-0.31161243,-0.06250226,0.101196945,0.37204346,0.8121127,0.21221158,0.39626163
1783532919.0659,74,right_handThumbEnd_joint,-0.30114403,-0.08226763,0.11362444,0.37204346,0.8121127,0.21221158,0.39626163
1783532919.0659,74,camera,0.10780035,0.071862146,-0.027311578,-0.073882625,-0.07820488,-0.6969245,0.7090286
1783532919.0992,75,root,-3.0741045e-05,0.019149775,-0.004537388,-0.044418756,0.00093885686,-0.005672391,0.99899644
1783532919.0992,75,hips_joint,-3.0741045e-05,0.019149775,-0.004537388,-0.044418756,0.00093885686,-0.005672391,0.99899644
1783532919.0992,75,left_upLeg_joint,0.100223884,-0.0067913127,-0.0015036514,0.59027636,-0.40072855,0.58995295,-0.37808192
1783532919.0992,75,left_leg_joint,0.0929575,-0.39385977,0.16418023,-0.32375935,0.6280276,-0.36466262,0.60645074
1783532919.0992,75,left_foot_joint,0.067899436,-0.78209454,-0.07618463,0.6421611,-0.29473174,0.6610562,-0.25252143
1783532919.0992,75,left_toes_joint,0.060787,-0.8882637,0.02816104,0.68638355,-0.16767733,0.6969354,-0.12265029
1783532919.0992,75,left_toesEnd_joint,0.059108946,-0.912597,0.08370144,0.6863836,-0.16767712,0.69693536,-0.1226505
1783532919.0992,75,right_upLeg_joint,-0.10084276,-0.004490838,-0.0012277185,0.34855902,0.5939619,0.41467425,0.5947782
1783532919.0992,75,right_leg_joint,-0.080002494,-0.3865655,0.17456783,0.5818717,0.37019265,0.64064974,0.33756557
1783532919.0992,75,right_foot_joint,-0.036580563,-0.78137285,-0.05208397,0.22976248,0.6502504,0.2961538,0.6608149
1783532919.0992,75,right_toes_joint,-0.03344114,-0.88423634,0.055710733,0.102352604,0.682012,0.16553743,0.7049686
1783532919.0992,75,right_toesEnd_joint,-0.034345817,-0.906863,0.11198534,0.10235309,0.68201214,0.16553697,0.7049685
1783532919.0992,75,spine_1_joint,-3.076082e-05,0.019149775,-0.004537388,0.4734874,0.52607197,0.47197118,0.52564317
1783532919.0992,75,spine_2_joint,2.5787296e-05,0.0763777,-0.0106441695,0.47542548,0.52350205,0.47349027,0.5250934
1783532919.0992,75,spine_3_joint,0.00022751326,0.13364428,-0.016373916,0.4897859,0.50588953,0.4874518,0.51631
1783532919.0992,75,spine_4_joint,0.0009136533,0.18664053,-0.018755917,0.5160264,0.47503036,0.51180387,0.49610454
1783532919.0992,75,spine_5_joint,0.002664294,0.25698006,-0.014970735,0.555933,0.42401537,0.55136406,0.45513397
1783532919.0992,75,spine_6_joint,0.0056926776,0.3481936,0.0068741334,0.5670569,0.40292573,0.5709876,0.43597075
1783532919.0992,75,spine_7_joint,0.008156772,0.45022932,0.039292034,0.5580851,0.4113814,0.5703971,0.44040188
1783532919.0992,75,left_shoulder_1_joint,0.09888643,0.5575738,0.06846235,-0.58849084,0.04163143,-0.08593384,0.80284554
1783532919.0992,75,left_arm_joint,0.24129112,0.530452,0.07343688,-0.36830008,0.40550023,-0.41017023,0.72916764
1783532919.0992,75,left_forearm_joint,0.33030608,0.29190016,-0.0034927558,-0.47483674,0.26224554,-0.5668781,0.62000585
1783532919.0992,75,left_hand_joint,0.38919345,0.036797047,0.053628176,0.75235057,-0.5505949,0.2949047,-0.20939358
1783532919.0992,75,left_handIndexStart_joint,0.38329926,0.013454735,0.071317144,0.7314096,-0.56343573,0.34274983,-0.17350285
1783532919.0992,75,left_handIndex_1_joint,0.3937497,-0.06228941,0.09588138,0.7314096,-0.56343573,0.34274983,-0.17350285
1783532919.0992,75,left_handIndex_2_joint,0.39982557,-0.106326714,0.11016292,0.7314096,-0.56343573,0.34274983,-0.17350285
1783532919.0992,75,left_handIndex_3_joint,0.40322807,-0.1309876,0.11816059,0.7314096,-0.56343573,0.34274983,-0.17350285
1783532919.0992,75,left_handIndexEnd_joint,0.4056584,-0.14860252,0.123873204,0.7314096,-0.56343573,0.34274983,-0.17350285
1783532919.0992,75,left_handMidStart_joint,0.39222643,0.011585312,0.06236244,0.7530651,-0.55019933,0.29267767,-0.21098368
1783532919.0992,75,left_handMid_1_joint,0.40919608,-0.060793936,0.07822253,0.7530651,-0.55019933,0.29267767,-0.21098368
1783532919.0992,75,left_handMid_2_joint,0.4211207,-0.11165503,0.089367464,0.7530651,-0.55019933,0.29267767,-0.21098368
1783532919.0992,75,left_handMid_3_joint,0.4280003,-0.14099796,0.09579723,0.7530651,-0.55019933,0.29267767,-0.21098368
1783532919.0992,75,left_handMidEnd_joint,0.43258667,-0.16055992,0.10008374,0.7530651,-0.55019933,0.29267767,-0.21098368
1783532919.0992,75,left_handPinkyStart_joint,0.40850756,0.011197283,0.039917458,0.7607312,-0.5520168,0.2028982,-0.27458766
1783532919.0992,75,left_handPinky_1_joint,0.42807993,-0.04921153,0.040269766,0.7607312,-0.5520168,0.2028982,-0.27458766
1783532919.0992,75,left_handPinky_2_joint,0.44016874,-0.086522855,0.04048737,0.7607312,-0.5520168,0.2028982,-0.27458766
1783532919.0992,75,left_handPinky_3_joint,0.446501,-0.10606688,0.040601354,0.7607312,-0.5520168,0.2028982,-0.27458766
1783532919.0992,75,left_handPinkyEnd_joint,0.45225757,-0.12383418,0.040704973,0.7607312,-0.5520168,0.2028982,-0.27458766
1783532919.0992,75,left_handRingStart_joint,0.39982513,0.010894062,0.051975746,0.7578373,-0.5517132,0.248646,-0.24386632
1783532919.0992,75,left_handRing_1_joint,0.41851565,-0.05598808,0.059504192,0.7578373,-0.5517132,0.248646,-0.24386632
1783532919.0992,75,left_handRing_2_joint,0.43170896,-0.10319901,0.06481839,0.7578373,-0.5517132,0.248646,-0.24386632
1783532919.0992,75,left_handRing_3_joint,0.4399548,-0.13270584,0.06813977,0.7578373,-0.5517132,0.248646,-0.24386632
1783532919.0992,75,left_handRingEnd_joint,0.445452,-0.15237705,0.070354015,0.7578373,-0.5517132,0.248646,-0.24386632
1783532919.0992,75,left_handThumbStart_joint,0.37350196,0.01143692,0.06546956,0.3542947,-0.19537924,0.8227217,-0.39928895
1783532919.0992,75,left_handThumb_1_joint,0.35040957,-0.031277534,0.08839296,0.3542947,-0.19537924,0.8227217,-0.39928895
1783532919.0992,75,left_handThumb_2_joint,0.33390236,-0.061807718,0.10477957,0.3542947,-0.19537924,0.8227217,-0.39928895
1783532919.0992,75,left_handThumbEnd_joint,0.32289755,-0.08216117,0.11570398,0.3542947,-0.1953792,0.8227217,-0.39928895
1783532919.0992,75,neck_1_joint,0.009907441,0.5809316,0.0696226,0.5963224,0.349699,0.61852133,0.37355268
1783532919.0992,75,neck_2_joint,0.00961596,0.6073066,0.08391503,0.5851178,0.36460176,0.6136011,0.38496274
1783532919.0992,75,neck_3_joint,0.008860703,0.6432705,0.1014087,0.56748223,0.38810965,0.6031518,0.40440398
1783532919.0992,75,neck_4_joint,0.007707009,0.68040353,0.11623468,0.5508571,0.40949506,0.59118396,0.42352304
1783532919.0992,75,head_joint,0.0061196517,0.7243599,0.13086052,0.49415383,0.474716,0.540453,0.4882286
1783532919.0992,75,jaw_joint,0.006699073,0.69907486,0.13407388,0.49415383,0.474716,0.540453,0.4882286
1783532919.0992,75,chin_joint,0.0025871824,0.6419746,0.23010854,0.49415383,0.474716,0.540453,0.4882286
1783532919.0992,75,left_eye_joint,0.032122117,0.7515733,0.2213578,0.49827522,0.4703884,0.5446904,0.48349664
1783532919.0992,75,left_eyeLowerLid_joint,0.032122117,0.7515733,0.2213578,0.49827522,0.4703884,0.5446904,0.48349664
1783532919.0992,75,left_eyeUpperLid_joint,0.032122117,0.7515733,0.2213578,0.49827522,0.4703884,0.5446904,0.48349664
1783532919.0992,75,left_eyeball_joint,0.032122117,0.7515733,0.2213578,0.49827522,0.4703884,0.5446904,0.48349664
1783532919.0992,75,nose_joint,-0.00032235085,0.7163789,0.24038132,0.49827766,0.47038573,0.54469293,0.48349375
1783532919.0992,75,right_eye_joint,-0.032362506,0.7495952,0.21742068,0.49827522,0.4703884,0.5446904,0.48349664
1783532919.0992,75,right_eyeLowerLid_joint,-0.032362506,0.7495952,0.21742068,0.49827522,0.4703884,0.5446904,0.48349664
1783532919.0992,75,right_eyeUpperLid_joint,-0.032362506,0.7495952,0.21742068,0.49827522,0.4703884,0.5446904,0.48349664
1783532919.0992,75,right_eyeball_joint,-0.032362506,0.7495952,0.21742068,0.49827522,0.4703884,0.5446904,0.48349664
1783532919.0992,75,right_shoulder_1_joint,-0.079667434,0.5615524,0.06156091,0.79464763,0.06407416,0.079146475,0.59846944
1783532919.0992,75,right_arm_joint,-0.2217084,0.53304064,0.054439835,0.6975552,0.3993894,0.4155458,0.4257074
1783532919.0992,75,right_forearm_joint,-0.3109785,0.29072905,-0.009313325,0.5994271,0.5329134,0.27416635,0.5305881
1783532919.0992,75,right_hand_joint,-0.38645843,0.041563474,0.05415007,0.1594078,0.26060617,0.5396742,0.78449064
1783532919.0992,75,right_handIndexStart_joint,-0.38436216,0.019436168,0.07236841,0.12213716,0.31356245,0.54983795,0.7644865
1783532919.0992,75,right_handIndex_1_joint,-0.4003208,-0.054231092,0.10008478,0.12213716,0.31356245,0.54983795,0.7644865
1783532919.0992,75,right_handIndex_2_joint,-0.40959862,-0.09706123,0.11619868,0.12213716,0.31356245,0.54983795,0.7644865
1783532919.0992,75,right_handIndex_3_joint,-0.41479498,-0.12104618,0.12522295,0.12213716,0.31356245,0.54983795,0.7644865
1783532919.0992,75,right_handIndexEnd_joint,-0.41850656,-0.13817802,0.13166884,0.12213716,0.31356245,0.54983795,0.7644865
1783532919.0992,75,right_handMidStart_joint,-0.39223826,0.017243875,0.06254321,0.15882726,0.26130772,0.54008543,0.7840919
1783532919.0992,75,right_handMid_1_joint,-0.4135266,-0.053447492,0.08065138,0.15882726,0.26130772,0.54008543,0.7840919
1783532919.0992,75,right_handMid_2_joint,-0.42848614,-0.10312177,0.093376234,0.15882726,0.26130772,0.54008543,0.7840919
1783532919.0992,75,right_handMid_3_joint,-0.43711647,-0.13178025,0.100717425,0.15882726,0.26130772,0.54008543,0.7840919
1783532919.0992,75,right_handMidEnd_joint,-0.44287017,-0.15088548,0.10561163,0.15882729,0.26130772,0.54008543,0.7840919
1783532919.0992,75,right_handPinkyStart_joint,-0.40577933,0.01586181,0.03838259,0.22049005,0.17032507,0.5483755,0.788453
1783532919.0992,75,right_handPinky_1_joint,-0.42740434,-0.043819044,0.04008209,0.22049005,0.17032507,0.5483755,0.788453
1783532919.0992,75,right_handPinky_2_joint,-0.4407617,-0.08068136,0.04113218,0.22049005,0.17032507,0.5483755,0.788453
1783532919.0992,75,right_handPinky_3_joint,-0.44775763,-0.09999003,0.04168173,0.22049007,0.17032507,0.5483755,0.788453
1783532919.0992,75,right_handPinkyEnd_joint,-0.45411795,-0.117543116,0.04218148,0.22049005,0.17032507,0.5483755,0.788453
1783532919.0992,75,right_handRingStart_joint,-0.39858696,0.016095305,0.051386252,0.19068503,0.2166185,0.54485625,0.787304
1783532919.0992,75,right_handRing_1_joint,-0.4204098,-0.049602956,0.06069736,0.19068503,0.2166185,0.54485625,0.787304
1783532919.0992,75,right_handRing_2_joint,-0.43581384,-0.09597785,0.06726971,0.19068503,0.2166185,0.54485625,0.787304
1783532919.0992,75,right_handRing_3_joint,-0.44544193,-0.12496244,0.071377784,0.19068503,0.2166185,0.54485625,0.787304
1783532919.0992,75,right_handRingEnd_joint,-0.45186,-0.14428617,0.07411601,0.19068503,0.2166185,0.54485625,0.787304
1783532919.0992,75,right_handThumbStart_joint,-0.37402493,0.016767358,0.06786469,0.3887857,0.79951584,0.18695967,0.41793123
1783532919.0992,75,right_handThumb_1_joint,-0.3553207,-0.025007805,0.09594086,0.3887857,0.79951584,0.18695962,0.41793123
1783532919.0992,75,right_handThumb_2_joint,-0.34195057,-0.05486621,0.11601085,0.3887857,0.79951584,0.18695962,0.41793123
1783532919.0992,75,right_handThumbEnd_joint,-0.33303687,-0.07477203,0.1293901,0.3887857,0.79951584,0.18695962,0.41793123
1783532919.0992,75,camera,0.108095795,0.07192494,-0.027243925,-0.074137904,-0.078413084,-0.6970233,0.7088819
1783532919.1325,76,root,-0.00033270742,0.019277671,-0.0046359934,-0.052122016,0.00016390135,-0.005170638,0.9986273
1783532919.1325,76,hips_joint,-0.00033270742,0.019277671,-0.0046359934,-0.052122016,0.00016390135,-0.005170638,0.9986273
1783532919.1325,76,left_upLeg_joint,0.09994521,-0.0065039718,-0.0010612091,0.6000102,-0.38848877,0.5936247,-0.36969405
1783532919.1325,76,left_leg_joint,0.09715422,-0.38764817,0.17795624,-0.3235104,0.63027066,-0.3605478,0.6067168
1783532919.1325,76,left_foot_joint,0.07224406,-0.77420896,-0.06510671,0.64334834,-0.29665104,0.65798104,-0.25526845
1783532919.1325,76,left_toes_joint,0.06600235,-0.88115764,0.038495835,0.68791306,-0.1693368,0.69443667,-0.12593037
1783532919.1325,76,left_toesEnd_joint,0.064678244,-0.90589976,0.09386493,0.6879131,-0.16933657,0.6944366,-0.12593058
1783532919.1325,76,right_upLeg_joint,-0.10112397,-0.0044191824,-0.0011037728,0.34664404,0.5976982,0.4114454,0.59439665
1783532919.1325,76,right_leg_joint,-0.078780375,-0.38487712,0.1779827,0.589162,0.36538553,0.640324,0.33070648
1783532919.1325,76,right_foot_joint,-0.03897412,-0.77544487,-0.05654165,0.23846595,0.650962,0.30012727,0.65521455
1783532919.1325,76,right_toes_joint,-0.034852523,-0.88032746,0.049255885,0.110763445,0.68436027,0.17050031,0.70022285
1783532919.1325,76,right_toesEnd_joint,-0.0351656,-0.90400785,0.1051017,0.110763945,0.6843604,0.17049983,0.7002228
1783532919.1325,76,spine_1_joint,-0.0003327272,0.019277671,-0.0046359934,0.46990222,0.52859217,0.46799374,0.5298715
1783532919.1325,76,spine_2_joint,-0.00015177704,0.07641193,-0.01156243,0.47346753,0.524629,0.46985316,0.5289905
1783532919.1325,76,spine_3_joint,0.00030892872,0.13361287,-0.017900564,0.49030223,0.50487036,0.48539108,0.51875365
1783532919.1325,76,spine_4_joint,0.0013171246,0.18659677,-0.020438151,0.5188968,0.47155392,0.5116833,0.49655136
1783532919.1325,76,spine_5_joint,0.0035491707,0.25689933,-0.016241316,0.56010294,0.41837665,0.5528699,0.45341003
1783532919.1325,76,spine_6_joint,0.007155757,0.3477947,0.0068086814,0.5706825,0.39751035,0.57299465,0.4335713
1783532919.1325,76,spine_7_joint,0.010054822,0.44936502,0.040622186,0.5589167,0.40953732,0.57164747,0.43944365
1783532919.1325,76,left_shoulder_1_joint,0.10080542,0.55651426,0.07043812,-0.5887948,0.03395117,-0.08313443,0.8032788
1783532919.1325,76,left_arm_joint,0.2435158,0.5313422,0.076726556,-0.37973043,0.38662013,-0.39754587,0.74046415
1783532919.1325,76,left_forearm_joint,0.34591115,0.2966465,0.0047410107,-0.48628157,0.2348163,-0.55404454,0.6335821
1783532919.1325,76,left_hand_joint,0.41981512,0.04731649,0.06940026,0.7696613,-0.52096564,0.3011628,-0.21334814
1783532919.1325,76,left_handIndexStart_joint,0.41511005,0.02409909,0.087602384,0.74829733,-0.5341345,0.350113,-0.17936648
1783532919.1325,76,left_handIndex_1_joint,0.42990664,-0.050186556,0.11429485,0.74829733,-0.5341345,0.350113,-0.17936648
1783532919.1325,76,left_handIndex_2_joint,0.43850932,-0.093375884,0.12981373,0.74829733,-0.5341345,0.350113,-0.17936648
1783532919.1325,76,left_handIndex_3_joint,0.44332683,-0.11756191,0.1385043,0.74829733,-0.5341345,0.350113,-0.17936648
1783532919.1325,76,left_handIndexEnd_joint,0.44676793,-0.13483764,0.14471184,0.74829733,-0.5341345,0.350113,-0.17936648
1783532919.1325,76,left_handMidStart_joint,0.42428634,0.02257596,0.0788359,0.770401,-0.52056354,0.29888743,-0.2148544
1783532919.1325,76,left_handMid_1_joint,0.44552183,-0.048157386,0.09683893,0.770401,-0.52056354,0.29888743,-0.2148544
1783532919.1325,76,left_handMid_2_joint,0.4604441,-0.0978619,0.10948971,0.770401,-0.52056354,0.29888743,-0.2148544
1783532919.1325,76,left_handMid_3_joint,0.46905306,-0.12653758,0.11678823,0.770401,-0.52056354,0.29888743,-0.2148544
1783532919.1325,76,left_handMidEnd_joint,0.4747924,-0.1456547,0.121653914,0.770401,-0.52056354,0.29888743,-0.2148544
1783532919.1325,76,left_handPinkyStart_joint,0.44093367,0.0226587,0.05665795,0.7796531,-0.52278143,0.207233,-0.27549127
1783532919.1325,76,left_handPinky_1_joint,0.46427095,-0.03635679,0.058886617,0.7796531,-0.52278143,0.207233,-0.27549127
1783532919.1325,76,left_handPinky_2_joint,0.47868517,-0.07280754,0.060263142,0.7796531,-0.52278143,0.207233,-0.27549127
1783532919.1325,76,left_handPinky_3_joint,0.48623547,-0.09190079,0.06098418,0.7796531,-0.52278143,0.207233,-0.27549127
1783532919.1325,76,left_handPinkyEnd_joint,0.49309936,-0.10925829,0.06163967,0.7796531,-0.52278143,0.207233,-0.27549127
1783532919.1325,76,left_handRingStart_joint,0.43208668,0.022107849,0.06858715,0.7759918,-0.52222794,0.25389874,-0.24627279
1783532919.1325,76,left_handRing_1_joint,0.45483217,-0.043241434,0.078144625,0.7759918,-0.52222794,0.25389874,-0.24627279
1783532919.1325,76,left_handRing_2_joint,0.47088787,-0.08937035,0.08489108,0.7759918,-0.52222794,0.25389874,-0.24627279
1783532919.1325,76,left_handRing_3_joint,0.48092264,-0.11820091,0.08910762,0.7759918,-0.52222794,0.25389874,-0.24627279
1783532919.1325,76,left_handRingEnd_joint,0.48761252,-0.13742128,0.09191864,0.7759918,-0.52222794,0.25389874,-0.24627279
1783532919.1325,76,left_handThumbStart_joint,0.40555912,0.021316614,0.081661865,0.35882035,-0.17028905,0.81490207,-0.42211884
1783532919.1325,76,left_handThumb_1_joint,0.38482738,-0.02218852,0.105342254,0.35882035,-0.17028905,0.81490207,-0.42211884
1783532919.1325,76,left_handThumb_2_joint,0.37000743,-0.053283915,0.12226989,0.35882035,-0.17028902,0.81490207,-0.42211884
1783532919.1325,76,left_handThumbEnd_joint,0.36012748,-0.07401419,0.13355498,0.35882032,-0.17028897,0.8149021,-0.42211878
1783532919.1325,76,neck_1_joint,0.011837754,0.5799151,0.071599595,0.5964401,0.34856585,0.6192603,0.37319958
1783532919.1325,76,neck_2_joint,0.011538863,0.6062555,0.08595562,0.58482915,0.36409894,0.6140271,0.3851984
1783532919.1325,76,neck_3_joint,0.010771074,0.64221215,0.103463665,0.5668827,0.3880407,0.6033215,0.40505797
1783532919.1325,76,neck_4_joint,0.009605279,0.6793604,0.11825035,0.55025965,0.4094082,0.59132797,0.4241829
1783532919.1325,76,head_joint,0.008007922,0.7233321,0.13282934,0.49356973,0.47456306,0.5405135,0.48890123
1783532919.1325,76,jaw_joint,0.008575892,0.6980501,0.13606915,0.49356973,0.47456306,0.5405135,0.48890123
1783532919.1325,76,chin_joint,0.0043068263,0.64104813,0.23215537,0.49356973,0.47456306,0.5405135,0.48890123
1783532919.1325,76,left_eye_joint,0.033883702,0.7506302,0.22333744,0.49768972,0.4702404,0.54475677,0.4841687
1783532919.1325,76,left_eyeLowerLid_joint,0.033883702,0.7506302,0.22333744,0.49768972,0.4702404,0.54475677,0.4841687
1783532919.1325,76,left_eyeUpperLid_joint,0.033883702,0.7506302,0.22333744,0.49768972,0.4702404,0.54475677,0.4841687
1783532919.1325,76,left_eyeball_joint,0.033883702,0.7506302,0.22333744,0.49768972,0.4702404,0.54475677,0.4841687
1783532919.1325,76,nose_joint,0.0014018029,0.71546364,0.24234855,0.49769226,0.47023788,0.54475933,0.48416582
1783532919.1325,76,right_eye_joint,-0.030595576,0.74866515,0.21930695,0.49768972,0.4702404,0.54475677,0.4841687
1783532919.1325,76,right_eyeLowerLid_joint,-0.030595576,0.74866515,0.21930695,0.49768972,0.4702404,0.54475677,0.4841687
1783532919.1325,76,right_eyeUpperLid_joint,-0.030595576,0.74866515,0.21930695,0.49768972,0.4702404,0.54475677,0.4841687
1783532919.1325,76,right_eyeball_joint,-0.030595576,0.74866515,0.21930695,0.49768972,0.4702404,0.54475677,0.4841687
1783532919.1325,76,right_shoulder_1_joint,-0.07773725,0.56062526,0.06332758,0.79283154,0.06414951,0.077498384,0.60107994
1783532919.1325,76,right_arm_joint,-0.2198503,0.53235734,0.056688916,0.6986657,0.39468738,0.40427884,0.4389155
1783532919.1325,76,right_forearm_joint,-0.3160204,0.29126835,-0.0014137649,0.6020212,0.5226859,0.25270903,0.54818606
1783532919.1325,76,right_hand_joint,-0.4033454,0.048379973,0.07061295,0.15088893,0.26535144,0.51638263,0.8001063
1783532919.1325,76,right_handIndexStart_joint,-0.40233135,0.02684175,0.08961284,0.11523459,0.31937405,0.5260276,0.7797538
1783532919.1325,76,right_handIndex_1_joint,-0.4218137,-0.044951685,0.119876325,0.11523459,0.31937405,0.5260276,0.7797538
1783532919.1325,76,right_handIndex_2_joint,-0.43314016,-0.08669243,0.13747111,0.11523459,0.31937405,0.5260276,0.7797538
1783532919.1325,76,right_handIndex_3_joint,-0.43948382,-0.11006725,0.14732467,0.11523459,0.31937405,0.5260276,0.7797538
1783532919.1325,76,right_handIndexEnd_joint,-0.44401485,-0.1267633,0.15436292,0.11523459,0.31937405,0.5260276,0.7797538
1783532919.1325,76,right_handMidStart_joint,-0.41028675,0.024676232,0.07984576,0.15033187,0.26607424,0.51678985,0.79970807
1783532919.1325,76,right_handMid_1_joint,-0.434936,-0.044236545,0.1003838,0.15033187,0.26607424,0.51678985,0.79970807
1783532919.1325,76,right_handMid_2_joint,-0.4522572,-0.092660986,0.11481612,0.15033187,0.26607424,0.51678985,0.79970807
1783532919.1325,76,right_handMid_3_joint,-0.46225002,-0.12059842,0.12314239,0.15033187,0.26607424,0.51678985,0.79970807
1783532919.1325,76,right_handMidEnd_joint,-0.46891207,-0.13922292,0.1286933,0.15033187,0.26607424,0.51678985,0.79970807
1783532919.1325,76,right_handPinkyStart_joint,-0.42383903,0.023076886,0.05570486,0.2097213,0.1738111,0.52666855,0.8052496
1783532919.1325,76,right_handPinky_1_joint,-0.44827536,-0.035413742,0.05945235,0.2097213,0.1738111,0.52666855,0.8052496
1783532919.1325,76,right_handPinky_2_joint,-0.4633691,-0.07154088,0.06176739,0.2097213,0.1738111,0.52666855,0.8052496
1783532919.1325,76,right_handPinky_3_joint,-0.47127458,-0.090464495,0.06297953,0.20972133,0.1738111,0.52666855,0.8052496
1783532919.1325,76,right_handPinkyEnd_joint,-0.47846174,-0.10766751,0.06408163,0.2097213,0.1738111,0.52666855,0.8052496
1783532919.1325,76,right_handRingStart_joint,-0.41666472,0.023432758,0.06871572,0.18105242,0.22072995,0.5223172,0.80354404
1783532919.1325,76,right_handRing_1_joint,-0.44159663,-0.040783968,0.080283135,0.18105242,0.22072995,0.5223172,0.80354404
1783532919.1325,76,right_handRing_2_joint,-0.4591953,-0.08611309,0.08844815,0.18105242,0.22072995,0.5223172,0.80354404
1783532919.1325,76,right_handRing_3_joint,-0.470195,-0.11444403,0.09355164,0.18105242,0.22072995,0.5223172,0.80354404
1783532919.1325,76,right_handRingEnd_joint,-0.47752753,-0.13333206,0.09695351,0.18105242,0.22072995,0.5223172,0.80354404
1783532919.1325,76,right_handThumbStart_joint,-0.39212516,0.02352729,0.085241005,0.3999103,0.7927542,0.16320767,0.43008816
1783532919.1325,76,right_handThumb_1_joint,-0.3754705,-0.018059699,0.11484546,0.3999103,0.7927542,0.16320767,0.43008816
1783532919.1325,76,right_handThumb_2_joint,-0.36356524,-0.047783572,0.1360078,0.3999103,0.7927542,0.16320762,0.43008816
1783532919.1325,76,right_handThumbEnd_joint,-0.3556282,-0.06759975,0.1501153,0.3999103,0.7927542,0.16320762,0.43008816
1783532919.1325,76,camera,0.10859534,0.07169269,-0.026817285,-0.07417002,-0.07874919,-0.69689435,0.708968
1783532919.1656,77,root,-0.00058623834,0.019578481,-0.004876794,-0.056196537,-0.00034681067,-0.004796476,0.99840814
1783532919.1656,77,hips_joint,-0.00058623834,0.019578481,-0.004876794,-0.056196537,-0.00034681067,-0.004796476,0.99840814
1783532919.1656,77,left_upLeg_joint,0.09970874,-0.0060925386,-0.0009977791,0.6071585,-0.38089943,0.59477454,-0.36402917
1783532919.1656,77,left_leg_joint,0.100684695,-0.38321507,0.18636173,-0.32247737,0.6340224,-0.35738546,0.6052269
1783532919.1656,77,left_foot_joint,0.07351265,-0.7680451,-0.059192523,0.6448488,-0.30024156,0.65457284,-0.25604567
1783532919.1656,77,left_toes_joint,0.06796551,-0.875709,0.043706473,0.6900669,-0.17257781,0.69123757,-0.1273395
1783532919.1656,77,left_toesEnd_joint,0.06704476,-0.90083593,0.098910175,0.6900669,-0.1725776,0.6912375,-0.12733969
1783532919.1656,77,right_upLeg_joint,-0.1013619,-0.004169712,-0.0012454739,0.3492409,0.59683466,0.4106006,0.5943285
1783532919.1656,77,right_leg_joint,-0.08047186,-0.38523436,0.17672314,0.5946434,0.3593748,0.6399762,0.32814583
1783532919.1656,77,right_foot_joint,-0.045057163,-0.7727609,-0.06348204,0.24648774,0.64961064,0.30143273,0.65298426
1783532919.1656,77,right_toes_joint,-0.041225385,-0.8791553,0.040806234,0.118895955,0.68455386,0.17220479,0.6982805
1783532919.1656,77,right_toesEnd_joint,-0.041435465,-0.9036179,0.09631437,0.11889643,0.684554,0.17220432,0.69828045
1783532919.1656,77,spine_1_joint,-0.00058625813,0.019578481,-0.004876794,0.4675026,0.5305973,0.46559623,0.53209776
1783532919.1656,77,spine_2_joint,-0.00039211387,0.07664771,-0.012319788,0.47196823,0.5261519,0.46750703,0.5308931
1783532919.1656,77,spine_3_joint,0.00013753299,0.13380037,-0.01907442,0.4905475,0.50518453,0.48406547,0.51945376
1783532919.1656,77,spine_4_joint,0.0012484014,0.18677677,-0.021723194,0.521014,0.4702279,0.51156825,0.49570975
1783532919.1656,77,spine_5_joint,0.0036726748,0.25705484,-0.01723352,0.56357294,0.41534618,0.55358696,0.4510153
1783532919.1656,77,spine_6_joint,0.0076053794,0.34770918,0.0066956566,0.5743649,0.39419842,0.5738687,0.43056646
1783532919.1656,77,spine_7_joint,0.010852669,0.44888985,0.041627377,0.5617722,0.40785867,0.57158136,0.437445
1783532919.1656,77,left_shoulder_1_joint,0.10192099,0.55565995,0.07183199,-0.5856845,0.030033644,-0.07731965,0.8062837
1783532919.1656,77,left_arm_joint,0.24497478,0.5324718,0.077944174,-0.3865586,0.37742606,-0.37888306,0.7513786
1783532919.1656,77,left_forearm_joint,0.35881546,0.30341387,0.004995079,-0.49270552,0.22249897,-0.530473,0.6529426
1783532919.1656,77,left_hand_joint,0.44943905,0.059027728,0.06721132,0.7864432,-0.49694273,0.28975052,-0.22494406
1783532919.1656,77,left_handIndexStart_joint,0.4463848,0.035405863,0.08524415,0.76579654,-0.51092046,0.3398037,-0.19248283
1783532919.1656,77,left_handIndex_1_joint,0.4662205,-0.037944563,0.11124502,0.76579654,-0.51092046,0.3398037,-0.19248283
1783532919.1656,77,left_handIndex_2_joint,0.4777529,-0.08059016,0.1263618,0.76579654,-0.51092046,0.3398037,-0.19248283
1783532919.1656,77,left_handIndex_3_joint,0.48421103,-0.1044717,0.13482721,0.76579654,-0.51092046,0.3398037,-0.19248283
1783532919.1656,77,left_handIndexEnd_joint,0.48882398,-0.12152994,0.14087392,0.76579654,-0.51092046,0.3398037,-0.19248283
1783532919.1656,77,left_handMidStart_joint,0.45559257,0.03456405,0.07641893,0.78715694,-0.49651113,0.2874261,-0.22637811
1783532919.1656,77,left_handMid_1_joint,0.4815688,-0.034746177,0.09372755,0.78715694,-0.49651113,0.2874261,-0.22637811
1783532919.1656,77,left_handMid_2_joint,0.4998224,-0.08345066,0.105890356,0.78715694,-0.49651113,0.2874261,-0.22637811
1783532919.1656,77,left_handMid_3_joint,0.5103533,-0.11154939,0.11290737,0.78715694,-0.49651113,0.2874261,-0.22637811
1783532919.1656,77,left_handMidEnd_joint,0.5173739,-0.13028188,0.11758537,0.78715694,-0.49651113,0.2874261,-0.22637811
1783532919.1656,77,left_handPinkyStart_joint,0.4720732,0.03592622,0.054158296,0.7959866,-0.49821132,0.1937788,-0.2839733
1783532919.1656,77,left_handPinky_1_joint,0.49928167,-0.021427896,0.055779696,0.7959866,-0.49821132,0.1937788,-0.2839733
1783532919.1656,77,left_handPinky_2_joint,0.51608694,-0.056852493,0.056781147,0.7959866,-0.49821132,0.1937788,-0.2839733
1783532919.1656,77,left_handPinky_3_joint,0.52488965,-0.075408235,0.057305716,0.7959866,-0.49821132,0.1937788,-0.2839733
1783532919.1656,77,left_handPinkyEnd_joint,0.53289217,-0.09227709,0.057782598,0.7959866,-0.49821132,0.1937788,-0.2839733
1783532919.1656,77,left_handRingStart_joint,0.46334913,0.03469543,0.066127226,0.7925522,-0.4978907,0.24139924,-0.2563053
1783532919.1656,77,left_handRing_1_joint,0.49042797,-0.029075673,0.07502763,0.7925522,-0.4978907,0.24139924,-0.2563053
1783532919.1656,77,left_handRing_2_joint,0.5095424,-0.07409058,0.08131027,0.7925522,-0.4978907,0.24139924,-0.2563053
1783532919.1656,77,left_handRing_3_joint,0.52148896,-0.10222488,0.08523692,0.7925522,-0.4978907,0.24139924,-0.2563053
1783532919.1656,77,left_handRingEnd_joint,0.5294533,-0.12098109,0.08785469,0.7925522,-0.4978907,0.24139924,-0.2563053
1783532919.1656,77,left_handThumbStart_joint,0.43700606,0.032043442,0.0793293,0.36473063,-0.16272739,0.79879814,-0.44990346
1783532919.1656,77,left_handThumb_1_joint,0.41933566,-0.012926921,0.102753334,0.36473063,-0.16272739,0.79879814,-0.44990346
1783532919.1656,77,left_handThumb_2_joint,0.40670383,-0.04506973,0.11949775,0.36473063,-0.16272739,0.79879814,-0.44990346
1783532919.1656,77,left_handThumbEnd_joint,0.39828262,-0.06649828,0.1306607,0.3647306,-0.16272736,0.79879814,-0.44990346
1783532919.1656,77,neck_1_joint,0.013004921,0.5792284,0.07345998,0.59831977,0.3478618,0.6182833,0.37246692
1783532919.1656,77,neck_2_joint,0.012807997,0.6055338,0.08788183,0.5860122,0.36452276,0.6124697,0.3854787
1783532919.1656,77,neck_3_joint,0.012168325,0.6415104,0.10535374,0.56756794,0.38918403,0.6013689,0.40590373
1783532919.1656,77,neck_4_joint,0.011119622,0.6787093,0.120021455,0.5508801,0.41061854,0.58932996,0.424987
1783532919.1656,77,head_joint,0.009650334,0.7227335,0.13445476,0.4940549,0.47584462,0.53843874,0.48945418
1783532919.1656,77,jaw_joint,0.01018308,0.6974618,0.13777934,0.4940549,0.47584462,0.53843874,0.48945418
1783532919.1656,77,chin_joint,0.0061279857,0.64079696,0.23407401,0.4940549,0.47584462,0.53843874,0.48945418
1783532919.1656,77,left_eye_joint,0.03587458,0.75029397,0.22478287,0.49818614,0.47151777,0.54268694,0.48473972
1783532919.1656,77,left_eyeLowerLid_joint,0.03587458,0.75029397,0.22478287,0.49818614,0.47151777,0.54268694,0.48473972
1783532919.1656,77,left_eyeUpperLid_joint,0.03587458,0.75029397,0.22478287,0.49818614,0.47151777,0.54268694,0.48473972
1783532919.1656,77,left_eyeball_joint,0.03587458,0.75029397,0.22478287,0.49818614,0.47151777,0.54268694,0.48473972
1783532919.1656,77,nose_joint,0.0033918445,0.71525204,0.24402145,0.49818873,0.47151524,0.5426894,0.48473692
1783532919.1656,77,right_eye_joint,-0.028621111,0.748433,0.2209718,0.49818614,0.47151777,0.54268694,0.48473972
1783532919.1656,77,right_eyeLowerLid_joint,-0.028621111,0.748433,0.2209718,0.49818614,0.47151777,0.54268694,0.48473972
1783532919.1656,77,right_eyeUpperLid_joint,-0.028621111,0.748433,0.2209718,0.49818614,0.47151777,0.54268694,0.48473972
1783532919.1656,77,right_eyeball_joint,-0.028621111,0.748433,0.2209718,0.49818614,0.47151777,0.54268694,0.48473972
1783532919.1656,77,right_shoulder_1_joint,-0.076636836,0.5601708,0.0653749,0.79455334,0.06255564,0.07231352,0.5996187
1783532919.1656,77,right_arm_joint,-0.21903381,0.533173,0.059588198,0.7041977,0.38790444,0.39616004,0.44350067
1783532919.1656,77,right_forearm_joint,-0.32148483,0.29439285,0.0026996136,0.6082716,0.51477987,0.24053219,0.55421257
1783532919.1656,77,right_hand_joint,-0.41642466,0.05513153,0.07718934,0.1522539,0.26636562,0.5018998,0.80868083
1783532919.1656,77,right_handIndexStart_joint,-0.41605267,0.033745322,0.09638338,0.117587894,0.32097405,0.51167774,0.78824776
1783532919.1656,77,right_handIndex_1_joint,-0.43776226,-0.03709989,0.12735735,0.117587894,0.32097405,0.51167774,0.78824776
1783532919.1656,77,right_handIndex_2_joint,-0.45038366,-0.07828935,0.14536522,0.117587894,0.32097405,0.51167774,0.78824776
1783532919.1656,77,right_handIndex_3_joint,-0.45745245,-0.10135543,0.1554501,0.117587894,0.32097405,0.51167774,0.78824776
1783532919.1656,77,right_handIndexEnd_joint,-0.46250144,-0.117830954,0.16265358,0.117587894,0.32097405,0.51167774,0.78824776
1783532919.1656,77,right_handMidStart_joint,-0.42410335,0.031750478,0.08665814,0.15171105,0.26709864,0.50231093,0.80828565
1783532919.1656,77,right_handMid_1_joint,-0.4509128,-0.036136407,0.107894644,0.15171105,0.26709864,0.50231093,0.80828565
1783532919.1656,77,right_handMid_2_joint,-0.46975204,-0.083839945,0.12281776,0.15171105,0.26709864,0.50231093,0.80828565
1783532919.1656,77,right_handMid_3_joint,-0.48062065,-0.11136148,0.13142718,0.15171105,0.26709864,0.50231093,0.80828565
1783532919.1656,77,right_handMidEnd_joint,-0.48786655,-0.12970872,0.13716686,0.15171105,0.26709864,0.50231093,0.80828565
1783532919.1656,77,right_handPinkyStart_joint,-0.43777278,0.030372497,0.06256967,0.20958377,0.17393821,0.5124351,0.8143896
1783532919.1656,77,right_handPinky_1_joint,-0.46408185,-0.027257688,0.066920124,0.20958377,0.17393821,0.5124351,0.8143896
1783532919.1656,77,right_handPinky_2_joint,-0.48033231,-0.06285334,0.06960759,0.20958377,0.17393821,0.5124351,0.8143896
1783532919.1656,77,right_handPinky_3_joint,-0.4888437,-0.08149859,0.07101481,0.2095838,0.17393821,0.5124351,0.8143896
1783532919.1656,77,right_handPinkyEnd_joint,-0.49658167,-0.098448545,0.07229425,0.20958377,0.17393821,0.5124351,0.8143896
1783532919.1656,77,right_handRingStart_joint,-0.4305517,0.03061356,0.07555728,0.18168181,0.22129314,0.50793856,0.81241584
1783532919.1656,77,right_handRing_1_joint,-0.45751834,-0.03265231,0.0877812,0.18168181,0.22129314,0.50793856,0.81241584
1783532919.1656,77,right_handRing_2_joint,-0.47655326,-0.07731026,0.096409634,0.18168181,0.22129314,0.50793856,0.81241584
1783532919.1656,77,right_handRing_3_joint,-0.48845065,-0.105221696,0.10180277,0.18168181,0.22129314,0.50793856,0.81241584
1783532919.1656,77,right_handRingEnd_joint,-0.49638164,-0.123830065,0.10539774,0.18168181,0.22129314,0.50793856,0.81241584
1783532919.1656,77,right_handThumbStart_joint,-0.4059725,0.030061742,0.09201458,0.41098326,0.78751135,0.1520142,0.43337095
1783532919.1656,77,right_handThumb_1_joint,-0.39058658,-0.011773107,0.12195449,0.41098326,0.78751135,0.15201418,0.43337095
1783532919.1656,77,right_handThumb_2_joint,-0.37958816,-0.041674163,0.14335659,0.41098326,0.78751135,0.15201418,0.43337095
1783532919.1656,77,right_handThumbEnd_joint,-0.37225565,-0.061608475,0.15762393,0.41098326,0.78751135,0.15201415,0.43337095
1783532919.1656,77,camera,0.10897764,0.07170189,-0.02655601,-0.07424782,-0.07876863,-0.696936,0.7089167
1783532919.1991,78,root,-0.00065868004,0.01969072,-0.0049808556,-0.057566628,-0.00035891743,-0.005796997,0.99832475
1783532919.1991,78,hips_joint,-0.00065868004,0.01969072,-0.0049808556,-0.057566628,-0.00035891743,-0.005796997,0.99832475
1783532919.1991,78,left_upLeg_joint,0.09958434,-0.0061698984,-0.0010187366,0.6106586,-0.3773888,0.5965638,-0.3588666
1783532919.1991,78,left_leg_joint,0.10100707,-0.38056445,0.19173142,-0.3202697,0.63715386,-0.3581276,0.6026664
1783532919.1991,78,left_foot_joint,0.06970855,-0.7646038,-0.054568328,0.6450422,-0.30406815,0.65357804,-0.25357237
1783532919.1991,78,left_toes_joint,0.06386004,-0.8724629,0.048109245,0.6909819,-0.1762984,0.6897919,-0.12509954
1783532919.1991,78,left_toesEnd_joint,0.063024014,-0.89771116,0.10325893,0.690982,-0.1762982,0.6897919,-0.12509975
1783532919.1991,78,right_upLeg_joint,-0.101482034,-0.0038460111,-0.0012970995,0.3559683,0.59318215,0.40997016,0.594429
1783532919.1991,78,right_leg_joint,-0.084688365,-0.3869163,0.17275612,0.6023825,0.34929806,0.6390778,0.32665855
1783532919.1991,78,right_foot_joint,-0.056856107,-0.77029586,-0.07498334,0.25879413,0.6464506,0.30164257,0.6512594
1783532919.1991,78,right_toes_joint,-0.054207314,-0.87871504,0.02723567,0.1315782,0.68378353,0.17273775,0.69662666
1783532919.1991,78,right_toesEnd_joint,-0.05452295,-0.9042291,0.082267895,0.13157868,0.68378365,0.17273729,0.69662654
1783532919.1991,78,spine_1_joint,-0.0006586998,0.01969072,-0.0049808556,0.4669905,0.5316467,0.46408865,0.53281647
1783532919.1991,78,spine_2_joint,-0.00043153935,0.076731145,-0.012640587,0.4718762,0.5274808,0.4661877,0.53081644
1783532919.1991,78,spine_3_joint,7.874317e-05,0.13386568,-0.01954838,0.49142227,0.50627273,0.48343977,0.51814896
1783532919.1991,78,spine_4_joint,0.001137069,0.18684427,-0.02217474,0.52309954,0.47067663,0.51164234,0.4930039
1783532919.1991,78,spine_5_joint,0.0034900312,0.2571047,-0.017381057,0.5665883,0.41515875,0.5537247,0.4472251
1783532919.1991,78,spine_6_joint,0.007426827,0.34758803,0.0071863052,0.5775953,0.39442903,0.57341456,0.42662117
1783532919.1991,78,spine_7_joint,0.010752413,0.4485389,0.042769518,0.5644018,0.40994522,0.56951636,0.4347957
1783532919.1991,78,left_shoulder_1_joint,0.10194683,0.5554025,0.072254434,-0.58648616,0.02829531,-0.07041136,0.8063969
1783532919.1991,78,left_arm_joint,0.24532609,0.5341167,0.077614896,-0.3970334,0.37089106,-0.36458653,0.7562284
1783532919.1991,78,left_forearm_joint,0.36742264,0.3091098,0.0054127118,-0.5035603,0.21181715,-0.5092919,0.66496825
1783532919.1991,78,left_hand_joint,0.47233585,0.07044174,0.06737144,0.8023494,-0.4756647,0.27926305,-0.22801565
1783532919.1991,78,left_handIndexStart_joint,0.47083804,0.046769492,0.08553419,0.78235984,-0.4898941,0.33036557,-0.1969159
1783532919.1991,78,left_handIndex_1_joint,0.4950697,-0.025241388,0.111554295,0.78235984,-0.4898941,0.33036557,-0.1969159
1783532919.1991,78,left_handIndex_2_joint,0.50915796,-0.067108184,0.12668227,0.78235984,-0.4898941,0.33036557,-0.1969159
1783532919.1991,78,left_handIndex_3_joint,0.51704735,-0.09055359,0.13515392,0.78235984,-0.4898941,0.33036557,-0.1969159
1783532919.1991,78,left_handIndexEnd_joint,0.5226826,-0.1073003,0.1412051,0.78235984,-0.4898941,0.33036557,-0.1969159
1783532919.1991,78,left_handMidStart_joint,0.4799632,0.04640155,0.076591514,0.80303866,-0.47522768,0.2768941,-0.22938563
1783532919.1991,78,left_handMid_1_joint,0.5099873,-0.021273226,0.093823515,0.80303866,-0.47522768,0.2768941,-0.22938563
1783532919.1991,78,left_handMid_2_joint,0.5310854,-0.06882847,0.10593249,0.80303866,-0.47522768,0.2768941,-0.22938563
1783532919.1991,78,left_handMid_3_joint,0.5432573,-0.09626419,0.112918444,0.80303866,-0.47522768,0.2768941,-0.22938563
1783532919.1991,78,left_handMidEnd_joint,0.55137193,-0.114554666,0.117575735,0.80303866,-0.47522768,0.2768941,-0.22938563
1783532919.1991,78,left_handPinkyStart_joint,0.49605224,0.04857766,0.054110155,0.8114211,-0.47725594,0.18162492,-0.28431565
1783532919.1991,78,left_handPinky_1_joint,0.52643627,-0.0071631097,0.055593926,0.8114211,-0.47725594,0.18162492,-0.28431565
1783532919.1991,78,left_handPinky_2_joint,0.54520285,-0.041591235,0.056510374,0.8114211,-0.47725594,0.18162492,-0.28431565
1783532919.1991,78,left_handPinky_3_joint,0.55503297,-0.059625015,0.056990422,0.8114211,-0.47725594,0.18162492,-0.28431565
1783532919.1991,78,left_handPinkyEnd_joint,0.5639695,-0.07601936,0.05742683,0.8114211,-0.47725594,0.18162492,-0.28431565
1783532919.1991,78,left_handRingStart_joint,0.48756632,0.04691765,0.06619787,0.8082323,-0.47674942,0.23001912,-0.25799638
1783532919.1991,78,left_handRing_1_joint,0.51827323,-0.015203857,0.07498649,0.8082323,-0.47674942,0.23001912,-0.25799638
1783532919.1991,78,left_handRing_2_joint,0.5399487,-0.059054334,0.08119021,0.8082323,-0.47674942,0.23001912,-0.25799638
1783532919.1991,78,left_handRing_3_joint,0.5534958,-0.08646087,0.08506754,0.8082323,-0.47674942,0.23001912,-0.25799638
1783532919.1991,78,left_handRingEnd_joint,0.5625273,-0.1047319,0.08765242,0.8082323,-0.47674942,0.23001912,-0.25799638
1783532919.1991,78,left_handThumbStart_joint,0.46158552,0.042862523,0.07975669,0.37529758,-0.15374263,0.78387946,-0.47015786
1783532919.1991,78,left_handThumb_1_joint,0.44675624,-0.0029145384,0.10358562,0.37529758,-0.15374263,0.78387946,-0.47015786
1783532919.1991,78,left_handThumb_2_joint,0.4361551,-0.035634037,0.12061947,0.37529755,-0.15374261,0.7838795,-0.47015783
1783532919.1991,78,left_handThumbEnd_joint,0.4290877,-0.057447035,0.13197535,0.37529752,-0.15374257,0.7838795,-0.47015783
1783532919.1991,78,neck_1_joint,0.013016464,0.57884216,0.07473896,0.6010922,0.35009128,0.61524963,0.3709347
1783532919.1991,78,neck_2_joint,0.012950697,0.6051614,0.0891366,0.5886776,0.36701474,0.6092061,0.38422316
1783532919.1991,78,neck_3_joint,0.012484145,0.6411714,0.10654543,0.57014024,0.39179963,0.59813833,0.40455422
1783532919.1991,78,neck_4_joint,0.011582026,0.67840016,0.12114692,0.55337363,0.4133167,0.58616024,0.42351362
1783532919.1991,78,head_joint,0.010257168,0.7224538,0.13550425,0.49623185,0.47881123,0.53548425,0.48759726
1783532919.1991,78,jaw_joint,0.010822356,0.6971888,0.13887495,0.49623185,0.47881123,0.53548425,0.48759726
1783532919.1991,78,chin_joint,0.0077228425,0.6407207,0.23532061,0.49623185,0.47881123,0.53548425,0.48759726
1783532919.1991,78,left_eye_joint,0.037378095,0.7501973,0.22551097,0.5003888,0.47446525,0.53971636,0.4829086
1783532919.1991,78,left_eyeLowerLid_joint,0.037378095,0.7501973,0.22551097,0.5003888,0.47446525,0.53971636,0.4829086
1783532919.1991,78,left_eyeUpperLid_joint,0.037378095,0.7501973,0.22551097,0.5003888,0.47446525,0.53971636,0.4829086
1783532919.1991,78,left_eyeball_joint,0.037378095,0.7501973,0.22551097,0.5003888,0.47446525,0.53971636,0.4829086
1783532919.1991,78,nose_joint,0.005087304,0.7151961,0.24514277,0.50039124,0.4744626,0.53971887,0.48290572
1783532919.1991,78,right_eye_joint,-0.027152339,0.7483313,0.22234464,0.5003888,0.47446525,0.53971636,0.4829086
1783532919.1991,78,right_eyeLowerLid_joint,-0.027152339,0.7483313,0.22234464,0.5003888,0.47446525,0.53971636,0.4829086
1783532919.1991,78,right_eyeUpperLid_joint,-0.027152339,0.7483313,0.22234464,0.5003888,0.47446525,0.53971636,0.4829086
1783532919.1991,78,right_eyeball_joint,-0.027152339,0.7483313,0.22234464,0.5003888,0.47446525,0.53971636,0.4829086
1783532919.1991,78,right_shoulder_1_joint,-0.076669656,0.55966634,0.06746582,0.79378307,0.06610877,0.06457055,0.60113996
1783532919.1991,78,right_arm_joint,-0.21924148,0.5331827,0.06412552,0.7076834,0.38998932,0.38335255,0.44736332
1783532919.1991,78,right_forearm_joint,-0.32614082,0.29513237,0.012617149,0.6089392,0.5176161,0.22612597,0.55689704
1783532919.1991,78,right_hand_joint,-0.42311445,0.05871498,0.09330952,0.15117136,0.27730054,0.49210125,0.8112265
1783532919.1991,78,right_handIndexStart_joint,-0.42269647,0.037686087,0.11289348,0.117185436,0.3320595,0.501831,0.79004437
1783532919.1991,78,right_handIndex_1_joint,-0.4448463,-0.03224516,0.1455852,0.117185436,0.3320595,0.501831,0.79004437
1783532919.1991,78,right_handIndex_2_joint,-0.45772368,-0.07290326,0.16459176,0.117185436,0.3320595,0.501831,0.79004437
1783532919.1991,78,right_handIndex_3_joint,-0.46493578,-0.09567176,0.17523594,0.117185436,0.3320595,0.501831,0.79004437
1783532919.1991,78,right_handIndexEnd_joint,-0.47008714,-0.111934714,0.18283889,0.117185436,0.3320595,0.501831,0.79004437
1783532919.1991,78,right_handMidStart_joint,-0.43095213,0.035629094,0.10335478,0.15064135,0.27803767,0.49251333,0.8108226
1783532919.1991,78,right_handMid_1_joint,-0.45833686,-0.031450868,0.12634884,0.15064135,0.27803767,0.49251333,0.8108226
1783532919.1991,78,right_handMid_2_joint,-0.47758025,-0.078587376,0.14250697,0.15064135,0.27803767,0.49251333,0.8108226
1783532919.1991,78,right_handMid_3_joint,-0.48868206,-0.10578178,0.15182893,0.15064135,0.27803767,0.49251333,0.8108226
1783532919.1991,78,right_handMidEnd_joint,-0.4960834,-0.12391093,0.1580436,0.15064137,0.27803767,0.49251333,0.8108226
1783532919.1991,78,right_handPinkyStart_joint,-0.44507986,0.034004208,0.07954779,0.20786749,0.18461852,0.50293684,0.81838995
1783532919.1991,78,right_handPinky_1_joint,-0.47212744,-0.023143148,0.085459135,0.20786749,0.18461852,0.50293684,0.81838995
1783532919.1991,78,right_handPinky_2_joint,-0.48883402,-0.05844056,0.08911071,0.20786749,0.18461852,0.50293684,0.81838995
1783532919.1991,78,right_handPinky_3_joint,-0.49758437,-0.07692962,0.091022916,0.20786752,0.18461852,0.50293684,0.81838995
1783532919.1991,78,right_handPinkyEnd_joint,-0.50553954,-0.093737565,0.09276145,0.20786749,0.18461852,0.50293684,0.81838995
1783532919.1991,78,right_handRingStart_joint,-0.43761882,0.034380715,0.09239579,0.18028937,0.23211032,0.49826604,0.81569105
1783532919.1991,78,right_handRing_1_joint,-0.4652599,-0.028244743,0.10629607,0.18028937,0.23211032,0.49826604,0.81569105
1783532919.1991,78,right_handRing_2_joint,-0.48477095,-0.07245064,0.11610779,0.18028937,0.23211032,0.49826604,0.81569105
1783532919.1991,78,right_handRing_3_joint,-0.4969659,-0.10007954,0.122240506,0.18028937,0.23211032,0.49826604,0.81569105
1783532919.1991,78,right_handRingEnd_joint,-0.5050953,-0.11849956,0.12632853,0.18028937,0.23211032,0.49826604,0.81569105
1783532919.1991,78,right_handThumbStart_joint,-0.41275203,0.0337745,0.10841326,0.41397417,0.7898171,0.13773857,0.4310951
1783532919.1991,78,right_handThumb_1_joint,-0.39741978,-0.007717757,0.13885334,0.4139742,0.7898171,0.13773857,0.4310951
1783532919.1991,78,right_handThumb_2_joint,-0.38645968,-0.03737392,0.16061291,0.41397417,0.7898171,0.13773854,0.4310951
1783532919.1991,78,right_handThumbEnd_joint,-0.37915275,-0.057144985,0.17511855,0.41397417,0.7898171,0.13773854,0.4310951
1783532919.1991,78,camera,0.10895474,0.071126826,-0.02609888,-0.07432114,-0.07846122,-0.69698375,0.70889616
1783532919.2325,79,root,-0.00076607935,0.019763688,-0.0050792377,-0.056571476,-0.0016435673,-0.0050000227,0.9983847
1783532919.2325,79,hips_joint,-0.00076607935,0.019763688,-0.0050792377,-0.056571476,-0.0016435673,-0.0050000227,0.9983847
1783532919.2325,79,left_upLeg_joint,0.09951172,-0.0059304535,-0.0009189957,0.61086094,-0.37593657,0.59769547,-0.35816297
1783532919.2325,79,left_leg_joint,0.10071751,-0.37963003,0.19317676,-0.31681743,0.6388148,-0.35786408,0.6028897
1783532919.2325,79,left_foot_joint,0.06765346,-0.76206654,-0.055376165,0.64334863,-0.3075046,0.65350825,-0.25391084
1783532919.2325,79,left_toes_joint,0.06120572,-0.87049174,0.046667375,0.6899703,-0.17999354,0.68978775,-0.12544508
1783532919.2325,79,left_toesEnd_joint,0.060210694,-0.8960566,0.10166843,0.6899704,-0.17999333,0.6897877,-0.1254453
1783532919.2325,79,right_upLeg_joint,-0.10155709,-0.003955501,-0.0016927063,0.3610745,0.5882128,0.41373295,0.59368
1783532919.2325,79,right_leg_joint,-0.08709741,-0.38968828,0.16659446,0.604357,0.34347758,0.6408458,0.3257185
1783532919.2325,79,right_foot_joint,-0.060883455,-0.77045864,-0.08531073,0.26393798,0.6430865,0.30361408,0.65160966
1783532919.2325,79,right_toes_joint,-0.059172086,-0.88001865,0.015704812,0.13726643,0.68145543,0.17460714,0.69734424
1783532919.2325,79,right_toesEnd_joint,-0.059794568,-0.9061391,0.07044926,0.13726692,0.68145555,0.17460667,0.6973441
1783532919.2325,79,spine_1_joint,-0.0007660991,0.019763688,-0.0050792377,0.46552238,0.53262687,0.46539402,0.5319834
1783532919.2325,79,spine_2_joint,-0.0007986432,0.0768022,-0.012756488,0.47030988,0.52939343,0.46749604,0.5291491
1783532919.2325,79,spine_3_joint,-0.0006616574,0.1339354,-0.019692771,0.49020776,0.5087801,0.48487157,0.5154986
1783532919.2325,79,spine_4_joint,-2.0511747e-05,0.18692155,-0.022301724,0.5226212,0.47342405,0.5130679,0.48938543
1783532919.2325,79,spine_5_joint,0.0017599695,0.25719044,-0.017386977,0.5670567,0.41793838,0.5545537,0.44299513
1783532919.2325,79,spine_6_joint,0.005093853,0.34763384,0.007415421,0.5788614,0.39735812,0.57315034,0.42252222
1783532919.2325,79,spine_7_joint,0.0079943575,0.44852585,0.043202154,0.5661639,0.41350326,0.5675505,0.43169463
1783532919.2325,79,left_shoulder_1_joint,0.09900432,0.55580807,0.07172087,-0.58751357,0.029502396,-0.064427234,0.80610603
1783532919.2325,79,left_arm_joint,0.24259742,0.53571343,0.07580251,-0.40387982,0.37026474,-0.3564823,0.75677335
1783532919.2325,79,left_forearm_joint,0.36804962,0.31264725,0.0033315895,-0.5124882,0.20671642,-0.49868885,0.6677829
1783532919.2325,79,left_hand_joint,0.47983488,0.07739311,0.06632095,0.81117344,-0.46521005,0.27386484,-0.22489055
1783532919.2325,79,left_handIndexStart_joint,0.47916374,0.053870942,0.084726416,0.7915203,-0.47926423,0.32555133,-0.19446923
1783532919.2325,79,left_handIndex_1_joint,0.50555736,-0.017229114,0.11114511,0.7915203,-0.47926423,0.32555133,-0.19446923
1783532919.2325,79,left_handIndex_2_joint,0.52090245,-0.058566354,0.12650482,0.7915203,-0.47926423,0.32555133,-0.19446923
1783532919.2325,79,left_handIndex_3_joint,0.5294957,-0.08171521,0.13510625,0.7915203,-0.47926423,0.32555133,-0.19446923
1783532919.2325,79,left_handIndexEnd_joint,0.53563374,-0.0982501,0.14125013,0.7915203,-0.47926423,0.32555133,-0.19446923
1783532919.2325,79,left_handMidStart_joint,0.4881904,0.05365033,0.075679526,0.8118497,-0.46478376,0.27147216,-0.22622888
1783532919.2325,79,left_handMid_1_joint,0.52015907,-0.013052626,0.09320052,0.8118497,-0.46478376,0.27147216,-0.22622888
1783532919.2325,79,left_handMid_2_joint,0.5426235,-0.059924968,0.10551256,0.8118497,-0.46478376,0.27147216,-0.22622888
1783532919.2325,79,left_handMid_3_joint,0.5555838,-0.0869667,0.11261566,0.8118497,-0.46478376,0.27147216,-0.22622888
1783532919.2325,79,left_handMidEnd_joint,0.56422395,-0.10499452,0.11735106,0.8118497,-0.46478376,0.27147216,-0.22622888
1783532919.2325,79,left_handPinkyStart_joint,0.5039542,0.056018703,0.052988138,0.8199631,-0.46749133,0.17546327,-0.27986678
1783532919.2325,79,left_handPinky_1_joint,0.53578925,0.0010986662,0.054644015,0.8199631,-0.46749133,0.17546327,-0.27986678
1783532919.2325,79,left_handPinky_2_joint,0.5554521,-0.032822534,0.055666763,0.8199631,-0.46749133,0.17546327,-0.27986678
1783532919.2325,79,left_handPinky_3_joint,0.5657517,-0.05059078,0.05620249,0.8199631,-0.46749133,0.17546327,-0.27986678
1783532919.2325,79,left_handPinkyEnd_joint,0.5751149,-0.06674373,0.056689512,0.8199631,-0.46749133,0.17546327,-0.27986678
1783532919.2325,79,left_handRingStart_joint,0.49565578,0.054259777,0.065191515,0.81692535,-0.46663526,0.22420904,-0.25419548
1783532919.2325,79,left_handRing_1_joint,0.5280643,-0.006957946,0.074208714,0.81692535,-0.46663526,0.22420904,-0.25419548
1783532919.2325,79,left_handRing_2_joint,0.55094093,-0.05017046,0.0805738,0.81692535,-0.46663526,0.22420904,-0.25419548
1783532919.2325,79,left_handRing_3_joint,0.5652389,-0.07717828,0.084551975,0.81692535,-0.46663526,0.22420904,-0.25419548
1783532919.2325,79,left_handRingEnd_joint,0.5747708,-0.095183484,0.08720409,0.81692535,-0.46663526,0.22420904,-0.25419548
1783532919.2325,79,left_handThumbStart_joint,0.46994892,0.049669333,0.07909736,0.38415885,-0.14782211,0.77624065,-0.47751606
1783532919.2325,79,left_handThumb_1_joint,0.45659122,0.0037625502,0.10353921,0.38415885,-0.14782211,0.77624065,-0.47751606
1783532919.2325,79,left_handThumb_2_joint,0.44704196,-0.029049689,0.121011175,0.38415885,-0.1478221,0.77624065,-0.47751606
1783532919.2325,79,left_handThumbEnd_joint,0.4406758,-0.05092452,0.13265915,0.38415882,-0.14782205,0.77624065,-0.47751606
1783532919.2325,79,neck_1_joint,0.010000584,0.5788586,0.07506818,0.6032976,0.35339203,0.6129001,0.36810306
1783532919.2325,79,neck_2_joint,0.009968634,0.6051873,0.08944877,0.59084564,0.37033945,0.606889,0.38136098
1783532919.2325,79,neck_3_joint,0.009531383,0.6412079,0.106836356,0.5721873,0.39520502,0.5959165,0.40161994
1783532919.2325,79,neck_4_joint,0.0086271,0.678445,0.12141664,0.5553102,0.41677862,0.58405185,0.42048812
1783532919.2325,79,head_joint,0.007270379,0.72250485,0.13575162,0.4977581,0.48245913,0.53376466,0.48432
1783532919.2325,79,jaw_joint,0.007970304,0.6972452,0.13913651,0.4977581,0.48245913,0.53376466,0.48432
1783532919.2325,79,chin_joint,0.0060644434,0.64084554,0.23565315,0.4977581,0.48245913,0.53376466,0.48432
1783532919.2325,79,left_eye_joint,0.03518212,0.7504312,0.22545955,0.5019468,0.47809967,0.5379682,0.4796465
1783532919.2325,79,left_eyeLowerLid_joint,0.03518212,0.7504312,0.22545955,0.5019468,0.47809967,0.5379682,0.4796465
1783532919.2325,79,left_eyeUpperLid_joint,0.03518212,0.7504312,0.22545955,0.5019468,0.47809967,0.5379682,0.4796465
1783532919.2325,79,left_eyeball_joint,0.03518212,0.7504312,0.22545955,0.5019468,0.47809967,0.5379682,0.4796465
1783532919.2325,79,nose_joint,0.0032300728,0.71531796,0.24544226,0.50194937,0.4780971,0.5379707,0.4796437
1783532919.2325,79,right_eye_joint,-0.029368864,0.7483053,0.22294264,0.5019468,0.47809967,0.5379682,0.4796465
1783532919.2325,79,right_eyeLowerLid_joint,-0.029368864,0.7483053,0.22294264,0.5019468,0.47809967,0.5379682,0.4796465
1783532919.2325,79,right_eyeUpperLid_joint,-0.029368864,0.7483053,0.22294264,0.5019468,0.47809967,0.5379682,0.4796465
1783532919.2325,79,right_eyeball_joint,-0.029368864,0.7483053,0.22294264,0.5019468,0.47809967,0.5379682,0.4796465
1783532919.2325,79,right_shoulder_1_joint,-0.07966769,0.55928445,0.06869179,0.79265094,0.07148991,0.058514148,0.6026359
1783532919.2325,79,right_arm_joint,-0.22224098,0.53261596,0.067734785,0.708793,0.39760494,0.37338004,0.4473369
1783532919.2325,79,right_forearm_joint,-0.32996407,0.2938424,0.021567173,0.6036086,0.52990144,0.21635732,0.5550232
1783532919.2325,79,right_hand_joint,-0.42235708,0.058062285,0.109200254,0.14804204,0.29299104,0.49169332,0.80652195
1783532919.2325,79,right_handIndexStart_joint,-0.4212248,0.03742369,0.12916738,0.1141016,0.34739292,0.5012086,0.7842761
1783532919.2325,79,right_handIndex_1_joint,-0.4418015,-0.03208076,0.16374297,0.1141016,0.34739292,0.5012086,0.7842761
1783532919.2325,79,right_handIndex_2_joint,-0.45376426,-0.07249071,0.18384483,0.1141016,0.34739292,0.5012086,0.7842761
1783532919.2325,79,right_handIndex_3_joint,-0.46046415,-0.09512024,0.19510238,0.1141016,0.34739292,0.5012086,0.7842761
1783532919.2325,79,right_handIndexEnd_joint,-0.46524966,-0.111283936,0.20314346,0.1141016,0.34739292,0.5012086,0.7842761
1783532919.2325,79,right_handMidStart_joint,-0.42969394,0.035097405,0.119881056,0.1475173,0.2937242,0.49210274,0.80610156
1783532919.2325,79,right_handMid_1_joint,-0.45577654,-0.031798493,0.1448411,0.1475173,0.2937242,0.49210274,0.80610156
1783532919.2325,79,right_handMid_2_joint,-0.47410497,-0.078805655,0.16238075,0.1475173,0.2937242,0.49210274,0.80610156
1783532919.2325,79,right_handMid_3_joint,-0.4846789,-0.10592543,0.17249972,0.1475173,0.2937242,0.49210274,0.80610156
1783532919.2325,79,right_handMidEnd_joint,-0.49172837,-0.12400484,0.17924571,0.14751732,0.2937242,0.49210274,0.80610156
1783532919.2325,79,right_handPinkyStart_joint,-0.44439432,0.032865655,0.096473314,0.20528123,0.20081271,0.50274837,0.81533927
1783532919.2325,79,right_handPinky_1_joint,-0.47067323,-0.024428884,0.10416012,0.20528123,0.20081271,0.50274837,0.81533927
1783532919.2325,79,right_handPinky_2_joint,-0.48690504,-0.059817206,0.10890833,0.20528123,0.20081271,0.50274837,0.81533927
1783532919.2325,79,right_handPinky_3_joint,-0.49540672,-0.07835389,0.11139496,0.20528123,0.20081271,0.50274837,0.81533927
1783532919.2325,79,right_handPinkyEnd_joint,-0.5031358,-0.09520511,0.11365568,0.20528123,0.20081271,0.50274837,0.81533927
1783532919.2325,79,right_handRingStart_joint,-0.43661883,0.03356813,0.10911956,0.17742635,0.24807489,0.49795163,0.81180245
1783532919.2325,79,right_handRing_1_joint,-0.46323276,-0.029053854,0.12491138,0.17742635,0.24807489,0.49795163,0.81180245
1783532919.2325,79,right_handRing_2_joint,-0.48201868,-0.073257305,0.1360583,0.17742635,0.24807489,0.49795163,0.81180245
1783532919.2325,79,right_handRing_3_joint,-0.49376044,-0.10088466,0.14302552,0.17742635,0.24807489,0.49795163,0.81180245
1783532919.2325,79,right_handRingEnd_joint,-0.5015877,-0.11930367,0.14766988,0.17742635,0.24807489,0.49795163,0.81180245
1783532919.2325,79,right_handThumbStart_joint,-0.41135424,0.033527363,0.124513805,0.40735462,0.79861283,0.12714289,0.42439905
1783532919.2325,79,right_handThumb_1_joint,-0.394823,-0.0072062965,0.15534836,0.40735462,0.79861283,0.12714286,0.42439905
1783532919.2325,79,right_handThumb_2_joint,-0.3830059,-0.036320183,0.17738982,0.40735462,0.79861283,0.12714286,0.42439905
1783532919.2325,79,right_handThumbEnd_joint,-0.37512764,-0.055729747,0.19208339,0.40735462,0.79861283,0.12714283,0.42439905
1783532919.2325,79,camera,0.10912404,0.07116676,-0.025927342,-0.07434169,-0.07868316,-0.69693995,0.70891255
1783532919.2666,80,root,-0.0008770872,0.020008454,-0.004923082,-0.05703918,-0.0036772657,-0.004774244,0.9983538
1783532919.2666,80,hips_joint,-0.0008770872,0.020008454,-0.004923082,-0.05703918,-0.0036772657,-0.004774244,0.9983538
1783532919.2666,80,left_upLeg_joint,0.0994005,-0.0056133983,-0.000334056,0.6112002,-0.37208343,0.60149616,-0.35523343
1783532919.2666,80,left_leg_joint,0.099195346,-0.37709934,0.1979692,-0.3146155,0.638059,-0.3605735,0.6032286
1783532919.2666,80,left_foot_joint,0.06523351,-0.75963765,-0.050305784,0.64114916,-0.30826744,0.6558502,-0.25250664
1783532919.2666,80,left_toes_joint,0.05773177,-0.86790985,0.051828165,0.6879555,-0.18115948,0.6918209,-0.123622485
1783532919.2666,80,left_toesEnd_joint,0.05634484,-0.8934059,0.10685261,0.68795556,-0.18115927,0.69182086,-0.12362271
1783532919.2666,80,right_upLeg_joint,-0.10166485,-0.0037761186,-0.0019200378,0.36522833,0.58165,0.41689703,0.5953894
1783532919.2666,80,right_leg_joint,-0.09145767,-0.39173022,0.16150263,0.60478455,0.3356454,0.6448024,0.3252812
1783532919.2666,80,right_foot_joint,-0.06545601,-0.76922333,-0.09530926,0.26910454,0.63718456,0.30699846,0.6537054
1783532919.2666,80,right_toes_joint,-0.06538086,-0.88014936,0.004219017,0.14345795,0.6766396,0.17753293,0.7000435
1783532919.2666,80,right_toesEnd_joint,-0.0666718,-0.90700346,0.058595546,0.14345843,0.67663974,0.17753246,0.7000434
1783532919.2666,80,spine_1_joint,-0.0008771069,0.020008454,-0.004923082,0.46336275,0.53365374,0.46630386,0.53204286
1783532919.2666,80,spine_2_joint,-0.0011332734,0.07702825,-0.012734021,0.46811554,0.53151786,0.4685841,0.52800155
1783532919.2666,80,spine_3_joint,-0.0013729555,0.13414659,-0.019788941,0.48839954,0.5116681,0.48620504,0.5130948
1783532919.2666,80,spine_4_joint,-0.0011819203,0.18713371,-0.02244928,0.52167946,0.47663426,0.5145588,0.48569497
1783532919.2666,80,spine_5_joint,-4.8216134e-05,0.2574112,-0.017466519,0.56727666,0.4212039,0.55549127,0.43842217
1783532919.2666,80,spine_6_joint,0.0025805014,0.34781936,0.007548246,0.58025295,0.40055683,0.57299083,0.41778257
1783532919.2666,80,spine_7_joint,0.004981062,0.44862914,0.043602515,0.56850463,0.4170203,0.5657475,0.4275823
1783532919.2666,80,left_shoulder_1_joint,0.09574924,0.55634665,0.07123744,-0.58715934,0.033198535,-0.059352376,0.8066097
1783532919.2666,80,left_arm_joint,0.23945734,0.5368035,0.073578835,-0.40710378,0.37456644,-0.35093832,0.75551885
1783532919.2666,80,left_forearm_joint,0.3652914,0.3146368,-0.0009631586,-0.5192327,0.20649055,-0.49342933,0.66654825
1783532919.2666,80,left_hand_joint,0.47992325,0.08090717,0.06258266,0.8158169,-0.46186444,0.26980034,-0.21984549
1783532919.2666,80,left_handIndexStart_joint,0.47968683,0.057535063,0.081188895,0.79641837,-0.47560203,0.32179847,-0.18964824
1783532919.2666,80,left_handIndex_1_joint,0.50703233,-0.013107161,0.10786632,0.79641837,-0.47560203,0.32179847,-0.18964824
1783532919.2666,80,left_handIndex_2_joint,0.5229309,-0.054178223,0.123376444,0.79641837,-0.47560203,0.32179847,-0.18964824
1783532919.2666,80,left_handIndex_3_joint,0.53183407,-0.07717802,0.13206212,0.79641837,-0.47560203,0.32179847,-0.18964824
1783532919.2666,80,left_handIndexEnd_joint,0.5381935,-0.09360644,0.13826618,0.79641837,-0.47560203,0.32179847,-0.18964824
1783532919.2666,80,left_handMidStart_joint,0.48860326,0.057317756,0.07203324,0.816482,-0.46145335,0.26739588,-0.22117305
1783532919.2666,80,left_handMid_1_joint,0.5213748,-0.00895339,0.08970865,0.816482,-0.46145335,0.26739588,-0.22117305
1783532919.2666,80,left_handMid_2_joint,0.5444035,-0.055522304,0.102129206,0.816482,-0.46145335,0.26739588,-0.22117305
1783532919.2666,80,left_handMid_3_joint,0.55768925,-0.08238898,0.10929492,0.816482,-0.46145335,0.26739588,-0.22117305
1783532919.2666,80,left_handMidEnd_joint,0.56654644,-0.1003001,0.114072055,0.816482,-0.46145335,0.26739588,-0.22117305
1783532919.2666,80,left_handPinkyStart_joint,0.50406533,0.059633955,0.049129903,0.8242386,-0.46485534,0.17111552,-0.27433544
1783532919.2666,80,left_handPinky_1_joint,0.5364039,0.0050107525,0.05084619,0.8242386,-0.46485534,0.17111552,-0.27433544
1783532919.2666,80,left_handPinky_2_joint,0.55637777,-0.028727107,0.051906247,0.8242386,-0.46485534,0.17111552,-0.27433544
1783532919.2666,80,left_handPinky_3_joint,0.56684023,-0.046399314,0.052461512,0.8242386,-0.46485534,0.17111552,-0.27433544
1783532919.2666,80,left_handPinkyEnd_joint,0.5763516,-0.062464964,0.052966304,0.8242386,-0.46485534,0.17111552,-0.27433544
1783532919.2666,80,left_handRingStart_joint,0.49593347,0.05790469,0.06144907,0.82139075,-0.4636515,0.2199877,-0.24889778
1783532919.2666,80,left_handRing_1_joint,0.52899176,-0.002949028,0.07057084,0.82139075,-0.4636515,0.2199877,-0.24889778
1783532919.2666,80,left_handRing_2_joint,0.55232704,-0.04590459,0.077009745,0.82139075,-0.4636515,0.2199877,-0.24889778
1783532919.2666,80,left_handRing_3_joint,0.5669116,-0.07275181,0.08103406,0.82139075,-0.4636515,0.2199877,-0.24889778
1783532919.2666,80,left_handRingEnd_joint,0.5766346,-0.09064996,0.08371694,0.82139075,-0.4636515,0.2199877,-0.24889778
1783532919.2666,80,left_handThumbStart_joint,0.47044116,0.053205874,0.07570912,0.39156747,-0.14583606,0.7723549,-0.4784086
1783532919.2666,80,left_handThumb_1_joint,0.4577923,0.0073902365,0.10069303,0.39156747,-0.14583606,0.7723549,-0.4784086
1783532919.2666,80,left_handThumb_2_joint,0.44874972,-0.025356857,0.118552454,0.39156747,-0.14583606,0.7723549,-0.4784086
1783532919.2666,80,left_handThumbEnd_joint,0.4427213,-0.047188256,0.13045873,0.3915674,-0.14583603,0.77235496,-0.47840855
1783532919.2666,80,neck_1_joint,0.006670772,0.5789333,0.075603604,0.6063651,0.35629326,0.61050457,0.36422637
1783532919.2666,80,neck_2_joint,0.006691126,0.60523766,0.090028636,0.5939434,0.37321144,0.60456526,0.3774196
1783532919.2666,80,neck_3_joint,0.0063082497,0.641225,0.10748626,0.57521147,0.39814705,0.5937516,0.39758033
1783532919.2666,80,neck_4_joint,0.0054232827,0.67843163,0.12214524,0.5582391,0.41980663,0.5820434,0.41636208
1783532919.2666,80,head_joint,0.00405549,0.7224596,0.13657688,0.5003212,0.48578689,0.5322815,0.4799653
1783532919.2666,80,jaw_joint,0.004896845,0.69719684,0.13990644,0.5003212,0.48578689,0.5322815,0.4799653
1783532919.2666,80,chin_joint,0.004342646,0.6406153,0.23633377,0.5003212,0.48578689,0.5322815,0.4799653
1783532919.2666,80,left_eye_joint,0.032896582,0.75033665,0.22600572,0.5045388,0.4814049,0.5364472,0.47530484
1783532919.2666,80,left_eyeLowerLid_joint,0.032896582,0.75033665,0.22600572,0.5045388,0.4814049,0.5364472,0.47530484
1783532919.2666,80,left_eyeUpperLid_joint,0.032896582,0.75033665,0.22600572,0.5045388,0.4814049,0.5364472,0.47530484
1783532919.2666,80,left_eyeball_joint,0.032896582,0.75033665,0.22600572,0.5045388,0.4814049,0.5364472,0.47530484
1783532919.2666,80,nose_joint,0.0013214895,0.71505773,0.24629351,0.50454134,0.48140228,0.53644973,0.47530204
1783532919.2666,80,right_eye_joint,-0.03167021,0.7479531,0.22423603,0.5045388,0.4814049,0.5364472,0.47530484
1783532919.2666,80,right_eyeLowerLid_joint,-0.03167021,0.7479531,0.22423603,0.5045388,0.4814049,0.5364472,0.47530484
1783532919.2666,80,right_eyeUpperLid_joint,-0.03167021,0.7479531,0.22423603,0.5045388,0.4814049,0.5364472,0.47530484
1783532919.2666,80,right_eyeball_joint,-0.03167021,0.7479531,0.22423603,0.5045388,0.4814049,0.5364472,0.47530484
1783532919.2666,80,right_shoulder_1_joint,-0.08296096,0.5589038,0.07020194,0.7920646,0.078788556,0.05270321,0.6030329
1783532919.2666,80,right_arm_joint,-0.22540355,0.5315802,0.07187516,0.7094882,0.4089146,0.3638825,0.4438527
1783532919.2666,80,right_forearm_joint,-0.33199927,0.29132563,0.031087521,0.5955033,0.5485231,0.2085699,0.54863244
1783532919.2666,80,right_hand_joint,-0.41540313,0.05493513,0.12580635,0.14541464,0.31254947,0.49668065,0.7965401
1783532919.2666,80,right_handIndexStart_joint,-0.41308492,0.034694046,0.14607565,0.111151986,0.3662227,0.5060005,0.7729748
1783532919.2666,80,right_handIndex_1_joint,-0.4307281,-0.034667116,0.18251039,0.111151986,0.3662227,0.5060005,0.7729748
1783532919.2666,80,right_handIndex_2_joint,-0.44098532,-0.07499377,0.20369312,0.111151986,0.3662227,0.5060005,0.7729748
1783532919.2666,80,right_handIndex_3_joint,-0.44673014,-0.097576655,0.21555598,0.111151986,0.3662227,0.5060005,0.7729748
1783532919.2666,80,right_handIndexEnd_joint,-0.45083347,-0.113707036,0.22402942,0.111151986,0.3662227,0.5060005,0.7729748
1783532919.2666,80,right_handMidStart_joint,-0.42179483,0.03199081,0.13712,0.14489132,0.31327248,0.49708706,0.7960978
1783532919.2666,80,right_handMid_1_joint,-0.44532394,-0.035073254,0.16408595,0.14489132,0.31327248,0.49708706,0.7960978
1783532919.2666,80,right_handMid_2_joint,-0.461858,-0.08219859,0.18303514,0.14489132,0.31327248,0.49708706,0.7960978
1783532919.2666,80,right_handMid_3_joint,-0.47139674,-0.10938653,0.1939673,0.14489132,0.31327248,0.49708706,0.7960978
1783532919.2666,80,right_handMidEnd_joint,-0.47775602,-0.12751138,0.20125546,0.14489135,0.31327248,0.49708706,0.7960978
1783532919.2666,80,right_handPinkyStart_joint,-0.43720055,0.028972646,0.114260405,0.20390688,0.22135997,0.5077007,0.80725586
1783532919.2666,80,right_handPinky_1_joint,-0.46174228,-0.028810546,0.12380713,0.20390688,0.22135997,0.5077007,0.80725586
1783532919.2666,80,right_handPinky_2_joint,-0.47690108,-0.06450069,0.12970413,0.20390688,0.22135997,0.5077007,0.80725586
1783532919.2666,80,right_handPinky_3_joint,-0.48484072,-0.08319546,0.13279249,0.2039069,0.22135995,0.5077007,0.80725586
1783532919.2666,80,right_handPinkyEnd_joint,-0.4920589,-0.100190416,0.13560024,0.20390688,0.22135997,0.5077007,0.80725586
1783532919.2666,80,right_handRingStart_joint,-0.429031,0.03009608,0.12662475,0.17541501,0.26815802,0.5029092,0.8027475
1783532919.2666,80,right_handRing_1_joint,-0.4535034,-0.032874424,0.14437343,0.17541501,0.26815802,0.5029092,0.8027475
1783532919.2666,80,right_handRing_2_joint,-0.4707777,-0.07732388,0.15690166,0.17541501,0.26815802,0.5029092,0.8027475
1783532919.2666,80,right_handRing_3_joint,-0.48157465,-0.105105,0.1647322,0.17541501,0.26815802,0.5029092,0.8027475
1783532919.2666,80,right_handRingEnd_joint,-0.48877203,-0.12362651,0.16995212,0.17541501,0.26815802,0.5029092,0.8027475
1783532919.2666,80,right_handThumbStart_joint,-0.40327775,0.030961448,0.14116111,0.39557692,0.81173116,0.11864052,0.41296032
1783532919.2666,80,right_handThumb_1_joint,-0.3847023,-0.0087862015,0.17211851,0.39557692,0.81173116,0.11864051,0.41296032
1783532919.2666,80,right_handThumb_2_joint,-0.371424,-0.03719526,0.1942477,0.39557692,0.81173116,0.11864051,0.41296032
1783532919.2666,80,right_handThumbEnd_joint,-0.3625716,-0.056134947,0.20899977,0.39557692,0.81173116,0.118640475,0.41296032
1783532919.2666,80,camera,0.10933079,0.0713365,-0.025756564,-0.07424517,-0.07881432,-0.6970379,0.7088117
1783532919.2992,81,root,-0.00077551254,0.020337487,-0.0046265167,-0.059530105,-0.004203157,-0.0070518465,0.9981927
1783532919.2992,81,hips_joint,-0.00077551254,0.020337487,-0.0046265167,-0.059530105,-0.004203157,-0.0070518465,0.9981927
1783532919.2992,81,left_upLeg_joint,0.09937955,-0.0057126046,0.0002201867,0.6102305,-0.37046573,0.60742533,-0.34843707
1783532919.2992,81,left_leg_joint,0.09414914,-0.37436035,0.20368393,-0.30676955,0.6402369,-0.364399,0.6026629
1783532919.2992,81,left_foot_joint,0.055104453,-0.7548531,-0.046975534,0.6363159,-0.3148204,0.65851283,-0.2497022
1783532919.2992,81,left_toes_joint,0.045342557,-0.863574,0.054488543,0.68445176,-0.18850972,0.6939038,-0.12036423
1783532919.2992,81,left_toesEnd_joint,0.043275822,-0.8893604,0.10935615,0.6844519,-0.18850951,0.6939037,-0.12036444
1783532919.2992,81,right_upLeg_joint,-0.101673275,-0.0029776024,-0.0016360002,0.36808667,0.5769435,0.41402927,0.6001901
1783532919.2992,81,right_leg_joint,-0.098065294,-0.3911088,0.1616447,0.6088003,0.32284427,0.6488201,0.32274795
1783532919.2992,81,right_foot_joint,-0.07501972,-0.7623989,-0.10432895,0.28016,0.6295837,0.31172338,0.65418893
1783532919.2992,81,right_toes_joint,-0.07694306,-0.87575555,-0.0075971126,0.15575369,0.67127204,0.1820806,0.70141375
1783532919.2992,81,right_toesEnd_joint,-0.078913346,-0.90393406,0.046084385,0.15575418,0.6712722,0.18208016,0.7014136
1783532919.2992,81,spine_1_joint,-0.0007755323,0.020337487,-0.0046265167,0.46242315,0.5345244,0.46466753,0.53341573
1783532919.2992,81,spine_2_joint,-0.00096341566,0.07731913,-0.012712781,0.46723828,0.53297395,0.46784785,0.52796316
1783532919.2992,81,spine_3_joint,-0.0013021703,0.1344153,-0.019940741,0.48804513,0.5131872,0.48665446,0.51148593
1783532919.2992,81,spine_4_joint,-0.0013227315,0.18740323,-0.02259119,0.5221373,0.47784227,0.51596725,0.4825109
1783532919.2992,81,spine_5_joint,-0.00055690244,0.2576661,-0.017339796,0.56862324,0.4218858,0.5570933,0.43396616
1783532919.2992,81,spine_6_joint,0.0016324,0.3479158,0.008282049,0.5823068,0.40109715,0.57395625,0.41305393
1783532919.2992,81,spine_7_joint,0.003708015,0.44846922,0.045064863,0.5708422,0.41834974,0.5652602,0.4237959
1783532919.2992,81,left_shoulder_1_joint,0.09431274,0.55637676,0.07249391,-0.58622164,0.036278486,-0.061687496,0.8069834
1783532919.2992,81,left_arm_joint,0.23787677,0.53576577,0.074491665,-0.4052635,0.37736762,-0.35635382,0.7525733
1783532919.2992,81,left_forearm_joint,0.36055267,0.31174362,0.00023912429,-0.5196811,0.20834117,-0.5016471,0.65945065
1783532919.2992,81,left_hand_joint,0.47039047,0.076421484,0.06632379,0.81190354,-0.46828806,0.27524966,-0.21390711
1783532919.2992,81,left_handIndexStart_joint,0.46964514,0.05323755,0.08515068,0.79215693,-0.48162642,0.32698667,-0.1833106
1783532919.2992,81,left_handIndex_1_joint,0.49552372,-0.017670851,0.11257473,0.79215693,-0.48162642,0.32698667,-0.1833106
1783532919.2992,81,left_handIndex_2_joint,0.5105694,-0.058896665,0.12851894,0.79215693,-0.48162642,0.32698667,-0.1833106
1783532919.2992,81,left_handIndex_3_joint,0.518995,-0.08198313,0.1374477,0.79215693,-0.48162642,0.32698667,-0.1833106
1783532919.2992,81,left_handIndexEnd_joint,0.52501327,-0.09847345,0.14382538,0.79215693,-0.48162642,0.32698667,-0.1833106
1783532919.2992,81,left_handMidStart_joint,0.4785793,0.052757256,0.0760224,0.81258225,-0.46789315,0.27285737,-0.21525453
1783532919.2992,81,left_handMid_1_joint,0.5099924,-0.013973994,0.09441844,0.81258225,-0.46789315,0.27285737,-0.21525453
1783532919.2992,81,left_handMid_2_joint,0.5320665,-0.060866226,0.10734539,0.81258225,-0.46789315,0.27285737,-0.21525453
1783532919.2992,81,left_handMid_3_joint,0.54480153,-0.08791944,0.11480325,0.81258225,-0.46789315,0.27285737,-0.21525453
1783532919.2992,81,left_handMidEnd_joint,0.55329156,-0.1059549,0.119775146,0.81258225,-0.46789315,0.27285737,-0.21525453
1783532919.2992,81,left_handPinkyStart_joint,0.4941435,0.054549567,0.053141277,0.820688,-0.47175878,0.17713311,-0.2693294
1783532919.2992,81,left_handPinky_1_joint,0.5253947,-0.00068060873,0.055467013,0.820688,-0.47175878,0.17713311,-0.2693294
1783532919.2992,81,left_handPinky_2_joint,0.5446969,-0.034793366,0.056903493,0.820688,-0.47175878,0.17713311,-0.2693294
1783532919.2992,81,left_handPinky_3_joint,0.5548076,-0.05266195,0.057655938,0.820688,-0.47175878,0.17713311,-0.2693294
1783532919.2992,81,left_handPinkyEnd_joint,0.5639992,-0.06890612,0.05833998,0.820688,-0.47175878,0.17713311,-0.2693294
1783532919.2992,81,left_handRingStart_joint,0.4859472,0.053098563,0.065453604,0.81766504,-0.47032824,0.22574224,-0.24342401
1783532919.2992,81,left_handRing_1_joint,0.51777595,-0.008303985,0.075245716,0.81766504,-0.47032824,0.22574224,-0.24342401
1783532919.2992,81,left_handRing_2_joint,0.5402433,-0.051646966,0.08215779,0.81766504,-0.47032824,0.22574224,-0.24342401
1783532919.2992,81,left_handRing_3_joint,0.5542854,-0.07873632,0.08647784,0.81766504,-0.47032824,0.22574224,-0.24342401
1783532919.2992,81,left_handRingEnd_joint,0.56364685,-0.0967959,0.08935787,0.81766504,-0.47032824,0.22574224,-0.24342401
1783532919.2992,81,left_handThumbStart_joint,0.46033022,0.04903899,0.07968657,0.39134827,-0.14535652,0.778242,-0.46910244
1783532919.2992,81,left_handThumb_1_joint,0.44671604,0.0037222004,0.105069645,0.39134827,-0.14535652,0.778242,-0.46910244
1783532919.2992,81,left_handThumb_2_joint,0.43698347,-0.028668286,0.123214364,0.39134827,-0.1453565,0.778242,-0.46910244
1783532919.2992,81,left_handThumbEnd_joint,0.4304951,-0.050261945,0.13531084,0.39134827,-0.14535649,0.778242,-0.46910244
1783532919.2992,81,neck_1_joint,0.005193048,0.57863694,0.07762619,0.6096086,0.35686415,0.6087487,0.36117867
1783532919.2992,81,neck_2_joint,0.0053174286,0.6048818,0.09215859,0.5976409,0.37355563,0.6023688,0.3747439
1783532919.2992,81,neck_3_joint,0.005126074,0.6408007,0.1097596,0.57897687,0.39858487,0.5915621,0.39492977
1783532919.2992,81,neck_4_joint,0.004420832,0.67795247,0.1245666,0.56199086,0.42037275,0.5799573,0.41364467
1783532919.2992,81,head_joint,0.0032383471,0.7219274,0.13917516,0.5039937,0.48677745,0.5305587,0.4770166
1783532919.2992,81,jaw_joint,0.0040830616,0.69665146,0.14240207,0.5039937,0.48677745,0.5305587,0.4770166
1783532919.2992,81,chin_joint,0.0043770606,0.6397092,0.23861782,0.5039937,0.48677745,0.5305587,0.4770166
1783532919.2992,81,left_eye_joint,0.032953955,0.7494377,0.22843105,0.5082197,0.48236343,0.5346987,0.47237125
1783532919.2992,81,left_eyeLowerLid_joint,0.032953955,0.7494377,0.22843105,0.5082197,0.48236343,0.5346987,0.47237125
1783532919.2992,81,left_eyeUpperLid_joint,0.032953955,0.7494377,0.22843105,0.5082197,0.48236343,0.5346987,0.47237125
1783532919.2992,81,left_eyeball_joint,0.032953955,0.7494377,0.22843105,0.5082197,0.48236343,0.5346987,0.47237125
1783532919.2992,81,nose_joint,0.0015328065,0.71411693,0.24888417,0.5082223,0.48236072,0.5347013,0.47236842
1783532919.2992,81,right_eye_joint,-0.031629212,0.7471302,0.22726272,0.5082197,0.48236343,0.5346987,0.47237125
1783532919.2992,81,right_eyeLowerLid_joint,-0.031629212,0.7471302,0.22726272,0.5082197,0.48236343,0.5346987,0.47237125
1783532919.2992,81,right_eyeUpperLid_joint,-0.031629212,0.7471302,0.22726272,0.5082197,0.48236343,0.5346987,0.47237125
1783532919.2992,81,right_eyeball_joint,-0.031629212,0.7471302,0.22726272,0.5082197,0.48236343,0.5346987,0.47237125
1783532919.2992,81,right_shoulder_1_joint,-0.08440773,0.5583225,0.07280738,0.7918187,0.08939035,0.048276655,0.60224694
1783532919.2992,81,right_arm_joint,-0.22646274,0.5293546,0.07733544,0.7096537,0.42505842,0.3540283,0.43632615
1783532919.2992,81,right_forearm_joint,-0.32965958,0.2867137,0.042345867,0.58581036,0.57333934,0.20544836,0.53469485
1783532919.2992,81,right_hand_joint,-0.39883506,0.04783369,0.1421423,0.14606176,0.33424732,0.5091226,0.77957577
1783532919.2992,81,right_handIndexStart_joint,-0.39480475,0.027886339,0.16243464,0.11096079,0.3867058,0.5184497,0.75455666
1783532919.2992,81,right_handIndex_1_joint,-0.40792227,-0.041840527,0.20006211,0.11096079,0.3867058,0.5184497,0.75455666
1783532919.2992,81,right_handIndex_2_joint,-0.41554832,-0.08237978,0.22193828,0.11096079,0.3867058,0.5184497,0.75455666
1783532919.2992,81,right_handIndex_3_joint,-0.41981962,-0.10508176,0.23418951,0.11096079,0.3867058,0.5184497,0.75455666
1783532919.2992,81,right_handIndexEnd_joint,-0.42287043,-0.121297196,0.24294032,0.11096079,0.3867058,0.5184497,0.75455666
1783532919.2992,81,right_handMidStart_joint,-0.40375975,0.024738416,0.15387471,0.14553359,0.33495107,0.5095275,0.7791078
1783532919.2992,81,right_handMid_1_joint,-0.42324856,-0.04302548,0.18227549,0.14553359,0.33495107,0.5095275,0.7791078
1783532919.2992,81,right_handMid_2_joint,-0.4369435,-0.09064259,0.20223291,0.14553359,0.33495107,0.5095275,0.7791078
1783532919.2992,81,right_handMid_3_joint,-0.44484428,-0.11811425,0.21374676,0.14553359,0.33495107,0.5095275,0.7791078
1783532919.2992,81,right_handMidEnd_joint,-0.4501116,-0.13642825,0.22142269,0.1455336,0.33495107,0.5095275,0.7791078
1783532919.2992,81,right_handPinkyStart_joint,-0.41996914,0.020870937,0.13170932,0.2066593,0.244614,0.5194879,0.7922044
1783532919.2992,81,right_handPinky_1_joint,-0.441597,-0.03781538,0.14268568,0.2066593,0.244614,0.5194879,0.7922044
1783532919.2992,81,right_handPinky_2_joint,-0.45495605,-0.07406336,0.14946572,0.2066593,0.244614,0.5194879,0.7922044
1783532919.2992,81,right_handPinky_3_joint,-0.46195295,-0.09305031,0.15301658,0.20665932,0.244614,0.5194879,0.7922044
1783532919.2992,81,right_handPinkyEnd_joint,-0.4683141,-0.11031088,0.15624481,0.2066593,0.244614,0.5194879,0.7922044
1783532919.2992,81,right_handRingStart_joint,-0.4113429,0.022447309,0.1437086,0.17710066,0.29067013,0.51502097,0.7867015
1783532919.2992,81,right_handRing_1_joint,-0.43233535,-0.0413471,0.16291225,0.17710066,0.29067013,0.51502097,0.7867015
1783532919.2992,81,right_handRing_2_joint,-0.44715324,-0.086378135,0.1764675,0.17710066,0.29067013,0.51502097,0.7867015
1783532919.2992,81,right_handRing_3_joint,-0.45641494,-0.11452276,0.18493995,0.17710066,0.29067013,0.51502097,0.7867015
1783532919.2992,81,right_handRingEnd_joint,-0.4625888,-0.13328658,0.19058779,0.17710066,0.29067013,0.51502097,0.7867015
1783532919.2992,81,right_handThumbStart_joint,-0.38506222,0.024530215,0.15713517,0.37900478,0.82895756,0.1158617,0.3946651
1783532919.2992,81,right_handThumb_1_joint,-0.3635215,-0.0141231315,0.18755214,0.37900478,0.82895756,0.1158617,0.3946651
1783532919.2992,81,right_handThumb_2_joint,-0.3481237,-0.041749954,0.20929502,0.37900478,0.82895756,0.11586168,0.3946651
1783532919.2992,81,right_handThumbEnd_joint,-0.33785835,-0.06016814,0.22378953,0.37900478,0.82895756,0.11586166,0.3946651
1783532919.2992,81,camera,0.10945492,0.07161689,-0.025533836,-0.07417589,-0.07869817,-0.69692886,0.70893914
1783532919.3325,82,root,-0.00040684905,0.021141931,-0.0040962873,-0.063808106,-0.004186733,-0.00841711,0.9979179
1783532919.3325,82,hips_joint,-0.00040684905,0.021141931,-0.0040962873,-0.063808106,-0.004186733,-0.00841711,0.9979179
1783532919.3325,82,left_upLeg_joint,0.09967543,-0.0051427437,0.0009816342,0.61128736,-0.36612552,0.61359215,-0.34027112
1783532919.3325,82,left_leg_joint,0.090795964,-0.36947557,0.21195248,-0.29689613,0.64354837,-0.3646443,0.603931
1783532919.3325,82,left_foot_joint,0.04769946,-0.74564415,-0.044502717,0.63058555,-0.32351595,0.65948796,-0.2505491
1783532919.3325,82,left_toes_joint,0.03590005,-0.85570073,0.05529104,0.6804735,-0.19813377,0.69502175,-0.12101099
1783532919.3325,82,left_toesEnd_joint,0.033193488,-0.8822615,0.10975996,0.68047357,-0.19813356,0.69502175,-0.121011205
1783532919.3325,82,right_upLeg_joint,-0.10136894,-0.0018674206,-0.00091470446,0.3682069,0.5747491,0.41044566,0.60466653
1783532919.3325,82,right_leg_joint,-0.10237781,-0.3891125,0.16449288,0.6139053,0.30843544,0.6550791,0.3144189
1783532919.3325,82,right_foot_joint,-0.080187336,-0.7506769,-0.114627495,0.29306445,0.62138915,0.32178694,0.651492
1783532919.3325,82,right_toes_joint,-0.08326595,-0.86744285,-0.022071103,0.1699774,0.6656719,0.19247293,0.7006731
1783532919.3325,82,right_toesEnd_joint,-0.085672356,-0.8975313,0.030545516,0.16997787,0.665672,0.19247246,0.700673
1783532919.3325,82,spine_1_joint,-0.0004068688,0.021141931,-0.004096288,0.460983,0.5362413,0.4619082,0.5353325
1783532919.3325,82,spine_2_joint,-0.0005120591,0.07805856,-0.012629719,0.46641785,0.53461653,0.46589208,0.5287572
1783532919.3325,82,spine_3_joint,-0.00084245,0.13511631,-0.020155553,0.4882529,0.5142323,0.4859678,0.51089126
1783532919.3325,82,spine_4_joint,-0.00090605055,0.18810177,-0.022855127,0.5234389,0.47804645,0.5164148,0.48041588
1783532919.3325,82,spine_5_joint,-0.00023350991,0.25834614,-0.017348733,0.5707421,0.42130995,0.5580182,0.43054274
1783532919.3325,82,spine_6_joint,0.0018556472,0.3484149,0.008910239,0.58480114,0.40049452,0.57469845,0.40906402
1783532919.3325,82,spine_7_joint,0.0038559886,0.44867623,0.046486206,0.5731569,0.41871986,0.5653129,0.4202213
1783532919.3325,82,left_shoulder_1_joint,0.09434412,0.5566609,0.07399642,-0.5843092,0.038206488,-0.06288394,0.8081884
1783532919.3325,82,left_arm_joint,0.23782325,0.53544116,0.07569803,-0.40123755,0.38142467,-0.3617885,0.75008833
1783532919.3325,82,left_forearm_joint,0.35678527,0.30966374,0.00072230335,-0.5176978,0.21230331,-0.5118025,0.6519006
1783532919.3325,82,left_hand_joint,0.460214,0.07194555,0.0685501,0.80577576,-0.477564,0.28097546,-0.20907101
1783532919.3325,82,left_handIndexStart_joint,0.45879072,0.048893373,0.08749934,0.78566617,-0.49056733,0.33230686,-0.17788894
1783532919.3325,82,left_handIndex_1_joint,0.48270977,-0.02250845,0.11541781,0.78566617,-0.49056733,0.33230686,-0.17788894
1783532919.3325,82,left_handIndex_2_joint,0.49661615,-0.06402114,0.13164948,0.78566617,-0.49056733,0.33230686,-0.17788894
1783532919.3325,82,left_handIndex_3_joint,0.50440377,-0.08726825,0.14073922,0.78566617,-0.49056733,0.33230686,-0.17788894
1783532919.3325,82,left_handIndexEnd_joint,0.5099663,-0.10387332,0.14723188,0.78566617,-0.49056733,0.33230686,-0.17788894
1783532919.3325,82,left_handMidStart_joint,0.46774682,0.04813127,0.0784118,0.8064682,-0.47718176,0.27860123,-0.21044664
1783532919.3325,82,left_handMid_1_joint,0.4973438,-0.019288229,0.097303286,0.8064682,-0.47718176,0.27860123,-0.21044664
1783532919.3325,82,left_handMid_2_joint,0.5181417,-0.0666641,0.11057837,0.8064682,-0.47718176,0.27860123,-0.21044664
1783532919.3325,82,left_handMid_3_joint,0.53014046,-0.09399633,0.118237086,0.8064682,-0.47718176,0.27860123,-0.21044664
1783532919.3325,82,left_handMidEnd_joint,0.5381397,-0.112217814,0.12334289,0.8064682,-0.47718176,0.27860123,-0.21044664
1783532919.3325,82,left_handPinkyStart_joint,0.48344597,0.049393065,0.055587538,0.8148713,-0.48130172,0.18361366,-0.26574275
1783532919.3325,82,left_handPinky_1_joint,0.51324517,-0.0066142464,0.058345918,0.8148713,-0.48130172,0.18361366,-0.26574275
1783532919.3325,82,left_handPinky_2_joint,0.5316506,-0.041206997,0.06004962,0.8148713,-0.48130172,0.18361366,-0.26574275
1783532919.3325,82,left_handPinky_3_joint,0.54129153,-0.05932701,0.060942035,0.8148713,-0.48130172,0.18361366,-0.26574275
1783532919.3325,82,left_handPinkyEnd_joint,0.55005604,-0.07579975,0.061753318,0.8148713,-0.48130172,0.18361366,-0.26574275
1783532919.3325,82,left_handRingStart_joint,0.47516432,0.048223075,0.06787267,0.8116947,-0.479753,0.23187254,-0.23921515
1783532919.3325,82,left_handRing_1_joint,0.50535023,-0.013928041,0.078133225,0.8116947,-0.479753,0.23187254,-0.23921515
1783532919.3325,82,left_handRing_2_joint,0.526658,-0.057799414,0.08537597,0.8116947,-0.479753,0.23187254,-0.23921515
1783532919.3325,82,left_handRing_3_joint,0.5399753,-0.085219026,0.08990269,0.8116947,-0.479753,0.23187254,-0.23921515
1783532919.3325,82,left_handRingEnd_joint,0.5488535,-0.10349877,0.09292051,0.8116947,-0.479753,0.23187254,-0.23921515
1783532919.3325,82,left_handThumbStart_joint,0.44939262,0.044907253,0.08201865,0.38909316,-0.14729986,0.7854655,-0.45820642
1783532919.3325,82,left_handThumb_1_joint,0.43450427,9.9606514e-05,0.107589565,0.38909316,-0.14729986,0.7854655,-0.45820642
1783532919.3325,82,left_handThumb_2_joint,0.423861,-0.03192691,0.12586854,0.38909316,-0.14729981,0.7854655,-0.45820642
1783532919.3325,82,left_handThumbEnd_joint,0.41676548,-0.05327793,0.13805452,0.38909316,-0.1472998,0.7854655,-0.45820642
1783532919.3325,82,neck_1_joint,0.0051994394,0.57866096,0.07977663,0.61292064,0.35626894,0.6075198,0.3582181
1783532919.3325,82,neck_2_joint,0.005438962,0.6048203,0.094461,0.6017346,0.37251467,0.600416,0.37235612
1783532919.3325,82,neck_3_joint,0.005497646,0.6406382,0.11226764,0.5833174,0.3975572,0.58950496,0.3926487
1783532919.3325,82,neck_4_joint,0.005052223,0.6777078,0.12728909,0.566374,0.41948763,0.5780008,0.41129768
1783532919.3325,82,head_joint,0.0041524456,0.7216033,0.14215459,0.5084647,0.48640463,0.5289242,0.47446108
1783532919.3325,82,jaw_joint,0.0049336194,0.69630665,0.14523181,0.5084647,0.48640463,0.5289242,0.47446108
1783532919.3325,82,chin_joint,0.005841784,0.6388199,0.24111947,0.5084647,0.48640463,0.5289242,0.47446108
1783532919.3325,82,left_eye_joint,0.03472572,0.7485021,0.23130718,0.51268756,0.4819517,0.533042,0.46983021
1783532919.3325,82,left_eyeLowerLid_joint,0.03472572,0.7485021,0.23130718,0.51268756,0.4819517,0.533042,0.46983021
1783532919.3325,82,left_eyeUpperLid_joint,0.03472572,0.7485021,0.23130718,0.51268756,0.4819517,0.533042,0.46983021
1783532919.3325,82,left_eyeball_joint,0.03472572,0.7485021,0.23130718,0.51268756,0.4819517,0.533042,0.46983021
1783532919.3325,82,nose_joint,0.0033528917,0.7131779,0.25182852,0.5126901,0.48194906,0.5330444,0.46982744
1783532919.3325,82,right_eye_joint,-0.029872987,0.74643064,0.2306771,0.51268756,0.4819517,0.533042,0.46983021
1783532919.3325,82,right_eyeLowerLid_joint,-0.029872987,0.74643064,0.2306771,0.51268756,0.4819517,0.533042,0.46983021
1783532919.3325,82,right_eyeUpperLid_joint,-0.029872987,0.74643064,0.2306771,0.51268756,0.4819517,0.533042,0.46983021
1783532919.3325,82,right_eyeball_joint,-0.029872987,0.74643064,0.2306771,0.51268756,0.4819517,0.533042,0.46983021
1783532919.3325,82,right_shoulder_1_joint,-0.08437591,0.55814224,0.07536723,0.7915531,0.09726523,0.04503947,0.60162646
1783532919.3325,82,right_arm_joint,-0.22609214,0.52794665,0.08200068,0.7092425,0.4376984,0.34524152,0.43151274
1783532919.3325,82,right_forearm_joint,-0.32675627,0.28355324,0.05221692,0.5775323,0.59229845,0.20083803,0.5246928
1783532919.3325,82,right_hand_joint,-0.38509163,0.043746337,0.15660985,0.14546996,0.35216329,0.51685053,0.7666059
1783532919.3325,82,right_handIndexStart_joint,-0.37976485,0.024151001,0.1769462,0.10985362,0.40369084,0.52611315,0.7403853
1783532919.3325,82,right_handIndex_1_joint,-0.3894403,-0.04553804,0.21567032,0.10985362,0.40369084,0.52611315,0.7403853
1783532919.3325,82,right_handIndex_2_joint,-0.3950651,-0.08605529,0.23818405,0.10985362,0.40369084,0.52611315,0.7403853
1783532919.3325,82,right_handIndex_3_joint,-0.3982157,-0.108744964,0.25079235,0.10985362,0.40369084,0.52611315,0.7403853
1783532919.3325,82,right_handIndexEnd_joint,-0.40046602,-0.12495161,0.2597982,0.10985362,0.40369084,0.52611315,0.7403853
1783532919.3325,82,right_handMidStart_joint,-0.38890013,0.02063795,0.16872558,0.14494029,0.35285282,0.51725346,0.7661172
1783532919.3325,82,right_handMid_1_joint,-0.40531093,-0.04738377,0.19842564,0.14494029,0.35285282,0.51725346,0.7661172
1783532919.3325,82,right_handMid_2_joint,-0.41684303,-0.09518206,0.21929607,0.14494029,0.35285282,0.51725346,0.7661172
1783532919.3325,82,right_handMid_3_joint,-0.42349598,-0.122758254,0.23133664,0.14494029,0.35285282,0.51725346,0.7661172
1783532919.3325,82,right_handMidEnd_joint,-0.42793143,-0.14114194,0.23936372,0.14494032,0.35285282,0.51725346,0.7661172
1783532919.3325,82,right_handPinkyStart_joint,-0.40571675,0.016037013,0.14716083,0.2075454,0.26375633,0.52684325,0.78089267
1783532919.3325,82,right_handPinky_1_joint,-0.4251313,-0.043164566,0.15943186,0.2075454,0.26375633,0.52684325,0.78089267
1783532919.3325,82,right_handPinky_2_joint,-0.43712324,-0.079730816,0.16701159,0.2075454,0.26375633,0.52684325,0.78089267
1783532919.3325,82,right_handPinky_3_joint,-0.4434041,-0.098884456,0.1709813,0.20754541,0.26375633,0.52684325,0.78089267
1783532919.3325,82,right_handPinkyEnd_joint,-0.4491143,-0.11629658,0.17459032,0.2075454,0.26375633,0.52684325,0.78089267
1783532919.3325,82,right_handRingStart_joint,-0.39674556,0.01800615,0.158845,0.17723638,0.30922773,0.522556,0.7745323
1783532919.3325,82,right_handRing_1_joint,-0.41509056,-0.046193026,0.17936619,0.17723638,0.30922773,0.522556,0.7745323
1783532919.3325,82,right_handRing_2_joint,-0.42803967,-0.09150977,0.19385143,0.17723638,0.30922773,0.522556,0.7745323
1783532919.3325,82,right_handRing_3_joint,-0.43613333,-0.11983297,0.20290515,0.17723638,0.30922773,0.522556,0.7745323
1783532919.3325,82,right_handRingEnd_joint,-0.44152853,-0.13871583,0.20894048,0.17723638,0.30922773,0.522556,0.7745323
1783532919.3325,82,right_handThumbStart_joint,-0.37010622,0.021038933,0.17135234,0.3660394,0.84183294,0.11129779,0.38071626
1783532919.3325,82,right_handThumb_1_joint,-0.3463666,-0.01660623,0.20139478,0.3660394,0.84183294,0.11129779,0.38071626
1783532919.3325,82,right_handThumb_2_joint,-0.32939708,-0.04351238,0.22286989,0.3660394,0.84183294,0.11129777,0.38071626
1783532919.3325,82,right_handThumbEnd_joint,-0.3180839,-0.061450128,0.2371859,0.3660394,0.84183294,0.11129776,0.38071626
1783532919.3325,82,camera,0.109583475,0.0718011,-0.025554463,-0.07436571,-0.07803642,-0.69688904,0.7090315
1783532919.3660,83,root,-0.00033160794,0.02143317,-0.0041482733,-0.06585565,-0.005105886,-0.008260219,0.9977819
1783532919.3660,83,hips_joint,-0.00033160794,0.02143317,-0.0041482733,-0.06585565,-0.005105886,-0.008260219,0.9977819
1783532919.3660,83,left_upLeg_joint,0.099752165,-0.004788854,0.0012160918,0.6113322,-0.36225232,0.61773884,-0.3368157
1783532919.3660,83,left_leg_joint,0.08894837,-0.36653197,0.21650931,-0.29085797,0.64398634,-0.36428547,0.60661304
1783532919.3660,83,left_foot_joint,0.045575302,-0.73995835,-0.04387674,0.62610245,-0.32758448,0.6608594,-0.25288177
1783532919.3660,83,left_toes_joint,0.032446563,-0.85090375,0.054760113,0.6768428,-0.20297825,0.6968104,-0.12304138
1783532919.3660,83,left_toesEnd_joint,0.029202214,-0.8779729,0.10894864,0.6768428,-0.20297804,0.6968104,-0.12304159
1783532919.3660,83,right_upLeg_joint,-0.10128983,-0.0016047382,-0.0010516399,0.3665803,0.57221884,0.40905395,0.6089821
1783532919.3660,83,right_leg_joint,-0.105703205,-0.38805938,0.1661391,0.6127945,0.30203643,0.6604025,0.3116492
1783532919.3660,83,right_foot_joint,-0.08068078,-0.74558187,-0.11790458,0.29613617,0.6156668,0.32768548,0.6525945
1783532919.3660,83,right_toes_joint,-0.08472744,-0.86366487,-0.027072333,0.174078,0.6606355,0.1980556,0.7028736
1783532919.3660,83,right_toesEnd_joint,-0.08767971,-0.8945055,0.025078878,0.1740785,0.6606356,0.19805515,0.70287347
1783532919.3660,83,spine_1_joint,-0.00033162773,0.02143317,-0.0041482733,0.45987764,0.5368552,0.46177036,0.5357867
1783532919.3660,83,spine_2_joint,-0.00049799145,0.07832972,-0.012813663,0.46607268,0.5350146,0.46653852,0.52808875
1783532919.3660,83,spine_3_joint,-0.00094675715,0.13539103,-0.020306403,0.48870644,0.51426744,0.4874106,0.5090446
1783532919.3660,83,spine_4_joint,-0.0011632174,0.18838575,-0.02280891,0.52453506,0.47776875,0.5183189,0.4774369
1783532919.3660,83,spine_5_joint,-0.0007313746,0.25859615,-0.016862487,0.5722101,0.42095265,0.55975926,0.42666703
1783532919.3660,83,spine_6_joint,0.0010510903,0.34847212,0.010071125,0.58638334,0.40057015,0.5759233,0.4049829
1783532919.3660,83,spine_7_joint,0.002740343,0.4484778,0.0483374,0.5744201,0.4199531,0.56571215,0.41671503
1783532919.3660,83,left_shoulder_1_joint,0.092861004,0.55677235,0.07583599,-0.5839905,0.038958166,-0.065164156,0.8082027
1783532919.3660,83,left_arm_joint,0.23623861,0.53489393,0.07774169,-0.39688432,0.3836362,-0.3730082,0.74576926
1783532919.3660,83,left_forearm_joint,0.34991497,0.30591303,0.004295897,-0.51427853,0.21503858,-0.53052056,0.6386117
1783532919.3660,83,left_hand_joint,0.44226104,0.06506872,0.076920725,0.7950474,-0.4910132,0.2942782,-0.20051612
1783532919.3660,83,left_handIndexStart_joint,0.43960905,0.04237877,0.09617269,0.7740922,-0.50343,0.34489268,-0.1684913
1783532919.3660,83,left_handIndex_1_joint,0.4601055,-0.029549383,0.12543067,0.7740922,-0.50343,0.34489268,-0.1684913
1783532919.3660,83,left_handIndex_2_joint,0.47202206,-0.071368076,0.14244112,0.7740922,-0.50343,0.34489268,-0.1684913
1783532919.3660,83,left_handIndex_3_joint,0.47869533,-0.09478655,0.15196697,0.7740922,-0.50343,0.34489268,-0.1684913
1783532919.3660,83,left_handIndexEnd_joint,0.48346195,-0.111514024,0.15877114,0.7740922,-0.50343,0.34489268,-0.1684913
1783532919.3660,83,left_handMidStart_joint,0.44864544,0.041105762,0.08722287,0.795774,-0.4906534,0.29193565,-0.20193394
1783532919.3660,83,left_handMid_1_joint,0.4751036,-0.027216544,0.10747859,0.795774,-0.4906534,0.29193565,-0.20193394
1783532919.3660,83,left_handMid_2_joint,0.49369583,-0.07522681,0.12171233,0.795774,-0.4906534,0.29193565,-0.20193394
1783532919.3660,83,left_handMid_3_joint,0.5044221,-0.10292504,0.1299241,0.795774,-0.4906534,0.29193565,-0.20193394
1783532919.3660,83,left_handMidEnd_joint,0.51157296,-0.12139053,0.13539863,0.795774,-0.4906534,0.29193565,-0.20193394
1783532919.3660,83,left_handPinkyStart_joint,0.46468753,0.041367806,0.06460457,0.80513644,-0.49525833,0.19823045,-0.259191
1783532919.3660,83,left_handPinky_1_joint,0.49204695,-0.015799938,0.068571635,0.80513644,-0.49525833,0.19823045,-0.259191
1783532919.3660,83,left_handPinky_2_joint,0.5089454,-0.051109426,0.071021885,0.80513644,-0.49525833,0.19823045,-0.259191
1783532919.3660,83,left_handPinky_3_joint,0.517797,-0.06960487,0.07230535,0.80513644,-0.49525833,0.19823045,-0.259191
1783532919.3660,83,left_handPinkyEnd_joint,0.52584386,-0.08641891,0.07347213,0.80513644,-0.49525833,0.19823045,-0.259191
1783532919.3660,83,left_handRingStart_joint,0.45620033,0.04072931,0.07678814,0.8014719,-0.4934754,0.24588232,-0.23166253
1783532919.3660,83,left_handRing_1_joint,0.48358545,-0.022481875,0.08834829,0.8014719,-0.4934754,0.24588232,-0.23166253
1783532919.3660,83,left_handRing_2_joint,0.50291616,-0.06710153,0.0965084,0.8014719,-0.4934754,0.24588232,-0.23166253
1783532919.3660,83,left_handRing_3_joint,0.51499784,-0.09498882,0.10160846,0.8014719,-0.4934754,0.24588232,-0.23166253
1783532919.3660,83,left_handRingEnd_joint,0.5230523,-0.113580346,0.105008505,0.8014719,-0.4934754,0.24588232,-0.23166253
1783532919.3660,83,left_handThumbStart_joint,0.4301245,0.03871228,0.09061818,0.38381332,-0.14668043,0.79866415,-0.4396687
1783532919.3660,83,left_handThumb_1_joint,0.41301024,-0.00504591,0.1166103,0.38381332,-0.14668043,0.79866415,-0.4396687
1783532919.3660,83,left_handThumb_2_joint,0.40077594,-0.036322217,0.13519031,0.38381332,-0.14668041,0.79866415,-0.4396687
1783532919.3660,83,left_handThumbEnd_joint,0.39261973,-0.05717309,0.14757697,0.38381332,-0.14668038,0.79866415,-0.4396687
1783532919.3660,83,neck_1_joint,0.003644722,0.57833296,0.08214474,0.6146588,0.35708743,0.6072516,0.3548652
1783532919.3660,83,neck_2_joint,0.0038687782,0.6044317,0.096936814,0.60363716,0.3732353,0.6000563,0.3691216
1783532919.3660,83,neck_3_joint,0.0039190226,0.6401751,0.11489259,0.5852756,0.39828894,0.58915675,0.38950437
1783532919.3660,83,neck_4_joint,0.003459833,0.67718214,0.13006729,0.5683004,0.42028672,0.57775235,0.40816277
1783532919.3660,83,head_joint,0.0025278884,0.7210153,0.14511374,0.5102851,0.48740605,0.52906346,0.4713142
1783532919.3660,83,jaw_joint,0.0033951383,0.69570875,0.14808486,0.5102851,0.48740605,0.52906346,0.4713142
1783532919.3660,83,chin_joint,0.0050145774,0.6378418,0.24373432,0.5102851,0.48740605,0.52906346,0.4713142
1783532919.3660,83,left_eye_joint,0.033545136,0.7476407,0.23419502,0.51451665,0.48293728,0.5331537,0.46668229
1783532919.3660,83,left_eyeLowerLid_joint,0.033545136,0.7476407,0.23419502,0.51451665,0.48293728,0.5331537,0.46668229
1783532919.3660,83,left_eyeUpperLid_joint,0.033545136,0.7476407,0.23419502,0.51451665,0.48293728,0.5331537,0.46668229
1783532919.3660,83,left_eyeball_joint,0.033545136,0.7476407,0.23419502,0.51451665,0.48293728,0.5331537,0.46668229
1783532919.3660,83,nose_joint,0.00238727,0.7121495,0.25475585,0.51451916,0.48293456,0.5331562,0.4666795
1783532919.3660,83,right_eye_joint,-0.031050358,0.745396,0.23393072,0.51451665,0.48293728,0.5331537,0.46668229
1783532919.3660,83,right_eyeLowerLid_joint,-0.031050358,0.745396,0.23393072,0.51451665,0.48293728,0.5331537,0.46668229
1783532919.3660,83,right_eyeUpperLid_joint,-0.031050358,0.745396,0.23393072,0.51451665,0.48293728,0.5331537,0.46668229
1783532919.3660,83,right_eyeball_joint,-0.031050358,0.745396,0.23393072,0.51451665,0.48293728,0.5331537,0.46668229
1783532919.3660,83,right_shoulder_1_joint,-0.08585512,0.5574145,0.07809473,0.7914019,0.10656179,0.043333124,0.6003753
1783532919.3660,83,right_arm_joint,-0.22706538,0.5254023,0.08670577,0.70683,0.4528695,0.34078327,0.423282
1783532919.3660,83,right_forearm_joint,-0.32216918,0.27838168,0.060541075,0.5679587,0.6121635,0.20235917,0.51159567
1783532919.3660,83,right_hand_joint,-0.36735266,0.036559828,0.16679068,0.14570594,0.3671127,0.5300204,0.75038445
1783532919.3660,83,right_handIndexStart_joint,-0.3606018,0.017235223,0.18696256,0.10919816,0.41749242,0.53926,0.72317
1783532919.3660,83,right_handIndex_1_joint,-0.36620715,-0.052725706,0.22599836,0.10919816,0.41749242,0.53926,0.72317
1783532919.3660,83,right_handIndex_2_joint,-0.36946562,-0.09340101,0.24869329,0.10919816,0.41749242,0.53926,0.72317
1783532919.3660,83,right_handIndex_3_joint,-0.37129107,-0.11617921,0.26140308,0.10919816,0.41749242,0.53926,0.72317
1783532919.3660,83,right_handIndexEnd_joint,-0.37259486,-0.1324491,0.27048144,0.10919816,0.41749242,0.53926,0.72317
1783532919.3660,83,right_handMidStart_joint,-0.36983305,0.013335358,0.17902859,0.14516872,0.3677838,0.5304208,0.74987674
1783532919.3660,83,right_handMid_1_joint,-0.38251078,-0.05525215,0.20925106,0.14516872,0.3677838,0.5304208,0.74987674
1783532919.3660,83,right_handMid_2_joint,-0.39141962,-0.103448026,0.23048861,0.14516872,0.3677838,0.5304208,0.74987674
1783532919.3660,83,right_handMid_3_joint,-0.39655918,-0.13125359,0.24274099,0.14516872,0.3677838,0.5304208,0.74987674
1783532919.3660,83,right_handMidEnd_joint,-0.39998573,-0.14979018,0.25090927,0.14516872,0.3677838,0.5304208,0.74987674
1783532919.3660,83,right_handPinkyStart_joint,-0.38710076,0.0080096675,0.15799361,0.20972544,0.280237,0.5393974,0.7658546
1783532919.3660,83,right_handPinky_1_joint,-0.40367672,-0.051918786,0.17088363,0.20972544,0.280237,0.5393974,0.7658546
1783532919.3660,83,right_handPinky_2_joint,-0.41391537,-0.088934,0.1788457,0.20972544,0.280237,0.5393974,0.7658546
1783532919.3660,83,right_handPinky_3_joint,-0.41927782,-0.10832279,0.18301569,0.20972545,0.280237,0.5393974,0.7658546
1783532919.3660,83,right_handPinkyEnd_joint,-0.42415318,-0.12594871,0.18680677,0.20972544,0.280237,0.5393974,0.7658546
1783532919.3660,83,right_handRingStart_joint,-0.3778634,0.010366163,0.1693953,0.17842853,0.32496977,0.535422,0.75886863
1783532919.3660,83,right_handRing_1_joint,-0.39291206,-0.054497436,0.19050096,0.17842853,0.32496977,0.535422,0.75886863
1783532919.3660,83,right_handRing_2_joint,-0.40353435,-0.10028316,0.20539878,0.17842853,0.32496977,0.535422,0.75886863
1783532919.3660,83,right_handRing_3_joint,-0.41017374,-0.1288995,0.2147104,0.17842853,0.32496977,0.535422,0.75886863
1783532919.3660,83,right_handRingEnd_joint,-0.41459942,-0.14797777,0.22091764,0.17842853,0.32496977,0.535422,0.75886863
1783532919.3660,83,right_handThumbStart_joint,-0.3509997,0.014513221,0.18107559,0.35010403,0.8550013,0.11300234,0.3655554
1783532919.3660,83,right_handThumb_1_joint,-0.32481933,-0.022072166,0.21039078,0.35010403,0.8550013,0.113002315,0.3655554
1783532919.3660,83,right_handThumb_2_joint,-0.30610523,-0.04822077,0.23134603,0.35010403,0.8550013,0.1130023,0.3655554
1783532919.3660,83,right_handThumbEnd_joint,-0.29362902,-0.06565347,0.24531545,0.35010403,0.8550013,0.11300228,0.3655554
1783532919.3660,83,camera,0.10972333,0.07223029,-0.025371684,-0.07454519,-0.076671205,-0.697018,0.7090348
